# Time-averaged data for fix AveAll
# TimeStep v_TotEn v_PotEn c_T c_P
100000 5461.22 133.485 11995.6 0.993115
200000 5461.22 124.168 12016.6 0.993846
300000 5461.22 129.135 12005.4 0.99355
400000 5461.24 124.115 12016.7 0.993793
500000 5461.24 123.061 12019.1 0.993955
600000 5461.22 128.167 12007.6 0.993639
700000 5461.23 120.705 12024.4 0.994115
800000 5461.23 126.724 12010.8 0.993609
900000 5461.23 124.341 12016.2 0.993843
1000000 5461.22 125.48 12013.6 0.993779
1100000 5461.22 123.73 12017.6 0.993886
1200000 5461.22 125.378 12013.9 0.993807
1300000 5461.22 124.163 12016.6 0.993842
1400000 5461.23 123.593 12017.9 0.993906
1500000 5461.23 124.544 12015.8 0.993756
1600000 5461.22 125.683 12013.2 0.993743
1700000 5461.21 121.137 12023.4 0.994095
1800000 5461.23 124.878 12015 0.993805
1900000 5461.24 120.598 12024.7 0.994085
2000000 5461.22 122.752 12019.8 0.993977
2100000 5461.23 122.299 12020.8 0.993921
2200000 5461.23 131.85 11999.3 0.993277
2300000 5461.23 124.278 12016.3 0.993828
2400000 5461.23 126.998 12010.2 0.993707
2500000 5461.23 130.606 12002.1 0.993376
2600000 5461.22 126.444 12011.5 0.993646
2700000 5461.21 129.05 12005.6 0.99355
2800000 5461.2 135.759 11990.4 0.993073
2900000 5461.23 126.54 12011.3 0.993727
3000000 5461.22 135.028 11992.1 0.993048
3100000 5461.22 124.341 12016.2 0.993911
3200000 5461.22 124.497 12015.8 0.993882
3300000 5461.23 124.28 12016.3 0.993881
3400000 5461.22 129.535 12004.5 0.993478
3500000 5461.22 129.066 12005.6 0.993453
3600000 5461.23 124.824 12015.1 0.993859
3700000 5461.24 125.664 12013.3 0.993732
3800000 5461.22 126.343 12011.7 0.993714
3900000 5461.23 131.477 12000.1 0.993364
4000000 5461.23 125.868 12012.8 0.993743
4100000 5461.22 127.686 12008.7 0.993638
4200000 5461.22 125.892 12012.7 0.993785
4300000 5461.22 129.651 12004.2 0.993491
4400000 5461.21 131.081 12001 0.993416
4500000 5461.23 129.556 12004.5 0.993484
4600000 5461.21 124.017 12016.9 0.993923
4700000 5461.22 126.066 12012.3 0.993749
4800000 5461.23 128.202 12007.5 0.993565
4900000 5461.23 127.543 12009 0.993589
5000000 5461.22 126.762 12010.7 0.993707
5100000 5461.23 127.241 12009.7 0.993662
5200000 5461.22 126.073 12012.3 0.993736
5300000 5461.22 129.712 12004.1 0.99354
5400000 5461.23 127.961 12008 0.993552
5500000 5461.22 128.518 12006.8 0.99359
5600000 5461.21 124.57 12015.7 0.993863
5700000 5461.23 125.871 12012.8 0.993682
5800000 5461.23 129.26 12005.1 0.993434
5900000 5461.23 125.502 12013.6 0.993726
6000000 5461.22 130.404 12002.5 0.993396
6100000 5461.21 128.542 12006.7 0.993581
6200000 5461.23 132.931 11996.9 0.993119
6300000 5461.22 126.789 12010.7 0.993639
6400000 5461.23 132.238 11998.4 0.99334
6500000 5461.21 124.997 12014.7 0.993829
6600000 5461.23 125.318 12014 0.993783
6700000 5461.24 121.889 12021.7 0.994063
6800000 5461.22 125.72 12013.1 0.993754
6900000 5461.23 131.017 12001.2 0.99328
7000000 5461.22 122.65 12020 0.993961
7100000 5461.23 125.746 12013 0.993746
7200000 5461.23 122.4 12020.6 0.994017
7300000 5461.22 130.44 12002.5 0.993473
7400000 5461.23 128.863 12006 0.993481
7500000 5461.22 128.178 12007.6 0.993545
7600000 5461.23 124.216 12016.5 0.99387
7700000 5461.23 124.718 12015.4 0.993806
7800000 5461.22 127.004 12010.2 0.993881
7900000 5461.22 125.997 12012.5 0.993769
8000000 5461.23 126.921 12010.4 0.993676
8100000 5461.22 125.227 12014.2 0.99383
8200000 5461.22 123.163 12018.9 0.993928
8300000 5461.23 127.077 12010 0.993684
8400000 5461.23 124.676 12015.5 0.993854
8500000 5461.22 127.639 12008.8 0.993561
8600000 5461.23 124.165 12016.6 0.993832
8700000 5461.23 123.38 12018.4 0.993924
8800000 5461.23 122.12 12021.2 0.994014
8900000 5461.22 129.505 12004.6 0.993489
9000000 5461.22 128.048 12007.8 0.993599
9100000 5461.22 126.957 12010.3 0.993664
9200000 5461.22 123.199 12018.8 0.993943
9300000 5461.23 127.355 12009.4 0.993603
9400000 5461.22 131.252 12000.6 0.99331
9500000 5461.22 130.379 12002.6 0.993419
9600000 5461.22 128.211 12007.5 0.993535
9700000 5461.23 124.188 12016.5 0.993813
9800000 5461.22 126.566 12011.2 0.993652
9900000 5461.21 133.899 11994.6 0.993133
10000000 5461.21 127.658 12008.7 0.993613
10100000 5461.23 122.065 12021.3 0.994037
10200000 5461.22 128.613 12006.6 0.99352
10300000 5461.23 123.987 12017 0.993898
10400000 5461.23 128.894 12006 0.993505
10500000 5461.22 130.465 12002.4 0.993363
10600000 5461.22 126.032 12012.4 0.993723
10700000 5461.22 129.252 12005.1 0.99349
10800000 5461.22 124.573 12015.7 0.993833
10900000 5461.22 126.861 12010.5 0.993614
11000000 5461.22 131.043 12001.1 0.993413
11100000 5461.22 124.717 12015.4 0.993852
11200000 5461.23 126.616 12011.1 0.993697
11300000 5461.22 130.43 12002.5 0.993473
11400000 5461.21 130.377 12002.6 0.993441
11500000 5461.23 126.711 12010.9 0.993661
11600000 5461.22 127.834 12008.3 0.993622
11700000 5461.23 123.174 12018.8 0.993938
11800000 5461.21 129.426 12004.7 0.993498
11900000 5461.22 127.865 12008.2 0.993609
12000000 5461.22 125.781 12013 0.993756
12100000 5461.23 127.905 12008.2 0.993577
12200000 5461.22 129.225 12005.2 0.993495
12300000 5461.23 129.363 12004.9 0.993486
12400000 5461.21 128.019 12007.9 0.993579
12500000 5461.23 126.445 12011.5 0.993686
12600000 5461.22 130.604 12002.1 0.993382
12700000 5461.22 123.808 12017.4 0.993874
12800000 5461.22 127.161 12009.8 0.99371
12900000 5461.22 122.413 12020.5 0.993982
13000000 5461.22 126.049 12012.4 0.993701
13100000 5461.22 123.818 12017.4 0.993899
13200000 5461.24 125.612 12013.4 0.993751
13300000 5461.23 122.725 12019.9 0.993971
13400000 5461.22 124.607 12015.6 0.993885
13500000 5461.23 127.918 12008.2 0.993594
13600000 5461.24 123.726 12017.6 0.993893
13700000 5461.23 121.652 12022.3 0.99404
13800000 5461.22 126.991 12010.2 0.993693
13900000 5461.22 124.704 12015.4 0.99381
14000000 5461.23 129.679 12004.2 0.993485
14100000 5461.24 122.315 12020.8 0.994003
14200000 5461.22 126.955 12010.3 0.993636
14300000 5461.23 125.69 12013.2 0.993782
14400000 5461.24 121.11 12023.5 0.994038
14500000 5461.22 128.199 12007.5 0.993578
14600000 5461.22 123.186 12018.8 0.993957
14700000 5461.22 126.598 12011.1 0.993696
14800000 5461.22 126.787 12010.7 0.993684
14900000 5461.22 124.898 12014.9 0.993798
15000000 5461.23 121.359 12022.9 0.994013
15100000 5461.23 128.11 12007.7 0.993535
15200000 5461.21 128.103 12007.7 0.993591
15300000 5461.23 123.608 12017.9 0.993896
15400000 5461.22 125.98 12012.5 0.993764
15500000 5461.23 129.977 12003.5 0.993316
15600000 5461.21 124.348 12016.2 0.993867
15700000 5461.24 123.56 12018 0.993869
15800000 5461.22 127.745 12008.5 0.993604
15900000 5461.22 125.524 12013.5 0.993784
16000000 5461.23 123.047 12019.1 0.993937
16100000 5461.22 128.053 12007.8 0.993556
16200000 5461.22 128.443 12006.9 0.993608
16300000 5461.23 123.677 12017.7 0.993929
16400000 5461.23 124.255 12016.4 0.993884
16500000 5461.23 127.615 12008.8 0.993614
16600000 5461.23 125.184 12014.3 0.993805
16700000 5461.23 125.207 12014.3 0.993807
16800000 5461.23 127.46 12009.2 0.993593
16900000 5461.23 121.874 12021.8 0.99401
17000000 5461.23 126.647 12011 0.993706
17100000 5461.2 128.073 12007.8 0.99368
17200000 5461.23 124.519 12015.8 0.993828
17300000 5461.23 124.125 12016.7 0.993888
17400000 5461.22 130.174 12003.1 0.993444
17500000 5461.23 126.286 12011.8 0.99371
17600000 5461.22 126.732 12010.8 0.993688
17700000 5461.22 125.187 12014.3 0.993853
17800000 5461.23 122.408 12020.6 0.994005
17900000 5461.24 125.543 12013.5 0.993708
18000000 5461.22 126.729 12010.8 0.993646
18100000 5461.22 127.313 12009.5 0.993679
18200000 5461.23 119.903 12026.2 0.994176
18300000 5461.23 125.493 12013.6 0.993788
18400000 5461.22 131.047 12001.1 0.993353
18500000 5461.22 129.024 12005.6 0.993526
18600000 5461.22 128.05 12007.8 0.993604
18700000 5461.23 124.637 12015.5 0.993784
18800000 5461.23 127.386 12009.4 0.993563
18900000 5461.22 122.086 12021.3 0.994032
19000000 5461.22 126.759 12010.7 0.993761
19100000 5461.23 126.109 12012.2 0.993719
19200000 5461.22 122.148 12021.1 0.994037
19300000 5461.22 128.419 12007 0.993614
19400000 5461.23 130.199 12003 0.993383
19500000 5461.23 125.648 12013.3 0.99381
19600000 5461.22 123.741 12017.5 0.993889
19700000 5461.24 121.267 12023.2 0.994232
19800000 5461.22 126.676 12010.9 0.993733
19900000 5461.22 127.54 12009 0.993628
20000000 5461.21 133.819 11994.8 0.993136
20100000 5461.22 130.676 12001.9 0.996243
20200000 5461.22 122.73 12019.8 0.993996
20300000 5461.24 122.753 12019.8 0.993925
20400000 5461.22 124.804 12015.2 0.993786
20500000 5461.22 125.834 12012.8 0.993733
20600000 5461.23 125.42 12013.8 0.99373
20700000 5461.24 125.923 12012.7 0.993686
20800000 5461.22 126.409 12011.5 0.993678
20900000 5461.22 126.969 12010.3 0.993678
21000000 5461.23 124.799 12015.2 0.993854
21100000 5461.22 127.897 12008.2 0.993621
21200000 5461.22 122.299 12020.8 0.994026
21300000 5461.22 122.244 12020.9 0.993997
21400000 5461.22 121.809 12021.9 0.99407
21500000 5461.22 127.365 12009.4 0.993659
21600000 5461.22 125.25 12014.1 0.993835
21700000 5461.23 126.971 12010.3 0.99367
21800000 5461.24 125.747 12013.1 0.993729
21900000 5461.22 125.297 12014 0.99379
22000000 5461.22 122.816 12019.6 0.993968
22100000 5461.22 129.6 12004.4 0.99347
22200000 5461.23 125.116 12014.5 0.993801
22300000 5461.23 122.89 12019.5 0.993934
22400000 5461.22 125.031 12014.6 0.993798
22500000 5461.22 126.452 12011.4 0.993771
22600000 5461.22 124.091 12016.8 0.993878
22700000 5461.22 128.442 12007 0.994614
22800000 5461.22 125.841 12012.8 0.993749
22900000 5461.22 125.668 12013.2 0.993727
23000000 5461.22 126.903 12010.4 0.993705
23100000 5461.22 128.895 12005.9 0.993535
23200000 5461.22 128.616 12006.6 0.993585
23300000 5461.22 127.749 12008.5 0.993646
23400000 5461.22 131.132 12000.9 0.993376
23500000 5461.22 125.682 12013.2 0.993761
23600000 5461.23 125.644 12013.3 0.993704
23700000 5461.21 126.315 12011.7 0.993745
23800000 5461.23 127.093 12010 0.99366
23900000 5461.22 125.063 12014.6 0.993826
24000000 5461.22 128.161 12007.6 0.993553
24100000 5461.23 121.92 12021.7 0.994037
24200000 5461.22 123.399 12018.3 0.993942
24300000 5461.23 122.83 12019.6 0.993959
24400000 5461.22 126.667 12010.9 0.993684
24500000 5461.23 125.515 12013.6 0.993783
24600000 5461.23 130.526 12002.3 0.993377
24700000 5461.22 127.212 12009.7 0.993621
24800000 5461.24 126.354 12011.7 0.993665
24900000 5461.24 124.864 12015.1 0.993777
25000000 5461.24 121.053 12023.6 0.994081
25100000 5461.21 129.171 12005.3 0.993527
25200000 5461.22 125.424 12013.7 0.993803
25300000 5461.22 124.352 12016.2 0.993851
25400000 5461.23 123.26 12018.6 0.993955
25500000 5461.22 122.884 12019.5 0.99397
25600000 5461.23 123.924 12017.2 0.993852
25700000 5461.22 128.408 12007 0.993587
25800000 5461.22 126.859 12010.5 0.993666
25900000 5461.22 130.346 12002.7 0.995038
26000000 5461.22 126.766 12010.7 0.993664
26100000 5461.22 127.039 12010.1 0.993638
26200000 5461.23 120.962 12023.8 0.994075
26300000 5461.23 123.243 12018.7 0.993954
26400000 5461.21 128.018 12007.9 0.993589
26500000 5461.23 122.025 12021.4 0.994014
26600000 5461.23 126.59 12011.1 0.993735
26700000 5461.22 122.424 12020.5 0.993977
26800000 5461.21 131.055 12001.1 0.993378
26900000 5461.23 126.335 12011.7 0.993735
27000000 5461.24 125.719 12013.1 0.993776
27100000 5461.21 130.105 12003.2 0.993475
27200000 5461.23 123.304 12018.5 0.993932
27300000 5461.23 126.455 12011.4 0.993737
27400000 5461.23 121.836 12021.9 0.994045
27500000 5461.22 124.039 12016.9 0.993845
27600000 5461.23 126.463 12011.4 0.993709
27700000 5461.23 122.809 12019.7 0.99392
27800000 5461.22 122.737 12019.8 0.993962
27900000 5461.23 124.142 12016.7 0.994276
28000000 5461.2 135.841 11990.2 0.993775
28100000 5461.24 124.314 12016.3 0.993857
28200000 5461.22 124.359 12016.2 0.993884
28300000 5461.21 131.68 11999.6 0.993288
28400000 5461.22 129.715 12004.1 0.993466
28500000 5461.22 127.128 12009.9 0.993642
28600000 5461.23 131.16 12000.9 0.993305
28700000 5461.23 123.242 12018.7 0.993925
28800000 5461.22 128.488 12006.9 0.993944
28900000 5461.23 127.721 12008.6 0.993632
29000000 5461.22 129.477 12004.6 0.993384
29100000 5461.22 125.061 12014.6 0.993808
29200000 5461.22 127.426 12009.3 0.993622
29300000 5461.23 127.394 12009.3 0.993629
29400000 5461.23 124.151 12016.6 0.993838
29500000 5461.23 126.966 12010.3 0.993646
29600000 5461.23 126.002 12012.5 0.993784
29700000 5461.21 125.087 12014.5 0.993831
29800000 5461.23 125.918 12012.7 0.993702
29900000 5461.22 132.292 11998.3 0.993275
30000000 5461.23 124.454 12016 0.993859
30100000 5461.22 127.376 12009.4 0.993622
30200000 5461.23 131.172 12000.8 0.993288
30300000 5461.22 126.117 12012.2 0.99371
30400000 5461.22 122.426 12020.5 0.994014
30500000 5461.23 126.383 12011.6 0.993716
30600000 5461.23 129.308 12005 0.993758
30700000 5461.23 128.858 12006 0.993524
30800000 5461.21 133.197 11996.2 0.993252
30900000 5461.22 127.444 12009.2 0.993698
31000000 5461.24 124.316 12016.3 0.993852
31100000 5461.22 134.326 11993.7 0.993072
31200000 5461.23 121.48 12022.7 0.994015
31300000 5461.22 125.87 12012.7 0.993722
31400000 5461.23 127.302 12009.6 0.993598
31500000 5461.22 125.89 12012.7 0.993784
31600000 5461.22 128.453 12006.9 0.993595
31700000 5461.21 125.34 12013.9 0.993821
31800000 5461.21 127.026 12010.1 0.993674
31900000 5461.22 131.579 11999.9 0.993335
32000000 5461.23 129.663 12004.2 0.993472
32100000 5461.22 122.957 12019.3 0.993965
32200000 5461.22 130.05 12003.3 0.993451
32300000 5461.22 129.349 12004.9 0.993497
32400000 5461.22 127.994 12008 0.993603
32500000 5461.23 128.016 12007.9 0.993583
32600000 5461.23 125.232 12014.2 0.993799
32700000 5461.22 127.413 12009.3 0.993634
32800000 5461.22 126.706 12010.9 0.993702
32900000 5461.23 124.422 12016 0.993853
33000000 5461.22 130.14 12003.1 0.99347
33100000 5461.22 125.575 12013.4 0.993763
33200000 5461.24 125.119 12014.5 0.993773
33300000 5461.23 128.813 12006.1 0.993457
33400000 5461.22 132.153 11998.6 0.99326
33500000 5461.21 125.582 12013.4 0.993783
33600000 5461.22 129.398 12004.8 0.993505
33700000 5461.23 126.837 12010.6 0.993696
33800000 5461.22 128.455 12006.9 0.993566
33900000 5461.23 123.196 12018.8 0.993964
34000000 5461.24 126.44 12011.5 0.993661
34100000 5461.22 124.434 12016 0.993872
34200000 5461.22 127.117 12009.9 0.993661
34300000 5461.23 126.685 12010.9 0.993664
34400000 5461.21 126.203 12012 0.993769
34500000 5461.22 131.454 12000.2 0.993237
34600000 5461.21 130.86 12001.5 0.993413
34700000 5461.23 125.68 12013.2 0.993765
34800000 5461.24 133.568 11995.5 0.99308
34900000 5461.24 125.341 12014 0.993737
35000000 5461.23 123.966 12017.1 0.993916
35100000 5461.22 123.87 12017.3 0.993863
35200000 5461.22 133.204 11996.2 0.99321
35300000 5461.22 123.917 12017.2 0.993868
35400000 5461.23 123.937 12017.1 0.993879
35500000 5461.23 126.785 12010.7 0.993643
35600000 5461.24 125.911 12012.7 0.993671
35700000 5461.22 127.482 12009.1 0.993644
35800000 5461.22 124.487 12015.9 0.993858
35900000 5461.23 122.404 12020.6 0.99396
36000000 5461.24 122.707 12019.9 0.993946
36100000 5461.22 125.204 12014.3 0.993787
36200000 5461.23 125.975 12012.5 0.993715
36300000 5461.23 124.532 12015.8 0.993808
36400000 5461.2 136.164 11989.5 0.993058
36500000 5461.23 125.565 12013.5 0.993763
36600000 5461.23 124.361 12016.2 0.993846
36700000 5461.23 127.019 12010.2 0.993636
36800000 5461.23 124.457 12016 0.993799
36900000 5461.24 121.203 12023.3 0.99406
37000000 5461.23 124.384 12016.1 0.993861
37100000 5461.21 127.74 12008.5 0.99367
37200000 5461.23 125.621 12013.3 0.993806
37300000 5461.22 126.596 12011.1 0.994598
37400000 5461.22 138.358 11984.6 0.992815
37500000 5461.23 124.968 12014.8 0.993806
37600000 5461.22 128.586 12006.6 0.99358
37700000 5461.22 129.383 12004.8 0.993475
37800000 5461.23 123.109 12019 0.993941
37900000 5461.22 124.875 12015 0.993872
38000000 5461.22 128.476 12006.9 0.993531
38100000 5461.21 129.942 12003.6 0.993457
38200000 5461.23 135.233 11991.7 0.992875
38300000 5461.22 128.063 12007.8 0.993573
38400000 5461.24 123.411 12018.3 0.993905
38500000 5461.22 124.013 12016.9 0.993866
38600000 5461.23 125.816 12012.9 0.993773
38700000 5461.22 124.539 12015.7 0.993823
38800000 5461.23 124.54 12015.8 0.993883
38900000 5461.22 123.646 12017.8 0.993934
39000000 5461.23 124.293 12016.3 0.993863
39100000 5461.21 126.011 12012.4 0.993714
39200000 5461.21 126.197 12012 0.993714
39300000 5461.22 127.728 12008.6 0.99363
39400000 5461.23 125.729 12013.1 0.993777
39500000 5461.23 125.4 12013.8 0.993755
39600000 5461.24 126.683 12011 0.993639
39700000 5461.22 126.16 12012.1 0.993711
39800000 5461.22 127.152 12009.9 0.993706
39900000 5461.23 124.28 12016.4 0.993798
40000000 5461.22 130.436 12002.5 0.993417
40100000 5461.23 122.738 12019.8 0.99399
40200000 5461.22 132.759 11997.2 0.993286
40300000 5461.21 131.277 12000.5 0.993374
40400000 5461.23 128.162 12007.6 0.993541
40500000 5461.24 130.372 12002.7 0.99335
40600000 5461.24 126.223 12012 0.993679
40700000 5461.24 127.66 12008.8 0.993589
40800000 5461.23 125.075 12014.6 0.99377
40900000 5461.24 126.912 12010.5 0.993668
41000000 5461.23 126.167 12012.1 0.993695
41100000 5461.22 126.858 12010.5 0.993713
41200000 5461.22 125.196 12014.3 0.993785
41300000 5461.23 129.255 12005.1 0.993502
41400000 5461.22 124.82 12015.1 0.993758
41500000 5461.22 122.249 12020.9 0.994028
41600000 5461.23 124.399 12016.1 0.993862
41700000 5461.23 131.061 12001.1 0.993271
41800000 5461.21 128.58 12006.6 0.993529
41900000 5461.24 127.719 12008.6 0.993515
42000000 5461.23 127.947 12008.1 0.993586
42100000 5461.22 130.671 12001.9 0.993348
42200000 5461.22 129.803 12003.9 0.993444
42300000 5461.22 124.92 12014.9 0.993838
42400000 5461.22 128.491 12006.9 0.993587
42500000 5461.23 124.367 12016.1 0.993878
42600000 5461.23 129.124 12005.4 0.993482
42700000 5461.23 123.455 12018.2 0.993966
42800000 5461.23 130.122 12003.2 0.993342
42900000 5461.22 127.854 12008.3 0.993636
43000000 5461.22 126 12012.4 0.99372
43100000 5461.24 127.702 12008.7 0.993609
43200000 5461.2 135.824 11990.3 0.993069
43300000 5461.21 126.941 12010.3 0.993671
43400000 5461.23 124.941 12014.9 0.993808
43500000 5461.23 123.217 12018.7 0.993915
43600000 5461.22 126.344 12011.7 0.993749
43700000 5461.23 120.671 12024.5 0.994134
43800000 5461.23 125.753 12013 0.993728
43900000 5461.23 127.102 12010 0.993552
44000000 5461.23 131.091 12001 0.993342
44100000 5461.22 124.032 12016.9 0.993897
44200000 5461.24 122.078 12021.3 0.994012
44300000 5461.21 128.385 12007.1 0.99353
44400000 5461.22 126.404 12011.5 0.993718
44500000 5461.23 123.275 12018.6 0.993929
44600000 5461.23 128.969 12005.8 0.993519
44700000 5461.21 130.176 12003 0.993495
44800000 5461.22 126.313 12011.8 0.993723
44900000 5461.21 126.637 12011 0.993702
45000000 5461.23 125.164 12014.4 0.993733
45100000 5461.22 124.272 12016.3 0.993887
45200000 5461.23 126.743 12010.8 0.993703
45300000 5461.23 132.365 11998.1 0.996603
45400000 5461.23 127.779 12008.5 0.993618
45500000 5461.22 123.514 12018.1 0.99393
45600000 5461.22 122.83 12019.6 0.993963
45700000 5461.23 123.674 12017.7 0.993907
45800000 5461.23 126.59 12011.2 0.99362
45900000 5461.22 128.037 12007.9 0.993603
46000000 5461.21 124.27 12016.3 0.993887
46100000 5461.22 128.072 12007.8 0.993583
46200000 5461.24 127.07 12010.1 0.993646
46300000 5461.23 127.155 12009.9 0.993687
46400000 5461.21 130.476 12002.4 0.993504
46500000 5461.22 132.09 11998.7 0.993293
46600000 5461.23 128.282 12007.3 0.993514
46700000 5461.22 128.175 12007.6 0.993593
46800000 5461.22 124.174 12016.6 0.993919
46900000 5461.23 124.757 12015.3 0.993884
47000000 5461.23 124.798 12015.2 0.993833
47100000 5461.23 125.872 12012.8 0.993775
47200000 5461.23 122.492 12020.4 0.994003
47300000 5461.24 125.251 12014.2 0.993792
47400000 5461.21 130.605 12002.1 0.993422
47500000 5461.22 127.924 12008.1 0.993602
47600000 5461.22 126.605 12011.1 0.993679
47700000 5461.22 127.363 12009.4 0.99367
47800000 5461.22 125.128 12014.4 0.993784
47900000 5461.23 125.887 12012.7 0.99372
48000000 5461.23 123.774 12017.5 0.993876
48100000 5461.22 127.042 12010.1 0.993654
48200000 5461.23 128.566 12006.7 0.993453
48300000 5461.22 127.917 12008.1 0.993606
48400000 5461.23 128.835 12006.1 0.993483
48500000 5461.22 128.611 12006.6 0.993533
48600000 5461.23 124.595 12015.6 0.993829
48700000 5461.22 123.095 12019 0.993934
48800000 5461.21 130.792 12001.6 0.993415
48900000 5461.23 127.325 12009.5 0.993634
49000000 5461.23 129.214 12005.2 0.993467
49100000 5461.22 122.65 12020 0.993946
49200000 5461.22 126.763 12010.7 0.993686
49300000 5461.23 125.675 12013.2 0.993779
49400000 5461.22 125.651 12013.2 0.993824
49500000 5461.23 125.198 12014.3 0.993815
49600000 5461.22 130.16 12003.1 0.993472
49700000 5461.22 125.736 12013.1 0.993747
49800000 5461.22 124.636 12015.5 0.993878
49900000 5461.22 121.213 12023.2 0.994077
50000000 5461.22 124.191 12016.5 0.993845
50100000 5461.23 129.418 12004.8 0.99347
50200000 5461.22 124.336 12016.2 0.993895
50300000 5461.22 125.537 12013.5 0.993797
50400000 5461.24 125.821 12012.9 0.993726
50500000 5461.23 122.163 12021.1 0.994006
50600000 5461.23 128.051 12007.9 0.993493
50700000 5461.23 127.724 12008.6 0.993546
50800000 5461.23 123.689 12017.7 0.994103
50900000 5461.22 122.828 12019.6 0.993962
51000000 5461.23 122.748 12019.8 0.993994
51100000 5461.22 129.562 12004.4 0.993459
51200000 5461.22 131.617 11999.8 0.993308
51300000 5461.22 124.145 12016.6 0.99388
51400000 5461.21 125.315 12014 0.993762
51500000 5461.22 125.953 12012.6 0.993697
51600000 5461.23 127.707 12008.6 0.993614
51700000 5461.22 127.358 12009.4 0.993658
51800000 5461.23 128.003 12008 0.993589
51900000 5461.22 128.715 12006.3 0.993526
52000000 5461.2 129.07 12005.5 0.993567
52100000 5461.22 129.066 12005.5 0.993499
52200000 5461.22 133.191 11996.3 0.993198
52300000 5461.23 126.222 12012 0.993732
52400000 5461.22 126.23 12011.9 0.993738
52500000 5461.21 130.328 12002.7 0.99344
52600000 5461.21 129.58 12004.4 0.993476
52700000 5461.23 124.738 12015.3 0.993821
52800000 5461.23 127.447 12009.2 0.993663
52900000 5461.22 122.805 12019.7 0.993968
53000000 5461.23 121.193 12023.3 0.99408
53100000 5461.23 127.935 12008.1 0.993613
53200000 5461.23 126.905 12010.4 0.993688
53300000 5461.22 124.521 12015.8 0.993855
53400000 5461.24 124.346 12016.2 0.993864
53500000 5461.22 127.637 12008.8 0.993639
53600000 5461.25 125.08 12014.6 0.993782
53700000 5461.22 129.61 12004.3 0.993489
53800000 5461.22 126.195 12012 0.993706
53900000 5461.22 127.766 12008.5 0.993636
54000000 5461.22 128.137 12007.6 0.99361
54100000 5461.23 125.725 12013.1 0.993714
54200000 5461.23 126.249 12011.9 0.993726
54300000 5461.23 122.663 12020 0.993928
54400000 5461.21 129.502 12004.6 0.993504
54500000 5461.21 132.249 11998.4 0.993286
54600000 5461.23 122.072 12021.3 0.994001
54700000 5461.23 123.55 12018 0.993932
54800000 5461.23 122.837 12019.6 0.993965
54900000 5461.22 124.499 12015.8 0.993861
55000000 5461.24 122.179 12021.1 0.994021
55100000 5461.23 123.91 12017.2 0.993873
55200000 5461.22 127.106 12010 0.993626
55300000 5461.22 125.519 12013.5 0.993826
55400000 5461.23 125.401 12013.8 0.993765
55500000 5461.22 122.536 12020.3 0.994
55600000 5461.24 125.367 12013.9 0.993767
55700000 5461.23 132.142 11998.6 0.993271
55800000 5461.22 127.175 12009.8 0.993695
55900000 5461.23 122.843 12019.6 0.993998
56000000 5461.23 125.775 12013 0.993949
56100000 5461.23 131.472 12000.2 0.993252
56200000 5461.22 125.187 12014.3 0.993813
56300000 5461.22 124.145 12016.6 0.993849
56400000 5461.22 124.121 12016.7 0.993883
56500000 5461.23 124.09 12016.8 0.993892
56600000 5461.23 127.239 12009.7 0.993614
56700000 5461.22 125.392 12013.8 0.9938
56800000 5461.23 126.039 12012.4 0.993667
56900000 5461.22 124.799 12015.1 0.993808
57000000 5461.23 126.37 12011.6 0.993697
57100000 5461.21 128.677 12006.4 0.993553
57200000 5461.23 127.707 12008.6 0.993581
57300000 5461.24 123.934 12017.2 0.993871
57400000 5461.22 125.367 12013.9 0.993791
57500000 5461.22 124.523 12015.8 0.99387
57600000 5461.24 128.644 12006.6 0.9935
57700000 5461.23 128.639 12006.5 0.993585
57800000 5461.22 122.581 12020.2 0.994017
57900000 5461.22 124.489 12015.9 0.99389
58000000 5461.23 122.637 12020 0.99398
58100000 5461.23 126.048 12012.4 0.993742
58200000 5461.22 124.492 12015.9 0.993862
58300000 5461.23 125.435 12013.8 0.993737
58400000 5461.22 129.798 12003.9 0.99351
58500000 5461.22 124.654 12015.5 0.994005
58600000 5461.22 126.524 12011.3 0.993722
58700000 5461.24 123.168 12018.9 0.993957
58800000 5461.24 127.198 12009.8 0.993618
58900000 5461.22 128.736 12006.3 0.993539
59000000 5461.22 126.504 12011.3 0.993705
59100000 5461.23 123.604 12017.9 0.993886
59200000 5461.2 132.879 11996.9 0.993256
59300000 5461.23 128.517 12006.8 0.993547
59400000 5461.22 127.288 12009.5 0.993672
59500000 5461.23 129.822 12003.9 0.993381
59600000 5461.23 128.514 12006.8 0.993538
59700000 5461.23 124.7 12015.4 0.993822
59800000 5461.22 126.67 12010.9 0.993699
59900000 5461.22 130.234 12002.9 0.993422
60000000 5461.24 123.952 12017.1 0.993869
60100000 5461.22 129.535 12004.5 0.993477
60200000 5461.23 129.186 12005.3 0.993488
60300000 5461.22 125.587 12013.4 0.993831
60400000 5461.23 126.761 12010.8 0.993705
60500000 5461.21 127.108 12009.9 0.994478
60600000 5461.23 125.742 12013.1 0.993765
60700000 5461.23 128.014 12007.9 0.99357
60800000 5461.23 128.036 12007.9 0.993593
60900000 5461.22 123.609 12017.8 0.99395
61000000 5461.24 125.982 12012.5 0.99373
61100000 5461.22 123.864 12017.3 0.993913
61200000 5461.22 123.011 12019.2 0.993976
61300000 5461.21 127.243 12009.6 0.993687
61400000 5461.21 126.837 12010.6 0.993695
61500000 5461.22 125.118 12014.4 0.993834
61600000 5461.22 124.432 12016 0.993851
61700000 5461.23 126.611 12011.1 0.993655
61800000 5461.23 123.599 12017.9 0.993881
61900000 5461.23 126.178 12012.1 0.993716
62000000 5461.23 122.345 12020.7 0.993988
62100000 5461.23 126.642 12011 0.993707
62200000 5461.23 127.816 12008.4 0.993631
62300000 5461.22 128.932 12005.9 0.993534
62400000 5461.22 126.245 12011.9 0.993753
62500000 5461.23 124.934 12014.9 0.993785
62600000 5461.22 123.125 12018.9 0.993914
62700000 5461.21 130.134 12003.1 0.993476
62800000 5461.24 124.223 12016.5 0.993841
62900000 5461.23 124.786 12015.2 0.993795
63000000 5461.23 125.596 12013.4 0.993937
63100000 5461.23 125.239 12014.2 0.993767
63200000 5461.23 123.482 12018.1 0.993946
63300000 5461.22 129.139 12005.4 0.99349
63400000 5461.23 131.593 11999.9 0.993226
63500000 5461.23 135.186 11991.8 0.992954
63600000 5461.21 126.395 12011.6 0.993762
63700000 5461.21 135.103 11991.9 0.993129
63800000 5461.23 121.964 12021.6 0.994041
63900000 5461.22 127.284 12009.6 0.993677
64000000 5461.21 127.345 12009.4 0.993685
64100000 5461.22 125.772 12013 0.99379
64200000 5461.21 129.082 12005.5 0.993529
64300000 5461.22 126.864 12010.5 0.993694
64400000 5461.22 130.57 12002.2 0.993411
64500000 5461.22 126.815 12010.6 0.993713
64600000 5461.22 126.493 12011.3 0.993743
64700000 5461.23 126.757 12010.8 0.99368
64800000 5461.23 125.745 12013.1 0.993766
64900000 5461.23 125.711 12013.1 0.993776
65000000 5461.24 123.197 12018.8 0.993901
65100000 5461.22 130.513 12002.3 0.993418
65200000 5461.21 132.458 11997.9 0.993227
65300000 5461.23 124.478 12015.9 0.993859
65400000 5461.21 131.249 12000.6 0.993385
65500000 5461.22 126.138 12012.2 0.993738
65600000 5461.23 127.321 12009.5 0.993671
65700000 5461.23 130.566 12002.2 0.993403
65800000 5461.22 126.062 12012.3 0.993748
65900000 5461.23 126.849 12010.6 0.993624
66000000 5461.22 126.209 12012 0.993716
66100000 5461.23 127.683 12008.7 0.993587
66200000 5461.23 127.894 12008.2 0.993564
66300000 5461.21 130.13 12003.1 0.993491
66400000 5461.21 130.494 12002.3 0.993404
66500000 5461.22 125.922 12012.6 0.993719
66600000 5461.22 127.882 12008.2 0.993653
66700000 5461.22 127.68 12008.7 0.993618
66800000 5461.23 129.65 12004.3 0.993431
66900000 5461.23 124.93 12014.9 0.993804
67000000 5461.23 124.463 12015.9 0.993845
67100000 5461.22 128.361 12007.1 0.993519
67200000 5461.23 121.779 12022 0.994032
67300000 5461.23 122.887 12019.5 0.993948
67400000 5461.24 126.882 12010.5 0.993643
67500000 5461.22 123.701 12017.6 0.993934
67600000 5461.22 124.751 12015.3 0.993784
67700000 5461.22 125.067 12014.6 0.993795
67800000 5461.23 128.315 12007.3 0.993527
67900000 5461.24 127.383 12009.4 0.993592
68000000 5461.22 130.53 12002.3 0.993381
68100000 5461.22 126.364 12011.6 0.99372
68200000 5461.22 125.083 12014.5 0.99383
68300000 5461.22 127.33 12009.5 0.993667
68400000 5461.23 124.404 12016.1 0.99387
68500000 5461.22 128.318 12007.2 0.993619
68600000 5461.22 130.427 12002.5 0.993427
68700000 5461.23 130.021 12003.4 0.993448
68800000 5461.22 124.777 12015.2 0.993815
68900000 5461.22 126.726 12010.8 0.993641
69000000 5461.23 128.491 12006.9 0.993588
69100000 5461.22 125.651 12013.2 0.993769
69200000 5461.23 123.034 12019.2 0.993945
69300000 5461.22 132.402 11998 0.993271
69400000 5461.23 123.02 12019.2 0.993959
69500000 5461.22 128.996 12005.7 0.993509
69600000 5461.21 126.627 12011 0.993763
69700000 5461.21 126.394 12011.6 0.993739
69800000 5461.22 128.864 12006 0.993566
69900000 5461.23 128.753 12006.3 0.993482
70000000 5461.24 124.527 12015.8 0.993852
70100000 5461.24 129.749 12004 0.993419
70200000 5461.24 122.13 12021.2 0.994014
70300000 5461.22 127.803 12008.4 0.993565
70400000 5461.21 129.016 12005.6 0.993498
70500000 5461.21 130.068 12003.3 0.993482
70600000 5461.22 128.619 12006.6 0.993565
70700000 5461.23 125.888 12012.7 0.993743
70800000 5461.22 128.433 12007 0.993583
70900000 5461.22 126.029 12012.4 0.993714
71000000 5461.21 129.555 12004.4 0.993453
71100000 5461.21 129.556 12004.4 0.993524
71200000 5461.21 126.396 12011.5 0.993741
71300000 5461.21 128.582 12006.6 0.993523
71400000 5461.23 125.83 12012.9 0.99374
71500000 5461.22 122.61 12020.1 0.993999
71600000 5461.22 127.161 12009.8 0.99369
71700000 5461.22 126.066 12012.3 0.993731
71800000 5461.22 124.819 12015.1 0.993843
71900000 5461.22 125.537 12013.5 0.993786
72000000 5461.21 127.052 12010.1 0.993692
72100000 5461.23 127.921 12008.2 0.993596
72200000 5461.22 127.872 12008.2 0.993626
72300000 5461.23 127.192 12009.8 0.993657
72400000 5461.22 126.576 12011.2 0.993724
72500000 5461.23 124.358 12016.2 0.993842
72600000 5461.23 122.358 12020.7 0.99401
72700000 5461.22 127.961 12008 0.99356
72800000 5461.21 127.603 12008.8 0.993658
72900000 5461.23 122.878 12019.5 0.99392
73000000 5461.24 124.238 12016.5 0.993846
73100000 5461.23 124.073 12016.8 0.993871
73200000 5461.22 129.602 12004.4 0.993499
73300000 5461.23 121.991 12021.5 0.994004
73400000 5461.21 129.25 12005.1 0.993571
73500000 5461.23 124.597 12015.6 0.993842
73600000 5461.24 131.188 12000.8 0.993361
73700000 5461.23 124.856 12015.1 0.993785
73800000 5461.21 129.468 12004.6 0.993512
73900000 5461.23 123.387 12018.4 0.993918
74000000 5461.23 127.031 12010.1 0.993615
74100000 5461.22 124.894 12014.9 0.99383
74200000 5461.22 126.857 12010.5 0.993681
74300000 5461.22 128.588 12006.6 0.99355
74400000 5461.23 125.999 12012.5 0.993764
74500000 5461.24 121.603 12022.4 0.994045
74600000 5461.23 121.329 12023 0.994072
74700000 5461.22 125.046 12014.6 0.993799
74800000 5461.23 126.43 12011.5 0.993702
74900000 5461.22 125.374 12013.9 0.993802
75000000 5461.22 133.008 11996.7 0.993317
75100000 5461.22 128.104 12007.7 0.993549
75200000 5461.23 129.089 12005.5 0.993495
75300000 5461.23 134.188 11994 0.993057
75400000 5461.24 119.878 12026.3 0.994141
75500000 5461.23 121.951 12021.6 0.994025
75600000 5461.23 123.669 12017.7 0.993892
75700000 5461.23 126.2 12012 0.993754
75800000 5461.22 126.539 12011.2 0.993698
75900000 5461.21 125.357 12013.9 0.993836
76000000 5461.23 126.732 12010.8 0.993663
76100000 5461.21 127.528 12009 0.99363
76200000 5461.22 128.076 12007.8 0.993607
76300000 5461.23 122.82 12019.6 0.993969
76400000 5461.23 125.914 12012.7 0.993765
76500000 5461.24 125.951 12012.6 0.993717
76600000 5461.23 126.246 12011.9 0.993729
76700000 5461.23 127.739 12008.6 0.99363
76800000 5461.22 125.933 12012.6 0.993739
76900000 5461.24 121.597 12022.4 0.994019
77000000 5461.22 123.942 12017.1 0.99386
77100000 5461.24 123.68 12017.7 0.99388
77200000 5461.23 122.202 12021 0.994028
77300000 5461.23 126.062 12012.3 0.993727
77400000 5461.23 122.251 12020.9 0.994012
77500000 5461.22 126.352 12011.7 0.993724
77600000 5461.23 124.602 12015.6 0.993816
77700000 5461.22 128.384 12007.1 0.993593
77800000 5461.23 124.304 12016.3 0.99386
77900000 5461.23 124.742 12015.3 0.993807
78000000 5461.22 129.147 12005.4 0.993497
78100000 5461.22 130.793 12001.7 0.993395
78200000 5461.22 126.021 12012.4 0.993673
78300000 5461.22 127.295 12009.5 0.993663
78400000 5461.23 125.126 12014.4 0.993759
78500000 5461.23 129.45 12004.7 0.993424
78600000 5461.22 125.411 12013.8 0.993786
78700000 5461.23 125.603 12013.4 0.99374
78800000 5461.22 124.58 12015.7 0.993818
78900000 5461.23 123.036 12019.1 0.993994
79000000 5461.22 126.368 12011.6 0.993685
79100000 5461.25 122.389 12020.6 0.993959
79200000 5461.22 128.501 12006.8 0.993544
79300000 5461.23 124.868 12015 0.993828
79400000 5461.22 123.44 12018.2 0.993918
79500000 5461.22 131.656 11999.7 0.993294
79600000 5461.21 128.453 12006.9 0.993544
79700000 5461.21 131.06 12001 0.993415
79800000 5461.22 123.046 12019.1 0.994001
79900000 5461.22 131.207 12000.7 0.993421
80000000 5461.21 128.844 12006 0.993553
80100000 5461.22 125.59 12013.4 0.993757
80200000 5461.21 133.037 11996.6 0.993197
80300000 5461.22 129.087 12005.5 0.99355
80400000 5461.21 126.748 12010.7 0.993737
80500000 5461.23 123.024 12019.2 0.99392
80600000 5461.23 125.142 12014.4 0.993799
80700000 5461.21 127.554 12008.9 0.993648
80800000 5461.23 126.348 12011.7 0.993667
80900000 5461.22 128.469 12006.9 0.993572
81000000 5461.23 127.064 12010.1 0.99366
81100000 5461.22 126.846 12010.6 0.993693
81200000 5461.23 123.898 12017.2 0.993887
81300000 5461.22 127.02 12010.2 0.993679
81400000 5461.22 127.629 12008.8 0.993659
81500000 5461.24 122.961 12019.3 0.993994
81600000 5461.23 129.607 12004.3 0.993486
81700000 5461.24 123.993 12017 0.993866
81800000 5461.23 127.535 12009 0.993635
81900000 5461.23 122.746 12019.8 0.99399
82000000 5461.22 127.027 12010.1 0.99367
82100000 5461.24 124.135 12016.7 0.993865
82200000 5461.24 124.734 12015.3 0.993784
82300000 5461.22 126.611 12011.1 0.993722
82400000 5461.24 122.842 12019.6 0.993949
82500000 5461.23 122.232 12021 0.993969
82600000 5461.23 125.568 12013.5 0.993729
82700000 5461.22 126.868 12010.5 0.993664
82800000 5461.23 125.619 12013.3 0.993734
82900000 5461.23 123.932 12017.1 0.993822
83000000 5461.22 130.797 12001.6 0.993446
83100000 5461.23 124.713 12015.4 0.993839
83200000 5461.21 127.02 12010.1 0.993679
83300000 5461.23 124.445 12016 0.993812
83400000 5461.22 127.915 12008.2 0.993604
83500000 5461.22 129.661 12004.2 0.993457
83600000 5461.23 123.012 12019.2 0.993931
83700000 5461.23 124.084 12016.8 0.993847
83800000 5461.19 131.468 12000.1 0.993381
83900000 5461.22 128.019 12007.9 0.993585
84000000 5461.22 129.031 12005.6 0.99357
84100000 5461.24 124.803 12015.2 0.993813
84200000 5461.22 132.168 11998.6 0.993298
84300000 5461.23 125.951 12012.6 0.993758
84400000 5461.23 124.973 12014.8 0.993838
84500000 5461.24 121.923 12021.7 0.994001
84600000 5461.23 123.944 12017.1 0.993892
84700000 5461.23 125.919 12012.7 0.993744
84800000 5461.21 130.985 12001.2 0.993398
84900000 5461.23 126.001 12012.5 0.993665
85000000 5461.22 125.25 12014.1 0.993768
85100000 5461.23 122.021 12021.4 0.994015
85200000 5461.21 132.254 11998.4 0.993238
85300000 5461.22 123.501 12018.1 0.993899
85400000 5461.22 127.31 12009.5 0.993621
85500000 5461.23 123.954 12017.1 0.993885
85600000 5461.22 125.726 12013.1 0.993817
85700000 5461.23 126.316 12011.8 0.993738
85800000 5461.22 123.713 12017.6 0.993879
85900000 5461.22 124.243 12016.4 0.993881
86000000 5461.22 130.329 12002.7 0.993466
86100000 5461.22 126.29 12011.8 0.993685
86200000 5461.24 128.102 12007.8 0.993514
86300000 5461.22 128.946 12005.8 0.99352
86400000 5461.23 127.151 12009.9 0.993647
86500000 5461.23 122.737 12019.8 0.993976
86600000 5461.24 123.45 12018.2 0.993885
86700000 5461.23 124.111 12016.7 0.99389
86800000 5461.22 125.611 12013.3 0.993752
86900000 5461.23 122.939 12019.4 0.993938
87000000 5461.22 128.768 12006.2 0.993559
87100000 5461.22 125.722 12013.1 0.99381
87200000 5461.22 127.577 12008.9 0.993629
87300000 5461.23 126.328 12011.7 0.993729
87400000 5461.22 129.628 12004.3 0.99347
87500000 5461.23 123.393 12018.3 0.993908
87600000 5461.23 122.29 12020.8 0.994021
87700000 5461.21 129.398 12004.8 0.993508
87800000 5461.22 124.325 12016.2 0.993812
87900000 5461.22 123.617 12017.8 0.993901
88000000 5461.22 128.273 12007.3 0.993533
88100000 5461.23 122.874 12019.5 0.993938
88200000 5461.22 121.69 12022.2 0.99403
88300000 5461.23 129.954 12003.6 0.993405
88400000 5461.22 125.126 12014.4 0.993799
88500000 5461.24 124.851 12015.1 0.993795
88600000 5461.23 126.024 12012.4 0.993741
88700000 5461.23 124.745 12015.3 0.993828
88800000 5461.23 124.494 12015.9 0.993825
88900000 5461.21 130.798 12001.6 0.993408
89000000 5461.22 125.709 12013.1 0.993745
89100000 5461.21 123.454 12018.2 0.993925
89200000 5461.22 131.811 11999.4 0.993308
89300000 5461.22 130.202 12003 0.993407
89400000 5461.23 126.462 12011.4 0.993739
89500000 5461.22 125.171 12014.3 0.99384
89600000 5461.23 123.944 12017.1 0.99385
89700000 5461.21 127.549 12008.9 0.993681
89800000 5461.22 130.729 12001.8 0.993439
89900000 5461.24 123.845 12017.3 0.993842
90000000 5461.21 129.893 12003.7 0.993483
90100000 5461.22 124.607 12015.6 0.99387
90200000 5461.21 127.331 12009.4 0.993645
90300000 5461.21 123.977 12017 0.9939
90400000 5461.21 127.945 12008 0.993671
90500000 5461.22 128.531 12006.8 0.993588
90600000 5461.24 122.156 12021.2 0.994017
90700000 5461.22 129.899 12003.7 0.993482
90800000 5461.23 127.676 12008.7 0.993614
90900000 5461.19 129.639 12004.2 0.99353
91000000 5461.24 120.014 12026 0.994159
91100000 5461.22 127.232 12009.7 0.993671
91200000 5461.23 123.894 12017.2 0.993867
91300000 5461.22 126.314 12011.7 0.99373
91400000 5461.22 123.967 12017 0.993889
91500000 5461.21 126.845 12010.5 0.993705
91600000 5461.22 130.018 12003.4 0.993396
91700000 5461.22 126.946 12010.3 0.99368
91800000 5461.22 129.517 12004.5 0.993475
91900000 5461.22 128.771 12006.2 0.993492
92000000 5461.22 125.894 12012.7 0.993706
92100000 5461.22 123.895 12017.2 0.993969
92200000 5461.24 123.322 12018.5 0.993903
92300000 5461.22 126.592 12011.1 0.993725
92400000 5461.23 126.098 12012.3 0.993742
92500000 5461.23 125.897 12012.7 0.993746
92600000 5461.22 128.251 12007.4 0.993562
92700000 5461.23 122.021 12021.4 0.993978
92800000 5461.22 130.692 12001.9 0.993414
92900000 5461.21 129.9 12003.7 0.993474
93000000 5461.22 127.107 12010 0.993697
93100000 5461.22 126.604 12011.1 0.99371
93200000 5461.23 122.915 12019.4 0.993946
93300000 5461.23 128.681 12006.4 0.993422
93400000 5461.23 121.474 12022.7 0.994047
93500000 5461.22 125.117 12014.5 0.993817
93600000 5461.21 131.226 12000.7 0.993316
93700000 5461.21 127.13 12009.9 0.993713
93800000 5461.23 122.227 12021 0.994
93900000 5461.22 126.039 12012.4 0.993753
94000000 5461.21 133.359 11995.9 0.993228
94100000 5461.22 123.639 12017.8 0.993893
94200000 5461.23 131.073 12001.1 0.993354
94300000 5461.23 126.668 12011 0.993667
94400000 5461.23 125.035 12014.6 0.99382
94500000 5461.22 127.394 12009.3 0.994038
94600000 5461.22 128.912 12005.9 0.993516
94700000 5461.23 126.457 12011.5 0.993698
94800000 5461.23 129.096 12005.5 0.993522
94900000 5461.23 128.074 12007.8 0.993548
95000000 5461.22 124.42 12016 0.993863
95100000 5461.23 127.486 12009.1 0.993611
95200000 5461.22 129.777 12003.9 0.993414
95300000 5461.22 124.614 12015.6 0.993862
95400000 5461.22 132.387 11998.1 0.993281
95500000 5461.2 132.655 11997.4 0.995532
95600000 5461.23 122.69 12019.9 0.99397
95700000 5461.21 126.052 12012.3 0.993725
95800000 5461.23 124.849 12015.1 0.993824
95900000 5461.23 127.658 12008.7 0.993632
96000000 5461.22 129.581 12004.4 0.993477
96100000 5461.22 126.072 12012.3 0.993804
96200000 5461.23 122.579 12020.2 0.993986
96300000 5461.24 124.627 12015.6 0.993841
96400000 5461.23 123.905 12017.2 0.993924
96500000 5461.23 122.443 12020.5 0.993958
96600000 5461.22 126.683 12010.9 0.993707
96700000 5461.23 124.54 12015.8 0.993843
96800000 5461.22 126.956 12010.3 0.993656
96900000 5461.24 122.583 12020.2 0.993961
97000000 5461.22 130.855 12001.5 0.99338
97100000 5461.22 128.78 12006.2 0.993553
97200000 5461.22 129.564 12004.4 0.99352
97300000 5461.23 122.071 12021.3 0.994014
97400000 5461.23 126.806 12010.7 0.993686
97500000 5461.22 126.623 12011 0.993749
97600000 5461.24 120.919 12023.9 0.99438
97700000 5461.23 125.56 12013.5 0.993755
97800000 5461.22 125.899 12012.7 0.993778
97900000 5461.23 123.929 12017.1 0.993926
98000000 5461.22 130.903 12001.4 0.993365
98100000 5461.21 126.652 12011 0.99373
98200000 5461.23 123.284 12018.6 0.993923
98300000 5461.22 129.331 12004.9 0.993497
98400000 5461.23 127.739 12008.6 0.993636
98500000 5461.21 131.775 11999.4 0.993346
98600000 5461.23 128.876 12006 0.993555
98700000 5461.22 125.652 12013.2 0.993763
98800000 5461.23 127.21 12009.7 0.993609
98900000 5461.22 130.857 12001.5 0.993314
99000000 5461.21 129.732 12004 0.993477
99100000 5461.23 126.384 12011.6 0.993713
99200000 5461.24 125.752 12013.1 0.993707
99300000 5461.22 128.214 12007.5 0.993646
99400000 5461.23 124.25 12016.4 0.993863
99500000 5461.22 129.777 12003.9 0.993472
99600000 5461.23 126.981 12010.3 0.993686
99700000 5461.23 131.598 11999.9 0.99325
99800000 5461.22 123.521 12018 0.993897
99900000 5461.23 124.834 12015.1 0.993838
100000000 5461.23 126.37 12011.6 0.993667
100100000 5461.22 127.546 12009 0.99361
100200000 5461.21 134.094 11994.2 0.99316
100300000 5461.22 124.982 12014.8 0.993814
100400000 5461.22 131.839 11999.3 0.993303
100500000 5461.22 125.027 12014.7 0.993806
100600000 5461.23 130.423 12002.5 0.99339
100700000 5461.22 127.009 12010.2 0.993652
100800000 5461.22 124.054 12016.8 0.993884
100900000 5461.23 124.288 12016.3 0.993876
101000000 5461.24 124.806 12015.2 0.993805
101100000 5461.23 128.343 12007.2 0.993509
101200000 5461.23 125.65 12013.3 0.993762
101300000 5461.22 125.138 12014.4 0.993813
101400000 5461.22 123.992 12017 0.993906
101500000 5461.23 124.128 12016.7 0.99389
101600000 5461.23 127.953 12008.1 0.993554
101700000 5461.23 126.486 12011.4 0.993702
101800000 5461.23 129.301 12005 0.993453
101900000 5461.22 126.271 12011.8 0.993719
102000000 5461.22 125.128 12014.4 0.993832
102100000 5461.22 128.834 12006.1 0.993497
102200000 5461.23 129.158 12005.4 0.994603
102300000 5461.22 127.779 12008.4 0.993571
102400000 5461.21 127.713 12008.6 0.993684
102500000 5461.22 124.388 12016.1 0.993872
102600000 5461.22 127.871 12008.2 0.993598
102700000 5461.22 129.562 12004.4 0.993489
102800000 5461.21 130.213 12002.9 0.993416
102900000 5461.22 130.252 12002.9 0.993461
103000000 5461.21 131.782 11999.4 0.993311
103100000 5461.21 127.972 12008 0.993605
103200000 5461.21 128.806 12006.1 0.99355
103300000 5461.23 127.14 12009.9 0.993658
103400000 5461.21 131.019 12001.1 0.993407
103500000 5461.22 126.529 12011.3 0.993669
103600000 5461.22 122.571 12020.2 0.993962
103700000 5461.23 130.876 12001.5 0.993394
103800000 5461.22 124.964 12014.8 0.993833
103900000 5461.23 125.5 12013.6 0.993743
104000000 5461.22 131.166 12000.8 0.993343
104100000 5461.23 130.029 12003.4 0.993458
104200000 5461.23 122.777 12019.7 0.993918
104300000 5461.23 129.449 12004.7 0.993427
104400000 5461.23 122.762 12019.8 0.993952
104500000 5461.22 131.179 12000.8 0.993286
104600000 5461.22 127.813 12008.4 0.993597
104700000 5461.24 122.711 12019.9 0.993947
104800000 5461.23 125.789 12012.9 0.993723
104900000 5461.23 126.924 12010.4 0.993665
105000000 5461.23 125.794 12012.9 0.993764
105100000 5461.23 125.064 12014.6 0.993811
105200000 5461.24 121.333 12023 0.994043
105300000 5461.23 128.032 12007.9 0.993569
105400000 5461.22 127.403 12009.3 0.993589
105500000 5461.23 124.898 12015 0.993803
105600000 5461.22 126.334 12011.7 0.993719
105700000 5461.21 126.192 12012 0.993775
105800000 5461.21 128.082 12007.7 0.993659
105900000 5461.21 135.469 11991.1 0.993079
106000000 5461.23 128.025 12007.9 0.993568
106100000 5461.21 130.086 12003.2 0.993425
106200000 5461.21 125.096 12014.5 0.993796
106300000 5461.2 134.089 11994.2 0.99317
106400000 5461.23 124.014 12017 0.993847
106500000 5461.23 124.439 12016 0.993826
106600000 5461.22 124.135 12016.6 0.993887
106700000 5461.22 124.802 12015.2 0.993812
106800000 5461.22 123.074 12019 0.993998
106900000 5461.23 128.417 12007 0.993597
107000000 5461.22 124.299 12016.3 0.993829
107100000 5461.22 124.281 12016.3 0.993877
107200000 5461.23 124.19 12016.6 0.99388
107300000 5461.23 123.144 12018.9 0.993936
107400000 5461.22 125.215 12014.2 0.993749
107500000 5461.21 126.23 12011.9 0.99379
107600000 5461.22 123.235 12018.7 0.993948
107700000 5461.23 129.936 12003.6 0.993441
107800000 5461.21 130.2 12003 0.993448
107900000 5461.22 127.622 12008.8 0.993609
108000000 5461.23 125.673 12013.2 0.993747
108100000 5461.23 125.959 12012.6 0.993718
108200000 5461.22 129.182 12005.3 0.993477
108300000 5461.23 131.025 12001.2 0.993282
108400000 5461.23 125.922 12012.7 0.993696
108500000 5461.24 125.149 12014.4 0.993786
108600000 5461.21 129.504 12004.6 0.99462
108700000 5461.24 128.526 12006.8 0.993496
108800000 5461.22 125.316 12014 0.993802
108900000 5461.22 127.93 12008.1 0.993602
109000000 5461.22 127.811 12008.4 0.99362
109100000 5461.22 126.801 12010.6 0.993689
109200000 5461.22 124.174 12016.6 0.993857
109300000 5461.23 127.098 12010 0.993652
109400000 5461.23 125.743 12013.1 0.993774
109500000 5461.22 126.39 12011.6 0.993736
109600000 5461.21 126.619 12011 0.993748
109700000 5461.22 127.714 12008.6 0.9936
109800000 5461.23 125.322 12014 0.993768
109900000 5461.22 125.925 12012.6 0.993768
110000000 5461.22 130.907 12001.4 0.993374
110100000 5461.22 125.142 12014.4 0.993815
110200000 5461.23 127.315 12009.5 0.993655
110300000 5461.23 130.454 12002.4 0.993413
110400000 5461.22 129.141 12005.4 0.993501
110500000 5461.22 137.567 11986.4 0.992863
110600000 5461.23 125.784 12013 0.993732
110700000 5461.24 121.873 12021.8 0.994012
110800000 5461.21 129.111 12005.4 0.993524
110900000 5461.22 124.572 12015.7 0.993852
111000000 5461.23 126.838 12010.6 0.993678
111100000 5461.24 121.472 12022.7 0.994032
111200000 5461.23 133.126 11996.4 0.993213
111300000 5461.23 122.944 12019.4 0.993955
111400000 5461.23 125.412 12013.8 0.993793
111500000 5461.22 130.134 12003.2 0.993397
111600000 5461.22 128.497 12006.8 0.993544
111700000 5461.22 129.178 12005.3 0.993501
111800000 5461.22 126.663 12011 0.993711
111900000 5461.22 130.272 12002.8 0.993415
112000000 5461.23 127.055 12010.1 0.993626
112100000 5461.23 125.284 12014.1 0.993769
112200000 5461.22 125.113 12014.5 0.993817
112300000 5461.22 126.44 12011.5 0.993692
112400000 5461.24 120.543 12024.8 0.994108
112500000 5461.22 127.789 12008.4 0.993578
112600000 5461.23 124.888 12015 0.993826
112700000 5461.22 129.86 12003.8 0.993444
112800000 5461.22 125.932 12012.6 0.993728
112900000 5461.23 122.23 12021 0.994004
113000000 5461.21 124.356 12016.1 0.99386
113100000 5461.21 137.695 11986.1 0.992802
113200000 5461.22 125.455 12013.7 0.99382
113300000 5461.22 128.394 12007.1 0.993572
113400000 5461.22 126.256 12011.9 0.993767
113500000 5461.23 125.292 12014.1 0.993767
113600000 5461.23 125.307 12014 0.9938
113700000 5461.21 127.03 12010.1 0.993648
113800000 5461.22 128.145 12007.6 0.993609
113900000 5461.23 123.506 12018.1 0.993881
114000000 5461.22 131.17 12000.8 0.993326
114100000 5461.23 123.058 12019.1 0.993942
114200000 5461.23 124.53 12015.8 0.99378
114300000 5461.21 127.532 12009 0.993635
114400000 5461.21 131.33 12000.4 0.99337
114500000 5461.23 125.495 12013.6 0.993761
114600000 5461.23 123.163 12018.9 0.993943
114700000 5461.22 128.604 12006.6 0.993559
114800000 5461.22 128.471 12006.9 0.993556
114900000 5461.23 127.967 12008 0.993584
115000000 5461.22 126.298 12011.8 0.993787
115100000 5461.22 124.714 12015.4 0.993855
115200000 5461.23 123.235 12018.7 0.993958
115300000 5461.23 125.411 12013.8 0.99376
115400000 5461.23 129.469 12004.7 0.993467
115500000 5461.23 125.473 12013.7 0.993768
115600000 5461.22 125.384 12013.8 0.993772
115700000 5461.21 125.62 12013.3 0.993791
115800000 5461.22 122.828 12019.6 0.993952
115900000 5461.23 129.25 12005.2 0.993519
116000000 5461.23 122.845 12019.6 0.993908
116100000 5461.22 125.873 12012.7 0.993739
116200000 5461.23 123.953 12017.1 0.993958
116300000 5461.22 126.234 12011.9 0.993707
116400000 5461.22 127.428 12009.2 0.993605
116500000 5461.22 126.024 12012.4 0.993725
116600000 5461.22 133.701 11995.1 0.993249
116700000 5461.23 121.46 12022.7 0.99406
116800000 5461.24 124.373 12016.2 0.993851
116900000 5461.23 124.142 12016.7 0.993869
117000000 5461.23 125.42 12013.8 0.993782
117100000 5461.22 130.558 12002.2 0.993415
117200000 5461.21 126.801 12010.6 0.99371
117300000 5461.22 125.14 12014.4 0.993817
117400000 5461.22 121.335 12023 0.994082
117500000 5461.22 124.884 12015 0.993837
117600000 5461.23 126.54 12011.3 0.993663
117700000 5461.22 128.959 12005.8 0.9936
117800000 5461.23 125.23 12014.2 0.993781
117900000 5461.21 123.696 12017.6 0.993894
118000000 5461.24 120.155 12025.7 0.994139
118100000 5461.24 122.16 12021.1 0.994006
118200000 5461.24 126.508 12011.4 0.993718
118300000 5461.24 123.479 12018.2 0.993874
118400000 5461.23 124.555 12015.7 0.993805
118500000 5461.21 126.592 12011.1 0.993843
118600000 5461.21 133.695 11995.1 0.993262
118700000 5461.22 129.368 12004.9 0.996215
118800000 5461.22 131.051 12001.1 0.99337
118900000 5461.23 130.134 12003.2 0.993434
119000000 5461.23 125.984 12012.5 0.997262
119100000 5461.21 128.763 12006.2 0.994376
119200000 5461.23 125.614 12013.3 0.993744
119300000 5461.22 125.622 12013.3 0.99373
119400000 5461.23 123.445 12018.2 0.993922
119500000 5461.21 123.953 12017.1 0.993932
119600000 5461.23 127.515 12009.1 0.993587
119700000 5461.21 132.434 11998 0.993296
119800000 5461.24 124.917 12014.9 0.993806
119900000 5461.23 125.742 12013.1 0.993763
120000000 5461.22 124.733 12015.3 0.993833
120100000 5461.23 126.905 12010.4 0.993712
120200000 5461.23 124.128 12016.7 0.9939
120300000 5461.21 127.66 12008.7 0.99369
120400000 5461.22 123.961 12017 0.993874
120500000 5461.22 125.117 12014.4 0.993801
120600000 5461.23 124.239 12016.5 0.993858
120700000 5461.22 124.932 12014.9 0.993845
120800000 5461.24 121.059 12023.6 0.994096
120900000 5461.23 123.065 12019.1 0.993946
121000000 5461.23 122.559 12020.2 0.993971
121100000 5461.22 128.35 12007.2 0.993531
121200000 5461.23 122.636 12020 0.994
121300000 5461.23 122.931 12019.4 0.993934
121400000 5461.24 121.584 12022.4 0.994042
121500000 5461.22 127.689 12008.7 0.993619
121600000 5461.23 123.139 12018.9 0.993916
121700000 5461.22 126.691 12010.9 0.993693
121800000 5461.24 124.379 12016.1 0.993807
121900000 5461.24 122.154 12021.2 0.994042
122000000 5461.24 123.649 12017.8 0.993886
122100000 5461.23 126.85 12010.6 0.993617
122200000 5461.22 122.306 12020.8 0.993976
122300000 5461.23 123.449 12018.2 0.993958
122400000 5461.23 124.557 12015.7 0.99384
122500000 5461.24 129.042 12005.6 0.993411
122600000 5461.23 125.386 12013.9 0.993788
122700000 5461.24 122.402 12020.6 0.993969
122800000 5461.22 128.246 12007.4 0.9936
122900000 5461.22 125.269 12014.1 0.993792
123000000 5461.23 122.402 12020.6 0.993964
123100000 5461.22 125.632 12013.3 0.99379
123200000 5461.23 125.263 12014.1 0.993791
123300000 5461.22 128.702 12006.4 0.99352
123400000 5461.23 122.951 12019.3 0.993982
123500000 5461.23 124.559 12015.7 0.993841
123600000 5461.21 127.395 12009.3 0.993606
123700000 5461.22 125.889 12012.7 0.993743
123800000 5461.23 122.187 12021.1 0.993965
123900000 5461.22 129.817 12003.9 0.994918
124000000 5461.23 121.24 12023.2 0.994077
124100000 5461.23 127.455 12009.2 0.993628
124200000 5461.23 125.237 12014.2 0.99375
124300000 5461.23 123.86 12017.3 0.993854
124400000 5461.21 129.298 12005 0.993492
124500000 5461.23 122.784 12019.7 0.993914
124600000 5461.23 125.927 12012.6 0.993744
124700000 5461.22 125.502 12013.6 0.993794
124800000 5461.23 123.249 12018.7 0.993902
124900000 5461.22 128.924 12005.9 0.993537
125000000 5461.24 121.801 12021.9 0.994039
125100000 5461.23 124.499 12015.9 0.993843
125200000 5461.23 125.88 12012.7 0.993717
125300000 5461.23 127.134 12009.9 0.993651
125400000 5461.24 120.839 12024.1 0.994083
125500000 5461.21 130.159 12003.1 0.99343
125600000 5461.24 122.176 12021.1 0.993991
125700000 5461.21 127.335 12009.4 0.993629
125800000 5461.23 125.067 12014.6 0.99381
125900000 5461.24 120.222 12025.5 0.994139
126000000 5461.23 121.894 12021.7 0.994028
126100000 5461.22 124.691 12015.4 0.993822
126200000 5461.21 127.153 12009.8 0.993726
126300000 5461.23 123.38 12018.4 0.993929
126400000 5461.22 125.516 12013.5 0.99379
126500000 5461.2 130.613 12002 0.993429
126600000 5461.23 122.055 12021.4 0.994031
126700000 5461.22 129.264 12005.1 0.993534
126800000 5461.22 131.219 12000.7 0.993361
126900000 5461.23 123.422 12018.3 0.993912
127000000 5461.23 125.737 12013.1 0.993766
127100000 5461.23 127.256 12009.6 0.993638
127200000 5461.23 127.606 12008.9 0.993652
127300000 5461.23 131.402 12000.3 0.993281
127400000 5461.22 127.599 12008.9 0.993631
127500000 5461.23 127.001 12010.2 0.993633
127600000 5461.23 125.582 12013.4 0.99378
127700000 5461.25 131.192 12000.8 0.998356
127800000 5461.23 122.989 12019.2 0.993948
127900000 5461.22 127.708 12008.6 0.993648
128000000 5461.22 125.466 12013.7 0.993789
128100000 5461.23 124.207 12016.5 0.993885
128200000 5461.22 124.864 12015 0.993799
128300000 5461.22 128.268 12007.3 0.993596
128400000 5461.22 128.432 12007 0.993561
128500000 5461.23 127.712 12008.6 0.993566
128600000 5461.23 126.063 12012.3 0.993736
128700000 5461.23 126.873 12010.5 0.993677
128800000 5461.2 133.794 11994.9 0.99329
128900000 5461.23 121.831 12021.9 0.994071
129000000 5461.23 125.056 12014.6 0.993786
129100000 5461.24 124.866 12015 0.993776
129200000 5461.22 129.745 12004 0.993509
129300000 5461.23 121.8 12021.9 0.994011
129400000 5461.23 122.897 12019.5 0.993962
129500000 5461.24 123.47 12018.2 0.993943
129600000 5461.23 122.2 12021 0.994016
129700000 5461.22 128.286 12007.3 0.993614
129800000 5461.23 127.197 12009.8 0.993646
129900000 5461.22 126.263 12011.9 0.993656
130000000 5461.21 125.072 12014.5 0.993798
130100000 5461.22 125.953 12012.6 0.993759
130200000 5461.23 122.614 12020.1 0.99396
130300000 5461.21 127.575 12008.9 0.993639
130400000 5461.22 125.736 12013.1 0.993721
130500000 5461.23 124.307 12016.3 0.99383
130600000 5461.23 123.936 12017.1 0.993861
130700000 5461.23 125.225 12014.2 0.99376
130800000 5461.22 127.89 12008.2 0.993896
130900000 5461.23 125.428 12013.8 0.993759
131000000 5461.22 121.059 12023.6 0.994113
131100000 5461.22 124.667 12015.5 0.993876
131200000 5461.23 130.383 12002.6 0.993391
131300000 5461.22 128.581 12006.6 0.993541
131400000 5461.23 123.442 12018.2 0.993917
131500000 5461.21 133.573 11995.4 0.993241
131600000 5461.22 131.308 12000.5 0.993366
131700000 5461.22 127.588 12008.9 0.993603
131800000 5461.23 121.603 12022.4 0.994053
131900000 5461.21 128.129 12007.6 0.993586
132000000 5461.22 127.335 12009.5 0.9936
132100000 5461.23 128.617 12006.6 0.993482
132200000 5461.22 126.339 12011.7 0.993707
132300000 5461.23 126.232 12012 0.993663
132400000 5461.23 129.688 12004.2 0.993464
132500000 5461.22 126.508 12011.3 0.993672
132600000 5461.22 124.206 12016.5 0.9939
132700000 5461.2 135.142 11991.8 0.993069
132800000 5461.22 128.259 12007.4 0.993551
132900000 5461.22 124.409 12016 0.993846
133000000 5461.21 127.445 12009.2 0.993653
133100000 5461.24 125.877 12012.8 0.993729
133200000 5461.23 122.555 12020.2 0.994004
133300000 5461.21 126.365 12011.6 0.993707
133400000 5461.23 125.24 12014.2 0.993755
133500000 5461.24 126.921 12010.4 0.993622
133600000 5461.22 130.475 12002.4 0.99345
133700000 5461.23 126.647 12011 0.993725
133800000 5461.23 123.276 12018.6 0.993901
133900000 5461.24 124.899 12015 0.993815
134000000 5461.22 128.409 12007 0.993553
134100000 5461.21 125.628 12013.3 0.993752
134200000 5461.23 126.716 12010.9 0.993671
134300000 5461.23 126.862 12010.5 0.993646
134400000 5461.23 123.551 12018 0.993928
134500000 5461.23 126.501 12011.3 0.993646
134600000 5461.22 128.932 12005.9 0.993466
134700000 5461.23 123.726 12017.6 0.99384
134800000 5461.24 126.69 12010.9 0.993702
134900000 5461.23 124.147 12016.7 0.993873
135000000 5461.23 123.345 12018.5 0.993954
135100000 5461.23 123.886 12017.2 0.993894
135200000 5461.23 127.105 12010 0.993636
135300000 5461.22 129.005 12005.7 0.993522
135400000 5461.22 124.824 12015.1 0.993815
135500000 5461.22 125.889 12012.7 0.993722
135600000 5461.22 126.176 12012.1 0.993778
135700000 5461.23 126.956 12010.3 0.993683
135800000 5461.22 125.537 12013.5 0.993762
135900000 5461.22 128.31 12007.2 0.993626
136000000 5461.23 124.551 12015.7 0.993852
136100000 5461.23 125.193 12014.3 0.993791
136200000 5461.23 123.195 12018.8 0.993948
136300000 5461.23 126.271 12011.9 0.993732
136400000 5461.23 126.049 12012.4 0.993689
136500000 5461.22 125.216 12014.2 0.993806
136600000 5461.23 124.434 12016 0.993843
136700000 5461.22 127.785 12008.4 0.993624
136800000 5461.23 127.029 12010.2 0.993604
136900000 5461.23 125.105 12014.5 0.99378
137000000 5461.22 129.616 12004.3 0.993486
137100000 5461.22 123.882 12017.2 0.993873
137200000 5461.22 128.948 12005.8 0.99353
137300000 5461.21 125.403 12013.8 0.993801
137400000 5461.22 127.017 12010.2 0.993642
137500000 5461.23 122.893 12019.5 0.99394
137600000 5461.21 133.679 11995.1 0.993216
137700000 5461.22 130.243 12002.9 0.993484
137800000 5461.23 125.636 12013.3 0.993707
137900000 5461.23 125.78 12013 0.993734
138000000 5461.21 125.528 12013.5 0.99378
138100000 5461.23 126.164 12012.1 0.993698
138200000 5461.22 126.253 12011.9 0.993741
138300000 5461.22 124.378 12016.1 0.993914
138400000 5461.22 128.813 12006.1 0.993575
138500000 5461.22 127.308 12009.5 0.993651
138600000 5461.22 125.777 12013 0.993768
138700000 5461.23 123.966 12017.1 0.993888
138800000 5461.22 124.952 12014.8 0.993825
138900000 5461.22 126.635 12011 0.993677
139000000 5461.24 121.576 12022.5 0.994046
139100000 5461.21 135.563 11990.9 0.993062
139200000 5461.23 125.461 12013.7 0.993778
139300000 5461.21 126.621 12011 0.993705
139400000 5461.22 125.542 12013.5 0.993781
139500000 5461.23 126.847 12010.6 0.993668
139600000 5461.22 121.149 12023.4 0.994094
139700000 5461.22 126.291 12011.8 0.993692
139800000 5461.23 125.643 12013.3 0.993771
139900000 5461.22 125.854 12012.8 0.99374
140000000 5461.23 123.211 12018.8 0.993944
140100000 5461.23 125.366 12013.9 0.993826
140200000 5461.24 128.669 12006.5 0.993505
140300000 5461.23 124.085 12016.8 0.993845
140400000 5461.23 129.791 12003.9 0.993464
140500000 5461.22 125.017 12014.7 0.993853
140600000 5461.22 126.853 12010.5 0.993706
140700000 5461.24 127.853 12008.3 0.993581
140800000 5461.22 122.722 12019.8 0.99397
140900000 5461.22 127.975 12008 0.993582
141000000 5461.21 124.852 12015 0.993833
141100000 5461.22 127.189 12009.8 0.993602
141200000 5461.23 124.85 12015.1 0.993818
141300000 5461.25 122.479 12020.4 0.99393
141400000 5461.22 131.427 12000.2 0.993317
141500000 5461.22 125.094 12014.5 0.993857
141600000 5461.23 125.24 12014.2 0.993791
141700000 5461.24 126.347 12011.7 0.993678
141800000 5461.22 128.053 12007.8 0.993572
141900000 5461.22 125.249 12014.2 0.993838
142000000 5461.22 129.975 12003.5 0.993426
142100000 5461.23 128.267 12007.4 0.993532
142200000 5461.22 125.224 12014.2 0.993801
142300000 5461.25 124.919 12014.9 0.993809
142400000 5461.22 130.803 12001.6 0.993386
142500000 5461.23 124.248 12016.4 0.993843
142600000 5461.23 124.633 12015.5 0.99384
142700000 5461.22 124.543 12015.7 0.993882
142800000 5461.25 125.737 12013.1 0.993704
142900000 5461.25 125.067 12014.6 0.993797
143000000 5461.21 126.318 12011.7 0.993734
143100000 5461.21 127.644 12008.7 0.993646
143200000 5461.23 120.108 12025.8 0.994168
143300000 5461.23 127.496 12009.1 0.993597
143400000 5461.23 125.408 12013.8 0.993752
143500000 5461.22 126.618 12011.1 0.994647
143600000 5461.23 121.345 12023 0.994063
143700000 5461.22 126.276 12011.8 0.993705
143800000 5461.24 123.359 12018.4 0.993946
143900000 5461.23 129.802 12003.9 0.993413
144000000 5461.23 125.173 12014.3 0.993818
144100000 5461.23 126.792 12010.7 0.993692
144200000 5461.22 126.802 12010.7 0.993675
144300000 5461.23 122.475 12020.4 0.994043
144400000 5461.23 129.323 12005 0.993539
144500000 5461.24 126.589 12011.2 0.99387
144600000 5461.23 123.262 12018.6 0.993922
144700000 5461.21 127.102 12010 0.993672
144800000 5461.22 139.462 11982.1 0.992638
144900000 5461.22 130.429 12002.5 0.993426
145000000 5461.22 127.823 12008.4 0.993651
145100000 5461.22 130.454 12002.4 0.993411
145200000 5461.22 127.868 12008.2 0.993615
145300000 5461.23 126.735 12010.8 0.993674
145400000 5461.21 125.022 12014.6 0.993858
145500000 5461.21 127.487 12009.1 0.993666
145600000 5461.23 126.083 12012.3 0.993691
145700000 5461.22 127.462 12009.2 0.993632
145800000 5461.22 121.396 12022.8 0.994082
145900000 5461.22 124.777 12015.2 0.993783
146000000 5461.23 124.037 12016.9 0.993859
146100000 5461.22 125.339 12013.9 0.993795
146200000 5461.22 121.73 12022.1 0.994016
146300000 5461.23 123.181 12018.8 0.993958
146400000 5461.23 126.175 12012.1 0.993726
146500000 5461.23 125.216 12014.3 0.993769
146600000 5461.21 126.942 12010.3 0.993673
146700000 5461.23 127.2 12009.8 0.99365
146800000 5461.21 128.106 12007.7 0.993588
146900000 5461.21 128.725 12006.3 0.993511
147000000 5461.23 124.097 12016.8 0.993883
147100000 5461.22 124.805 12015.2 0.993823
147200000 5461.24 125.125 12014.5 0.993815
147300000 5461.21 129.97 12003.5 0.993504
147400000 5461.22 127.894 12008.2 0.993606
147500000 5461.23 123.658 12017.7 0.993934
147600000 5461.22 125.686 12013.2 0.993787
147700000 5461.22 128.599 12006.6 0.993499
147800000 5461.23 126.666 12011 0.993645
147900000 5461.22 132.084 11998.8 0.993302
148000000 5461.21 122.977 12019.2 0.993977
148100000 5461.23 125.063 12014.6 0.993774
148200000 5461.23 125.446 12013.7 0.993753
148300000 5461.24 125.6 12013.4 0.994352
148400000 5461.23 127.179 12009.8 0.993622
148500000 5461.23 124.718 12015.4 0.993858
148600000 5461.23 126.662 12011 0.993712
148700000 5461.22 123.981 12017 0.993876
148800000 5461.23 134.273 11993.8 0.998205
148900000 5461.22 129.174 12005.3 0.993543
149000000 5461.23 126.224 12012 0.993722
149100000 5461.23 124.107 12016.7 0.993856
149200000 5461.22 126.025 12012.4 0.99374
149300000 5461.22 129.92 12003.6 0.993434
149400000 5461.22 121.474 12022.7 0.994077
149500000 5461.21 130.2 12003 0.993474
149600000 5461.24 125.07 12014.6 0.993752
149700000 5461.23 128.313 12007.3 0.993522
149800000 5461.22 123.22 12018.7 0.993932
149900000 5461.22 128.54 12006.7 0.99356
150000000 5461.22 125.47 12013.7 0.993747
150100000 5461.23 127.157 12009.9 0.993662
150200000 5461.22 124.757 12015.3 0.993824
150300000 5461.23 125.92 12012.7 0.993755
150400000 5461.21 128.145 12007.6 0.993559
150500000 5461.23 125.002 12014.7 0.993848
150600000 5461.21 130.333 12002.7 0.993398
150700000 5461.23 127.216 12009.7 0.993648
150800000 5461.22 127.3 12009.5 0.993635
150900000 5461.21 130.803 12001.6 0.993355
151000000 5461.22 127.206 12009.7 0.993622
151100000 5461.22 126.245 12011.9 0.993696
151200000 5461.22 125.798 12012.9 0.993751
151300000 5461.23 121.671 12022.2 0.994042
151400000 5461.22 128.36 12007.1 0.993596
151500000 5461.24 125.885 12012.8 0.993742
151600000 5461.23 122.907 12019.4 0.993916
151700000 5461.21 126.905 12010.4 0.993711
151800000 5461.23 125.345 12013.9 0.993756
151900000 5461.23 122.206 12021 0.993983
152000000 5461.22 130.685 12001.9 0.993372
152100000 5461.22 121.297 12023.1 0.994056
152200000 5461.22 127.666 12008.7 0.993603
152300000 5461.22 124.144 12016.6 0.993916
152400000 5461.22 124.935 12014.9 0.993811
152500000 5461.23 122.258 12020.9 0.993977
152600000 5461.21 129.273 12005.1 0.993489
152700000 5461.23 124.448 12016 0.993838
152800000 5461.22 126.432 12011.5 0.993674
152900000 5461.22 128.231 12007.4 0.993572
153000000 5461.23 124.839 12015.1 0.993801
153100000 5461.22 134.091 11994.2 0.993089
153200000 5461.24 122.699 12019.9 0.993963
153300000 5461.23 125.93 12012.6 0.993774
153400000 5461.22 127.711 12008.6 0.993656
153500000 5461.23 127.385 12009.4 0.993598
153600000 5461.23 121.168 12023.4 0.994093
153700000 5461.23 126.932 12010.4 0.993679
153800000 5461.23 126.561 12011.2 0.993691
153900000 5461.23 126.746 12010.8 0.993644
154000000 5461.22 126.827 12010.6 0.993711
154100000 5461.23 126.452 12011.5 0.99372
154200000 5461.23 126.237 12011.9 0.993725
154300000 5461.22 125.909 12012.7 0.993747
154400000 5461.22 128.449 12006.9 0.993554
154500000 5461.23 127.299 12009.6 0.993593
154600000 5461.22 127.647 12008.8 0.993626
154700000 5461.23 123.869 12017.3 0.993893
154800000 5461.23 126.2 12012 0.993686
154900000 5461.23 125.043 12014.6 0.993803
155000000 5461.21 131.6 11999.8 0.993382
155100000 5461.22 125.82 12012.9 0.993774
155200000 5461.22 129.117 12005.4 0.993503
155300000 5461.22 125.389 12013.8 0.993783
155400000 5461.21 130.666 12001.9 0.993396
155500000 5461.22 127.841 12008.3 0.993588
155600000 5461.23 123.905 12017.2 0.993879
155700000 5461.21 126.214 12012 0.99374
155800000 5461.23 126.39 12011.6 0.993682
155900000 5461.23 121.108 12023.5 0.994064
156000000 5461.23 128.85 12006.1 0.993583
156100000 5461.23 128.88 12006 0.993557
156200000 5461.22 126.929 12010.4 0.993613
156300000 5461.23 129.296 12005.1 0.993511
156400000 5461.23 126.753 12010.8 0.993639
156500000 5461.22 132.584 11997.6 0.993299
156600000 5461.22 123.345 12018.4 0.993975
156700000 5461.23 121.923 12021.7 0.994016
156800000 5461.22 129.524 12004.5 0.993401
156900000 5461.21 128.086 12007.7 0.993606
157000000 5461.2 127.05 12010.1 0.993729
157100000 5461.22 124.069 12016.8 0.993854
157200000 5461.23 124.669 12015.5 0.993836
157300000 5461.22 123.316 12018.5 0.993971
157400000 5461.23 128.125 12007.7 0.99358
157500000 5461.23 122.797 12019.7 0.993938
157600000 5461.23 125.098 12014.5 0.9938
157700000 5461.22 122.772 12019.7 0.993992
157800000 5461.24 124.35 12016.2 0.99383
157900000 5461.21 126.721 12010.8 0.993693
158000000 5461.22 125.573 12013.4 0.993757
158100000 5461.24 126.306 12011.8 0.993689
158200000 5461.23 124.409 12016.1 0.993959
158300000 5461.23 127.489 12009.1 0.993527
158400000 5461.21 131.532 12000 0.993344
158500000 5461.24 126.304 12011.8 0.993676
158600000 5461.21 128.221 12007.4 0.993642
158700000 5461.24 121.861 12021.8 0.994012
158800000 5461.22 126.594 12011.1 0.993674
158900000 5461.23 125.533 12013.5 0.993743
159000000 5461.22 128.466 12006.9 0.993577
159100000 5461.23 123.605 12017.9 0.99391
159200000 5461.23 128.215 12007.5 0.993593
159300000 5461.23 125.869 12012.8 0.99376
159400000 5461.22 122.793 12019.7 0.993973
159500000 5461.22 127.403 12009.3 0.993606
159600000 5461.22 124.836 12015.1 0.993815
159700000 5461.23 122.371 12020.6 0.993998
159800000 5461.22 127.166 12009.8 0.993636
159900000 5461.22 121.958 12021.6 0.994048
160000000 5461.22 136.99 11987.7 0.99539
160100000 5461.24 130.293 12002.8 0.993322
160200000 5461.24 125.375 12013.9 0.993731
160300000 5461.23 123.138 12018.9 0.993949
160400000 5461.22 125.201 12014.3 0.993782
160500000 5461.22 125.075 12014.5 0.993815
160600000 5461.23 126.589 12011.1 0.993672
160700000 5461.22 127.568 12008.9 0.993634
160800000 5461.22 124.098 12016.7 0.993868
160900000 5461.22 123.475 12018.1 0.993887
161000000 5461.22 126.265 12011.9 0.993664
161100000 5461.22 130.392 12002.6 0.993346
161200000 5461.22 125.844 12012.8 0.993784
161300000 5461.23 124.558 12015.7 0.993839
161400000 5461.22 125.474 12013.6 0.993788
161500000 5461.22 125.729 12013.1 0.993745
161600000 5461.23 124.242 12016.4 0.993872
161700000 5461.21 128.254 12007.4 0.993611
161800000 5461.23 122.081 12021.3 0.99402
161900000 5461.22 125.287 12014.1 0.993782
162000000 5461.23 126.792 12010.7 0.993682
162100000 5461.21 129.599 12004.3 0.993495
162200000 5461.22 127.483 12009.1 0.993664
162300000 5461.22 122.649 12020 0.993992
162400000 5461.22 125.727 12013.1 0.993742
162500000 5461.22 123.573 12017.9 0.993913
162600000 5461.22 127.44 12009.2 0.9936
162700000 5461.22 126.649 12011 0.993703
162800000 5461.22 122.884 12019.5 0.993921
162900000 5461.25 122.014 12021.5 0.994016
163000000 5461.22 126.006 12012.4 0.993716
163100000 5461.23 122.031 12021.4 0.994008
163200000 5461.22 129.816 12003.9 0.993528
163300000 5461.22 125.971 12012.5 0.993767
163400000 5461.23 124.391 12016.1 0.993847
163500000 5461.23 121.968 12021.5 0.994013
163600000 5461.23 123.668 12017.7 0.993872
163700000 5461.23 128.374 12007.1 0.993612
163800000 5461.22 126.812 12010.6 0.993691
163900000 5461.21 127.986 12008 0.993611
164000000 5461.23 123.091 12019 0.993927
164100000 5461.22 126.725 12010.8 0.993666
164200000 5461.22 126.085 12012.3 0.993777
164300000 5461.22 126.247 12011.9 0.993715
164400000 5461.23 127.282 12009.6 0.993656
164500000 5461.21 131.145 12000.9 0.996747
164600000 5461.22 127.634 12008.8 0.993583
164700000 5461.24 121.338 12023 0.994035
164800000 5461.23 126.281 12011.9 0.993705
164900000 5461.23 129.303 12005.1 0.993401
165000000 5461.22 127.83 12008.3 0.993627
165100000 5461.21 125.416 12013.8 0.993777
165200000 5461.23 125.804 12012.9 0.993764
165300000 5461.23 124.146 12016.7 0.995479
165400000 5461.23 123.363 12018.4 0.993902
165500000 5461.22 128.856 12006 0.993529
165600000 5461.22 122.747 12019.8 0.993981
165700000 5461.23 124.842 12015.1 0.993838
165800000 5461.21 128.676 12006.4 0.993561
165900000 5461.22 124.146 12016.6 0.993887
166000000 5461.23 125.627 12013.3 0.993753
166100000 5461.22 130.869 12001.5 0.993437
166200000 5461.22 125.851 12012.8 0.993716
166300000 5461.23 128.446 12007 0.993579
166400000 5461.23 125.822 12012.9 0.993749
166500000 5461.21 132.755 11997.2 0.993245
166600000 5461.22 125.527 12013.5 0.993777
166700000 5461.24 124.554 12015.7 0.993833
166800000 5461.21 125.339 12013.9 0.993812
166900000 5461.23 124.784 12015.2 0.993823
167000000 5461.2 126.43 12011.5 0.99375
167100000 5461.22 130.309 12002.8 0.993466
167200000 5461.23 123.823 12017.4 0.993895
167300000 5461.23 120.21 12025.5 0.994109
167400000 5461.21 129.764 12004 0.993486
167500000 5461.22 120.781 12024.2 0.994101
167600000 5461.22 131.973 11999 0.993257
167700000 5461.21 128.075 12007.8 0.993683
167800000 5461.23 125.39 12013.8 0.993807
167900000 5461.23 124.867 12015 0.993833
168000000 5461.23 121.975 12021.5 0.994014
168100000 5461.22 124.528 12015.8 0.993862
168200000 5461.22 122.865 12019.5 0.993961
168300000 5461.23 127.973 12008 0.99356
168400000 5461.22 130.963 12001.3 0.993412
168500000 5461.22 129.267 12005.1 0.993437
168600000 5461.22 120.133 12025.7 0.99418
168700000 5461.23 125.895 12012.7 0.993732
168800000 5461.22 129.884 12003.7 0.993394
168900000 5461.23 125.629 12013.3 0.993757
169000000 5461.22 128.548 12006.7 0.995088
169100000 5461.22 127.287 12009.6 0.993679
169200000 5461.22 128.228 12007.4 0.993588
169300000 5461.21 126.78 12010.7 0.99372
169400000 5461.24 125.059 12014.6 0.993803
169500000 5461.21 125.656 12013.2 0.993867
169600000 5461.22 124.337 12016.2 0.993879
169700000 5461.23 128.378 12007.1 0.993576
169800000 5461.23 122.376 12020.6 0.993959
169900000 5461.22 126.775 12010.7 0.993706
170000000 5461.21 129.113 12005.4 0.993515
170100000 5461.23 131.338 12000.5 0.993259
170200000 5461.22 129.746 12004 0.993453
170300000 5461.22 135.118 11991.9 0.99305
170400000 5461.24 129.935 12003.6 0.993446
170500000 5461.24 125.085 12014.6 0.993803
170600000 5461.24 119.774 12026.5 0.994166
170700000 5461.23 119.152 12027.9 0.994208
170800000 5461.23 124.021 12016.9 0.993862
170900000 5461.23 122.093 12021.3 0.994008
171000000 5461.23 127.023 12010.2 0.993649
171100000 5461.22 124.949 12014.8 0.993824
171200000 5461.21 134.026 11994.4 0.993164
171300000 5461.24 124.475 12015.9 0.993838
171400000 5461.23 126.521 12011.3 0.99372
171500000 5461.22 130.303 12002.8 0.993467
171600000 5461.22 127.727 12008.6 0.993634
171700000 5461.22 128.354 12007.2 0.993533
171800000 5461.22 127.666 12008.7 0.993631
171900000 5461.22 133.046 11996.6 0.993222
172000000 5461.22 127.974 12008 0.993608
172100000 5461.23 126.431 12011.5 0.993703
172200000 5461.22 125.354 12013.9 0.9938
172300000 5461.23 124.37 12016.2 0.993839
172400000 5461.22 128.201 12007.5 0.993606
172500000 5461.22 127.653 12008.7 0.993554
172600000 5461.22 123.207 12018.8 0.993951
172700000 5461.23 129.481 12004.6 0.99348
172800000 5461.22 128.514 12006.8 0.993592
172900000 5461.21 131.051 12001.1 0.993433
173000000 5461.22 123.922 12017.1 0.993858
173100000 5461.22 130.276 12002.8 0.993444
173200000 5461.22 128.199 12007.5 0.993539
173300000 5461.22 124.79 12015.2 0.993829
173400000 5461.23 125.552 12013.5 0.993783
173500000 5461.22 124.358 12016.1 0.993879
173600000 5461.22 128.746 12006.3 0.993561
173700000 5461.22 127.221 12009.7 0.993635
173800000 5461.23 122.593 12020.1 0.99403
173900000 5461.22 131.932 11999.1 0.993306
174000000 5461.24 120.729 12024.4 0.994119
174100000 5461.23 128.796 12006.2 0.993462
174200000 5461.2 132.661 11997.4 0.993332
174300000 5461.22 128.747 12006.3 0.993545
174400000 5461.21 127.007 12010.2 0.993679
174500000 5461.23 125.917 12012.7 0.993745
174600000 5461.23 124.565 12015.7 0.993855
174700000 5461.23 124.167 12016.6 0.993868
174800000 5461.22 125.445 12013.7 0.993756
174900000 5461.23 123.898 12017.2 0.9939
175000000 5461.22 123.503 12018.1 0.993914
175100000 5461.23 124.703 12015.4 0.993821
175200000 5461.22 127.43 12009.2 0.993642
175300000 5461.22 125.027 12014.7 0.993793
175400000 5461.23 123.706 12017.6 0.993937
175500000 5461.23 122.271 12020.9 0.993962
175600000 5461.23 127.432 12009.3 0.993603
175700000 5461.2 129.035 12005.6 0.993568
175800000 5461.23 124.804 12015.2 0.9938
175900000 5461.22 129.195 12005.3 0.993512
176000000 5461.22 126.063 12012.3 0.993696
176100000 5461.21 127.253 12009.6 0.993667
176200000 5461.23 122.051 12021.4 0.994022
176300000 5461.22 122.951 12019.3 0.993932
176400000 5461.23 123.904 12017.2 0.993873
176500000 5461.22 128.146 12007.6 0.993604
176600000 5461.24 123.013 12019.2 0.993949
176700000 5461.23 126.609 12011.1 0.99368
176800000 5461.22 124.623 12015.6 0.993826
176900000 5461.22 125.392 12013.8 0.993773
177000000 5461.23 121.26 12023.2 0.994088
177100000 5461.23 120.618 12024.6 0.994089
177200000 5461.21 121.992 12021.5 0.994035
177300000 5461.23 127.254 12009.7 0.993609
177400000 5461.22 128.109 12007.7 0.993585
177500000 5461.22 126.562 12011.2 0.993679
177600000 5461.22 123.237 12018.7 0.993975
177700000 5461.24 123.975 12017.1 0.993844
177800000 5461.23 122.852 12019.6 0.993914
177900000 5461.23 128.165 12007.6 0.993566
178000000 5461.23 123.965 12017 0.993873
178100000 5461.21 126.65 12011 0.993844
178200000 5461.21 129.399 12004.8 0.993502
178300000 5461.23 124.081 12016.8 0.993851
178400000 5461.22 128.51 12006.8 0.993576
178500000 5461.24 124.736 12015.3 0.993824
178600000 5461.22 124.101 12016.7 0.993854
178700000 5461.23 123.04 12019.1 0.993937
178800000 5461.24 129.95 12003.6 0.993414
178900000 5461.22 125.418 12013.8 0.993769
179000000 5461.22 127.544 12009 0.993596
179100000 5461.23 127.151 12009.9 0.993619
179200000 5461.22 124.918 12014.9 0.993779
179300000 5461.22 122.898 12019.4 0.993995
179400000 5461.22 124.876 12015 0.993786
179500000 5461.23 124.236 12016.4 0.993832
179600000 5461.22 127.124 12009.9 0.99365
179700000 5461.22 125.64 12013.3 0.993789
179800000 5461.22 124.928 12014.9 0.994188
179900000 5461.21 128.903 12005.9 0.993537
180000000 5461.22 123.727 12017.6 0.993913
180100000 5461.23 126.443 12011.5 0.99372
180200000 5461.21 125.763 12013 0.993788
180300000 5461.22 125.895 12012.7 0.993735
180400000 5461.21 126.483 12011.3 0.993853
180500000 5461.23 123.373 12018.4 0.993919
180600000 5461.23 124.931 12014.9 0.993789
180700000 5461.23 125.863 12012.8 0.993738
180800000 5461.24 123.02 12019.2 0.993898
180900000 5461.24 124.653 12015.5 0.993807
181000000 5461.22 122.777 12019.7 0.993968
181100000 5461.23 123.238 12018.7 0.993912
181200000 5461.24 121.292 12023.1 0.99408
181300000 5461.21 124.191 12016.5 0.993881
181400000 5461.22 128.297 12007.3 0.993627
181500000 5461.21 124.592 12015.6 0.993879
181600000 5461.23 127.209 12009.8 0.993655
181700000 5461.23 128.125 12007.7 0.993588
181800000 5461.22 125.038 12014.6 0.993787
181900000 5461.23 121.738 12022.1 0.994036
182000000 5461.22 128 12007.9 0.993659
182100000 5461.24 130.182 12003.1 0.993394
182200000 5461.21 132.579 11997.6 0.993261
182300000 5461.22 127.163 12009.8 0.993695
182400000 5461.22 128.999 12005.7 0.993496
182500000 5461.24 123.849 12017.3 0.994057
182600000 5461.23 123.237 12018.7 0.993924
182700000 5461.22 130.967 12001.3 0.99339
182800000 5461.22 125.839 12012.8 0.993738
182900000 5461.22 129.824 12003.8 0.993429
183000000 5461.21 130.227 12002.9 0.993384
183100000 5461.24 124.345 12016.2 0.993824
183200000 5461.23 128.769 12006.2 0.993501
183300000 5461.22 130.55 12002.2 0.993422
183400000 5461.23 122.838 12019.6 0.993986
183500000 5461.23 127.318 12009.5 0.9936
183600000 5461.22 123.87 12017.3 0.993926
183700000 5461.23 126.418 12011.5 0.993639
183800000 5461.23 124.485 12015.9 0.993789
183900000 5461.23 122.957 12019.3 0.993973
184000000 5461.23 126.208 12012 0.993768
184100000 5461.22 123.885 12017.2 0.993906
184200000 5461.23 123.281 12018.6 0.993917
184300000 5461.24 122.191 12021.1 0.993981
184400000 5461.24 126.775 12010.8 0.993664
184500000 5461.23 125.034 12014.6 0.993833
184600000 5461.23 126.554 12011.2 0.993704
184700000 5461.24 122.794 12019.7 0.993981
184800000 5461.24 121.237 12023.2 0.994052
184900000 5461.23 121.914 12021.7 0.994004
185000000 5461.23 125.67 12013.2 0.993771
185100000 5461.22 124.341 12016.2 0.993856
185200000 5461.21 128.745 12006.3 0.993559
185300000 5461.24 126.368 12011.7 0.993658
185400000 5461.22 126.876 12010.5 0.993665
185500000 5461.23 124.724 12015.3 0.993826
185600000 5461.22 124.189 12016.5 0.993883
185700000 5461.21 128.566 12006.7 0.993597
185800000 5461.23 122.274 12020.9 0.994003
185900000 5461.22 127.851 12008.3 0.993664
186000000 5461.23 122.859 12019.5 0.993962
186100000 5461.23 127.917 12008.2 0.993509
186200000 5461.23 122.774 12019.7 0.993952
186300000 5461.23 125.617 12013.3 0.993738
186400000 5461.21 137.299 11987 0.992849
186500000 5461.23 127.369 12009.4 0.993573
186600000 5461.22 122.025 12021.4 0.993977
186700000 5461.23 127.961 12008.1 0.993596
186800000 5461.22 126.843 12010.6 0.993659
186900000 5461.22 127.827 12008.3 0.993657
187000000 5461.23 126.684 12010.9 0.993637
187100000 5461.23 125.037 12014.7 0.993825
187200000 5461.24 124.828 12015.1 0.993775
187300000 5461.22 130.292 12002.8 0.993401
187400000 5461.23 127.7 12008.7 0.993572
187500000 5461.24 126.095 12012.3 0.993676
187600000 5461.23 121.848 12021.8 0.994006
187700000 5461.23 129.746 12004 0.993486
187800000 5461.22 122.102 12021.2 0.994024
187900000 5461.21 125.021 12014.6 0.993833
188000000 5461.22 127.777 12008.4 0.993616
188100000 5461.22 127.989 12008 0.9936
188200000 5461.22 131.096 12001 0.993399
188300000 5461.21 127.786 12008.4 0.993629
188400000 5461.23 125.331 12014 0.993764
188500000 5461.22 124.712 12015.3 0.993871
188600000 5461.23 130.631 12002 0.993379
188700000 5461.23 124.905 12014.9 0.993833
188800000 5461.22 123.639 12017.8 0.993905
188900000 5461.21 130.587 12002.1 0.993456
189000000 5461.22 122.861 12019.5 0.993941
189100000 5461.22 126.6 12011.1 0.993689
189200000 5461.22 125.565 12013.4 0.993754
189300000 5461.23 120.308 12025.3 0.994146
189400000 5461.23 122.103 12021.2 0.993992
189500000 5461.23 124.514 12015.8 0.993832
189600000 5461.22 125.576 12013.4 0.993761
189700000 5461.22 128.741 12006.3 0.993442
189800000 5461.23 123.215 12018.7 0.993951
189900000 5461.23 123.44 12018.2 0.993927
190000000 5461.22 127.093 12010 0.993677
190100000 5461.21 128.583 12006.6 0.993548
190200000 5461.23 125.228 12014.2 0.993794
190300000 5461.23 125.331 12014 0.993758
190400000 5461.23 125.757 12013 0.993737
190500000 5461.23 123.736 12017.6 0.993888
190600000 5461.23 124.143 12016.7 0.993906
190700000 5461.22 129.504 12004.6 0.993467
190800000 5461.23 128.798 12006.2 0.993485
190900000 5461.22 130.809 12001.6 0.993432
191000000 5461.21 127.881 12008.2 0.993691
191100000 5461.24 125.61 12013.4 0.993762
191200000 5461.23 126.218 12012 0.993749
191300000 5461.23 123.934 12017.1 0.99389
191400000 5461.23 126.833 12010.6 0.993666
191500000 5461.22 128.926 12005.9 0.993563
191600000 5461.22 122.36 12020.7 0.993986
191700000 5461.23 122.808 12019.7 0.993958
191800000 5461.22 131.106 12001 0.993319
191900000 5461.22 125.134 12014.4 0.993796
192000000 5461.22 126.476 12011.4 0.993687
192100000 5461.23 127.877 12008.3 0.993569
192200000 5461.23 123.766 12017.5 0.993902
192300000 5461.21 127.5 12009.1 0.993662
192400000 5461.22 126.314 12011.8 0.99367
192500000 5461.22 126.209 12012 0.993778
192600000 5461.23 125.957 12012.6 0.993768
192700000 5461.23 125.51 12013.6 0.993749
192800000 5461.23 127.986 12008 0.993528
192900000 5461.24 125.748 12013.1 0.993738
193000000 5461.23 125.385 12013.9 0.99379
193100000 5461.21 130.57 12002.1 0.993377
193200000 5461.23 127.532 12009 0.993654
193300000 5461.21 128.311 12007.2 0.993634
193400000 5461.23 122.486 12020.4 0.99396
193500000 5461.21 135.994 11989.9 0.99302
193600000 5461.22 127.083 12010 0.993719
193700000 5461.24 124.12 12016.7 0.993784
193800000 5461.21 138.976 11983.2 0.992752
193900000 5461.21 129.707 12004.1 0.993492
194000000 5461.23 132.474 11997.9 0.993196
194100000 5461.23 123.955 12017.1 0.993923
194200000 5461.2 129.954 12003.5 0.993458
194300000 5461.22 124.716 12015.3 0.99386
194400000 5461.23 126.794 12010.7 0.993676
194500000 5461.23 127.949 12008.1 0.993581
194600000 5461.22 127.617 12008.8 0.993645
194700000 5461.22 124.82 12015.1 0.993851
194800000 5461.22 126.805 12010.6 0.993683
194900000 5461.22 124.584 12015.6 0.993838
195000000 5461.23 123.913 12017.2 0.993873
195100000 5461.22 128.224 12007.4 0.993529
195200000 5461.22 124.355 12016.2 0.993883
195300000 5461.23 124.439 12016 0.993844
195400000 5461.22 132.47 11997.9 0.993274
195500000 5461.23 123.248 12018.7 0.993947
195600000 5461.21 125.499 12013.6 0.995615
195700000 5461.22 125.643 12013.3 0.99374
195800000 5461.23 128.418 12007 0.993525
195900000 5461.23 128.13 12007.7 0.993557
196000000 5461.21 125.321 12014 0.993757
196100000 5461.23 122.584 12020.2 0.993991
196200000 5461.23 123.845 12017.3 0.993877
196300000 5461.22 126.03 12012.4 0.993735
196400000 5461.22 124.519 12015.8 0.993861
196500000 5461.23 129.945 12003.6 0.993436
196600000 5461.2 132.307 11998.2 0.993345
196700000 5461.23 127.866 12008.3 0.993591
196800000 5461.23 126.82 12010.6 0.993648
196900000 5461.23 122.976 12019.3 0.993924
197000000 5461.22 124.166 12016.6 0.993884
197100000 5461.23 126.04 12012.4 0.993762
197200000 5461.23 121.815 12021.9 0.99404
197300000 5461.23 125.777 12013 0.993731
197400000 5461.22 127.703 12008.6 0.993626
197500000 5461.23 124.535 12015.8 0.993815
197600000 5461.23 121.697 12022.2 0.994031
197700000 5461.22 125.517 12013.5 0.993809
197800000 5461.22 126.854 12010.5 0.993738
197900000 5461.24 127.17 12009.9 0.993579
198000000 5461.22 124.184 12016.6 0.993886
198100000 5461.21 130.725 12001.8 0.993378
198200000 5461.22 124.033 12016.9 0.993926
198300000 5461.22 127.135 12009.9 0.993677
198400000 5461.23 124.98 12014.8 0.993803
198500000 5461.23 125.817 12012.9 0.993737
198600000 5461.22 124.466 12015.9 0.99387
198700000 5461.21 125.862 12012.8 0.993763
198800000 5461.23 123.32 12018.5 0.993941
198900000 5461.21 125.101 12014.5 0.993826
199000000 5461.22 130.159 12003.1 0.99342
199100000 5461.22 128.284 12007.3 0.993606
199200000 5461.23 125.223 12014.2 0.994034
199300000 5461.22 128.932 12005.9 0.993495
199400000 5461.22 126.203 12012 0.993688
199500000 5461.22 127.795 12008.4 0.993595
199600000 5461.22 126.827 12010.6 0.993709
199700000 5461.22 126.382 12011.6 0.993749
199800000 5461.23 127.352 12009.4 0.993631
199900000 5461.23 128.532 12006.8 0.993559
200000000 5461.23 124.003 12017 0.993853
200100000 5461.22 125.717 12013.1 0.993747
200200000 5461.22 131.975 11999 0.993347
200300000 5461.21 126.047 12012.3 0.993759
200400000 5461.23 133.004 11996.7 0.99311
200500000 5461.23 123.905 12017.2 0.993857
200600000 5461.22 126.522 12011.3 0.993713
200700000 5461.21 126.003 12012.4 0.993745
200800000 5461.21 129.534 12004.5 0.993524
200900000 5461.21 127.143 12009.9 0.993638
201000000 5461.2 129.753 12004 0.99354
201100000 5461.22 128.469 12006.9 0.993558
201200000 5461.24 124.715 12015.4 0.993797
201300000 5461.22 129.196 12005.3 0.993451
201400000 5461.23 131.61 11999.8 0.993301
201500000 5461.21 127.89 12008.2 0.993672
201600000 5461.22 127.429 12009.2 0.993646
201700000 5461.22 128.266 12007.3 0.993588
201800000 5461.22 136.196 11989.5 0.992961
201900000 5461.22 124.106 12016.7 0.993853
202000000 5461.23 136.087 11989.8 0.992946
202100000 5461.22 125.505 12013.6 0.993829
202200000 5461.22 125.804 12012.9 0.993746
202300000 5461.22 127.546 12009 0.993598
202400000 5461.22 130.006 12003.4 0.995104
202500000 5461.21 128.903 12005.9 0.993561
202600000 5461.23 128.134 12007.7 0.993558
202700000 5461.22 123.643 12017.8 0.993894
202800000 5461.23 131.048 12001.1 0.993316
202900000 5461.22 130.133 12003.2 0.993441
203000000 5461.22 125.86 12012.8 0.993676
203100000 5461.21 129.66 12004.2 0.993552
203200000 5461.23 122.123 12021.2 0.994056
203300000 5461.22 126.659 12011 0.993666
203400000 5461.23 126.698 12010.9 0.993677
203500000 5461.23 124.75 12015.3 0.99382
203600000 5461.23 125.496 12013.6 0.993759
203700000 5461.24 120.856 12024.1 0.994095
203800000 5461.21 125.839 12012.8 0.993745
203900000 5461.23 124.083 12016.8 0.993885
204000000 5461.24 131.426 12000.3 0.993272
204100000 5461.21 131.499 12000.1 0.993304
204200000 5461.22 126.814 12010.6 0.993679
204300000 5461.22 126.09 12012.2 0.993748
204400000 5461.22 127.699 12008.6 0.993613
204500000 5461.22 128.201 12007.5 0.993562
204600000 5461.23 126.663 12011 0.993693
204700000 5461.22 123.432 12018.2 0.99391
204800000 5461.22 127.136 12009.9 0.993705
204900000 5461.23 125.608 12013.4 0.993744
205000000 5461.2 131.538 11999.9 0.993375
205100000 5461.24 123.253 12018.7 0.993884
205200000 5461.23 124.177 12016.6 0.993874
205300000 5461.23 124.245 12016.4 0.993834
205400000 5461.23 123.99 12017 0.993886
205500000 5461.24 126.101 12012.3 0.993705
205600000 5461.22 124.744 12015.3 0.993831
205700000 5461.23 124.325 12016.2 0.994666
205800000 5461.21 130.184 12003 0.993445
205900000 5461.21 132.169 11998.5 0.993341
206000000 5461.23 129.658 12004.2 0.993452
206100000 5461.21 125.846 12012.8 0.993789
206200000 5461.22 125.441 12013.7 0.993833
206300000 5461.22 125.711 12013.1 0.993774
206400000 5461.23 125.767 12013 0.993721
206500000 5461.22 127.226 12009.7 0.993638
206600000 5461.23 124.293 12016.3 0.993844
206700000 5461.23 124.086 12016.8 0.993898
206800000 5461.21 128.459 12006.9 0.993534
206900000 5461.22 130.927 12001.4 0.993391
207000000 5461.22 127.945 12008.1 0.993573
207100000 5461.24 123.168 12018.9 0.99391
207200000 5461.23 124.238 12016.4 0.993859
207300000 5461.23 124.093 12016.8 0.993899
207400000 5461.22 123.318 12018.5 0.993885
207500000 5461.23 124.19 12016.5 0.993831
207600000 5461.22 126.011 12012.4 0.993772
207700000 5461.23 121.109 12023.5 0.994073
207800000 5461.23 125.566 12013.4 0.993753
207900000 5461.21 131.18 12000.8 0.993362
208000000 5461.23 125.517 12013.6 0.993765
208100000 5461.23 133.445 11995.7 0.993077
208200000 5461.23 124.877 12015 0.993796
208300000 5461.24 125.32 12014 0.993748
208400000 5461.23 126.158 12012.1 0.993708
208500000 5461.23 125.001 12014.7 0.993781
208600000 5461.22 124.55 12015.7 0.993868
208700000 5461.24 122.79 12019.7 0.993998
208800000 5461.21 131.791 11999.4 0.993256
208900000 5461.21 127.121 12009.9 0.99367
209000000 5461.2 130.795 12001.6 0.993439
209100000 5461.2 130.096 12003.2 0.993442
209200000 5461.22 126.09 12012.3 0.993737
209300000 5461.23 124.452 12016 0.993856
209400000 5461.22 125.215 12014.2 0.993766
209500000 5461.24 122.483 12020.4 0.993933
209600000 5461.23 126.807 12010.7 0.993647
209700000 5461.22 130.418 12002.5 0.99344
209800000 5461.22 125.498 12013.6 0.993763
209900000 5461.23 126.939 12010.4 0.993677
210000000 5461.23 129.225 12005.2 0.993488
210100000 5461.23 126.893 12010.5 0.993637
210200000 5461.23 122.182 12021.1 0.994022
210300000 5461.21 123.859 12017.3 0.993904
210400000 5461.23 123.987 12017 0.993864
210500000 5461.23 122.951 12019.3 0.993949
210600000 5461.23 125.325 12014 0.993832
210700000 5461.22 125.641 12013.3 0.99381
210800000 5461.21 128.015 12007.9 0.993595
210900000 5461.22 128.431 12007 0.993535
211000000 5461.22 129.292 12005.1 0.993459
211100000 5461.22 126.608 12011.1 0.9937
211200000 5461.22 127.49 12009.1 0.993611
211300000 5461.22 128.491 12006.8 0.9935
211400000 5461.22 127.704 12008.6 0.993611
211500000 5461.22 122.755 12019.8 0.99398
211600000 5461.23 125.192 12014.3 0.993784
211700000 5461.22 132.5 11997.8 0.993291
211800000 5461.23 122.433 12020.5 0.994024
211900000 5461.22 125.152 12014.4 0.993846
212000000 5461.23 129.776 12004 0.993417
212100000 5461.23 125.664 12013.2 0.993782
212200000 5461.21 128.248 12007.4 0.993571
212300000 5461.23 125.782 12013 0.993744
212400000 5461.22 126.68 12010.9 0.993703
212500000 5461.21 126.75 12010.8 0.993694
212600000 5461.22 126.022 12012.4 0.993749
212700000 5461.23 122.306 12020.8 0.994016
212800000 5461.23 123.898 12017.2 0.993885
212900000 5461.22 128.268 12007.4 0.993578
213000000 5461.22 125.06 12014.6 0.993786
213100000 5461.22 126.004 12012.4 0.99372
213200000 5461.23 125.616 12013.3 0.993792
213300000 5461.23 124.588 12015.7 0.993796
213400000 5461.23 126.77 12010.7 0.993737
213500000 5461.23 122.435 12020.5 0.993963
213600000 5461.23 123.387 12018.4 0.99395
213700000 5461.23 122.662 12020 0.993953
213800000 5461.21 126.037 12012.4 0.993776
213900000 5461.22 128.259 12007.4 0.9936
214000000 5461.23 122.91 12019.4 0.993947
214100000 5461.22 128.07 12007.8 0.993561
214200000 5461.23 126.443 12011.5 0.993669
214300000 5461.22 127.258 12009.6 0.993687
214400000 5461.22 123.406 12018.3 0.993932
214500000 5461.21 128.283 12007.3 0.993525
214600000 5461.23 122.36 12020.7 0.994
214700000 5461.22 128.018 12007.9 0.993615
214800000 5461.21 128.573 12006.6 0.993581
214900000 5461.22 125.079 12014.5 0.993836
215000000 5461.22 129.393 12004.8 0.993478
215100000 5461.22 128.283 12007.3 0.993535
215200000 5461.24 124.885 12015 0.993803
215300000 5461.23 129.043 12005.6 0.993469
215400000 5461.23 128.3 12007.3 0.993591
215500000 5461.23 124.785 12015.2 0.993819
215600000 5461.22 129.47 12004.6 0.99348
215700000 5461.23 125.896 12012.7 0.993741
215800000 5461.23 121.28 12023.1 0.994043
215900000 5461.22 128.353 12007.2 0.993519
216000000 5461.21 126.619 12011 0.993699
216100000 5461.23 124.374 12016.1 0.993886
216200000 5461.22 127.081 12010 0.993647
216300000 5461.23 127.363 12009.4 0.993588
216400000 5461.22 124.998 12014.7 0.993826
216500000 5461.22 123.184 12018.8 0.993943
216600000 5461.21 125.996 12012.4 0.993721
216700000 5461.23 129.111 12005.5 0.99349
216800000 5461.23 122.989 12019.3 0.993946
216900000 5461.24 123.894 12017.2 0.993909
217000000 5461.22 131.638 11999.8 0.993275
217100000 5461.22 129.01 12005.7 0.993515
217200000 5461.22 128.69 12006.4 0.993452
217300000 5461.22 126.335 12011.7 0.993746
217400000 5461.23 123.589 12017.9 0.993886
217500000 5461.21 128.926 12005.9 0.993498
217600000 5461.23 127.929 12008.1 0.993624
217700000 5461.22 126.26 12011.9 0.993779
217800000 5461.24 124.566 12015.7 0.993788
217900000 5461.23 121.06 12023.6 0.994084
218000000 5461.24 122.234 12021 0.993984
218100000 5461.23 124.902 12014.9 0.99377
218200000 5461.22 126.992 12010.2 0.993665
218300000 5461.22 129.783 12003.9 0.993436
218400000 5461.22 127.225 12009.7 0.993596
218500000 5461.24 123.517 12018.1 0.993933
218600000 5461.22 126.326 12011.7 0.993715
218700000 5461.22 125.359 12013.9 0.993798
218800000 5461.22 124.062 12016.8 0.993879
218900000 5461.23 125.55 12013.5 0.993786
219000000 5461.23 127.269 12009.6 0.993691
219100000 5461.22 127.299 12009.5 0.993627
219200000 5461.22 128.221 12007.5 0.993567
219300000 5461.21 125.175 12014.3 0.993786
219400000 5461.23 130.324 12002.7 0.993406
219500000 5461.22 127.658 12008.7 0.993606
219600000 5461.23 123.63 12017.8 0.993908
219700000 5461.22 128.428 12007 0.993519
219800000 5461.2 132.3 11998.2 0.993258
219900000 5461.22 129.401 12004.8 0.99345
220000000 5461.22 126.111 12012.2 0.993751
220100000 5461.23 128.979 12005.8 0.993494
220200000 5461.23 123.899 12017.2 0.993877
220300000 5461.22 126.774 12010.7 0.993694
220400000 5461.23 122.465 12020.4 0.994027
220500000 5461.24 124.961 12014.8 0.993783
220600000 5461.23 124.051 12016.9 0.9939
220700000 5461.22 123.863 12017.3 0.993917
220800000 5461.22 124.217 12016.5 0.993875
220900000 5461.21 125.275 12014.1 0.993813
221000000 5461.22 129.399 12004.8 0.993489
221100000 5461.23 128.718 12006.4 0.993576
221200000 5461.24 126.235 12012 0.993667
221300000 5461.22 124.665 12015.5 0.994141
221400000 5461.23 123.798 12017.4 0.993881
221500000 5461.23 133.51 11995.6 0.993069
221600000 5461.22 124.001 12017 0.993898
221700000 5461.22 130.339 12002.7 0.993423
221800000 5461.22 130.137 12003.1 0.993479
221900000 5461.23 125.711 12013.1 0.993782
222000000 5461.23 124.61 12015.6 0.993867
222100000 5461.23 123.508 12018.1 0.993905
222200000 5461.23 124.603 12015.6 0.993815
222300000 5461.24 120.889 12024 0.994085
222400000 5461.22 126.253 12011.9 0.993752
222500000 5461.22 125.764 12013 0.993785
222600000 5461.23 125.268 12014.1 0.993784
222700000 5461.22 121.752 12022 0.994039
222800000 5461.23 123.491 12018.1 0.993914
222900000 5461.22 126.28 12011.8 0.993731
223000000 5461.21 129.192 12005.2 0.993562
223100000 5461.23 122.282 12020.9 0.993994
223200000 5461.24 124.155 12016.6 0.994042
223300000 5461.23 125.207 12014.3 0.993761
223400000 5461.23 126.252 12011.9 0.993696
223500000 5461.21 129.214 12005.2 0.993582
223600000 5461.23 122.155 12021.1 0.994037
223700000 5461.23 123.771 12017.5 0.9939
223800000 5461.24 124.306 12016.3 0.993823
223900000 5461.22 125.43 12013.7 0.993752
224000000 5461.23 125.204 12014.3 0.993811
224100000 5461.22 127.298 12009.5 0.993676
224200000 5461.23 125.807 12012.9 0.99369
224300000 5461.21 131.35 12000.4 0.993368
224400000 5461.23 123.198 12018.8 0.993941
224500000 5461.23 129.241 12005.2 0.99343
224600000 5461.23 127.04 12010.1 0.993657
224700000 5461.23 126.39 12011.6 0.993724
224800000 5461.23 122.33 12020.7 0.993977
224900000 5461.23 126.866 12010.5 0.993715
225000000 5461.22 128.406 12007 0.993557
225100000 5461.22 128.101 12007.7 0.993625
225200000 5461.21 125.224 12014.2 0.993819
225300000 5461.23 123.893 12017.2 0.993903
225400000 5461.23 134.327 11993.7 0.993013
225500000 5461.22 124.585 12015.6 0.993864
225600000 5461.22 128.255 12007.4 0.993619
225700000 5461.21 127.668 12008.7 0.993637
225800000 5461.21 127.881 12008.2 0.993923
225900000 5461.22 127.882 12008.2 0.993582
226000000 5461.22 122.565 12020.2 0.993985
226100000 5461.23 126.035 12012.4 0.993708
226200000 5461.24 121.908 12021.7 0.994019
226300000 5461.22 131.987 11999 0.993293
226400000 5461.22 126.262 12011.9 0.993742
226500000 5461.22 124.519 12015.8 0.993863
226600000 5461.22 127.208 12009.7 0.993665
226700000 5461.22 123.82 12017.4 0.993878
226800000 5461.23 124.962 12014.8 0.993841
226900000 5461.22 122.779 12019.7 0.993979
227000000 5461.24 125.381 12013.9 0.993788
227100000 5461.22 128.689 12006.4 0.993561
227200000 5461.22 130.083 12003.3 0.993397
227300000 5461.21 132.715 11997.3 0.993245
227400000 5461.23 131.719 11999.6 0.993346
227500000 5461.23 124.943 12014.9 0.993792
227600000 5461.21 126.897 12010.4 0.993705
227700000 5461.23 122.782 12019.7 0.993961
227800000 5461.23 123.167 12018.9 0.993929
227900000 5461.23 126.869 12010.5 0.993695
228000000 5461.23 122.825 12019.6 0.9939
228100000 5461.22 126.007 12012.4 0.993751
228200000 5461.23 128.399 12007.1 0.993565
228300000 5461.21 127.372 12009.4 0.993657
228400000 5461.25 122.588 12020.2 0.993945
228500000 5461.22 126.11 12012.2 0.993653
228600000 5461.24 128.642 12006.5 0.99348
228700000 5461.22 133.524 11995.5 0.993248
228800000 5461.23 123.348 12018.5 0.993946
228900000 5461.23 126.804 12010.7 0.993718
229000000 5461.23 123.449 12018.2 0.993876
229100000 5461.23 129.696 12004.1 0.993403
229200000 5461.22 122.85 12019.5 0.993988
229300000 5461.22 126.446 12011.5 0.993691
229400000 5461.23 124.161 12016.6 0.993843
229500000 5461.24 125.644 12013.3 0.993752
229600000 5461.24 121.576 12022.5 0.994038
229700000 5461.23 122.388 12020.6 0.993972
229800000 5461.22 128.061 12007.8 0.993578
229900000 5461.23 124.943 12014.8 0.993807
230000000 5461.21 124.954 12014.8 0.993854
230100000 5461.23 124.937 12014.9 0.993801
230200000 5461.22 129.741 12004 0.993468
230300000 5461.22 123.255 12018.6 0.993908
230400000 5461.22 129.819 12003.8 0.993466
230500000 5461.22 129.3 12005 0.993438
230600000 5461.22 130.757 12001.7 0.993298
230700000 5461.23 123.611 12017.8 0.993926
230800000 5461.22 123.463 12018.2 0.993942
230900000 5461.21 126.095 12012.2 0.993769
231000000 5461.22 129.222 12005.2 0.993522
231100000 5461.22 128.681 12006.4 0.993533
231200000 5461.23 123.259 12018.7 0.993919
231300000 5461.23 124.429 12016 0.99387
231400000 5461.23 124.392 12016.1 0.993823
231500000 5461.24 122.019 12021.5 0.994023
231600000 5461.23 123.904 12017.2 0.993876
231700000 5461.22 123.624 12017.8 0.993923
231800000 5461.21 124.559 12015.7 0.993847
231900000 5461.21 129.383 12004.8 0.993521
232000000 5461.22 127.718 12008.6 0.993624
232100000 5461.22 128.081 12007.8 0.993583
232200000 5461.24 124.786 12015.2 0.993778
232300000 5461.2 134.906 11992.4 0.99311
232400000 5461.23 121.211 12023.3 0.994042
232500000 5461.23 126.443 12011.5 0.993714
232600000 5461.22 128.33 12007.2 0.993578
232700000 5461.23 124.435 12016 0.993846
232800000 5461.22 129.444 12004.7 0.993504
232900000 5461.24 125.49 12013.6 0.993789
233000000 5461.23 127.053 12010.1 0.993662
233100000 5461.22 125.919 12012.6 0.99375
233200000 5461.22 126.186 12012 0.993711
233300000 5461.23 122.122 12021.2 0.994016
233400000 5461.21 131.064 12001 0.993368
233500000 5461.23 125.527 12013.5 0.993767
233600000 5461.23 125.563 12013.5 0.993691
233700000 5461.23 125.159 12014.4 0.994526
233800000 5461.22 127.997 12008 0.993615
233900000 5461.22 132.882 11997 0.993155
234000000 5461.22 126.713 12010.9 0.993723
234100000 5461.21 126.195 12012 0.993741
234200000 5461.24 124.132 12016.7 0.993842
234300000 5461.23 131.805 11999.4 0.993245
234400000 5461.22 125.392 12013.8 0.993798
234500000 5461.22 124.862 12015 0.993812
234600000 5461.24 126.789 12010.7 0.99372
234700000 5461.23 122.966 12019.3 0.993938
234800000 5461.23 123.848 12017.3 0.993903
234900000 5461.22 123.973 12017 0.993886
235000000 5461.23 124.185 12016.6 0.993855
235100000 5461.23 122.11 12021.2 0.994007
235200000 5461.23 126.664 12011 0.993681
235300000 5461.22 122.309 12020.8 0.994001
235400000 5461.22 127.684 12008.7 0.993644
235500000 5461.22 126.015 12012.4 0.993712
235600000 5461.22 127.508 12009.1 0.993586
235700000 5461.23 125.985 12012.5 0.993843
235800000 5461.23 125.345 12013.9 0.993801
235900000 5461.23 130.426 12002.5 0.993394
236000000 5461.23 126.581 12011.2 0.993644
236100000 5461.23 124.519 12015.8 0.993872
236200000 5461.23 124.84 12015.1 0.993877
236300000 5461.22 129.772 12004 0.993402
236400000 5461.23 131.588 11999.9 0.993328
236500000 5461.23 125.223 12014.2 0.993787
236600000 5461.23 120.835 12024.1 0.994086
236700000 5461.23 121.614 12022.4 0.994075
236800000 5461.22 130.666 12002 0.993354
236900000 5461.23 127.015 12010.2 0.993672
237000000 5461.22 128.146 12007.6 0.993548
237100000 5461.22 122.753 12019.8 0.99393
237200000 5461.21 129.506 12004.5 0.993475
237300000 5461.23 130.098 12003.2 0.993397
237400000 5461.23 128.79 12006.2 0.993462
237500000 5461.23 124.872 12015 0.993782
237600000 5461.22 131.784 11999.4 0.993296
237700000 5461.22 125.335 12014 0.993795
237800000 5461.21 125.747 12013 0.993765
237900000 5461.21 131.302 12000.5 0.993389
238000000 5461.23 127.616 12008.8 0.99359
238100000 5461.23 120.84 12024.1 0.994082
238200000 5461.22 126.316 12011.7 0.993686
238300000 5461.23 125.255 12014.1 0.99383
238400000 5461.23 127.835 12008.4 0.993578
238500000 5461.23 123.922 12017.2 0.993886
238600000 5461.22 125.99 12012.5 0.993751
238700000 5461.21 128.172 12007.5 0.993614
238800000 5461.22 127.765 12008.5 0.99362
238900000 5461.21 132.825 11997.1 0.993275
239000000 5461.22 126.45 12011.5 0.993737
239100000 5461.22 124.244 12016.4 0.993841
239200000 5461.23 125.791 12012.9 0.993781
239300000 5461.22 124.475 12015.9 0.993846
239400000 5461.22 129.558 12004.4 0.993469
239500000 5461.23 127.047 12010.1 0.993674
239600000 5461.23 122.847 12019.6 0.993953
239700000 5461.23 124.927 12014.9 0.993814
239800000 5461.22 133.486 11995.6 0.993166
239900000 5461.23 127.505 12009.1 0.993581
240000000 5461.23 129.258 12005.1 0.993479
240100000 5461.22 122.073 12021.3 0.994011
240200000 5461.22 123.495 12018.1 0.993934
240300000 5461.23 126.352 12011.7 0.993722
240400000 5461.23 122.866 12019.5 0.993956
240500000 5461.22 126.843 12010.6 0.993657
240600000 5461.23 126.215 12012 0.99367
240700000 5461.21 128.607 12006.6 0.993624
240800000 5461.23 122.244 12020.9 0.994018
240900000 5461.24 121.099 12023.5 0.994081
241000000 5461.23 126.737 12010.8 0.993694
241100000 5461.24 123.239 12018.7 0.993916
241200000 5461.22 122.343 12020.7 0.993975
241300000 5461.22 130.038 12003.4 0.993469
241400000 5461.23 127.309 12009.5 0.993637
241500000 5461.24 123.087 12019.1 0.993919
241600000 5461.22 123.671 12017.7 0.993915
241700000 5461.22 124.908 12014.9 0.993822
241800000 5461.22 126.362 12011.6 0.993745
241900000 5461.22 131.343 12000.4 0.993283
242000000 5461.22 129.244 12005.1 0.993534
242100000 5461.22 128.34 12007.2 0.993571
242200000 5461.23 132.573 11997.7 0.993167
242300000 5461.22 123.962 12017 0.993911
242400000 5461.22 124.766 12015.2 0.993805
242500000 5461.22 126.083 12012.3 0.993724
242600000 5461.22 129.005 12005.7 0.993509
242700000 5461.23 124.665 12015.5 0.993838
242800000 5461.22 124.036 12016.9 0.993875
242900000 5461.23 131.339 12000.5 0.993276
243000000 5461.23 125.685 12013.2 0.993752
243100000 5461.22 130.046 12003.3 0.993456
243200000 5461.23 123.599 12017.9 0.993904
243300000 5461.22 125.564 12013.4 0.99377
243400000 5461.23 122.165 12021.1 0.994011
243500000 5461.22 123.478 12018.1 0.993977
243600000 5461.21 130.617 12002 0.993359
243700000 5461.22 125.599 12013.4 0.99375
243800000 5461.24 122.512 12020.4 0.993957
243900000 5461.23 124.665 12015.5 0.993799
244000000 5461.23 126.281 12011.9 0.99376
244100000 5461.23 125.074 12014.6 0.993811
244200000 5461.22 125.456 12013.7 0.993743
244300000 5461.23 124.439 12016 0.993808
244400000 5461.22 127.864 12008.3 0.993609
244500000 5461.24 126.632 12011.1 0.993666
244600000 5461.23 123.053 12019.1 0.993947
244700000 5461.23 124.358 12016.2 0.993823
244800000 5461.22 125.013 12014.7 0.993853
244900000 5461.22 124.608 12015.6 0.993846
245000000 5461.23 123.276 12018.6 0.993906
245100000 5461.21 127.062 12010 0.993686
245200000 5461.23 124.274 12016.4 0.993865
245300000 5461.22 129.365 12004.9 0.995997
245400000 5461.23 126.962 12010.3 0.993635
245500000 5461.23 126.703 12010.9 0.993738
245600000 5461.24 126.274 12011.9 0.993711
245700000 5461.23 124.216 12016.5 0.993832
245800000 5461.21 126.437 12011.5 0.993736
245900000 5461.23 126.271 12011.9 0.993707
246000000 5461.21 125.117 12014.4 0.993838
246100000 5461.23 123.765 12017.5 0.993891
246200000 5461.22 132.488 11997.9 0.993215
246300000 5461.23 126.754 12010.8 0.993621
246400000 5461.22 131.255 12000.6 0.993276
246500000 5461.22 127.85 12008.3 0.993561
246600000 5461.22 128.962 12005.8 0.993556
246700000 5461.23 122.21 12021 0.993991
246800000 5461.24 123.201 12018.8 0.993928
246900000 5461.23 125.959 12012.6 0.993712
247000000 5461.22 128.957 12005.8 0.993466
247100000 5461.22 123.215 12018.7 0.993969
247200000 5461.22 125.723 12013.1 0.993801
247300000 5461.23 121.796 12021.9 0.994011
247400000 5461.22 128.305 12007.3 0.993505
247500000 5461.23 123.367 12018.4 0.993925
247600000 5461.22 124.226 12016.5 0.99387
247700000 5461.23 125.058 12014.6 0.993822
247800000 5461.22 123.932 12017.1 0.993887
247900000 5461.22 126.999 12010.2 0.99366
248000000 5461.23 127.823 12008.4 0.993543
248100000 5461.21 129.486 12004.6 0.993517
248200000 5461.21 126.025 12012.4 0.993785
248300000 5461.22 127.387 12009.3 0.993639
248400000 5461.24 124.055 12016.9 0.993874
248500000 5461.23 122.232 12021 0.994013
248600000 5461.24 127.446 12009.2 0.993601
248700000 5461.24 124.785 12015.2 0.993805
248800000 5461.22 126.038 12012.4 0.993754
248900000 5461.23 122.712 12019.9 0.993952
249000000 5461.22 126.42 12011.5 0.993716
249100000 5461.2 129.48 12004.6 0.993612
249200000 5461.23 124.003 12017 0.99388
249300000 5461.22 127.472 12009.1 0.993638
249400000 5461.24 123.895 12017.2 0.993862
249500000 5461.23 124.827 12015.1 0.993802
249600000 5461.23 123.948 12017.1 0.993918
249700000 5461.2 132.06 11998.8 0.993309
249800000 5461.22 123.226 12018.7 0.993988
249900000 5461.22 128.021 12007.9 0.99363
250000000 5461.22 129.215 12005.2 0.993506
250100000 5461.23 127.29 12009.6 0.99366
250200000 5461.24 124.8 12015.2 0.993789
250300000 5461.21 128.535 12006.7 0.993562
250400000 5461.23 129.503 12004.6 0.993479
250500000 5461.22 130.519 12002.3 0.993399
250600000 5461.22 128.771 12006.2 0.993557
250700000 5461.23 122.837 12019.6 0.993963
250800000 5461.21 130.805 12001.6 0.993412
250900000 5461.22 127.633 12008.8 0.993601
251000000 5461.22 124.16 12016.6 0.994088
251100000 5461.23 122.846 12019.6 0.993945
251200000 5461.22 124.693 12015.4 0.99385
251300000 5461.23 122.372 12020.6 0.993991
251400000 5461.23 122.574 12020.2 0.993975
251500000 5461.22 124.076 12016.8 0.993881
251600000 5461.21 129.338 12004.9 0.993586
251700000 5461.23 126.228 12012 0.99371
251800000 5461.23 124.617 12015.6 0.993841
251900000 5461.23 122.641 12020 0.993977
252000000 5461.21 127.048 12010.1 0.993672
252100000 5461.22 131.278 12000.6 0.99336
252200000 5461.23 125.237 12014.2 0.993834
252300000 5461.23 129.22 12005.2 0.993455
252400000 5461.22 126.376 12011.6 0.993729
252500000 5461.22 130.108 12003.2 0.993443
252600000 5461.22 127.479 12009.1 0.993625
252700000 5461.22 127.234 12009.7 0.993662
252800000 5461.22 125.31 12014 0.993796
252900000 5461.22 126.378 12011.6 0.993605
253000000 5461.22 131.478 12000.1 0.993283
253100000 5461.22 121.84 12021.8 0.994036
253200000 5461.24 124.027 12016.9 0.993885
253300000 5461.23 127.276 12009.6 0.993642
253400000 5461.23 126.801 12010.7 0.995635
253500000 5461.23 127.234 12009.7 0.993659
253600000 5461.22 125.663 12013.2 0.99376
253700000 5461.23 125.949 12012.6 0.993711
253800000 5461.22 129.262 12005.1 0.993512
253900000 5461.21 134.945 11992.3 0.993103
254000000 5461.22 125.04 12014.6 0.993859
254100000 5461.23 124.903 12014.9 0.993885
254200000 5461.23 127.871 12008.3 0.993488
254300000 5461.23 123.615 12017.9 0.99384
254400000 5461.23 124.01 12017 0.993871
254500000 5461.22 131.952 11999.1 0.993278
254600000 5461.22 129.478 12004.6 0.993481
254700000 5461.21 126.464 12011.4 0.993698
254800000 5461.23 124.751 12015.3 0.993805
254900000 5461.22 122.439 12020.5 0.993987
255000000 5461.22 126.456 12011.4 0.993729
255100000 5461.21 125.324 12014 0.993778
255200000 5461.22 124.274 12016.3 0.993869
255300000 5461.22 129.953 12003.6 0.993426
255400000 5461.22 125.275 12014.1 0.993777
255500000 5461.23 127.862 12008.3 0.993624
255600000 5461.23 123.915 12017.2 0.993896
255700000 5461.23 124.356 12016.2 0.993895
255800000 5461.22 126.134 12012.2 0.993732
255900000 5461.24 126.17 12012.1 0.993728
256000000 5461.22 126.576 12011.2 0.993705
256100000 5461.22 130.794 12001.7 0.993332
256200000 5461.22 127.443 12009.2 0.99359
256300000 5461.22 128.21 12007.5 0.99359
256400000 5461.23 121.811 12021.9 0.994015
256500000 5461.23 125.53 12013.5 0.99377
256600000 5461.22 124.538 12015.8 0.993838
256700000 5461.23 124.675 12015.5 0.993776
256800000 5461.22 129.614 12004.3 0.993459
256900000 5461.23 125.801 12012.9 0.993768
257000000 5461.23 124.821 12015.1 0.993837
257100000 5461.24 123.797 12017.5 0.993849
257200000 5461.23 124.874 12015 0.993827
257300000 5461.23 123.29 12018.6 0.993938
257400000 5461.21 127.96 12008 0.993608
257500000 5461.22 127.551 12009 0.993631
257600000 5461.22 123.801 12017.4 0.993924
257700000 5461.23 126.584 12011.2 0.993656
257800000 5461.23 122.778 12019.7 0.993954
257900000 5461.24 123.183 12018.8 0.993947
258000000 5461.22 122.053 12021.3 0.993998
258100000 5461.21 126.257 12011.9 0.993718
258200000 5461.21 127.576 12008.9 0.993634
258300000 5461.22 126.924 12010.4 0.993685
258400000 5461.22 135.961 11990 0.992973
258500000 5461.23 123.759 12017.5 0.993876
258600000 5461.22 127.83 12008.3 0.993569
258700000 5461.22 127.48 12009.1 0.993601
258800000 5461.22 124.168 12016.6 0.993887
258900000 5461.21 125.964 12012.5 0.993762
259000000 5461.23 123.957 12017.1 0.993875
259100000 5461.22 126.452 12011.4 0.993703
259200000 5461.22 126.61 12011.1 0.993672
259300000 5461.23 126.981 12010.3 0.993631
259400000 5461.22 122.739 12019.8 0.994024
259500000 5461.22 122.316 12020.8 0.993989
259600000 5461.22 126.937 12010.3 0.993632
259700000 5461.22 124.209 12016.5 0.9939
259800000 5461.23 127.613 12008.9 0.993637
259900000 5461.23 129.699 12004.2 0.99343
260000000 5461.22 125.238 12014.2 0.993808
260100000 5461.23 123.428 12018.3 0.994887
260200000 5461.23 124.861 12015 0.993802
260300000 5461.23 128.944 12005.8 0.993515
260400000 5461.22 127.427 12009.2 0.993668
260500000 5461.22 124.328 12016.2 0.993904
260600000 5461.22 124.958 12014.8 0.993811
260700000 5461.22 131.353 12000.4 0.993291
260800000 5461.22 122.393 12020.6 0.994019
260900000 5461.23 129.13 12005.4 0.993516
261000000 5461.22 128.216 12007.5 0.993597
261100000 5461.23 125.674 12013.2 0.993737
261200000 5461.23 126.119 12012.2 0.99372
261300000 5461.23 127.725 12008.6 0.993574
261400000 5461.21 128.128 12007.7 0.993618
261500000 5461.22 129.15 12005.4 0.993522
261600000 5461.22 123.433 12018.2 0.993913
261700000 5461.22 127.409 12009.3 0.993549
261800000 5461.23 123.853 12017.3 0.993908
261900000 5461.22 124.792 12015.2 0.993839
262000000 5461.22 127.697 12008.6 0.99362
262100000 5461.23 124.46 12015.9 0.993858
262200000 5461.23 125.354 12013.9 0.993767
262300000 5461.23 122.794 12019.7 0.993945
262400000 5461.22 127.912 12008.1 0.993624
262500000 5461.22 125.333 12014 0.994518
262600000 5461.24 123.861 12017.3 0.993874
262700000 5461.23 129.484 12004.6 0.993473
262800000 5461.23 125.701 12013.1 0.99372
262900000 5461.22 125.85 12012.8 0.993746
263000000 5461.22 125.965 12012.5 0.993809
263100000 5461.22 122.861 12019.5 0.99399
263200000 5461.22 127.44 12009.2 0.993602
263300000 5461.23 126.443 12011.5 0.993669
263400000 5461.21 131.048 12001.1 0.993402
263500000 5461.22 127.158 12009.9 0.993626
263600000 5461.22 123.622 12017.8 0.993903
263700000 5461.22 126.398 12011.6 0.993735
263800000 5461.22 126.243 12011.9 0.993753
263900000 5461.22 128.275 12007.3 0.993599
264000000 5461.23 132.424 11998 0.993234
264100000 5461.22 127.329 12009.5 0.993607
264200000 5461.23 125.759 12013 0.993756
264300000 5461.22 128.71 12006.3 0.993518
264400000 5461.22 124.624 12015.6 0.993827
264500000 5461.22 130.796 12001.7 0.993308
264600000 5461.22 125.141 12014.4 0.99385
264700000 5461.21 133.916 11994.6 0.99317
264800000 5461.23 129.227 12005.2 0.99342
264900000 5461.23 125.867 12012.8 0.993752
265000000 5461.22 124.647 12015.5 0.993844
265100000 5461.22 126.292 12011.8 0.993745
265200000 5461.23 123.73 12017.6 0.993908
265300000 5461.21 125.689 12013.1 0.993805
265400000 5461.23 125.814 12012.9 0.993752
265500000 5461.22 126.532 12011.3 0.993661
265600000 5461.23 124.462 12015.9 0.993844
265700000 5461.23 121.507 12022.6 0.994061
265800000 5461.23 123.71 12017.6 0.993906
265900000 5461.23 125.1 12014.5 0.993849
266000000 5461.22 124.753 12015.3 0.993826
266100000 5461.24 124.228 12016.5 0.993888
266200000 5461.22 130.355 12002.7 0.993427
266300000 5461.22 130.223 12002.9 0.993438
266400000 5461.23 121.828 12021.9 0.993977
266500000 5461.21 127.39 12009.3 0.993614
266600000 5461.23 128.928 12005.9 0.993462
266700000 5461.21 126.465 12011.4 0.99374
266800000 5461.23 122.757 12019.8 0.993957
266900000 5461.23 129.313 12005 0.993495
267000000 5461.23 125.788 12013 0.9937
267100000 5461.24 128.248 12007.4 0.993793
267200000 5461.23 122.467 12020.4 0.994016
267300000 5461.23 121.096 12023.5 0.994104
267400000 5461.22 126.897 12010.4 0.993695
267500000 5461.23 129.226 12005.2 0.993428
267600000 5461.24 127.947 12008.1 0.993548
267700000 5461.21 127.335 12009.4 0.993635
267800000 5461.22 125.05 12014.6 0.993818
267900000 5461.22 130.004 12003.4 0.993429
268000000 5461.24 126.11 12012.3 0.993685
268100000 5461.21 128.129 12007.6 0.993639
268200000 5461.22 124.085 12016.8 0.993836
268300000 5461.21 133.008 11996.6 0.993244
268400000 5461.22 123.921 12017.1 0.993885
268500000 5461.22 126.425 12011.5 0.993709
268600000 5461.22 121.614 12022.3 0.994041
268700000 5461.23 125.268 12014.1 0.993789
268800000 5461.23 121.445 12022.7 0.994057
268900000 5461.23 128.667 12006.5 0.993523
269000000 5461.22 125.422 12013.8 0.993754
269100000 5461.21 128.805 12006.1 0.993538
269200000 5461.22 130.591 12002.1 0.993341
269300000 5461.22 124.8 12015.2 0.993851
269400000 5461.22 126.648 12011 0.993704
269500000 5461.23 128.354 12007.2 0.993559
269600000 5461.22 120.64 12024.5 0.994144
269700000 5461.23 127.524 12009 0.993628
269800000 5461.22 123.753 12017.5 0.993888
269900000 5461.22 125.796 12012.9 0.993773
270000000 5461.22 126.719 12010.8 0.993694
270100000 5461.23 124.85 12015.1 0.993782
270200000 5461.23 122.269 12020.9 0.994012
270300000 5461.22 129.504 12004.6 0.99352
270400000 5461.23 125.243 12014.2 0.993781
270500000 5461.23 122.401 12020.6 0.993973
270600000 5461.24 119.573 12027 0.994163
270700000 5461.21 128.734 12006.3 0.993541
270800000 5461.22 126.462 12011.4 0.993683
270900000 5461.23 129.018 12005.7 0.993516
271000000 5461.22 136.447 11988.9 0.992954
271100000 5461.23 124.977 12014.8 0.993777
271200000 5461.23 128.41 12007 0.993547
271300000 5461.24 127.525 12009.1 0.993555
271400000 5461.23 127.849 12008.3 0.993518
271500000 5461.23 126.149 12012.1 0.993786
271600000 5461.21 129.827 12003.8 0.993557
271700000 5461.23 131.575 11999.9 0.99333
271800000 5461.23 126.213 12012 0.993678
271900000 5461.23 126.504 12011.3 0.993698
272000000 5461.23 122.799 12019.7 0.993932
272100000 5461.23 125.23 12014.2 0.993787
272200000 5461.23 121.3 12023.1 0.994084
272300000 5461.24 126.076 12012.3 0.993754
272400000 5461.22 125.887 12012.7 0.993742
272500000 5461.23 121.971 12021.6 0.993995
272600000 5461.21 128.77 12006.2 0.993587
272700000 5461.22 123.688 12017.7 0.993897
272800000 5461.22 127.683 12008.7 0.993659
272900000 5461.22 125.519 12013.5 0.993802
273000000 5461.23 130.169 12003.1 0.993382
273100000 5461.22 127.067 12010.1 0.993691
273200000 5461.23 123.52 12018.1 0.99394
273300000 5461.22 126.784 12010.7 0.993666
273400000 5461.22 128.66 12006.5 0.993487
273500000 5461.23 125.452 12013.7 0.993728
273600000 5461.22 125.688 12013.1 0.993785
273700000 5461.21 125.465 12013.6 0.993832
273800000 5461.24 124.408 12016.1 0.99384
273900000 5461.21 125.827 12012.8 0.993733
274000000 5461.21 125.599 12013.3 0.993777
274100000 5461.21 128.827 12006.1 0.993576
274200000 5461.21 131.049 12001.1 0.993375
274300000 5461.23 124.965 12014.8 0.99375
274400000 5461.23 125.848 12012.8 0.993726
274500000 5461.22 125.077 12014.5 0.993826
274600000 5461.22 124.934 12014.8 0.99381
274700000 5461.22 133.056 11996.6 0.993228
274800000 5461.21 133.585 11995.4 0.993177
274900000 5461.21 131.516 12000 0.993383
275000000 5461.23 124.116 12016.7 0.993846
275100000 5461.22 126.45 12011.4 0.993668
275200000 5461.22 127.299 12009.5 0.993634
275300000 5461.23 124.604 12015.6 0.993821
275400000 5461.21 132.576 11997.6 0.993278
275500000 5461.23 132.17 11998.6 0.993294
275600000 5461.22 128.196 12007.5 0.993527
275700000 5461.22 129.964 12003.5 0.993379
275800000 5461.22 125.268 12014.1 0.99382
275900000 5461.22 131.864 11999.3 0.993377
276000000 5461.23 123.554 12018 0.993904
276100000 5461.21 128.163 12007.6 0.993637
276200000 5461.22 130.218 12003 0.99338
276300000 5461.21 126.331 12011.7 0.993725
276400000 5461.22 127.071 12010.1 0.993661
276500000 5461.21 128.163 12007.6 0.993629
276600000 5461.23 127.608 12008.9 0.993555
276700000 5461.22 128.871 12006 0.993546
276800000 5461.22 125.892 12012.7 0.993739
276900000 5461.22 125.156 12014.4 0.993796
277000000 5461.23 123.47 12018.2 0.993932
277100000 5461.22 127.171 12009.8 0.993675
277200000 5461.21 130.007 12003.4 0.993437
277300000 5461.23 125.638 12013.3 0.993763
277400000 5461.21 126.05 12012.3 0.993733
277500000 5461.22 132.529 11997.8 0.993289
277600000 5461.23 126.161 12012.1 0.9937
277700000 5461.22 130.733 12001.8 0.993392
277800000 5461.23 124.518 12015.8 0.993867
277900000 5461.21 124.951 12014.8 0.993823
278000000 5461.22 127.298 12009.5 0.993632
278100000 5461.22 123.603 12017.9 0.99391
278200000 5461.23 120.53 12024.8 0.994108
278300000 5461.21 127.117 12009.9 0.993689
278400000 5461.22 130.984 12001.2 0.993359
278500000 5461.21 128.682 12006.4 0.993555
278600000 5461.23 124.824 12015.1 0.993808
278700000 5461.23 130.183 12003 0.993455
278800000 5461.22 125.206 12014.2 0.993792
278900000 5461.22 125.159 12014.4 0.993793
279000000 5461.22 128.537 12006.7 0.993539
279100000 5461.22 122.849 12019.6 0.993967
279200000 5461.23 126.21 12012 0.993698
279300000 5461.22 126.497 12011.3 0.993721
279400000 5461.22 128.895 12005.9 0.993462
279500000 5461.24 126.031 12012.4 0.99369
279600000 5461.22 124.993 12014.7 0.993816
279700000 5461.22 129.017 12005.7 0.99355
279800000 5461.23 126.183 12012.1 0.993689
279900000 5461.23 128.847 12006.1 0.993493
280000000 5461.23 124.589 12015.6 0.993863
280100000 5461.23 125.765 12013 0.993769
280200000 5461.22 126.817 12010.6 0.993703
280300000 5461.23 125.327 12014 0.99374
280400000 5461.22 135.857 11990.3 0.999461
280500000 5461.21 124.944 12014.8 0.993824
280600000 5461.23 126.041 12012.4 0.993704
280700000 5461.23 127.216 12009.7 0.993629
280800000 5461.22 127.728 12008.6 0.993648
280900000 5461.22 123.858 12017.3 0.993917
281000000 5461.22 124.251 12016.4 0.993851
281100000 5461.24 123.279 12018.6 0.99397
281200000 5461.21 123.874 12017.2 0.993905
281300000 5461.22 131.42 12000.3 0.993374
281400000 5461.24 124.703 12015.4 0.993766
281500000 5461.22 127.792 12008.4 0.993603
281600000 5461.22 128.4 12007.1 0.993557
281700000 5461.24 127.002 12010.2 0.993667
281800000 5461.23 129.219 12005.2 0.99353
281900000 5461.22 125.472 12013.6 0.993758
282000000 5461.21 134.754 11992.7 0.993183
282100000 5461.21 123.227 12018.7 0.993949
282200000 5461.23 129.97 12003.5 0.993473
282300000 5461.22 125.676 12013.2 0.993744
282400000 5461.24 124.959 12014.8 0.993787
282500000 5461.21 126.311 12011.7 0.993732
282600000 5461.23 127.235 12009.7 0.993648
282700000 5461.22 126.218 12012 0.99375
282800000 5461.23 128.157 12007.6 0.993509
282900000 5461.22 128.224 12007.4 0.993619
283000000 5461.24 125.575 12013.5 0.993704
283100000 5461.22 127.945 12008.1 0.993605
283200000 5461.23 126.061 12012.3 0.993703
283300000 5461.21 132.264 11998.3 0.993312
283400000 5461.22 125.679 12013.2 0.993755
283500000 5461.24 125.084 12014.6 0.993752
283600000 5461.24 130.457 12002.5 0.99333
283700000 5461.23 123.595 12017.9 0.993899
283800000 5461.22 124.034 12016.9 0.993922
283900000 5461.22 130.067 12003.3 0.99347
284000000 5461.23 124.458 12015.9 0.99386
284100000 5461.23 125.496 12013.6 0.993748
284200000 5461.23 128.677 12006.4 0.993514
284300000 5461.21 127.663 12008.7 0.99365
284400000 5461.22 127.078 12010 0.993633
284500000 5461.23 126.906 12010.4 0.993606
284600000 5461.22 124.253 12016.4 0.993887
284700000 5461.24 124.526 12015.8 0.993844
284800000 5461.22 128.939 12005.8 0.993542
284900000 5461.23 124.991 12014.7 0.993821
285000000 5461.22 124.531 12015.8 0.993843
285100000 5461.24 127.817 12008.4 0.99359
285200000 5461.22 129.078 12005.5 0.993533
285300000 5461.23 125.327 12014 0.993779
285400000 5461.21 125.12 12014.4 0.99382
285500000 5461.21 125.454 12013.7 0.993818
285600000 5461.22 124.7 12015.4 0.993826
285700000 5461.23 125.81 12012.9 0.993744
285800000 5461.21 129.7 12004.1 0.993503
285900000 5461.22 130.082 12003.3 0.993489
286000000 5461.24 121.383 12022.9 0.994059
286100000 5461.22 124.476 12015.9 0.993829
286200000 5461.22 126.87 12010.5 0.993671
286300000 5461.21 128.371 12007.1 0.993607
286400000 5461.24 128.653 12006.5 0.993469
286500000 5461.23 125.838 12012.8 0.993787
286600000 5461.2 136.435 11988.9 0.992978
286700000 5461.23 131.026 12001.2 0.993277
286800000 5461.21 124.559 12015.7 0.9939
286900000 5461.22 131.27 12000.6 0.993405
287000000 5461.24 124.818 12015.2 0.993809
287100000 5461.21 128.956 12005.8 0.993523
287200000 5461.22 124.952 12014.8 0.993822
287300000 5461.22 124.602 12015.6 0.993854
287400000 5461.22 125.606 12013.3 0.993799
287500000 5461.22 128.84 12006.1 0.993546
287600000 5461.23 127.82 12008.4 0.993569
287700000 5461.23 130.367 12002.7 0.993411
287800000 5461.23 126.906 12010.4 0.993628
287900000 5461.21 127.637 12008.7 0.993706
288000000 5461.23 124.451 12016 0.993865
288100000 5461.22 129.676 12004.2 0.993433
288200000 5461.22 129.671 12004.2 0.994948
288300000 5461.22 127.83 12008.3 0.993567
288400000 5461.23 125.696 12013.2 0.993739
288500000 5461.22 123.061 12019.1 0.993981
288600000 5461.22 133.451 11995.7 0.993157
288700000 5461.22 124.035 12016.9 0.993816
288800000 5461.23 125.333 12014 0.993724
288900000 5461.21 126.875 12010.5 0.993717
289000000 5461.22 124.108 12016.7 0.993881
289100000 5461.22 128.259 12007.4 0.993555
289200000 5461.22 125.564 12013.4 0.99439
289300000 5461.22 126.019 12012.4 0.993714
289400000 5461.24 123.264 12018.7 0.99391
289500000 5461.24 125.731 12013.1 0.993741
289600000 5461.23 124.226 12016.5 0.993891
289700000 5461.22 128.316 12007.2 0.993589
289800000 5461.22 129.236 12005.2 0.99351
289900000 5461.23 125.307 12014 0.993814
290000000 5461.22 126.151 12012.1 0.993715
290100000 5461.23 128.628 12006.6 0.993474
290200000 5461.23 126.553 12011.2 0.993629
290300000 5461.24 122.502 12020.4 0.993971
290400000 5461.22 127.78 12008.4 0.993645
290500000 5461.22 126.745 12010.8 0.993679
290600000 5461.22 130.383 12002.6 0.994102
290700000 5461.23 125.19 12014.3 0.993771
290800000 5461.23 131.6 11999.9 0.993198
290900000 5461.22 125.881 12012.7 0.993715
291000000 5461.22 124.926 12014.9 0.99384
291100000 5461.23 130.041 12003.4 0.993374
291200000 5461.23 126.114 12012.2 0.993681
291300000 5461.23 125.303 12014 0.993743
291400000 5461.23 125.787 12013 0.993765
291500000 5461.23 127.894 12008.2 0.993603
291600000 5461.22 127.714 12008.6 0.993579
291700000 5461.23 128.924 12005.9 0.993522
291800000 5461.22 129.328 12005 0.993512
291900000 5461.22 123.652 12017.7 0.993854
292000000 5461.23 123.613 12017.9 0.993923
292100000 5461.23 125.455 12013.7 0.993773
292200000 5461.21 124.154 12016.6 0.993905
292300000 5461.23 132.467 11997.9 0.993248
292400000 5461.21 129.699 12004.1 0.9935
292500000 5461.23 125.711 12013.1 0.993804
292600000 5461.21 127.336 12009.4 0.993699
292700000 5461.22 132.268 11998.3 0.993252
292800000 5461.21 129.883 12003.7 0.993511
292900000 5461.22 125.702 12013.1 0.993744
293000000 5461.22 129.151 12005.4 0.993494
293100000 5461.23 121.881 12021.7 0.994007
293200000 5461.22 126.306 12011.8 0.993675
293300000 5461.23 124.855 12015 0.993793
293400000 5461.22 132.904 11996.9 0.993276
293500000 5461.22 133.016 11996.7 0.993234
293600000 5461.21 133.287 11996 0.993218
293700000 5461.22 130.344 12002.7 0.993433
293800000 5461.21 132.117 11998.7 0.993297
293900000 5461.23 125.832 12012.9 0.993729
294000000 5461.21 129.071 12005.5 0.99358
294100000 5461.23 120.462 12024.9 0.994134
294200000 5461.23 126.936 12010.4 0.9937
294300000 5461.23 124.096 12016.8 0.993869
294400000 5461.22 126.623 12011.1 0.993691
294500000 5461.22 123.362 12018.4 0.993901
294600000 5461.23 128.374 12007.1 0.993554
294700000 5461.22 126.796 12010.7 0.993708
294800000 5461.22 133.779 11994.9 0.99311
294900000 5461.22 129.504 12004.6 0.993475
295000000 5461.23 124.841 12015.1 0.993856
295100000 5461.22 128.322 12007.2 0.993558
295200000 5461.22 126.481 12011.4 0.993711
295300000 5461.24 121.94 12021.6 0.994055
295400000 5461.21 130.907 12001.4 0.993377
295500000 5461.22 122.885 12019.5 0.993974
295600000 5461.22 127.982 12008 0.993575
295700000 5461.23 125.005 12014.7 0.993818
295800000 5461.23 120.081 12025.8 0.994139
295900000 5461.22 133.22 11996.2 0.993156
296000000 5461.22 125.396 12013.8 0.993779
296100000 5461.2 132.33 11998.2 0.993297
296200000 5461.22 121.729 12022.1 0.994045
296300000 5461.24 125.254 12014.2 0.99375
296400000 5461.23 124.837 12015.1 0.993837
296500000 5461.22 128.272 12007.3 0.993591
296600000 5461.24 123.5 12018.1 0.993871
296700000 5461.23 126.782 12010.7 0.993696
296800000 5461.23 123.313 12018.5 0.993917
296900000 5461.22 125.474 12013.6 0.993789
297000000 5461.22 126.878 12010.5 0.993676
297100000 5461.22 123.875 12017.2 0.993916
297200000 5461.23 132.432 11998 0.993195
297300000 5461.23 130.82 12001.6 0.993384
297400000 5461.22 128.252 12007.4 0.993623
297500000 5461.23 128.281 12007.3 0.993525
297600000 5461.22 130.619 12002 0.993389
297700000 5461.22 127.162 12009.8 0.993635
297800000 5461.22 129.273 12005.1 0.993604
297900000 5461.21 126.244 12011.9 0.993722
298000000 5461.22 127.988 12008 0.993573
298100000 5461.21 131.076 12001 0.993346
298200000 5461.22 125.739 12013 0.993771
298300000 5461.23 130.4 12002.6 0.993407
298400000 5461.23 126.065 12012.3 0.993693
298500000 5461.23 125.066 12014.6 0.993818
298600000 5461.22 124.623 12015.6 0.993869
298700000 5461.24 121.26 12023.2 0.994072
298800000 5461.22 131.075 12001 0.993343
298900000 5461.22 129.028 12005.6 0.99352
299000000 5461.23 124.816 12015.1 0.993847
299100000 5461.22 126.345 12011.7 0.993696
299200000 5461.21 126.144 12012.1 0.99376
299300000 5461.22 121.73 12022.1 0.994037
299400000 5461.21 132.737 11997.3 0.994897
299500000 5461.23 129.481 12004.6 0.99352
299600000 5461.21 130.261 12002.8 0.993403
299700000 5461.22 128.794 12006.2 0.993565
299800000 5461.22 131.18 12000.8 0.993377
299900000 5461.23 124.707 12015.4 0.993882
300000000 5461.22 125.623 12013.3 0.993718
300100000 5461.22 128.126 12007.7 0.994504
300200000 5461.23 125.463 12013.7 0.993737
300300000 5461.23 124.21 12016.5 0.993831
300400000 5461.22 125.729 12013.1 0.993741
300500000 5461.21 130.211 12003 0.993486
300600000 5461.22 128.05 12007.8 0.993552
300700000 5461.21 131.477 12000.1 0.993379
300800000 5461.23 124.413 12016 0.993845
300900000 5461.22 127.415 12009.3 0.993629
301000000 5461.2 131.445 12000.2 0.993432
301100000 5461.22 128.166 12007.6 0.993551
301200000 5461.23 122.906 12019.4 0.993961
301300000 5461.21 128.043 12007.8 0.993633
301400000 5461.21 132.281 11998.3 0.993323
301500000 5461.22 128.75 12006.3 0.99352
301600000 5461.21 123.525 12018 0.993936
301700000 5461.21 126.884 12010.4 0.993666
301800000 5461.22 126.012 12012.4 0.993752
301900000 5461.22 124.676 12015.4 0.99382
302000000 5461.23 127.756 12008.5 0.993602
302100000 5461.22 129.428 12004.7 0.993431
302200000 5461.22 131.397 12000.3 0.9934
302300000 5461.22 124.392 12016.1 0.993897
302400000 5461.22 124.277 12016.3 0.993859
302500000 5461.22 128.09 12007.8 0.993554
302600000 5461.22 128.959 12005.8 0.993553
302700000 5461.23 121.971 12021.5 0.994052
302800000 5461.22 128.871 12006 0.993589
302900000 5461.23 124.699 12015.4 0.993787
303000000 5461.22 132.767 11997.2 0.993222
303100000 5461.21 128.301 12007.3 0.993554
303200000 5461.23 123.023 12019.2 0.994249
303300000 5461.21 124.709 12015.3 0.993835
303400000 5461.22 129.493 12004.6 0.993468
303500000 5461.23 122.332 12020.7 0.994018
303600000 5461.23 126.853 12010.5 0.993658
303700000 5461.24 123.12 12019 0.993905
303800000 5461.22 130.439 12002.5 0.993381
303900000 5461.21 129.169 12005.3 0.993518
304000000 5461.22 125.502 12013.6 0.993754
304100000 5461.23 123.182 12018.8 0.993912
304200000 5461.24 128.656 12006.5 0.993544
304300000 5461.22 128.373 12007.1 0.993623
304400000 5461.22 125.632 12013.3 0.993733
304500000 5461.22 127.403 12009.3 0.993657
304600000 5461.21 127.668 12008.7 0.993631
304700000 5461.23 127.102 12010 0.993584
304800000 5461.23 127.868 12008.3 0.993607
304900000 5461.22 128.678 12006.4 0.993516
305000000 5461.24 129.725 12004.1 0.993366
305100000 5461.21 126.024 12012.4 0.993778
305200000 5461.24 128.516 12006.8 0.993481
305300000 5461.21 125.633 12013.3 0.993781
305400000 5461.22 126.64 12011 0.993695
305500000 5461.21 131.468 12000.1 0.993356
305600000 5461.23 126.649 12011 0.993655
305700000 5461.23 127.129 12009.9 0.993616
305800000 5461.22 127.417 12009.3 0.993638
305900000 5461.22 125.261 12014.1 0.993768
306000000 5461.23 121.367 12022.9 0.994077
306100000 5461.22 123.121 12018.9 0.993941
306200000 5461.22 125.468 12013.7 0.993818
306300000 5461.21 127.776 12008.4 0.993618
306400000 5461.22 132.095 11998.7 0.993235
306500000 5461.22 125.531 12013.5 0.993782
306600000 5461.22 125.693 12013.1 0.993752
306700000 5461.22 129.924 12003.6 0.993479
306800000 5461.23 126.806 12010.7 0.993643
306900000 5461.21 129.651 12004.2 0.993479
307000000 5461.22 127.122 12009.9 0.993699
307100000 5461.23 123.84 12017.3 0.993897
307200000 5461.21 124.961 12014.8 0.993778
307300000 5461.21 130.24 12002.9 0.993425
307400000 5461.23 131.797 11999.4 0.993197
307500000 5461.21 129.549 12004.4 0.993467
307600000 5461.22 125.245 12014.2 0.993812
307700000 5461.23 123.21 12018.8 0.993914
307800000 5461.23 122.781 12019.7 0.993931
307900000 5461.23 132.147 11998.6 0.993233
308000000 5461.23 125.238 12014.2 0.993797
308100000 5461.23 125.816 12012.9 0.993739
308200000 5461.23 127.222 12009.7 0.99365
308300000 5461.24 123.009 12019.2 0.993979
308400000 5461.22 126.935 12010.4 0.993686
308500000 5461.2 135.966 11990 0.993068
308600000 5461.22 127.926 12008.1 0.993562
308700000 5461.23 127.817 12008.4 0.99359
308800000 5461.22 128.584 12006.6 0.99361
308900000 5461.22 126.676 12010.9 0.993702
309000000 5461.23 122.729 12019.8 0.99396
309100000 5461.21 125.459 12013.7 0.993816
309200000 5461.22 128.876 12006 0.993581
309300000 5461.21 125.08 12014.5 0.993782
309400000 5461.21 126.934 12010.3 0.993684
309500000 5461.22 126.455 12011.4 0.993618
309600000 5461.23 129.396 12004.8 0.993474
309700000 5461.22 124.803 12015.2 0.99385
309800000 5461.23 121.58 12022.4 0.994054
309900000 5461.23 123.338 12018.5 0.993937
310000000 5461.23 127.243 12009.7 0.993647
310100000 5461.23 128.453 12006.9 0.99354
310200000 5461.23 124.96 12014.8 0.993832
310300000 5461.22 128.396 12007.1 0.993498
310400000 5461.23 127.506 12009.1 0.993641
310500000 5461.22 132.403 11998 0.993235
310600000 5461.22 126.529 12011.3 0.993717
310700000 5461.23 122.807 12019.7 0.993964
310800000 5461.24 127.88 12008.3 0.99357
310900000 5461.22 128.521 12006.8 0.993539
311000000 5461.23 122.923 12019.4 0.993983
311100000 5461.21 131.336 12000.4 0.993331
311200000 5461.22 124.667 12015.5 0.993832
311300000 5461.23 126.334 12011.7 0.993709
311400000 5461.23 126.906 12010.4 0.993674
311500000 5461.23 126.638 12011 0.993617
311600000 5461.23 128.927 12005.9 0.993508
311700000 5461.22 124.175 12016.6 0.993893
311800000 5461.23 123.201 12018.8 0.993942
311900000 5461.22 127.651 12008.7 0.993599
312000000 5461.22 130.386 12002.6 0.993441
312100000 5461.23 124.787 12015.2 0.993788
312200000 5461.23 123.606 12017.9 0.993907
312300000 5461.22 128.861 12006 0.993532
312400000 5461.23 122.013 12021.5 0.994006
312500000 5461.22 126.317 12011.7 0.993722
312600000 5461.22 125.429 12013.7 0.993788
312700000 5461.22 129.962 12003.5 0.994542
312800000 5461.23 124.543 12015.8 0.993831
312900000 5461.22 123.996 12017 0.993896
313000000 5461.22 126.01 12012.4 0.994529
313100000 5461.21 130.08 12003.3 0.993476
313200000 5461.23 122.129 12021.2 0.994021
313300000 5461.23 127.215 12009.7 0.993683
313400000 5461.23 124.798 12015.2 0.993805
313500000 5461.22 125.579 12013.4 0.993771
313600000 5461.22 128.118 12007.7 0.993581
313700000 5461.22 122.448 12020.5 0.993966
313800000 5461.22 124.737 12015.3 0.993819
313900000 5461.24 122.057 12021.4 0.994007
314000000 5461.23 124.825 12015.1 0.993814
314100000 5461.22 125.725 12013.1 0.993753
314200000 5461.22 126.288 12011.8 0.993735
314300000 5461.23 126.057 12012.3 0.993743
314400000 5461.21 129.337 12004.9 0.993545
314500000 5461.22 128.129 12007.7 0.99361
314600000 5461.21 131.117 12000.9 0.993344
314700000 5461.22 129.155 12005.4 0.993482
314800000 5461.22 128.124 12007.7 0.993583
314900000 5461.22 124.97 12014.8 0.993843
315000000 5461.23 123.596 12017.9 0.993882
315100000 5461.22 128.791 12006.2 0.993579
315200000 5461.23 123.915 12017.2 0.993896
315300000 5461.21 131.071 12001 0.993424
315400000 5461.23 126.577 12011.2 0.993675
315500000 5461.23 123.494 12018.1 0.99388
315600000 5461.24 122.621 12020.1 0.993968
315700000 5461.22 129.5 12004.6 0.993501
315800000 5461.22 128.703 12006.4 0.993554
315900000 5461.23 123.519 12018.1 0.993935
316000000 5461.22 125.995 12012.5 0.99369
316100000 5461.23 127.465 12009.2 0.993569
316200000 5461.22 123.492 12018.1 0.993929
316300000 5461.22 128.505 12006.8 0.993563
316400000 5461.22 126.424 12011.5 0.993748
316500000 5461.22 126.73 12010.8 0.993735
316600000 5461.23 125.135 12014.4 0.99381
316700000 5461.24 123.308 12018.6 0.993895
316800000 5461.22 127.406 12009.3 0.995429
316900000 5461.23 126.597 12011.1 0.99371
317000000 5461.23 126.2 12012 0.993724
317100000 5461.22 124.495 12015.9 0.99382
317200000 5461.23 126.752 12010.8 0.993633
317300000 5461.23 128.502 12006.8 0.993615
317400000 5461.22 127.143 12009.9 0.993669
317500000 5461.22 123.324 12018.5 0.993986
317600000 5461.23 125.028 12014.7 0.993827
317700000 5461.21 123.865 12017.3 0.99393
317800000 5461.21 125.782 12012.9 0.993771
317900000 5461.22 131.636 11999.8 0.993298
318000000 5461.22 129.186 12005.3 0.993534
318100000 5461.23 124.713 12015.4 0.993822
318200000 5461.22 126.775 12010.7 0.993736
318300000 5461.22 125.672 12013.2 0.993758
318400000 5461.23 130.135 12003.2 0.993442
318500000 5461.24 123.854 12017.3 0.993888
318600000 5461.22 127.724 12008.6 0.99364
318700000 5461.23 122.559 12020.2 0.993981
318800000 5461.22 128.364 12007.1 0.993493
318900000 5461.23 125.075 12014.5 0.993791
319000000 5461.21 129.441 12004.7 0.99349
319100000 5461.22 124.793 12015.2 0.993844
319200000 5461.22 125.101 12014.5 0.99486
319300000 5461.22 130.16 12003.1 0.993466
319400000 5461.21 130.972 12001.2 0.993414
319500000 5461.23 122.334 12020.7 0.993981
319600000 5461.21 132.162 11998.6 0.993223
319700000 5461.21 126.78 12010.7 0.993682
319800000 5461.22 123.595 12017.9 0.993907
319900000 5461.22 126.855 12010.5 0.993692
320000000 5461.22 124.071 12016.8 0.993865
320100000 5461.23 126.92 12010.4 0.993628
320200000 5461.22 124.334 12016.2 0.993887
320300000 5461.22 133.744 11995 0.993139
320400000 5461.22 126.137 12012.1 0.993718
320500000 5461.23 129.819 12003.9 0.993449
320600000 5461.22 125.893 12012.7 0.993787
320700000 5461.22 128.886 12006 0.993442
320800000 5461.22 125.935 12012.6 0.993804
320900000 5461.21 127.647 12008.7 0.993665
321000000 5461.23 123.827 12017.4 0.993872
321100000 5461.22 133.668 11995.2 0.993205
321200000 5461.22 126.447 12011.4 0.993697
321300000 5461.21 130.036 12003.4 0.993459
321400000 5461.22 129.41 12004.8 0.993468
321500000 5461.23 124.798 12015.2 0.99382
321600000 5461.21 127.781 12008.4 0.993609
321700000 5461.21 127.872 12008.2 0.993616
321800000 5461.23 124.3 12016.3 0.993826
321900000 5461.22 121.59 12022.4 0.994039
322000000 5461.21 130.468 12002.4 0.993472
322100000 5461.22 122.73 12019.8 0.994013
322200000 5461.22 126.812 12010.6 0.993651
322300000 5461.23 123.14 12018.9 0.993964
322400000 5461.23 125.642 12013.3 0.993793
322500000 5461.23 122.938 12019.4 0.99396
322600000 5461.22 127.408 12009.3 0.993639
322700000 5461.22 122.209 12021 0.994057
322800000 5461.23 123.057 12019.1 0.993962
322900000 5461.23 124.8 12015.2 0.993807
323000000 5461.21 131.828 11999.3 0.993311
323100000 5461.23 126.255 12011.9 0.993693
323200000 5461.23 127.247 12009.7 0.993641
323300000 5461.23 124.259 12016.4 0.994258
323400000 5461.22 127.567 12008.9 0.99365
323500000 5461.24 126.107 12012.3 0.994026
323600000 5461.22 128.458 12006.9 0.993551
323700000 5461.21 126.209 12012 0.993754
323800000 5461.23 123.418 12018.3 0.993913
323900000 5461.23 126.433 12011.5 0.993678
324000000 5461.22 126.228 12011.9 0.993718
324100000 5461.23 126.374 12011.6 0.993697
324200000 5461.23 127.86 12008.3 0.99361
324300000 5461.23 125.443 12013.7 0.993714
324400000 5461.22 125.888 12012.7 0.993736
324500000 5461.22 127.461 12009.2 0.995381
324600000 5461.23 125.19 12014.3 0.993766
324700000 5461.22 122.912 12019.4 0.993968
324800000 5461.22 129.626 12004.3 0.993399
324900000 5461.21 131.013 12001.1 0.993435
325000000 5461.21 128.774 12006.2 0.99349
325100000 5461.22 127.482 12009.1 0.993637
325200000 5461.23 122.975 12019.3 0.993976
325300000 5461.21 128.892 12005.9 0.993545
325400000 5461.23 121.743 12022.1 0.994065
325500000 5461.22 125.522 12013.5 0.993782
325600000 5461.23 127.645 12008.8 0.993635
325700000 5461.23 124.875 12015 0.993804
325800000 5461.23 126.64 12011 0.99371
325900000 5461.24 128.515 12006.8 0.993474
326000000 5461.22 129.092 12005.5 0.994251
326100000 5461.22 126.902 12010.4 0.993707
326200000 5461.22 124.525 12015.8 0.993843
326300000 5461.24 126.098 12012.3 0.993705
326400000 5461.24 122.413 12020.6 0.993964
326500000 5461.21 132.08 11998.8 0.993294
326600000 5461.22 126.228 12011.9 0.993737
326700000 5461.22 125.775 12013 0.993796
326800000 5461.23 122.621 12020.1 0.993959
326900000 5461.22 123.761 12017.5 0.993939
327000000 5461.23 122.96 12019.3 0.993963
327100000 5461.21 126.397 12011.5 0.9952
327200000 5461.23 124.355 12016.2 0.993868
327300000 5461.23 123.667 12017.7 0.993914
327400000 5461.23 125.971 12012.6 0.993745
327500000 5461.21 130.495 12002.3 0.993396
327600000 5461.23 123.754 12017.5 0.993905
327700000 5461.21 126.793 12010.7 0.993682
327800000 5461.22 135.524 11991 0.992999
327900000 5461.22 127.348 12009.4 0.99366
328000000 5461.23 125.455 12013.7 0.993751
328100000 5461.23 124.627 12015.6 0.993843
328200000 5461.23 123.065 12019.1 0.993969
328300000 5461.23 125.886 12012.7 0.993751
328400000 5461.22 127.353 12009.4 0.993578
328500000 5461.22 125.984 12012.5 0.993714
328600000 5461.2 130.915 12001.4 0.993412
328700000 5461.22 121.811 12021.9 0.994037
328800000 5461.23 125.897 12012.7 0.993717
328900000 5461.21 127.584 12008.9 0.993681
329000000 5461.23 123.267 12018.6 0.993979
329100000 5461.22 127.204 12009.7 0.993653
329200000 5461.22 129.857 12003.8 0.993415
329300000 5461.21 125.05 12014.6 0.993801
329400000 5461.23 125.014 12014.7 0.993784
329500000 5461.23 128.556 12006.7 0.993565
329600000 5461.22 127.903 12008.2 0.99359
329700000 5461.22 125.852 12012.8 0.993788
329800000 5461.22 125.285 12014.1 0.993774
329900000 5461.22 124.787 12015.2 0.993808
330000000 5461.22 124.043 12016.9 0.993894
330100000 5461.22 122.727 12019.8 0.993973
330200000 5461.23 129.552 12004.5 0.993481
330300000 5461.22 128.007 12007.9 0.993613
330400000 5461.23 128.901 12005.9 0.993534
330500000 5461.22 121.308 12023 0.994036
330600000 5461.22 123.721 12017.6 0.993943
330700000 5461.22 127.612 12008.8 0.993632
330800000 5461.21 132.081 11998.7 0.993351
330900000 5461.22 125.292 12014 0.993821
331000000 5461.22 130.452 12002.4 0.993395
331100000 5461.22 131.494 12000.1 0.993354
331200000 5461.22 123.624 12017.8 0.993889
331300000 5461.22 124.095 12016.8 0.993861
331400000 5461.22 127.056 12010.1 0.993614
331500000 5461.23 127.748 12008.5 0.993579
331600000 5461.22 128.698 12006.4 0.99354
331700000 5461.23 127.202 12009.8 0.993617
331800000 5461.23 124.796 12015.2 0.993793
331900000 5461.22 128.709 12006.4 0.993498
332000000 5461.22 129.006 12005.7 0.993469
332100000 5461.23 121.854 12021.8 0.994019
332200000 5461.22 128.326 12007.2 0.993629
332300000 5461.22 125.712 12013.1 0.993716
332400000 5461.23 126.252 12011.9 0.993719
332500000 5461.22 125.069 12014.6 0.993822
332600000 5461.24 122.805 12019.7 0.993948
332700000 5461.23 125.948 12012.6 0.99371
332800000 5461.22 124.669 12015.4 0.99387
332900000 5461.22 124.852 12015 0.993842
333000000 5461.22 132.415 11998 0.994604
333100000 5461.22 124.65 12015.5 0.993859
333200000 5461.23 121.863 12021.8 0.994027
333300000 5461.21 126.619 12011 0.993696
333400000 5461.2 131.565 11999.9 0.993359
333500000 5461.23 122.611 12020.1 0.993986
333600000 5461.22 127.57 12008.9 0.993643
333700000 5461.22 124.804 12015.2 0.993837
333800000 5461.21 133.764 11995 0.993219
333900000 5461.22 125.353 12013.9 0.993779
334000000 5461.24 123.771 12017.5 0.99386
334100000 5461.23 127.23 12009.7 0.993616
334200000 5461.22 130.231 12002.9 0.99344
334300000 5461.23 124.901 12015 0.993813
334400000 5461.23 125.782 12013 0.993755
334500000 5461.22 125.658 12013.2 0.993791
334600000 5461.22 128.092 12007.8 0.993613
334700000 5461.23 125.965 12012.6 0.993733
334800000 5461.23 122.715 12019.9 0.993994
334900000 5461.23 126.624 12011.1 0.993706
335000000 5461.23 126.601 12011.1 0.993735
335100000 5461.22 127.799 12008.4 0.993665
335200000 5461.21 128.973 12005.7 0.993509
335300000 5461.22 130.213 12003 0.993468
335400000 5461.21 129.355 12004.9 0.993494
335500000 5461.23 123.314 12018.5 0.993918
335600000 5461.22 124.748 12015.3 0.993853
335700000 5461.24 120.182 12025.6 0.994129
335800000 5461.23 126.44 12011.5 0.9937
335900000 5461.22 123.894 12017.2 0.993911
336000000 5461.21 127.568 12008.9 0.993623
336100000 5461.22 125.988 12012.5 0.993745
336200000 5461.22 129.218 12005.2 0.993511
336300000 5461.22 128.253 12007.4 0.993563
336400000 5461.23 123.296 12018.6 0.994113
336500000 5461.23 124.124 12016.7 0.993903
336600000 5461.23 124.758 12015.3 0.993848
336700000 5461.22 126.84 12010.6 0.993666
336800000 5461.23 125.88 12012.7 0.993729
336900000 5461.22 123.331 12018.5 0.993947
337000000 5461.23 122.659 12020 0.993937
337100000 5461.23 124.572 12015.7 0.993885
337200000 5461.22 129.351 12004.9 0.993496
337300000 5461.21 129.979 12003.5 0.993487
337400000 5461.24 124.602 12015.6 0.993845
337500000 5461.22 127.015 12010.2 0.99361
337600000 5461.23 125.068 12014.6 0.993764
337700000 5461.22 126.361 12011.7 0.993667
337800000 5461.21 127.295 12009.5 0.993677
337900000 5461.22 120.949 12023.8 0.99407
338000000 5461.24 120.127 12025.7 0.99417
338100000 5461.22 127.956 12008 0.993611
338200000 5461.23 122.793 12019.7 0.993992
338300000 5461.23 126.153 12012.1 0.993708
338400000 5461.21 128.415 12007 0.993648
338500000 5461.24 123.381 12018.4 0.993935
338600000 5461.22 126.819 12010.6 0.993732
338700000 5461.22 131.533 12000 0.993372
338800000 5461.23 124.971 12014.8 0.993787
338900000 5461.22 123.338 12018.4 0.993969
339000000 5461.24 125.769 12013 0.993728
339100000 5461.23 124.271 12016.4 0.993878
339200000 5461.24 122.125 12021.2 0.994
339300000 5461.22 123.177 12018.8 0.993974
339400000 5461.23 123.384 12018.4 0.993894
339500000 5461.22 127.747 12008.5 0.993644
339600000 5461.22 127.657 12008.7 0.993618
339700000 5461.21 125.864 12012.7 0.993787
339800000 5461.22 126.779 12010.7 0.993728
339900000 5461.23 126.545 12011.2 0.993706
340000000 5461.23 123.257 12018.7 0.993929
340100000 5461.22 126.998 12010.2 0.993697
340200000 5461.22 133.746 11995 0.993158
340300000 5461.24 123.432 12018.3 0.993958
340400000 5461.22 125.196 12014.3 0.993797
340500000 5461.21 127.924 12008.1 0.993613
340600000 5461.23 124.278 12016.4 0.993832
340700000 5461.22 126.445 12011.5 0.993725
340800000 5461.22 130.151 12003.1 0.993339
340900000 5461.23 126.337 12011.7 0.993703
341000000 5461.23 132.058 11998.8 0.993309
341100000 5461.22 130.513 12002.3 0.993407
341200000 5461.22 123.904 12017.2 0.99388
341300000 5461.22 130.94 12001.3 0.993349
341400000 5461.24 125.25 12014.2 0.993781
341500000 5461.22 127.946 12008.1 0.993663
341600000 5461.23 128.988 12005.7 0.993508
341700000 5461.22 124.161 12016.6 0.993929
341800000 5461.22 123.794 12017.4 0.993872
341900000 5461.21 131.12 12000.9 0.993386
342000000 5461.21 131.194 12000.7 0.993418
342100000 5461.22 125.637 12013.3 0.99377
342200000 5461.23 125.088 12014.5 0.993802
342300000 5461.22 130.854 12001.5 0.993396
342400000 5461.22 126.697 12010.9 0.995024
342500000 5461.23 125.611 12013.4 0.99372
342600000 5461.22 125.811 12012.9 0.993761
342700000 5461.24 125.538 12013.5 0.993758
342800000 5461.23 122.008 12021.5 0.994059
342900000 5461.22 128.22 12007.5 0.993779
343000000 5461.22 123.132 12018.9 0.993948
343100000 5461.24 127.906 12008.2 0.99355
343200000 5461.22 123.393 12018.3 0.993878
343300000 5461.23 124.736 12015.3 0.993807
343400000 5461.24 128.688 12006.4 0.993471
343500000 5461.22 126.858 12010.5 0.993662
343600000 5461.22 128.476 12006.9 0.99354
343700000 5461.23 125.252 12014.2 0.993741
343800000 5461.23 125.724 12013.1 0.99372
343900000 5461.21 127.93 12008.1 0.993546
344000000 5461.21 130.898 12001.4 0.993378
344100000 5461.22 125.408 12013.8 0.993818
344200000 5461.22 123.908 12017.2 0.993922
344300000 5461.22 124.676 12015.4 0.993861
344400000 5461.23 123.621 12017.8 0.993892
344500000 5461.22 128.671 12006.4 0.99357
344600000 5461.23 122.422 12020.5 0.993975
344700000 5461.22 126.976 12010.3 0.993638
344800000 5461.22 126.056 12012.3 0.993712
344900000 5461.22 125.493 12013.6 0.993774
345000000 5461.21 129.353 12004.9 0.993502
345100000 5461.22 126.135 12012.2 0.993749
345200000 5461.23 122.237 12020.9 0.994009
345300000 5461.23 123.675 12017.7 0.99392
345400000 5461.22 129.614 12004.3 0.993492
345500000 5461.23 122.472 12020.4 0.99399
345600000 5461.22 124.556 12015.7 0.993906
345700000 5461.22 124.532 12015.8 0.993877
345800000 5461.22 126.08 12012.3 0.993747
345900000 5461.21 130.943 12001.3 0.993402
346000000 5461.22 124.444 12016 0.993855
346100000 5461.22 125.594 12013.4 0.993733
346200000 5461.22 123.635 12017.8 0.993915
346300000 5461.23 123.291 12018.6 0.993919
346400000 5461.22 133.903 11994.7 0.993084
346500000 5461.22 125.22 12014.2 0.99382
346600000 5461.23 123.921 12017.2 0.993827
346700000 5461.22 125.736 12013.1 0.993737
346800000 5461.24 126.584 12011.2 0.993647
346900000 5461.22 127.379 12009.4 0.99364
347000000 5461.21 123.448 12018.2 0.993892
347100000 5461.23 130.03 12003.4 0.993404
347200000 5461.2 128.894 12005.9 0.993538
347300000 5461.22 131.431 12000.2 0.993343
347400000 5461.23 122.259 12020.9 0.993999
347500000 5461.22 124.672 12015.5 0.993826
347600000 5461.21 132.514 11997.8 0.993274
347700000 5461.22 125.765 12013 0.993738
347800000 5461.23 124.848 12015.1 0.993793
347900000 5461.22 122.034 12021.4 0.993994
348000000 5461.23 124.471 12015.9 0.993833
348100000 5461.23 124.779 12015.2 0.993825
348200000 5461.22 125.346 12013.9 0.993759
348300000 5461.23 123.602 12017.9 0.993896
348400000 5461.24 123.905 12017.2 0.993827
348500000 5461.23 126.054 12012.4 0.99375
348600000 5461.22 123.541 12018 0.993925
348700000 5461.22 124.982 12014.7 0.993785
348800000 5461.21 128.373 12007.1 0.993598
348900000 5461.23 128.373 12007.1 0.993569
349000000 5461.22 125.892 12012.7 0.993712
349100000 5461.22 128.724 12006.3 0.993477
349200000 5461.22 128.401 12007 0.993559
349300000 5461.21 127.854 12008.3 0.993635
349400000 5461.21 126.168 12012.1 0.993713
349500000 5461.22 124.596 12015.6 0.993849
349600000 5461.22 129.741 12004 0.993443
349700000 5461.22 124.851 12015 0.993846
349800000 5461.21 130.686 12001.9 0.993447
349900000 5461.22 126.789 12010.7 0.993704
350000000 5461.22 129.921 12003.6 0.993446
350100000 5461.22 125.285 12014.1 0.993803
350200000 5461.23 129.291 12005.1 0.993442
350300000 5461.21 130.728 12001.8 0.993421
350400000 5461.24 121.798 12022 0.993966
350500000 5461.22 124.935 12014.9 0.993847
350600000 5461.22 130.264 12002.8 0.99344
350700000 5461.24 126.521 12011.3 0.993676
350800000 5461.2 130.337 12002.7 0.993857
350900000 5461.23 126.224 12012 0.993736
351000000 5461.21 134.637 11993 0.993119
351100000 5461.23 131.76 11999.5 0.993317
351200000 5461.23 125.374 12013.9 0.993751
351300000 5461.22 133.196 11996.3 0.993105
351400000 5461.23 124.326 12016.2 0.993819
351500000 5461.24 121.046 12023.7 0.994078
351600000 5461.22 127.505 12009.1 0.993607
351700000 5461.22 125.145 12014.4 0.993806
351800000 5461.23 123.631 12017.8 0.993879
351900000 5461.25 124.31 12016.3 0.993819
352000000 5461.22 129.351 12004.9 0.993485
352100000 5461.21 129.494 12004.6 0.993504
352200000 5461.23 123.64 12017.8 0.993863
352300000 5461.23 129.633 12004.3 0.99347
352400000 5461.22 130.233 12002.9 0.993427
352500000 5461.21 135.341 11991.4 0.993027
352600000 5461.22 124.923 12014.9 0.99382
352700000 5461.22 126.055 12012.3 0.993762
352800000 5461.22 129.874 12003.7 0.993449
352900000 5461.23 124.945 12014.9 0.993852
353000000 5461.23 126.937 12010.4 0.993697
353100000 5461.22 123.672 12017.7 0.993924
353200000 5461.23 126.335 12011.7 0.993676
353300000 5461.24 123.158 12018.9 0.993936
353400000 5461.23 121.206 12023.3 0.99408
353500000 5461.23 122.951 12019.3 0.993919
353600000 5461.22 130.025 12003.4 0.993417
353700000 5461.23 123.098 12019 0.993925
353800000 5461.23 127.342 12009.4 0.993668
353900000 5461.22 127.009 12010.2 0.993662
354000000 5461.24 123.86 12017.3 0.993894
354100000 5461.22 125.107 12014.5 0.993768
354200000 5461.22 125.047 12014.6 0.993821
354300000 5461.21 132.583 11997.6 0.99322
354400000 5461.22 124.788 12015.2 0.993839
354500000 5461.23 123.414 12018.3 0.993913
354600000 5461.22 128.377 12007.1 0.993586
354700000 5461.22 126.523 12011.3 0.993749
354800000 5461.23 122.159 12021.1 0.994019
354900000 5461.22 125.861 12012.8 0.993756
355000000 5461.23 126.824 12010.6 0.993709
355100000 5461.22 130.241 12002.9 0.993448
355200000 5461.22 124.32 12016.2 0.993882
355300000 5461.22 127.572 12008.9 0.993626
355400000 5461.22 124.205 12016.5 0.993872
355500000 5461.22 128.378 12007.1 0.993502
355600000 5461.23 120.935 12023.9 0.994067
355700000 5461.24 123.215 12018.8 0.993908
355800000 5461.23 126.6 12011.1 0.993644
355900000 5461.21 129.874 12003.7 0.993545
356000000 5461.23 123.573 12017.9 0.993903
356100000 5461.23 127.362 12009.4 0.993613
356200000 5461.23 124.564 12015.7 0.993834
356300000 5461.23 126.545 12011.2 0.993693
356400000 5461.23 121.387 12022.9 0.99409
356500000 5461.24 123.812 12017.4 0.993896
356600000 5461.23 121.896 12021.7 0.994023
356700000 5461.22 126.861 12010.5 0.993675
356800000 5461.24 124.345 12016.2 0.993848
356900000 5461.22 132.466 11997.9 0.993249
357000000 5461.23 127.291 12009.6 0.993632
357100000 5461.24 126.517 12011.3 0.993666
357200000 5461.21 129.502 12004.5 0.993499
357300000 5461.23 128.149 12007.6 0.993575
357400000 5461.22 126.475 12011.4 0.993764
357500000 5461.22 130.055 12003.3 0.993473
357600000 5461.21 125.916 12012.6 0.993806
357700000 5461.23 121.243 12023.2 0.994081
357800000 5461.22 125.233 12014.2 0.993767
357900000 5461.23 124.567 12015.7 0.993801
358000000 5461.22 129.115 12005.4 0.993503
358100000 5461.24 125.576 12013.4 0.993773
358200000 5461.22 127.806 12008.4 0.993596
358300000 5461.21 125.123 12014.4 0.993848
358400000 5461.23 128.29 12007.3 0.993532
358500000 5461.23 126.135 12012.2 0.9937
358600000 5461.23 132.735 11997.3 0.993139
358700000 5461.23 130.668 12002 0.993379
358800000 5461.22 127.438 12009.2 0.993674
358900000 5461.23 127.425 12009.3 0.993618
359000000 5461.23 124.135 12016.7 0.993866
359100000 5461.21 129.209 12005.2 0.99357
359200000 5461.22 126.792 12010.7 0.993714
359300000 5461.22 126.577 12011.2 0.993677
359400000 5461.22 128.606 12006.6 0.993582
359500000 5461.22 124.037 12016.9 0.993913
359600000 5461.22 124.473 12015.9 0.993837
359700000 5461.21 132.109 11998.7 0.993311
359800000 5461.23 133.066 11996.6 0.99322
359900000 5461.21 128.922 12005.9 0.993582
360000000 5461.22 123.719 12017.6 0.993911
360100000 5461.22 124.723 12015.3 0.993817
360200000 5461.22 123.297 12018.5 0.9939
360300000 5461.23 130.683 12001.9 0.993303
360400000 5461.23 120.58 12024.7 0.994091
360500000 5461.22 127.466 12009.2 0.993673
360600000 5461.23 125.306 12014 0.993779
360700000 5461.21 131.326 12000.5 0.993328
360800000 5461.24 125.421 12013.8 0.993764
360900000 5461.22 126.775 12010.7 0.993697
361000000 5461.23 122.03 12021.4 0.994038
361100000 5461.23 125.273 12014.1 0.993758
361200000 5461.22 127.697 12008.6 0.993615
361300000 5461.23 127.083 12010 0.993656
361400000 5461.23 129.625 12004.3 0.993427
361500000 5461.24 123.303 12018.6 0.993894
361600000 5461.24 123.166 12018.9 0.993938
361700000 5461.21 129.883 12003.7 0.993514
361800000 5461.22 126.604 12011.1 0.993691
361900000 5461.23 127.709 12008.6 0.993607
362000000 5461.22 123.22 12018.7 0.993952
362100000 5461.22 124.411 12016 0.993863
362200000 5461.24 126.572 12011.2 0.993649
362300000 5461.21 126.033 12012.4 0.993741
362400000 5461.23 124.57 12015.7 0.994994
362500000 5461.24 128.742 12006.3 0.993469
362600000 5461.22 127.972 12008 0.993564
362700000 5461.23 126.057 12012.3 0.993732
362800000 5461.22 122.312 12020.8 0.993996
362900000 5461.22 130.272 12002.8 0.993435
363000000 5461.22 127.238 12009.7 0.99366
363100000 5461.21 130.294 12002.8 0.993379
363200000 5461.23 126.633 12011 0.993684
363300000 5461.23 124.292 12016.3 0.993867
363400000 5461.22 134.551 11993.2 0.993124
363500000 5461.24 125.588 12013.4 0.99377
363600000 5461.24 122.814 12019.7 0.993947
363700000 5461.22 125.319 12014 0.9938
363800000 5461.21 133.223 11996.2 0.993287
363900000 5461.22 131.437 12000.2 0.993379
364000000 5461.22 129.265 12005.1 0.993555
364100000 5461.22 126.617 12011.1 0.993686
364200000 5461.23 126.44 12011.5 0.993663
364300000 5461.23 121.657 12022.3 0.994033
364400000 5461.22 126.238 12011.9 0.993709
364500000 5461.22 126.13 12012.2 0.993759
364600000 5461.21 126.842 12010.5 0.99369
364700000 5461.21 122.776 12019.7 0.993985
364800000 5461.21 124.64 12015.5 0.993841
364900000 5461.23 125.283 12014.1 0.993789
365000000 5461.21 128.057 12007.8 0.993607
365100000 5461.23 125.844 12012.8 0.993736
365200000 5461.22 128.886 12006 0.993539
365300000 5461.23 125.921 12012.6 0.993719
365400000 5461.22 121.69 12022.2 0.994081
365500000 5461.22 125.947 12012.6 0.993726
365600000 5461.22 124.91 12014.9 0.993782
365700000 5461.23 120.876 12024 0.994106
365800000 5461.24 126.748 12010.8 0.993678
365900000 5461.23 122.413 12020.5 0.993992
366000000 5461.21 127.685 12008.6 0.99365
366100000 5461.21 135.275 11991.6 0.993063
366200000 5461.23 127.706 12008.6 0.9936
366300000 5461.22 123.02 12019.2 0.993944
366400000 5461.23 125.619 12013.3 0.993746
366500000 5461.22 125.153 12014.4 0.993827
366600000 5461.21 128.662 12006.4 0.993528
366700000 5461.22 123.706 12017.6 0.993925
366800000 5461.21 126.078 12012.3 0.993758
366900000 5461.22 123.166 12018.8 0.993972
367000000 5461.23 123.291 12018.6 0.993933
367100000 5461.24 125.401 12013.8 0.99372
367200000 5461.22 123.987 12017 0.993883
367300000 5461.2 131.446 12000.2 0.99339
367400000 5461.22 127.276 12009.6 0.993652
367500000 5461.23 122.903 12019.5 0.993919
367600000 5461.22 129.684 12004.2 0.993492
367700000 5461.23 125.534 12013.5 0.99377
367800000 5461.22 125.184 12014.3 0.993842
367900000 5461.23 123.91 12017.2 0.99385
368000000 5461.22 128.146 12007.6 0.993598
368100000 5461.22 129.531 12004.5 0.993485
368200000 5461.22 128.494 12006.8 0.993554
368300000 5461.22 129.072 12005.5 0.993498
368400000 5461.22 123.699 12017.6 0.993893
368500000 5461.22 125.983 12012.5 0.993736
368600000 5461.22 126.368 12011.6 0.993705
368700000 5461.22 125.1 12014.5 0.993834
368800000 5461.22 129.441 12004.7 0.993503
368900000 5461.22 127.869 12008.2 0.99355
369000000 5461.23 124.307 12016.3 0.993893
369100000 5461.23 126.152 12012.1 0.993709
369200000 5461.22 125.153 12014.4 0.993857
369300000 5461.23 125.269 12014.1 0.993762
369400000 5461.22 125.613 12013.3 0.993764
369500000 5461.22 125.998 12012.5 0.993765
369600000 5461.21 129.179 12005.3 0.993489
369700000 5461.22 128.906 12005.9 0.993467
369800000 5461.24 125.083 12014.6 0.993776
369900000 5461.24 124.679 12015.5 0.993818
370000000 5461.22 126.75 12010.8 0.993629
370100000 5461.23 125.203 12014.3 0.993815
370200000 5461.23 127.568 12009 0.99359
370300000 5461.22 122.624 12020 0.994458
370400000 5461.23 124.124 12016.7 0.993884
370500000 5461.23 120.743 12024.3 0.994099
370600000 5461.23 124.853 12015.1 0.993823
370700000 5461.23 127.313 12009.5 0.993624
370800000 5461.24 122.574 12020.2 0.994005
370900000 5461.22 125.514 12013.6 0.99376
371000000 5461.23 128.605 12006.6 0.993519
371100000 5461.22 124.305 12016.3 0.993842
371200000 5461.22 129.731 12004.1 0.993383
371300000 5461.23 125.084 12014.5 0.993816
371400000 5461.23 122.991 12019.2 0.993987
371500000 5461.24 122.257 12020.9 0.994003
371600000 5461.24 122.809 12019.7 0.993985
371700000 5461.22 125.044 12014.6 0.993763
371800000 5461.23 125.541 12013.5 0.993753
371900000 5461.23 122.5 12020.3 0.993967
372000000 5461.23 127.774 12008.5 0.993614
372100000 5461.22 131.082 12001 0.993417
372200000 5461.23 123.858 12017.3 0.993856
372300000 5461.23 131.126 12000.9 0.993358
372400000 5461.21 127.047 12010.1 0.993681
372500000 5461.22 127.766 12008.5 0.99357
372600000 5461.22 121.721 12022.1 0.994062
372700000 5461.22 125.851 12012.8 0.993772
372800000 5461.22 132.627 11997.5 0.99329
372900000 5461.23 126.909 12010.4 0.993643
373000000 5461.23 129.468 12004.7 0.993471
373100000 5461.23 127.94 12008.1 0.993621
373200000 5461.22 127.753 12008.5 0.993626
373300000 5461.22 127.509 12009.1 0.993615
373400000 5461.23 123.951 12017.1 0.993886
373500000 5461.22 130.194 12003 0.993386
373600000 5461.23 124.563 12015.7 0.993803
373700000 5461.22 126.225 12011.9 0.993722
373800000 5461.22 129.99 12003.5 0.993373
373900000 5461.21 126.58 12011.1 0.993742
374000000 5461.23 121.714 12022.1 0.99403
374100000 5461.23 127.388 12009.4 0.993641
374200000 5461.21 125.912 12012.6 0.993823
374300000 5461.24 119.954 12026.1 0.994135
374400000 5461.2 127.965 12008 0.993571
374500000 5461.23 122.022 12021.4 0.994038
374600000 5461.23 126.82 12010.6 0.993673
374700000 5461.23 125.376 12013.9 0.993764
374800000 5461.22 129.791 12003.9 0.993495
374900000 5461.22 126.536 12011.3 0.993696
375000000 5461.23 121.166 12023.4 0.9941
375100000 5461.22 125.192 12014.3 0.993826
375200000 5461.22 127.392 12009.3 0.993665
375300000 5461.23 126.45 12011.5 0.993711
375400000 5461.22 127.741 12008.5 0.993613
375500000 5461.23 122.253 12020.9 0.993999
375600000 5461.22 124.92 12014.9 0.993785
375700000 5461.23 125.658 12013.2 0.993765
375800000 5461.24 122.564 12020.2 0.993902
375900000 5461.23 129.452 12004.7 0.993502
376000000 5461.23 129.38 12004.9 0.993453
376100000 5461.22 127.378 12009.4 0.993626
376200000 5461.22 123.459 12018.2 0.993918
376300000 5461.23 124.504 12015.8 0.993792
376400000 5461.23 127.089 12010 0.993673
376500000 5461.22 133.661 11995.2 0.993127
376600000 5461.22 125.836 12012.8 0.9937
376700000 5461.23 132.771 11997.2 0.993143
376800000 5461.22 126.11 12012.2 0.993798
376900000 5461.23 125.849 12012.8 0.993776
377000000 5461.23 129.726 12004.1 0.993434
377100000 5461.21 134.63 11993 0.993122
377200000 5461.22 124.21 12016.5 0.99387
377300000 5461.23 123.982 12017 0.993906
377400000 5461.22 127.803 12008.4 0.993583
377500000 5461.22 132.781 11997.2 0.993174
377600000 5461.24 125.486 12013.7 0.993709
377700000 5461.21 127.593 12008.8 0.99367
377800000 5461.22 126.528 12011.3 0.993741
377900000 5461.23 124.929 12014.9 0.993802
378000000 5461.23 127.618 12008.8 0.993612
378100000 5461.24 127.623 12008.8 0.993579
378200000 5461.23 121.201 12023.3 0.994039
378300000 5461.22 124.093 12016.8 0.993892
378400000 5461.23 124.02 12016.9 0.993888
378500000 5461.23 126.763 12010.8 0.99367
378600000 5461.24 125.069 12014.6 0.993769
378700000 5461.22 124.439 12016 0.993857
378800000 5461.22 124.201 12016.5 0.993885
378900000 5461.22 127.326 12009.5 0.993664
379000000 5461.23 124.785 12015.2 0.993817
379100000 5461.22 130.036 12003.4 0.993443
379200000 5461.23 124.526 12015.8 0.99384
379300000 5461.23 124.474 12015.9 0.993866
379400000 5461.22 130.231 12002.9 0.993358
379500000 5461.22 125.583 12013.4 0.993787
379600000 5461.23 122.121 12021.2 0.994001
379700000 5461.21 130.991 12001.2 0.993414
379800000 5461.24 122.46 12020.5 0.993982
379900000 5461.22 124.545 12015.7 0.993847
380000000 5461.24 124.39 12016.1 0.99384
380100000 5461.25 124.873 12015.1 0.993777
380200000 5461.21 128.139 12007.6 0.993659
380300000 5461.22 127.67 12008.7 0.993649
380400000 5461.23 124.674 12015.5 0.993825
380500000 5461.23 129.503 12004.6 0.993486
380600000 5461.21 133.787 11994.9 0.993182
380700000 5461.21 125.821 12012.8 0.993801
380800000 5461.22 127.915 12008.1 0.99361
380900000 5461.22 129.762 12004 0.993476
381000000 5461.23 125.063 12014.6 0.993815
381100000 5461.23 129.623 12004.3 0.993446
381200000 5461.22 131.062 12001.1 0.993347
381300000 5461.22 126.39 12011.6 0.993685
381400000 5461.22 128.368 12007.1 0.993573
381500000 5461.23 128.847 12006.1 0.993504
381600000 5461.23 125.704 12013.1 0.993754
381700000 5461.23 129.654 12004.3 0.993383
381800000 5461.23 123.846 12017.3 0.993942
381900000 5461.22 136.276 11989.3 0.992891
382000000 5461.21 129.313 12005 0.993554
382100000 5461.22 126.105 12012.2 0.993726
382200000 5461.23 123.662 12017.7 0.993948
382300000 5461.23 125.469 12013.7 0.993754
382400000 5461.22 124.016 12016.9 0.993847
382500000 5461.23 126.397 12011.6 0.993716
382600000 5461.24 131.44 12000.3 0.993257
382700000 5461.23 125.897 12012.7 0.993678
382800000 5461.22 128.854 12006 0.993526
382900000 5461.22 127.651 12008.7 0.993704
383000000 5461.21 127.187 12009.8 0.993682
383100000 5461.21 126.101 12012.2 0.993738
383200000 5461.24 119.771 12026.5 0.994177
383300000 5461.21 127.642 12008.7 0.993626
383400000 5461.23 123.022 12019.2 0.993948
383500000 5461.23 125.21 12014.3 0.993804
383600000 5461.21 127.066 12010 0.993678
383700000 5461.23 127.044 12010.1 0.99363
383800000 5461.21 126.509 12011.3 0.993747
383900000 5461.23 127.593 12008.9 0.993586
384000000 5461.24 123.47 12018.2 0.993892
384100000 5461.22 123.452 12018.2 0.993909
384200000 5461.22 124.983 12014.7 0.993862
384300000 5461.22 124.552 12015.7 0.993841
384400000 5461.23 122.467 12020.4 0.994012
384500000 5461.22 126.771 12010.7 0.993673
384600000 5461.22 133.309 11996 0.993093
384700000 5461.22 127.262 12009.6 0.993665
384800000 5461.2 130.633 12002 0.993482
384900000 5461.23 125.297 12014.1 0.993792
385000000 5461.23 123.954 12017.1 0.993875
385100000 5461.23 124.741 12015.3 0.993827
385200000 5461.22 123.456 12018.2 0.993928
385300000 5461.2 130.625 12002 0.993433
385400000 5461.24 124.766 12015.3 0.993831
385500000 5461.23 125.15 12014.4 0.993813
385600000 5461.22 123.247 12018.7 0.993918
385700000 5461.22 128.723 12006.3 0.993534
385800000 5461.22 127.384 12009.3 0.993647
385900000 5461.22 128.922 12005.9 0.993555
386000000 5461.22 127.452 12009.2 0.993636
386100000 5461.21 133.23 11996.2 0.994879
386200000 5461.23 124.358 12016.2 0.993853
386300000 5461.23 129.517 12004.6 0.993411
386400000 5461.21 129.988 12003.5 0.993494
386500000 5461.21 129.095 12005.5 0.993527
386600000 5461.23 127.266 12009.6 0.993678
386700000 5461.23 122.983 12019.3 0.993928
386800000 5461.23 126.847 12010.6 0.99367
386900000 5461.22 125.825 12012.8 0.993758
387000000 5461.22 128.15 12007.6 0.993601
387100000 5461.22 125.163 12014.3 0.993785
387200000 5461.22 123.198 12018.8 0.993908
387300000 5461.23 123.787 12017.5 0.993883
387400000 5461.22 125.864 12012.8 0.993735
387500000 5461.24 123.269 12018.7 0.993888
387600000 5461.21 125.56 12013.4 0.993792
387700000 5461.22 127.832 12008.3 0.995441
387800000 5461.22 129.248 12005.2 0.993511
387900000 5461.22 126.398 12011.6 0.993744
388000000 5461.23 125.683 12013.2 0.993724
388100000 5461.21 131.387 12000.3 0.993387
388200000 5461.22 127.872 12008.2 0.993593
388300000 5461.22 124.858 12015 0.993851
388400000 5461.22 128.45 12006.9 0.99353
388500000 5461.22 129.092 12005.5 0.993542
388600000 5461.22 126.671 12010.9 0.993715
388700000 5461.23 125.81 12012.9 0.993689
388800000 5461.23 123.6 12017.9 0.993924
388900000 5461.21 129.363 12004.9 0.993508
389000000 5461.21 125.885 12012.7 0.993752
389100000 5461.22 127.606 12008.8 0.993605
389200000 5461.21 126.477 12011.4 0.993718
389300000 5461.23 124.823 12015.1 0.993813
389400000 5461.23 123.387 12018.4 0.99394
389500000 5461.23 122.3 12020.8 0.993969
389600000 5461.22 125.879 12012.7 0.994271
389700000 5461.22 132.397 11998.1 0.993284
389800000 5461.23 125.538 12013.5 0.993737
389900000 5461.22 127.939 12008.1 0.993609
390000000 5461.24 125.842 12012.9 0.99375
390100000 5461.22 134.548 11993.2 0.993095
390200000 5461.23 122.723 12019.9 0.993938
390300000 5461.22 127.32 12009.5 0.993723
390400000 5461.23 128.686 12006.4 0.993511
390500000 5461.22 127.149 12009.9 0.993697
390600000 5461.22 126.81 12010.6 0.993689
390700000 5461.21 127.441 12009.2 0.993645
390800000 5461.23 125.351 12013.9 0.993775
390900000 5461.22 127.7 12008.6 0.993622
391000000 5461.24 127.65 12008.8 0.993576
391100000 5461.23 125.913 12012.7 0.99375
391200000 5461.23 120.054 12025.9 0.994126
391300000 5461.23 127.91 12008.2 0.993497
391400000 5461.21 129.744 12004 0.993531
391500000 5461.21 130.1 12003.2 0.993518
391600000 5461.23 122.677 12019.9 0.993954
391700000 5461.22 124.914 12014.9 0.993842
391800000 5461.21 131.64 11999.7 0.99335
391900000 5461.22 126.553 12011.2 0.993709
392000000 5461.22 125.694 12013.2 0.993731
392100000 5461.23 126.852 12010.6 0.993638
392200000 5461.24 122.974 12019.3 0.993904
392300000 5461.22 124.88 12015 0.993848
392400000 5461.22 123.469 12018.2 0.993924
392500000 5461.22 130.13 12003.1 0.993489
392600000 5461.24 125.795 12013 0.993722
392700000 5461.23 124.33 12016.2 0.993808
392800000 5461.23 125.283 12014.1 0.993761
392900000 5461.23 125.357 12013.9 0.993957
393000000 5461.23 122.378 12020.6 0.993972
393100000 5461.21 129.271 12005.1 0.993553
393200000 5461.23 126.241 12011.9 0.9937
393300000 5461.22 133.852 11994.8 0.993165
393400000 5461.22 126.079 12012.3 0.993746
393500000 5461.21 128.633 12006.5 0.993619
393600000 5461.22 122.954 12019.3 0.993966
393700000 5461.22 127.669 12008.7 0.993621
393800000 5461.22 127.015 12010.2 0.993663
393900000 5461.21 125.697 12013.1 0.993784
394000000 5461.22 125.78 12012.9 0.993764
394100000 5461.2 133.009 11996.6 0.993272
394200000 5461.22 129.989 12003.5 0.9934
394300000 5461.22 125.714 12013.1 0.993752
394400000 5461.22 126.125 12012.2 0.993746
394500000 5461.23 122.45 12020.5 0.993948
394600000 5461.22 124.612 12015.6 0.993816
394700000 5461.21 129.396 12004.8 0.993507
394800000 5461.21 128.291 12007.3 0.993607
394900000 5461.22 127.828 12008.3 0.993626
395000000 5461.22 124.031 12016.9 0.993882
395100000 5461.21 124.491 12015.8 0.993861
395200000 5461.23 124.49 12015.9 0.993858
395300000 5461.22 125.093 12014.5 0.993852
395400000 5461.23 122.831 12019.6 0.993946
395500000 5461.23 126.583 12011.2 0.993751
395600000 5461.22 124.241 12016.4 0.993907
395700000 5461.23 131.241 12000.7 0.993346
395800000 5461.22 128.388 12007.1 0.993564
395900000 5461.23 125.078 12014.6 0.9938
396000000 5461.22 126.58 12011.2 0.993713
396100000 5461.22 131.58 11999.9 0.993298
396200000 5461.23 121.169 12023.4 0.994065
396300000 5461.22 123.277 12018.6 0.993936
396400000 5461.22 129.062 12005.6 0.993466
396500000 5461.23 125.337 12014 0.993761
396600000 5461.2 128.458 12006.9 0.99357
396700000 5461.23 125.41 12013.8 0.993764
396800000 5461.22 128.798 12006.2 0.993532
396900000 5461.22 138.331 11984.7 0.992799
397000000 5461.22 127.084 12010 0.993685
397100000 5461.22 126.522 12011.3 0.993676
397200000 5461.23 122.243 12020.9 0.994045
397300000 5461.22 127.97 12008 0.993611
397400000 5461.23 123.842 12017.3 0.993935
397500000 5461.22 125.789 12012.9 0.993718
397600000 5461.22 123.696 12017.6 0.993881
397700000 5461.22 134.791 11992.7 0.993069
397800000 5461.23 123.285 12018.6 0.993915
397900000 5461.22 128.337 12007.2 0.993535
398000000 5461.22 124.497 12015.8 0.993882
398100000 5461.2 130.76 12001.7 0.993461
398200000 5461.23 124.223 12016.5 0.993835
398300000 5461.22 127.572 12008.9 0.993645
398400000 5461.22 127.275 12009.6 0.993622
398500000 5461.23 127.914 12008.2 0.993612
398600000 5461.24 124.753 12015.3 0.993855
398700000 5461.23 128.764 12006.2 0.993547
398800000 5461.21 130.474 12002.4 0.993436
398900000 5461.23 125.02 12014.7 0.993802
399000000 5461.23 124.168 12016.6 0.993883
399100000 5461.23 124.179 12016.6 0.993826
399200000 5461.22 129.2 12005.2 0.993489
399300000 5461.22 130.513 12002.3 0.993467
399400000 5461.21 130.513 12002.3 0.993415
399500000 5461.22 127.539 12009 0.993705
399600000 5461.22 127.679 12008.7 0.993626
399700000 5461.24 122.029 12021.4 0.994002
399800000 5461.21 125.638 12013.3 0.993771
399900000 5461.22 127.063 12010.1 0.993687
400000000 5461.23 125.919 12012.7 0.993713
400100000 5461.23 126.474 12011.4 0.993715
400200000 5461.22 132.331 11998.2 0.993254
400300000 5461.24 121.55 12022.5 0.994044
400400000 5461.23 124.957 12014.8 0.993786
400500000 5461.23 129.172 12005.3 0.993561
400600000 5461.22 127.215 12009.7 0.993654
400700000 5461.25 127.434 12009.3 0.993565
400800000 5461.22 130.082 12003.3 0.993442
400900000 5461.22 127.366 12009.4 0.993626
401000000 5461.23 124.627 12015.6 0.99379
401100000 5461.21 126.658 12011 0.993726
401200000 5461.23 123.667 12017.7 0.993884
401300000 5461.24 122.501 12020.4 0.993994
401400000 5461.21 131.413 12000.2 0.993457
401500000 5461.23 129.205 12005.3 0.993547
401600000 5461.21 132.541 11997.7 0.993262
401700000 5461.21 131.55 11999.9 0.993363
401800000 5461.22 123.812 12017.4 0.99389
401900000 5461.24 124.13 12016.7 0.993848
402000000 5461.22 125.467 12013.7 0.99379
402100000 5461.23 121.207 12023.3 0.994055
402200000 5461.22 124.778 12015.2 0.993831
402300000 5461.22 127.233 12009.7 0.993642
402400000 5461.23 127.299 12009.5 0.993624
402500000 5461.21 132.745 11997.3 0.993217
402600000 5461.22 126.269 12011.8 0.993708
402700000 5461.21 127.975 12008 0.993616
402800000 5461.23 127.2 12009.8 0.993591
402900000 5461.23 125.825 12012.9 0.993741
403000000 5461.22 123.096 12019 0.993938
403100000 5461.22 121.679 12022.2 0.994061
403200000 5461.22 129.024 12005.6 0.993485
403300000 5461.22 129.514 12004.6 0.993466
403400000 5461.2 132.453 11997.9 0.993323
403500000 5461.2 130.65 12001.9 0.993491
403600000 5461.23 126.615 12011.1 0.993658
403700000 5461.23 121.619 12022.3 0.994033
403800000 5461.23 126.605 12011.1 0.993672
403900000 5461.23 122.466 12020.4 0.993981
404000000 5461.21 123.659 12017.7 0.993914
404100000 5461.22 127.621 12008.8 0.993623
404200000 5461.22 127.223 12009.7 0.993694
404300000 5461.22 128.15 12007.6 0.993562
404400000 5461.23 122.96 12019.3 0.993921
404500000 5461.23 128.661 12006.5 0.993494
404600000 5461.23 125.92 12012.7 0.993753
404700000 5461.23 126.745 12010.8 0.993659
404800000 5461.23 130.665 12002 0.99335
404900000 5461.22 127.891 12008.2 0.993482
405000000 5461.23 129.724 12004.1 0.993369
405100000 5461.23 130.626 12002.1 0.993348
405200000 5461.22 130.411 12002.5 0.993402
405300000 5461.23 123.279 12018.6 0.993942
405400000 5461.23 126.694 12010.9 0.993649
405500000 5461.23 125.875 12012.8 0.993788
405600000 5461.23 121.255 12023.2 0.994105
405700000 5461.22 127.35 12009.4 0.993625
405800000 5461.21 129.222 12005.2 0.993538
405900000 5461.23 123.454 12018.2 0.993934
406000000 5461.21 128.75 12006.2 0.993526
406100000 5461.22 126.046 12012.4 0.993742
406200000 5461.23 126.807 12010.6 0.99362
406300000 5461.21 128.921 12005.9 0.993577
406400000 5461.23 125.816 12012.9 0.993733
406500000 5461.22 125.607 12013.3 0.993756
406600000 5461.24 124.409 12016.1 0.993852
406700000 5461.22 128.341 12007.2 0.993594
406800000 5461.2 127.772 12008.4 0.993663
406900000 5461.23 126.752 12010.8 0.993703
407000000 5461.23 125.562 12013.5 0.993706
407100000 5461.22 124.76 12015.3 0.993836
407200000 5461.22 127.758 12008.5 0.993622
407300000 5461.22 129.904 12003.7 0.99346
407400000 5461.22 126.903 12010.4 0.993681
407500000 5461.21 135.222 11991.7 0.993057
407600000 5461.23 126.721 12010.8 0.993669
407700000 5461.22 127.597 12008.9 0.993639
407800000 5461.22 129.62 12004.3 0.993877
407900000 5461.22 126.534 12011.3 0.993734
408000000 5461.22 124.776 12015.2 0.993865
408100000 5461.24 127.687 12008.7 0.993574
408200000 5461.21 127.895 12008.2 0.993599
408300000 5461.22 122.131 12021.2 0.994028
408400000 5461.21 128.5 12006.8 0.993605
408500000 5461.21 133.385 11995.8 0.993155
408600000 5461.24 123.331 12018.5 0.993901
408700000 5461.22 121.375 12022.9 0.99406
408800000 5461.22 123.719 12017.6 0.993899
408900000 5461.23 122.815 12019.7 0.99395
409000000 5461.23 125.016 12014.7 0.993814
409100000 5461.24 124.029 12016.9 0.993851
409200000 5461.24 126.554 12011.2 0.993623
409300000 5461.21 136.633 11988.5 0.992922
409400000 5461.22 126.161 12012.1 0.993735
409500000 5461.23 125.154 12014.4 0.993795
409600000 5461.23 125.388 12013.9 0.993762
409700000 5461.22 125.502 12013.6 0.993757
409800000 5461.23 124.794 12015.2 0.993838
409900000 5461.21 130.402 12002.5 0.993441
410000000 5461.22 132.976 11996.7 0.993209
410100000 5461.21 126.797 12010.6 0.99366
410200000 5461.22 124.658 12015.5 0.99383
410300000 5461.22 125.274 12014.1 0.993761
410400000 5461.23 121.663 12022.2 0.994044
410500000 5461.23 124.496 12015.9 0.99485
410600000 5461.22 128.493 12006.8 0.993547
410700000 5461.23 123.438 12018.2 0.993939
410800000 5461.21 126.643 12011 0.993726
410900000 5461.22 124.619 12015.6 0.993891
411000000 5461.23 124.406 12016.1 0.993856
411100000 5461.23 122.819 12019.6 0.993968
411200000 5461.23 121.466 12022.7 0.994061
411300000 5461.22 128.866 12006 0.993522
411400000 5461.24 123.416 12018.3 0.993914
411500000 5461.22 124.931 12014.9 0.994607
411600000 5461.22 125.299 12014 0.993819
411700000 5461.23 125.601 12013.4 0.993756
411800000 5461.22 123.626 12017.8 0.993912
411900000 5461.21 128.531 12006.7 0.993642
412000000 5461.22 125.912 12012.7 0.993765
412100000 5461.23 124.688 12015.4 0.99381
412200000 5461.21 130.426 12002.5 0.993511
412300000 5461.21 132.152 11998.6 0.993282
412400000 5461.24 123.387 12018.4 0.99386
412500000 5461.22 125.083 12014.5 0.993866
412600000 5461.22 127.136 12009.9 0.993679
412700000 5461.22 127.398 12009.3 0.993623
412800000 5461.21 125.629 12013.3 0.99382
412900000 5461.22 127.209 12009.7 0.99363
413000000 5461.23 129.493 12004.6 0.993453
413100000 5461.24 121.852 12021.8 0.994047
413200000 5461.21 127.634 12008.8 0.99359
413300000 5461.21 127.6 12008.8 0.993604
413400000 5461.23 123.338 12018.5 0.993894
413500000 5461.22 125.595 12013.4 0.993818
413600000 5461.22 125.656 12013.2 0.993791
413700000 5461.21 123.774 12017.5 0.99392
413800000 5461.21 127.15 12009.9 0.993679
413900000 5461.21 128.412 12007 0.993602
414000000 5461.24 127.267 12009.6 0.993613
414100000 5461.23 122.961 12019.3 0.993946
414200000 5461.22 125.578 12013.4 0.993808
414300000 5461.23 124.719 12015.4 0.993797
414400000 5461.23 123.065 12019.1 0.993988
414500000 5461.23 124.306 12016.3 0.993859
414600000 5461.21 132.263 11998.3 0.993261
414700000 5461.22 123.367 12018.4 0.9939
414800000 5461.23 122.103 12021.2 0.994015
414900000 5461.22 129.646 12004.2 0.993411
415000000 5461.22 127.483 12009.1 0.993593
415100000 5461.23 123.954 12017.1 0.993887
415200000 5461.22 124.126 12016.7 0.993891
415300000 5461.22 125.399 12013.8 0.993803
415400000 5461.23 129.631 12004.3 0.993341
415500000 5461.22 123.459 12018.2 0.993944
415600000 5461.24 119.224 12027.8 0.99421
415700000 5461.22 131.954 11999.1 0.993221
415800000 5461.22 125.077 12014.5 0.993784
415900000 5461.23 122.537 12020.3 0.994002
416000000 5461.22 128.243 12007.4 0.993604
416100000 5461.22 125.499 12013.6 0.993848
416200000 5461.22 125.42 12013.8 0.993793
416300000 5461.24 121.828 12021.9 0.994019
416400000 5461.22 124.037 12016.9 0.993898
416500000 5461.23 125.372 12013.9 0.993736
416600000 5461.22 126.734 12010.8 0.993706
416700000 5461.23 122.413 12020.6 0.994029
416800000 5461.22 122.425 12020.5 0.993979
416900000 5461.23 125.548 12013.5 0.993748
417000000 5461.22 128.304 12007.3 0.993633
417100000 5461.21 129.255 12005.1 0.993523
417200000 5461.23 124.447 12016 0.993834
417300000 5461.21 126.555 12011.2 0.993766
417400000 5461.21 126.167 12012.1 0.99374
417500000 5461.23 124.094 12016.8 0.99386
417600000 5461.22 126.107 12012.2 0.993714
417700000 5461.23 124.13 12016.7 0.993864
417800000 5461.24 124.519 12015.8 0.993842
417900000 5461.23 125.989 12012.5 0.993678
418000000 5461.22 126.528 12011.3 0.993707
418100000 5461.22 127.456 12009.2 0.993666
418200000 5461.22 127.439 12009.2 0.993579
418300000 5461.22 124.889 12015 0.993858
418400000 5461.22 127.783 12008.5 0.993587
418500000 5461.23 125.18 12014.3 0.993843
418600000 5461.24 128.304 12007.3 0.993538
418700000 5461.21 123.302 12018.5 0.99393
418800000 5461.23 127.137 12009.9 0.993601
418900000 5461.24 122.156 12021.1 0.994022
419000000 5461.23 126.372 12011.6 0.993678
419100000 5461.22 123.825 12017.4 0.993931
419200000 5461.23 121.817 12021.9 0.994023
419300000 5461.22 125.638 12013.3 0.993773
419400000 5461.22 123.102 12019 0.993953
419500000 5461.23 124.752 12015.3 0.994004
419600000 5461.21 127.552 12008.9 0.993636
419700000 5461.23 124.225 12016.5 0.993878
419800000 5461.21 131.889 11999.2 0.993312
419900000 5461.23 130.604 12002.1 0.993399
420000000 5461.23 130.249 12002.9 0.993481
420100000 5461.22 129.256 12005.1 0.993497
420200000 5461.21 127.765 12008.5 0.993623
420300000 5461.21 128.881 12006 0.99354
420400000 5461.21 126.732 12010.8 0.993673
420500000 5461.2 130.056 12003.3 0.993507
420600000 5461.23 125.881 12012.7 0.99376
420700000 5461.23 124.751 12015.3 0.994046
420800000 5461.22 128.939 12005.8 0.993543
420900000 5461.22 126.721 12010.8 0.993709
421000000 5461.22 126.212 12012 0.99376
421100000 5461.24 126.521 12011.3 0.993696
421200000 5461.22 129.697 12004.1 0.993452
421300000 5461.23 130.337 12002.7 0.993389
421400000 5461.23 129.771 12004 0.993429
421500000 5461.22 121.588 12022.4 0.994063
421600000 5461.23 127.246 12009.7 0.9936
421700000 5461.22 128.95 12005.8 0.993579
421800000 5461.22 126.815 12010.6 0.993685
421900000 5461.23 121.536 12022.5 0.994038
422000000 5461.22 126.046 12012.4 0.993747
422100000 5461.22 126.071 12012.3 0.993722
422200000 5461.22 126.633 12011 0.993702
422300000 5461.23 127.648 12008.8 0.99357
422400000 5461.23 129.253 12005.1 0.993512
422500000 5461.23 123.914 12017.2 0.993897
422600000 5461.23 125.04 12014.6 0.993816
422700000 5461.22 125.566 12013.4 0.993796
422800000 5461.23 124.531 12015.8 0.993848
422900000 5461.23 123.121 12019 0.993914
423000000 5461.23 128.181 12007.6 0.993595
423100000 5461.23 123.376 12018.4 0.993951
423200000 5461.22 124.739 12015.3 0.993844
423300000 5461.24 124.684 12015.5 0.993816
423400000 5461.21 130.129 12003.1 0.993439
423500000 5461.23 126.193 12012 0.993723
423600000 5461.23 122.728 12019.8 0.993918
423700000 5461.22 136.213 11989.5 0.992925
423800000 5461.23 123.217 12018.7 0.99391
423900000 5461.23 126.456 12011.4 0.993708
424000000 5461.23 123.452 12018.2 0.99393
424100000 5461.22 124.539 12015.8 0.993862
424200000 5461.22 124.188 12016.5 0.993873
424300000 5461.22 130.453 12002.4 0.993337
424400000 5461.2 126.067 12012.3 0.993809
424500000 5461.23 125.204 12014.3 0.993818
424600000 5461.22 131.166 12000.8 0.993354
424700000 5461.23 125.84 12012.8 0.993755
424800000 5461.25 125.972 12012.6 0.993675
424900000 5461.23 128.192 12007.5 0.993576
425000000 5461.22 123.569 12017.9 0.993873
425100000 5461.23 121.36 12022.9 0.994073
425200000 5461.22 122.062 12021.3 0.994024
425300000 5461.21 126.019 12012.4 0.993734
425400000 5461.23 125.954 12012.6 0.993739
425500000 5461.23 126.031 12012.4 0.993695
425600000 5461.21 130.51 12002.3 0.993365
425700000 5461.22 126.761 12010.7 0.993731
425800000 5461.23 124.203 12016.5 0.993796
425900000 5461.22 128.822 12006.1 0.993526
426000000 5461.23 126.577 12011.2 0.993626
426100000 5461.23 126.209 12012 0.993716
426200000 5461.21 129.338 12004.9 0.993506
426300000 5461.21 125.435 12013.7 0.993783
426400000 5461.22 126.243 12011.9 0.993762
426500000 5461.22 124.302 12016.3 0.993947
426600000 5461.22 125.411 12013.8 0.993755
426700000 5461.21 129.65 12004.2 0.993513
426800000 5461.22 123.828 12017.3 0.993925
426900000 5461.21 132.247 11998.4 0.993328
427000000 5461.23 124.548 12015.7 0.993882
427100000 5461.22 125.263 12014.1 0.993807
427200000 5461.23 125.353 12013.9 0.993817
427300000 5461.23 129.329 12005 0.993473
427400000 5461.22 127.451 12009.2 0.993596
427500000 5461.23 124.44 12016 0.99385
427600000 5461.21 128.805 12006.1 0.9936
427700000 5461.22 126.925 12010.4 0.993714
427800000 5461.22 124.629 12015.5 0.993832
427900000 5461.22 126.424 12011.5 0.99373
428000000 5461.23 127.854 12008.3 0.99355
428100000 5461.22 126.532 12011.2 0.993709
428200000 5461.22 125.617 12013.3 0.99375
428300000 5461.22 138.036 11985.3 0.992772
428400000 5461.21 130.437 12002.5 0.99338
428500000 5461.23 124.496 12015.9 0.99382
428600000 5461.22 126.806 12010.6 0.993696
428700000 5461.24 123.92 12017.2 0.99386
428800000 5461.22 127.805 12008.4 0.993602
428900000 5461.22 126.527 12011.3 0.993728
429000000 5461.23 127.206 12009.8 0.993618
429100000 5461.22 123.99 12017 0.993927
429200000 5461.23 122.226 12021 0.994028
429300000 5461.23 128.754 12006.3 0.993539
429400000 5461.23 123.494 12018.1 0.993885
429500000 5461.22 124.19 12016.5 0.993812
429600000 5461.23 123.532 12018 0.993926
429700000 5461.23 122.114 12021.2 0.994019
429800000 5461.22 127.761 12008.5 0.993613
429900000 5461.22 129.365 12004.9 0.993429
430000000 5461.22 125.707 12013.1 0.99373
430100000 5461.23 123.547 12018 0.993919
430200000 5461.23 126.456 12011.4 0.993721
430300000 5461.22 122.289 12020.8 0.993986
430400000 5461.22 127.64 12008.8 0.993639
430500000 5461.22 127.32 12009.5 0.994762
430600000 5461.21 126.562 12011.2 0.993734
430700000 5461.22 129.383 12004.8 0.993531
430800000 5461.22 127.395 12009.3 0.993673
430900000 5461.24 130.683 12001.9 0.99339
431000000 5461.22 131.342 12000.4 0.994946
431100000 5461.24 125.509 12013.6 0.993739
431200000 5461.21 126.287 12011.8 0.993728
431300000 5461.22 127.664 12008.7 0.993635
431400000 5461.22 122.06 12021.3 0.994009
431500000 5461.21 133.532 11995.5 0.993183
431600000 5461.21 128.634 12006.5 0.99351
431700000 5461.23 121.864 12021.8 0.994018
431800000 5461.22 127.361 12009.4 0.993647
431900000 5461.23 125.034 12014.7 0.993783
432000000 5461.22 126.286 12011.8 0.993771
432100000 5461.23 127.963 12008 0.9935
432200000 5461.22 126.078 12012.3 0.993723
432300000 5461.21 129.423 12004.7 0.993523
432400000 5461.21 130.37 12002.6 0.99349
432500000 5461.21 127.247 12009.6 0.993727
432600000 5461.22 128.96 12005.8 0.993499
432700000 5461.22 123.806 12017.4 0.993934
432800000 5461.22 123.099 12019 0.993925
432900000 5461.22 125.874 12012.7 0.993754
433000000 5461.24 125.904 12012.7 0.993728
433100000 5461.23 124.589 12015.7 0.993819
433200000 5461.23 123.689 12017.7 0.993878
433300000 5461.24 122.806 12019.7 0.993972
433400000 5461.21 128.06 12007.8 0.993556
433500000 5461.22 126.295 12011.8 0.993608
433600000 5461.22 129.721 12004.1 0.993473
433700000 5461.21 128.35 12007.1 0.993584
433800000 5461.22 124.08 12016.8 0.993867
433900000 5461.22 126.027 12012.4 0.993754
434000000 5461.22 125.552 12013.5 0.993756
434100000 5461.23 124.431 12016 0.993867
434200000 5461.2 126.878 12010.4 0.993682
434300000 5461.22 127.777 12008.5 0.993595
434400000 5461.22 125.332 12014 0.993778
434500000 5461.22 129.962 12003.5 0.993434
434600000 5461.22 129.674 12004.2 0.993494
434700000 5461.21 129.019 12005.6 0.993502
434800000 5461.24 122.893 12019.5 0.993968
434900000 5461.23 125.58 12013.4 0.993741
435000000 5461.22 128.169 12007.6 0.993786
435100000 5461.23 123.936 12017.1 0.993833
435200000 5461.23 125.502 12013.6 0.993742
435300000 5461.21 128.394 12007.1 0.993576
435400000 5461.22 129.56 12004.4 0.993551
435500000 5461.23 124.414 12016 0.993797
435600000 5461.23 121.747 12022.1 0.994044
435700000 5461.23 128.439 12007 0.993544
435800000 5461.23 124.861 12015 0.993782
435900000 5461.22 120.943 12023.8 0.994073
436000000 5461.23 125.396 12013.8 0.993752
436100000 5461.22 127.019 12010.2 0.993666
436200000 5461.23 122.503 12020.3 0.993986
436300000 5461.21 128.475 12006.9 0.993616
436400000 5461.23 126.412 12011.6 0.99366
436500000 5461.24 124.015 12017 0.993845
436600000 5461.21 126.35 12011.6 0.993762
436700000 5461.22 127.429 12009.2 0.99369
436800000 5461.23 129.048 12005.6 0.99348
436900000 5461.22 126.589 12011.1 0.993722
437000000 5461.22 125.235 12014.2 0.993832
437100000 5461.22 127.965 12008 0.993655
437200000 5461.22 128.271 12007.3 0.9936
437300000 5461.22 126.021 12012.4 0.993709
437400000 5461.22 127.886 12008.2 0.993604
437500000 5461.23 124.518 12015.8 0.994305
437600000 5461.22 128.124 12007.7 0.993592
437700000 5461.22 125.288 12014.1 0.993799
437800000 5461.23 129.887 12003.7 0.993382
437900000 5461.23 123.838 12017.3 0.993898
438000000 5461.22 124.641 12015.5 0.993836
438100000 5461.21 124.475 12015.9 0.993872
438200000 5461.24 125.515 12013.6 0.993744
438300000 5461.23 122.829 12019.6 0.993905
438400000 5461.23 125.647 12013.3 0.993728
438500000 5461.23 128.277 12007.4 0.99358
438600000 5461.23 125.863 12012.8 0.99375
438700000 5461.23 124.397 12016.1 0.993861
438800000 5461.22 121.178 12023.3 0.994082
438900000 5461.21 134.246 11993.9 0.993149
439000000 5461.23 124.668 12015.5 0.993809
439100000 5461.23 127.961 12008.1 0.993809
439200000 5461.23 126.643 12011 0.993674
439300000 5461.22 122.685 12019.9 0.993958
439400000 5461.23 122.681 12019.9 0.993955
439500000 5461.23 123.753 12017.5 0.993912
439600000 5461.21 127.159 12009.8 0.993633
439700000 5461.22 122.127 12021.2 0.99399
439800000 5461.21 129.135 12005.4 0.99359
439900000 5461.22 124.373 12016.1 0.993845
440000000 5461.22 124.482 12015.9 0.993855
440100000 5461.22 125.941 12012.6 0.993743
440200000 5461.23 133.17 11996.3 0.997593
440300000 5461.22 128.799 12006.2 0.993496
440400000 5461.23 125.729 12013.1 0.99371
440500000 5461.22 125.223 12014.2 0.993808
440600000 5461.22 129.107 12005.5 0.99351
440700000 5461.23 128.936 12005.9 0.993486
440800000 5461.22 125.272 12014.1 0.993819
440900000 5461.24 130.468 12002.4 0.993357
441000000 5461.23 121.575 12022.4 0.994033
441100000 5461.22 130.275 12002.8 0.993464
441200000 5461.23 130.878 12001.5 0.993374
441300000 5461.22 122.897 12019.4 0.993949
441400000 5461.22 124.123 12016.7 0.993881
441500000 5461.23 127.34 12009.5 0.993596
441600000 5461.23 125.84 12012.8 0.993745
441700000 5461.21 127.117 12009.9 0.993661
441800000 5461.22 129.96 12003.5 0.993371
441900000 5461.23 122.714 12019.9 0.99396
442000000 5461.23 125.671 12013.2 0.993735
442100000 5461.22 125.359 12013.9 0.993782
442200000 5461.22 125.42 12013.8 0.9938
442300000 5461.22 128.431 12007 0.993535
442400000 5461.22 126.653 12011 0.993701
442500000 5461.24 124.3 12016.3 0.993856
442600000 5461.22 125.559 12013.5 0.993755
442700000 5461.23 125.252 12014.2 0.993786
442800000 5461.22 125.415 12013.8 0.993815
442900000 5461.23 123.267 12018.6 0.993926
443000000 5461.23 126.203 12012 0.993729
443100000 5461.21 125.838 12012.8 0.993809
443200000 5461.22 126.482 12011.4 0.993666
443300000 5461.23 123.531 12018 0.993912
443400000 5461.23 122.774 12019.7 0.993955
443500000 5461.22 124.163 12016.6 0.993878
443600000 5461.2 127.244 12009.6 0.993693
443700000 5461.22 128.962 12005.8 0.993523
443800000 5461.23 122.509 12020.3 0.993972
443900000 5461.23 122.467 12020.4 0.993989
444000000 5461.23 125.058 12014.6 0.99383
444100000 5461.21 128.396 12007 0.993585
444200000 5461.23 125.155 12014.4 0.993802
444300000 5461.23 123.293 12018.6 0.993938
444400000 5461.22 127.421 12009.2 0.993649
444500000 5461.21 131.698 11999.6 0.993366
444600000 5461.21 127.339 12009.4 0.993654
444700000 5461.22 127.391 12009.3 0.993667
444800000 5461.21 127.015 12010.1 0.99367
444900000 5461.22 126.78 12010.7 0.993653
445000000 5461.23 124.263 12016.4 0.993877
445100000 5461.23 128.536 12006.8 0.993554
445200000 5461.22 126.153 12012.1 0.993704
445300000 5461.22 130.755 12001.8 0.993393
445400000 5461.22 125.797 12012.9 0.993744
445500000 5461.24 128.01 12008 0.993507
445600000 5461.23 124.041 12016.9 0.993867
445700000 5461.22 122.778 12019.7 0.99397
445800000 5461.22 125.978 12012.5 0.993708
445900000 5461.21 126.077 12012.3 0.994218
446000000 5461.22 125.312 12014 0.993797
446100000 5461.23 121.426 12022.8 0.994069
446200000 5461.22 123.478 12018.1 0.993885
446300000 5461.22 127.519 12009 0.993667
446400000 5461.23 124.969 12014.8 0.993807
446500000 5461.21 128.583 12006.6 0.99362
446600000 5461.23 123.845 12017.3 0.993867
446700000 5461.21 131.698 11999.6 0.993348
446800000 5461.22 126.91 12010.4 0.993702
446900000 5461.22 134.209 11994 0.993099
447000000 5461.22 127.389 12009.3 0.993668
447100000 5461.22 126.924 12010.4 0.993653
447200000 5461.22 127.364 12009.4 0.993642
447300000 5461.22 126.834 12010.6 0.993712
447400000 5461.21 125.492 12013.6 0.99377
447500000 5461.22 129.645 12004.3 0.993712
447600000 5461.23 130.525 12002.3 0.993357
447700000 5461.23 123.584 12017.9 0.993884
447800000 5461.22 125.539 12013.5 0.993787
447900000 5461.22 125.232 12014.2 0.993826
448000000 5461.23 125.702 12013.2 0.993714
448100000 5461.22 125.681 12013.2 0.993764
448200000 5461.23 125.002 12014.7 0.993775
448300000 5461.22 125.782 12012.9 0.993753
448400000 5461.23 130.484 12002.4 0.993432
448500000 5461.23 123.566 12018 0.993875
448600000 5461.22 128.214 12007.5 0.993615
448700000 5461.23 124.454 12016 0.993882
448800000 5461.24 122.64 12020.1 0.993977
448900000 5461.22 125.857 12012.8 0.993741
449000000 5461.23 131.023 12001.2 0.993369
449100000 5461.23 125.459 12013.7 0.993754
449200000 5461.22 130.266 12002.9 0.993407
449300000 5461.22 131.282 12000.6 0.993368
449400000 5461.23 131.852 11999.3 0.993373
449500000 5461.22 126.637 12011 0.993718
449600000 5461.22 131.308 12000.5 0.993294
449700000 5461.23 122.897 12019.5 0.993967
449800000 5461.23 124.546 12015.7 0.993879
449900000 5461.24 127.26 12009.7 0.993594
450000000 5461.2 133.309 11996 0.993246
450100000 5461.23 125.168 12014.3 0.993776
450200000 5461.22 127.104 12010 0.993671
450300000 5461.22 127.306 12009.5 0.993581
450400000 5461.23 126.139 12012.2 0.9937
450500000 5461.22 126.952 12010.3 0.993748
450600000 5461.21 128.442 12006.9 0.993581
450700000 5461.21 123.405 12018.3 0.993879
450800000 5461.23 122.539 12020.3 0.993984
450900000 5461.22 125.228 12014.2 0.993815
451000000 5461.21 135.838 11990.3 0.9931
451100000 5461.22 121.653 12022.3 0.993986
451200000 5461.25 123.118 12019 0.993932
451300000 5461.22 124.492 12015.9 0.993836
451400000 5461.22 127.454 12009.2 0.993677
451500000 5461.23 124.885 12015 0.99419
451600000 5461.22 126.735 12010.8 0.993702
451700000 5461.22 127.677 12008.7 0.993652
451800000 5461.22 132.933 11996.8 0.993221
451900000 5461.22 127.084 12010 0.993664
452000000 5461.22 127.714 12008.6 0.993621
452100000 5461.22 124.312 12016.3 0.993904
452200000 5461.23 125.202 12014.3 0.993771
452300000 5461.24 124.246 12016.4 0.993833
452400000 5461.22 130.44 12002.5 0.993417
452500000 5461.23 127.051 12010.1 0.993657
452600000 5461.23 127.157 12009.9 0.993637
452700000 5461.23 122.972 12019.3 0.993906
452800000 5461.22 126.157 12012.1 0.993684
452900000 5461.22 128.034 12007.9 0.993543
453000000 5461.23 124.981 12014.8 0.993804
453100000 5461.22 123.372 12018.4 0.993932
453200000 5461.22 126.37 12011.6 0.993721
453300000 5461.22 124.548 12015.7 0.993863
453400000 5461.23 123.598 12017.9 0.993911
453500000 5461.23 125.177 12014.3 0.993824
453600000 5461.23 125.588 12013.4 0.993719
453700000 5461.23 128.983 12005.8 0.993512
453800000 5461.23 127.415 12009.3 0.993584
453900000 5461.22 122.378 12020.6 0.993974
454000000 5461.24 126.806 12010.7 0.993661
454100000 5461.23 127.531 12009 0.993584
454200000 5461.23 123.12 12019 0.993907
454300000 5461.22 121.907 12021.7 0.994069
454400000 5461.24 125.244 12014.2 0.993765
454500000 5461.22 126.323 12011.7 0.993692
454600000 5461.22 125.024 12014.7 0.993804
454700000 5461.22 120.941 12023.9 0.9941
454800000 5461.22 127.465 12009.1 0.993635
454900000 5461.22 126.186 12012 0.993694
455000000 5461.22 124.908 12014.9 0.993834
455100000 5461.23 126.744 12010.8 0.993703
455200000 5461.22 126.301 12011.8 0.993753
455300000 5461.22 123.724 12017.6 0.993941
455400000 5461.23 127.439 12009.2 0.993598
455500000 5461.21 129.978 12003.5 0.993511
455600000 5461.24 129.174 12005.3 0.993534
455700000 5461.23 126.894 12010.5 0.993636
455800000 5461.23 126.722 12010.8 0.993712
455900000 5461.22 130.887 12001.5 0.993452
456000000 5461.23 129.534 12004.5 0.993419
456100000 5461.22 128.993 12005.7 0.993568
456200000 5461.24 124.655 12015.5 0.993822
456300000 5461.24 126.405 12011.6 0.993691
456400000 5461.23 127.719 12008.6 0.993576
456500000 5461.22 127.114 12010 0.99369
456600000 5461.23 125.238 12014.2 0.993799
456700000 5461.23 126.055 12012.3 0.99372
456800000 5461.23 127.757 12008.5 0.993653
456900000 5461.21 127.657 12008.7 0.993621
457000000 5461.22 128.52 12006.8 0.993542
457100000 5461.22 133.073 11996.5 0.99321
457200000 5461.23 123.203 12018.8 0.993939
457300000 5461.23 122.577 12020.2 0.994015
457400000 5461.22 127.405 12009.3 0.993616
457500000 5461.24 124.222 12016.5 0.993847
457600000 5461.23 129.007 12005.7 0.993507
457700000 5461.23 122.99 12019.3 0.993953
457800000 5461.22 125.839 12012.8 0.993752
457900000 5461.21 131.577 11999.9 0.993352
458000000 5461.24 125.861 12012.8 0.993725
458100000 5461.23 122.28 12020.8 0.993993
458200000 5461.22 126.174 12012.1 0.993746
458300000 5461.23 124.055 12016.9 0.993867
458400000 5461.23 124.658 12015.5 0.993853
458500000 5461.23 125.08 12014.5 0.993766
458600000 5461.21 130.767 12001.7 0.993375
458700000 5461.22 125.19 12014.3 0.993827
458800000 5461.2 130.697 12001.8 0.993485
458900000 5461.22 122.194 12021 0.99402
459000000 5461.22 124.688 12015.4 0.993842
459100000 5461.22 126.432 12011.5 0.993702
459200000 5461.22 129.816 12003.9 0.993458
459300000 5461.22 125.956 12012.6 0.993748
459400000 5461.23 121.211 12023.3 0.994063
459500000 5461.23 124.546 12015.7 0.993783
459600000 5461.22 124.094 12016.8 0.993851
459700000 5461.21 123.195 12018.8 0.993962
459800000 5461.22 124.006 12016.9 0.993878
459900000 5461.22 130.605 12002.1 0.99336
460000000 5461.23 125.287 12014.1 0.993811
460100000 5461.22 125.931 12012.6 0.993685
460200000 5461.23 124.292 12016.3 0.993848
460300000 5461.22 122.748 12019.8 0.993957
460400000 5461.22 126.337 12011.7 0.993725
460500000 5461.23 126.91 12010.4 0.993659
460600000 5461.23 124.515 12015.8 0.993862
460700000 5461.24 124.793 12015.2 0.993836
460800000 5461.22 131.339 12000.4 0.993345
460900000 5461.22 125.293 12014.1 0.993744
461000000 5461.22 126.09 12012.2 0.993808
461100000 5461.23 124.398 12016.1 0.99383
461200000 5461.23 124.452 12016 0.993858
461300000 5461.22 124.077 12016.8 0.993892
461400000 5461.22 127.082 12010 0.993685
461500000 5461.21 124.881 12015 0.993853
461600000 5461.22 126.591 12011.1 0.993689
461700000 5461.23 127.17 12009.8 0.993628
461800000 5461.23 126.648 12011 0.993721
461900000 5461.21 134.452 11993.4 0.995136
462000000 5461.21 126.197 12012 0.993779
462100000 5461.23 123.169 12018.9 0.993943
462200000 5461.23 125.138 12014.4 0.993796
462300000 5461.21 125.057 12014.6 0.993826
462400000 5461.22 125.926 12012.6 0.993758
462500000 5461.23 123.173 12018.8 0.993935
462600000 5461.24 122 12021.5 0.994
462700000 5461.21 126.995 12010.2 0.993684
462800000 5461.23 123.428 12018.3 0.993906
462900000 5461.23 124.726 12015.3 0.993849
463000000 5461.22 130.241 12002.9 0.993453
463100000 5461.22 132.017 11998.9 0.993308
463200000 5461.22 127.366 12009.4 0.993657
463300000 5461.21 126.509 12011.3 0.993763
463400000 5461.22 124.504 12015.8 0.993853
463500000 5461.23 127.933 12008.1 0.99358
463600000 5461.24 120.646 12024.5 0.994108
463700000 5461.23 124.037 12016.9 0.993846
463800000 5461.23 124.154 12016.6 0.993839
463900000 5461.23 128.911 12005.9 0.99347
464000000 5461.23 124.044 12016.9 0.993892
464100000 5461.23 121.311 12023 0.994091
464200000 5461.22 122.626 12020.1 0.993982
464300000 5461.24 123.809 12017.4 0.994035
464400000 5461.23 119.671 12026.7 0.994174
464500000 5461.22 126.485 12011.4 0.993695
464600000 5461.23 127.661 12008.7 0.993502
464700000 5461.21 126.617 12011 0.993725
464800000 5461.22 130.259 12002.9 0.993402
464900000 5461.23 124.259 12016.4 0.993965
465000000 5461.23 128.317 12007.2 0.993589
465100000 5461.22 125.793 12012.9 0.993747
465200000 5461.22 124.864 12015 0.99384
465300000 5461.24 127.099 12010 0.993629
465400000 5461.23 125.435 12013.8 0.993755
465500000 5461.22 124.146 12016.6 0.993889
465600000 5461.21 127.185 12009.8 0.993678
465700000 5461.22 123.499 12018.1 0.993939
465800000 5461.22 122.671 12020 0.994014
465900000 5461.21 128.11 12007.7 0.993578
466000000 5461.23 125.945 12012.6 0.993768
466100000 5461.23 127.325 12009.5 0.993629
466200000 5461.23 124.412 12016.1 0.994603
466300000 5461.24 128.317 12007.3 0.993472
466400000 5461.23 124.826 12015.1 0.993823
466500000 5461.22 126.437 12011.5 0.993744
466600000 5461.24 122.07 12021.3 0.993952
466700000 5461.24 122.969 12019.3 0.993948
466800000 5461.24 122.027 12021.4 0.994002
466900000 5461.23 124.001 12017 0.993868
467000000 5461.23 123.761 12017.5 0.993861
467100000 5461.23 125.018 12014.7 0.993832
467200000 5461.22 124.093 12016.8 0.993856
467300000 5461.24 120.52 12024.8 0.994083
467400000 5461.22 126.999 12010.2 0.993691
467500000 5461.23 127.053 12010.1 0.993634
467600000 5461.23 124.704 12015.4 0.993857
467700000 5461.21 129.759 12004 0.993458
467800000 5461.23 129.32 12005 0.993447
467900000 5461.22 125.121 12014.4 0.993803
468000000 5461.22 126.451 12011.4 0.99369
468100000 5461.23 125.957 12012.6 0.993737
468200000 5461.22 127.387 12009.3 0.993657
468300000 5461.22 125.574 12013.4 0.993811
468400000 5461.23 123.196 12018.8 0.993891
468500000 5461.22 126.11 12012.2 0.993751
468600000 5461.23 122.659 12020 0.993937
468700000 5461.23 126.651 12011 0.993657
468800000 5461.22 131.136 12000.9 0.99339
468900000 5461.22 126.558 12011.2 0.993686
469000000 5461.23 133.988 11994.5 0.993091
469100000 5461.24 125.525 12013.6 0.993749
469200000 5461.23 122.461 12020.4 0.994017
469300000 5461.22 125.019 12014.7 0.993812
469400000 5461.22 129.347 12004.9 0.993476
469500000 5461.24 131.253 12000.7 0.993292
469600000 5461.23 125.201 12014.3 0.993796
469700000 5461.21 133.378 11995.8 0.993239
469800000 5461.23 126.94 12010.4 0.993632
469900000 5461.22 126.789 12010.7 0.993693
470000000 5461.21 130.874 12001.5 0.993399
470100000 5461.22 127.66 12008.7 0.993615
470200000 5461.22 130.926 12001.4 0.993388
470300000 5461.22 123.352 12018.4 0.993957
470400000 5461.22 126.598 12011.1 0.993696
470500000 5461.22 127.401 12009.3 0.993579
470600000 5461.22 126.244 12011.9 0.993709
470700000 5461.23 122.415 12020.5 0.994009
470800000 5461.23 127.015 12010.2 0.993638
470900000 5461.23 125.218 12014.2 0.993773
471000000 5461.23 125.066 12014.6 0.99381
471100000 5461.23 124.818 12015.1 0.9938
471200000 5461.21 128.515 12006.8 0.993542
471300000 5461.23 124.188 12016.5 0.993863
471400000 5461.23 130.805 12001.7 0.993428
471500000 5461.23 126.426 12011.5 0.993696
471600000 5461.23 125.068 12014.6 0.993759
471700000 5461.23 124.122 12016.7 0.99384
471800000 5461.21 129.284 12005 0.993514
471900000 5461.22 125.992 12012.5 0.993729
472000000 5461.23 127.3 12009.5 0.99361
472100000 5461.23 122.443 12020.5 0.994025
472200000 5461.2 130.916 12001.4 0.993396
472300000 5461.22 127.626 12008.8 0.993579
472400000 5461.22 122.54 12020.3 0.993999
472500000 5461.24 126.57 12011.2 0.99367
472600000 5461.21 128.512 12006.8 0.993561
472700000 5461.23 126.175 12012.1 0.993733
472800000 5461.22 124.904 12014.9 0.99379
472900000 5461.23 126.156 12012.1 0.993691
473000000 5461.22 126.247 12011.9 0.993762
473100000 5461.22 125.434 12013.7 0.99377
473200000 5461.23 125.487 12013.6 0.993764
473300000 5461.23 123.844 12017.3 0.993888
473400000 5461.23 125.244 12014.2 0.993834
473500000 5461.22 126.667 12011 0.993754
473600000 5461.23 128.283 12007.3 0.993564
473700000 5461.22 126.032 12012.4 0.993749
473800000 5461.23 124.23 12016.5 0.9939
473900000 5461.22 127.048 12010.1 0.993605
474000000 5461.23 125.522 12013.6 0.993765
474100000 5461.22 124.939 12014.8 0.993799
474200000 5461.23 126.667 12011 0.993689
474300000 5461.21 126.993 12010.2 0.993689
474400000 5461.21 126.848 12010.5 0.993712
474500000 5461.23 125.878 12012.7 0.993767
474600000 5461.22 122.476 12020.4 0.993995
474700000 5461.22 129.571 12004.4 0.993454
474800000 5461.23 126.737 12010.8 0.993624
474900000 5461.23 128.709 12006.4 0.993535
475000000 5461.21 128.59 12006.6 0.993607
475100000 5461.24 126.81 12010.7 0.993695
475200000 5461.23 128.119 12007.7 0.993547
475300000 5461.24 125.242 12014.2 0.993747
475400000 5461.23 125.61 12013.3 0.993765
475500000 5461.22 130.718 12001.8 0.994978
475600000 5461.22 126.051 12012.3 0.993751
475700000 5461.23 126.32 12011.7 0.993683
475800000 5461.22 124.619 12015.6 0.993832
475900000 5461.22 127.8 12008.4 0.993574
476000000 5461.22 123.93 12017.1 0.993883
476100000 5461.21 128.183 12007.5 0.993583
476200000 5461.23 124.16 12016.6 0.993868
476300000 5461.22 126.802 12010.7 0.99368
476400000 5461.21 125.436 12013.7 0.993766
476500000 5461.22 131.245 12000.6 0.993377
476600000 5461.23 124.475 12015.9 0.993794
476700000 5461.23 124.407 12016.1 0.993845
476800000 5461.23 125.967 12012.5 0.993694
476900000 5461.23 124.653 12015.5 0.993848
477000000 5461.23 126.908 12010.4 0.993565
477100000 5461.21 126.717 12010.8 0.99374
477200000 5461.24 124.755 12015.3 0.993807
477300000 5461.23 123.766 12017.5 0.993877
477400000 5461.23 121.472 12022.7 0.994042
477500000 5461.22 125.457 12013.7 0.993789
477600000 5461.22 128.963 12005.8 0.993533
477700000 5461.23 121.406 12022.8 0.994066
477800000 5461.21 127.096 12010 0.993699
477900000 5461.2 126.477 12011.3 0.993777
478000000 5461.22 126.373 12011.6 0.993657
478100000 5461.23 128.148 12007.6 0.993566
478200000 5461.22 130.443 12002.4 0.993377
478300000 5461.21 125.822 12012.8 0.993792
478400000 5461.23 125.317 12014 0.993801
478500000 5461.23 122.524 12020.3 0.993971
478600000 5461.24 120.812 12024.2 0.994078
478700000 5461.22 126.248 12011.9 0.993747
478800000 5461.23 128.814 12006.1 0.993479
478900000 5461.22 128.184 12007.5 0.993592
479000000 5461.22 129.715 12004.1 0.993432
479100000 5461.23 128.624 12006.6 0.993522
479200000 5461.22 129.198 12005.3 0.993507
479300000 5461.21 125.63 12013.3 0.993765
479400000 5461.23 126.651 12011 0.993628
479500000 5461.23 123.281 12018.6 0.993903
479600000 5461.23 122.365 12020.7 0.994255
479700000 5461.22 126.411 12011.5 0.993685
479800000 5461.22 122.716 12019.9 0.993984
479900000 5461.23 124.91 12014.9 0.993803
480000000 5461.22 123.999 12017 0.993895
480100000 5461.22 122.117 12021.2 0.994034
480200000 5461.23 125.958 12012.6 0.993733
480300000 5461.22 124.863 12015 0.993869
480400000 5461.21 122.74 12019.8 0.993951
480500000 5461.23 126.835 12010.6 0.99367
480600000 5461.23 126.204 12012 0.993738
480700000 5461.23 125.381 12013.9 0.99374
480800000 5461.23 123.16 12018.9 0.993961
480900000 5461.24 125.966 12012.6 0.993746
481000000 5461.22 126.925 12010.4 0.993653
481100000 5461.22 127.017 12010.2 0.993692
481200000 5461.22 125.111 12014.5 0.99377
481300000 5461.23 121.207 12023.3 0.994064
481400000 5461.22 126.835 12010.6 0.993682
481500000 5461.23 129.05 12005.6 0.993496
481600000 5461.22 130.172 12003.1 0.993452
481700000 5461.22 126.325 12011.7 0.993678
481800000 5461.23 123.959 12017.1 0.993849
481900000 5461.22 123.451 12018.2 0.993967
482000000 5461.21 124.848 12015 0.993821
482100000 5461.21 127.659 12008.7 0.993621
482200000 5461.23 127.035 12010.1 0.993662
482300000 5461.23 130.326 12002.7 0.993727
482400000 5461.23 122.585 12020.2 0.993999
482500000 5461.23 126.18 12012.1 0.993681
482600000 5461.22 129.585 12004.4 0.993488
482700000 5461.22 128.841 12006.1 0.993542
482800000 5461.22 123.446 12018.2 0.993923
482900000 5461.22 129.649 12004.2 0.993491
483000000 5461.21 131.557 11999.9 0.993313
483100000 5461.23 125.053 12014.6 0.993823
483200000 5461.21 130.246 12002.9 0.993404
483300000 5461.24 119.64 12026.8 0.994189
483400000 5461.22 124.571 12015.7 0.993878
483500000 5461.22 127.835 12008.3 0.993607
483600000 5461.24 122.271 12020.9 0.994002
483700000 5461.23 125.579 12013.4 0.99372
483800000 5461.22 125.294 12014 0.993757
483900000 5461.22 126.196 12012 0.993721
484000000 5461.2 126.983 12010.2 0.993699
484100000 5461.22 126.163 12012.1 0.993673
484200000 5461.23 127.082 12010 0.993624
484300000 5461.24 126.39 12011.6 0.993685
484400000 5461.22 129.753 12004 0.993447
484500000 5461.23 125.823 12012.9 0.993637
484600000 5461.21 129.712 12004.1 0.993541
484700000 5461.23 124.537 12015.8 0.993878
484800000 5461.22 127.042 12010.1 0.993649
484900000 5461.23 124.11 12016.7 0.993871
485000000 5461.23 126.31 12011.8 0.993647
485100000 5461.22 122.198 12021 0.993976
485200000 5461.23 125.167 12014.4 0.993788
485300000 5461.23 123.723 12017.6 0.99384
485400000 5461.22 125.413 12013.8 0.993795
485500000 5461.23 122.533 12020.3 0.993965
485600000 5461.23 123.973 12017 0.993897
485700000 5461.21 126.427 12011.5 0.993763
485800000 5461.23 125.984 12012.5 0.993704
485900000 5461.22 128.648 12006.5 0.993467
486000000 5461.23 128.859 12006 0.993523
486100000 5461.21 130.756 12001.7 0.993433
486200000 5461.22 128.396 12007.1 0.993602
486300000 5461.23 123.758 12017.5 0.993911
486400000 5461.22 124.337 12016.2 0.993871
486500000 5461.23 125.124 12014.4 0.993796
486600000 5461.22 127.34 12009.4 0.993715
486700000 5461.22 131.504 12000.1 0.993364
486800000 5461.22 125.247 12014.2 0.993818
486900000 5461.24 123.23 12018.7 0.99392
487000000 5461.23 129.747 12004 0.993397
487100000 5461.22 126.622 12011 0.993692
487200000 5461.22 129.816 12003.9 0.993458
487300000 5461.23 127.654 12008.7 0.993597
487400000 5461.23 123.693 12017.7 0.993934
487500000 5461.23 123.035 12019.2 0.993954
487600000 5461.23 123.731 12017.6 0.993909
487700000 5461.23 125.1 12014.5 0.993782
487800000 5461.22 120.473 12024.9 0.994086
487900000 5461.22 132.639 11997.5 0.99321
488000000 5461.21 128.876 12006 0.993603
488100000 5461.24 126.256 12011.9 0.993726
488200000 5461.22 120.693 12024.4 0.994048
488300000 5461.22 126.287 12011.8 0.99372
488400000 5461.24 122.985 12019.3 0.993954
488500000 5461.24 123.421 12018.3 0.993849
488600000 5461.23 126.408 12011.6 0.993719
488700000 5461.22 127.614 12008.8 0.99359
488800000 5461.23 122.947 12019.4 0.994021
488900000 5461.24 124.662 12015.5 0.993806
489000000 5461.23 123.059 12019.1 0.993937
489100000 5461.23 122.037 12021.4 0.99403
489200000 5461.24 120.408 12025.1 0.994227
489300000 5461.22 123.913 12017.2 0.993875
489400000 5461.21 130.303 12002.7 0.99347
489500000 5461.22 128.628 12006.5 0.993546
489600000 5461.22 125.962 12012.5 0.99376
489700000 5461.24 125.192 12014.3 0.993765
489800000 5461.23 121.621 12022.3 0.994061
489900000 5461.23 125.523 12013.5 0.993763
490000000 5461.22 122.377 12020.6 0.994027
490100000 5461.24 128.817 12006.2 0.993535
490200000 5461.24 121.042 12023.7 0.994051
490300000 5461.24 126.96 12010.3 0.993671
490400000 5461.22 124.399 12016.1 0.993898
490500000 5461.23 123.83 12017.4 0.993913
490600000 5461.24 120.086 12025.8 0.994119
490700000 5461.22 129.18 12005.3 0.993541
490800000 5461.22 123.363 12018.4 0.994021
490900000 5461.23 125.052 12014.6 0.994171
491000000 5461.23 122.046 12021.4 0.994036
491100000 5461.23 127.643 12008.8 0.993665
491200000 5461.22 129.167 12005.3 0.993524
491300000 5461.23 123.716 12017.6 0.993927
491400000 5461.22 123.613 12017.8 0.993905
491500000 5461.23 122.088 12021.3 0.99402
491600000 5461.23 122.494 12020.4 0.993994
491700000 5461.23 126.484 12011.4 0.993647
491800000 5461.21 127.286 12009.5 0.993685
491900000 5461.22 129.23 12005.2 0.993518
492000000 5461.22 124.737 12015.3 0.993836
492100000 5461.23 125.273 12014.1 0.993814
492200000 5461.21 129.237 12005.2 0.994039
492300000 5461.21 133.052 11996.6 0.993199
492400000 5461.22 126.747 12010.8 0.993646
492500000 5461.22 126.694 12010.9 0.993659
492600000 5461.21 124.338 12016.2 0.993899
492700000 5461.24 124.818 12015.2 0.993739
492800000 5461.23 127.873 12008.3 0.993607
492900000 5461.23 126.703 12010.9 0.993643
493000000 5461.23 123.016 12019.2 0.993924
493100000 5461.22 126.308 12011.8 0.993722
493200000 5461.23 122.354 12020.7 0.99401
493300000 5461.21 125.046 12014.6 0.993832
493400000 5461.22 125.093 12014.5 0.993841
493500000 5461.23 121.93 12021.6 0.994016
493600000 5461.22 125.369 12013.9 0.9938
493700000 5461.22 129.014 12005.7 0.993564
493800000 5461.23 125.459 12013.7 0.993762
493900000 5461.21 125.862 12012.7 0.993819
494000000 5461.22 124.251 12016.4 0.993875
494100000 5461.24 126.919 12010.4 0.993619
494200000 5461.22 127.705 12008.6 0.993654
494300000 5461.23 124.922 12014.9 0.993834
494400000 5461.22 128.991 12005.7 0.993527
494500000 5461.22 123.929 12017.1 0.993884
494600000 5461.22 127.203 12009.7 0.993682
494700000 5461.22 124.332 12016.2 0.993873
494800000 5461.24 128.552 12006.7 0.993509
494900000 5461.23 121.999 12021.5 0.99405
495000000 5461.23 128.934 12005.9 0.993501
495100000 5461.23 125.618 12013.3 0.993693
495200000 5461.22 127.62 12008.8 0.993655
495300000 5461.23 125.671 12013.2 0.993712
495400000 5461.23 119.595 12026.9 0.994204
495500000 5461.21 128.31 12007.2 0.993595
495600000 5461.22 126.155 12012.1 0.993736
495700000 5461.22 126.006 12012.5 0.99376
495800000 5461.21 127.99 12008 0.993621
495900000 5461.23 128.672 12006.5 0.993572
496000000 5461.21 125.02 12014.6 0.993838
496100000 5461.22 124.994 12014.7 0.993812
496200000 5461.23 123.001 12019.2 0.993956
496300000 5461.22 130.266 12002.8 0.993441
496400000 5461.23 123.335 12018.5 0.993914
496500000 5461.23 124.465 12015.9 0.993831
496600000 5461.22 123.171 12018.8 0.993957
496700000 5461.23 124.872 12015 0.993826
496800000 5461.23 121.966 12021.6 0.994048
496900000 5461.23 121.859 12021.8 0.994038
497000000 5461.22 125.961 12012.5 0.993776
497100000 5461.22 124.849 12015 0.99381
497200000 5461.22 124.122 12016.7 0.993892
497300000 5461.22 130.416 12002.5 0.993371
497400000 5461.23 131.936 11999.1 0.993247
497500000 5461.22 122.021 12021.4 0.994018
497600000 5461.23 123.763 12017.5 0.994655
497700000 5461.22 125.41 12013.8 0.993808
497800000 5461.23 126.709 12010.9 0.99358
497900000 5461.22 126.175 12012.1 0.993696
498000000 5461.22 127.274 12009.6 0.993662
498100000 5461.22 129.982 12003.5 0.99347
498200000 5461.22 128.035 12007.9 0.993569
498300000 5461.23 127.341 12009.5 0.993655
498400000 5461.21 135.08 11992 0.993076
498500000 5461.22 125.222 12014.2 0.993818
498600000 5461.21 126.855 12010.5 0.993715
498700000 5461.22 130.783 12001.7 0.993434
498800000 5461.22 130.474 12002.4 0.993442
498900000 5461.22 127.374 12009.4 0.993647
499000000 5461.22 127.473 12009.1 0.993599
499100000 5461.22 124.683 12015.4 0.993866
499200000 5461.24 124.228 12016.5 0.993791
499300000 5461.23 130.708 12001.9 0.993399
499400000 5461.23 126.631 12011 0.99371
499500000 5461.22 124.622 12015.6 0.993829
499600000 5461.23 126.207 12012 0.993745
499700000 5461.22 127.812 12008.4 0.993639
499800000 5461.22 127.806 12008.4 0.993614
499900000 5461.22 127.749 12008.5 0.993575
500000000 5461.22 125.143 12014.4 0.993786
500100000 5461.22 127.142 12009.9 0.993655
500200000 5461.22 124.743 12015.3 0.993866
500300000 5461.23 120.385 12025.1 0.99414
500400000 5461.21 131.624 11999.8 0.993415
500500000 5461.22 124.615 12015.6 0.993847
500600000 5461.23 128.978 12005.8 0.993505
500700000 5461.22 123.767 12017.5 0.9939
500800000 5461.22 131.437 12000.2 0.99331
500900000 5461.22 124.323 12016.2 0.993912
501000000 5461.22 125.295 12014 0.993776
501100000 5461.22 126.535 12011.3 0.993707
501200000 5461.23 122.853 12019.6 0.993954
501300000 5461.22 128.891 12005.9 0.993539
501400000 5461.23 125.43 12013.8 0.99375
501500000 5461.23 122.562 12020.2 0.993984
501600000 5461.22 123.391 12018.3 0.993963
501700000 5461.22 127.931 12008.1 0.99361
501800000 5461.23 124.557 12015.7 0.993862
501900000 5461.22 126.112 12012.2 0.993727
502000000 5461.2 128.346 12007.1 0.993633
502100000 5461.23 125.599 12013.4 0.993774
502200000 5461.22 129.015 12005.7 0.993538
502300000 5461.23 127.044 12010.1 0.993641
502400000 5461.23 120.168 12025.6 0.994161
502500000 5461.24 123.756 12017.6 0.993912
502600000 5461.23 131.559 12000 0.993257
502700000 5461.23 126.25 12011.9 0.993716
502800000 5461.22 125.586 12013.4 0.993753
502900000 5461.24 124.495 12015.9 0.993778
503000000 5461.21 129.315 12005 0.993554
503100000 5461.22 125.474 12013.6 0.993812
503200000 5461.23 121.653 12022.3 0.994054
503300000 5461.23 128.121 12007.7 0.993576
503400000 5461.21 130.849 12001.5 0.993356
503500000 5461.22 124.054 12016.8 0.993853
503600000 5461.22 126.894 12010.4 0.993681
503700000 5461.23 124.229 12016.5 0.993828
503800000 5461.22 126.769 12010.7 0.993655
503900000 5461.24 124.04 12016.9 0.993811
504000000 5461.22 126.899 12010.4 0.993655
504100000 5461.21 127.699 12008.6 0.993629
504200000 5461.23 129.247 12005.2 0.993456
504300000 5461.23 124.051 12016.9 0.993874
504400000 5461.23 127.991 12008 0.993577
504500000 5461.24 124.165 12016.6 0.993847
504600000 5461.23 125.703 12013.1 0.993711
504700000 5461.23 129.622 12004.3 0.993464
504800000 5461.22 127.614 12008.8 0.993616
504900000 5461.22 123.747 12017.5 0.9939
505000000 5461.22 122.927 12019.4 0.993951
505100000 5461.21 126.705 12010.8 0.993722
505200000 5461.23 120.119 12025.7 0.994181
505300000 5461.23 126.248 12011.9 0.993745
505400000 5461.23 124.495 12015.9 0.99387
505500000 5461.22 125.985 12012.5 0.993766
505600000 5461.23 123.589 12017.9 0.993865
505700000 5461.23 126.09 12012.3 0.993754
505800000 5461.22 125.614 12013.3 0.993764
505900000 5461.22 124.347 12016.2 0.993853
506000000 5461.24 123.608 12017.9 0.993898
506100000 5461.22 131.489 12000.1 0.993272
506200000 5461.21 128.401 12007 0.993611
506300000 5461.22 129.382 12004.8 0.993478
506400000 5461.23 127.275 12009.6 0.993652
506500000 5461.22 126.583 12011.2 0.993711
506600000 5461.23 126.351 12011.7 0.993653
506700000 5461.23 124.19 12016.5 0.993873
506800000 5461.23 125.016 12014.7 0.993832
506900000 5461.23 124.47 12015.9 0.993852
507000000 5461.21 126.152 12012.1 0.993885
507100000 5461.22 124.001 12017 0.993887
507200000 5461.23 125.166 12014.4 0.993773
507300000 5461.21 126.058 12012.3 0.993764
507400000 5461.23 122.796 12019.7 0.993982
507500000 5461.22 125.566 12013.4 0.993796
507600000 5461.23 129.948 12003.6 0.993392
507700000 5461.23 124.213 12016.5 0.993887
507800000 5461.22 125.114 12014.5 0.993827
507900000 5461.22 125.207 12014.2 0.993845
508000000 5461.22 125.632 12013.3 0.993767
508100000 5461.23 125.479 12013.6 0.993768
508200000 5461.24 128.994 12005.8 0.993522
508300000 5461.24 121.04 12023.7 0.994094
508400000 5461.21 127.187 12009.8 0.993745
508500000 5461.23 126.256 12011.9 0.993758
508600000 5461.22 127.317 12009.5 0.993638
508700000 5461.22 128.169 12007.6 0.993553
508800000 5461.21 128.436 12007 0.993594
508900000 5461.23 126.686 12010.9 0.993681
509000000 5461.24 121.44 12022.8 0.994034
509100000 5461.23 129.364 12004.9 0.993483
509200000 5461.22 125.298 12014 0.993797
509300000 5461.22 124.717 12015.3 0.993851
509400000 5461.22 129.793 12003.9 0.993439
509500000 5461.23 122.843 12019.6 0.994074
509600000 5461.23 124.107 12016.7 0.993869
509700000 5461.21 131.975 11999 0.993247
509800000 5461.22 124.22 12016.5 0.993886
509900000 5461.21 129.018 12005.6 0.993488
510000000 5461.23 130.476 12002.4 0.993361
510100000 5461.23 120.932 12023.9 0.994105
510200000 5461.23 129.585 12004.4 0.993412
510300000 5461.23 123.961 12017.1 0.993936
510400000 5461.22 125.929 12012.6 0.99372
510500000 5461.23 126.014 12012.4 0.993735
510600000 5461.23 124.262 12016.4 0.993894
510700000 5461.21 134.645 11993 0.993071
510800000 5461.22 127.407 12009.3 0.993655
510900000 5461.22 127.024 12010.1 0.993675
511000000 5461.22 124.021 12016.9 0.993897
511100000 5461.23 128.074 12007.8 0.993535
511200000 5461.24 125.592 12013.4 0.99374
511300000 5461.21 127.284 12009.5 0.993616
511400000 5461.21 134.244 11993.9 0.99311
511500000 5461.23 124.256 12016.4 0.993836
511600000 5461.21 128.477 12006.9 0.993547
511700000 5461.22 123.514 12018.1 0.993893
511800000 5461.22 127.127 12009.9 0.993688
511900000 5461.21 129.675 12004.2 0.993483
512000000 5461.23 126.652 12011 0.993653
512100000 5461.22 126.745 12010.8 0.993731
512200000 5461.22 128.453 12006.9 0.993514
512300000 5461.23 122.824 12019.6 0.993933
512400000 5461.23 126.258 12011.9 0.993694
512500000 5461.23 124.471 12015.9 0.993827
512600000 5461.22 126.223 12011.9 0.993712
512700000 5461.22 126.06 12012.3 0.993811
512800000 5461.23 124.148 12016.6 0.993838
512900000 5461.22 128.548 12006.7 0.993565
513000000 5461.23 127.645 12008.8 0.993625
513100000 5461.22 129.244 12005.2 0.99442
513200000 5461.22 124.583 12015.7 0.993854
513300000 5461.21 129.949 12003.5 0.993544
513400000 5461.23 123.582 12017.9 0.993915
513500000 5461.24 124.82 12015.1 0.99379
513600000 5461.23 127.529 12009 0.993643
513700000 5461.22 124.605 12015.6 0.993825
513800000 5461.22 125.169 12014.3 0.993821
513900000 5461.23 125.127 12014.4 0.993804
514000000 5461.23 128.765 12006.2 0.993537
514100000 5461.22 130.143 12003.1 0.993467
514200000 5461.24 122.592 12020.2 0.993962
514300000 5461.22 128.229 12007.4 0.993637
514400000 5461.23 125.373 12013.9 0.993802
514500000 5461.22 132.085 11998.8 0.993277
514600000 5461.23 122.289 12020.8 0.994004
514700000 5461.23 124.388 12016.1 0.993855
514800000 5461.24 122.911 12019.4 0.993935
514900000 5461.22 125.244 12014.1 0.993797
515000000 5461.22 125.566 12013.4 0.993796
515100000 5461.24 125.406 12013.8 0.993766
515200000 5461.23 124.422 12016 0.993811
515300000 5461.22 131.863 11999.3 0.993253
515400000 5461.21 130.259 12002.8 0.993419
515500000 5461.22 126.156 12012.1 0.993713
515600000 5461.24 122.226 12021 0.994006
515700000 5461.23 129.148 12005.4 0.993498
515800000 5461.22 125.233 12014.2 0.993802
515900000 5461.23 127.602 12008.9 0.993607
516000000 5461.22 127.352 12009.4 0.99362
516100000 5461.22 125.609 12013.3 0.993727
516200000 5461.23 126.831 12010.6 0.993666
516300000 5461.24 125.803 12012.9 0.993741
516400000 5461.22 128.901 12005.9 0.993529
516500000 5461.22 125.741 12013 0.993802
516600000 5461.22 124.985 12014.7 0.993779
516700000 5461.21 125.435 12013.7 0.993828
516800000 5461.22 131.187 12000.8 0.993331
516900000 5461.21 128.495 12006.8 0.99356
517000000 5461.23 123.577 12017.9 0.993912
517100000 5461.21 126.818 12010.6 0.993705
517200000 5461.23 122.789 12019.7 0.993971
517300000 5461.22 127.215 12009.7 0.993628
517400000 5461.22 124.018 12016.9 0.993899
517500000 5461.22 129.715 12004.1 0.993448
517600000 5461.23 124.296 12016.3 0.993837
517700000 5461.23 122.698 12019.9 0.993963
517800000 5461.22 130.33 12002.7 0.993447
517900000 5461.21 125.157 12014.3 0.993794
518000000 5461.22 127.794 12008.4 0.993642
518100000 5461.22 126.377 12011.6 0.993724
518200000 5461.23 129.022 12005.7 0.993476
518300000 5461.23 125.2 12014.3 0.993797
518400000 5461.24 123.185 12018.8 0.993906
518500000 5461.23 123.79 12017.5 0.993903
518600000 5461.22 122.599 12020.1 0.993987
518700000 5461.22 128.899 12005.9 0.993536
518800000 5461.23 123.929 12017.1 0.993896
518900000 5461.22 125.314 12014 0.993817
519000000 5461.24 126.272 12011.9 0.993647
519100000 5461.23 126.014 12012.4 0.993718
519200000 5461.23 125.368 12013.9 0.993783
519300000 5461.22 126.117 12012.2 0.993771
519400000 5461.23 125.649 12013.3 0.993761
519500000 5461.23 124.185 12016.6 0.993896
519600000 5461.23 125.535 12013.5 0.993767
519700000 5461.21 132.001 11998.9 0.993253
519800000 5461.23 122.671 12020 0.993973
519900000 5461.24 125.162 12014.4 0.993788
520000000 5461.23 128.234 12007.4 0.993567
520100000 5461.21 133.742 11995 0.993178
520200000 5461.23 126.244 12011.9 0.993679
520300000 5461.25 127.222 12009.8 0.99362
520400000 5461.23 126.776 12010.7 0.993675
520500000 5461.22 124.57 12015.7 0.993818
520600000 5461.22 125.29 12014.1 0.993777
520700000 5461.22 121.231 12023.2 0.994073
520800000 5461.22 129.145 12005.4 0.993426
520900000 5461.21 125.262 12014.1 0.993821
521000000 5461.23 123.692 12017.7 0.993902
521100000 5461.24 124.857 12015.1 0.993798
521200000 5461.22 126.083 12012.3 0.99375
521300000 5461.22 127.856 12008.3 0.993613
521400000 5461.23 124.614 12015.6 0.993901
521500000 5461.21 129.595 12004.3 0.993421
521600000 5461.22 129.729 12004.1 0.993505
521700000 5461.23 125.299 12014.1 0.99372
521800000 5461.21 133.137 11996.4 0.993165
521900000 5461.23 125.989 12012.5 0.993758
522000000 5461.23 131.915 11999.2 0.993264
522100000 5461.22 127.908 12008.2 0.993614
522200000 5461.22 128.956 12005.8 0.993473
522300000 5461.25 124.499 12015.9 0.993766
522400000 5461.22 123.381 12018.3 0.993906
522500000 5461.22 126.432 12011.5 0.993713
522600000 5461.24 123.042 12019.2 0.993899
522700000 5461.23 125.988 12012.5 0.993771
522800000 5461.22 125.944 12012.6 0.99377
522900000 5461.22 125.939 12012.6 0.993805
523000000 5461.23 128.368 12007.1 0.993581
523100000 5461.23 125.825 12012.9 0.993787
523200000 5461.21 127.752 12008.5 0.994551
523300000 5461.22 126.075 12012.3 0.993798
523400000 5461.22 128.267 12007.4 0.993563
523500000 5461.21 128.338 12007.2 0.993644
523600000 5461.24 128.435 12007 0.993557
523700000 5461.22 125.389 12013.8 0.993769
523800000 5461.23 125.987 12012.5 0.993718
523900000 5461.23 128.642 12006.5 0.993536
524000000 5461.21 128.91 12005.9 0.993564
524100000 5461.22 127.563 12008.9 0.993632
524200000 5461.23 125.018 12014.7 0.993759
524300000 5461.22 124.307 12016.3 0.993881
524400000 5461.22 128.848 12006 0.993545
524500000 5461.23 121.951 12021.6 0.994017
524600000 5461.23 128.408 12007 0.993592
524700000 5461.23 123.45 12018.2 0.993911
524800000 5461.22 129.022 12005.6 0.993491
524900000 5461.23 125.842 12012.8 0.993707
525000000 5461.22 129.096 12005.5 0.993491
525100000 5461.22 125.198 12014.3 0.993812
525200000 5461.22 125.543 12013.5 0.993758
525300000 5461.23 124.047 12016.9 0.993895
525400000 5461.2 129.881 12003.7 0.993503
525500000 5461.21 125.419 12013.7 0.993806
525600000 5461.22 127.328 12009.5 0.993628
525700000 5461.24 124.071 12016.8 0.993897
525800000 5461.22 124.861 12015 0.993891
525900000 5461.23 125.561 12013.5 0.993735
526000000 5461.22 131.341 12000.4 0.993398
526100000 5461.22 127.31 12009.5 0.993649
526200000 5461.23 124.851 12015.1 0.993822
526300000 5461.22 125.607 12013.3 0.993734
526400000 5461.22 122.613 12020.1 0.993975
526500000 5461.23 121.434 12022.8 0.994047
526600000 5461.22 128.132 12007.6 0.993626
526700000 5461.23 120.677 12024.5 0.99408
526800000 5461.22 125.804 12012.9 0.993768
526900000 5461.21 126.48 12011.4 0.993706
527000000 5461.23 123.053 12019.1 0.993918
527100000 5461.21 126.827 12010.6 0.993669
527200000 5461.23 127.919 12008.2 0.993604
527300000 5461.23 124.579 12015.7 0.994256
527400000 5461.21 124.309 12016.2 0.993859
527500000 5461.22 126.398 12011.6 0.993719
527600000 5461.23 126.187 12012.1 0.993708
527700000 5461.22 126.35 12011.7 0.993724
527800000 5461.22 130.265 12002.9 0.993358
527900000 5461.24 124.674 12015.5 0.993836
528000000 5461.23 122.688 12019.9 0.993951
528100000 5461.23 126.088 12012.3 0.993701
528200000 5461.21 127.357 12009.4 0.993658
528300000 5461.22 129.684 12004.2 0.993486
528400000 5461.22 125.949 12012.6 0.993724
528500000 5461.23 123.521 12018.1 0.993923
528600000 5461.22 125.998 12012.5 0.993774
528700000 5461.23 124.043 12016.9 0.993849
528800000 5461.22 126.421 12011.5 0.993729
528900000 5461.22 126.602 12011.1 0.99376
529000000 5461.23 125.714 12013.1 0.993748
529100000 5461.21 134.11 11994.2 0.993133
529200000 5461.22 126.284 12011.8 0.993706
529300000 5461.22 121.145 12023.4 0.994095
529400000 5461.22 123.917 12017.2 0.993871
529500000 5461.22 130.23 12002.9 0.993474
529600000 5461.23 120.832 12024.1 0.994128
529700000 5461.23 125.4 12013.8 0.994112
529800000 5461.22 125.191 12014.3 0.993815
529900000 5461.23 121.685 12022.2 0.99403
530000000 5461.22 126.086 12012.3 0.993751
530100000 5461.22 127.963 12008 0.993628
530200000 5461.23 125.205 12014.3 0.993785
530300000 5461.23 127.243 12009.7 0.993703
530400000 5461.22 126.433 12011.5 0.99374
530500000 5461.22 123.115 12018.9 0.993951
530600000 5461.22 123.57 12017.9 0.994165
530700000 5461.23 128.585 12006.7 0.99355
530800000 5461.22 124.237 12016.4 0.993832
530900000 5461.22 127.514 12009 0.993644
531000000 5461.22 126.147 12012.1 0.993753
531100000 5461.23 129.467 12004.7 0.993431
531200000 5461.22 128.512 12006.8 0.993458
531300000 5461.23 125.1 12014.5 0.99378
531400000 5461.23 120.963 12023.8 0.994066
531500000 5461.22 124.696 12015.4 0.993832
531600000 5461.22 125.785 12012.9 0.993783
531700000 5461.22 127.984 12008 0.993603
531800000 5461.24 122.199 12021 0.994016
531900000 5461.23 123.597 12017.9 0.993901
532000000 5461.22 125.702 12013.1 0.993748
532100000 5461.22 127.652 12008.7 0.993623
532200000 5461.22 127.835 12008.3 0.993629
532300000 5461.22 126.87 12010.5 0.993648
532400000 5461.23 126.268 12011.9 0.99368
532500000 5461.23 126.04 12012.4 0.993788
532600000 5461.23 126.558 12011.2 0.99369
532700000 5461.21 126.546 12011.2 0.993773
532800000 5461.21 128.586 12006.6 0.99355
532900000 5461.24 125.423 12013.8 0.993728
533000000 5461.24 126.836 12010.6 0.993613
533100000 5461.22 124.639 12015.5 0.993837
533200000 5461.22 124.995 12014.7 0.993823
533300000 5461.23 129.461 12004.7 0.99345
533400000 5461.23 124.243 12016.4 0.993819
533500000 5461.22 124.829 12015.1 0.993911
533600000 5461.22 124.62 12015.6 0.993798
533700000 5461.23 124.974 12014.8 0.993789
533800000 5461.22 132.033 11998.9 0.993339
533900000 5461.22 125.45 12013.7 0.993785
534000000 5461.21 129.285 12005 0.993574
534100000 5461.21 129.255 12005.1 0.993599
534200000 5461.23 125.855 12012.8 0.993742
534300000 5461.21 131.304 12000.5 0.99342
534400000 5461.23 121.452 12022.7 0.994035
534500000 5461.22 126.095 12012.2 0.993764
534600000 5461.23 121.295 12023.1 0.994056
534700000 5461.23 127.292 12009.6 0.993644
534800000 5461.23 121.914 12021.7 0.994349
534900000 5461.23 126.847 12010.6 0.993717
535000000 5461.22 124.356 12016.2 0.993876
535100000 5461.24 121.728 12022.1 0.994024
535200000 5461.23 127.066 12010.1 0.99362
535300000 5461.21 127.037 12010.1 0.993622
535400000 5461.23 124.653 12015.5 0.993819
535500000 5461.23 124.529 12015.8 0.993855
535600000 5461.24 122.447 12020.5 0.994013
535700000 5461.22 124.057 12016.8 0.994219
535800000 5461.22 123.93 12017.1 0.994115
535900000 5461.21 133.27 11996.1 0.993186
536000000 5461.22 127.997 12008 0.993613
536100000 5461.23 123.084 12019 0.993959
536200000 5461.23 120.726 12024.3 0.994116
536300000 5461.22 127.993 12008 0.99363
536400000 5461.22 126.71 12010.8 0.993675
536500000 5461.23 128.876 12006 0.99353
536600000 5461.23 123.751 12017.5 0.993929
536700000 5461.23 126.557 12011.2 0.993661
536800000 5461.23 126.224 12012 0.993742
536900000 5461.22 125.616 12013.3 0.993777
537000000 5461.23 125.628 12013.3 0.993768
537100000 5461.22 126.362 12011.6 0.993708
537200000 5461.23 124.593 12015.6 0.993858
537300000 5461.23 125.656 12013.2 0.993772
537400000 5461.21 128.05 12007.8 0.993656
537500000 5461.23 125.614 12013.3 0.993728
537600000 5461.22 125.295 12014.1 0.993765
537700000 5461.22 123.487 12018.1 0.993929
537800000 5461.23 123.164 12018.9 0.993935
537900000 5461.23 127.821 12008.4 0.993534
538000000 5461.22 122.014 12021.4 0.99404
538100000 5461.22 129.265 12005.1 0.993526
538200000 5461.22 128.38 12007.1 0.993503
538300000 5461.22 121.995 12021.5 0.994028
538400000 5461.23 121.192 12023.3 0.994062
538500000 5461.23 129.407 12004.8 0.993466
538600000 5461.21 135.263 11991.6 0.993048
538700000 5461.23 122.951 12019.3 0.993922
538800000 5461.23 125.652 12013.3 0.993765
538900000 5461.23 125.896 12012.7 0.993715
539000000 5461.24 126.93 12010.4 0.993625
539100000 5461.24 125.118 12014.5 0.993737
539200000 5461.23 127.743 12008.5 0.993593
539300000 5461.22 125.621 12013.3 0.993763
539400000 5461.24 127.424 12009.3 0.993593
539500000 5461.22 123.809 12017.4 0.993912
539600000 5461.24 120.57 12024.7 0.994104
539700000 5461.23 131.564 11999.9 0.99336
539800000 5461.23 127.231 12009.7 0.993652
539900000 5461.22 128.324 12007.2 0.993572
540000000 5461.23 128.956 12005.8 0.993542
540100000 5461.24 127.363 12009.4 0.993598
540200000 5461.23 126.806 12010.7 0.993718
540300000 5461.23 123.939 12017.1 0.993884
540400000 5461.21 123.61 12017.8 0.993941
540500000 5461.22 126.52 12011.3 0.993669
540600000 5461.24 124.943 12014.9 0.993791
540700000 5461.22 125.295 12014.1 0.993816
540800000 5461.23 122.871 12019.5 0.993937
540900000 5461.22 126.048 12012.3 0.993772
541000000 5461.23 126.918 12010.4 0.993712
541100000 5461.23 125.716 12013.1 0.993722
541200000 5461.24 126.813 12010.7 0.993653
541300000 5461.22 127.206 12009.7 0.993644
541400000 5461.23 124.11 12016.7 0.993865
541500000 5461.22 124.927 12014.9 0.993827
541600000 5461.24 123.941 12017.1 0.993848
541700000 5461.22 128.045 12007.8 0.993635
541800000 5461.22 122.528 12020.3 0.993985
541900000 5461.22 128.321 12007.2 0.993636
542000000 5461.23 125.218 12014.2 0.993753
542100000 5461.22 124.904 12014.9 0.993798
542200000 5461.22 125.422 12013.8 0.993802
542300000 5461.23 126.747 12010.8 0.993693
542400000 5461.23 126.553 12011.2 0.993655
542500000 5461.23 126.159 12012.1 0.993703
542600000 5461.22 130.589 12002.1 0.993356
542700000 5461.23 126.01 12012.4 0.993745
542800000 5461.22 126.435 12011.5 0.993706
542900000 5461.22 126.736 12010.8 0.99367
543000000 5461.24 126.086 12012.3 0.993731
543100000 5461.22 131.348 12000.4 0.993287
543200000 5461.23 124.597 12015.6 0.993844
543300000 5461.22 128.623 12006.6 0.993513
543400000 5461.22 131.643 11999.7 0.993284
543500000 5461.22 126.748 12010.8 0.993682
543600000 5461.24 123.5 12018.1 0.993912
543700000 5461.24 125.1 12014.5 0.993797
543800000 5461.23 129.094 12005.5 0.99353
543900000 5461.22 127.218 12009.7 0.993622
544000000 5461.23 124.85 12015.1 0.993817
544100000 5461.22 129.464 12004.7 0.993453
544200000 5461.23 128.762 12006.3 0.993517
544300000 5461.23 128.41 12007.1 0.993508
544400000 5461.22 128.767 12006.2 0.993497
544500000 5461.21 126.597 12011.1 0.993684
544600000 5461.23 123.121 12019 0.993927
544700000 5461.22 127.705 12008.6 0.993619
544800000 5461.22 127.67 12008.7 0.993634
544900000 5461.22 127.772 12008.5 0.993569
545000000 5461.23 125.209 12014.2 0.993781
545100000 5461.22 133.29 11996 0.993149
545200000 5461.23 131.465 12000.2 0.993337
545300000 5461.22 128.139 12007.6 0.993569
545400000 5461.23 123.153 12018.9 0.993937
545500000 5461.23 127.637 12008.8 0.993595
545600000 5461.22 126.233 12011.9 0.993753
545700000 5461.22 128.995 12005.7 0.993526
545800000 5461.22 124.519 12015.8 0.993861
545900000 5461.24 124.308 12016.3 0.993819
546000000 5461.21 124.4 12016 0.993877
546100000 5461.23 121.816 12021.9 0.994042
546200000 5461.22 125.848 12012.8 0.993786
546300000 5461.23 127.395 12009.3 0.993625
546400000 5461.21 127.904 12008.2 0.993651
546500000 5461.23 121.866 12021.8 0.994041
546600000 5461.23 125.196 12014.3 0.993784
546700000 5461.22 132.576 11997.7 0.994103
546800000 5461.22 125.449 12013.7 0.993816
546900000 5461.22 128.384 12007.1 0.993661
547000000 5461.23 129.156 12005.4 0.993458
547100000 5461.22 125.071 12014.5 0.993759
547200000 5461.2 132.005 11998.9 0.993351
547300000 5461.21 128.824 12006.1 0.993532
547400000 5461.23 122.494 12020.4 0.993992
547500000 5461.21 129.083 12005.5 0.993522
547600000 5461.24 121.222 12023.3 0.994048
547700000 5461.21 129.626 12004.3 0.993436
547800000 5461.22 125.751 12013 0.993722
547900000 5461.23 126.151 12012.1 0.994648
548000000 5461.22 124.251 12016.4 0.993897
548100000 5461.23 131.194 12000.8 0.993328
548200000 5461.22 132.359 11998.1 0.993312
548300000 5461.23 124.228 12016.5 0.993844
548400000 5461.22 121.799 12021.9 0.994019
548500000 5461.22 123.131 12018.9 0.993974
548600000 5461.22 127.072 12010 0.993671
548700000 5461.22 129.163 12005.3 0.993532
548800000 5461.22 129.321 12005 0.993546
548900000 5461.22 128.257 12007.4 0.993607
549000000 5461.22 126.577 12011.2 0.9937
549100000 5461.21 128.053 12007.8 0.993662
549200000 5461.22 128.776 12006.2 0.993617
549300000 5461.23 123.461 12018.2 0.993921
549400000 5461.23 124.754 12015.3 0.993922
549500000 5461.22 124.177 12016.6 0.993841
549600000 5461.22 124.307 12016.3 0.993872
549700000 5461.22 128.111 12007.7 0.993582
549800000 5461.23 128.458 12006.9 0.993542
549900000 5461.22 123.921 12017.1 0.993914
550000000 5461.22 129.431 12004.7 0.993509
550100000 5461.22 126.834 12010.6 0.993727
550200000 5461.24 123.406 12018.3 0.993905
550300000 5461.23 124.849 12015.1 0.993824
550400000 5461.23 124.609 12015.6 0.993865
550500000 5461.22 130.071 12003.3 0.993431
550600000 5461.23 123.128 12018.9 0.993959
550700000 5461.22 126.724 12010.8 0.993695
550800000 5461.23 125.663 12013.2 0.993717
550900000 5461.23 124.072 12016.8 0.993845
551000000 5461.22 128.543 12006.7 0.993558
551100000 5461.23 129.337 12005 0.993454
551200000 5461.24 124.971 12014.8 0.993823
551300000 5461.24 126.456 12011.5 0.993679
551400000 5461.24 125.435 12013.8 0.993787
551500000 5461.22 124.919 12014.9 0.993788
551600000 5461.22 126.347 12011.7 0.993767
551700000 5461.23 128.52 12006.8 0.993551
551800000 5461.23 121.592 12022.4 0.994046
551900000 5461.22 126.63 12011 0.993704
552000000 5461.24 122.69 12020 0.993957
552100000 5461.23 122.394 12020.6 0.993975
552200000 5461.21 131.704 11999.6 0.993342
552300000 5461.22 124.527 12015.8 0.993865
552400000 5461.23 128.552 12006.7 0.993525
552500000 5461.23 128.432 12007 0.993604
552600000 5461.22 123.635 12017.8 0.993899
552700000 5461.23 124.765 12015.3 0.993857
552800000 5461.23 125.411 12013.8 0.99377
552900000 5461.22 129.855 12003.8 0.993531
553000000 5461.21 125.739 12013 0.99377
553100000 5461.22 124.632 12015.5 0.993854
553200000 5461.22 126.465 12011.4 0.993651
553300000 5461.23 126.309 12011.8 0.993684
553400000 5461.23 126.203 12012 0.993699
553500000 5461.22 127.765 12008.5 0.993641
553600000 5461.22 128.754 12006.3 0.993513
553700000 5461.22 126.642 12011 0.993728
553800000 5461.24 126.064 12012.3 0.993729
553900000 5461.22 127.524 12009 0.993574
554000000 5461.23 131.694 11999.7 0.993223
554100000 5461.22 132.341 11998.2 0.993304
554200000 5461.22 127.222 12009.7 0.993631
554300000 5461.23 124.346 12016.2 0.993823
554400000 5461.21 129.206 12005.2 0.993529
554500000 5461.21 131.658 11999.7 0.993276
554600000 5461.23 126.705 12010.9 0.993705
554700000 5461.23 124.69 12015.4 0.993824
554800000 5461.23 126.269 12011.9 0.993711
554900000 5461.23 124.232 12016.5 0.993838
555000000 5461.24 132.563 11997.7 0.993166
555100000 5461.22 127.723 12008.6 0.993584
555200000 5461.23 125.726 12013.1 0.993752
555300000 5461.21 125.918 12012.6 0.993764
555400000 5461.22 128.899 12005.9 0.993544
555500000 5461.23 123.876 12017.3 0.993894
555600000 5461.22 128.606 12006.6 0.993537
555700000 5461.22 128.67 12006.4 0.993563
555800000 5461.21 130.616 12002 0.99344
555900000 5461.23 125.33 12014 0.993786
556000000 5461.22 125.974 12012.5 0.993761
556100000 5461.23 125.733 12013.1 0.993711
556200000 5461.23 125.249 12014.2 0.993832
556300000 5461.22 130.035 12003.4 0.993422
556400000 5461.23 121.68 12022.2 0.994025
556500000 5461.22 125.912 12012.7 0.993784
556600000 5461.22 131.513 12000.1 0.993342
556700000 5461.22 125.92 12012.6 0.993767
556800000 5461.22 129.723 12004.1 0.993461
556900000 5461.24 122.186 12021.1 0.994036
557000000 5461.23 125.897 12012.7 0.993727
557100000 5461.23 125.478 12013.7 0.993756
557200000 5461.22 127.623 12008.8 0.993605
557300000 5461.22 122.026 12021.4 0.994017
557400000 5461.23 126.771 12010.7 0.993721
557500000 5461.22 123.422 12018.3 0.993914
557600000 5461.23 122.685 12019.9 0.993925
557700000 5461.25 123.079 12019.1 0.993904
557800000 5461.22 121.829 12021.9 0.993992
557900000 5461.22 125.268 12014.1 0.993803
558000000 5461.23 130.758 12001.8 0.993314
558100000 5461.22 129.381 12004.8 0.993467
558200000 5461.22 122.406 12020.6 0.993998
558300000 5461.23 128.055 12007.8 0.993604
558400000 5461.22 135.571 11990.9 0.992915
558500000 5461.23 128.541 12006.8 0.993564
558600000 5461.22 129.041 12005.6 0.993535
558700000 5461.23 126.58 12011.2 0.993666
558800000 5461.22 125.82 12012.9 0.993758
558900000 5461.22 122.78 12019.7 0.993969
559000000 5461.22 123.766 12017.5 0.993903
559100000 5461.22 126.887 12010.5 0.993703
559200000 5461.22 128.857 12006 0.993563
559300000 5461.22 124.206 12016.5 0.993892
559400000 5461.22 125.16 12014.3 0.993809
559500000 5461.22 130.626 12002 0.993291
559600000 5461.22 127.391 12009.3 0.993631
559700000 5461.24 121.682 12022.2 0.993956
559800000 5461.23 129.371 12004.9 0.99343
559900000 5461.22 125.705 12013.1 0.993716
560000000 5461.22 127.268 12009.6 0.993663
560100000 5461.22 126.579 12011.2 0.993695
560200000 5461.23 126.545 12011.3 0.993669
560300000 5461.23 122.553 12020.2 0.994017
560400000 5461.22 126.09 12012.3 0.993743
560500000 5461.23 125.873 12012.8 0.993783
560600000 5461.22 126.132 12012.2 0.993717
560700000 5461.22 124.754 12015.3 0.993873
560800000 5461.22 124.396 12016.1 0.993862
560900000 5461.22 125.413 12013.8 0.993772
561000000 5461.22 128.059 12007.8 0.993625
561100000 5461.21 128.63 12006.5 0.993571
561200000 5461.23 129.91 12003.7 0.99345
561300000 5461.23 122.901 12019.5 0.993967
561400000 5461.21 128.054 12007.8 0.993614
561500000 5461.22 126.248 12011.9 0.99374
561600000 5461.22 125.426 12013.7 0.993827
561700000 5461.23 127.908 12008.2 0.99355
561800000 5461.23 125.799 12012.9 0.995575
561900000 5461.22 126.867 12010.5 0.993688
562000000 5461.22 128.21 12007.5 0.993592
562100000 5461.23 127.419 12009.3 0.993596
562200000 5461.24 128.1 12007.8 0.993584
562300000 5461.23 124.338 12016.2 0.993842
562400000 5461.23 129.546 12004.5 0.993491
562500000 5461.21 129.447 12004.7 0.99348
562600000 5461.22 124.282 12016.3 0.993917
562700000 5461.22 124.836 12015.1 0.9938
562800000 5461.22 129.237 12005.2 0.993489
562900000 5461.21 129.382 12004.8 0.993467
563000000 5461.22 126.989 12010.2 0.993715
563100000 5461.23 127.039 12010.1 0.993648
563200000 5461.22 126.171 12012.1 0.993741
563300000 5461.23 125.082 12014.5 0.993827
563400000 5461.23 123.454 12018.2 0.993927
563500000 5461.21 127.043 12010.1 0.993711
563600000 5461.22 128.35 12007.2 0.993575
563700000 5461.23 126.417 12011.5 0.993701
563800000 5461.22 126.919 12010.4 0.993666
563900000 5461.22 128.082 12007.8 0.993582
564000000 5461.24 126.847 12010.6 0.993657
564100000 5461.23 129.793 12003.9 0.994229
564200000 5461.24 123.311 12018.6 0.99394
564300000 5461.22 127.702 12008.6 0.993618
564400000 5461.22 122.753 12019.8 0.993977
564500000 5461.22 123.852 12017.3 0.993907
564600000 5461.23 126.737 12010.8 0.993655
564700000 5461.23 126.269 12011.9 0.993711
564800000 5461.23 126.257 12011.9 0.993747
564900000 5461.22 128.514 12006.8 0.993577
565000000 5461.22 129.979 12003.5 0.993417
565100000 5461.23 127.857 12008.3 0.993549
565200000 5461.24 126.521 12011.3 0.993693
565300000 5461.22 132.429 11998 0.993269
565400000 5461.22 124.922 12014.9 0.994044
565500000 5461.22 129.577 12004.4 0.993502
565600000 5461.21 123.664 12017.7 0.993933
565700000 5461.22 127.056 12010.1 0.993708
565800000 5461.21 128.071 12007.8 0.993633
565900000 5461.22 131.329 12000.5 0.993313
566000000 5461.23 127.932 12008.1 0.993495
566100000 5461.23 128.977 12005.8 0.993491
566200000 5461.21 126.799 12010.6 0.993716
566300000 5461.23 124.348 12016.2 0.99388
566400000 5461.23 124.465 12015.9 0.993789
566500000 5461.22 124.048 12016.9 0.993877
566600000 5461.23 121.706 12022.1 0.994063
566700000 5461.22 123.93 12017.1 0.993833
566800000 5461.23 128.186 12007.5 0.993609
566900000 5461.23 125.063 12014.6 0.993833
567000000 5461.22 127.188 12009.8 0.993647
567100000 5461.23 124.851 12015.1 0.993813
567200000 5461.24 125.052 12014.6 0.993769
567300000 5461.23 122.784 12019.7 0.99395
567400000 5461.23 126.535 12011.3 0.99367
567500000 5461.22 126.385 12011.6 0.993704
567600000 5461.24 123.731 12017.6 0.993882
567700000 5461.22 129.248 12005.1 0.993484
567800000 5461.22 128.4 12007 0.993541
567900000 5461.22 124.073 12016.8 0.993892
568000000 5461.23 123.614 12017.9 0.993929
568100000 5461.23 129.344 12004.9 0.993451
568200000 5461.23 122.946 12019.3 0.993948
568300000 5461.22 122.478 12020.4 0.994022
568400000 5461.23 120.959 12023.8 0.994086
568500000 5461.23 125.502 12013.6 0.993776
568600000 5461.21 127.062 12010 0.993709
568700000 5461.22 130.676 12001.9 0.993385
568800000 5461.22 125.383 12013.9 0.993757
568900000 5461.22 128.134 12007.6 0.995032
569000000 5461.23 128.557 12006.7 0.99355
569100000 5461.23 127.088 12010 0.993622
569200000 5461.22 130.61 12002.1 0.993369
569300000 5461.24 124.513 12015.8 0.993837
569400000 5461.23 127.127 12009.9 0.993624
569500000 5461.22 126.081 12012.3 0.993706
569600000 5461.23 123.427 12018.3 0.99395
569700000 5461.22 128.968 12005.8 0.99354
569800000 5461.22 125.154 12014.4 0.993837
569900000 5461.22 123.77 12017.5 0.993909
570000000 5461.23 125.484 12013.6 0.993742
570100000 5461.24 125.196 12014.3 0.993737
570200000 5461.22 124.198 12016.5 0.993886
570300000 5461.22 127.945 12008.1 0.993579
570400000 5461.22 123.764 12017.5 0.99388
570500000 5461.21 128.136 12007.6 0.993568
570600000 5461.23 127.308 12009.5 0.993666
570700000 5461.23 125.253 12014.2 0.993792
570800000 5461.22 125.134 12014.4 0.993809
570900000 5461.24 120.347 12025.2 0.994084
571000000 5461.23 123.57 12017.9 0.993927
571100000 5461.23 127.163 12009.9 0.99366
571200000 5461.24 125.183 12014.3 0.993781
571300000 5461.22 122.92 12019.4 0.993944
571400000 5461.23 128.949 12005.8 0.9935
571500000 5461.21 124.163 12016.6 0.993882
571600000 5461.22 129.587 12004.4 0.993466
571700000 5461.22 127.601 12008.8 0.993626
571800000 5461.22 126.262 12011.9 0.993739
571900000 5461.24 120.406 12025.1 0.994152
572000000 5461.22 125.001 12014.7 0.993856
572100000 5461.23 124.153 12016.6 0.993884
572200000 5461.23 127.085 12010 0.99358
572300000 5461.22 125.899 12012.7 0.993741
572400000 5461.21 128.88 12006 0.993558
572500000 5461.24 124.694 12015.4 0.993797
572600000 5461.22 121.593 12022.4 0.994061
572700000 5461.23 126.827 12010.6 0.993608
572800000 5461.22 129.685 12004.2 0.993443
572900000 5461.22 123.179 12018.8 0.993911
573000000 5461.23 129.077 12005.5 0.993483
573100000 5461.22 122.107 12021.2 0.994051
573200000 5461.23 126.03 12012.4 0.993744
573300000 5461.21 139.282 11982.5 0.9927
573400000 5461.22 127.64 12008.8 0.993588
573500000 5461.21 126.558 12011.2 0.993726
573600000 5461.24 123.761 12017.5 0.993859
573700000 5461.23 124.796 12015.2 0.993786
573800000 5461.2 126.063 12012.3 0.993762
573900000 5461.23 127.581 12008.9 0.993655
574000000 5461.23 121.27 12023.1 0.994057
574100000 5461.23 123.489 12018.1 0.993904
574200000 5461.24 129.406 12004.8 0.99346
574300000 5461.23 123.747 12017.5 0.993899
574400000 5461.23 124.104 12016.7 0.993858
574500000 5461.22 128.659 12006.5 0.99357
574600000 5461.23 128.929 12005.9 0.993525
574700000 5461.23 125.491 12013.6 0.993722
574800000 5461.23 122.796 12019.7 0.993969
574900000 5461.24 123.661 12017.8 0.993932
575000000 5461.21 127.201 12009.7 0.993636
575100000 5461.21 131.36 12000.4 0.993384
575200000 5461.22 136.155 11989.6 0.992938
575300000 5461.24 125.758 12013 0.993721
575400000 5461.22 126.237 12011.9 0.99373
575500000 5461.21 125.603 12013.3 0.993796
575600000 5461.22 126.384 12011.6 0.993745
575700000 5461.23 125.801 12012.9 0.993745
575800000 5461.22 130.014 12003.4 0.993473
575900000 5461.22 128.992 12005.7 0.993538
576000000 5461.22 122.21 12021 0.994047
576100000 5461.23 123.176 12018.8 0.993926
576200000 5461.21 130.275 12002.8 0.993475
576300000 5461.22 130.824 12001.6 0.993327
576400000 5461.22 123.957 12017.1 0.993906
576500000 5461.23 122.16 12021.1 0.993994
576600000 5461.22 126.715 12010.9 0.993704
576700000 5461.23 128.701 12006.4 0.9935
576800000 5461.23 129.091 12005.5 0.99349
576900000 5461.22 128.759 12006.2 0.993542
577000000 5461.22 127.364 12009.4 0.993642
577100000 5461.22 133.873 11994.7 0.993149
577200000 5461.22 133.115 11996.4 0.993177
577300000 5461.22 128.059 12007.8 0.993555
577400000 5461.23 127.48 12009.1 0.993647
577500000 5461.22 126.243 12011.9 0.993764
577600000 5461.22 124.083 12016.8 0.993918
577700000 5461.23 128.02 12007.9 0.993621
577800000 5461.23 127.599 12008.9 0.993596
577900000 5461.22 135.253 11991.6 0.993067
578000000 5461.22 133.588 11995.4 0.993225
578100000 5461.23 124.195 12016.5 0.99386
578200000 5461.22 127.608 12008.8 0.993638
578300000 5461.22 125.144 12014.4 0.993812
578400000 5461.23 120.985 12023.8 0.994087
578500000 5461.21 129.245 12005.1 0.993515
578600000 5461.23 124.11 12016.7 0.993891
578700000 5461.23 130.102 12003.2 0.993417
578800000 5461.21 124.747 12015.2 0.993903
578900000 5461.21 127.93 12008.1 0.99632
579000000 5461.21 129.464 12004.6 0.993488
579100000 5461.22 127.183 12009.8 0.993714
579200000 5461.23 125.046 12014.6 0.993751
579300000 5461.21 126.271 12011.8 0.993705
579400000 5461.22 124.765 12015.2 0.993852
579500000 5461.23 122.205 12021 0.994026
579600000 5461.24 123.761 12017.5 0.993872
579700000 5461.21 126.716 12010.8 0.993698
579800000 5461.24 125.845 12012.8 0.993729
579900000 5461.23 131.096 12001 0.993291
580000000 5461.21 132.466 11997.9 0.993267
580100000 5461.21 132.81 11997.1 0.993296
580200000 5461.22 130.697 12001.9 0.993419
580300000 5461.22 128.153 12007.6 0.993556
580400000 5461.22 126.694 12010.9 0.993725
580500000 5461.22 127.629 12008.8 0.993661
580600000 5461.24 126.806 12010.7 0.993661
580700000 5461.22 128.714 12006.3 0.993573
580800000 5461.23 127.198 12009.8 0.993647
580900000 5461.23 131.95 11999.1 0.993307
581000000 5461.21 125.793 12012.9 0.993796
581100000 5461.22 127.529 12009 0.993638
581200000 5461.22 128.716 12006.4 0.993542
581300000 5461.24 124.862 12015.1 0.993792
581400000 5461.23 126.758 12010.8 0.993636
581500000 5461.23 126.079 12012.3 0.993774
581600000 5461.22 126.648 12011 0.993727
581700000 5461.22 123.641 12017.8 0.993906
581800000 5461.22 126.217 12012 0.993703
581900000 5461.22 126.762 12010.7 0.993732
582000000 5461.21 130.398 12002.5 0.993428
582100000 5461.22 123.06 12019.1 0.994001
582200000 5461.24 123.96 12017.1 0.993866
582300000 5461.2 133.3 11996 0.993243
582400000 5461.23 128.632 12006.6 0.993519
582500000 5461.23 123.819 12017.4 0.993892
582600000 5461.22 130.043 12003.3 0.99348
582700000 5461.22 129.438 12004.7 0.993497
582800000 5461.23 124.324 12016.3 0.993805
582900000 5461.21 125.205 12014.2 0.993752
583000000 5461.24 123.489 12018.1 0.993928
583100000 5461.23 128.154 12007.6 0.993557
583200000 5461.22 125.238 12014.2 0.993811
583300000 5461.21 130.082 12003.2 0.993404
583400000 5461.22 123.038 12019.1 0.993928
583500000 5461.22 129.061 12005.6 0.993453
583600000 5461.22 124.281 12016.3 0.9939
583700000 5461.22 123.585 12017.9 0.993927
583800000 5461.23 123.064 12019.1 0.993898
583900000 5461.23 126.981 12010.3 0.993703
584000000 5461.23 126.91 12010.4 0.993624
584100000 5461.24 126.39 12011.6 0.993677
584200000 5461.22 128.903 12005.9 0.993516
584300000 5461.22 125.831 12012.8 0.993757
584400000 5461.22 127.769 12008.5 0.993623
584500000 5461.24 122.38 12020.6 0.993991
584600000 5461.22 124.788 12015.2 0.993845
584700000 5461.22 127.063 12010.1 0.993674
584800000 5461.23 124.765 12015.3 0.99381
584900000 5461.23 121.805 12021.9 0.994019
585000000 5461.23 123.902 12017.2 0.993893
585100000 5461.22 122.29 12020.8 0.994007
585200000 5461.22 134.252 11993.9 0.993166
585300000 5461.23 121.02 12023.7 0.994067
585400000 5461.23 122.006 12021.5 0.99401
585500000 5461.22 128.199 12007.5 0.993544
585600000 5461.23 126.483 12011.4 0.993699
585700000 5461.24 123.056 12019.1 0.993925
585800000 5461.22 128.696 12006.4 0.993569
585900000 5461.21 129.193 12005.3 0.993507
586000000 5461.22 128.009 12007.9 0.993561
586100000 5461.22 127.179 12009.8 0.99359
586200000 5461.22 128.773 12006.2 0.993573
586300000 5461.22 126.21 12012 0.993711
586400000 5461.22 123.186 12018.8 0.993932
586500000 5461.23 124.399 12016.1 0.993821
586600000 5461.22 126.329 12011.7 0.993719
586700000 5461.24 122.061 12021.4 0.994004
586800000 5461.22 123.712 12017.6 0.993856
586900000 5461.23 122.18 12021.1 0.994025
587000000 5461.22 129.934 12003.6 0.993497
587100000 5461.22 127.882 12008.2 0.993613
587200000 5461.22 127.939 12008.1 0.993628
587300000 5461.22 124.813 12015.1 0.993803
587400000 5461.22 125.007 12014.7 0.993868
587500000 5461.24 126.799 12010.7 0.993628
587600000 5461.23 126.439 12011.5 0.993712
587700000 5461.23 124.292 12016.3 0.993872
587800000 5461.21 128.209 12007.5 0.993555
587900000 5461.22 125.951 12012.6 0.993744
588000000 5461.23 122.63 12020.1 0.99392
588100000 5461.24 122.291 12020.8 0.993973
588200000 5461.23 125.639 12013.3 0.993731
588300000 5461.22 128.027 12007.9 0.9936
588400000 5461.22 123.627 12017.8 0.993949
588500000 5461.23 126.578 12011.2 0.993682
588600000 5461.23 125.452 12013.7 0.993764
588700000 5461.22 123.311 12018.5 0.993891
588800000 5461.21 124.532 12015.7 0.993875
588900000 5461.21 130.4 12002.5 0.993444
589000000 5461.23 126.457 12011.4 0.993661
589100000 5461.22 122.408 12020.6 0.99404
589200000 5461.21 126.276 12011.8 0.993761
589300000 5461.22 123.12 12018.9 0.993932
589400000 5461.22 127.16 12009.8 0.993585
589500000 5461.23 123.905 12017.2 0.99384
589600000 5461.23 127.494 12009.1 0.993666
589700000 5461.23 122.879 12019.5 0.99393
589800000 5461.23 123.167 12018.9 0.99394
589900000 5461.23 125.06 12014.6 0.993835
590000000 5461.23 126.638 12011 0.993632
590100000 5461.22 127.972 12008 0.99358
590200000 5461.22 129.601 12004.3 0.993517
590300000 5461.22 128.116 12007.7 0.993593
590400000 5461.23 125.01 12014.7 0.993752
590500000 5461.23 129.414 12004.8 0.993421
590600000 5461.24 122.045 12021.4 0.994012
590700000 5461.22 125.856 12012.8 0.993818
590800000 5461.22 127.328 12009.5 0.993658
590900000 5461.23 126.574 12011.2 0.993705
591000000 5461.24 124.022 12016.9 0.993855
591100000 5461.23 126.644 12011 0.993721
591200000 5461.22 127.776 12008.5 0.993565
591300000 5461.23 125.88 12012.8 0.993737
591400000 5461.24 128.341 12007.2 0.993532
591500000 5461.22 131.789 11999.4 0.993357
591600000 5461.23 124.997 12014.7 0.993854
591700000 5461.23 128.022 12007.9 0.993545
591800000 5461.22 130.805 12001.6 0.993396
591900000 5461.22 125.166 12014.3 0.99382
592000000 5461.22 121.99 12021.5 0.993994
592100000 5461.23 125.751 12013 0.99373
592200000 5461.21 130.647 12002 0.993455
592300000 5461.22 124.832 12015.1 0.993839
592400000 5461.22 125.577 12013.4 0.993751
592500000 5461.22 127.486 12009.1 0.993612
592600000 5461.22 124.713 12015.4 0.993821
592700000 5461.23 122.512 12020.3 0.994008
592800000 5461.23 124.108 12016.7 0.993901
592900000 5461.22 125.385 12013.8 0.993808
593000000 5461.24 125.506 12013.6 0.993764
593100000 5461.24 123.343 12018.5 0.993909
593200000 5461.22 132.946 11996.8 0.99322
593300000 5461.22 127.095 12010 0.995341
593400000 5461.23 122.443 12020.5 0.993977
593500000 5461.23 125.403 12013.8 0.993787
593600000 5461.22 126.74 12010.8 0.99365
593700000 5461.24 126.092 12012.3 0.993705
593800000 5461.21 125.834 12012.8 0.993768
593900000 5461.23 124.237 12016.4 0.993852
594000000 5461.23 124.711 12015.4 0.993785
594100000 5461.23 126.527 12011.3 0.993695
594200000 5461.22 124.492 12015.9 0.993856
594300000 5461.22 127.529 12009 0.993611
594400000 5461.22 125.613 12013.3 0.993783
594500000 5461.23 122.767 12019.8 0.993967
594600000 5461.23 127.053 12010.1 0.993651
594700000 5461.22 124.878 12015 0.993842
594800000 5461.23 127.24 12009.7 0.993679
594900000 5461.23 126.828 12010.6 0.993634
595000000 5461.22 130.482 12002.4 0.993287
595100000 5461.22 127.197 12009.8 0.993679
595200000 5461.22 127.753 12008.5 0.993585
595300000 5461.23 124.263 12016.4 0.993854
595400000 5461.23 134.924 11992.4 0.992995
595500000 5461.22 131.189 12000.8 0.99336
595600000 5461.22 127.897 12008.2 0.993616
595700000 5461.24 121.884 12021.8 0.994027
595800000 5461.22 128.08 12007.8 0.993551
595900000 5461.23 123.745 12017.6 0.993913
596000000 5461.22 128.218 12007.5 0.993585
596100000 5461.22 126.314 12011.8 0.993682
596200000 5461.24 124.73 12015.4 0.99379
596300000 5461.23 126.712 12010.9 0.99366
596400000 5461.22 125.64 12013.3 0.993788
596500000 5461.22 123.257 12018.6 0.993907
596600000 5461.22 130.503 12002.3 0.993363
596700000 5461.22 124.183 12016.5 0.993875
596800000 5461.23 123.723 12017.6 0.993881
596900000 5461.23 128.104 12007.7 0.993569
597000000 5461.22 129.522 12004.5 0.993438
597100000 5461.22 130.967 12001.3 0.993387
597200000 5461.22 131.572 11999.9 0.993351
597300000 5461.22 126.015 12012.4 0.993728
597400000 5461.23 129.161 12005.4 0.993425
597500000 5461.22 121.286 12023.1 0.994094
597600000 5461.21 128.414 12007 0.993581
597700000 5461.23 121.747 12022.1 0.994033
597800000 5461.22 129.528 12004.5 0.993458
597900000 5461.23 125.981 12012.5 0.993734
598000000 5461.22 127.734 12008.5 0.99363
598100000 5461.22 127.903 12008.2 0.993621
598200000 5461.23 125.353 12013.9 0.993766
598300000 5461.22 124.005 12016.9 0.993902
598400000 5461.22 123.307 12018.5 0.993934
598500000 5461.22 125.485 12013.6 0.993791
598600000 5461.22 128.336 12007.2 0.993564
598700000 5461.24 123.789 12017.5 0.993871
598800000 5461.21 133.102 11996.4 0.993309
598900000 5461.23 123.947 12017.1 0.993858
599000000 5461.23 121.163 12023.4 0.994071
599100000 5461.22 124.873 12015 0.993817
599200000 5461.23 124.646 12015.5 0.993831
599300000 5461.23 127.651 12008.8 0.993568
599400000 5461.23 124.612 12015.6 0.993866
599500000 5461.23 122.333 12020.7 0.99401
599600000 5461.22 130.339 12002.7 0.993409
599700000 5461.24 123.932 12017.1 0.993852
599800000 5461.22 127.491 12009.1 0.993633
599900000 5461.23 129.031 12005.6 0.993447
600000000 5461.23 125.312 12014 0.993796
600100000 5461.25 124.213 12016.5 0.993855
600200000 5461.23 125.625 12013.3 0.993731
600300000 5461.22 134.846 11992.5 0.993056
600400000 5461.22 125.313 12014 0.993771
600500000 5461.23 128.054 12007.9 0.993523
600600000 5461.22 131.861 11999.3 0.993224
600700000 5461.21 128.971 12005.7 0.993613
600800000 5461.21 130.563 12002.2 0.993463
600900000 5461.22 125.911 12012.7 0.993748
601000000 5461.22 122.668 12019.9 0.994028
601100000 5461.24 125.226 12014.2 0.993756
601200000 5461.22 131.688 11999.6 0.993316
601300000 5461.22 130.993 12001.2 0.99335
601400000 5461.21 126.51 12011.3 0.993735
601500000 5461.23 129.414 12004.8 0.993488
601600000 5461.23 125.083 12014.5 0.99383
601700000 5461.23 123.856 12017.3 0.993906
601800000 5461.22 128.339 12007.2 0.993615
601900000 5461.23 125.421 12013.8 0.99377
602000000 5461.22 133.397 11995.8 0.993155
602100000 5461.21 127.159 12009.8 0.993873
602200000 5461.22 129.561 12004.4 0.993469
602300000 5461.23 128.258 12007.4 0.993589
602400000 5461.22 127.002 12010.2 0.993672
602500000 5461.22 122.851 12019.6 0.993941
602600000 5461.22 122.633 12020 0.993945
602700000 5461.23 127.76 12008.5 0.99356
602800000 5461.23 125.191 12014.3 0.993762
602900000 5461.23 128.002 12008 0.993592
603000000 5461.22 130.147 12003.1 0.993432
603100000 5461.23 126.731 12010.8 0.99364
603200000 5461.21 130.522 12002.3 0.993415
603300000 5461.22 125.057 12014.6 0.993808
603400000 5461.21 133.257 11996.1 0.993251
603500000 5461.23 123.939 12017.1 0.993867
603600000 5461.23 125.231 12014.2 0.993777
603700000 5461.22 128.1 12007.7 0.993614
603800000 5461.23 122.38 12020.6 0.993971
603900000 5461.22 125.898 12012.7 0.993772
604000000 5461.23 125.168 12014.4 0.993822
604100000 5461.22 123.765 12017.5 0.993942
604200000 5461.22 132.194 11998.5 0.993245
604300000 5461.23 129.511 12004.6 0.993425
604400000 5461.24 123.381 12018.4 0.993934
604500000 5461.24 125.413 12013.8 0.993767
604600000 5461.22 127.881 12008.2 0.993591
604700000 5461.22 126.725 12010.8 0.99366
604800000 5461.23 127.016 12010.2 0.993639
604900000 5461.23 123.024 12019.2 0.993994
605000000 5461.23 128.061 12007.8 0.993558
605100000 5461.23 125.263 12014.1 0.993801
605200000 5461.23 123.039 12019.1 0.993872
605300000 5461.22 128.372 12007.1 0.993546
605400000 5461.22 124.847 12015.1 0.993867
605500000 5461.24 119.112 12028 0.994211
605600000 5461.22 125.943 12012.6 0.993777
605700000 5461.23 126.763 12010.8 0.993639
605800000 5461.21 127.53 12009 0.993661
605900000 5461.22 130.809 12001.6 0.993408
606000000 5461.22 124.768 12015.2 0.993844
606100000 5461.22 126.393 12011.6 0.993707
606200000 5461.22 127.367 12009.4 0.99364
606300000 5461.23 128.822 12006.1 0.993507
606400000 5461.23 125.224 12014.2 0.993787
606500000 5461.22 124.938 12014.8 0.993811
606600000 5461.23 125.763 12013 0.993747
606700000 5461.22 124.507 12015.8 0.993831
606800000 5461.23 129.6 12004.4 0.993435
606900000 5461.23 124.298 12016.3 0.993848
607000000 5461.24 125.623 12013.3 0.993726
607100000 5461.21 128.366 12007.1 0.993594
607200000 5461.22 125.331 12014 0.993797
607300000 5461.21 123.847 12017.3 0.993936
607400000 5461.22 124.34 12016.2 0.993862
607500000 5461.21 133.579 11995.4 0.99319
607600000 5461.23 125.785 12013 0.993718
607700000 5461.23 125.247 12014.2 0.993731
607800000 5461.22 129.799 12003.9 0.993426
607900000 5461.22 128.978 12005.8 0.993482
608000000 5461.23 125.641 12013.3 0.993785
608100000 5461.23 123.915 12017.2 0.993893
608200000 5461.22 124.595 12015.6 0.993866
608300000 5461.22 127.008 12010.2 0.993672
608400000 5461.25 129.736 12004.1 0.99335
608500000 5461.23 127.803 12008.4 0.993558
608600000 5461.21 129.175 12005.3 0.993527
608700000 5461.23 121.464 12022.7 0.994049
608800000 5461.23 124.111 12016.7 0.99405
608900000 5461.2 128.011 12007.9 0.993643
609000000 5461.23 125.627 12013.3 0.993746
609100000 5461.22 124.472 12015.9 0.993894
609200000 5461.21 128.047 12007.8 0.993642
609300000 5461.24 128.64 12006.6 0.993499
609400000 5461.21 131.767 11999.5 0.99333
609500000 5461.22 132.434 11998 0.993244
609600000 5461.22 126.258 12011.9 0.993759
609700000 5461.23 125.444 12013.7 0.993765
609800000 5461.22 124.735 12015.3 0.993856
609900000 5461.22 126.619 12011.1 0.993723
610000000 5461.23 125.483 12013.6 0.993817
610100000 5461.23 127.326 12009.5 0.99364
610200000 5461.21 128.189 12007.5 0.993609
610300000 5461.22 127.653 12008.7 0.993617
610400000 5461.23 125.344 12014 0.993791
610500000 5461.22 122.059 12021.3 0.994026
610600000 5461.23 127.995 12008 0.993501
610700000 5461.25 121.813 12021.9 0.993972
610800000 5461.23 128.903 12006 0.993485
610900000 5461.2 135.48 11991.1 0.993098
611000000 5461.22 126.452 12011.4 0.993711
611100000 5461.22 129.931 12003.6 0.993487
611200000 5461.23 124.8 12015.2 0.993849
611300000 5461.23 130.715 12001.9 0.993319
611400000 5461.23 125.596 12013.4 0.993798
611500000 5461.21 128.571 12006.7 0.993524
611600000 5461.21 130.336 12002.7 0.993432
611700000 5461.22 130.481 12002.4 0.993516
611800000 5461.22 126.92 12010.4 0.993614
611900000 5461.23 125.151 12014.4 0.993782
612000000 5461.22 129.737 12004 0.99343
612100000 5461.21 129.869 12003.7 0.993502
612200000 5461.21 126.929 12010.3 0.993709
612300000 5461.23 124.972 12014.8 0.993834
612400000 5461.23 129.415 12004.8 0.993402
612500000 5461.23 128.338 12007.2 0.993535
612600000 5461.23 126.997 12010.2 0.993623
612700000 5461.22 125.695 12013.1 0.993746
612800000 5461.23 126.465 12011.4 0.994637
612900000 5461.23 131.446 12000.2 0.993336
613000000 5461.23 124.388 12016.1 0.993831
613100000 5461.21 127.226 12009.7 0.993684
613200000 5461.22 126.398 12011.6 0.993699
613300000 5461.22 134.751 11992.7 0.993068
613400000 5461.23 123.256 12018.7 0.993923
613500000 5461.23 124.767 12015.3 0.993864
613600000 5461.21 126.366 12011.6 0.993766
613700000 5461.24 124.074 12016.8 0.993819
613800000 5461.22 129.25 12005.1 0.993503
613900000 5461.21 127.633 12008.8 0.993643
614000000 5461.2 135.783 11990.4 0.993096
614100000 5461.22 123.743 12017.5 0.993895
614200000 5461.22 132.029 11998.9 0.99324
614300000 5461.21 130.73 12001.8 0.993443
614400000 5461.22 124.801 12015.2 0.993856
614500000 5461.23 122.23 12021 0.993968
614600000 5461.22 122.407 12020.6 0.993982
614700000 5461.22 124.852 12015.1 0.993855
614800000 5461.23 125.825 12012.9 0.993739
614900000 5461.22 126.25 12011.9 0.993754
615000000 5461.22 122.639 12020 0.993985
615100000 5461.21 128.592 12006.6 0.993587
615200000 5461.21 124.088 12016.7 0.993868
615300000 5461.24 124.893 12015 0.99383
615400000 5461.22 123.949 12017.1 0.993885
615500000 5461.22 126.355 12011.7 0.99376
615600000 5461.23 127.277 12009.6 0.99363
615700000 5461.24 122.565 12020.2 0.994228
615800000 5461.23 128.96 12005.8 0.993459
615900000 5461.22 128.486 12006.9 0.993596
616000000 5461.24 122.044 12021.4 0.993997
616100000 5461.23 123.985 12017 0.993888
616200000 5461.23 120.948 12023.9 0.994068
616300000 5461.23 128.309 12007.3 0.993542
616400000 5461.22 128.414 12007 0.993614
616500000 5461.21 130.822 12001.6 0.993416
616600000 5461.22 127.071 12010 0.99365
616700000 5461.21 125.742 12013 0.993775
616800000 5461.23 125.194 12014.3 0.9938
616900000 5461.23 122.986 12019.3 0.993916
617000000 5461.22 128.895 12005.9 0.993524
617100000 5461.22 126.854 12010.5 0.993709
617200000 5461.22 126.201 12012 0.993753
617300000 5461.23 125.403 12013.8 0.99375
617400000 5461.22 125.372 12013.9 0.993828
617500000 5461.23 123.682 12017.7 0.993898
617600000 5461.22 129.769 12004 0.993495
617700000 5461.23 126.378 12011.6 0.993712
617800000 5461.22 125.909 12012.7 0.993735
617900000 5461.23 125.546 12013.5 0.993767
618000000 5461.22 127.189 12009.8 0.993605
618100000 5461.24 122.726 12019.9 0.993973
618200000 5461.24 126.615 12011.1 0.993675
618300000 5461.23 126.514 12011.3 0.993643
618400000 5461.23 124.995 12014.7 0.993826
618500000 5461.23 128.172 12007.6 0.993553
618600000 5461.22 125.904 12012.7 0.993748
618700000 5461.23 124.811 12015.2 0.993797
618800000 5461.22 127.69 12008.6 0.993636
618900000 5461.23 122.168 12021.1 0.994039
619000000 5461.23 126.843 12010.6 0.993673
619100000 5461.21 126.225 12011.9 0.993733
619200000 5461.23 124.951 12014.8 0.993788
619300000 5461.23 126.719 12010.9 0.993658
619400000 5461.23 125.262 12014.1 0.993856
619500000 5461.23 124.415 12016 0.993834
619600000 5461.22 128.662 12006.5 0.993542
619700000 5461.22 124.347 12016.2 0.993892
619800000 5461.22 125.768 12013 0.993717
619900000 5461.21 125.784 12012.9 0.993772
620000000 5461.22 128.03 12007.9 0.99355
620100000 5461.24 120.765 12024.3 0.994141
620200000 5461.23 122.392 12020.6 0.993987
620300000 5461.22 128.007 12007.9 0.993568
620400000 5461.23 128.895 12006 0.993519
620500000 5461.24 121.553 12022.5 0.99401
620600000 5461.23 124.866 12015 0.993766
620700000 5461.22 128.579 12006.6 0.993558
620800000 5461.22 126.253 12011.9 0.99374
620900000 5461.22 125.992 12012.5 0.993724
621000000 5461.2 132.185 11998.5 0.993321
621100000 5461.24 123.699 12017.7 0.993855
621200000 5461.23 123.63 12017.8 0.993914
621300000 5461.22 120.689 12024.4 0.994114
621400000 5461.21 128.769 12006.2 0.994159
621500000 5461.22 124.691 12015.4 0.993781
621600000 5461.23 123.035 12019.2 0.993954
621700000 5461.23 122.929 12019.4 0.99394
621800000 5461.21 129.188 12005.3 0.993519
621900000 5461.22 128.914 12005.9 0.993515
622000000 5461.22 127.28 12009.6 0.99361
622100000 5461.21 127.515 12009 0.993683
622200000 5461.21 129.007 12005.7 0.993567
622300000 5461.22 128.93 12005.9 0.993539
622400000 5461.23 124.255 12016.4 0.993881
622500000 5461.22 125.464 12013.7 0.993795
622600000 5461.23 128.801 12006.2 0.993566
622700000 5461.22 127.521 12009 0.993618
622800000 5461.21 126.617 12011 0.993764
622900000 5461.22 126.776 12010.7 0.993711
623000000 5461.24 128.134 12007.7 0.993556
623100000 5461.22 124.349 12016.2 0.993867
623200000 5461.21 125.451 12013.7 0.993837
623300000 5461.23 130.112 12003.2 0.993407
623400000 5461.21 130.305 12002.7 0.993434
623500000 5461.22 127.393 12009.3 0.993639
623600000 5461.23 127.783 12008.5 0.993587
623700000 5461.21 125.592 12013.4 0.99378
623800000 5461.24 125.161 12014.4 0.993746
623900000 5461.22 130.295 12002.8 0.993463
624000000 5461.21 131.378 12000.3 0.993417
624100000 5461.22 126.694 12010.9 0.993756
624200000 5461.24 123.025 12019.2 0.993963
624300000 5461.23 131.729 11999.6 0.993186
624400000 5461.21 130.048 12003.3 0.993427
624500000 5461.24 127.671 12008.7 0.993543
624600000 5461.21 130.1 12003.2 0.993446
624700000 5461.23 125.343 12014 0.993831
624800000 5461.22 122.846 12019.6 0.993975
624900000 5461.22 129.4 12004.8 0.993518
625000000 5461.23 123.071 12019.1 0.993925
625100000 5461.24 124.112 12016.8 0.993847
625200000 5461.22 126.957 12010.3 0.993645
625300000 5461.21 129.522 12004.5 0.993453
625400000 5461.23 123.721 12017.6 0.993883
625500000 5461.22 126.25 12011.9 0.993768
625600000 5461.21 127.494 12009.1 0.993723
625700000 5461.22 123.7 12017.6 0.993928
625800000 5461.23 122.382 12020.6 0.993979
625900000 5461.21 130.371 12002.6 0.993505
626000000 5461.23 128.383 12007.1 0.993576
626100000 5461.23 119.088 12028 0.994233
626200000 5461.22 122.073 12021.3 0.994038
626300000 5461.23 123.467 12018.2 0.99396
626400000 5461.22 125.038 12014.6 0.993806
626500000 5461.21 125.377 12013.8 0.993801
626600000 5461.22 126.368 12011.6 0.993708
626700000 5461.22 136.379 11989.1 0.992957
626800000 5461.22 126.162 12012.1 0.993717
626900000 5461.22 124.807 12015.2 0.993844
627000000 5461.21 129.214 12005.2 0.99349
627100000 5461.23 124.916 12014.9 0.993857
627200000 5461.23 124.773 12015.2 0.993805
627300000 5461.22 125.384 12013.8 0.993789
627400000 5461.22 129.117 12005.4 0.993476
627500000 5461.23 124.791 12015.2 0.993821
627600000 5461.22 132.589 11997.6 0.993267
627700000 5461.23 125.068 12014.6 0.993847
627800000 5461.21 128.071 12007.8 0.993632
627900000 5461.24 126.291 12011.8 0.993691
628000000 5461.24 122.561 12020.2 0.993987
628100000 5461.23 122.558 12020.2 0.994008
628200000 5461.22 125.415 12013.8 0.993785
628300000 5461.2 130.717 12001.8 0.993465
628400000 5461.22 126.989 12010.2 0.993671
628500000 5461.23 127.347 12009.5 0.993653
628600000 5461.23 125.933 12012.6 0.993724
628700000 5461.23 128.475 12006.9 0.993542
628800000 5461.24 126.702 12010.9 0.993584
628900000 5461.21 126.801 12010.6 0.99373
629000000 5461.24 127.012 12010.2 0.993697
629100000 5461.23 125.643 12013.3 0.993738
629200000 5461.2 124.3 12016.2 0.993909
629300000 5461.22 128.891 12005.9 0.99347
629400000 5461.24 127.924 12008.2 0.993609
629500000 5461.22 134.885 11992.4 0.992971
629600000 5461.22 123.942 12017.1 0.993907
629700000 5461.2 132.532 11997.7 0.993367
629800000 5461.23 123.127 12019 0.993965
629900000 5461.23 128.358 12007.2 0.993504
630000000 5461.23 127.808 12008.4 0.993602
630100000 5461.22 130.322 12002.7 0.993587
630200000 5461.21 131.09 12001 0.993312
630300000 5461.22 126.871 12010.5 0.993678
630400000 5461.23 126.656 12011 0.993638
630500000 5461.23 127.523 12009 0.993631
630600000 5461.22 126.604 12011.1 0.993668
630700000 5461.22 124.583 12015.6 0.993821
630800000 5461.23 132.458 11997.9 0.993194
630900000 5461.22 129.729 12004.1 0.993473
631000000 5461.21 130.281 12002.8 0.993533
631100000 5461.23 126.482 12011.4 0.993707
631200000 5461.23 120.757 12024.3 0.994126
631300000 5461.23 125.669 12013.2 0.994043
631400000 5461.23 125.29 12014.1 0.993807
631500000 5461.23 123.001 12019.2 0.993921
631600000 5461.23 126.101 12012.2 0.993761
631700000 5461.22 128.149 12007.6 0.993541
631800000 5461.22 127.889 12008.2 0.99364
631900000 5461.24 125.953 12012.6 0.99374
632000000 5461.23 124.111 12016.7 0.99389
632100000 5461.23 131.47 12000.2 0.99327
632200000 5461.22 129.834 12003.8 0.993477
632300000 5461.23 126.054 12012.4 0.993732
632400000 5461.23 123.078 12019.1 0.993932
632500000 5461.23 128.053 12007.9 0.993606
632600000 5461.24 122.127 12021.2 0.994026
632700000 5461.24 123.866 12017.3 0.993876
632800000 5461.23 130.992 12001.2 0.993333
632900000 5461.23 122.829 12019.6 0.993948
633000000 5461.22 126.15 12012.1 0.993775
633100000 5461.23 127.958 12008.1 0.993581
633200000 5461.21 126.279 12011.8 0.993765
633300000 5461.23 124.77 12015.2 0.993838
633400000 5461.22 126.888 12010.5 0.993672
633500000 5461.23 125.038 12014.6 0.993818
633600000 5461.23 124.732 12015.3 0.993817
633700000 5461.23 125.24 12014.2 0.993817
633800000 5461.21 126.268 12011.8 0.993736
633900000 5461.23 123.144 12018.9 0.993909
634000000 5461.21 124.137 12016.6 0.993875
634100000 5461.24 123.885 12017.3 0.993893
634200000 5461.22 122.256 12020.9 0.994002
634300000 5461.21 128.655 12006.5 0.993522
634400000 5461.21 128.702 12006.4 0.993506
634500000 5461.23 125.697 12013.2 0.993869
634600000 5461.22 129.743 12004 0.993525
634700000 5461.22 123.357 12018.4 0.993888
634800000 5461.21 137.842 11985.8 0.992821
634900000 5461.21 127.101 12010 0.993636
635000000 5461.24 123.499 12018.1 0.9939
635100000 5461.23 126.31 12011.8 0.993671
635200000 5461.23 128.465 12006.9 0.993574
635300000 5461.22 127.195 12009.8 0.993609
635400000 5461.22 125.437 12013.7 0.993777
635500000 5461.22 127.871 12008.2 0.993573
635600000 5461.21 124.925 12014.9 0.993806
635700000 5461.23 129.22 12005.2 0.993498
635800000 5461.22 126.179 12012.1 0.993667
635900000 5461.22 128.196 12007.5 0.993556
636000000 5461.21 129.937 12003.6 0.993445
636100000 5461.21 131.599 11999.8 0.995852
636200000 5461.21 129.876 12003.7 0.99348
636300000 5461.23 127.625 12008.8 0.993596
636400000 5461.22 124.365 12016.1 0.993832
636500000 5461.22 129.1 12005.5 0.993495
636600000 5461.22 124.793 12015.2 0.993843
636700000 5461.23 128.492 12006.9 0.99353
636800000 5461.23 122.992 12019.3 0.993954
636900000 5461.22 125.792 12012.9 0.993769
637000000 5461.23 124.462 12015.9 0.993866
637100000 5461.22 130.48 12002.4 0.993384
637200000 5461.22 125.813 12012.9 0.993796
637300000 5461.22 125.678 12013.2 0.993737
637400000 5461.22 125.345 12013.9 0.99382
637500000 5461.23 129.399 12004.8 0.993515
637600000 5461.21 126.635 12011 0.99369
637700000 5461.23 124.906 12014.9 0.993806
637800000 5461.22 131.349 12000.4 0.993378
637900000 5461.24 123.213 12018.8 0.993952
638000000 5461.23 128.253 12007.4 0.993596
638100000 5461.23 127.519 12009.1 0.993611
638200000 5461.23 126.745 12010.8 0.993654
638300000 5461.22 126.105 12012.2 0.993739
638400000 5461.22 128.259 12007.4 0.993607
638500000 5461.22 127.281 12009.6 0.993691
638600000 5461.21 129.438 12004.7 0.993491
638700000 5461.22 126.48 12011.4 0.993703
638800000 5461.23 127.356 12009.4 0.993605
638900000 5461.22 122.446 12020.5 0.99395
639000000 5461.24 125.277 12014.1 0.994981
639100000 5461.23 126.715 12010.9 0.993669
639200000 5461.21 130.339 12002.7 0.993456
639300000 5461.21 127.636 12008.7 0.993668
639400000 5461.21 131.129 12000.9 0.993326
639500000 5461.22 131.3 12000.5 0.993368
639600000 5461.22 126.006 12012.4 0.993723
639700000 5461.23 123.924 12017.2 0.993914
639800000 5461.23 123.652 12017.8 0.99389
639900000 5461.21 128.876 12006 0.993508
640000000 5461.2 136.382 11989 0.993078
640100000 5461.22 128.17 12007.6 0.99357
640200000 5461.22 128.046 12007.9 0.993609
640300000 5461.22 129.876 12003.7 0.993464
640400000 5461.22 124.32 12016.2 0.9938
640500000 5461.22 125.949 12012.6 0.993755
640600000 5461.21 129.302 12005 0.993587
640700000 5461.21 126.452 12011.4 0.993707
640800000 5461.23 123.27 12018.6 0.994114
640900000 5461.23 123.372 12018.4 0.99394
641000000 5461.22 125.107 12014.5 0.99378
641100000 5461.22 129.273 12005.1 0.993422
641200000 5461.24 123.052 12019.1 0.993952
641300000 5461.2 131.997 11998.9 0.993327
641400000 5461.23 126.027 12012.4 0.993696
641500000 5461.22 126.773 12010.7 0.993623
641600000 5461.23 127.231 12009.7 0.993611
641700000 5461.23 122.884 12019.5 0.993982
641800000 5461.23 124.077 12016.8 0.993856
641900000 5461.22 125.874 12012.7 0.993765
642000000 5461.23 127.785 12008.5 0.993557
642100000 5461.22 127.335 12009.4 0.993692
642200000 5461.23 125.294 12014.1 0.993773
642300000 5461.22 124.798 12015.2 0.993851
642400000 5461.22 124.533 12015.8 0.993846
642500000 5461.22 127.585 12008.9 0.993678
642600000 5461.21 133.882 11994.7 0.993203
642700000 5461.22 126.098 12012.2 0.99371
642800000 5461.23 129.962 12003.5 0.993453
642900000 5461.23 128.526 12006.8 0.99357
643000000 5461.23 129.096 12005.5 0.99346
643100000 5461.25 122.096 12021.3 0.994
643200000 5461.23 121.937 12021.6 0.993997
643300000 5461.22 132.021 11998.9 0.993297
643400000 5461.22 127.613 12008.8 0.993573
643500000 5461.23 123.116 12019 0.993932
643600000 5461.23 124.305 12016.3 0.99385
643700000 5461.24 125.045 12014.7 0.993776
643800000 5461.22 124.3 12016.3 0.993859
643900000 5461.22 128.212 12007.5 0.99356
644000000 5461.23 126.707 12010.9 0.99367
644100000 5461.23 123.148 12018.9 0.993923
644200000 5461.24 128.471 12006.9 0.993556
644300000 5461.23 126.161 12012.1 0.993696
644400000 5461.22 125.225 12014.2 0.993782
644500000 5461.22 126.456 12011.4 0.993707
644600000 5461.23 130.045 12003.4 0.993352
644700000 5461.23 124.383 12016.1 0.993799
644800000 5461.22 126.981 12010.3 0.99368
644900000 5461.22 124.992 12014.7 0.993846
645000000 5461.22 126.758 12010.8 0.993703
645100000 5461.21 129.671 12004.2 0.993483
645200000 5461.23 122.507 12020.3 0.994005
645300000 5461.23 126.579 12011.2 0.993705
645400000 5461.21 131.221 12000.7 0.993408
645500000 5461.23 123.587 12017.9 0.993947
645600000 5461.23 127.447 12009.2 0.993639
645700000 5461.22 123.128 12018.9 0.99392
645800000 5461.23 123.809 12017.4 0.993892
645900000 5461.23 121.316 12023 0.994057
646000000 5461.23 126.518 12011.3 0.993675
646100000 5461.22 125.373 12013.9 0.993802
646200000 5461.21 126.961 12010.3 0.993691
646300000 5461.22 132.565 11997.7 0.993236
646400000 5461.21 125.385 12013.8 0.993817
646500000 5461.21 130.95 12001.3 0.993414
646600000 5461.24 126.45 12011.5 0.993674
646700000 5461.22 128.871 12006 0.993552
646800000 5461.23 126.053 12012.4 0.993726
646900000 5461.22 129.256 12005.1 0.993494
647000000 5461.24 123.002 12019.2 0.993929
647100000 5461.23 125.678 12013.2 0.993738
647200000 5461.24 121.703 12022.2 0.99404
647300000 5461.22 123.713 12017.6 0.993888
647400000 5461.23 123.663 12017.7 0.993915
647500000 5461.23 127.199 12009.8 0.993628
647600000 5461.23 125.607 12013.4 0.993728
647700000 5461.22 128.306 12007.3 0.993551
647800000 5461.23 124.116 12016.7 0.993863
647900000 5461.22 128.091 12007.7 0.993591
648000000 5461.21 126.329 12011.7 0.993684
648100000 5461.24 123.836 12017.4 0.993884
648200000 5461.22 132.523 11997.8 0.993302
648300000 5461.23 131.506 12000.1 0.993325
648400000 5461.22 124.267 12016.4 0.993839
648500000 5461.22 124.172 12016.6 0.993905
648600000 5461.22 129.609 12004.3 0.993528
648700000 5461.22 122.55 12020.2 0.993967
648800000 5461.23 126.106 12012.2 0.993743
648900000 5461.22 130.029 12003.4 0.993437
649000000 5461.22 125.906 12012.7 0.993763
649100000 5461.23 128.97 12005.8 0.9935
649200000 5461.22 123.293 12018.5 0.993929
649300000 5461.22 122.916 12019.4 0.993961
649400000 5461.24 124.385 12016.1 0.993815
649500000 5461.24 124.459 12016 0.993865
649600000 5461.22 132.155 11998.6 0.993306
649700000 5461.2 130.822 12001.6 0.993448
649800000 5461.22 127.491 12009.1 0.993808
649900000 5461.23 120.446 12025 0.994125
650000000 5461.22 125.035 12014.6 0.993818
650100000 5461.23 128.275 12007.4 0.993519
650200000 5461.21 130.08 12003.2 0.993467
650300000 5461.23 129.44 12004.7 0.993459
650400000 5461.23 127.925 12008.1 0.99363
650500000 5461.22 124.021 12016.9 0.99387
650600000 5461.23 124.081 12016.8 0.993903
650700000 5461.22 126.022 12012.4 0.993777
650800000 5461.23 124.57 12015.7 0.993829
650900000 5461.22 128.011 12007.9 0.993579
651000000 5461.22 124.334 12016.2 0.99384
651100000 5461.22 124.331 12016.2 0.993814
651200000 5461.23 125.356 12013.9 0.993867
651300000 5461.23 125.425 12013.8 0.993803
651400000 5461.23 125.728 12013.1 0.993771
651500000 5461.22 126.756 12010.7 0.993697
651600000 5461.22 124.853 12015 0.993884
651700000 5461.23 126.893 12010.5 0.993645
651800000 5461.22 127.214 12009.7 0.993669
651900000 5461.22 124.29 12016.3 0.993858
652000000 5461.23 127.196 12009.8 0.993673
652100000 5461.21 125.878 12012.7 0.99397
652200000 5461.23 125.47 12013.7 0.993781
652300000 5461.23 128.389 12007.1 0.99357
652400000 5461.21 126.947 12010.3 0.993749
652500000 5461.22 128.329 12007.2 0.993561
652600000 5461.23 124.413 12016 0.99381
652700000 5461.22 127.983 12008 0.993636
652800000 5461.22 125.494 12013.6 0.993739
652900000 5461.22 129.281 12005.1 0.993542
653000000 5461.23 128.876 12006 0.993494
653100000 5461.23 122.147 12021.1 0.99399
653200000 5461.23 127.569 12009 0.99362
653300000 5461.22 131.2 12000.8 0.993344
653400000 5461.23 134.497 11993.3 0.992999
653500000 5461.23 128.477 12006.9 0.993567
653600000 5461.2 127.804 12008.4 0.993682
653700000 5461.22 125.706 12013.1 0.993736
653800000 5461.22 130.292 12002.8 0.993389
653900000 5461.22 127.853 12008.3 0.993657
654000000 5461.24 124.6 12015.6 0.994697
654100000 5461.22 126.336 12011.7 0.993677
654200000 5461.23 128.103 12007.7 0.993544
654300000 5461.22 127.712 12008.6 0.993659
654400000 5461.21 126.37 12011.6 0.993668
654500000 5461.22 128.083 12007.8 0.993544
654600000 5461.22 125.008 12014.7 0.993835
654700000 5461.23 124.662 12015.5 0.993821
654800000 5461.22 129.224 12005.2 0.993485
654900000 5461.24 128.326 12007.3 0.99347
655000000 5461.23 125.403 12013.8 0.99379
655100000 5461.22 127.359 12009.4 0.993662
655200000 5461.23 128.487 12006.9 0.993508
655300000 5461.21 124.628 12015.5 0.99384
655400000 5461.21 131.303 12000.5 0.993361
655500000 5461.23 124.312 12016.3 0.993818
655600000 5461.23 130.427 12002.5 0.993604
655700000 5461.23 128.691 12006.4 0.993557
655800000 5461.24 122.535 12020.3 0.99398
655900000 5461.23 126.515 12011.3 0.993715
656000000 5461.23 123.216 12018.8 0.993898
656100000 5461.23 123.654 12017.8 0.99394
656200000 5461.22 125.683 12013.2 0.993818
656300000 5461.22 126.007 12012.4 0.993719
656400000 5461.22 131.226 12000.7 0.993352
656500000 5461.23 127.225 12009.7 0.993624
656600000 5461.22 127.529 12009 0.993661
656700000 5461.22 128.595 12006.6 0.99358
656800000 5461.22 123.78 12017.5 0.993918
656900000 5461.22 126.564 12011.2 0.993705
657000000 5461.23 124.82 12015.1 0.993803
657100000 5461.23 121.169 12023.4 0.994082
657200000 5461.23 127.452 12009.2 0.993583
657300000 5461.23 123.947 12017.1 0.993893
657400000 5461.22 137.574 11986.4 0.992757
657500000 5461.23 123.923 12017.2 0.993858
657600000 5461.23 124.191 12016.5 0.993876
657700000 5461.2 132.287 11998.3 0.993215
657800000 5461.22 128.121 12007.7 0.993585
657900000 5461.23 127.023 12010.2 0.993605
658000000 5461.23 122.937 12019.4 0.99393
658100000 5461.22 129.073 12005.5 0.993492
658200000 5461.22 126.609 12011.1 0.995031
658300000 5461.22 127.168 12009.8 0.993618
658400000 5461.23 126.316 12011.8 0.993686
658500000 5461.23 124.675 12015.5 0.993828
658600000 5461.21 129.726 12004.1 0.993484
658700000 5461.21 125.529 12013.5 0.993794
658800000 5461.22 126.323 12011.7 0.993735
658900000 5461.23 126.034 12012.4 0.993755
659000000 5461.22 126.925 12010.4 0.99368
659100000 5461.22 126.647 12011 0.993746
659200000 5461.22 123.717 12017.6 0.993909
659300000 5461.22 127.234 12009.7 0.99367
659400000 5461.22 125.502 12013.6 0.993765
659500000 5461.24 126.33 12011.7 0.993686
659600000 5461.21 129.921 12003.6 0.993483
659700000 5461.22 128.567 12006.7 0.993519
659800000 5461.21 128.002 12007.9 0.993562
659900000 5461.22 135.633 11990.8 0.992979
660000000 5461.22 125.754 12013 0.993763
660100000 5461.23 127.605 12008.9 0.993632
660200000 5461.23 129.914 12003.7 0.993414
660300000 5461.23 124.196 12016.5 0.993913
660400000 5461.22 125.728 12013.1 0.993782
660500000 5461.23 133.129 11996.4 0.993152
660600000 5461.2 129.181 12005.3 0.993537
660700000 5461.22 128.042 12007.9 0.99356
660800000 5461.22 123.808 12017.4 0.99391
660900000 5461.25 123.953 12017.1 0.993902
661000000 5461.22 128.448 12006.9 0.993533
661100000 5461.22 124.413 12016 0.993885
661200000 5461.23 126.104 12012.2 0.993748
661300000 5461.22 124.697 12015.4 0.993868
661400000 5461.22 127.129 12009.9 0.993636
661500000 5461.23 127.273 12009.6 0.993602
661600000 5461.21 129.632 12004.3 0.993484
661700000 5461.23 125.716 12013.1 0.99377
661800000 5461.21 133.3 11996 0.99325
661900000 5461.23 127.337 12009.5 0.993639
662000000 5461.22 127.729 12008.6 0.993649
662100000 5461.24 125.961 12012.6 0.993757
662200000 5461.22 124.374 12016.1 0.993858
662300000 5461.21 128.794 12006.1 0.993566
662400000 5461.22 128.278 12007.3 0.993573
662500000 5461.22 126.926 12010.4 0.993684
662600000 5461.22 127.286 12009.6 0.993623
662700000 5461.23 129.77 12004 0.993387
662800000 5461.23 127.367 12009.4 0.993596
662900000 5461.21 134.179 11994 0.993156
663000000 5461.2 131.016 12001.1 0.993424
663100000 5461.22 128.501 12006.8 0.993577
663200000 5461.23 126.119 12012.2 0.993667
663300000 5461.24 121.577 12022.5 0.994038
663400000 5461.23 123.921 12017.2 0.993907
663500000 5461.23 126.92 12010.4 0.993661
663600000 5461.23 126.62 12011.1 0.993672
663700000 5461.23 120.518 12024.8 0.994141
663800000 5461.24 119.97 12026.1 0.994171
663900000 5461.22 125.227 12014.2 0.993812
664000000 5461.23 124.044 12016.9 0.993895
664100000 5461.24 127.559 12009 0.993569
664200000 5461.22 126.865 12010.5 0.993699
664300000 5461.21 124.973 12014.7 0.993829
664400000 5461.22 123.469 12018.2 0.993954
664500000 5461.23 125.15 12014.4 0.993804
664600000 5461.22 123.969 12017 0.993854
664700000 5461.21 127.457 12009.2 0.993671
664800000 5461.24 123.989 12017 0.993888
664900000 5461.24 129.162 12005.4 0.996406
665000000 5461.22 125.817 12012.9 0.993747
665100000 5461.22 131.676 11999.7 0.993343
665200000 5461.22 125.469 12013.6 0.993802
665300000 5461.23 125.713 12013.1 0.993735
665400000 5461.23 124.765 12015.3 0.993808
665500000 5461.22 123.097 12019 0.99396
665600000 5461.22 125.806 12012.9 0.993769
665700000 5461.23 124.498 12015.9 0.993842
665800000 5461.23 123.72 12017.6 0.993887
665900000 5461.21 126.544 12011.2 0.993701
666000000 5461.22 124.395 12016.1 0.993849
666100000 5461.24 123.981 12017 0.993895
666200000 5461.23 123.954 12017.1 0.993862
666300000 5461.24 128.498 12006.9 0.993547
666400000 5461.22 126.931 12010.4 0.993645
666500000 5461.21 130.772 12001.7 0.993401
666600000 5461.24 124.62 12015.6 0.993791
666700000 5461.21 131.192 12000.7 0.993417
666800000 5461.22 124.475 12015.9 0.993874
666900000 5461.23 127.707 12008.6 0.993649
667000000 5461.23 128.453 12006.9 0.993548
667100000 5461.22 124.598 12015.6 0.993889
667200000 5461.22 128.184 12007.5 0.993564
667300000 5461.22 124.188 12016.5 0.993857
667400000 5461.22 128.168 12007.6 0.993589
667500000 5461.23 123.76 12017.5 0.993912
667600000 5461.22 133.006 11996.7 0.993251
667700000 5461.22 126.818 12010.6 0.993724
667800000 5461.23 126.617 12011.1 0.993688
667900000 5461.23 124.098 12016.8 0.993838
668000000 5461.22 122.992 12019.2 0.993954
668100000 5461.24 126.288 12011.8 0.993707
668200000 5461.24 125.206 12014.3 0.993781
668300000 5461.22 128.059 12007.8 0.993592
668400000 5461.2 130.174 12003 0.993473
668500000 5461.21 125.132 12014.4 0.993801
668600000 5461.22 126.759 12010.7 0.99368
668700000 5461.23 125.464 12013.7 0.994479
668800000 5461.22 126.248 12011.9 0.993736
668900000 5461.23 122.737 12019.8 0.993963
669000000 5461.23 125.243 12014.2 0.993796
669100000 5461.22 128.599 12006.6 0.993575
669200000 5461.23 124.401 12016.1 0.993854
669300000 5461.22 124.811 12015.1 0.993843
669400000 5461.24 125.423 12013.8 0.993735
669500000 5461.22 128.26 12007.4 0.993563
669600000 5461.21 130.819 12001.6 0.993409
669700000 5461.23 123.019 12019.2 0.993955
669800000 5461.22 131.081 12001 0.993385
669900000 5461.22 131.499 12000.1 0.993312
670000000 5461.22 122.988 12019.2 0.993984
670100000 5461.24 128.387 12007.1 0.99357
670200000 5461.22 130.337 12002.7 0.993402
670300000 5461.24 128.669 12006.5 0.993518
670400000 5461.22 125.205 12014.2 0.993812
670500000 5461.22 128.404 12007 0.993467
670600000 5461.22 127.953 12008.1 0.993604
670700000 5461.22 124.519 12015.8 0.993862
670800000 5461.21 126.03 12012.4 0.993753
670900000 5461.24 127.508 12009.1 0.993583
671000000 5461.22 130.146 12003.1 0.993428
671100000 5461.22 126.49 12011.4 0.993768
671200000 5461.23 125.106 12014.5 0.993792
671300000 5461.23 127.232 12009.7 0.993618
671400000 5461.24 124.898 12015 0.993824
671500000 5461.23 125.984 12012.5 0.993748
671600000 5461.22 127.873 12008.2 0.993587
671700000 5461.21 128.063 12007.8 0.993629
671800000 5461.22 122.302 12020.8 0.994029
671900000 5461.21 128.926 12005.8 0.993571
672000000 5461.23 130.091 12003.3 0.993385
672100000 5461.22 123.523 12018 0.993938
672200000 5461.23 122.849 12019.6 0.993944
672300000 5461.22 128.743 12006.3 0.993548
672400000 5461.22 123.926 12017.1 0.993864
672500000 5461.24 129.263 12005.1 0.993448
672600000 5461.22 134.239 11993.9 0.993136
672700000 5461.23 125.399 12013.8 0.993805
672800000 5461.23 131.361 12000.4 0.99452
672900000 5461.22 124.116 12016.7 0.993867
673000000 5461.24 119.587 12026.9 0.994154
673100000 5461.23 125.091 12014.5 0.993766
673200000 5461.22 127.331 12009.5 0.993659
673300000 5461.23 124.92 12014.9 0.993808
673400000 5461.21 131.437 12000.2 0.993307
673500000 5461.22 124.866 12015 0.993797
673600000 5461.23 125.97 12012.5 0.993747
673700000 5461.22 126.655 12011 0.993722
673800000 5461.23 130.567 12002.2 0.993429
673900000 5461.22 125.306 12014 0.993816
674000000 5461.22 127.673 12008.7 0.993602
674100000 5461.22 122.09 12021.3 0.994058
674200000 5461.22 125.42 12013.8 0.993775
674300000 5461.24 126.155 12012.1 0.993712
674400000 5461.21 123.596 12017.9 0.993949
674500000 5461.22 125.951 12012.6 0.993719
674600000 5461.22 127.539 12009 0.993616
674700000 5461.22 126.498 12011.3 0.993639
674800000 5461.23 127.015 12010.2 0.993644
674900000 5461.22 124.938 12014.8 0.993834
675000000 5461.21 134.5 11993.3 0.993094
675100000 5461.23 123.395 12018.3 0.99391
675200000 5461.23 129.554 12004.5 0.993422
675300000 5461.22 126.913 12010.4 0.993735
675400000 5461.23 122.353 12020.7 0.993949
675500000 5461.23 122.39 12020.6 0.994005
675600000 5461.23 124.587 12015.6 0.993862
675700000 5461.23 125.97 12012.5 0.99373
675800000 5461.21 131.317 12000.5 0.993405
675900000 5461.23 128.641 12006.5 0.99354
676000000 5461.23 126.288 12011.8 0.993683
676100000 5461.22 124.461 12015.9 0.993822
676200000 5461.23 128.026 12007.9 0.99357
676300000 5461.22 125.966 12012.5 0.993773
676400000 5461.23 125.662 12013.2 0.993783
676500000 5461.22 124.445 12016 0.99387
676600000 5461.22 127.501 12009.1 0.993682
676700000 5461.23 125.777 12013 0.993735
676800000 5461.22 125.466 12013.7 0.993784
676900000 5461.23 124.87 12015 0.993734
677000000 5461.21 128.418 12007 0.9936
677100000 5461.23 127.972 12008 0.993516
677200000 5461.24 124.579 12015.7 0.993855
677300000 5461.22 126.418 12011.5 0.993711
677400000 5461.23 128.224 12007.5 0.9936
677500000 5461.23 135.01 11992.2 0.993042
677600000 5461.21 132.268 11998.3 0.993269
677700000 5461.22 126.885 12010.5 0.993694
677800000 5461.22 128.867 12006 0.993568
677900000 5461.22 134.021 11994.4 0.993073
678000000 5461.23 121.318 12023 0.994073
678100000 5461.23 123.905 12017.2 0.993902
678200000 5461.21 127.803 12008.4 0.993594
678300000 5461.22 124.832 12015.1 0.993815
678400000 5461.24 126.221 12012 0.993686
678500000 5461.21 126.91 12010.4 0.993681
678600000 5461.23 122.596 12020.1 0.993994
678700000 5461.22 124.279 12016.3 0.993864
678800000 5461.22 126.859 12010.5 0.993681
678900000 5461.24 126.887 12010.5 0.99365
679000000 5461.23 126.699 12010.9 0.99368
679100000 5461.22 128.812 12006.1 0.993512
679200000 5461.22 128.346 12007.2 0.993578
679300000 5461.22 129.173 12005.3 0.993542
679400000 5461.22 125.595 12013.4 0.993758
679500000 5461.24 124.838 12015.1 0.993756
679600000 5461.23 128.245 12007.4 0.993535
679700000 5461.21 127.865 12008.2 0.993575
679800000 5461.22 126.023 12012.4 0.993741
679900000 5461.23 124.455 12016 0.993812
680000000 5461.23 123.541 12018 0.993938
680100000 5461.22 126.879 12010.5 0.99371
680200000 5461.22 129.514 12004.5 0.993459
680300000 5461.24 122.047 12021.4 0.993991
680400000 5461.23 123.644 12017.8 0.993915
680500000 5461.22 124.879 12015 0.993841
680600000 5461.24 126.098 12012.3 0.993694
680700000 5461.23 126.68 12010.9 0.993692
680800000 5461.23 126.203 12012 0.993726
680900000 5461.22 125.454 12013.7 0.99379
681000000 5461.23 125.991 12012.5 0.993713
681100000 5461.21 126.68 12010.9 0.99374
681200000 5461.22 124.071 12016.8 0.993882
681300000 5461.22 125.878 12012.7 0.99375
681400000 5461.24 123.843 12017.4 0.993845
681500000 5461.23 124.132 12016.7 0.993826
681600000 5461.23 127.528 12009 0.993615
681700000 5461.23 123.398 12018.3 0.993928
681800000 5461.23 125.78 12013 0.993809
681900000 5461.21 128.766 12006.2 0.993569
682000000 5461.23 126.977 12010.3 0.993654
682100000 5461.22 123.712 12017.6 0.993924
682200000 5461.22 125.168 12014.3 0.993769
682300000 5461.22 127.16 12009.8 0.993651
682400000 5461.23 121.605 12022.4 0.994047
682500000 5461.23 126.186 12012 0.993694
682600000 5461.23 124.14 12016.7 0.993826
682700000 5461.23 127.546 12009 0.993637
682800000 5461.22 130.712 12001.8 0.993348
682900000 5461.22 126.221 12012 0.993777
683000000 5461.23 123.315 12018.5 0.993942
683100000 5461.21 129.551 12004.4 0.993453
683200000 5461.21 125.07 12014.5 0.993864
683300000 5461.21 126.649 12011 0.993716
683400000 5461.22 127.612 12008.8 0.993654
683500000 5461.22 122.798 12019.7 0.993999
683600000 5461.22 127.297 12009.5 0.993635
683700000 5461.22 135.306 11991.5 0.993029
683800000 5461.22 127.142 12009.9 0.993656
683900000 5461.23 128.849 12006.1 0.99353
684000000 5461.23 123.437 12018.2 0.99393
684100000 5461.22 129.446 12004.7 0.993544
684200000 5461.23 124.759 12015.3 0.993832
684300000 5461.22 125.703 12013.1 0.993758
684400000 5461.2 135.647 11990.7 0.993027
684500000 5461.21 127.854 12008.3 0.993662
684600000 5461.23 126.199 12012 0.99369
684700000 5461.22 128.183 12007.5 0.993562
684800000 5461.22 125.399 12013.8 0.993795
684900000 5461.23 127.287 12009.6 0.993594
685000000 5461.23 123.249 12018.7 0.993932
685100000 5461.22 125.351 12013.9 0.993827
685200000 5461.23 127.65 12008.8 0.993628
685300000 5461.22 131.097 12001 0.993417
685400000 5461.23 125.269 12014.1 0.993826
685500000 5461.21 126.44 12011.4 0.993724
685600000 5461.23 123.132 12018.9 0.993953
685700000 5461.23 124.681 12015.4 0.993838
685800000 5461.21 125.879 12012.7 0.993758
685900000 5461.22 123.52 12018 0.993937
686000000 5461.23 125.732 12013.1 0.993727
686100000 5461.22 127.888 12008.2 0.993618
686200000 5461.22 126.454 12011.4 0.99369
686300000 5461.24 123.778 12017.5 0.993876
686400000 5461.23 124.251 12016.4 0.993843
686500000 5461.24 123.505 12018.1 0.993868
686600000 5461.22 127.308 12009.5 0.993559
686700000 5461.23 127.714 12008.6 0.993589
686800000 5461.22 126.346 12011.7 0.993671
686900000 5461.23 122.278 12020.8 0.994002
687000000 5461.22 125.09 12014.5 0.993807
687100000 5461.23 124.877 12015 0.993814
687200000 5461.24 126.144 12012.2 0.993702
687300000 5461.22 123.607 12017.9 0.993923
687400000 5461.22 126.081 12012.3 0.993783
687500000 5461.22 128.319 12007.2 0.993573
687600000 5461.21 125.617 12013.3 0.993743
687700000 5461.23 124.465 12015.9 0.993859
687800000 5461.23 129.754 12004 0.99339
687900000 5461.22 125.471 12013.6 0.993809
688000000 5461.22 128.366 12007.1 0.99359
688100000 5461.21 129.804 12003.9 0.993471
688200000 5461.23 124.402 12016.1 0.993886
688300000 5461.23 126.786 12010.7 0.993652
688400000 5461.23 125.255 12014.2 0.993815
688500000 5461.23 125.833 12012.8 0.993775
688600000 5461.23 123.904 12017.2 0.993858
688700000 5461.23 125.83 12012.9 0.99371
688800000 5461.22 125.644 12013.3 0.993763
688900000 5461.23 126.125 12012.2 0.993712
689000000 5461.23 126.488 12011.4 0.993684
689100000 5461.23 125.527 12013.6 0.993723
689200000 5461.23 125.235 12014.2 0.993778
689300000 5461.21 127.894 12008.2 0.99365
689400000 5461.22 129.886 12003.7 0.993482
689500000 5461.23 125.028 12014.7 0.99381
689600000 5461.22 126.85 12010.5 0.993611
689700000 5461.23 128.891 12006 0.99351
689800000 5461.21 132.196 11998.5 0.99333
689900000 5461.23 120.488 12024.9 0.994105
690000000 5461.21 125.359 12013.9 0.993833
690100000 5461.23 128.317 12007.3 0.993619
690200000 5461.22 123.472 12018.2 0.993935
690300000 5461.23 123.921 12017.2 0.993872
690400000 5461.23 126.192 12012 0.993687
690500000 5461.23 127.332 12009.5 0.99364
690600000 5461.22 127.444 12009.2 0.993636
690700000 5461.22 127.506 12009.1 0.993586
690800000 5461.23 125.407 12013.8 0.993765
690900000 5461.22 122.671 12020 0.993938
691000000 5461.23 125.871 12012.8 0.993697
691100000 5461.23 125.73 12013.1 0.993753
691200000 5461.21 126.185 12012 0.993714
691300000 5461.23 130.978 12001.3 0.993297
691400000 5461.23 124.595 12015.6 0.99388
691500000 5461.24 129.412 12004.8 0.993459
691600000 5461.22 125.644 12013.3 0.993776
691700000 5461.21 127.524 12009 0.993639
691800000 5461.23 125.024 12014.7 0.993777
691900000 5461.22 130.788 12001.7 0.993341
692000000 5461.23 123.45 12018.2 0.993947
692100000 5461.23 123.494 12018.1 0.993942
692200000 5461.23 124.535 12015.8 0.993858
692300000 5461.23 123.095 12019 0.993896
692400000 5461.22 127.182 12009.8 0.993624
692500000 5461.22 126.475 12011.4 0.99369
692600000 5461.23 130.36 12002.7 0.993366
692700000 5461.23 129.144 12005.4 0.995717
692800000 5461.21 127.765 12008.5 0.993675
692900000 5461.22 128.614 12006.6 0.993591
693000000 5461.22 126.385 12011.6 0.99368
693100000 5461.23 127.632 12008.8 0.993569
693200000 5461.22 128.934 12005.8 0.99355
693300000 5461.21 129.689 12004.1 0.993503
693400000 5461.2 130.685 12001.9 0.993443
693500000 5461.23 125.219 12014.2 0.993792
693600000 5461.22 127.447 12009.2 0.993695
693700000 5461.22 124.667 12015.5 0.993796
693800000 5461.22 125.712 12013.1 0.993716
693900000 5461.22 123.387 12018.3 0.99395
694000000 5461.21 128.816 12006.1 0.993591
694100000 5461.23 125.215 12014.2 0.993815
694200000 5461.23 122.296 12020.8 0.993998
694300000 5461.23 123.239 12018.7 0.993948
694400000 5461.21 129.002 12005.7 0.993582
694500000 5461.22 127.687 12008.7 0.993603
694600000 5461.21 125.775 12012.9 0.993739
694700000 5461.22 130.454 12002.4 0.993417
694800000 5461.21 125.679 12013.2 0.993791
694900000 5461.23 124.249 12016.4 0.993864
695000000 5461.21 126.153 12012.1 0.993776
695100000 5461.22 125.207 12014.2 0.993829
695200000 5461.23 128.567 12006.7 0.993446
695300000 5461.23 126.788 12010.7 0.993655
695400000 5461.24 123.761 12017.5 0.993899
695500000 5461.22 131.575 11999.9 0.9933
695600000 5461.23 124.92 12014.9 0.993828
695700000 5461.23 122.409 12020.6 0.994009
695800000 5461.22 131.141 12000.9 0.993392
695900000 5461.23 127.452 12009.2 0.993566
696000000 5461.23 129.912 12003.7 0.993431
696100000 5461.21 130.171 12003 0.993478
696200000 5461.22 124.066 12016.8 0.993894
696300000 5461.23 123.661 12017.7 0.993942
696400000 5461.23 123.451 12018.2 0.993901
696500000 5461.22 126.305 12011.8 0.993645
696600000 5461.23 122.865 12019.5 0.993949
696700000 5461.22 123.314 12018.5 0.993918
696800000 5461.22 127.238 12009.7 0.99369
696900000 5461.22 127.084 12010 0.993696
697000000 5461.22 128.798 12006.2 0.993523
697100000 5461.23 123.253 12018.7 0.993886
697200000 5461.22 129.129 12005.4 0.993552
697300000 5461.23 127.891 12008.2 0.993586
697400000 5461.23 126.844 12010.6 0.993634
697500000 5461.22 128.915 12005.9 0.993519
697600000 5461.24 125.561 12013.5 0.993756
697700000 5461.21 126.612 12011.1 0.993713
697800000 5461.23 123.245 12018.7 0.993953
697900000 5461.21 124.674 12015.4 0.99385
698000000 5461.21 129.103 12005.5 0.993799
698100000 5461.21 133.521 11995.5 0.993196
698200000 5461.22 128.915 12005.9 0.993549
698300000 5461.21 127.924 12008.1 0.993599
698400000 5461.23 127.377 12009.4 0.99359
698500000 5461.23 124.767 12015.2 0.993794
698600000 5461.23 124.995 12014.7 0.993811
698700000 5461.22 131.396 12000.3 0.993269
698800000 5461.24 124.627 12015.6 0.993834
698900000 5461.22 124.358 12016.2 0.993875
699000000 5461.22 130.745 12001.8 0.993387
699100000 5461.21 126.42 12011.5 0.993714
699200000 5461.22 126.703 12010.9 0.993677
699300000 5461.24 126.028 12012.4 0.993714
699400000 5461.22 126.358 12011.7 0.993665
699500000 5461.23 125.597 12013.4 0.993722
699600000 5461.22 129.609 12004.3 0.993516
699700000 5461.21 125.175 12014.3 0.993859
699800000 5461.23 123.744 12017.6 0.993933
699900000 5461.22 126.887 12010.5 0.993709
700000000 5461.23 123.87 12017.3 0.99387
700100000 5461.22 126.34 12011.7 0.993781
700200000 5461.22 126.889 12010.5 0.993704
700300000 5461.22 128.237 12007.4 0.993652
700400000 5461.23 127.023 12010.2 0.993639
700500000 5461.23 122.397 12020.6 0.99403
700600000 5461.22 123.307 12018.5 0.993969
700700000 5461.23 127.155 12009.9 0.993614
700800000 5461.23 122.217 12021 0.993992
700900000 5461.23 126.512 12011.3 0.993688
701000000 5461.21 133.45 11995.7 0.993164
701100000 5461.23 130.893 12001.5 0.993324
701200000 5461.22 125.735 12013.1 0.993729
701300000 5461.23 126.722 12010.8 0.993661
701400000 5461.23 126.216 12012 0.993699
701500000 5461.21 126.483 12011.4 0.993661
701600000 5461.23 126.517 12011.3 0.993714
701700000 5461.23 123.361 12018.4 0.993922
701800000 5461.23 126.958 12010.3 0.993614
701900000 5461.23 127.654 12008.7 0.993595
702000000 5461.23 123.802 12017.4 0.993913
702100000 5461.23 124.621 12015.6 0.993872
702200000 5461.23 128.346 12007.2 0.993561
702300000 5461.22 133.07 11996.5 0.993184
702400000 5461.23 129.023 12005.7 0.993457
702500000 5461.23 129.627 12004.3 0.993424
702600000 5461.23 121.296 12023.1 0.99408
702700000 5461.23 124.731 12015.3 0.993849
702800000 5461.23 125.646 12013.3 0.993724
702900000 5461.22 123.833 12017.3 0.993899
703000000 5461.22 128.331 12007.2 0.993547
703100000 5461.21 128.424 12007 0.993598
703200000 5461.22 125.713 12013.1 0.993743
703300000 5461.24 123.16 12018.9 0.993924
703400000 5461.21 126.253 12011.9 0.993796
703500000 5461.23 127.16 12009.9 0.993651
703600000 5461.23 123.989 12017 0.993832
703700000 5461.23 122.76 12019.8 0.993913
703800000 5461.22 128.477 12006.9 0.993629
703900000 5461.24 127.45 12009.2 0.993578
704000000 5461.22 127.204 12009.7 0.993646
704100000 5461.22 129.21 12005.2 0.993581
704200000 5461.23 122.845 12019.6 0.99396
704300000 5461.22 126.483 12011.4 0.993711
704400000 5461.23 129.159 12005.4 0.993478
704500000 5461.21 127.026 12010.1 0.993702
704600000 5461.23 125.18 12014.3 0.993791
704700000 5461.23 124.468 12015.9 0.993843
704800000 5461.23 123.99 12017 0.993834
704900000 5461.23 124.981 12014.8 0.993853
705000000 5461.21 128.782 12006.2 0.993571
705100000 5461.22 123.285 12018.6 0.993941
705200000 5461.23 125.27 12014.1 0.993785
705300000 5461.22 128.139 12007.6 0.993635
705400000 5461.23 125.877 12012.8 0.993727
705500000 5461.23 125.215 12014.2 0.993748
705600000 5461.22 129.842 12003.8 0.993536
705700000 5461.22 128.253 12007.4 0.993581
705800000 5461.22 125.84 12012.8 0.993745
705900000 5461.21 126.663 12010.9 0.993736
706000000 5461.22 126.664 12011 0.993682
706100000 5461.23 123.663 12017.7 0.993901
706200000 5461.23 125.292 12014.1 0.993776
706300000 5461.22 125.185 12014.3 0.993807
706400000 5461.23 131.327 12000.5 0.993235
706500000 5461.23 122.053 12021.4 0.994033
706600000 5461.23 121.157 12023.4 0.99412
706700000 5461.22 128.353 12007.2 0.993562
706800000 5461.22 125.848 12012.8 0.993716
706900000 5461.23 127.161 12009.9 0.993666
707000000 5461.23 123.12 12019 0.993904
707100000 5461.22 125.166 12014.3 0.993795
707200000 5461.22 130.58 12002.2 0.993439
707300000 5461.23 128.018 12007.9 0.993612
707400000 5461.23 123.801 12017.4 0.993933
707500000 5461.21 130.997 12001.2 0.993416
707600000 5461.22 122.382 12020.6 0.993986
707700000 5461.23 126.347 12011.7 0.99371
707800000 5461.23 127.493 12009.1 0.993597
707900000 5461.21 131.276 12000.6 0.993333
708000000 5461.22 125.736 12013.1 0.993721
708100000 5461.2 125.835 12012.8 0.993773
708200000 5461.23 125.692 12013.2 0.993736
708300000 5461.22 126.718 12010.8 0.993717
708400000 5461.22 126.408 12011.5 0.993746
708500000 5461.22 125.619 12013.3 0.99376
708600000 5461.23 130.728 12001.8 0.993368
708700000 5461.24 123.357 12018.4 0.993897
708800000 5461.21 126.58 12011.1 0.993758
708900000 5461.23 121.234 12023.2 0.994071
709000000 5461.22 130.209 12003 0.993396
709100000 5461.24 124.273 12016.4 0.99382
709200000 5461.22 128.324 12007.2 0.993591
709300000 5461.22 130.984 12001.2 0.993383
709400000 5461.2 130.781 12001.7 0.993466
709500000 5461.23 123.875 12017.3 0.993924
709600000 5461.22 130.389 12002.6 0.994958
709700000 5461.23 122.727 12019.8 0.993996
709800000 5461.23 125.533 12013.5 0.993779
709900000 5461.22 130.307 12002.8 0.993401
710000000 5461.21 134.952 11992.3 0.993162
710100000 5461.22 126.304 12011.8 0.993701
710200000 5461.23 132.313 11998.3 0.99321
710300000 5461.23 127.288 12009.6 0.993678
710400000 5461.23 126.913 12010.4 0.993685
710500000 5461.22 125.216 12014.2 0.993829
710600000 5461.22 127.559 12008.9 0.993679
710700000 5461.22 126.189 12012 0.993718
710800000 5461.23 124.122 12016.7 0.993868
710900000 5461.22 125.011 12014.7 0.993799
711000000 5461.22 126.846 12010.6 0.993696
711100000 5461.23 127.179 12009.8 0.993632
711200000 5461.23 127.658 12008.7 0.993637
711300000 5461.22 128.248 12007.4 0.9936
711400000 5461.2 137.438 11986.7 0.994549
711500000 5461.2 128.082 12007.7 0.993614
711600000 5461.23 126.553 12011.2 0.993681
711700000 5461.21 129.252 12005.1 0.993533
711800000 5461.23 128.841 12006.1 0.99352
711900000 5461.22 126.375 12011.6 0.993716
712000000 5461.23 123.546 12018 0.993912
712100000 5461.2 130.081 12003.2 0.99349
712200000 5461.23 127.412 12009.3 0.993623
712300000 5461.24 122.548 12020.3 0.993965
712400000 5461.23 126.246 12011.9 0.993707
712500000 5461.23 126.34 12011.7 0.993706
712600000 5461.22 126.303 12011.8 0.993737
712700000 5461.22 128.505 12006.8 0.99361
712800000 5461.2 132.542 11997.7 0.993278
712900000 5461.21 130.4 12002.5 0.993414
713000000 5461.22 128.878 12006 0.993597
713100000 5461.21 128.95 12005.8 0.993523
713200000 5461.23 127.338 12009.5 0.993616
713300000 5461.24 123.531 12018.1 0.993908
713400000 5461.23 126.35 12011.7 0.993711
713500000 5461.22 124.693 12015.4 0.993812
713600000 5461.22 126.305 12011.8 0.993744
713700000 5461.22 127.021 12010.2 0.993704
713800000 5461.23 122.103 12021.2 0.994038
713900000 5461.23 124.303 12016.3 0.993853
714000000 5461.22 133.306 11996 0.993117
714100000 5461.23 125.354 12013.9 0.993828
714200000 5461.23 124.459 12015.9 0.993843
714300000 5461.22 124.769 12015.2 0.993852
714400000 5461.21 126.281 12011.8 0.993724
714500000 5461.22 132.289 11998.3 0.99324
714600000 5461.23 125.764 12013 0.993743
714700000 5461.22 127.402 12009.3 0.993619
714800000 5461.24 124.952 12014.9 0.993786
714900000 5461.23 126.574 12011.2 0.993673
715000000 5461.22 123.572 12017.9 0.993915
715100000 5461.23 124.398 12016.1 0.993855
715200000 5461.23 129.997 12003.5 0.993412
715300000 5461.23 128.172 12007.6 0.993567
715400000 5461.23 127.55 12009 0.993638
715500000 5461.22 129.127 12005.4 0.993499
715600000 5461.22 129.386 12004.8 0.993488
715700000 5461.23 128.912 12005.9 0.993552
715800000 5461.23 123.942 12017.1 0.993909
715900000 5461.23 124.464 12015.9 0.993833
716000000 5461.21 126.618 12011.1 0.993682
716100000 5461.22 122.456 12020.4 0.994002
716200000 5461.22 124.424 12016 0.993869
716300000 5461.22 125.623 12013.3 0.993792
716400000 5461.24 126.07 12012.3 0.993749
716500000 5461.23 121.787 12022 0.994032
716600000 5461.23 122.435 12020.5 0.993985
716700000 5461.23 125.136 12014.4 0.993767
716800000 5461.21 125.958 12012.5 0.993816
716900000 5461.24 120.834 12024.1 0.994084
717000000 5461.23 123.802 12017.4 0.993909
717100000 5461.24 119.911 12026.2 0.994159
717200000 5461.21 126.686 12010.9 0.993739
717300000 5461.23 127.097 12010 0.993671
717400000 5461.23 126.472 12011.4 0.993707
717500000 5461.22 123.608 12017.8 0.99391
717600000 5461.21 130.278 12002.8 0.993411
717700000 5461.24 126.908 12010.5 0.993625
717800000 5461.23 125.395 12013.8 0.993812
717900000 5461.23 124.796 12015.2 0.993854
718000000 5461.22 128.105 12007.7 0.993544
718100000 5461.24 119.889 12026.3 0.994154
718200000 5461.24 126.899 12010.5 0.99364
718300000 5461.23 126.18 12012.1 0.993724
718400000 5461.23 125.308 12014 0.993777
718500000 5461.23 123.377 12018.4 0.993928
718600000 5461.22 124.14 12016.6 0.993884
718700000 5461.22 129.556 12004.5 0.993477
718800000 5461.24 123.423 12018.3 0.99392
718900000 5461.22 127.107 12010 0.993659
719000000 5461.22 125.685 12013.2 0.993819
719100000 5461.24 123.43 12018.3 0.993946
719200000 5461.22 126.128 12012.2 0.993736
719300000 5461.22 128.643 12006.5 0.993514
719400000 5461.22 128.447 12006.9 0.993557
719500000 5461.21 127.334 12009.4 0.993668
719600000 5461.22 126.89 12010.5 0.993767
719700000 5461.21 125.251 12014.1 0.993816
719800000 5461.22 126.945 12010.3 0.993683
719900000 5461.22 127.69 12008.7 0.993607
720000000 5461.22 127.686 12008.7 0.993625
720100000 5461.23 124.417 12016 0.993831
720200000 5461.22 125.033 12014.6 0.993787
720300000 5461.22 130.194 12003 0.993382
720400000 5461.23 124.714 12015.4 0.993815
720500000 5461.22 129.4 12004.8 0.993541
720600000 5461.22 124.56 12015.7 0.99383
720700000 5461.23 127.213 12009.7 0.993621
720800000 5461.22 126.445 12011.4 0.993736
720900000 5461.22 123.716 12017.6 0.993916
721000000 5461.23 122.207 12021 0.993997
721100000 5461.23 126.196 12012 0.993715
721200000 5461.22 124.229 12016.5 0.993866
721300000 5461.24 123.903 12017.2 0.993866
721400000 5461.23 123.123 12019 0.993924
721500000 5461.23 127.976 12008 0.993561
721600000 5461.22 131.774 11999.5 0.993328
721700000 5461.21 127.116 12009.9 0.993702
721800000 5461.22 126.356 12011.7 0.993744
721900000 5461.23 124.29 12016.3 0.993842
722000000 5461.22 126.582 12011.2 0.993655
722100000 5461.24 121.452 12022.7 0.994042
722200000 5461.23 125.127 12014.5 0.993795
722300000 5461.21 126.53 12011.2 0.99376
722400000 5461.23 128.528 12006.8 0.993534
722500000 5461.22 128.222 12007.4 0.993621
722600000 5461.23 125.002 12014.7 0.993782
722700000 5461.22 129.765 12004 0.993425
722800000 5461.23 124.08 12016.8 0.99384
722900000 5461.22 125.387 12013.8 0.993819
723000000 5461.22 125.222 12014.2 0.993865
723100000 5461.22 128.162 12007.6 0.993548
723200000 5461.22 125.757 12013 0.993784
723300000 5461.22 125.249 12014.2 0.993776
723400000 5461.23 121.858 12021.8 0.99406
723500000 5461.22 134.655 11993 0.993118
723600000 5461.23 126.395 12011.6 0.993763
723700000 5461.22 127.943 12008.1 0.993594
723800000 5461.23 129.67 12004.2 0.993456
723900000 5461.23 127.625 12008.8 0.993614
724000000 5461.23 125.333 12014 0.993756
724100000 5461.23 124.075 12016.8 0.993903
724200000 5461.22 126.83 12010.6 0.993674
724300000 5461.23 130.727 12001.8 0.993373
724400000 5461.22 127.6 12008.8 0.993655
724500000 5461.22 128.047 12007.9 0.993602
724600000 5461.21 129.666 12004.2 0.993458
724700000 5461.21 132.328 11998.2 0.99327
724800000 5461.21 129.233 12005.2 0.993543
724900000 5461.23 127.913 12008.2 0.993572
725000000 5461.21 132.954 11996.8 0.993144
725100000 5461.24 126.245 12011.9 0.993724
725200000 5461.24 122.492 12020.4 0.993988
725300000 5461.22 128.587 12006.6 0.993591
725400000 5461.22 127.081 12010 0.993631
725500000 5461.24 129.879 12003.8 0.993401
725600000 5461.23 124.572 12015.7 0.993804
725700000 5461.23 124.754 12015.3 0.993814
725800000 5461.23 125.441 12013.7 0.993747
725900000 5461.23 126.513 12011.3 0.993695
726000000 5461.23 124.665 12015.5 0.993814
726100000 5461.22 122.992 12019.2 0.993943
726200000 5461.22 130.762 12001.7 0.993295
726300000 5461.23 126.186 12012.1 0.993758
726400000 5461.23 123.561 12018 0.993958
726500000 5461.22 123.993 12017 0.9939
726600000 5461.22 130.001 12003.5 0.99345
726700000 5461.22 121.127 12023.4 0.994107
726800000 5461.23 121.803 12021.9 0.994047
726900000 5461.23 132.001 11999 0.99326
727000000 5461.21 124.661 12015.5 0.993816
727100000 5461.22 126.885 12010.5 0.993724
727200000 5461.23 124.475 12015.9 0.99381
727300000 5461.24 121.409 12022.8 0.994085
727400000 5461.21 127.588 12008.9 0.993654
727500000 5461.23 124.042 12016.9 0.993881
727600000 5461.21 129.793 12003.9 0.993473
727700000 5461.23 123.144 12018.9 0.993931
727800000 5461.24 125.131 12014.5 0.993821
727900000 5461.23 123.17 12018.8 0.993928
728000000 5461.22 126.898 12010.4 0.993689
728100000 5461.24 126.564 12011.2 0.993646
728200000 5461.23 122.985 12019.3 0.993942
728300000 5461.23 125.543 12013.5 0.993739
728400000 5461.24 126.465 12011.4 0.99367
728500000 5461.23 126.151 12012.1 0.99376
728600000 5461.24 121.848 12021.8 0.994043
728700000 5461.23 127.519 12009 0.993599
728800000 5461.22 127.772 12008.5 0.993566
728900000 5461.23 126.213 12012 0.993715
729000000 5461.23 124.591 12015.6 0.99384
729100000 5461.23 125.216 12014.2 0.993785
729200000 5461.22 124.607 12015.6 0.993846
729300000 5461.23 127.204 12009.8 0.993592
729400000 5461.2 132.208 11998.4 0.993343
729500000 5461.22 127.135 12009.9 0.99371
729600000 5461.24 120.786 12024.2 0.994097
729700000 5461.23 127.756 12008.5 0.993569
729800000 5461.22 123.216 12018.7 0.994003
729900000 5461.22 127.781 12008.4 0.993617
730000000 5461.24 121.806 12021.9 0.994014
730100000 5461.23 124.307 12016.3 0.993916
730200000 5461.23 123.686 12017.7 0.993884
730300000 5461.21 128.979 12005.7 0.993545
730400000 5461.23 123.167 12018.8 0.993923
730500000 5461.23 124.72 12015.4 0.99382
730600000 5461.23 126.399 12011.6 0.99368
730700000 5461.24 128.524 12006.8 0.993479
730800000 5461.21 132.632 11997.5 0.993224
730900000 5461.23 122.194 12021.1 0.994006
731000000 5461.23 125.459 12013.7 0.993781
731100000 5461.23 121.325 12023 0.994063
731200000 5461.22 125.04 12014.6 0.99381
731300000 5461.21 128.034 12007.9 0.993598
731400000 5461.22 127.518 12009 0.993632
731500000 5461.23 124.656 12015.5 0.993853
731600000 5461.22 125.645 12013.3 0.993762
731700000 5461.22 121.516 12022.6 0.99404
731800000 5461.22 126.326 12011.7 0.993751
731900000 5461.24 124.759 12015.3 0.993804
732000000 5461.24 122.458 12020.5 0.994054
732100000 5461.22 128.988 12005.7 0.9935
732200000 5461.23 123.876 12017.3 0.993876
732300000 5461.23 127.792 12008.4 0.993567
732400000 5461.22 129.315 12005 0.993486
732500000 5461.24 124.023 12016.9 0.993858
732600000 5461.23 121.013 12023.7 0.994065
732700000 5461.24 125.195 12014.3 0.993779
732800000 5461.23 126.544 12011.2 0.993726
732900000 5461.22 130.187 12003 0.993414
733000000 5461.22 130.689 12001.9 0.993398
733100000 5461.24 124.172 12016.6 0.993858
733200000 5461.22 126.745 12010.8 0.993649
733300000 5461.22 131.281 12000.6 0.993335
733400000 5461.23 122.732 12019.8 0.994002
733500000 5461.22 126.852 12010.5 0.993681
733600000 5461.24 122.605 12020.1 0.99397
733700000 5461.22 127.136 12009.9 0.993642
733800000 5461.24 127.39 12009.4 0.993588
733900000 5461.22 127.45 12009.2 0.993582
734000000 5461.24 125.928 12012.7 0.993706
734100000 5461.21 130.437 12002.4 0.993424
734200000 5461.23 125.83 12012.9 0.993762
734300000 5461.23 126.328 12011.7 0.993676
734400000 5461.23 126.502 12011.3 0.993653
734500000 5461.24 122.751 12019.8 0.993977
734600000 5461.23 128.024 12007.9 0.99356
734700000 5461.23 128.192 12007.5 0.993559
734800000 5461.23 125.214 12014.2 0.993807
734900000 5461.22 125.569 12013.4 0.993783
735000000 5461.22 128.696 12006.4 0.993531
735100000 5461.23 123.637 12017.8 0.99397
735200000 5461.23 127.832 12008.4 0.993553
735300000 5461.22 124.965 12014.8 0.993828
735400000 5461.22 130.574 12002.2 0.993379
735500000 5461.22 128.362 12007.1 0.99355
735600000 5461.22 130.078 12003.3 0.993422
735700000 5461.21 129.757 12004 0.993504
735800000 5461.22 124.236 12016.4 0.993832
735900000 5461.23 125.384 12013.9 0.993789
736000000 5461.21 127.445 12009.2 0.993671
736100000 5461.24 125.702 12013.2 0.99377
736200000 5461.21 129.657 12004.2 0.993501
736300000 5461.24 125.685 12013.2 0.993719
736400000 5461.22 124.834 12015.1 0.993827
736500000 5461.23 124.532 12015.8 0.993854
736600000 5461.22 132.018 11998.9 0.99334
736700000 5461.21 129.607 12004.3 0.993471
736800000 5461.24 132.247 11998.4 0.993158
736900000 5461.22 126.343 12011.7 0.993722
737000000 5461.21 126.749 12010.8 0.993735
737100000 5461.22 127.824 12008.3 0.993583
737200000 5461.23 122.825 12019.6 0.993979
737300000 5461.22 127.115 12009.9 0.99367
737400000 5461.22 127.016 12010.2 0.993644
737500000 5461.22 123.159 12018.8 0.993929
737600000 5461.23 128.867 12006 0.993456
737700000 5461.22 125.214 12014.2 0.993768
737800000 5461.22 132.551 11997.7 0.993223
737900000 5461.22 126.576 12011.2 0.993683
738000000 5461.22 127.107 12010 0.993635
738100000 5461.22 125.818 12012.9 0.993773
738200000 5461.22 126.641 12011 0.993716
738300000 5461.23 129.641 12004.3 0.993459
738400000 5461.22 127.14 12009.9 0.99367
738500000 5461.22 129.349 12004.9 0.993526
738600000 5461.22 123.071 12019.1 0.993919
738700000 5461.22 137.271 11987.1 0.992796
738800000 5461.21 128.23 12007.4 0.993587
738900000 5461.23 127.496 12009.1 0.99385
739000000 5461.22 123.558 12018 0.99395
739100000 5461.22 124.015 12016.9 0.993897
739200000 5461.22 123.953 12017.1 0.9939
739300000 5461.22 128.884 12006 0.993525
739400000 5461.22 125.242 12014.2 0.993751
739500000 5461.21 130.171 12003 0.993449
739600000 5461.22 127.961 12008 0.993575
739700000 5461.22 128.978 12005.8 0.99357
739800000 5461.22 130.714 12001.9 0.993392
739900000 5461.24 129.575 12004.4 0.993485
740000000 5461.24 123.7 12017.7 0.993885
740100000 5461.21 131.953 11999 0.993312
740200000 5461.23 127.243 12009.7 0.993674
740300000 5461.22 126.425 12011.5 0.993703
740400000 5461.23 124.935 12014.9 0.993862
740500000 5461.22 124.089 12016.8 0.993919
740600000 5461.23 129.148 12005.4 0.993512
740700000 5461.22 128.905 12005.9 0.994087
740800000 5461.23 125.24 12014.2 0.993757
740900000 5461.23 127.319 12009.5 0.99361
741000000 5461.22 130.607 12002.1 0.99342
741100000 5461.21 128.63 12006.5 0.993623
741200000 5461.22 126.043 12012.4 0.993742
741300000 5461.22 123.665 12017.7 0.993942
741400000 5461.22 127.694 12008.6 0.993651
741500000 5461.21 126.677 12010.9 0.993683
741600000 5461.23 126.834 12010.6 0.993676
741700000 5461.23 126.675 12011 0.993701
741800000 5461.22 124.948 12014.8 0.993801
741900000 5461.22 121.643 12022.3 0.99403
742000000 5461.22 131.466 12000.2 0.993373
742100000 5461.23 126.436 12011.5 0.993663
742200000 5461.21 129.548 12004.5 0.993502
742300000 5461.22 125.413 12013.8 0.993803
742400000 5461.23 127.179 12009.8 0.993647
742500000 5461.23 125.962 12012.6 0.993733
742600000 5461.22 128.939 12005.8 0.99347
742700000 5461.21 128.421 12007 0.993605
742800000 5461.22 132.03 11998.9 0.993248
742900000 5461.22 125.351 12013.9 0.99424
743000000 5461.22 129.021 12005.7 0.993534
743100000 5461.24 123.392 12018.4 0.993879
743200000 5461.22 130.488 12002.4 0.993394
743300000 5461.23 132.437 11998 0.99325
743400000 5461.23 126.901 12010.5 0.993661
743500000 5461.23 130.399 12002.6 0.993345
743600000 5461.24 127.746 12008.6 0.993548
743700000 5461.23 125.927 12012.6 0.993763
743800000 5461.22 128.322 12007.2 0.99358
743900000 5461.22 125.534 12013.5 0.993758
744000000 5461.24 128.669 12006.5 0.993562
744100000 5461.24 127.308 12009.5 0.993567
744200000 5461.21 129.128 12005.4 0.993558
744300000 5461.22 128.803 12006.1 0.993603
744400000 5461.23 130.484 12002.4 0.993406
744500000 5461.23 127.006 12010.2 0.993647
744600000 5461.2 130.499 12002.3 0.993442
744700000 5461.22 126.631 12011 0.99372
744800000 5461.23 127.256 12009.6 0.99365
744900000 5461.22 136.555 11988.7 0.992889
745000000 5461.24 120.951 12023.9 0.994036
745100000 5461.22 126.948 12010.3 0.993638
745200000 5461.22 126.135 12012.2 0.993764
745300000 5461.23 123.687 12017.7 0.993919
745400000 5461.22 128.136 12007.7 0.993611
745500000 5461.23 123.658 12017.8 0.993893
745600000 5461.22 128.068 12007.8 0.993568
745700000 5461.22 130.694 12001.9 0.99332
745800000 5461.22 124.826 12015.1 0.993921
745900000 5461.23 123.227 12018.7 0.994124
746000000 5461.23 125.535 12013.5 0.993779
746100000 5461.23 123.144 12018.9 0.99395
746200000 5461.23 126.933 12010.4 0.993686
746300000 5461.22 124.794 12015.2 0.993846
746400000 5461.21 132.465 11997.9 0.993298
746500000 5461.22 130.039 12003.4 0.993414
746600000 5461.23 130.131 12003.2 0.993408
746700000 5461.22 127.396 12009.3 0.993633
746800000 5461.21 128.695 12006.4 0.993593
746900000 5461.23 128.221 12007.5 0.993577
747000000 5461.23 133.973 11994.5 0.993125
747100000 5461.23 121.331 12023 0.9941
747200000 5461.22 123.337 12018.5 0.993947
747300000 5461.24 123.179 12018.8 0.993911
747400000 5461.22 127.867 12008.3 0.993557
747500000 5461.23 124.03 12016.9 0.993876
747600000 5461.22 125.719 12013.1 0.993753
747700000 5461.22 126.814 12010.6 0.993691
747800000 5461.22 127.948 12008.1 0.9936
747900000 5461.23 122.54 12020.3 0.993972
748000000 5461.22 131.985 11999 0.993313
748100000 5461.22 132.597 11997.6 0.993181
748200000 5461.21 126.085 12012.2 0.993779
748300000 5461.24 124.386 12016.1 0.993817
748400000 5461.23 126.381 12011.6 0.993654
748500000 5461.22 127.607 12008.8 0.993625
748600000 5461.22 125.981 12012.5 0.993745
748700000 5461.22 123.38 12018.4 0.993903
748800000 5461.22 132.214 11998.5 0.993266
748900000 5461.23 124.729 12015.3 0.993826
749000000 5461.21 131.084 12001 0.993453
749100000 5461.22 127.422 12009.3 0.993671
749200000 5461.22 124.108 12016.7 0.993859
749300000 5461.22 127.463 12009.2 0.993669
749400000 5461.23 125.348 12013.9 0.993771
749500000 5461.21 125.917 12012.6 0.993767
749600000 5461.23 123.974 12017 0.993874
749700000 5461.22 127.338 12009.4 0.993671
749800000 5461.23 128.725 12006.3 0.993518
749900000 5461.24 126.194 12012.1 0.993706
750000000 5461.22 126.032 12012.4 0.993773
750100000 5461.22 125.038 12014.6 0.993807
750200000 5461.23 128.73 12006.3 0.993489
750300000 5461.24 126.778 12010.7 0.993624
750400000 5461.22 125.543 12013.5 0.993797
750500000 5461.23 122.825 12019.6 0.993954
750600000 5461.21 128.782 12006.2 0.993571
750700000 5461.23 124.599 12015.6 0.993809
750800000 5461.23 121.637 12022.3 0.994233
750900000 5461.24 126.509 12011.4 0.993965
751000000 5461.22 126.57 12011.2 0.993716
751100000 5461.22 124.999 12014.7 0.993826
751200000 5461.24 120.011 12026 0.994176
751300000 5461.23 124.962 12014.8 0.993815
751400000 5461.22 123.124 12018.9 0.994
751500000 5461.24 123.212 12018.8 0.993904
751600000 5461.23 127.838 12008.3 0.993578
751700000 5461.21 126.861 12010.5 0.993692
751800000 5461.22 123.427 12018.3 0.99396
751900000 5461.21 128.09 12007.7 0.993591
752000000 5461.23 124.752 12015.3 0.993842
752100000 5461.23 125.135 12014.4 0.993828
752200000 5461.22 124.906 12014.9 0.993831
752300000 5461.24 126.925 12010.4 0.99365
752400000 5461.24 124.338 12016.2 0.993824
752500000 5461.21 129.348 12004.9 0.993502
752600000 5461.22 130.556 12002.2 0.993367
752700000 5461.22 134.06 11994.3 0.993039
752800000 5461.23 124.843 12015.1 0.993861
752900000 5461.23 130.849 12001.6 0.993409
753000000 5461.21 132.103 11998.7 0.993293
753100000 5461.22 123.6 12017.9 0.993913
753200000 5461.21 125.52 12013.5 0.993813
753300000 5461.22 123.557 12018 0.99394
753400000 5461.23 121.854 12021.8 0.994041
753500000 5461.21 130.05 12003.3 0.993413
753600000 5461.22 123.202 12018.8 0.993998
753700000 5461.22 126.77 12010.7 0.993686
753800000 5461.23 126.985 12010.2 0.99362
753900000 5461.23 128.889 12006 0.993525
754000000 5461.22 128.982 12005.7 0.993493
754100000 5461.21 132.639 11997.5 0.993297
754200000 5461.23 123.121 12019 0.993955
754300000 5461.23 126.083 12012.3 0.993703
754400000 5461.22 127.683 12008.7 0.993574
754500000 5461.23 124.043 12016.9 0.993868
754600000 5461.23 123.272 12018.6 0.993978
754700000 5461.22 127.906 12008.2 0.993588
754800000 5461.23 128.92 12005.9 0.993513
754900000 5461.22 126.453 12011.4 0.993722
755000000 5461.24 122.803 12019.7 0.99397
755100000 5461.21 123.209 12018.7 0.993945
755200000 5461.24 122.798 12019.7 0.993984
755300000 5461.22 125.045 12014.6 0.993826
755400000 5461.22 124.136 12016.7 0.993915
755500000 5461.24 124.956 12014.9 0.993785
755600000 5461.22 126.528 12011.3 0.993691
755700000 5461.24 128.466 12006.9 0.993541
755800000 5461.23 125.252 12014.2 0.993803
755900000 5461.23 123.85 12017.3 0.993885
756000000 5461.23 129.285 12005.1 0.993488
756100000 5461.23 124.241 12016.4 0.993861
756200000 5461.22 125.396 12013.8 0.993773
756300000 5461.23 128.052 12007.9 0.993552
756400000 5461.21 128.258 12007.4 0.993585
756500000 5461.22 128.609 12006.6 0.993513
756600000 5461.22 124.732 12015.3 0.993823
756700000 5461.23 128.682 12006.4 0.993658
756800000 5461.22 128.819 12006.1 0.993535
756900000 5461.22 127.315 12009.5 0.993672
757000000 5461.22 128.026 12007.9 0.993592
757100000 5461.21 127.944 12008.1 0.993595
757200000 5461.24 124.224 12016.5 0.993823
757300000 5461.22 128.221 12007.4 0.99359
757400000 5461.23 123.609 12017.9 0.993887
757500000 5461.22 127.833 12008.3 0.993629
757600000 5461.22 126.903 12010.4 0.993693
757700000 5461.21 124.583 12015.6 0.993866
757800000 5461.23 128.738 12006.3 0.993504
757900000 5461.22 124.424 12016 0.993905
758000000 5461.24 124.9 12015 0.993758
758100000 5461.21 124.924 12014.9 0.993828
758200000 5461.23 125.34 12014 0.993768
758300000 5461.23 125.344 12014 0.993803
758400000 5461.24 124.293 12016.3 0.993831
758500000 5461.24 120.8 12024.2 0.994066
758600000 5461.22 128.855 12006 0.993564
758700000 5461.21 126.621 12011 0.993683
758800000 5461.23 123.19 12018.8 0.994573
758900000 5461.22 126.528 12011.3 0.993688
759000000 5461.23 124.262 12016.4 0.99387
759100000 5461.21 127.792 12008.4 0.993634
759200000 5461.22 130.089 12003.3 0.99343
759300000 5461.23 128.684 12006.4 0.993506
759400000 5461.22 130.534 12002.3 0.993327
759500000 5461.22 122.446 12020.4 0.99402
759600000 5461.23 124.655 12015.5 0.993876
759700000 5461.23 126.354 12011.7 0.993782
759800000 5461.23 123.024 12019.2 0.993931
759900000 5461.23 125.489 12013.6 0.993815
760000000 5461.23 122.237 12020.9 0.994002
760100000 5461.23 130.179 12003.1 0.9934
760200000 5461.21 128.78 12006.2 0.993603
760300000 5461.22 126.669 12010.9 0.993738
760400000 5461.22 127.413 12009.3 0.993628
760500000 5461.22 127.877 12008.2 0.993583
760600000 5461.22 125.423 12013.8 0.99377
760700000 5461.23 122.24 12020.9 0.994012
760800000 5461.22 126.714 12010.8 0.993711
760900000 5461.23 126.49 12011.4 0.993673
761000000 5461.23 130.086 12003.3 0.997302
761100000 5461.21 129.204 12005.2 0.993518
761200000 5461.22 129.54 12004.5 0.993503
761300000 5461.21 131.769 11999.4 0.993393
761400000 5461.23 125.046 12014.6 0.993822
761500000 5461.24 122.791 12019.7 0.993959
761600000 5461.22 126.075 12012.3 0.993714
761700000 5461.21 126.981 12010.2 0.993706
761800000 5461.23 122.638 12020 0.993991
761900000 5461.24 124.999 12014.8 0.993806
762000000 5461.24 123.22 12018.8 0.99387
762100000 5461.23 126.256 12011.9 0.99367
762200000 5461.22 131.369 12000.4 0.99332
762300000 5461.21 129.53 12004.5 0.993539
762400000 5461.22 128.653 12006.5 0.993525
762500000 5461.23 126.7 12010.9 0.993659
762600000 5461.24 124.019 12017 0.993904
762700000 5461.23 126.967 12010.3 0.993608
762800000 5461.23 125.205 12014.3 0.993781
762900000 5461.23 130.892 12001.5 0.993325
763000000 5461.22 129.059 12005.6 0.993476
763100000 5461.21 126.371 12011.6 0.993784
763200000 5461.22 128.142 12007.6 0.993626
763300000 5461.23 127.019 12010.2 0.993625
763400000 5461.23 128.817 12006.1 0.993469
763500000 5461.21 126.95 12010.3 0.993708
763600000 5461.21 128.586 12006.6 0.993567
763700000 5461.22 125.438 12013.7 0.993757
763800000 5461.23 121.594 12022.4 0.994058
763900000 5461.23 128.99 12005.7 0.99355
764000000 5461.22 125.015 12014.7 0.993815
764100000 5461.23 121.538 12022.5 0.994019
764200000 5461.22 129.964 12003.5 0.993426
764300000 5461.21 128.741 12006.3 0.993548
764400000 5461.22 126.885 12010.5 0.993607
764500000 5461.23 130.866 12001.5 0.993316
764600000 5461.22 126.99 12010.2 0.993694
764700000 5461.22 133.08 11996.5 0.993188
764800000 5461.21 130.336 12002.7 0.993444
764900000 5461.23 124.164 12016.6 0.993805
765000000 5461.23 127.013 12010.2 0.993639
765100000 5461.21 131.314 12000.5 0.994446
765200000 5461.22 128.05 12007.8 0.993612
765300000 5461.24 122.083 12021.3 0.994012
765400000 5461.22 127.747 12008.5 0.993575
765500000 5461.23 125.759 12013 0.99374
765600000 5461.22 133.098 11996.5 0.993192
765700000 5461.24 124.921 12014.9 0.993801
765800000 5461.2 129.21 12005.2 0.993495
765900000 5461.22 125.313 12014 0.99384
766000000 5461.23 124.86 12015.1 0.993774
766100000 5461.23 124.483 12015.9 0.993855
766200000 5461.23 124.339 12016.2 0.993837
766300000 5461.22 124.445 12016 0.993857
766400000 5461.24 120.97 12023.8 0.994063
766500000 5461.21 126.496 12011.3 0.993698
766600000 5461.22 122.85 12019.6 0.994003
766700000 5461.22 130.981 12001.2 0.993356
766800000 5461.22 126.972 12010.3 0.993699
766900000 5461.22 129.843 12003.8 0.993423
767000000 5461.23 120.249 12025.4 0.994117
767100000 5461.22 126.76 12010.7 0.993701
767200000 5461.22 125.635 12013.3 0.993794
767300000 5461.23 130.074 12003.3 0.993441
767400000 5461.24 125.646 12013.3 0.993771
767500000 5461.22 125.052 12014.6 0.993794
767600000 5461.23 125.724 12013.1 0.993714
767700000 5461.23 129.293 12005.1 0.993524
767800000 5461.21 126.125 12012.1 0.993786
767900000 5461.23 120.759 12024.3 0.994073
768000000 5461.22 129.195 12005.3 0.993487
768100000 5461.23 122.739 12019.8 0.993959
768200000 5461.22 127.209 12009.7 0.993669
768300000 5461.23 125.231 12014.2 0.993779
768400000 5461.23 127.704 12008.6 0.993615
768500000 5461.23 122.112 12021.2 0.994008
768600000 5461.22 124.101 12016.7 0.993858
768700000 5461.23 124.273 12016.4 0.99385
768800000 5461.23 124.809 12015.2 0.993822
768900000 5461.22 127.615 12008.8 0.993678
769000000 5461.22 123.155 12018.9 0.993929
769100000 5461.23 125.494 12013.6 0.993794
769200000 5461.23 123.035 12019.2 0.993961
769300000 5461.24 124.404 12016.1 0.993789
769400000 5461.22 123.612 12017.8 0.993887
769500000 5461.23 124.965 12014.8 0.993811
769600000 5461.23 120.194 12025.6 0.994143
769700000 5461.23 128.254 12007.4 0.993592
769800000 5461.21 133.611 11995.3 0.993189
769900000 5461.23 122.427 12020.5 0.993996
770000000 5461.24 123.252 12018.7 0.993908
770100000 5461.23 123.977 12017 0.99388
770200000 5461.23 126.287 12011.8 0.99367
770300000 5461.22 132.804 11997.1 0.99326
770400000 5461.23 123.694 12017.7 0.993913
770500000 5461.23 124.042 12016.9 0.993855
770600000 5461.23 127.244 12009.7 0.993666
770700000 5461.24 124.719 12015.4 0.993797
770800000 5461.24 123.612 12017.9 0.993889
770900000 5461.23 124.827 12015.1 0.993812
771000000 5461.23 122.408 12020.6 0.993979
771100000 5461.23 126.583 12011.2 0.993664
771200000 5461.23 125.108 12014.5 0.993798
771300000 5461.22 126.37 12011.6 0.993697
771400000 5461.23 125.443 12013.7 0.993748
771500000 5461.23 123.337 12018.5 0.993895
771600000 5461.22 122.298 12020.8 0.994029
771700000 5461.22 125.547 12013.5 0.993729
771800000 5461.22 129.275 12005.1 0.993666
771900000 5461.23 122.968 12019.3 0.993915
772000000 5461.23 127.816 12008.4 0.993586
772100000 5461.23 123.518 12018.1 0.993915
772200000 5461.23 123.955 12017.1 0.993902
772300000 5461.22 126.547 12011.2 0.993669
772400000 5461.22 124.34 12016.2 0.993847
772500000 5461.22 131.028 12001.1 0.993367
772600000 5461.24 123.869 12017.3 0.993881
772700000 5461.23 123.416 12018.3 0.993905
772800000 5461.23 127.241 12009.7 0.993648
772900000 5461.23 126.762 12010.8 0.993683
773000000 5461.22 124.842 12015.1 0.993796
773100000 5461.22 122.651 12020 0.993986
773200000 5461.24 125.32 12014 0.993756
773300000 5461.23 124.292 12016.3 0.993851
773400000 5461.24 126.775 12010.7 0.993549
773500000 5461.22 126.922 12010.4 0.993633
773600000 5461.23 124.356 12016.2 0.993905
773700000 5461.22 129.98 12003.5 0.993462
773800000 5461.23 120.907 12023.9 0.994074
773900000 5461.23 125.261 12014.1 0.993795
774000000 5461.24 127.85 12008.3 0.993555
774100000 5461.23 120.947 12023.9 0.994073
774200000 5461.22 123.87 12017.3 0.993895
774300000 5461.22 127.513 12009 0.993671
774400000 5461.23 123.257 12018.7 0.99391
774500000 5461.22 123.683 12017.7 0.993906
774600000 5461.22 123.679 12017.7 0.993905
774700000 5461.24 125.228 12014.2 0.993796
774800000 5461.23 127.059 12010.1 0.993614
774900000 5461.22 128.408 12007 0.993563
775000000 5461.22 124.543 12015.7 0.993859
775100000 5461.22 128.253 12007.4 0.993568
775200000 5461.23 124.863 12015 0.993797
775300000 5461.21 126.011 12012.4 0.993765
775400000 5461.23 127.951 12008.1 0.993634
775500000 5461.22 127.926 12008.1 0.993666
775600000 5461.23 125.241 12014.2 0.993773
775700000 5461.23 126.263 12011.9 0.993705
775800000 5461.22 131.417 12000.2 0.993311
775900000 5461.21 127.358 12009.4 0.993656
776000000 5461.22 123.391 12018.3 0.993924
776100000 5461.22 125.273 12014.1 0.993777
776200000 5461.22 125.359 12013.9 0.993739
776300000 5461.22 125.644 12013.3 0.993757
776400000 5461.22 126.429 12011.5 0.993749
776500000 5461.22 126.634 12011 0.99368
776600000 5461.22 122.665 12020 0.99399
776700000 5461.23 124.244 12016.4 0.993854
776800000 5461.22 126.015 12012.4 0.993756
776900000 5461.23 124.719 12015.4 0.993843
777000000 5461.24 122.335 12020.8 0.993972
777100000 5461.22 127.389 12009.3 0.993615
777200000 5461.23 126.768 12010.7 0.993672
777300000 5461.24 124.223 12016.5 0.993854
777400000 5461.21 124.785 12015.2 0.993902
777500000 5461.22 128.795 12006.2 0.993548
777600000 5461.23 129.437 12004.7 0.99345
777700000 5461.23 126.453 12011.5 0.99369
777800000 5461.23 123.124 12018.9 0.993941
777900000 5461.23 125.592 12013.4 0.99383
778000000 5461.24 124.067 12016.9 0.993868
778100000 5461.23 130.042 12003.4 0.993457
778200000 5461.22 129.651 12004.2 0.993478
778300000 5461.23 122.134 12021.2 0.994004
778400000 5461.23 126.167 12012.1 0.993715
778500000 5461.22 131.427 12000.2 0.993296
778600000 5461.22 126.195 12012 0.993672
778700000 5461.24 124.502 12015.9 0.993761
778800000 5461.23 125.085 12014.5 0.993792
778900000 5461.23 124.931 12014.9 0.99374
779000000 5461.23 132.133 11998.7 0.993245
779100000 5461.22 125.717 12013.1 0.993785
779200000 5461.23 127.93 12008.1 0.993602
779300000 5461.22 125.922 12012.6 0.993718
779400000 5461.22 128.804 12006.1 0.993515
779500000 5461.23 126.208 12012 0.993739
779600000 5461.23 124.91 12014.9 0.993787
779700000 5461.21 129.101 12005.5 0.993501
779800000 5461.22 128.06 12007.8 0.993597
779900000 5461.23 125.227 12014.2 0.993757
780000000 5461.23 125.829 12012.9 0.993795
780100000 5461.24 126.52 12011.3 0.99368
780200000 5461.2 133.012 11996.6 0.993274
780300000 5461.23 126.869 12010.5 0.99365
780400000 5461.23 126.612 12011.1 0.993662
780500000 5461.23 123.666 12017.7 0.993905
780600000 5461.22 128.483 12006.9 0.993583
780700000 5461.23 122.788 12019.7 0.993946
780800000 5461.21 133.795 11994.9 0.993205
780900000 5461.22 133.087 11996.5 0.993224
781000000 5461.23 127.126 12009.9 0.993906
781100000 5461.22 126.995 12010.2 0.993755
781200000 5461.22 126.9 12010.4 0.993703
781300000 5461.21 134.182 11994 0.993119
781400000 5461.23 119.677 12026.7 0.994172
781500000 5461.22 127.22 12009.7 0.993627
781600000 5461.23 124.668 12015.5 0.993839
781700000 5461.23 128.305 12007.3 0.993593
781800000 5461.22 124.658 12015.5 0.993865
781900000 5461.23 123.742 12017.6 0.993885
782000000 5461.22 123.656 12017.7 0.993881
782100000 5461.23 121.824 12021.9 0.994019
782200000 5461.23 124.447 12016 0.99388
782300000 5461.22 126.857 12010.5 0.993726
782400000 5461.22 126.11 12012.2 0.993762
782500000 5461.23 125.622 12013.3 0.993793
782600000 5461.22 125.863 12012.8 0.993733
782700000 5461.23 124.817 12015.1 0.993829
782800000 5461.23 128.829 12006.1 0.993506
782900000 5461.22 130.56 12002.2 0.99338
783000000 5461.22 127.18 12009.8 0.993688
783100000 5461.24 122.239 12021 0.993977
783200000 5461.22 124.79 12015.2 0.993851
783300000 5461.22 126.462 12011.4 0.993727
783400000 5461.22 126.953 12010.3 0.993706
783500000 5461.24 129.488 12004.6 0.993464
783600000 5461.22 126.648 12011 0.993659
783700000 5461.23 127.905 12008.2 0.993589
783800000 5461.23 126.592 12011.1 0.99368
783900000 5461.22 127.705 12008.6 0.993573
784000000 5461.22 125.377 12013.9 0.99381
784100000 5461.23 127.918 12008.1 0.993585
784200000 5461.23 127.186 12009.8 0.993638
784300000 5461.22 125.829 12012.8 0.993753
784400000 5461.23 130.777 12001.7 0.993337
784500000 5461.22 123.696 12017.6 0.993937
784600000 5461.22 132.757 11997.2 0.993165
784700000 5461.23 127.267 12009.6 0.993619
784800000 5461.23 123.415 12018.3 0.993937
784900000 5461.22 128.458 12006.9 0.993519
785000000 5461.22 129.595 12004.4 0.993485
785100000 5461.23 127.724 12008.6 0.993606
785200000 5461.22 126.184 12012 0.993706
785300000 5461.23 126.411 12011.5 0.994692
785400000 5461.23 123.023 12019.2 0.993981
785500000 5461.21 128.508 12006.8 0.993553
785600000 5461.22 128.663 12006.5 0.993527
785700000 5461.21 128.449 12006.9 0.993623
785800000 5461.21 129.43 12004.7 0.993538
785900000 5461.23 129.557 12004.5 0.993418
786000000 5461.21 129.257 12005.1 0.993535
786100000 5461.24 122.804 12019.7 0.993947
786200000 5461.23 123.349 12018.4 0.993957
786300000 5461.22 124.811 12015.1 0.993841
786400000 5461.21 126.24 12011.9 0.993737
786500000 5461.22 122.756 12019.8 0.994009
786600000 5461.23 123.844 12017.3 0.993886
786700000 5461.23 124.472 12015.9 0.993851
786800000 5461.21 126.285 12011.8 0.993794
786900000 5461.23 126.829 12010.6 0.993677
787000000 5461.22 132.119 11998.7 0.993271
787100000 5461.22 127.932 12008.1 0.993671
787200000 5461.23 126.683 12010.9 0.993693
787300000 5461.23 131.722 11999.6 0.993259
787400000 5461.23 127.237 12009.7 0.993666
787500000 5461.23 125.081 12014.6 0.993778
787600000 5461.23 125.77 12013 0.993723
787700000 5461.22 126.77 12010.7 0.993639
787800000 5461.23 126.902 12010.4 0.993671
787900000 5461.23 126.467 12011.4 0.993685
788000000 5461.21 130.883 12001.4 0.993432
788100000 5461.22 128.519 12006.8 0.993537
788200000 5461.23 126.541 12011.3 0.993673
788300000 5461.22 128.535 12006.8 0.9935
788400000 5461.23 125.535 12013.5 0.993685
788500000 5461.24 123.878 12017.3 0.993923
788600000 5461.22 128.399 12007.1 0.993553
788700000 5461.23 127.188 12009.8 0.993629
788800000 5461.21 133.898 11994.7 0.993185
788900000 5461.23 124.297 12016.3 0.993873
789000000 5461.23 128.665 12006.5 0.993523
789100000 5461.23 130.535 12002.3 0.993341
789200000 5461.22 127.807 12008.4 0.993551
789300000 5461.22 122.978 12019.3 0.994013
789400000 5461.23 128.796 12006.2 0.993564
789500000 5461.24 125.381 12013.9 0.993766
789600000 5461.23 125.337 12014 0.993758
789700000 5461.23 130.451 12002.5 0.993325
789800000 5461.23 124.882 12015 0.993823
789900000 5461.22 127.173 12009.8 0.993659
790000000 5461.22 130.164 12003.1 0.993402
790100000 5461.23 124.665 12015.5 0.993848
790200000 5461.23 126.115 12012.2 0.993713
790300000 5461.23 124.942 12014.9 0.993799
790400000 5461.23 122.801 12019.7 0.993959
790500000 5461.22 131.792 11999.4 0.993298
790600000 5461.22 128.268 12007.3 0.993617
790700000 5461.22 124.792 12015.2 0.993842
790800000 5461.21 130.333 12002.7 0.993454
790900000 5461.23 127.465 12009.2 0.993603
791000000 5461.23 126.896 12010.5 0.99369
791100000 5461.24 120.19 12025.6 0.994134
791200000 5461.21 128.998 12005.7 0.993579
791300000 5461.23 125.606 12013.4 0.993808
791400000 5461.21 131.232 12000.6 0.993318
791500000 5461.2 132.019 11998.9 0.993412
791600000 5461.23 124.462 12015.9 0.993817
791700000 5461.23 126.647 12011 0.99367
791800000 5461.22 127.326 12009.5 0.993672
791900000 5461.24 122.594 12020.2 0.99401
792000000 5461.23 126.89 12010.5 0.993647
792100000 5461.22 125.868 12012.8 0.993709
792200000 5461.2 133.681 11995.1 0.993198
792300000 5461.21 128.683 12006.4 0.99361
792400000 5461.22 126.68 12010.9 0.993719
792500000 5461.21 130.362 12002.6 0.993486
792600000 5461.23 126.573 12011.2 0.993623
792700000 5461.21 131.656 11999.7 0.993274
792800000 5461.23 124.001 12017 0.99387
792900000 5461.24 124.296 12016.3 0.993856
793000000 5461.21 128.424 12007 0.993578
793100000 5461.23 125.394 12013.8 0.993752
793200000 5461.24 120.799 12024.2 0.994097
793300000 5461.23 125.489 12013.6 0.993763
793400000 5461.22 123.557 12018 0.993909
793500000 5461.23 123.15 12018.9 0.993959
793600000 5461.23 126.652 12011 0.993595
793700000 5461.22 127.549 12009 0.993643
793800000 5461.22 125.232 12014.2 0.993814
793900000 5461.22 132.33 11998.2 0.993275
794000000 5461.23 122.375 12020.6 0.993987
794100000 5461.23 120.67 12024.5 0.994118
794200000 5461.23 127.105 12010 0.99364
794300000 5461.22 123.447 12018.2 0.993921
794400000 5461.21 132.574 11997.6 0.993252
794500000 5461.22 125.346 12013.9 0.993831
794600000 5461.23 122.804 12019.7 0.993951
794700000 5461.22 130.413 12002.5 0.993362
794800000 5461.22 127.087 12010 0.993696
794900000 5461.23 121.782 12022 0.994027
795000000 5461.22 124.736 12015.3 0.993854
795100000 5461.22 121.725 12022.1 0.994002
795200000 5461.22 125.472 12013.6 0.993814
795300000 5461.23 125.244 12014.2 0.993805
795400000 5461.22 125.426 12013.7 0.99381
795500000 5461.23 124.572 12015.7 0.993848
795600000 5461.22 123.851 12017.3 0.993918
795700000 5461.23 123.388 12018.3 0.993928
795800000 5461.23 123.456 12018.2 0.993926
795900000 5461.22 130.066 12003.3 0.993483
796000000 5461.22 133.446 11995.7 0.99315
796100000 5461.24 126.339 12011.7 0.993684
796200000 5461.22 124.689 12015.4 0.993887
796300000 5461.22 123.762 12017.5 0.993908
796400000 5461.23 123.054 12019.1 0.99396
796500000 5461.22 126.399 12011.6 0.993733
796600000 5461.22 128.853 12006 0.993525
796700000 5461.23 121.612 12022.3 0.994053
796800000 5461.24 123.861 12017.3 0.993902
796900000 5461.22 127.661 12008.7 0.993649
797000000 5461.22 129.498 12004.6 0.993534
797100000 5461.23 122.878 12019.5 0.993935
797200000 5461.23 123.466 12018.2 0.993925
797300000 5461.21 127.848 12008.3 0.993699
797400000 5461.23 129.598 12004.4 0.993413
797500000 5461.23 127.073 12010.1 0.993646
797600000 5461.22 131.211 12000.7 0.993351
797700000 5461.21 124.295 12016.3 0.993871
797800000 5461.23 129.409 12004.8 0.993485
797900000 5461.23 126.403 12011.6 0.993639
798000000 5461.23 129.39 12004.9 0.993408
798100000 5461.22 128.809 12006.1 0.993542
798200000 5461.22 125.387 12013.8 0.993788
798300000 5461.2 127.925 12008.1 0.993638
798400000 5461.23 123.278 12018.6 0.993903
798500000 5461.24 126.997 12010.3 0.99362
798600000 5461.22 127.774 12008.5 0.993544
798700000 5461.22 130.195 12003 0.993502
798800000 5461.23 124.363 12016.2 0.993864
798900000 5461.22 126.52 12011.3 0.993716
799000000 5461.24 120.228 12025.5 0.994107
799100000 5461.21 131.403 12000.3 0.99337
799200000 5461.22 125.509 12013.6 0.993773
799300000 5461.23 127.13 12009.9 0.99365
799400000 5461.24 123.255 12018.7 0.993943
799500000 5461.24 123.786 12017.5 0.993888
799600000 5461.23 124.245 12016.4 0.993885
799700000 5461.22 124.189 12016.5 0.993878
799800000 5461.22 130.831 12001.6 0.993355
799900000 5461.24 128.956 12005.8 0.993494
800000000 5461.22 123.457 12018.2 0.993953
800100000 5461.22 126.746 12010.8 0.993668
800200000 5461.23 123.134 12018.9 0.993941
800300000 5461.21 131.26 12000.6 0.99344
800400000 5461.22 128.192 12007.5 0.993594
800500000 5461.22 132.699 11997.4 0.993212
800600000 5461.22 125.324 12014 0.993832
800700000 5461.23 125.632 12013.3 0.993764
800800000 5461.22 128.247 12007.4 0.993568
800900000 5461.23 121.658 12022.3 0.994053
801000000 5461.23 120.616 12024.6 0.994132
801100000 5461.23 123.156 12018.9 0.993927
801200000 5461.22 128.06 12007.8 0.993613
801300000 5461.22 123.74 12017.5 0.993918
801400000 5461.24 124.463 12016 0.993852
801500000 5461.23 124.61 12015.6 0.993865
801600000 5461.24 124.275 12016.4 0.993838
801700000 5461.22 128.074 12007.8 0.993535
801800000 5461.24 124.895 12015 0.993825
801900000 5461.23 127.414 12009.3 0.993606
802000000 5461.24 125.283 12014.1 0.99379
802100000 5461.24 123.609 12017.9 0.993939
802200000 5461.22 128.001 12008 0.993606
802300000 5461.22 128.342 12007.2 0.993526
802400000 5461.23 122.805 12019.7 0.993952
802500000 5461.21 130.151 12003.1 0.993449
802600000 5461.21 125.774 12013 0.99382
802700000 5461.23 128.048 12007.9 0.993563
802800000 5461.23 122.644 12020 0.993982
802900000 5461.22 124.89 12014.9 0.993833
803000000 5461.22 133.822 11994.8 0.993124
803100000 5461.22 129.659 12004.2 0.99343
803200000 5461.24 127.014 12010.2 0.993609
803300000 5461.21 125.247 12014.1 0.993809
803400000 5461.22 124.933 12014.8 0.993818
803500000 5461.22 127.731 12008.6 0.99359
803600000 5461.22 125.783 12012.9 0.993752
803700000 5461.21 128.224 12007.4 0.993644
803800000 5461.23 126.287 12011.8 0.993716
803900000 5461.23 130.204 12003 0.993397
804000000 5461.23 122.917 12019.4 0.993925
804100000 5461.23 125.517 12013.6 0.993756
804200000 5461.21 132.645 11997.5 0.993282
804300000 5461.21 133.398 11995.8 0.993241
804400000 5461.23 123.436 12018.3 0.993949
804500000 5461.23 122.762 12019.8 0.99399
804600000 5461.23 120.53 12024.8 0.994099
804700000 5461.22 127.513 12009.1 0.993686
804800000 5461.22 127.815 12008.4 0.993626
804900000 5461.22 128.082 12007.8 0.993595
805000000 5461.23 125.901 12012.7 0.993695
805100000 5461.22 128.353 12007.2 0.993628
805200000 5461.22 127.168 12009.8 0.993685
805300000 5461.23 127.762 12008.5 0.993556
805400000 5461.23 123.727 12017.6 0.993902
805500000 5461.22 130.643 12002 0.993403
805600000 5461.23 125.241 12014.2 0.993802
805700000 5461.23 124.99 12014.7 0.99451
805800000 5461.23 123.971 12017 0.993899
805900000 5461.21 126.712 12010.8 0.993774
806000000 5461.23 127.698 12008.7 0.993592
806100000 5461.22 126.181 12012.1 0.99373
806200000 5461.24 129.484 12004.7 0.993426
806300000 5461.22 123.705 12017.6 0.993879
806400000 5461.23 122.099 12021.3 0.994018
806500000 5461.22 124.667 12015.5 0.993808
806600000 5461.22 125.288 12014.1 0.993771
806700000 5461.23 123.438 12018.2 0.993912
806800000 5461.26 120.576 12024.8 0.994088
806900000 5461.22 130.649 12002 0.996692
807000000 5461.24 121.909 12021.7 0.99401
807100000 5461.22 124.479 12015.9 0.99388
807200000 5461.23 125.925 12012.6 0.99377
807300000 5461.23 125.372 12013.9 0.993794
807400000 5461.22 130.594 12002.1 0.993411
807500000 5461.23 124.822 12015.1 0.993833
807600000 5461.22 127.249 12009.6 0.993603
807700000 5461.24 121.62 12022.4 0.99403
807800000 5461.2 128.613 12006.5 0.993602
807900000 5461.23 122.485 12020.4 0.993987
808000000 5461.22 125.24 12014.2 0.9938
808100000 5461.24 128.463 12006.9 0.995571
808200000 5461.23 122.706 12019.9 0.99397
808300000 5461.21 128.707 12006.3 0.993561
808400000 5461.21 126.553 12011.2 0.993706
808500000 5461.24 123.951 12017.1 0.993899
808600000 5461.21 133.204 11996.2 0.993297
808700000 5461.22 128.819 12006.1 0.993586
808800000 5461.21 124.434 12016 0.99388
808900000 5461.21 127.728 12008.6 0.993657
809000000 5461.22 124.385 12016.1 0.993825
809100000 5461.23 125.027 12014.7 0.993786
809200000 5461.22 125.322 12014 0.9938
809300000 5461.22 125.801 12012.9 0.993817
809400000 5461.23 125.536 12013.5 0.993773
809500000 5461.22 124.846 12015.1 0.993824
809600000 5461.23 123.537 12018 0.993894
809700000 5461.22 130.625 12002 0.993386
809800000 5461.23 123.293 12018.6 0.993946
809900000 5461.22 124.93 12014.9 0.993784
810000000 5461.21 131.556 11999.9 0.993301
810100000 5461.23 128.789 12006.2 0.993486
810200000 5461.23 124.685 12015.4 0.993803
810300000 5461.21 123.89 12017.2 0.993888
810400000 5461.23 124.232 12016.5 0.993795
810500000 5461.22 133.735 11995 0.994454
810600000 5461.22 124.15 12016.6 0.993874
810700000 5461.22 127.466 12009.2 0.993654
810800000 5461.22 124.027 12016.9 0.993914
810900000 5461.23 123.442 12018.2 0.99395
811000000 5461.23 125.957 12012.6 0.993728
811100000 5461.22 128.148 12007.6 0.993578
811200000 5461.23 127.291 12009.6 0.993632
811300000 5461.22 123.842 12017.3 0.993944
811400000 5461.23 127.27 12009.6 0.993582
811500000 5461.22 123.195 12018.8 0.993954
811600000 5461.22 129.135 12005.4 0.993561
811700000 5461.24 123.984 12017 0.993849
811800000 5461.24 123.19 12018.8 0.993901
811900000 5461.21 126.965 12010.3 0.993722
812000000 5461.23 126.663 12011 0.993677
812100000 5461.23 130.492 12002.4 0.993355
812200000 5461.23 124.328 12016.2 0.993861
812300000 5461.23 127.875 12008.2 0.993628
812400000 5461.22 129.88 12003.7 0.993496
812500000 5461.24 128.925 12005.9 0.993428
812600000 5461.23 126.79 12010.7 0.99369
812700000 5461.23 123.943 12017.1 0.993886
812800000 5461.23 125.513 12013.6 0.993756
812900000 5461.22 129.451 12004.7 0.993502
813000000 5461.22 129.273 12005.1 0.99351
813100000 5461.22 132.877 11997 0.993214
813200000 5461.22 124.543 12015.7 0.993834
813300000 5461.23 123.605 12017.9 0.993909
813400000 5461.23 122.982 12019.3 0.993982
813500000 5461.24 125.392 12013.9 0.993828
813600000 5461.22 124.266 12016.4 0.993907
813700000 5461.22 124.73 12015.3 0.994636
813800000 5461.21 127.617 12008.8 0.993629
813900000 5461.23 124.844 12015.1 0.993807
814000000 5461.22 124.833 12015.1 0.993825
814100000 5461.2 128.307 12007.2 0.993659
814200000 5461.22 126.715 12010.8 0.993702
814300000 5461.23 123.487 12018.1 0.993908
814400000 5461.23 124.64 12015.5 0.993834
814500000 5461.24 119.951 12026.1 0.994114
814600000 5461.23 125.695 12013.2 0.993752
814700000 5461.22 128.158 12007.6 0.99358
814800000 5461.21 130.987 12001.2 0.993372
814900000 5461.22 131.226 12000.7 0.993356
815000000 5461.23 127.432 12009.3 0.993587
815100000 5461.22 124.056 12016.8 0.993915
815200000 5461.22 124.067 12016.8 0.993859
815300000 5461.23 125.503 12013.6 0.993766
815400000 5461.22 125.567 12013.4 0.993795
815500000 5461.22 129.575 12004.4 0.993424
815600000 5461.23 124.588 12015.7 0.99384
815700000 5461.23 124.908 12014.9 0.993819
815800000 5461.22 127.682 12008.7 0.993593
815900000 5461.22 124.781 12015.2 0.993801
816000000 5461.22 127.864 12008.3 0.993605
816100000 5461.22 124.695 12015.4 0.993837
816200000 5461.22 125.071 12014.6 0.99379
816300000 5461.23 122.816 12019.6 0.993954
816400000 5461.23 125.014 12014.7 0.993813
816500000 5461.22 123.191 12018.8 0.993927
816600000 5461.23 126.715 12010.9 0.993651
816700000 5461.22 124.775 12015.2 0.993839
816800000 5461.24 128.201 12007.5 0.993583
816900000 5461.21 128.184 12007.5 0.993586
817000000 5461.22 125.416 12013.8 0.993768
817100000 5461.23 126.688 12010.9 0.993694
817200000 5461.23 125.613 12013.4 0.993771
817300000 5461.23 126.34 12011.7 0.993708
817400000 5461.22 126.681 12010.9 0.993717
817500000 5461.21 130.82 12001.6 0.993387
817600000 5461.22 125.044 12014.6 0.993802
817700000 5461.22 124.653 12015.5 0.993859
817800000 5461.23 125.887 12012.7 0.993718
817900000 5461.24 123.324 12018.5 0.993938
818000000 5461.22 124.452 12015.9 0.993875
818100000 5461.23 123.034 12019.2 0.993933
818200000 5461.22 130.564 12002.2 0.993485
818300000 5461.22 130.689 12001.9 0.993428
818400000 5461.22 122.644 12020 0.993965
818500000 5461.23 125.234 12014.2 0.993794
818600000 5461.22 127.766 12008.5 0.993607
818700000 5461.22 125.431 12013.7 0.993809
818800000 5461.23 126.924 12010.4 0.993641
818900000 5461.23 127.884 12008.2 0.993589
819000000 5461.22 129.728 12004.1 0.993448
819100000 5461.22 125.911 12012.7 0.993718
819200000 5461.22 127.843 12008.3 0.993625
819300000 5461.22 127.803 12008.4 0.9936
819400000 5461.22 123.349 12018.4 0.99396
819500000 5461.23 124.016 12016.9 0.993868
819600000 5461.23 124.574 12015.7 0.994026
819700000 5461.22 128.599 12006.6 0.993528
819800000 5461.22 122.858 12019.5 0.993954
819900000 5461.23 125.834 12012.9 0.993742
820000000 5461.23 125.34 12014 0.993755
820100000 5461.21 128.985 12005.7 0.993543
820200000 5461.23 126.901 12010.5 0.993653
820300000 5461.23 122.912 12019.4 0.993938
820400000 5461.23 122.911 12019.4 0.993967
820500000 5461.22 133.313 11996 0.993228
820600000 5461.23 129.744 12004 0.993452
820700000 5461.22 133.038 11996.6 0.993185
820800000 5461.23 126.771 12010.7 0.99366
820900000 5461.24 126.983 12010.3 0.993645
821000000 5461.23 122.997 12019.2 0.993951
821100000 5461.22 126.35 12011.7 0.993711
821200000 5461.23 124.306 12016.3 0.993827
821300000 5461.22 130.643 12002 0.993421
821400000 5461.22 125.576 12013.4 0.993757
821500000 5461.22 124.705 12015.4 0.993824
821600000 5461.24 123.251 12018.7 0.993854
821700000 5461.22 127.428 12009.2 0.993596
821800000 5461.22 122.697 12019.9 0.993997
821900000 5461.21 129.032 12005.6 0.993556
822000000 5461.24 123.12 12019 0.993925
822100000 5461.22 129.615 12004.3 0.993443
822200000 5461.22 128.998 12005.7 0.993549
822300000 5461.22 126.937 12010.4 0.993648
822400000 5461.22 129.83 12003.8 0.993475
822500000 5461.24 124.177 12016.6 0.99388
822600000 5461.23 126.95 12010.3 0.993648
822700000 5461.23 126.804 12010.7 0.993668
822800000 5461.22 127.614 12008.8 0.993582
822900000 5461.23 126.182 12012.1 0.993736
823000000 5461.22 128.581 12006.6 0.993561
823100000 5461.22 127.327 12009.5 0.993642
823200000 5461.22 128.965 12005.8 0.993505
823300000 5461.23 127.139 12009.9 0.993635
823400000 5461.22 128.291 12007.3 0.993559
823500000 5461.23 123.569 12018 0.993927
823600000 5461.23 124.183 12016.6 0.993841
823700000 5461.23 125.487 12013.6 0.993805
823800000 5461.23 123.868 12017.3 0.993906
823900000 5461.23 127.158 12009.9 0.993802
824000000 5461.21 130.462 12002.4 0.993447
824100000 5461.21 127.935 12008.1 0.993602
824200000 5461.23 126.269 12011.9 0.993705
824300000 5461.24 123.919 12017.2 0.993867
824400000 5461.21 131.414 12000.2 0.993326
824500000 5461.23 125.513 12013.6 0.993783
824600000 5461.22 128.629 12006.5 0.993536
824700000 5461.22 124.433 12016 0.993817
824800000 5461.23 122.053 12021.4 0.99402
824900000 5461.21 129.415 12004.8 0.993513
825000000 5461.21 128.083 12007.7 0.993673
825100000 5461.21 132.94 11996.8 0.993233
825200000 5461.23 127.205 12009.8 0.99366
825300000 5461.23 122.323 12020.8 0.994019
825400000 5461.22 125.897 12012.7 0.993792
825500000 5461.22 123.5 12018.1 0.993933
825600000 5461.21 133.593 11995.3 0.993198
825700000 5461.22 128.455 12006.9 0.993584
825800000 5461.22 127.504 12009.1 0.993636
825900000 5461.23 125.697 12013.2 0.99379
826000000 5461.23 124.17 12016.6 0.993883
826100000 5461.22 128.463 12006.9 0.993593
826200000 5461.23 125.032 12014.7 0.993842
826300000 5461.22 128.938 12005.8 0.993547
826400000 5461.21 132.004 11998.9 0.99332
826500000 5461.23 124.462 12015.9 0.993877
826600000 5461.23 126.882 12010.5 0.993686
826700000 5461.24 121.661 12022.3 0.994012
826800000 5461.23 126.253 12011.9 0.993709
826900000 5461.22 126.524 12011.3 0.993722
827000000 5461.24 124.394 12016.1 0.993812
827100000 5461.23 122.225 12021 0.994002
827200000 5461.23 128.682 12006.4 0.993552
827300000 5461.23 122.516 12020.3 0.99393
827400000 5461.22 124.782 12015.2 0.993843
827500000 5461.22 123.474 12018.1 0.993898
827600000 5461.21 133.422 11995.7 0.993205
827700000 5461.23 125.209 12014.2 0.99375
827800000 5461.23 122.986 12019.3 0.993936
827900000 5461.22 129.531 12004.5 0.993465
828000000 5461.23 131.968 11999 0.99321
828100000 5461.22 128.491 12006.9 0.993552
828200000 5461.23 128.198 12007.5 0.993567
828300000 5461.24 121.836 12021.9 0.994017
828400000 5461.22 126.914 12010.4 0.993646
828500000 5461.22 129.131 12005.4 0.993479
828600000 5461.21 128.883 12005.9 0.993563
828700000 5461.21 127.495 12009.1 0.993608
828800000 5461.23 122.914 12019.4 0.993953
828900000 5461.22 125.606 12013.3 0.993769
829000000 5461.22 133.28 11996.1 0.993224
829100000 5461.23 124.313 12016.3 0.99385
829200000 5461.22 122.529 12020.3 0.993916
829300000 5461.23 122.638 12020.1 0.993979
829400000 5461.21 124.009 12016.9 0.993894
829500000 5461.23 128.391 12007.1 0.993595
829600000 5461.23 122.599 12020.1 0.99398
829700000 5461.24 124.77 12015.3 0.993806
829800000 5461.22 124.199 12016.5 0.993886
829900000 5461.23 128.66 12006.5 0.993494
830000000 5461.23 123.304 12018.5 0.99396
830100000 5461.23 126.082 12012.3 0.99371
830200000 5461.22 129.309 12005 0.99347
830300000 5461.24 124.082 12016.8 0.993891
830400000 5461.23 126.975 12010.3 0.993646
830500000 5461.23 125.3 12014 0.993791
830600000 5461.23 126.239 12011.9 0.993685
830700000 5461.22 126.563 12011.2 0.993729
830800000 5461.22 122.84 12019.6 0.993967
830900000 5461.22 126.264 12011.9 0.993704
831000000 5461.24 127.14 12009.9 0.993629
831100000 5461.21 132.732 11997.3 0.993282
831200000 5461.22 125.717 12013.1 0.993729
831300000 5461.23 124.87 12015 0.993806
831400000 5461.22 140.256 11980.4 0.992506
831500000 5461.22 126.699 12010.9 0.993689
831600000 5461.21 126.085 12012.2 0.993731
831700000 5461.23 126.016 12012.4 0.993734
831800000 5461.22 126.958 12010.3 0.993616
831900000 5461.23 126.072 12012.3 0.993735
832000000 5461.23 128.479 12006.9 0.993554
832100000 5461.22 127.207 12009.7 0.993689
832200000 5461.21 125.16 12014.3 0.993817
832300000 5461.24 125.427 12013.8 0.993756
832400000 5461.22 126.904 12010.4 0.99367
832500000 5461.23 131.004 12001.2 0.993334
832600000 5461.22 127.209 12009.7 0.993684
832700000 5461.24 124.179 12016.6 0.993819
832800000 5461.22 129.537 12004.5 0.993453
832900000 5461.22 126.719 12010.8 0.993666
833000000 5461.23 127.885 12008.2 0.993547
833100000 5461.22 124.825 12015.1 0.993824
833200000 5461.23 124.619 12015.6 0.993822
833300000 5461.21 129.155 12005.3 0.993538
833400000 5461.23 125.712 12013.1 0.993781
833500000 5461.22 129.061 12005.6 0.993516
833600000 5461.23 128.646 12006.5 0.993522
833700000 5461.22 128.92 12005.9 0.993546
833800000 5461.23 127.488 12009.1 0.993664
833900000 5461.22 127.223 12009.7 0.993617
834000000 5461.22 128.256 12007.4 0.993572
834100000 5461.22 126.35 12011.7 0.993739
834200000 5461.24 125.696 12013.2 0.993754
834300000 5461.22 124.294 12016.3 0.993873
834400000 5461.23 124.3 12016.3 0.993852
834500000 5461.23 125.098 12014.5 0.993804
834600000 5461.23 122.875 12019.5 0.993913
834700000 5461.23 123.091 12019 0.9939
834800000 5461.22 135.007 11992.2 0.993047
834900000 5461.22 127.336 12009.4 0.993614
835000000 5461.23 124.565 12015.7 0.993846
835100000 5461.22 125.05 12014.6 0.993824
835200000 5461.22 125.947 12012.6 0.99375
835300000 5461.23 124.285 12016.3 0.993874
835400000 5461.23 125.743 12013.1 0.993857
835500000 5461.23 126.359 12011.7 0.993737
835600000 5461.23 124.48 12015.9 0.993878
835700000 5461.24 121.553 12022.5 0.99404
835800000 5461.24 125.488 12013.7 0.993741
835900000 5461.23 124.368 12016.2 0.993871
836000000 5461.23 127.366 12009.4 0.993612
836100000 5461.22 130.368 12002.6 0.993402
836200000 5461.22 125.617 12013.3 0.993791
836300000 5461.23 122.147 12021.2 0.994012
836400000 5461.22 126.917 12010.4 0.993706
836500000 5461.2 132.239 11998.4 0.993369
836600000 5461.22 124.434 12016 0.993856
836700000 5461.22 126.767 12010.7 0.993689
836800000 5461.23 128.178 12007.6 0.99358
836900000 5461.23 124.173 12016.6 0.993841
837000000 5461.21 132.33 11998.2 0.993309
837100000 5461.23 125.961 12012.6 0.994229
837200000 5461.23 126.734 12010.8 0.993687
837300000 5461.23 126.857 12010.5 0.993741
837400000 5461.23 123.068 12019.1 0.993911
837500000 5461.21 127.298 12009.5 0.993695
837600000 5461.22 131.738 11999.5 0.993312
837700000 5461.22 125.894 12012.7 0.993777
837800000 5461.22 132.191 11998.5 0.993344
837900000 5461.22 124.06 12016.8 0.9939
838000000 5461.22 128.532 12006.8 0.993579
838100000 5461.23 125.701 12013.1 0.993773
838200000 5461.23 122.823 12019.6 0.994115
838300000 5461.21 129.357 12004.9 0.993521
838400000 5461.22 124.834 12015.1 0.993818
838500000 5461.22 125.344 12013.9 0.993791
838600000 5461.21 125.318 12014 0.993826
838700000 5461.21 130.023 12003.4 0.993514
838800000 5461.21 130.088 12003.2 0.993467
838900000 5461.22 125.69 12013.2 0.993792
839000000 5461.23 125.77 12013 0.993763
839100000 5461.24 125.663 12013.2 0.99378
839200000 5461.22 125.382 12013.8 0.993831
839300000 5461.22 130.089 12003.2 0.993427
839400000 5461.22 129.272 12005.1 0.993546
839500000 5461.23 121.626 12022.3 0.99408
839600000 5461.24 122.427 12020.5 0.994005
839700000 5461.22 126.114 12012.2 0.993698
839800000 5461.22 123.719 12017.6 0.993893
839900000 5461.22 124.589 12015.6 0.993839
840000000 5461.22 123.902 12017.2 0.9939
840100000 5461.24 122.973 12019.3 0.993959
840200000 5461.23 125.503 12013.6 0.993746
840300000 5461.23 126.58 12011.2 0.99369
840400000 5461.23 121.311 12023 0.994112
840500000 5461.22 129.52 12004.5 0.993422
840600000 5461.23 124.781 12015.2 0.99386
840700000 5461.23 130.725 12001.8 0.993478
840800000 5461.22 125.956 12012.6 0.993746
840900000 5461.22 129.902 12003.7 0.993475
841000000 5461.22 125.522 12013.5 0.993761
841100000 5461.22 128.26 12007.4 0.993643
841200000 5461.22 125.117 12014.5 0.993825
841300000 5461.22 129.186 12005.3 0.993532
841400000 5461.22 130.246 12002.9 0.993471
841500000 5461.22 124.953 12014.8 0.993825
841600000 5461.21 126.151 12012.1 0.993775
841700000 5461.21 129.194 12005.2 0.993545
841800000 5461.23 123.548 12018 0.993938
841900000 5461.23 128.105 12007.7 0.993581
842000000 5461.22 128.716 12006.3 0.993527
842100000 5461.23 130.481 12002.4 0.994824
842200000 5461.22 123.512 12018.1 0.993929
842300000 5461.22 124.383 12016.1 0.993812
842400000 5461.22 125.886 12012.7 0.993713
842500000 5461.23 123.749 12017.5 0.993879
842600000 5461.23 130.229 12003 0.993341
842700000 5461.24 125.042 12014.6 0.993811
842800000 5461.21 134.824 11992.6 0.993067
842900000 5461.23 123.259 12018.7 0.993928
843000000 5461.24 125.145 12014.4 0.993774
843100000 5461.23 126.225 12012 0.993662
843200000 5461.22 130.008 12003.4 0.993455
843300000 5461.2 133.751 11995 0.993159
843400000 5461.22 124.014 12016.9 0.993895
843500000 5461.23 128.138 12007.7 0.99356
843600000 5461.22 129.463 12004.7 0.99346
843700000 5461.21 126.58 12011.1 0.993723
843800000 5461.23 130.922 12001.4 0.993373
843900000 5461.22 127.996 12008 0.993538
844000000 5461.22 128.423 12007 0.993566
844100000 5461.23 124.387 12016.1 0.993911
844200000 5461.22 128.903 12005.9 0.993594
844300000 5461.24 128.821 12006.1 0.9935
844400000 5461.22 127.179 12009.8 0.995477
844500000 5461.22 124.124 12016.7 0.993905
844600000 5461.22 129.904 12003.7 0.993452
844700000 5461.22 124.087 12016.8 0.9939
844800000 5461.22 127.485 12009.1 0.993665
844900000 5461.22 127.238 12009.7 0.99368
845000000 5461.21 125.812 12012.9 0.993794
845100000 5461.21 129.268 12005.1 0.993514
845200000 5461.22 126.057 12012.3 0.993739
845300000 5461.22 129.939 12003.6 0.993454
845400000 5461.22 128.058 12007.8 0.993625
845500000 5461.23 126.327 12011.7 0.993679
845600000 5461.23 128.597 12006.6 0.993574
845700000 5461.21 127.376 12009.3 0.993676
845800000 5461.22 133.875 11994.7 0.993078
845900000 5461.22 130.46 12002.4 0.993408
846000000 5461.23 133.845 11994.8 0.993043
846100000 5461.22 125.787 12012.9 0.993769
846200000 5461.23 122.94 12019.4 0.993967
846300000 5461.22 125.463 12013.7 0.993799
846400000 5461.21 125.516 12013.5 0.993809
846500000 5461.23 125.914 12012.7 0.993743
846600000 5461.22 126.544 12011.2 0.993666
846700000 5461.22 128.04 12007.9 0.993563
846800000 5461.22 126.547 12011.2 0.993674
846900000 5461.22 123.637 12017.8 0.993942
847000000 5461.23 127.765 12008.5 0.993608
847100000 5461.23 127.213 12009.8 0.993646
847200000 5461.22 127.317 12009.5 0.993642
847300000 5461.22 126.911 12010.4 0.993681
847400000 5461.22 127.565 12008.9 0.993597
847500000 5461.23 122.671 12020 0.993943
847600000 5461.23 126.615 12011.1 0.993702
847700000 5461.22 128.249 12007.4 0.993561
847800000 5461.23 128.376 12007.1 0.993512
847900000 5461.23 122.659 12020 0.99399
848000000 5461.22 127.449 12009.2 0.993626
848100000 5461.23 125.562 12013.5 0.993782
848200000 5461.23 123.886 12017.2 0.993876
848300000 5461.23 126.256 12011.9 0.993675
848400000 5461.22 126.761 12010.7 0.993656
848500000 5461.24 122.581 12020.2 0.993956
848600000 5461.23 122.379 12020.6 0.993989
848700000 5461.22 123.335 12018.4 0.99399
848800000 5461.22 125.798 12012.9 0.993761
848900000 5461.22 128.76 12006.2 0.993568
849000000 5461.22 126.52 12011.3 0.993774
849100000 5461.23 121.998 12021.5 0.993991
849200000 5461.24 123.44 12018.3 0.99384
849300000 5461.22 123.408 12018.3 0.993964
849400000 5461.24 125.195 12014.3 0.99381
849500000 5461.24 123.523 12018.1 0.993914
849600000 5461.22 128.007 12007.9 0.993597
849700000 5461.22 127.612 12008.8 0.993611
849800000 5461.21 125.085 12014.5 0.993802
849900000 5461.23 123.161 12018.9 0.993979
850000000 5461.23 122.037 12021.4 0.994001
850100000 5461.22 128.96 12005.8 0.993522
850200000 5461.23 127.267 12009.6 0.993649
850300000 5461.22 124.539 12015.8 0.993846
850400000 5461.23 125.464 12013.7 0.993808
850500000 5461.24 122.875 12019.5 0.993913
850600000 5461.21 130.995 12001.2 0.993348
850700000 5461.23 131.017 12001.2 0.993351
850800000 5461.22 125.433 12013.7 0.993789
850900000 5461.21 128.948 12005.8 0.99364
851000000 5461.23 125.099 12014.5 0.993797
851100000 5461.22 125.316 12014 0.993793
851200000 5461.22 124.944 12014.8 0.993822
851300000 5461.23 126.268 12011.9 0.99371
851400000 5461.22 126.564 12011.2 0.993727
851500000 5461.21 128.561 12006.7 0.993566
851600000 5461.22 124.192 12016.5 0.993867
851700000 5461.23 122.296 12020.8 0.994011
851800000 5461.21 126.676 12010.9 0.993683
851900000 5461.23 123.186 12018.8 0.993922
852000000 5461.23 128.621 12006.6 0.993564
852100000 5461.22 127.031 12010.1 0.993689
852200000 5461.24 130.942 12001.4 0.993191
852300000 5461.21 128.883 12005.9 0.993572
852400000 5461.24 122.072 12021.3 0.993972
852500000 5461.22 135.811 11990.4 0.992988
852600000 5461.23 125.389 12013.9 0.993737
852700000 5461.23 127.088 12010 0.993617
852800000 5461.21 130.71 12001.8 0.993457
852900000 5461.24 122.708 12019.9 0.99395
853000000 5461.23 120.902 12024 0.994093
853100000 5461.22 126.12 12012.2 0.993765
853200000 5461.22 131.626 11999.8 0.993311
853300000 5461.23 124.884 12015 0.9938
853400000 5461.23 127.467 12009.2 0.993586
853500000 5461.23 126.582 12011.2 0.99371
853600000 5461.23 121.489 12022.6 0.994062
853700000 5461.22 122.191 12021 0.994012
853800000 5461.23 125.688 12013.2 0.993743
853900000 5461.24 120.202 12025.6 0.99415
854000000 5461.21 132.035 11998.9 0.993367
854100000 5461.23 130.112 12003.2 0.993383
854200000 5461.23 125.112 12014.5 0.993806
854300000 5461.23 124.411 12016 0.993834
854400000 5461.23 125.836 12012.9 0.993737
854500000 5461.23 130.863 12001.5 0.993319
854600000 5461.23 120.68 12024.4 0.994133
854700000 5461.23 127.656 12008.8 0.993584
854800000 5461.21 127.171 12009.8 0.993701
854900000 5461.23 125.129 12014.4 0.993826
855000000 5461.23 125.739 12013.1 0.993746
855100000 5461.22 127.912 12008.2 0.993627
855200000 5461.22 130.239 12002.9 0.99346
855300000 5461.23 122.765 12019.8 0.993953
855400000 5461.22 126.37 12011.6 0.993749
855500000 5461.22 121.051 12023.6 0.994117
855600000 5461.23 124.581 12015.7 0.993833
855700000 5461.22 130.315 12002.7 0.993463
855800000 5461.23 123.37 12018.4 0.993932
855900000 5461.24 120.892 12024 0.994442
856000000 5461.22 126.085 12012.3 0.993775
856100000 5461.23 126.658 12011 0.993704
856200000 5461.23 124.497 12015.9 0.993846
856300000 5461.23 124.475 12015.9 0.993784
856400000 5461.23 124.723 12015.4 0.993811
856500000 5461.21 126.114 12012.2 0.993782
856600000 5461.21 130.129 12003.1 0.993452
856700000 5461.23 123.799 12017.4 0.993872
856800000 5461.22 125.42 12013.8 0.993821
856900000 5461.22 126.346 12011.7 0.993742
857000000 5461.22 125.81 12012.9 0.993756
857100000 5461.22 128.116 12007.7 0.993615
857200000 5461.22 125.719 12013.1 0.993757
857300000 5461.23 124.413 12016.1 0.993855
857400000 5461.24 123.53 12018.1 0.993891
857500000 5461.23 124.689 12015.4 0.993811
857600000 5461.24 122.223 12021 0.993976
857700000 5461.23 126.284 12011.8 0.993695
857800000 5461.22 127.17 12009.8 0.993669
857900000 5461.21 132.227 11998.4 0.993304
858000000 5461.23 128.262 12007.4 0.99354
858100000 5461.23 129.222 12005.2 0.993508
858200000 5461.22 124.72 12015.3 0.993837
858300000 5461.23 125.018 12014.7 0.99379
858400000 5461.21 128.925 12005.8 0.993487
858500000 5461.22 124.02 12016.9 0.993915
858600000 5461.22 125.731 12013.1 0.993734
858700000 5461.22 122.776 12019.7 0.993998
858800000 5461.23 123.813 12017.4 0.993931
858900000 5461.22 126.903 12010.4 0.993697
859000000 5461.22 131.077 12001 0.993408
859100000 5461.22 126.538 12011.2 0.993717
859200000 5461.21 125.456 12013.7 0.993795
859300000 5461.23 124.101 12016.7 0.993834
859400000 5461.21 124.854 12015 0.993799
859500000 5461.23 124.555 12015.7 0.993793
859600000 5461.23 124.795 12015.2 0.993777
859700000 5461.21 130.427 12002.5 0.993472
859800000 5461.24 120.341 12025.2 0.994131
859900000 5461.22 127.893 12008.2 0.993642
860000000 5461.22 124.275 12016.3 0.993845
860100000 5461.22 126.238 12011.9 0.993746
860200000 5461.23 126.704 12010.9 0.993666
860300000 5461.23 126.438 12011.5 0.993743
860400000 5461.23 128.094 12007.8 0.993563
860500000 5461.24 122.43 12020.5 0.993995
860600000 5461.21 127.909 12008.1 0.993625
860700000 5461.24 122.803 12019.7 0.993975
860800000 5461.22 124.981 12014.7 0.993849
860900000 5461.22 125.645 12013.2 0.993761
861000000 5461.22 124.905 12014.9 0.993834
861100000 5461.24 120.47 12025 0.99408
861200000 5461.22 128.436 12007 0.993574
861300000 5461.23 121.441 12022.7 0.994066
861400000 5461.23 125.925 12012.6 0.993739
861500000 5461.22 127.658 12008.7 0.993539
861600000 5461.23 120.758 12024.3 0.994102
861700000 5461.24 124.591 12015.7 0.993834
861800000 5461.23 120.846 12024.1 0.99408
861900000 5461.23 123.237 12018.7 0.993916
862000000 5461.22 126.312 12011.8 0.993729
862100000 5461.21 127.47 12009.1 0.993673
862200000 5461.22 130.844 12001.6 0.993348
862300000 5461.22 127.01 12010.2 0.993638
862400000 5461.23 124.319 12016.3 0.993887
862500000 5461.22 125.325 12014 0.993813
862600000 5461.24 126.126 12012.2 0.993682
862700000 5461.24 126.435 12011.5 0.993707
862800000 5461.23 127.971 12008 0.993598
862900000 5461.23 123.781 12017.5 0.993891
863000000 5461.22 124.668 12015.5 0.993804
863100000 5461.23 126.495 12011.4 0.993727
863200000 5461.22 129.413 12004.8 0.993447
863300000 5461.22 126.626 12011 0.993716
863400000 5461.22 126.434 12011.5 0.993731
863500000 5461.23 124.794 12015.2 0.99377
863600000 5461.23 129.476 12004.6 0.993491
863700000 5461.23 128.802 12006.2 0.993563
863800000 5461.21 129.655 12004.2 0.993468
863900000 5461.23 128.007 12008 0.993559
864000000 5461.23 125.892 12012.7 0.993677
864100000 5461.23 124.894 12015 0.993852
864200000 5461.22 125.844 12012.8 0.994797
864300000 5461.22 127.183 12009.8 0.993654
864400000 5461.22 122.954 12019.3 0.993969
864500000 5461.23 128.216 12007.5 0.993525
864600000 5461.24 123.375 12018.4 0.993934
864700000 5461.22 122.851 12019.5 0.993961
864800000 5461.22 130.819 12001.6 0.993426
864900000 5461.22 129.07 12005.5 0.993537
865000000 5461.22 130.731 12001.8 0.993416
865100000 5461.21 129.04 12005.6 0.993536
865200000 5461.23 125.452 12013.7 0.993779
865300000 5461.22 127.957 12008.1 0.993624
865400000 5461.23 125.135 12014.4 0.993791
865500000 5461.22 126.326 12011.7 0.994265
865600000 5461.22 124.898 12014.9 0.993799
865700000 5461.21 130.397 12002.5 0.993586
865800000 5461.23 129.18 12005.3 0.993496
865900000 5461.23 125.968 12012.6 0.993752
866000000 5461.23 126.87 12010.5 0.993646
866100000 5461.23 129.297 12005.1 0.993445
866200000 5461.22 125.406 12013.8 0.993803
866300000 5461.22 128.122 12007.7 0.993554
866400000 5461.22 125.017 12014.7 0.993819
866500000 5461.23 126.652 12011 0.993691
866600000 5461.22 124.743 12015.3 0.99387
866700000 5461.24 122.057 12021.4 0.994029
866800000 5461.21 127.952 12008 0.99364
866900000 5461.23 126.493 12011.4 0.993707
867000000 5461.22 129.093 12005.5 0.99352
867100000 5461.22 125.776 12013 0.993773
867200000 5461.22 125.048 12014.6 0.99384
867300000 5461.23 125.696 12013.2 0.993817
867400000 5461.22 128.349 12007.2 0.993596
867500000 5461.24 120.691 12024.5 0.994107
867600000 5461.23 127.213 12009.7 0.993617
867700000 5461.23 125.307 12014 0.993753
867800000 5461.23 122.806 12019.7 0.993974
867900000 5461.21 130.025 12003.4 0.993446
868000000 5461.21 129.478 12004.6 0.993532
868100000 5461.22 126.982 12010.2 0.993704
868200000 5461.23 122.807 12019.7 0.993981
868300000 5461.21 128.945 12005.8 0.993579
868400000 5461.22 124.715 12015.3 0.99386
868500000 5461.24 122.915 12019.4 0.99396
868600000 5461.23 125.31 12014 0.993791
868700000 5461.22 128.028 12007.9 0.993616
868800000 5461.22 129.754 12004 0.993512
868900000 5461.22 127.825 12008.3 0.993549
869000000 5461.23 127.518 12009.1 0.993613
869100000 5461.22 124.011 12016.9 0.993925
869200000 5461.22 130.259 12002.9 0.993434
869300000 5461.23 125.571 12013.4 0.993744
869400000 5461.22 128.055 12007.8 0.993556
869500000 5461.22 127.955 12008.1 0.993625
869600000 5461.22 123.494 12018.1 0.99392
869700000 5461.23 123.691 12017.7 0.993857
869800000 5461.23 125.438 12013.7 0.993797
869900000 5461.23 120.868 12024 0.994136
870000000 5461.23 126.206 12012 0.993701
870100000 5461.23 125.388 12013.9 0.993806
870200000 5461.22 126.403 12011.6 0.993726
870300000 5461.22 127.073 12010 0.993664
870400000 5461.22 126.138 12012.1 0.993727
870500000 5461.24 125.622 12013.3 0.993741
870600000 5461.2 129.51 12004.5 0.993495
870700000 5461.25 119.526 12027.1 0.994196
870800000 5461.21 128.468 12006.9 0.993614
870900000 5461.23 127.937 12008.1 0.993595
871000000 5461.23 129.646 12004.3 0.993487
871100000 5461.22 125.931 12012.6 0.99377
871200000 5461.23 124.257 12016.4 0.993818
871300000 5461.22 130.404 12002.5 0.993474
871400000 5461.24 120.747 12024.3 0.994083
871500000 5461.22 128.525 12006.8 0.993574
871600000 5461.23 125.511 12013.6 0.993776
871700000 5461.21 127.023 12010.1 0.993697
871800000 5461.23 121.287 12023.1 0.994051
871900000 5461.23 127.311 12009.5 0.993621
872000000 5461.23 124.618 12015.6 0.993808
872100000 5461.22 123.078 12019 0.993929
872200000 5461.24 129.012 12005.7 0.993506
872300000 5461.23 124.54 12015.8 0.993837
872400000 5461.23 126.819 12010.6 0.993645
872500000 5461.23 126.721 12010.9 0.993646
872600000 5461.24 122.894 12019.5 0.993935
872700000 5461.23 125.306 12014 0.993783
872800000 5461.21 130.132 12003.1 0.993457
872900000 5461.21 127.568 12008.9 0.993673
873000000 5461.22 128.426 12007 0.993516
873100000 5461.23 126.477 12011.4 0.993679
873200000 5461.23 129.775 12004 0.993482
873300000 5461.22 128.906 12005.9 0.993495
873400000 5461.23 122.607 12020.1 0.993985
873500000 5461.22 127.901 12008.2 0.993608
873600000 5461.22 127.691 12008.6 0.993655
873700000 5461.22 127.092 12010 0.993681
873800000 5461.22 125.455 12013.7 0.993772
873900000 5461.23 128.139 12007.7 0.99356
874000000 5461.22 128.7 12006.4 0.993583
874100000 5461.23 123.367 12018.4 0.993927
874200000 5461.22 127.938 12008.1 0.9936
874300000 5461.24 125.156 12014.4 0.993773
874400000 5461.22 123.578 12017.9 0.993921
874500000 5461.22 131.105 12001 0.993332
874600000 5461.23 127.202 12009.8 0.993625
874700000 5461.23 127.964 12008.1 0.993592
874800000 5461.22 127.985 12008 0.993609
874900000 5461.23 127.926 12008.1 0.993615
875000000 5461.21 125.183 12014.3 0.993824
875100000 5461.23 123.718 12017.6 0.993872
875200000 5461.23 125.67 12013.2 0.993761
875300000 5461.24 125.655 12013.3 0.993773
875400000 5461.2 130.477 12002.3 0.993491
875500000 5461.22 127.948 12008.1 0.993643
875600000 5461.21 130.741 12001.8 0.9934
875700000 5461.23 125.551 12013.5 0.993791
875800000 5461.23 123.665 12017.7 0.993902
875900000 5461.22 124.3 12016.3 0.993912
876000000 5461.22 124.542 12015.7 0.993867
876100000 5461.21 126.124 12012.2 0.993755
876200000 5461.21 131.046 12001.1 0.9934
876300000 5461.22 129.49 12004.6 0.993442
876400000 5461.22 132.375 11998.1 0.993224
876500000 5461.22 131.534 12000 0.993276
876600000 5461.22 126.082 12012.3 0.993749
876700000 5461.22 129.51 12004.6 0.993491
876800000 5461.22 126.668 12010.9 0.993727
876900000 5461.21 127.788 12008.4 0.993652
877000000 5461.22 124.438 12016 0.993798
877100000 5461.23 126.711 12010.9 0.99369
877200000 5461.23 124.764 12015.3 0.993801
877300000 5461.21 127.783 12008.4 0.99362
877400000 5461.23 125.891 12012.7 0.993763
877500000 5461.22 127.425 12009.2 0.993665
877600000 5461.22 128.406 12007 0.993572
877700000 5461.22 123.478 12018.1 0.993957
877800000 5461.23 127.891 12008.2 0.993591
877900000 5461.22 127.187 12009.8 0.993676
878000000 5461.21 124.293 12016.3 0.993923
878100000 5461.23 124.03 12016.9 0.993878
878200000 5461.22 128.526 12006.8 0.993499
878300000 5461.23 127.461 12009.2 0.993635
878400000 5461.22 128.076 12007.8 0.993545
878500000 5461.24 122.763 12019.8 0.993938
878600000 5461.22 126.245 12011.9 0.993734
878700000 5461.23 124.684 12015.5 0.993804
878800000 5461.22 129.446 12004.7 0.99346
878900000 5461.22 130.27 12002.8 0.993462
879000000 5461.22 130.551 12002.2 0.993359
879100000 5461.22 124.74 12015.3 0.99383
879200000 5461.23 124.103 12016.7 0.99384
879300000 5461.22 126.164 12012.1 0.993686
879400000 5461.23 125.076 12014.6 0.993782
879500000 5461.22 129.02 12005.7 0.993492
879600000 5461.21 128.947 12005.8 0.993596
879700000 5461.22 128.542 12006.7 0.993577
879800000 5461.23 129.564 12004.5 0.993429
879900000 5461.23 127.499 12009.1 0.99359
880000000 5461.21 124.841 12015 0.993836
880100000 5461.22 127.42 12009.3 0.993588
880200000 5461.21 128.808 12006.1 0.993565
880300000 5461.22 127.305 12009.5 0.993655
880400000 5461.22 128.315 12007.2 0.99357
880500000 5461.22 124.747 12015.3 0.993859
880600000 5461.23 126.954 12010.3 0.993694
880700000 5461.22 128.737 12006.3 0.993559
880800000 5461.23 121.041 12023.7 0.994062
880900000 5461.24 127.566 12009 0.993636
881000000 5461.22 125.646 12013.3 0.993756
881100000 5461.22 128.429 12007 0.99353
881200000 5461.22 126.947 12010.3 0.993657
881300000 5461.22 122.954 12019.3 0.993949
881400000 5461.2 135.642 11990.7 0.993057
881500000 5461.24 121.639 12022.3 0.994038
881600000 5461.23 127.746 12008.5 0.993592
881700000 5461.23 125.629 12013.3 0.993755
881800000 5461.22 125.318 12014 0.993817
881900000 5461.23 126.357 12011.7 0.993769
882000000 5461.22 126.515 12011.3 0.993688
882100000 5461.22 126.04 12012.4 0.99376
882200000 5461.22 124.481 12015.9 0.993837
882300000 5461.21 127.85 12008.3 0.993639
882400000 5461.23 129.805 12003.9 0.993444
882500000 5461.21 130.819 12001.6 0.993458
882600000 5461.23 123.887 12017.2 0.993879
882700000 5461.22 131.318 12000.5 0.996302
882800000 5461.22 126.147 12012.1 0.993764
882900000 5461.21 128.103 12007.7 0.993624
883000000 5461.21 127.74 12008.5 0.99371
883100000 5461.21 125.608 12013.3 0.9938
883200000 5461.23 128.219 12007.5 0.993597
883300000 5461.22 125.951 12012.6 0.993724
883400000 5461.22 133.198 11996.2 0.993263
883500000 5461.22 126.699 12010.9 0.993659
883600000 5461.23 127.548 12009 0.993615
883700000 5461.22 126.876 12010.5 0.993633
883800000 5461.23 121.972 12021.5 0.994011
883900000 5461.22 129.54 12004.5 0.993483
884000000 5461.23 127.379 12009.4 0.99357
884100000 5461.22 128.692 12006.4 0.993524
884200000 5461.23 126.306 12011.8 0.993691
884300000 5461.24 128.132 12007.7 0.993537
884400000 5461.22 127.879 12008.2 0.993567
884500000 5461.23 129.954 12003.6 0.993383
884600000 5461.22 124.964 12014.8 0.993812
884700000 5461.22 125.977 12012.5 0.993729
884800000 5461.23 125.27 12014.1 0.993748
884900000 5461.23 127.818 12008.4 0.993576
885000000 5461.22 129.621 12004.3 0.993477
885100000 5461.24 127.927 12008.2 0.993541
885200000 5461.2 126.326 12011.7 0.993736
885300000 5461.23 129.384 12004.9 0.993427
885400000 5461.23 122.527 12020.3 0.993961
885500000 5461.22 127.292 12009.5 0.993654
885600000 5461.23 126.615 12011.1 0.993628
885700000 5461.23 131.039 12001.1 0.993338
885800000 5461.23 125.58 12013.4 0.993777
885900000 5461.21 130.514 12002.3 0.993453
886000000 5461.22 128.666 12006.4 0.99351
886100000 5461.22 130.815 12001.6 0.993407
886200000 5461.22 129.001 12005.7 0.993483
886300000 5461.23 130.928 12001.4 0.993307
886400000 5461.22 124.634 12015.5 0.993837
886500000 5461.21 126.719 12010.8 0.993734
886600000 5461.22 125.379 12013.9 0.993789
886700000 5461.21 127.415 12009.3 0.993653
886800000 5461.22 124.88 12015 0.993814
886900000 5461.23 124.298 12016.3 0.993849
887000000 5461.24 119.568 12027 0.994173
887100000 5461.22 125.255 12014.1 0.993795
887200000 5461.24 122.607 12020.1 0.993995
887300000 5461.22 126.945 12010.3 0.993725
887400000 5461.23 126.714 12010.9 0.993666
887500000 5461.21 123.915 12017.1 0.993931
887600000 5461.24 121.974 12021.6 0.994034
887700000 5461.24 125.117 12014.5 0.993797
887800000 5461.22 126.415 12011.5 0.993701
887900000 5461.24 123.036 12019.2 0.993936
888000000 5461.21 125.698 12013.1 0.993759
888100000 5461.22 126.606 12011.1 0.99373
888200000 5461.22 126.973 12010.3 0.993672
888300000 5461.22 129.323 12005 0.993472
888400000 5461.21 125.074 12014.5 0.993817
888500000 5461.22 129.466 12004.6 0.99352
888600000 5461.23 127.085 12010 0.993739
888700000 5461.21 134.884 11992.4 0.993039
888800000 5461.23 128.632 12006.6 0.993604
888900000 5461.21 126.87 12010.5 0.99367
889000000 5461.23 126.255 12011.9 0.99372
889100000 5461.23 129.122 12005.4 0.99354
889200000 5461.23 125.749 12013 0.993715
889300000 5461.23 126.012 12012.4 0.993709
889400000 5461.22 125.384 12013.8 0.993755
889500000 5461.22 124.332 12016.2 0.993885
889600000 5461.24 123.784 12017.5 0.993874
889700000 5461.22 129.046 12005.6 0.993487
889800000 5461.23 121.111 12023.5 0.99407
889900000 5461.25 121.083 12023.6 0.994085
890000000 5461.22 132.62 11997.5 0.993288
890100000 5461.23 128.248 12007.4 0.993533
890200000 5461.22 124.73 12015.3 0.993823
890300000 5461.22 128.496 12006.8 0.993599
890400000 5461.23 126.082 12012.3 0.993709
890500000 5461.21 130.35 12002.6 0.993428
890600000 5461.22 127.939 12008.1 0.993595
890700000 5461.23 125.505 12013.6 0.993734
890800000 5461.23 126.991 12010.3 0.99362
890900000 5461.22 133.438 11995.7 0.993126
891000000 5461.23 127.266 12009.6 0.993648
891100000 5461.23 123.507 12018.1 0.993928
891200000 5461.21 127.991 12008 0.993614
891300000 5461.22 127.492 12009.1 0.993623
891400000 5461.22 128.36 12007.2 0.993554
891500000 5461.23 123.254 12018.7 0.993936
891600000 5461.23 126.516 12011.3 0.993698
891700000 5461.22 124.213 12016.5 0.993897
891800000 5461.22 124.413 12016 0.99383
891900000 5461.23 123.598 12017.9 0.99387
892000000 5461.22 124.589 12015.6 0.99388
892100000 5461.23 125.898 12012.7 0.99375
892200000 5461.22 126.768 12010.7 0.993673
892300000 5461.2 131.26 12000.6 0.993414
892400000 5461.22 121.999 12021.5 0.993975
892500000 5461.23 125.74 12013.1 0.994034
892600000 5461.23 127.9 12008.2 0.993619
892700000 5461.23 122.448 12020.5 0.993972
892800000 5461.21 131.041 12001.1 0.993387
892900000 5461.23 125.409 12013.8 0.993743
893000000 5461.22 127.206 12009.8 0.993653
893100000 5461.21 131.62 11999.8 0.993325
893200000 5461.23 120.237 12025.5 0.994138
893300000 5461.22 130.194 12003 0.993368
893400000 5461.21 128.248 12007.4 0.993613
893500000 5461.24 123.689 12017.7 0.993882
893600000 5461.23 125.394 12013.8 0.993769
893700000 5461.22 126.468 12011.4 0.993706
893800000 5461.22 126.55 12011.2 0.993731
893900000 5461.23 124.491 12015.9 0.993862
894000000 5461.23 122.437 12020.5 0.993991
894100000 5461.23 126.313 12011.8 0.993692
894200000 5461.22 124.551 12015.7 0.993821
894300000 5461.22 125.409 12013.8 0.993799
894400000 5461.23 129.598 12004.4 0.993419
894500000 5461.23 122.027 12021.4 0.994044
894600000 5461.22 125.659 12013.2 0.993927
894700000 5461.23 124.524 12015.8 0.993853
894800000 5461.22 126.297 12011.8 0.993727
894900000 5461.21 126.837 12010.5 0.993701
895000000 5461.22 123.213 12018.7 0.993958
895100000 5461.24 122.359 12020.7 0.994008
895200000 5461.23 123.521 12018.1 0.993909
895300000 5461.23 125.839 12012.8 0.993776
895400000 5461.23 125.758 12013 0.993733
895500000 5461.22 125.362 12013.9 0.993821
895600000 5461.21 134.68 11992.9 0.993041
895700000 5461.22 127.576 12008.9 0.993648
895800000 5461.23 122.298 12020.8 0.993973
895900000 5461.22 129.39 12004.8 0.993495
896000000 5461.2 132.007 11998.9 0.993419
896100000 5461.22 131.413 12000.3 0.993316
896200000 5461.22 129.886 12003.7 0.99344
896300000 5461.23 126.447 12011.5 0.993696
896400000 5461.22 126.681 12010.9 0.993666
896500000 5461.23 122.952 12019.3 0.993963
896600000 5461.22 132.812 11997.1 0.993238
896700000 5461.22 124.616 12015.6 0.993874
896800000 5461.23 125.689 12013.2 0.993765
896900000 5461.22 126.011 12012.4 0.993722
897000000 5461.22 130.661 12002 0.993438
897100000 5461.23 126.766 12010.8 0.993692
897200000 5461.23 125.932 12012.6 0.993769
897300000 5461.23 129.506 12004.6 0.993461
897400000 5461.22 126.815 12010.6 0.993727
897500000 5461.23 123.388 12018.4 0.993881
897600000 5461.23 123.857 12017.3 0.993919
897700000 5461.22 129.614 12004.3 0.993479
897800000 5461.23 127.687 12008.7 0.993637
897900000 5461.22 134.051 11994.3 0.993104
898000000 5461.21 127.348 12009.4 0.993697
898100000 5461.22 128.236 12007.4 0.993567
898200000 5461.25 124.311 12016.3 0.993855
898300000 5461.21 132.669 11997.4 0.993288
898400000 5461.23 122.723 12019.9 0.994002
898500000 5461.22 125.155 12014.3 0.993751
898600000 5461.21 134.018 11994.4 0.993177
898700000 5461.21 126.466 12011.4 0.99373
898800000 5461.22 125.92 12012.6 0.99374
898900000 5461.21 132.159 11998.6 0.993306
899000000 5461.23 125.164 12014.4 0.993776
899100000 5461.21 129.494 12004.6 0.993503
899200000 5461.23 122.556 12020.2 0.99398
899300000 5461.21 133.736 11995 0.993203
899400000 5461.22 125.036 12014.6 0.993812
899500000 5461.24 122.471 12020.4 0.993993
899600000 5461.22 128.214 12007.5 0.993482
899700000 5461.23 126.007 12012.5 0.993735
899800000 5461.22 125.701 12013.1 0.993752
899900000 5461.23 127.424 12009.3 0.993589
900000000 5461.23 126.735 12010.8 0.993699
900100000 5461.22 126.092 12012.3 0.993748
900200000 5461.22 126.301 12011.8 0.993751
900300000 5461.22 127.219 12009.7 0.993632
900400000 5461.23 123.706 12017.6 0.993888
900500000 5461.22 128.073 12007.8 0.993581
900600000 5461.23 122.93 12019.4 0.993953
900700000 5461.22 127.284 12009.6 0.993621
900800000 5461.22 126.733 12010.8 0.993669
900900000 5461.22 127.484 12009.1 0.993685
901000000 5461.22 125.785 12012.9 0.993686
901100000 5461.22 124.228 12016.5 0.993883
901200000 5461.21 128.778 12006.2 0.993542
901300000 5461.21 129.894 12003.7 0.993528
901400000 5461.23 125.408 12013.8 0.993779
901500000 5461.21 129.153 12005.3 0.993562
901600000 5461.22 127.483 12009.1 0.993635
901700000 5461.22 128.554 12006.7 0.993524
901800000 5461.23 124.805 12015.2 0.993865
901900000 5461.22 126.176 12012.1 0.993701
902000000 5461.22 125.485 12013.6 0.993801
902100000 5461.22 125.676 12013.2 0.993774
902200000 5461.22 123.741 12017.5 0.993928
902300000 5461.23 128.772 12006.2 0.993548
902400000 5461.22 130.97 12001.3 0.993408
902500000 5461.22 125.445 12013.7 0.993817
902600000 5461.23 124.293 12016.3 0.993919
902700000 5461.23 125.506 12013.6 0.993739
902800000 5461.22 131.281 12000.6 0.993355
902900000 5461.23 128.058 12007.8 0.993567
903000000 5461.23 128.283 12007.3 0.994777
903100000 5461.22 126.316 12011.7 0.993712
903200000 5461.24 121.896 12021.7 0.994009
903300000 5461.23 128.376 12007.1 0.993523
903400000 5461.23 126.976 12010.3 0.99371
903500000 5461.22 124.537 12015.8 0.993807
903600000 5461.23 131.101 12001 0.993331
903700000 5461.22 124.304 12016.3 0.993864
903800000 5461.23 120.632 12024.6 0.994105
903900000 5461.22 126.102 12012.2 0.993708
904000000 5461.22 121.23 12023.2 0.994088
904100000 5461.22 122.845 12019.6 0.993962
904200000 5461.21 125.082 12014.5 0.993867
904300000 5461.23 127.703 12008.6 0.993516
904400000 5461.23 128.684 12006.4 0.993583
904500000 5461.23 124.257 12016.4 0.993861
904600000 5461.22 127.889 12008.2 0.993654
904700000 5461.23 123.501 12018.1 0.99393
904800000 5461.23 125.024 12014.7 0.993782
904900000 5461.21 135.857 11990.2 0.992993
905000000 5461.22 126.413 12011.5 0.99374
905100000 5461.23 126.146 12012.2 0.993739
905200000 5461.23 129.031 12005.6 0.993532
905300000 5461.22 123.351 12018.4 0.993968
905400000 5461.21 129.627 12004.3 0.993546
905500000 5461.22 130.912 12001.4 0.993401
905600000 5461.23 122.199 12021 0.993995
905700000 5461.23 126.856 12010.5 0.993726
905800000 5461.23 124.432 12016 0.993835
905900000 5461.23 127.367 12009.4 0.993577
906000000 5461.2 128.59 12006.6 0.993635
906100000 5461.22 127.441 12009.2 0.993643
906200000 5461.22 127.951 12008.1 0.993635
906300000 5461.22 127.631 12008.8 0.993612
906400000 5461.22 128.335 12007.2 0.99349
906500000 5461.23 130.587 12002.2 0.993336
906600000 5461.22 131.967 11999 0.993297
906700000 5461.24 121.323 12023 0.994045
906800000 5461.22 126.427 12011.5 0.993702
906900000 5461.22 129.111 12005.4 0.99351
907000000 5461.21 128.567 12006.7 0.993514
907100000 5461.22 123.927 12017.1 0.993924
907200000 5461.22 127.333 12009.5 0.993645
907300000 5461.24 128.155 12007.6 0.993579
907400000 5461.22 124.806 12015.1 0.993851
907500000 5461.22 129.105 12005.5 0.993531
907600000 5461.22 130.938 12001.3 0.993399
907700000 5461.22 125.601 12013.4 0.99375
907800000 5461.22 129.306 12005 0.993492
907900000 5461.23 124.859 12015 0.9938
908000000 5461.22 127.59 12008.9 0.993619
908100000 5461.21 127.964 12008 0.993604
908200000 5461.23 128.374 12007.1 0.993556
908300000 5461.22 125.079 12014.5 0.993813
908400000 5461.21 127.828 12008.3 0.993664
908500000 5461.23 132.657 11997.5 0.993191
908600000 5461.23 126.066 12012.3 0.993687
908700000 5461.22 128.871 12006 0.993528
908800000 5461.22 124.623 12015.5 0.993796
908900000 5461.21 128.863 12006 0.993516
909000000 5461.23 129.539 12004.5 0.993455
909100000 5461.23 130.437 12002.5 0.993364
909200000 5461.22 126.669 12011 0.993692
909300000 5461.23 124.105 12016.7 0.993898
909400000 5461.23 127.689 12008.7 0.993611
909500000 5461.24 125.271 12014.1 0.993735
909600000 5461.2 128.154 12007.6 0.99366
909700000 5461.21 130.989 12001.2 0.993363
909800000 5461.21 127.588 12008.9 0.993621
909900000 5461.23 125.259 12014.2 0.99372
910000000 5461.21 127.438 12009.2 0.993629
910100000 5461.23 124.742 12015.3 0.993798
910200000 5461.24 129.522 12004.6 0.993399
910300000 5461.23 126.893 12010.5 0.993666
910400000 5461.23 121.427 12022.8 0.994108
910500000 5461.23 126.096 12012.3 0.993734
910600000 5461.23 124.972 12014.8 0.99384
910700000 5461.23 128.478 12006.9 0.993524
910800000 5461.22 126.853 12010.5 0.993667
910900000 5461.23 129.137 12005.4 0.993453
911000000 5461.24 124.24 12016.5 0.993866
911100000 5461.23 123.962 12017.1 0.993913
911200000 5461.23 121.434 12022.8 0.994034
911300000 5461.23 131.218 12000.7 0.993269
911400000 5461.23 125.007 12014.7 0.993787
911500000 5461.23 123.315 12018.5 0.9939
911600000 5461.22 125.936 12012.6 0.993787
911700000 5461.22 124.887 12015 0.993773
911800000 5461.22 127.131 12009.9 0.993711
911900000 5461.24 123.141 12018.9 0.993914
912000000 5461.23 128.309 12007.3 0.99359
912100000 5461.21 130.768 12001.7 0.993403
912200000 5461.22 127.815 12008.4 0.993628
912300000 5461.22 129.92 12003.6 0.993469
912400000 5461.24 120.354 12025.2 0.994133
912500000 5461.22 127.189 12009.8 0.993663
912600000 5461.21 129.908 12003.6 0.99344
912700000 5461.23 126.403 12011.6 0.993686
912800000 5461.23 129.051 12005.6 0.99349
912900000 5461.23 126.246 12011.9 0.993722
913000000 5461.23 125.16 12014.4 0.993798
913100000 5461.23 130.485 12002.4 0.993379
913200000 5461.23 128.411 12007.1 0.99352
913300000 5461.22 128.111 12007.7 0.993596
913400000 5461.23 122.472 12020.4 0.993943
913500000 5461.22 127.365 12009.4 0.993641
913600000 5461.23 128.173 12007.6 0.993565
913700000 5461.24 125.78 12013 0.993752
913800000 5461.22 124.248 12016.4 0.993867
913900000 5461.23 127.416 12009.3 0.99358
914000000 5461.22 125.238 12014.2 0.99381
914100000 5461.22 126.38 12011.6 0.993726
914200000 5461.23 126.393 12011.6 0.993714
914300000 5461.23 124.797 12015.2 0.993865
914400000 5461.23 124.571 12015.7 0.993844
914500000 5461.21 131.447 12000.2 0.99337
914600000 5461.22 126.372 12011.6 0.993768
914700000 5461.23 128.986 12005.8 0.993535
914800000 5461.24 120.738 12024.4 0.994101
914900000 5461.21 128.11 12007.7 0.993607
915000000 5461.22 128.214 12007.5 0.993527
915100000 5461.22 129.367 12004.9 0.993473
915200000 5461.25 127.835 12008.4 0.993578
915300000 5461.23 124.934 12014.9 0.993833
915400000 5461.23 123.428 12018.3 0.993922
915500000 5461.22 124.451 12015.9 0.993858
915600000 5461.22 125.218 12014.2 0.993828
915700000 5461.23 129.348 12004.9 0.993475
915800000 5461.23 122.696 12019.9 0.993942
915900000 5461.23 125.842 12012.8 0.993761
916000000 5461.22 129.024 12005.7 0.993519
916100000 5461.23 123.948 12017.1 0.993927
916200000 5461.22 125.703 12013.1 0.993811
916300000 5461.23 124.34 12016.2 0.993848
916400000 5461.23 125.616 12013.3 0.993785
916500000 5461.23 130.295 12002.8 0.993442
916600000 5461.23 122.066 12021.3 0.993983
916700000 5461.22 132.005 11998.9 0.993311
916800000 5461.22 124.99 12014.7 0.993775
916900000 5461.22 123.739 12017.6 0.993924
917000000 5461.24 124.798 12015.2 0.99379
917100000 5461.23 124.602 12015.6 0.993808
917200000 5461.23 126.829 12010.6 0.993681
917300000 5461.23 128.231 12007.5 0.99352
917400000 5461.22 124.396 12016.1 0.994614
917500000 5461.23 122.117 12021.2 0.994028
917600000 5461.22 125.467 12013.7 0.993806
917700000 5461.23 124.253 12016.4 0.993872
917800000 5461.23 124.088 12016.8 0.993878
917900000 5461.22 127.685 12008.7 0.993601
918000000 5461.21 127.595 12008.9 0.993616
918100000 5461.22 129.474 12004.6 0.993475
918200000 5461.21 128.216 12007.4 0.993591
918300000 5461.23 124.362 12016.2 0.993888
918400000 5461.23 127.826 12008.4 0.993603
918500000 5461.22 129.574 12004.4 0.99345
918600000 5461.21 129.896 12003.7 0.993489
918700000 5461.21 125.588 12013.4 0.993798
918800000 5461.22 124.667 12015.5 0.993875
918900000 5461.22 123.649 12017.7 0.993905
919000000 5461.22 123.119 12018.9 0.993926
919100000 5461.23 125.259 12014.1 0.993864
919200000 5461.21 128.684 12006.4 0.993524
919300000 5461.23 126.526 12011.3 0.993661
919400000 5461.22 128 12008 0.993594
919500000 5461.23 121.048 12023.6 0.994086
919600000 5461.22 121.818 12021.9 0.994077
919700000 5461.23 126.381 12011.6 0.993723
919800000 5461.23 124.938 12014.9 0.993801
919900000 5461.21 128.702 12006.4 0.993554
920000000 5461.21 131.042 12001.1 0.993355
920100000 5461.23 126.283 12011.8 0.993661
920200000 5461.21 130.259 12002.8 0.994332
920300000 5461.22 125.589 12013.4 0.993763
920400000 5461.23 124.546 12015.7 0.993818
920500000 5461.21 129.99 12003.5 0.993459
920600000 5461.22 132.138 11998.6 0.993238
920700000 5461.21 125.098 12014.5 0.993847
920800000 5461.22 127.426 12009.2 0.9936
920900000 5461.23 127.637 12008.8 0.993657
921000000 5461.23 121.957 12021.6 0.994026
921100000 5461.22 127.452 12009.2 0.993637
921200000 5461.23 123.704 12017.6 0.993863
921300000 5461.22 123.49 12018.1 0.993928
921400000 5461.22 129.42 12004.7 0.993512
921500000 5461.22 125.529 12013.5 0.99417
921600000 5461.2 136.12 11989.6 0.993083
921700000 5461.21 126.973 12010.2 0.993738
921800000 5461.24 123.408 12018.3 0.993877
921900000 5461.23 125.098 12014.5 0.993794
922000000 5461.22 127.172 12009.8 0.993667
922100000 5461.23 125.298 12014.1 0.993767
922200000 5461.22 126.333 12011.7 0.993679
922300000 5461.25 122.224 12021 0.993987
922400000 5461.22 127.117 12010 0.993645
922500000 5461.22 125.419 12013.8 0.993821
922600000 5461.23 125.858 12012.8 0.993722
922700000 5461.23 123.516 12018.1 0.993879
922800000 5461.23 124.653 12015.5 0.993862
922900000 5461.22 128.819 12006.1 0.993538
923000000 5461.23 127.964 12008 0.993549
923100000 5461.22 125.399 12013.8 0.993751
923200000 5461.22 137.944 11985.6 0.992791
923300000 5461.22 123.925 12017.1 0.99387
923400000 5461.23 126.801 12010.7 0.993688
923500000 5461.21 129.015 12005.7 0.993499
923600000 5461.23 125.469 12013.7 0.993769
923700000 5461.24 120.29 12025.3 0.994231
923800000 5461.22 129.905 12003.7 0.99355
923900000 5461.23 124.227 12016.5 0.99385
924000000 5461.23 124.005 12017 0.993885
924100000 5461.23 126.531 12011.3 0.993702
924200000 5461.22 126.525 12011.3 0.993715
924300000 5461.22 125.709 12013.1 0.993773
924400000 5461.22 127.552 12009 0.993643
924500000 5461.23 126.742 12010.8 0.994004
924600000 5461.24 124.013 12017 0.993837
924700000 5461.23 124.202 12016.5 0.993816
924800000 5461.23 129.501 12004.6 0.993445
924900000 5461.23 127.842 12008.3 0.993565
925000000 5461.24 122.08 12021.3 0.993989
925100000 5461.22 126.283 12011.8 0.993721
925200000 5461.23 128.76 12006.3 0.993492
925300000 5461.22 126.483 12011.4 0.993701
925400000 5461.21 127.259 12009.6 0.993627
925500000 5461.23 124.343 12016.2 0.993922
925600000 5461.23 125.708 12013.1 0.993758
925700000 5461.22 128.921 12005.9 0.99353
925800000 5461.22 126.354 12011.7 0.993699
925900000 5461.23 122.365 12020.7 0.993966
926000000 5461.23 126.077 12012.3 0.99373
926100000 5461.22 125.709 12013.1 0.99377
926200000 5461.22 130.256 12002.9 0.99339
926300000 5461.21 129.882 12003.7 0.993459
926400000 5461.23 127.395 12009.3 0.993626
926500000 5461.22 125.516 12013.5 0.993741
926600000 5461.23 122.809 12019.7 0.993952
926700000 5461.23 123.253 12018.7 0.993931
926800000 5461.22 126.876 12010.5 0.993652
926900000 5461.23 126.408 12011.6 0.993715
927000000 5461.22 125.495 12013.6 0.993783
927100000 5461.21 133.06 11996.5 0.993188
927200000 5461.22 128.023 12007.9 0.993599
927300000 5461.23 121.496 12022.6 0.994022
927400000 5461.22 124.234 12016.4 0.993862
927500000 5461.23 126.611 12011.1 0.993688
927600000 5461.23 129.659 12004.2 0.993346
927700000 5461.22 131.658 11999.7 0.993274
927800000 5461.22 126.226 12011.9 0.993751
927900000 5461.21 131.022 12001.1 0.993349
928000000 5461.23 126.587 12011.2 0.993718
928100000 5461.23 126.367 12011.6 0.993759
928200000 5461.22 131.089 12001 0.99333
928300000 5461.23 124.169 12016.6 0.993847
928400000 5461.22 132.243 11998.4 0.993208
928500000 5461.21 129.199 12005.2 0.993512
928600000 5461.23 124.626 12015.6 0.993829
928700000 5461.23 126.729 12010.8 0.993643
928800000 5461.23 130.509 12002.3 0.993447
928900000 5461.23 126.602 12011.1 0.993683
929000000 5461.23 127.3 12009.6 0.993617
929100000 5461.22 126.363 12011.6 0.993728
929200000 5461.23 129.826 12003.9 0.993485
929300000 5461.23 124.485 12015.9 0.993823
929400000 5461.2 128.408 12007 0.993615
929500000 5461.23 126.678 12010.9 0.993654
929600000 5461.22 123.905 12017.2 0.9939
929700000 5461.22 128.139 12007.6 0.99358
929800000 5461.21 129.488 12004.6 0.993543
929900000 5461.23 124.815 12015.1 0.993807
930000000 5461.23 122.849 12019.6 0.993944
930100000 5461.22 127.046 12010.1 0.993706
930200000 5461.23 126.805 12010.7 0.993631
930300000 5461.22 124.179 12016.6 0.993879
930400000 5461.24 123.611 12017.9 0.993933
930500000 5461.23 123.873 12017.3 0.99391
930600000 5461.23 130.1 12003.2 0.993436
930700000 5461.24 123.616 12017.9 0.993875
930800000 5461.22 124.301 12016.3 0.993855
930900000 5461.23 126.229 12012 0.993679
931000000 5461.23 123.769 12017.5 0.993866
931100000 5461.23 128.651 12006.5 0.993598
931200000 5461.23 128.77 12006.2 0.993512
931300000 5461.23 125.918 12012.7 0.993745
931400000 5461.23 126.994 12010.2 0.993693
931500000 5461.22 122.731 12019.8 0.994531
931600000 5461.22 126.412 12011.5 0.993692
931700000 5461.22 123.376 12018.4 0.993964
931800000 5461.21 127.507 12009 0.99361
931900000 5461.21 131.297 12000.5 0.993435
932000000 5461.22 127.908 12008.2 0.993657
932100000 5461.22 125.677 12013.2 0.993786
932200000 5461.22 127.758 12008.5 0.993609
932300000 5461.22 127.118 12009.9 0.993672
932400000 5461.22 125.704 12013.1 0.993761
932500000 5461.23 128.236 12007.4 0.993603
932600000 5461.23 123.991 12017 0.993854
932700000 5461.23 126.108 12012.2 0.993732
932800000 5461.23 124.181 12016.6 0.993875
932900000 5461.21 128.717 12006.3 0.993548
933000000 5461.23 125.371 12013.9 0.993748
933100000 5461.21 128.054 12007.8 0.993609
933200000 5461.22 129.305 12005 0.993501
933300000 5461.24 128.799 12006.2 0.993475
933400000 5461.21 133.197 11996.2 0.993269
933500000 5461.22 124.822 12015.1 0.993833
933600000 5461.22 126.132 12012.2 0.993703
933700000 5461.23 123.073 12019.1 0.993925
933800000 5461.21 127.151 12009.9 0.993691
933900000 5461.23 122.086 12021.3 0.99401
934000000 5461.23 125.063 12014.6 0.993783
934100000 5461.23 127.191 12009.8 0.99367
934200000 5461.23 123.991 12017 0.993866
934300000 5461.24 125.082 12014.6 0.993812
934400000 5461.23 124.122 12016.7 0.993846
934500000 5461.22 127.684 12008.7 0.99367
934600000 5461.23 123.411 12018.3 0.993901
934700000 5461.22 129.639 12004.3 0.993429
934800000 5461.23 126.91 12010.4 0.993606
934900000 5461.24 124.584 12015.7 0.993768
935000000 5461.22 124.644 12015.5 0.993833
935100000 5461.22 123.704 12017.6 0.993933
935200000 5461.22 126.082 12012.3 0.993723
935300000 5461.23 122.548 12020.3 0.993941
935400000 5461.22 125.178 12014.3 0.99383
935500000 5461.21 129.03 12005.6 0.993543
935600000 5461.24 125.704 12013.2 0.993751
935700000 5461.22 124.263 12016.4 0.993873
935800000 5461.21 125.437 12013.7 0.993782
935900000 5461.22 127.03 12010.1 0.993647
936000000 5461.22 127.966 12008 0.993591
936100000 5461.22 122.25 12020.9 0.994036
936200000 5461.23 124.411 12016 0.993824
936300000 5461.22 120.547 12024.7 0.994109
936400000 5461.22 123.831 12017.3 0.993885
936500000 5461.23 128.736 12006.3 0.993526
936600000 5461.22 127.762 12008.5 0.993597
936700000 5461.21 127.743 12008.5 0.993627
936800000 5461.23 131.414 12000.3 0.993272
936900000 5461.23 127.381 12009.4 0.99357
937000000 5461.23 125.76 12013 0.99373
937100000 5461.21 130.057 12003.3 0.993481
937200000 5461.21 128.761 12006.2 0.993666
937300000 5461.22 128.12 12007.7 0.99365
937400000 5461.21 124.231 12016.4 0.993907
937500000 5461.23 126.402 12011.6 0.993674
937600000 5461.24 126.158 12012.1 0.993659
937700000 5461.22 128.868 12006 0.993511
937800000 5461.21 126.544 12011.2 0.993755
937900000 5461.21 126.324 12011.7 0.99373
938000000 5461.22 125.684 12013.2 0.993776
938100000 5461.23 126.279 12011.8 0.993706
938200000 5461.22 130.134 12003.2 0.993416
938300000 5461.22 123.192 12018.8 0.993946
938400000 5461.23 124.702 12015.4 0.993823
938500000 5461.22 131.188 12000.8 0.993388
938600000 5461.22 124.368 12016.1 0.993901
938700000 5461.22 124.972 12014.8 0.993853
938800000 5461.22 129.296 12005 0.993503
938900000 5461.22 126.949 12010.3 0.993669
939000000 5461.23 130.331 12002.7 0.993391
939100000 5461.23 126.57 12011.2 0.993699
939200000 5461.22 127.46 12009.2 0.993641
939300000 5461.23 125.129 12014.4 0.993764
939400000 5461.24 126.669 12011 0.993664
939500000 5461.22 124.382 12016.1 0.99385
939600000 5461.22 127.558 12009 0.993622
939700000 5461.23 131.995 11999 0.993236
939800000 5461.22 126.252 12011.9 0.993742
939900000 5461.21 128.902 12005.9 0.993526
940000000 5461.22 124.257 12016.4 0.99386
940100000 5461.23 125.758 12013 0.993745
940200000 5461.22 126.905 12010.4 0.993675
940300000 5461.23 124.786 12015.2 0.993786
940400000 5461.23 125.457 12013.7 0.993744
940500000 5461.21 135.832 11990.3 0.993006
940600000 5461.23 120.72 12024.4 0.994116
940700000 5461.22 122.806 12019.7 0.993959
940800000 5461.22 128.798 12006.2 0.993538
940900000 5461.22 125.269 12014.1 0.993748
941000000 5461.23 126.167 12012.1 0.993717
941100000 5461.23 128.398 12007.1 0.993558
941200000 5461.23 129.25 12005.2 0.993506
941300000 5461.23 124.571 12015.7 0.993853
941400000 5461.24 122.338 12020.7 0.994012
941500000 5461.21 137.231 11987.2 0.992912
941600000 5461.22 125.828 12012.9 0.993738
941700000 5461.23 128.643 12006.5 0.993525
941800000 5461.23 126.109 12012.2 0.993728
941900000 5461.23 122.652 12020 0.993993
942000000 5461.24 126.839 12010.6 0.993685
942100000 5461.21 129.604 12004.3 0.993568
942200000 5461.21 126.864 12010.5 0.993718
942300000 5461.23 126.64 12011 0.993739
942400000 5461.23 125.818 12012.9 0.993748
942500000 5461.23 127.447 12009.2 0.993566
942600000 5461.23 124.471 12015.9 0.993816
942700000 5461.23 125.932 12012.6 0.993717
942800000 5461.23 123.845 12017.3 0.993912
942900000 5461.22 127.921 12008.1 0.993641
943000000 5461.23 122.188 12021.1 0.994002
943100000 5461.23 128.013 12007.9 0.993578
943200000 5461.22 127.82 12008.4 0.99359
943300000 5461.23 123.812 12017.4 0.993914
943400000 5461.22 126.978 12010.2 0.99371
943500000 5461.21 128.545 12006.7 0.99354
943600000 5461.22 127.441 12009.2 0.993673
943700000 5461.23 124.393 12016.1 0.993849
943800000 5461.23 137.129 11987.4 0.993171
943900000 5461.22 123.983 12017 0.993874
944000000 5461.22 126.168 12012.1 0.99373
944100000 5461.21 126.047 12012.3 0.993724
944200000 5461.21 129.264 12005.1 0.993508
944300000 5461.22 128.195 12007.5 0.993588
944400000 5461.22 128.018 12007.9 0.99363
944500000 5461.22 125.872 12012.7 0.993753
944600000 5461.24 123.731 12017.6 0.993941
944700000 5461.22 127.974 12008 0.993627
944800000 5461.24 126.874 12010.5 0.993648
944900000 5461.22 125.871 12012.7 0.993733
945000000 5461.22 124.329 12016.2 0.993838
945100000 5461.22 125.281 12014.1 0.993794
945200000 5461.22 129.086 12005.5 0.99348
945300000 5461.23 124.045 12016.9 0.993871
945400000 5461.23 124.969 12014.8 0.993839
945500000 5461.22 125.118 12014.4 0.993808
945600000 5461.23 128.34 12007.2 0.993537
945700000 5461.24 129.689 12004.2 0.993381
945800000 5461.22 124.615 12015.6 0.993827
945900000 5461.21 125.148 12014.4 0.993844
946000000 5461.23 125.383 12013.9 0.993812
946100000 5461.23 132.166 11998.6 0.993296
946200000 5461.22 123.857 12017.3 0.993995
946300000 5461.22 128.439 12007 0.993533
946400000 5461.22 126.123 12012.2 0.993757
946500000 5461.23 124.954 12014.8 0.993843
946600000 5461.22 125.101 12014.5 0.993798
946700000 5461.23 127.425 12009.3 0.99364
946800000 5461.21 133.033 11996.6 0.993422
946900000 5461.21 129.309 12005 0.993552
947000000 5461.23 123.91 12017.2 0.993897
947100000 5461.22 126.442 12011.5 0.993676
947200000 5461.22 123.863 12017.3 0.99389
947300000 5461.23 126.834 12010.6 0.99363
947400000 5461.21 132.075 11998.8 0.99328
947500000 5461.21 128.421 12007 0.993605
947600000 5461.23 125.156 12014.4 0.993808
947700000 5461.24 122.493 12020.4 0.993984
947800000 5461.22 131.583 11999.9 0.993347
947900000 5461.21 128.892 12005.9 0.993535
948000000 5461.21 125.08 12014.5 0.993856
948100000 5461.22 124.783 12015.2 0.994032
948200000 5461.23 123.965 12017.1 0.993853
948300000 5461.23 125.362 12013.9 0.993809
948400000 5461.23 124.35 12016.2 0.993889
948500000 5461.21 124.855 12015 0.994123
948600000 5461.22 127.467 12009.2 0.993607
948700000 5461.24 123.227 12018.7 0.993922
948800000 5461.22 123.626 12017.8 0.993885
948900000 5461.23 126.881 12010.5 0.993649
949000000 5461.23 125.052 12014.6 0.993796
949100000 5461.24 122.581 12020.2 0.993977
949200000 5461.23 126.057 12012.3 0.993731
949300000 5461.22 125.528 12013.5 0.993797
949400000 5461.23 122.319 12020.8 0.993995
949500000 5461.23 129.414 12004.8 0.993446
949600000 5461.23 136.232 11989.4 0.992933
949700000 5461.23 128.369 12007.1 0.993631
949800000 5461.22 122.49 12020.4 0.993993
949900000 5461.23 124.373 12016.1 0.99386
950000000 5461.22 124.861 12015 0.993841
950100000 5461.23 124.798 12015.2 0.993852
950200000 5461.22 125.942 12012.6 0.99372
950300000 5461.22 124.216 12016.5 0.993888
950400000 5461.22 127.636 12008.8 0.993639
950500000 5461.22 125.475 12013.6 0.993779
950600000 5461.22 124.034 12016.9 0.993909
950700000 5461.23 127.03 12010.2 0.993685
950800000 5461.23 127.072 12010.1 0.993664
950900000 5461.24 123.78 12017.5 0.99384
951000000 5461.22 131.434 12000.2 0.993431
951100000 5461.23 119.784 12026.5 0.99412
951200000 5461.23 125.372 12013.9 0.993744
951300000 5461.22 125.369 12013.9 0.993765
951400000 5461.21 130.83 12001.6 0.993398
951500000 5461.24 130.945 12001.4 0.993363
951600000 5461.24 121.633 12022.3 0.994028
951700000 5461.23 126.842 12010.6 0.993714
951800000 5461.23 124.698 12015.4 0.993815
951900000 5461.22 128.505 12006.8 0.993573
952000000 5461.23 129.209 12005.3 0.993423
952100000 5461.22 124.182 12016.5 0.993892
952200000 5461.23 126.236 12011.9 0.993657
952300000 5461.21 126.782 12010.7 0.993679
952400000 5461.22 130.156 12003.1 0.993419
952500000 5461.23 129.302 12005 0.99348
952600000 5461.22 125.939 12012.6 0.993724
952700000 5461.21 127.011 12010.2 0.993659
952800000 5461.23 123.48 12018.1 0.99392
952900000 5461.21 130.677 12001.9 0.993461
953000000 5461.24 125.259 12014.2 0.993732
953100000 5461.22 127.119 12009.9 0.993615
953200000 5461.23 122.956 12019.3 0.993935
953300000 5461.24 123.592 12017.9 0.993913
953400000 5461.24 121.673 12022.2 0.993973
953500000 5461.23 123.494 12018.1 0.993927
953600000 5461.21 129.061 12005.5 0.993545
953700000 5461.23 125.791 12012.9 0.99374
953800000 5461.23 125.289 12014.1 0.993771
953900000 5461.22 126.123 12012.2 0.993736
954000000 5461.21 125.894 12012.7 0.993807
954100000 5461.23 122.645 12020 0.993945
954200000 5461.22 126.688 12010.9 0.993671
954300000 5461.23 123.695 12017.7 0.993888
954400000 5461.23 124.113 12016.7 0.993875
954500000 5461.22 124.79 12015.2 0.993842
954600000 5461.23 127.368 12009.4 0.993676
954700000 5461.23 125.443 12013.7 0.993805
954800000 5461.23 127.195 12009.8 0.993629
954900000 5461.21 124.574 12015.7 0.993805
955000000 5461.23 124.096 12016.8 0.993836
955100000 5461.22 127.332 12009.4 0.993704
955200000 5461.22 127.726 12008.6 0.993636
955300000 5461.23 127.939 12008.1 0.993578
955400000 5461.23 124.097 12016.8 0.99384
955500000 5461.23 124.359 12016.2 0.99393
955600000 5461.23 126.98 12010.3 0.993657
955700000 5461.23 128.067 12007.8 0.993569
955800000 5461.22 122.427 12020.5 0.993987
955900000 5461.23 125.136 12014.4 0.993902
956000000 5461.22 124.141 12016.7 0.993913
956100000 5461.24 122.33 12020.8 0.994025
956200000 5461.23 123.994 12017 0.993865
956300000 5461.22 127.739 12008.6 0.993597
956400000 5461.23 126.782 12010.7 0.993652
956500000 5461.23 121.506 12022.6 0.994037
956600000 5461.23 124.225 12016.5 0.993873
956700000 5461.22 135.124 11991.9 0.993006
956800000 5461.21 128.561 12006.7 0.993595
956900000 5461.23 126.898 12010.5 0.993613
957000000 5461.21 128.477 12006.9 0.993596
957100000 5461.22 125.124 12014.4 0.993769
957200000 5461.23 124.586 12015.7 0.993809
957300000 5461.23 124.469 12015.9 0.993831
957400000 5461.24 120.363 12025.2 0.994111
957500000 5461.23 126.743 12010.8 0.99364
957600000 5461.22 129.928 12003.6 0.993499
957700000 5461.23 128.514 12006.8 0.99355
957800000 5461.23 124.386 12016.1 0.993886
957900000 5461.23 125.155 12014.4 0.9938
958000000 5461.21 130.02 12003.4 0.993493
958100000 5461.24 121.253 12023.2 0.994041
958200000 5461.24 126.301 12011.8 0.993664
958300000 5461.21 124.035 12016.9 0.993916
958400000 5461.22 124.727 12015.3 0.993808
958500000 5461.23 124.914 12014.9 0.993787
958600000 5461.22 125.735 12013 0.993807
958700000 5461.22 134.2 11994 0.993054
958800000 5461.23 128.757 12006.3 0.993521
958900000 5461.21 125.537 12013.5 0.993806
959000000 5461.22 121.897 12021.7 0.994053
959100000 5461.22 126.669 12011 0.993712
959200000 5461.22 127.225 12009.7 0.993677
959300000 5461.22 124.265 12016.4 0.993897
959400000 5461.23 123.4 12018.3 0.993936
959500000 5461.22 125.863 12012.8 0.99377
959600000 5461.24 128.958 12005.8 0.993462
959700000 5461.23 130.073 12003.3 0.993428
959800000 5461.22 127.4 12009.3 0.993612
959900000 5461.22 126.885 12010.5 0.993675
960000000 5461.22 126.121 12012.2 0.993742
960100000 5461.22 128.871 12006 0.993501
960200000 5461.22 124.739 12015.3 0.993845
960300000 5461.23 126.804 12010.7 0.993647
960400000 5461.22 126.306 12011.8 0.993751
960500000 5461.22 128.501 12006.8 0.993572
960600000 5461.22 126.839 12010.6 0.993727
960700000 5461.21 133.256 11996.1 0.993224
960800000 5461.22 126.889 12010.5 0.993688
960900000 5461.23 130.237 12002.9 0.99346
961000000 5461.22 129.274 12005.1 0.993531
961100000 5461.24 127.652 12008.8 0.993594
961200000 5461.22 124.736 12015.3 0.993769
961300000 5461.23 123.955 12017.1 0.993883
961400000 5461.23 125.64 12013.3 0.99372
961500000 5461.21 127.66 12008.7 0.993638
961600000 5461.22 125.687 12013.2 0.99378
961700000 5461.24 125.982 12012.5 0.993708
961800000 5461.23 124.415 12016 0.993817
961900000 5461.22 124.739 12015.3 0.993801
962000000 5461.21 127.329 12009.4 0.993651
962100000 5461.22 125.885 12012.7 0.993748
962200000 5461.23 128.075 12007.8 0.993537
962300000 5461.22 127.258 12009.6 0.993581
962400000 5461.23 121.5 12022.6 0.994045
962500000 5461.22 126.268 12011.8 0.993743
962600000 5461.21 129.612 12004.3 0.993473
962700000 5461.21 132.136 11998.6 0.993282
962800000 5461.23 123.439 12018.2 0.993903
962900000 5461.22 131.682 11999.7 0.993289
963000000 5461.23 127.492 12009.1 0.993581
963100000 5461.2 135.915 11990.1 0.992934
963200000 5461.23 124.385 12016.1 0.993863
963300000 5461.23 123.908 12017.2 0.993898
963400000 5461.21 130.605 12002.1 0.993401
963500000 5461.23 124.686 12015.4 0.993813
963600000 5461.22 125.801 12012.9 0.993768
963700000 5461.23 123.707 12017.6 0.993934
963800000 5461.22 124.473 12015.9 0.993837
963900000 5461.23 121.692 12022.2 0.994015
964000000 5461.21 130.729 12001.8 0.993456
964100000 5461.24 125.934 12012.6 0.99374
964200000 5461.21 129.556 12004.4 0.993472
964300000 5461.21 127.702 12008.6 0.993609
964400000 5461.21 125.748 12013 0.993745
964500000 5461.21 130.947 12001.3 0.993399
964600000 5461.21 125.63 12013.3 0.993791
964700000 5461.24 126.984 12010.3 0.993638
964800000 5461.23 123.619 12017.8 0.993892
964900000 5461.24 122.161 12021.1 0.993991
965000000 5461.24 125.252 12014.2 0.993745
965100000 5461.21 130.092 12003.2 0.9935
965200000 5461.22 125.251 12014.1 0.993783
965300000 5461.22 127.126 12009.9 0.993623
965400000 5461.22 125.947 12012.6 0.993781
965500000 5461.22 126.252 12011.9 0.993794
965600000 5461.22 128.167 12007.6 0.993554
965700000 5461.23 127.155 12009.9 0.993696
965800000 5461.23 125.898 12012.7 0.993757
965900000 5461.23 124.958 12014.8 0.99381
966000000 5461.21 133.415 11995.7 0.993268
966100000 5461.24 125.042 12014.7 0.993786
966200000 5461.22 129.841 12003.8 0.993421
966300000 5461.24 130.634 12002.1 0.993353
966400000 5461.21 126.239 12011.9 0.993687
966500000 5461.23 125.021 12014.7 0.993817
966600000 5461.24 123.923 12017.2 0.993859
966700000 5461.22 124.267 12016.3 0.993889
966800000 5461.23 123.955 12017.1 0.993868
966900000 5461.22 123.621 12017.8 0.993885
967000000 5461.23 125.916 12012.7 0.993729
967100000 5461.22 123.781 12017.5 0.993911
967200000 5461.23 125.625 12013.3 0.993751
967300000 5461.22 125.036 12014.6 0.993813
967400000 5461.22 124.144 12016.6 0.993869
967500000 5461.21 126.547 12011.2 0.993658
967600000 5461.24 123.873 12017.3 0.993875
967700000 5461.22 126.933 12010.3 0.993678
967800000 5461.23 124.962 12014.8 0.993787
967900000 5461.22 125.964 12012.5 0.993724
968000000 5461.22 125.607 12013.3 0.99376
968100000 5461.23 124.417 12016 0.993836
968200000 5461.21 130.087 12003.2 0.993485
968300000 5461.23 123.074 12019.1 0.99393
968400000 5461.23 124.304 12016.3 0.993894
968500000 5461.23 132.258 11998.4 0.993206
968600000 5461.22 127.082 12010 0.993697
968700000 5461.23 124.818 12015.1 0.993835
968800000 5461.22 126.289 12011.8 0.993729
968900000 5461.22 132.271 11998.3 0.993214
969000000 5461.22 127.17 12009.8 0.993643
969100000 5461.22 123.877 12017.2 0.993875
969200000 5461.21 125.694 12013.1 0.993808
969300000 5461.23 126.184 12012.1 0.993704
969400000 5461.23 125.835 12012.9 0.993717
969500000 5461.21 126.481 12011.4 0.993753
969600000 5461.22 125 12014.7 0.993776
969700000 5461.22 126.78 12010.7 0.993658
969800000 5461.23 124.604 12015.6 0.993814
969900000 5461.24 123.315 12018.5 0.993903
970000000 5461.23 124.001 12017 0.993872
970100000 5461.22 124.031 12016.9 0.993898
970200000 5461.23 123.727 12017.6 0.993916
970300000 5461.24 123.582 12017.9 0.993879
970400000 5461.22 125.8 12012.9 0.99374
970500000 5461.23 127.459 12009.2 0.993641
970600000 5461.21 128.844 12006 0.993529
970700000 5461.23 119.807 12026.4 0.994196
970800000 5461.23 126.381 12011.6 0.99369
970900000 5461.22 127.116 12009.9 0.993637
971000000 5461.23 123.003 12019.2 0.993953
971100000 5461.21 127.871 12008.2 0.99365
971200000 5461.23 126.287 12011.8 0.993716
971300000 5461.22 128.661 12006.5 0.993546
971400000 5461.22 122.814 12019.6 0.993919
971500000 5461.22 124.071 12016.8 0.993924
971600000 5461.23 125.55 12013.5 0.993753
971700000 5461.24 121.709 12022.2 0.994005
971800000 5461.23 128.578 12006.7 0.993566
971900000 5461.23 124.773 12015.2 0.993831
972000000 5461.23 128.972 12005.8 0.993532
972100000 5461.22 126.003 12012.5 0.993775
972200000 5461.23 126.186 12012.1 0.993735
972300000 5461.23 124.284 12016.3 0.993829
972400000 5461.22 124.921 12014.9 0.993815
972500000 5461.22 127.176 12009.8 0.993677
972600000 5461.24 122.611 12020.1 0.993922
972700000 5461.22 122.477 12020.4 0.994022
972800000 5461.22 126.052 12012.3 0.993758
972900000 5461.24 125.285 12014.1 0.993748
973000000 5461.24 123.247 12018.7 0.993926
973100000 5461.23 125.345 12014 0.99378
973200000 5461.23 125.647 12013.3 0.99375
973300000 5461.23 125.116 12014.5 0.993802
973400000 5461.23 127.519 12009.1 0.993636
973500000 5461.23 129.589 12004.4 0.993461
973600000 5461.21 131.834 11999.3 0.99332
973700000 5461.22 126.078 12012.3 0.993741
973800000 5461.23 123.001 12019.2 0.993964
973900000 5461.22 124.372 12016.1 0.993832
974000000 5461.23 126.016 12012.4 0.993742
974100000 5461.22 129.822 12003.9 0.993429
974200000 5461.22 130.76 12001.7 0.99342
974300000 5461.22 128.975 12005.8 0.993521
974400000 5461.23 123.666 12017.7 0.993915
974500000 5461.23 125.334 12014 0.993754
974600000 5461.24 129.312 12005 0.993473
974700000 5461.22 128.006 12007.9 0.993623
974800000 5461.21 124.933 12014.8 0.993873
974900000 5461.21 129.578 12004.4 0.993544
975000000 5461.21 124.256 12016.4 0.993905
975100000 5461.24 121.456 12022.7 0.994036
975200000 5461.23 129.066 12005.6 0.993487
975300000 5461.22 126.336 12011.7 0.993715
975400000 5461.23 129.21 12005.3 0.993525
975500000 5461.22 130.828 12001.6 0.993384
975600000 5461.23 123.161 12018.9 0.993943
975700000 5461.23 126.625 12011.1 0.993649
975800000 5461.23 125.969 12012.5 0.993786
975900000 5461.22 125.623 12013.3 0.993759
976000000 5461.22 123.184 12018.8 0.993887
976100000 5461.22 125.174 12014.3 0.993798
976200000 5461.23 132.156 11998.6 0.9933
976300000 5461.23 125.612 12013.3 0.993734
976400000 5461.23 126.289 12011.8 0.993635
976500000 5461.23 121.598 12022.4 0.994029
976600000 5461.23 124.745 12015.3 0.99383
976700000 5461.21 127.828 12008.3 0.993664
976800000 5461.22 125.61 12013.3 0.993771
976900000 5461.22 127.209 12009.7 0.993648
977000000 5461.21 133.743 11995 0.993163
977100000 5461.24 131.718 11999.6 0.993242
977200000 5461.23 125.135 12014.4 0.993805
977300000 5461.23 127.897 12008.2 0.99357
977400000 5461.22 127.722 12008.6 0.993646
977500000 5461.24 134.188 11994.1 0.993052
977600000 5461.23 123.048 12019.1 0.993943
977700000 5461.23 124.838 12015.1 0.993807
977800000 5461.23 130.62 12002.1 0.993378
977900000 5461.23 126.885 12010.5 0.993685
978000000 5461.23 127.603 12008.9 0.993647
978100000 5461.22 127.927 12008.1 0.993624
978200000 5461.23 124.998 12014.7 0.99381
978300000 5461.22 128.333 12007.2 0.993562
978400000 5461.22 125.93 12012.6 0.993744
978500000 5461.23 126.146 12012.2 0.993678
978600000 5461.22 126.874 12010.5 0.993715
978700000 5461.22 123.476 12018.1 0.993919
978800000 5461.22 129.43 12004.7 0.993449
978900000 5461.22 121.67 12022.2 0.99407
979000000 5461.23 132.431 11998 0.99325
979100000 5461.22 126.692 12010.9 0.993693
979200000 5461.21 125.081 12014.5 0.993802
979300000 5461.22 128.566 12006.7 0.993556
979400000 5461.24 121.846 12021.9 0.994048
979500000 5461.22 128.168 12007.6 0.993578
979600000 5461.22 127.561 12008.9 0.994679
979700000 5461.22 130.437 12002.5 0.99343
979800000 5461.23 123.311 12018.5 0.993941
979900000 5461.21 128.44 12006.9 0.99355
980000000 5461.23 122.456 12020.5 0.993986
980100000 5461.23 125.415 12013.8 0.993772
980200000 5461.23 123.61 12017.8 0.993896
980300000 5461.24 127.007 12010.2 0.99365
980400000 5461.23 125.72 12013.1 0.993724
980500000 5461.21 129.762 12004 0.993465
980600000 5461.24 127.222 12009.7 0.993607
980700000 5461.22 126.88 12010.5 0.99371
980800000 5461.23 130.088 12003.3 0.993437
980900000 5461.23 131.877 11999.2 0.993246
981000000 5461.21 129.18 12005.3 0.993502
981100000 5461.23 122.609 12020.1 0.99397
981200000 5461.22 123.184 12018.8 0.993891
981300000 5461.22 125.657 12013.2 0.993755
981400000 5461.22 126.301 12011.8 0.9937
981500000 5461.21 133.131 11996.4 0.993232
981600000 5461.22 126.727 12010.8 0.993711
981700000 5461.21 125.678 12013.2 0.993778
981800000 5461.22 128.942 12005.8 0.993673
981900000 5461.24 123.17 12018.9 0.993929
982000000 5461.23 126.223 12012 0.993731
982100000 5461.22 130.655 12002 0.993402
982200000 5461.23 124.015 12016.9 0.993902
982300000 5461.23 124.307 12016.3 0.993887
982400000 5461.23 123.882 12017.2 0.993876
982500000 5461.22 129.811 12003.9 0.993401
982600000 5461.22 131.17 12000.8 0.993353
982700000 5461.22 126.906 12010.4 0.993719
982800000 5461.22 127.194 12009.8 0.993631
982900000 5461.22 126.864 12010.5 0.993712
983000000 5461.21 132.423 11998 0.993288
983100000 5461.23 130.345 12002.7 0.993383
983200000 5461.22 125.04 12014.6 0.993765
983300000 5461.23 125.722 12013.1 0.993754
983400000 5461.22 125.855 12012.8 0.993773
983500000 5461.22 129.362 12004.9 0.993494
983600000 5461.22 127.875 12008.2 0.993784
983700000 5461.23 123.908 12017.2 0.993869
983800000 5461.23 124.551 12015.7 0.993818
983900000 5461.22 122.441 12020.5 0.993975
984000000 5461.22 129.333 12004.9 0.993459
984100000 5461.24 131.531 12000 0.993259
984200000 5461.22 129.529 12004.5 0.993466
984300000 5461.23 125.533 12013.5 0.993791
984400000 5461.22 124.859 12015 0.993835
984500000 5461.23 127.778 12008.5 0.993597
984600000 5461.22 123.405 12018.3 0.993933
984700000 5461.22 124.094 12016.8 0.993866
984800000 5461.22 126.575 12011.2 0.993729
984900000 5461.23 124.992 12014.7 0.993827
985000000 5461.23 129.082 12005.5 0.993506
985100000 5461.23 124.888 12015 0.993827
985200000 5461.23 127.206 12009.8 0.993594
985300000 5461.22 131.855 11999.3 0.993311
985400000 5461.23 121.482 12022.6 0.994084
985500000 5461.22 124.892 12014.9 0.993839
985600000 5461.21 130.051 12003.3 0.993488
985700000 5461.21 126.506 12011.3 0.993714
985800000 5461.23 125.434 12013.7 0.993759
985900000 5461.23 130.596 12002.1 0.993392
986000000 5461.22 126.164 12012.1 0.993767
986100000 5461.22 127.79 12008.4 0.993617
986200000 5461.22 132.143 11998.6 0.993219
986300000 5461.22 124.824 12015.1 0.993896
986400000 5461.22 123.321 12018.5 0.993921
986500000 5461.23 124.999 12014.7 0.993745
986600000 5461.23 125.006 12014.7 0.993849
986700000 5461.22 128.454 12006.9 0.993547
986800000 5461.22 130.665 12001.9 0.99336
986900000 5461.22 128.601 12006.6 0.9935
987000000 5461.21 126.54 12011.2 0.993723
987100000 5461.22 128.831 12006.1 0.993625
987200000 5461.24 123.835 12017.4 0.993906
987300000 5461.21 126.686 12010.9 0.993713
987400000 5461.21 131.1 12001 0.993361
987500000 5461.21 130.526 12002.2 0.993473
987600000 5461.22 129.733 12004.1 0.993421
987700000 5461.22 131.812 11999.4 0.993258
987800000 5461.21 131.026 12001.1 0.993372
987900000 5461.22 127.125 12009.9 0.993643
988000000 5461.23 122.792 12019.7 0.994001
988100000 5461.24 123.551 12018 0.993858
988200000 5461.23 122.172 12021.1 0.99401
988300000 5461.21 128.819 12006.1 0.99351
988400000 5461.22 126.844 12010.6 0.993681
988500000 5461.22 124.684 12015.4 0.993783
988600000 5461.23 123.719 12017.6 0.993942
988700000 5461.22 124.061 12016.8 0.993869
988800000 5461.22 126.215 12012 0.993686
988900000 5461.23 126.577 12011.2 0.993709
989000000 5461.22 127.525 12009 0.993645
989100000 5461.21 124.125 12016.7 0.993891
989200000 5461.21 124.44 12015.9 0.993906
989300000 5461.23 128.9 12005.9 0.993502
989400000 5461.23 123.442 12018.2 0.993933
989500000 5461.22 127.341 12009.4 0.994052
989600000 5461.21 129.07 12005.5 0.993565
989700000 5461.21 136.428 11989 0.993
989800000 5461.23 124.273 12016.4 0.993808
989900000 5461.22 127.52 12009 0.993661
990000000 5461.23 122.936 12019.4 0.993942
990100000 5461.22 123.085 12019 0.993952
990200000 5461.23 123.037 12019.2 0.993905
990300000 5461.23 123.789 12017.5 0.993904
990400000 5461.22 129.142 12005.4 0.993472
990500000 5461.24 124.651 12015.5 0.993816
990600000 5461.23 126.566 12011.2 0.993665
990700000 5461.23 128.917 12005.9 0.993547
990800000 5461.22 127.004 12010.2 0.994411
990900000 5461.24 125.059 12014.6 0.993729
991000000 5461.23 132.532 11997.8 0.993209
991100000 5461.23 120.832 12024.1 0.994117
991200000 5461.23 124.404 12016.1 0.993839
991300000 5461.23 127.781 12008.5 0.993954
991400000 5461.22 128.437 12007 0.9935
991500000 5461.23 123.874 12017.3 0.99386
991600000 5461.23 124.766 12015.3 0.993823
991700000 5461.22 126.158 12012.1 0.993724
991800000 5461.23 124.139 12016.7 0.993862
991900000 5461.22 126.835 12010.6 0.993708
992000000 5461.23 122.27 12020.9 0.994006
992100000 5461.22 125.004 12014.7 0.993824
992200000 5461.23 121.801 12021.9 0.994026
992300000 5461.22 125.143 12014.4 0.993824
992400000 5461.22 126.506 12011.3 0.99374
992500000 5461.24 122.434 12020.5 0.993991
992600000 5461.22 127.581 12008.9 0.993627
992700000 5461.21 129.38 12004.8 0.993481
992800000 5461.23 124.719 12015.4 0.993835
992900000 5461.22 127.225 12009.7 0.99367
993000000 5461.23 129.353 12004.9 0.993478
993100000 5461.23 121.908 12021.7 0.993999
993200000 5461.24 122.915 12019.5 0.993937
993300000 5461.23 126.011 12012.5 0.993751
993400000 5461.23 126.468 12011.4 0.993672
993500000 5461.22 127.604 12008.8 0.993632
993600000 5461.23 124.526 12015.8 0.993899
993700000 5461.23 124.682 12015.4 0.993846
993800000 5461.22 127.086 12010 0.993635
993900000 5461.23 126.762 12010.8 0.993693
994000000 5461.23 123.806 12017.4 0.993918
994100000 5461.24 121.66 12022.3 0.994055
994200000 5461.23 128.713 12006.4 0.993457
994300000 5461.22 127.508 12009.1 0.993644
994400000 5461.22 128.361 12007.2 0.993529
994500000 5461.23 123.291 12018.6 0.994511
994600000 5461.22 130.963 12001.3 0.993298
994700000 5461.23 125.331 12014 0.993771
994800000 5461.22 122.78 12019.7 0.993978
994900000 5461.23 130.242 12002.9 0.993404
995000000 5461.22 124.098 12016.7 0.99383
995100000 5461.23 124.227 12016.5 0.993892
995200000 5461.22 129.58 12004.4 0.993472
995300000 5461.22 129.081 12005.5 0.993445
995400000 5461.22 130.576 12002.1 0.993408
995500000 5461.21 126.845 12010.5 0.99367
995600000 5461.22 129.361 12004.9 0.993546
995700000 5461.23 128.555 12006.7 0.9935
995800000 5461.21 124.224 12016.4 0.993855
995900000 5461.23 124.411 12016.1 0.993862
996000000 5461.22 127.078 12010 0.99369
996100000 5461.23 120.34 12025.2 0.994125
996200000 5461.21 134.918 11992.4 0.993114
996300000 5461.22 127.838 12008.3 0.9936
996400000 5461.21 129.497 12004.6 0.993512
996500000 5461.22 125.137 12014.4 0.993819
996600000 5461.23 124.807 12015.2 0.993784
996700000 5461.21 127.51 12009 0.993539
996800000 5461.23 127.62 12008.8 0.993512
996900000 5461.23 125.455 12013.7 0.993781
997000000 5461.23 125.905 12012.7 0.993697
997100000 5461.22 128.315 12007.2 0.993569
997200000 5461.23 124.284 12016.3 0.993864
997300000 5461.23 122.94 12019.4 0.993954
997400000 5461.22 129.324 12005 0.993432
997500000 5461.21 131.012 12001.1 0.99339
997600000 5461.23 123.887 12017.2 0.993889
997700000 5461.23 122.977 12019.3 0.993919
997800000 5461.23 121.345 12023 0.994084
997900000 5461.22 127.806 12008.4 0.993579
998000000 5461.21 126.852 12010.5 0.993713
998100000 5461.23 126.842 12010.6 0.993649
998200000 5461.23 124.165 12016.6 0.993901
998300000 5461.22 129.817 12003.9 0.993456
998400000 5461.23 121.586 12022.4 0.994054
998500000 5461.23 128.431 12007 0.993554
998600000 5461.22 130.783 12001.7 0.993391
998700000 5461.21 127.044 12010.1 0.99369
998800000 5461.22 125.433 12013.7 0.993795
998900000 5461.21 125.83 12012.8 0.993771
999000000 5461.22 125.914 12012.6 0.993757
999100000 5461.23 131.017 12001.2 0.993351
999200000 5461.23 124.209 12016.5 0.993842
999300000 5461.23 123.343 12018.5 0.993921
999400000 5461.23 122.685 12020 0.993946
999500000 5461.23 119.367 12027.4 0.994201
999600000 5461.2 129.614 12004.3 0.993552
999700000 5461.23 127.341 12009.5 0.993633
999800000 5461.23 127.242 12009.7 0.993666
999900000 5461.23 129.585 12004.4 0.993478
1000000000 5461.22 123.279 12018.6 0.99395
1000100000 5461.22 125.135 12014.4 0.99383
1000200000 5461.23 124.798 12015.2 0.993826
1000300000 5461.23 124.836 12015.1 0.993816
1000400000 5461.23 122.706 12019.9 0.99394
1000500000 5461.22 123.793 12017.4 0.993874
1000600000 5461.21 126.029 12012.4 0.993757
1000700000 5461.23 127.838 12008.3 0.993652
1000800000 5461.23 128.991 12005.7 0.993528
1000900000 5461.23 123.208 12018.8 0.993921
1001000000 5461.23 124.884 12015 0.993752
1001100000 5461.23 127.404 12009.3 0.993548
1001200000 5461.23 126.618 12011.1 0.993657
1001300000 5461.23 125.089 12014.5 0.993798
1001400000 5461.24 124.703 12015.4 0.994357
1001500000 5461.22 127.273 12009.6 0.993617
1001600000 5461.23 124.256 12016.4 0.993871
1001700000 5461.23 124.807 12015.2 0.993838
1001800000 5461.23 123.509 12018.1 0.993927
1001900000 5461.23 129.764 12004 0.993518
1002000000 5461.23 123.444 12018.2 0.993918
1002100000 5461.23 122.689 12019.9 0.993964
1002200000 5461.22 129.39 12004.8 0.99355
1002300000 5461.21 128.526 12006.7 0.993555
1002400000 5461.22 126.457 12011.4 0.994195
1002500000 5461.22 122.212 12021 0.994021
1002600000 5461.22 125.686 12013.2 0.99377
1002700000 5461.23 128.48 12006.9 0.99352
1002800000 5461.22 126.867 12010.5 0.993653
1002900000 5461.22 128.665 12006.4 0.993621
1003000000 5461.22 128.463 12006.9 0.993504
1003100000 5461.23 124.45 12016 0.993871
1003200000 5461.23 120.909 12023.9 0.994094
1003300000 5461.21 124.625 12015.5 0.99388
1003400000 5461.22 123.808 12017.4 0.993864
1003500000 5461.24 127.049 12010.1 0.993655
1003600000 5461.22 123.073 12019 0.993936
1003700000 5461.22 126.875 12010.5 0.993681
1003800000 5461.22 128.921 12005.9 0.99359
1003900000 5461.23 128.492 12006.9 0.993648
1004000000 5461.22 124.489 12015.9 0.993884
1004100000 5461.23 128.715 12006.4 0.993501
1004200000 5461.22 126.108 12012.2 0.993775
1004300000 5461.23 124.539 12015.8 0.993847
1004400000 5461.23 125.233 12014.2 0.99379
1004500000 5461.22 125.502 12013.6 0.993724
1004600000 5461.23 122.474 12020.4 0.993967
1004700000 5461.2 124.702 12015.3 0.993864
1004800000 5461.22 126.483 12011.4 0.993751
1004900000 5461.23 125.501 12013.6 0.993746
1005000000 5461.23 126.916 12010.4 0.993648
1005100000 5461.21 126.513 12011.3 0.993795
1005200000 5461.23 124.777 12015.2 0.993787
1005300000 5461.22 130.015 12003.4 0.993434
1005400000 5461.22 129.041 12005.6 0.99357
1005500000 5461.23 124.043 12016.9 0.993844
1005600000 5461.23 123.311 12018.5 0.993955
1005700000 5461.23 127.773 12008.5 0.993716
1005800000 5461.21 126.629 12011 0.993754
1005900000 5461.23 122.618 12020.1 0.993905
1006000000 5461.22 129.591 12004.4 0.993502
1006100000 5461.21 130.235 12002.9 0.993434
1006200000 5461.22 125.709 12013.1 0.993763
1006300000 5461.23 124.003 12017 0.993898
1006400000 5461.23 122.087 12021.3 0.993992
1006500000 5461.24 121.752 12022.1 0.994026
1006600000 5461.22 127.354 12009.4 0.993627
1006700000 5461.24 123.995 12017 0.993884
1006800000 5461.23 123.935 12017.1 0.993895
1006900000 5461.23 120.854 12024.1 0.994077
1007000000 5461.22 126.503 12011.3 0.993718
1007100000 5461.21 130.383 12002.6 0.993488
1007200000 5461.22 126.181 12012 0.993725
1007300000 5461.22 123.822 12017.4 0.9939
1007400000 5461.23 125.614 12013.3 0.993754
1007500000 5461.22 130.098 12003.2 0.993462
1007600000 5461.24 121.95 12021.6 0.994042
1007700000 5461.23 125.746 12013.1 0.993734
1007800000 5461.22 130.427 12002.5 0.993403
1007900000 5461.23 121.346 12023 0.99405
1008000000 5461.22 125.029 12014.6 0.993837
1008100000 5461.22 125.24 12014.2 0.993811
1008200000 5461.23 123.186 12018.8 0.993891
1008300000 5461.2 127.442 12009.2 0.993681
1008400000 5461.23 122.879 12019.5 0.99393
1008500000 5461.22 129.177 12005.3 0.99353
1008600000 5461.23 124.609 12015.6 0.993845
1008700000 5461.23 129.519 12004.5 0.993432
1008800000 5461.22 123.537 12018 0.993949
1008900000 5461.23 126.957 12010.3 0.993647
1009000000 5461.22 127.532 12009 0.993581
1009100000 5461.23 124.66 12015.5 0.993862
1009200000 5461.22 129.629 12004.3 0.993489
1009300000 5461.22 124.896 12014.9 0.993785
1009400000 5461.22 129.391 12004.8 0.993479
1009500000 5461.22 124.258 12016.4 0.993849
1009600000 5461.23 125.161 12014.4 0.993826
1009700000 5461.22 129.428 12004.7 0.993512
1009800000 5461.22 127.507 12009.1 0.993627
1009900000 5461.24 119.678 12026.7 0.994181
1010000000 5461.22 126.546 12011.2 0.993713
1010100000 5461.22 129.518 12004.5 0.993481
1010200000 5461.22 125.343 12013.9 0.993877
1010300000 5461.22 128.951 12005.8 0.993596
1010400000 5461.23 125.326 12014 0.993826
1010500000 5461.21 129.246 12005.1 0.99348
1010600000 5461.23 124.584 12015.7 0.993873
1010700000 5461.22 131.507 12000 0.993412
1010800000 5461.23 128.654 12006.5 0.993482
1010900000 5461.22 129.229 12005.2 0.993464
1011000000 5461.21 129.725 12004 0.993513
1011100000 5461.23 126.004 12012.5 0.99374
1011200000 5461.24 125 12014.7 0.993787
1011300000 5461.22 126.264 12011.9 0.993751
1011400000 5461.23 125.241 12014.2 0.993796
1011500000 5461.24 121.096 12023.6 0.994088
1011600000 5461.22 125.036 12014.6 0.993804
1011700000 5461.22 121.973 12021.5 0.994027
1011800000 5461.23 129.778 12004 0.993475
1011900000 5461.23 120.758 12024.3 0.994064
1012000000 5461.21 128.866 12006 0.993605
1012100000 5461.23 121.577 12022.4 0.994038
1012200000 5461.23 128.771 12006.2 0.993504
1012300000 5461.22 125.7 12013.1 0.993732
1012400000 5461.22 129.252 12005.1 0.99352
1012500000 5461.22 127.381 12009.3 0.993674
1012600000 5461.23 127.679 12008.7 0.993641
1012700000 5461.22 128.132 12007.7 0.9936
1012800000 5461.22 127.608 12008.8 0.993593
1012900000 5461.22 127.075 12010 0.993656
1013000000 5461.23 123.457 12018.2 0.993938
1013100000 5461.24 127.349 12009.5 0.993592
1013200000 5461.23 125.567 12013.4 0.993771
1013300000 5461.23 122.437 12020.5 0.994024
1013400000 5461.23 125.413 12013.8 0.993699
1013500000 5461.22 122.501 12020.3 0.994041
1013600000 5461.22 124.029 12016.9 0.993871
1013700000 5461.23 122.504 12020.4 0.993988
1013800000 5461.22 127.005 12010.2 0.993656
1013900000 5461.24 121.707 12022.2 0.994015
1014000000 5461.22 125.081 12014.5 0.993795
1014100000 5461.22 123.259 12018.6 0.993909
1014200000 5461.23 131.89 11999.2 0.993179
1014300000 5461.23 125.919 12012.7 0.993699
1014400000 5461.23 130.306 12002.8 0.993334
1014500000 5461.22 125.125 12014.4 0.993772
1014600000 5461.22 130.149 12003.1 0.993393
1014700000 5461.23 124.046 12016.9 0.993859
1014800000 5461.21 133.854 11994.8 0.993249
1014900000 5461.21 130.1 12003.2 0.993444
1015000000 5461.22 121.452 12022.7 0.994062
1015100000 5461.21 129.232 12005.2 0.993576
1015200000 5461.21 129.633 12004.3 0.993482
1015300000 5461.22 130.344 12002.7 0.993419
1015400000 5461.22 124.662 12015.5 0.993855
1015500000 5461.21 130.199 12003 0.993502
1015600000 5461.23 125.308 12014 0.993781
1015700000 5461.23 122.498 12020.4 0.993992
1015800000 5461.22 128.652 12006.5 0.993533
1015900000 5461.21 131.668 11999.7 0.993319
1016000000 5461.23 122.764 12019.8 0.993938
1016100000 5461.22 125.342 12013.9 0.993778
1016200000 5461.23 123.543 12018 0.993923
1016300000 5461.22 125.613 12013.3 0.993814
1016400000 5461.21 129.292 12005 0.993516
1016500000 5461.22 124.276 12016.3 0.993901
1016600000 5461.23 122.289 12020.8 0.993996
1016700000 5461.23 127.021 12010.2 0.993613
1016800000 5461.22 125.796 12012.9 0.993731
1016900000 5461.22 131.384 12000.3 0.993386
1017000000 5461.22 127.757 12008.5 0.993628
1017100000 5461.22 125.665 12013.2 0.993734
1017200000 5461.23 125.023 12014.7 0.993824
1017300000 5461.23 128.387 12007.1 0.993529
1017400000 5461.22 130.82 12001.6 0.99342
1017500000 5461.22 126.742 12010.8 0.993688
1017600000 5461.23 128.059 12007.8 0.993615
1017700000 5461.21 129.16 12005.3 0.993494
1017800000 5461.22 128.888 12005.9 0.993525
1017900000 5461.23 125.495 12013.6 0.993746
1018000000 5461.23 126.833 12010.6 0.993697
1018100000 5461.23 123.468 12018.2 0.993931
1018200000 5461.22 128.511 12006.8 0.993555
1018300000 5461.21 129.709 12004.1 0.993483
1018400000 5461.22 125.89 12012.7 0.993757
1018500000 5461.21 127.964 12008 0.993672
1018600000 5461.23 122.436 12020.5 0.993983
1018700000 5461.22 123.118 12019 0.993923
1018800000 5461.22 131.305 12000.5 0.993406
1018900000 5461.22 126.338 12011.7 0.993695
1019000000 5461.23 126.736 12010.8 0.993649
1019100000 5461.23 119.855 12026.3 0.994162
1019200000 5461.23 122.514 12020.3 0.99398
1019300000 5461.23 123.345 12018.4 0.993933
1019400000 5461.23 128.9 12005.9 0.993488
1019500000 5461.24 124.1 12016.8 0.993853
1019600000 5461.22 127.696 12008.6 0.99367
1019700000 5461.22 126.421 12011.5 0.993685
1019800000 5461.22 129.015 12005.7 0.993554
1019900000 5461.23 124.082 12016.8 0.993867
1020000000 5461.24 123.023 12019.2 0.993938
1020100000 5461.22 128.563 12006.7 0.993577
1020200000 5461.23 124.095 12016.8 0.993855
1020300000 5461.22 126.015 12012.4 0.993698
1020400000 5461.22 125.146 12014.4 0.993833
1020500000 5461.23 125.224 12014.2 0.993818
1020600000 5461.24 123.873 12017.3 0.993878
1020700000 5461.23 127.846 12008.3 0.993678
1020800000 5461.23 124.511 12015.8 0.993868
1020900000 5461.22 128.752 12006.3 0.993553
1021000000 5461.23 120.795 12024.2 0.994122
1021100000 5461.22 125.159 12014.4 0.993807
1021200000 5461.23 123.375 12018.4 0.993926
1021300000 5461.22 128.392 12007.1 0.993542
1021400000 5461.23 125.378 12013.9 0.993798
1021500000 5461.22 124.815 12015.1 0.993823
1021600000 5461.23 125.696 12013.2 0.993722
1021700000 5461.23 123.01 12019.2 0.993926
1021800000 5461.23 124.552 12015.7 0.993852
1021900000 5461.22 127.158 12009.8 0.993695
1022000000 5461.24 124.285 12016.4 0.993817
1022100000 5461.23 124.303 12016.3 0.993871
1022200000 5461.24 122.72 12019.9 0.993981
1022300000 5461.23 124.192 12016.5 0.993874
1022400000 5461.22 125.945 12012.6 0.993793
1022500000 5461.23 120.867 12024 0.994125
1022600000 5461.24 124.383 12016.1 0.993817
1022700000 5461.21 124.776 12015.2 0.993822
1022800000 5461.23 123.602 12017.9 0.993903
1022900000 5461.22 128.189 12007.5 0.99359
1023000000 5461.22 122.049 12021.4 0.994024
1023100000 5461.22 130.716 12001.8 0.993429
1023200000 5461.23 124.549 12015.8 0.993865
1023300000 5461.22 129.335 12005 0.99348
1023400000 5461.22 124.997 12014.7 0.993841
1023500000 5461.23 126.072 12012.3 0.99373
1023600000 5461.21 125.606 12013.3 0.993835
1023700000 5461.23 124.398 12016.1 0.99383
1023800000 5461.22 126.973 12010.3 0.993648
1023900000 5461.24 128.562 12006.7 0.993499
1024000000 5461.23 126.772 12010.7 0.993683
1024100000 5461.22 125.503 12013.6 0.993789
1024200000 5461.22 127.072 12010 0.993685
1024300000 5461.22 124.996 12014.7 0.993848
1024400000 5461.23 130.702 12001.9 0.993358
1024500000 5461.23 125.656 12013.2 0.993774
1024600000 5461.23 128.786 12006.2 0.99346
1024700000 5461.22 127.104 12010 0.993646
1024800000 5461.23 124.157 12016.6 0.993845
1024900000 5461.24 130.29 12002.8 0.993399
1025000000 5461.23 128.261 12007.4 0.993563
1025100000 5461.23 126.804 12010.7 0.993693
1025200000 5461.23 125.357 12013.9 0.993824
1025300000 5461.23 122.639 12020 0.993982
1025400000 5461.23 126.266 12011.9 0.99369
1025500000 5461.21 128.077 12007.8 0.993625
1025600000 5461.22 125.973 12012.5 0.993756
1025700000 5461.21 134.888 11992.4 0.993169
1025800000 5461.23 125.243 12014.2 0.993802
1025900000 5461.21 126.957 12010.3 0.993699
1026000000 5461.23 125.082 12014.5 0.99383
1026100000 5461.21 124.503 12015.8 0.993867
1026200000 5461.23 131.148 12000.9 0.99333
1026300000 5461.21 127.123 12009.9 0.993647
1026400000 5461.24 120.01 12026 0.99414
1026500000 5461.23 128.644 12006.5 0.993493
1026600000 5461.22 126.153 12012.1 0.993745
1026700000 5461.22 124.926 12014.9 0.99382
1026800000 5461.22 125.233 12014.2 0.993771
1026900000 5461.22 126.247 12011.9 0.993712
1027000000 5461.22 126.974 12010.3 0.993649
1027100000 5461.23 128.444 12007 0.99355
1027200000 5461.21 131.263 12000.6 0.993346
1027300000 5461.22 124.664 12015.5 0.993849
1027400000 5461.23 123.722 12017.6 0.993878
1027500000 5461.23 128.43 12007 0.993515
1027600000 5461.22 127.517 12009 0.993653
1027700000 5461.23 126.405 12011.6 0.993738
1027800000 5461.22 123.537 12018 0.993926
1027900000 5461.23 125.668 12013.2 0.993717
1028000000 5461.22 128.724 12006.3 0.993517
1028100000 5461.23 132.821 11997.1 0.993266
1028200000 5461.24 124.073 12016.8 0.993894
1028300000 5461.24 128.047 12007.9 0.99357
1028400000 5461.23 128.489 12006.9 0.993522
1028500000 5461.23 121.513 12022.6 0.994066
1028600000 5461.21 130.029 12003.4 0.9935
1028700000 5461.24 125.808 12012.9 0.993772
1028800000 5461.22 125.463 12013.7 0.993756
1028900000 5461.23 123.311 12018.5 0.993905
1029000000 5461.22 127.614 12008.8 0.993612
1029100000 5461.23 127.222 12009.7 0.993645
1029200000 5461.21 128.27 12007.3 0.993564
1029300000 5461.23 125.061 12014.6 0.993845
1029400000 5461.23 123.755 12017.5 0.993901
1029500000 5461.21 126.69 12010.9 0.993757
1029600000 5461.22 127.236 12009.7 0.993637
1029700000 5461.24 122.012 12021.5 0.994007
1029800000 5461.23 127.608 12008.9 0.993647
1029900000 5461.23 127.137 12009.9 0.993629
1030000000 5461.23 128.779 12006.2 0.993461
1030100000 5461.23 124.456 12016 0.993805
1030200000 5461.21 134.67 11992.9 0.993052
1030300000 5461.23 127.9 12008.2 0.99356
1030400000 5461.22 126.325 12011.7 0.993728
1030500000 5461.22 127.598 12008.9 0.993643
1030600000 5461.22 126.444 12011.5 0.993713
1030700000 5461.23 125.042 12014.6 0.993808
1030800000 5461.23 128.35 12007.2 0.993538
1030900000 5461.23 122.19 12021.1 0.994019
1031000000 5461.22 124.48 12015.9 0.993902
1031100000 5461.23 129.806 12003.9 0.993403
1031200000 5461.21 124.285 12016.3 0.993912
1031300000 5461.24 123.307 12018.6 0.993882
1031400000 5461.22 127.406 12009.3 0.993627
1031500000 5461.23 126.502 12011.4 0.993672
1031600000 5461.23 125.843 12012.8 0.993776
1031700000 5461.22 126.631 12011 0.993702
1031800000 5461.21 131.273 12000.6 0.9934
1031900000 5461.21 127.906 12008.1 0.99359
1032000000 5461.22 123.579 12017.9 0.993923
1032100000 5461.22 124.608 12015.6 0.993871
1032200000 5461.21 128.42 12007 0.993563
1032300000 5461.23 125.094 12014.5 0.993786
1032400000 5461.23 128.08 12007.8 0.993528
1032500000 5461.24 121.263 12023.2 0.994055
1032600000 5461.24 134.989 11992.2 0.993025
1032700000 5461.24 121.687 12022.2 0.994028
1032800000 5461.22 126.715 12010.8 0.993749
1032900000 5461.24 125.156 12014.4 0.993784
1033000000 5461.23 124.378 12016.1 0.993836
1033100000 5461.23 129.48 12004.6 0.993966
1033200000 5461.22 127.191 12009.8 0.993656
1033300000 5461.23 130.706 12001.9 0.99336
1033400000 5461.22 133.036 11996.6 0.993224
1033500000 5461.23 122.209 12021 0.994019
1033600000 5461.23 126.838 12010.6 0.993662
1033700000 5461.22 131.353 12000.4 0.993313
1033800000 5461.22 128.933 12005.8 0.993515
1033900000 5461.22 125.689 12013.2 0.993733
1034000000 5461.23 128.082 12007.8 0.993526
1034100000 5461.22 125.716 12013.1 0.993776
1034200000 5461.23 121.299 12023.1 0.994042
1034300000 5461.22 127.917 12008.1 0.993644
1034400000 5461.23 127.789 12008.5 0.993577
1034500000 5461.22 124.416 12016 0.993844
1034600000 5461.22 128.287 12007.3 0.993557
1034700000 5461.22 124.25 12016.4 0.993858
1034800000 5461.21 127.093 12010 0.993686
1034900000 5461.22 127.472 12009.1 0.993615
1035000000 5461.21 125.572 12013.4 0.993841
1035100000 5461.22 129.987 12003.5 0.993456
1035200000 5461.23 126.995 12010.2 0.99363
1035300000 5461.22 124.776 12015.2 0.993866
1035400000 5461.22 123.499 12018.1 0.993928
1035500000 5461.22 125.933 12012.6 0.99372
1035600000 5461.23 123.499 12018.1 0.99391
1035700000 5461.23 123.157 12018.9 0.993915
1035800000 5461.22 125.448 12013.7 0.993741
1035900000 5461.21 129.226 12005.2 0.993524
1036000000 5461.23 127.377 12009.4 0.993597
1036100000 5461.23 130.388 12002.6 0.993428
1036200000 5461.22 131.662 11999.7 0.993773
1036300000 5461.23 127.279 12009.6 0.993591
1036400000 5461.23 127.433 12009.2 0.993609
1036500000 5461.23 126.247 12011.9 0.99376
1036600000 5461.23 123.503 12018.1 0.993889
1036700000 5461.21 126.554 12011.2 0.993711
1036800000 5461.22 133.87 11994.7 0.993164
1036900000 5461.23 123.438 12018.2 0.993932
1037000000 5461.23 122.004 12021.5 0.994044
1037100000 5461.23 123.38 12018.4 0.993894
1037200000 5461.22 127.465 12009.2 0.993682
1037300000 5461.23 124.314 12016.3 0.99386
1037400000 5461.24 130.458 12002.5 0.993421
1037500000 5461.23 129.293 12005.1 0.993491
1037600000 5461.21 125.527 12013.5 0.993781
1037700000 5461.23 125.299 12014 0.993794
1037800000 5461.22 127.128 12009.9 0.993706
1037900000 5461.22 125.414 12013.8 0.993795
1038000000 5461.22 125.121 12014.4 0.993822
1038100000 5461.24 125.915 12012.7 0.99368
1038200000 5461.22 122.979 12019.3 0.993959
1038300000 5461.23 126.139 12012.2 0.993675
1038400000 5461.23 126.737 12010.8 0.993708
1038500000 5461.22 126.166 12012.1 0.993749
1038600000 5461.23 125.4 12013.8 0.993758
1038700000 5461.23 122.818 12019.6 0.993968
1038800000 5461.22 125.172 12014.3 0.993838
1038900000 5461.22 128.49 12006.9 0.993588
1039000000 5461.23 123.921 12017.2 0.993864
1039100000 5461.23 122.697 12019.9 0.993939
1039200000 5461.23 123.882 12017.2 0.993904
1039300000 5461.22 123.917 12017.1 0.993862
1039400000 5461.22 127.553 12009 0.99364
1039500000 5461.22 127.366 12009.4 0.99364
1039600000 5461.22 125.848 12012.8 0.993783
1039700000 5461.21 129.777 12003.9 0.993497
1039800000 5461.23 125.79 12012.9 0.993773
1039900000 5461.23 128.884 12006 0.993473
1040000000 5461.22 133.661 11995.2 0.993246
1040100000 5461.23 124.437 12016 0.993847
1040200000 5461.23 129.378 12004.9 0.99347
1040300000 5461.22 128.838 12006.1 0.993522
1040400000 5461.23 128.526 12006.8 0.993468
1040500000 5461.21 126.879 12010.5 0.993654
1040600000 5461.21 125.918 12012.6 0.99374
1040700000 5461.23 126.5 12011.3 0.993705
1040800000 5461.23 123.984 12017 0.99387
1040900000 5461.23 124.707 12015.4 0.993822
1041000000 5461.23 131.5 12000.1 0.993324
1041100000 5461.23 124.457 12015.9 0.993817
1041200000 5461.22 126.602 12011.1 0.993679
1041300000 5461.22 126.31 12011.8 0.993724
1041400000 5461.22 128.775 12006.2 0.9935
1041500000 5461.22 126.567 12011.2 0.993711
1041600000 5461.22 127.226 12009.7 0.993668
1041700000 5461.23 124.834 12015.1 0.993764
1041800000 5461.23 127.462 12009.2 0.993603
1041900000 5461.22 123.383 12018.3 0.993907
1042000000 5461.21 126.696 12010.9 0.993721
1042100000 5461.22 122.403 12020.6 0.994042
1042200000 5461.23 121.203 12023.3 0.994094
1042300000 5461.21 132.973 11996.7 0.993246
1042400000 5461.23 126.568 12011.2 0.99367
1042500000 5461.23 126.435 12011.5 0.993675
1042600000 5461.21 127.914 12008.1 0.99361
1042700000 5461.21 125.538 12013.5 0.993821
1042800000 5461.24 126.204 12012 0.993703
1042900000 5461.23 125.189 12014.3 0.993807
1043000000 5461.23 121.542 12022.5 0.994035
1043100000 5461.21 128.239 12007.4 0.993598
1043200000 5461.22 122.747 12019.8 0.993955
1043300000 5461.23 126.232 12012 0.993661
1043400000 5461.22 123.44 12018.2 0.993901
1043500000 5461.22 124.274 12016.4 0.993836
1043600000 5461.23 123.868 12017.3 0.993892
1043700000 5461.22 128.416 12007 0.993582
1043800000 5461.21 131.632 11999.8 0.993272
1043900000 5461.22 126.232 12011.9 0.99374
1044000000 5461.21 129.88 12003.7 0.994123
1044100000 5461.24 126.696 12010.9 0.993646
1044200000 5461.24 120.377 12025.2 0.994093
1044300000 5461.22 128.078 12007.8 0.993539
1044400000 5461.23 125.683 12013.2 0.993767
1044500000 5461.22 130.355 12002.6 0.993435
1044600000 5461.24 120.689 12024.5 0.994102
1044700000 5461.22 124.827 12015.1 0.993833
1044800000 5461.23 128.483 12006.9 0.99357
1044900000 5461.23 122.803 12019.7 0.993963
1045000000 5461.22 125.69 12013.2 0.993747
1045100000 5461.22 123.192 12018.8 0.993929
1045200000 5461.22 127.052 12010.1 0.993637
1045300000 5461.21 125.587 12013.4 0.9938
1045400000 5461.23 124.074 12016.8 0.99386
1045500000 5461.22 142.218 11975.9 0.992397
1045600000 5461.22 126.811 12010.6 0.993666
1045700000 5461.23 122.881 12019.5 0.993949
1045800000 5461.23 123.069 12019.1 0.993927
1045900000 5461.22 126.888 12010.5 0.993708
1046000000 5461.23 124.327 12016.2 0.993856
1046100000 5461.23 128.942 12005.8 0.993441
1046200000 5461.24 125.546 12013.5 0.993786
1046300000 5461.22 130.993 12001.2 0.993314
1046400000 5461.23 128.807 12006.2 0.993547
1046500000 5461.23 123.243 12018.7 0.993998
1046600000 5461.23 128.253 12007.4 0.993572
1046700000 5461.23 127.849 12008.3 0.993572
1046800000 5461.23 122.19 12021.1 0.994008
1046900000 5461.24 124.147 12016.7 0.993847
1047000000 5461.22 140.603 11979.6 0.992689
1047100000 5461.22 124.481 12015.9 0.993857
1047200000 5461.22 130.988 12001.2 0.993316
1047300000 5461.23 121.537 12022.5 0.994057
1047400000 5461.23 122.575 12020.2 0.993965
1047500000 5461.22 127.125 12009.9 0.993671
1047600000 5461.24 123.58 12017.9 0.993895
1047700000 5461.22 125.446 12013.7 0.993797
1047800000 5461.23 125.842 12012.8 0.993732
1047900000 5461.24 125.525 12013.6 0.993806
1048000000 5461.23 120.108 12025.7 0.994131
1048100000 5461.22 125.514 12013.5 0.993787
1048200000 5461.24 120.989 12023.8 0.994077
1048300000 5461.22 126.467 12011.4 0.993718
1048400000 5461.23 121.915 12021.7 0.994017
1048500000 5461.21 126.797 12010.6 0.993716
1048600000 5461.22 127.268 12009.6 0.993651
1048700000 5461.22 126.593 12011.1 0.99365
1048800000 5461.23 125.199 12014.3 0.993773
1048900000 5461.21 130.156 12003.1 0.993442
1049000000 5461.23 129.71 12004.1 0.99349
1049100000 5461.22 127.77 12008.5 0.993606
1049200000 5461.21 126.771 12010.7 0.993739
1049300000 5461.22 127.871 12008.2 0.994592
1049400000 5461.23 121.47 12022.7 0.994045
1049500000 5461.22 127.982 12008 0.993583
1049600000 5461.23 124.239 12016.4 0.993862
1049700000 5461.22 126.356 12011.7 0.993749
1049800000 5461.22 125.428 12013.7 0.99381
1049900000 5461.22 126.303 12011.8 0.993747
1050000000 5461.23 121.508 12022.6 0.994046
1050100000 5461.24 123.881 12017.3 0.994016
1050200000 5461.23 123.381 12018.4 0.993899
1050300000 5461.23 122.286 12020.8 0.994007
1050400000 5461.23 128.172 12007.6 0.993614
1050500000 5461.21 127.041 12010.1 0.993669
1050600000 5461.22 123.593 12017.9 0.993941
1050700000 5461.23 125.334 12014 0.993768
1050800000 5461.22 126.104 12012.2 0.993776
1050900000 5461.22 128.262 12007.4 0.993617
1051000000 5461.23 126.252 12011.9 0.993748
1051100000 5461.22 126.173 12012.1 0.993725
1051200000 5461.22 127.911 12008.2 0.993622
1051300000 5461.24 123.02 12019.2 0.993933
1051400000 5461.23 122.895 12019.5 0.993952
1051500000 5461.21 123.257 12018.6 0.993941
1051600000 5461.23 123.984 12017 0.993844
1051700000 5461.24 121.897 12021.7 0.994017
1051800000 5461.23 124.524 12015.8 0.993842
1051900000 5461.23 121.739 12022.1 0.994076
1052000000 5461.23 122.822 12019.6 0.993938
1052100000 5461.22 125.438 12013.7 0.993781
1052200000 5461.23 127.754 12008.5 0.993641
1052300000 5461.23 122.09 12021.3 0.994005
1052400000 5461.23 123.791 12017.4 0.993882
1052500000 5461.22 128.567 12006.7 0.99359
1052600000 5461.22 127.116 12010 0.993701
1052700000 5461.22 123.807 12017.4 0.993874
1052800000 5461.23 121.871 12021.8 0.994026
1052900000 5461.23 126.393 12011.6 0.993659
1053000000 5461.21 127.832 12008.3 0.993607
1053100000 5461.23 124.614 12015.6 0.993858
1053200000 5461.22 130.755 12001.7 0.993397
1053300000 5461.21 130.236 12002.9 0.993476
1053400000 5461.23 125.418 12013.8 0.993737
1053500000 5461.23 125.719 12013.1 0.993794
1053600000 5461.24 126.129 12012.2 0.993715
1053700000 5461.22 123.033 12019.1 0.993963
1053800000 5461.23 125.688 12013.2 0.993768
1053900000 5461.23 129.877 12003.8 0.993392
1054000000 5461.2 131.869 11999.2 0.993393
1054100000 5461.23 124.531 12015.8 0.993806
1054200000 5461.21 131.562 11999.9 0.99338
1054300000 5461.23 129.444 12004.7 0.993528
1054400000 5461.21 127.271 12009.6 0.993637
1054500000 5461.23 131.586 11999.9 0.993301
1054600000 5461.23 129.088 12005.5 0.993492
1054700000 5461.23 127.469 12009.2 0.99359
1054800000 5461.24 126.296 12011.8 0.993719
1054900000 5461.23 122.973 12019.3 0.993946
1055000000 5461.22 128.403 12007 0.993606
1055100000 5461.22 128.378 12007.1 0.99352
1055200000 5461.22 128.044 12007.8 0.993618
1055300000 5461.23 127.019 12010.2 0.993623
1055400000 5461.24 124.655 12015.5 0.993856
1055500000 5461.23 123.433 12018.3 0.993907
1055600000 5461.24 126.654 12011 0.993607
1055700000 5461.23 124.739 12015.3 0.994111
1055800000 5461.23 126.197 12012 0.993737
1055900000 5461.23 124.869 12015 0.993809
1056000000 5461.22 128.022 12007.9 0.99362
1056100000 5461.23 126.267 12011.9 0.993714
1056200000 5461.23 126.876 12010.5 0.993704
1056300000 5461.22 124.723 12015.3 0.993839
1056400000 5461.24 123.18 12018.9 0.993931
1056500000 5461.21 129.142 12005.4 0.993445
1056600000 5461.24 121.315 12023 0.994041
1056700000 5461.24 125.406 12013.8 0.993784
1056800000 5461.23 123.81 12017.4 0.99393
1056900000 5461.23 128.095 12007.8 0.993588
1057000000 5461.2 135.696 11990.6 0.993053
1057100000 5461.23 125.208 12014.3 0.993749
1057200000 5461.23 135.304 11991.5 0.993024
1057300000 5461.23 121.622 12022.3 0.994041
1057400000 5461.24 121.833 12021.9 0.994037
1057500000 5461.23 125.09 12014.5 0.995206
1057600000 5461.22 127.583 12008.9 0.993559
1057700000 5461.23 122.093 12021.3 0.994034
1057800000 5461.23 124.94 12014.9 0.993776
1057900000 5461.22 126.741 12010.8 0.993668
1058000000 5461.23 124.239 12016.4 0.993873
1058100000 5461.24 126.097 12012.3 0.993789
1058200000 5461.24 121.383 12022.9 0.994059
1058300000 5461.24 125.728 12013.1 0.993703
1058400000 5461.23 123.592 12017.9 0.993926
1058500000 5461.23 127.565 12008.9 0.993612
1058600000 5461.23 129.385 12004.8 0.993467
1058700000 5461.23 123.41 12018.3 0.993929
1058800000 5461.23 124.252 12016.4 0.993878
1058900000 5461.23 128.562 12006.7 0.993523
1059000000 5461.21 127.31 12009.5 0.993694
1059100000 5461.22 133.146 11996.4 0.993166
1059200000 5461.22 126.345 12011.7 0.993693
1059300000 5461.23 126.967 12010.3 0.993694
1059400000 5461.23 121.661 12022.2 0.994033
1059500000 5461.22 132.117 11998.7 0.993262
1059600000 5461.23 125.525 12013.5 0.993741
1059700000 5461.22 131.402 12000.3 0.993395
1059800000 5461.24 123.755 12017.5 0.993894
1059900000 5461.21 127.693 12008.6 0.993614
1060000000 5461.23 129.627 12004.3 0.993453
1060100000 5461.22 129.986 12003.5 0.993448
1060200000 5461.22 125.735 12013.1 0.993783
1060300000 5461.22 128.374 12007.1 0.993581
1060400000 5461.21 130.808 12001.6 0.9934
1060500000 5461.22 128.167 12007.6 0.99361
1060600000 5461.23 123.777 12017.5 0.993942
1060700000 5461.23 127.025 12010.2 0.993581
1060800000 5461.23 122.592 12020.2 0.993989
1060900000 5461.22 122.964 12019.3 0.993953
1061000000 5461.23 128.447 12007 0.993564
1061100000 5461.23 124.75 12015.3 0.993868
1061200000 5461.23 127.933 12008.1 0.993561
1061300000 5461.23 121.032 12023.7 0.9941
1061400000 5461.23 124.386 12016.1 0.993858
1061500000 5461.21 135.678 11990.7 0.993073
1061600000 5461.22 129.073 12005.5 0.99353
1061700000 5461.22 125.436 12013.7 0.993778
1061800000 5461.21 133.081 11996.5 0.993266
1061900000 5461.24 124.604 12015.6 0.993833
1062000000 5461.21 126.343 12011.7 0.993764
1062100000 5461.22 130.232 12002.9 0.99345
1062200000 5461.23 126.305 12011.8 0.99372
1062300000 5461.22 128.486 12006.8 0.99359
1062400000 5461.23 125.546 12013.5 0.993801
1062500000 5461.23 122.137 12021.2 0.99399
1062600000 5461.23 121.46 12022.7 0.994061
1062700000 5461.22 123.963 12017 0.993895
1062800000 5461.23 123.741 12017.6 0.993933
1062900000 5461.22 128.721 12006.3 0.993556
1063000000 5461.23 126.281 12011.8 0.993735
1063100000 5461.22 127.731 12008.6 0.993573
1063200000 5461.23 133.272 11996.1 0.993138
1063300000 5461.24 121.847 12021.8 0.994011
1063400000 5461.23 122.76 12019.8 0.993982
1063500000 5461.23 125.107 12014.5 0.993825
1063600000 5461.23 124.521 12015.8 0.99382
1063700000 5461.23 125.695 12013.2 0.993776
1063800000 5461.23 128.185 12007.5 0.993582
1063900000 5461.22 127.345 12009.4 0.993691
1064000000 5461.22 124.164 12016.6 0.993885
1064100000 5461.24 126.78 12010.7 0.993642
1064200000 5461.22 126.332 12011.7 0.99374
1064300000 5461.23 121.965 12021.6 0.994041
1064400000 5461.22 125.615 12013.3 0.993747
1064500000 5461.22 127.22 12009.7 0.993663
1064600000 5461.22 126.139 12012.1 0.993741
1064700000 5461.22 128.77 12006.2 0.993525
1064800000 5461.22 125.671 12013.2 0.99376
1064900000 5461.24 124.739 12015.3 0.99385
1065000000 5461.22 126.814 12010.6 0.993718
1065100000 5461.22 132.937 11996.8 0.993208
1065200000 5461.23 125.392 12013.8 0.993788
1065300000 5461.23 122.162 12021.1 0.994016
1065400000 5461.23 122.973 12019.3 0.993937
1065500000 5461.23 130.604 12002.1 0.99334
1065600000 5461.22 126.282 12011.8 0.993712
1065700000 5461.22 130.465 12002.4 0.993412
1065800000 5461.22 130.193 12003 0.993463
1065900000 5461.24 125.557 12013.5 0.993774
1066000000 5461.22 127.979 12008 0.993616
1066100000 5461.23 125.763 12013 0.993765
1066200000 5461.22 122.286 12020.8 0.994005
1066300000 5461.24 126.152 12012.1 0.993681
1066400000 5461.21 128.913 12005.9 0.993546
1066500000 5461.21 132.767 11997.2 0.993239
1066600000 5461.22 127.028 12010.1 0.993617
1066700000 5461.22 125.755 12013 0.993741
1066800000 5461.21 128.912 12005.9 0.993606
1066900000 5461.21 127.97 12008 0.993626
1067000000 5461.22 126.295 12011.8 0.993731
1067100000 5461.23 128.615 12006.6 0.993541
1067200000 5461.22 123.834 12017.3 0.993888
1067300000 5461.23 127.383 12009.4 0.993638
1067400000 5461.21 131.851 11999.3 0.993358
1067500000 5461.23 123.832 12017.4 0.993911
1067600000 5461.22 128.814 12006.1 0.993566
1067700000 5461.22 129.013 12005.7 0.993513
1067800000 5461.23 123.888 12017.2 0.9939
1067900000 5461.23 126.451 12011.5 0.993691
1068000000 5461.23 124.942 12014.8 0.993829
1068100000 5461.22 125.851 12012.8 0.993765
1068200000 5461.23 127.602 12008.9 0.993546
1068300000 5461.22 123.994 12017 0.993883
1068400000 5461.23 127.96 12008.1 0.993613
1068500000 5461.23 126.798 12010.7 0.993676
1068600000 5461.23 125.368 12013.9 0.993746
1068700000 5461.24 124.21 12016.5 0.993825
1068800000 5461.22 125.091 12014.5 0.993827
1068900000 5461.21 127.826 12008.3 0.993599
1069000000 5461.23 123.967 12017.1 0.993879
1069100000 5461.24 125.06 12014.6 0.9938
1069200000 5461.23 130.352 12002.7 0.993391
1069300000 5461.22 127.683 12008.7 0.993628
1069400000 5461.24 128.442 12007 0.993487
1069500000 5461.22 131.208 12000.7 0.993382
1069600000 5461.24 125.93 12012.6 0.993694
1069700000 5461.23 122.561 12020.2 0.993971
1069800000 5461.22 124.754 12015.3 0.993859
1069900000 5461.23 122.31 12020.8 0.993999
1070000000 5461.23 120.149 12025.7 0.994138
1070100000 5461.23 126.167 12012.1 0.993719
1070200000 5461.22 126.311 12011.8 0.993722
1070300000 5461.22 128.66 12006.5 0.993562
1070400000 5461.22 124.911 12014.9 0.993829
1070500000 5461.23 127.178 12009.8 0.993658
1070600000 5461.22 126.394 12011.6 0.993751
1070700000 5461.22 127.783 12008.4 0.993642
1070800000 5461.23 125.676 12013.2 0.993721
1070900000 5461.21 127.541 12009 0.99364
1071000000 5461.22 127.507 12009.1 0.993638
1071100000 5461.22 122.366 12020.6 0.993999
1071200000 5461.22 124.87 12015 0.993802
1071300000 5461.22 130.055 12003.3 0.993396
1071400000 5461.23 124.143 12016.7 0.993799
1071500000 5461.22 126.182 12012 0.993708
1071600000 5461.2 133.331 11995.9 0.993279
1071700000 5461.21 126.803 12010.6 0.993691
1071800000 5461.23 123.051 12019.1 0.993948
1071900000 5461.23 132.367 11998.1 0.993239
1072000000 5461.22 122.771 12019.7 0.993999
1072100000 5461.23 125.577 12013.4 0.993777
1072200000 5461.2 131.858 11999.2 0.995523
1072300000 5461.22 128.448 12006.9 0.993562
1072400000 5461.22 124.89 12015 0.993818
1072500000 5461.22 127.66 12008.7 0.99366
1072600000 5461.23 124.344 12016.2 0.993845
1072700000 5461.22 127.01 12010.2 0.993676
1072800000 5461.24 121.174 12023.4 0.994071
1072900000 5461.23 126.835 12010.6 0.993654
1073000000 5461.23 131.034 12001.1 0.993364
1073100000 5461.22 125.406 12013.8 0.993787
1073200000 5461.22 128.371 12007.1 0.993564
1073300000 5461.22 127.026 12010.1 0.993735
1073400000 5461.22 125.006 12014.7 0.993869
1073500000 5461.22 127.513 12009 0.993645
1073600000 5461.22 127.621 12008.8 0.993641
1073700000 5461.23 126.981 12010.3 0.993685
1073800000 5461.22 125.18 12014.3 0.993788
1073900000 5461.23 126.053 12012.4 0.993755
1074000000 5461.23 132.222 11998.5 0.993205
1074100000 5461.22 125.613 12013.3 0.993794
1074200000 5461.21 126.162 12012.1 0.993801
1074300000 5461.23 126.945 12010.4 0.993624
1074400000 5461.22 128.427 12007 0.993567
1074500000 5461.23 128.423 12007 0.994112
1074600000 5461.22 125.528 12013.5 0.993783
1074700000 5461.22 122.534 12020.3 0.994031
1074800000 5461.21 125.949 12012.5 0.993745
1074900000 5461.23 126.294 12011.8 0.9937
1075000000 5461.21 134.548 11993.2 0.993143
1075100000 5461.23 127.819 12008.4 0.993559
1075200000 5461.23 127.036 12010.1 0.993643
1075300000 5461.22 126.888 12010.5 0.993658
1075400000 5461.22 127.844 12008.3 0.993673
1075500000 5461.22 128.54 12006.7 0.993575
1075600000 5461.23 123.255 12018.7 0.99397
1075700000 5461.23 123.045 12019.1 0.993921
1075800000 5461.23 123.421 12018.3 0.993881
1075900000 5461.24 128.169 12007.6 0.993532
1076000000 5461.22 126.336 12011.7 0.993743
1076100000 5461.24 121.221 12023.3 0.99408
1076200000 5461.22 126.004 12012.4 0.993725
1076300000 5461.22 127.362 12009.4 0.993625
1076400000 5461.24 124.301 12016.3 0.993832
1076500000 5461.23 129.081 12005.5 0.993524
1076600000 5461.23 126.482 12011.4 0.993728
1076700000 5461.22 129.018 12005.7 0.993543
1076800000 5461.23 125.011 12014.7 0.993957
1076900000 5461.22 125.485 12013.6 0.993801
1077000000 5461.23 125.997 12012.5 0.99371
1077100000 5461.23 124.087 12016.8 0.99382
1077200000 5461.23 126.417 12011.5 0.993718
1077300000 5461.23 130.044 12003.4 0.993349
1077400000 5461.24 123.606 12017.9 0.993925
1077500000 5461.22 125.099 12014.5 0.993797
1077600000 5461.22 124.336 12016.2 0.993881
1077700000 5461.22 128.952 12005.8 0.993528
1077800000 5461.22 126.647 12011 0.993651
1077900000 5461.21 127.986 12008 0.993674
1078000000 5461.23 123.574 12017.9 0.993884
1078100000 5461.21 128.481 12006.8 0.99361
1078200000 5461.23 126.75 12010.8 0.993712
1078300000 5461.22 122.691 12019.9 0.993986
1078400000 5461.21 126.739 12010.8 0.993706
1078500000 5461.23 125.107 12014.5 0.993783
1078600000 5461.22 128.803 12006.1 0.99354
1078700000 5461.23 122.951 12019.3 0.993917
1078800000 5461.22 129.788 12003.9 0.993381
1078900000 5461.22 123.66 12017.7 0.993923
1079000000 5461.21 130.731 12001.8 0.993475
1079100000 5461.22 129.4 12004.8 0.993488
1079200000 5461.22 126.594 12011.1 0.993718
1079300000 5461.23 123.696 12017.7 0.993903
1079400000 5461.23 127.089 12010 0.993626
1079500000 5461.22 126.401 12011.6 0.993706
1079600000 5461.23 123.04 12019.1 0.993901
1079700000 5461.23 121.274 12023.1 0.994036
1079800000 5461.22 127.726 12008.6 0.993656
1079900000 5461.23 126.314 12011.8 0.993684
1080000000 5461.23 122.429 12020.5 0.994001
1080100000 5461.21 130.808 12001.6 0.993393
1080200000 5461.21 129.066 12005.5 0.993541
1080300000 5461.2 132.413 11998 0.993286
1080400000 5461.23 122.533 12020.3 0.993993
1080500000 5461.22 128.606 12006.6 0.993524
1080600000 5461.23 127.016 12010.2 0.993662
1080700000 5461.21 126.246 12011.9 0.993779
1080800000 5461.22 127.87 12008.2 0.993642
1080900000 5461.22 127.798 12008.4 0.993597
1081000000 5461.21 129.254 12005.1 0.993511
1081100000 5461.23 129.012 12005.7 0.993497
1081200000 5461.22 134.341 11993.7 0.993162
1081300000 5461.23 122.742 12019.8 0.993938
1081400000 5461.22 127.466 12009.1 0.993648
1081500000 5461.24 124.271 12016.4 0.993825
1081600000 5461.24 128.096 12007.8 0.993506
1081700000 5461.22 128.363 12007.1 0.993547
1081800000 5461.21 129.881 12003.7 0.993408
1081900000 5461.22 127.372 12009.4 0.99367
1082000000 5461.25 121.403 12022.9 0.994048
1082100000 5461.22 124.485 12015.9 0.993849
1082200000 5461.23 124.27 12016.4 0.993857
1082300000 5461.22 123.736 12017.6 0.993919
1082400000 5461.23 130.701 12001.9 0.993795
1082500000 5461.23 125.291 12014.1 0.993798
1082600000 5461.22 126.746 12010.8 0.993635
1082700000 5461.22 124.521 12015.8 0.99381
1082800000 5461.22 124.682 12015.4 0.993881
1082900000 5461.23 127.718 12008.6 0.993579
1083000000 5461.21 126.998 12010.2 0.993733
1083100000 5461.22 124.094 12016.8 0.993872
1083200000 5461.23 129.531 12004.5 0.993459
1083300000 5461.22 123.307 12018.5 0.993923
1083400000 5461.22 126.808 12010.6 0.993672
1083500000 5461.23 124.468 12015.9 0.993839
1083600000 5461.24 122.169 12021.1 0.993986
1083700000 5461.23 128.676 12006.5 0.993499
1083800000 5461.22 126.443 12011.5 0.993728
1083900000 5461.23 124.286 12016.3 0.993856
1084000000 5461.22 130.081 12003.3 0.993475
1084100000 5461.24 121.641 12022.3 0.994057
1084200000 5461.21 132.497 11997.8 0.993283
1084300000 5461.22 127.874 12008.2 0.993797
1084400000 5461.21 129.416 12004.7 0.993464
1084500000 5461.22 130.289 12002.8 0.993397
1084600000 5461.22 132.846 11997 0.993151
1084700000 5461.22 123.125 12018.9 0.993979
1084800000 5461.21 131.436 12000.2 0.993285
1084900000 5461.23 124.044 12016.9 0.993912
1085000000 5461.23 127.74 12008.6 0.993569
1085100000 5461.22 127.083 12010 0.993727
1085200000 5461.24 122.332 12020.7 0.99402
1085300000 5461.23 124.179 12016.6 0.993883
1085400000 5461.22 125.247 12014.1 0.993823
1085500000 5461.23 124.301 12016.3 0.993848
1085600000 5461.22 137.806 11985.9 0.992828
1085700000 5461.21 127.384 12009.3 0.993685
1085800000 5461.22 126.623 12011.1 0.993715
1085900000 5461.22 125.295 12014 0.993829
1086000000 5461.22 126.039 12012.4 0.993717
1086100000 5461.22 125.034 12014.6 0.993823
1086200000 5461.22 125.182 12014.3 0.993812
1086300000 5461.23 127.089 12010 0.99367
1086400000 5461.23 123.804 12017.4 0.993897
1086500000 5461.2 134.501 11993.3 0.993127
1086600000 5461.22 124.093 12016.7 0.993913
1086700000 5461.23 136.736 11988.3 0.99285
1086800000 5461.22 127.075 12010 0.993646
1086900000 5461.22 127.741 12008.5 0.993644
1087000000 5461.22 126.345 12011.7 0.993688
1087100000 5461.21 132.223 11998.4 0.993337
1087200000 5461.21 126.41 12011.5 0.993746
1087300000 5461.21 125.319 12014 0.993875
1087400000 5461.22 127.833 12008.3 0.993586
1087500000 5461.22 131.903 11999.2 0.993259
1087600000 5461.21 130.316 12002.7 0.993435
1087700000 5461.24 125.747 12013.1 0.993719
1087800000 5461.22 131.679 11999.7 0.993375
1087900000 5461.24 123.667 12017.7 0.993855
1088000000 5461.21 130.645 12002 0.993424
1088100000 5461.21 126.14 12012.1 0.993761
1088200000 5461.22 130.911 12001.4 0.993405
1088300000 5461.21 127.137 12009.9 0.993725
1088400000 5461.22 123.515 12018.1 0.99394
1088500000 5461.22 128.353 12007.2 0.993566
1088600000 5461.22 126.462 12011.4 0.993712
1088700000 5461.23 125.543 12013.5 0.9938
1088800000 5461.22 130.177 12003 0.993414
1088900000 5461.21 127.384 12009.3 0.993644
1089000000 5461.23 127.806 12008.4 0.993661
1089100000 5461.22 127.17 12009.8 0.993639
1089200000 5461.23 130.886 12001.5 0.993258
1089300000 5461.22 125.283 12014.1 0.993784
1089400000 5461.24 123.949 12017.1 0.993902
1089500000 5461.23 125.2 12014.3 0.993805
1089600000 5461.22 128.617 12006.6 0.993563
1089700000 5461.23 125.892 12012.7 0.993776
1089800000 5461.23 123.216 12018.7 0.993933
1089900000 5461.22 133.601 11995.3 0.993184
1090000000 5461.23 125.455 12013.7 0.993773
1090100000 5461.22 128.425 12007 0.993599
1090200000 5461.21 127.794 12008.4 0.99363
1090300000 5461.23 122.635 12020.1 0.994
1090400000 5461.22 128.653 12006.5 0.993581
1090500000 5461.23 123.922 12017.2 0.993926
1090600000 5461.21 128.088 12007.7 0.993665
1090700000 5461.23 126.175 12012.1 0.993709
1090800000 5461.23 125.689 12013.2 0.993739
1090900000 5461.22 126.768 12010.7 0.993694
1091000000 5461.22 130.382 12002.6 0.993374
1091100000 5461.22 125.12 12014.4 0.99382
1091200000 5461.24 124.572 12015.7 0.993803
1091300000 5461.22 125.941 12012.6 0.993757
1091400000 5461.22 127.735 12008.6 0.993654
1091500000 5461.23 129.82 12003.9 0.993408
1091600000 5461.22 125.406 12013.8 0.993783
1091700000 5461.23 124.599 12015.6 0.993795
1091800000 5461.22 125.753 12013 0.993785
1091900000 5461.22 126.095 12012.2 0.993712
1092000000 5461.23 124.218 12016.5 0.993849
1092100000 5461.23 127.589 12008.9 0.99358
1092200000 5461.23 128.805 12006.2 0.993456
1092300000 5461.23 125.453 12013.7 0.993784
1092400000 5461.22 125.18 12014.3 0.993823
1092500000 5461.21 130.09 12003.2 0.993465
1092600000 5461.22 127.584 12008.9 0.993654
1092700000 5461.23 125.654 12013.3 0.99373
1092800000 5461.22 127.277 12009.6 0.993653
1092900000 5461.23 124.168 12016.6 0.99391
1093000000 5461.23 128.342 12007.2 0.993583
1093100000 5461.23 129.852 12003.8 0.99343
1093200000 5461.22 127.772 12008.5 0.993622
1093300000 5461.21 127.359 12009.4 0.993668
1093400000 5461.23 125.279 12014.1 0.993791
1093500000 5461.22 128.658 12006.5 0.993578
1093600000 5461.23 124.957 12014.8 0.993793
1093700000 5461.23 120.884 12024 0.994093
1093800000 5461.21 128.487 12006.8 0.993541
1093900000 5461.23 127.019 12010.2 0.993735
1094000000 5461.22 130.223 12002.9 0.993436
1094100000 5461.23 125.44 12013.7 0.993795
1094200000 5461.23 127.32 12009.5 0.993665
1094300000 5461.21 134.942 11992.3 0.993158
1094400000 5461.23 126.574 12011.2 0.993731
1094500000 5461.22 126.38 12011.6 0.993717
1094600000 5461.23 124.157 12016.6 0.993854
1094700000 5461.22 130.125 12003.2 0.993463
1094800000 5461.22 123.41 12018.3 0.993947
1094900000 5461.23 125.811 12012.9 0.993753
1095000000 5461.22 126.377 12011.6 0.993675
1095100000 5461.23 124.273 12016.4 0.993883
1095200000 5461.24 122.713 12019.9 0.993985
1095300000 5461.23 121.159 12023.4 0.994095
1095400000 5461.23 125.12 12014.5 0.993776
1095500000 5461.23 125.003 12014.7 0.993789
1095600000 5461.22 126.874 12010.5 0.99371
1095700000 5461.22 130.045 12003.3 0.99337
1095800000 5461.22 128.794 12006.2 0.993515
1095900000 5461.23 123.806 12017.4 0.99389
1096000000 5461.22 126.279 12011.8 0.993718
1096100000 5461.23 128.108 12007.7 0.9936
1096200000 5461.24 123.279 12018.6 0.993905
1096300000 5461.23 125.12 12014.4 0.993815
1096400000 5461.23 124.598 12015.6 0.993839
1096500000 5461.23 122.977 12019.3 0.993993
1096600000 5461.22 127.603 12008.9 0.99365
1096700000 5461.22 130.62 12002.1 0.993429
1096800000 5461.23 129.326 12005 0.993521
1096900000 5461.21 129.422 12004.7 0.993561
1097000000 5461.21 128.083 12007.7 0.993643
1097100000 5461.21 130.72 12001.8 0.993479
1097200000 5461.23 126.781 12010.7 0.993628
1097300000 5461.23 122.416 12020.5 0.993988
1097400000 5461.23 124.77 12015.2 0.993833
1097500000 5461.22 127.381 12009.3 0.993731
1097600000 5461.23 124.374 12016.1 0.993858
1097700000 5461.22 125.343 12013.9 0.993803
1097800000 5461.22 124.84 12015.1 0.993862
1097900000 5461.23 126.148 12012.1 0.993724
1098000000 5461.22 126.412 12011.5 0.993736
1098100000 5461.24 125.006 12014.7 0.993746
1098200000 5461.23 125.052 12014.6 0.993793
1098300000 5461.22 124.712 12015.4 0.993807
1098400000 5461.22 120.893 12024 0.994065
1098500000 5461.22 127.324 12009.5 0.993687
1098600000 5461.22 128.171 12007.6 0.993611
1098700000 5461.22 125.681 12013.2 0.993793
1098800000 5461.23 124.249 12016.4 0.993873
1098900000 5461.22 127.45 12009.2 0.993628
1099000000 5461.22 126.506 12011.3 0.993703
1099100000 5461.23 126.204 12012 0.993686
1099200000 5461.23 126.039 12012.4 0.993672
1099300000 5461.21 127.435 12009.2 0.993596
1099400000 5461.23 125.722 12013.1 0.993677
1099500000 5461.21 125.828 12012.8 0.993803
1099600000 5461.22 128.988 12005.7 0.993552
1099700000 5461.22 126.462 12011.4 0.993714
1099800000 5461.21 128.023 12007.9 0.993651
1099900000 5461.22 125.349 12013.9 0.993828
1100000000 5461.23 125.246 12014.2 0.993782
1100100000 5461.23 123.178 12018.8 0.993924
1100200000 5461.22 131.098 12001 0.993433
1100300000 5461.24 121.29 12023.1 0.994047
1100400000 5461.22 126.291 12011.8 0.993727
1100500000 5461.22 129.545 12004.5 0.993414
1100600000 5461.21 130.452 12002.4 0.993421
1100700000 5461.22 127.887 12008.2 0.993586
1100800000 5461.22 129.08 12005.5 0.993498
1100900000 5461.22 125.471 12013.6 0.993759
1101000000 5461.23 126.051 12012.4 0.993716
1101100000 5461.23 125.334 12014 0.993769
1101200000 5461.23 126.547 12011.2 0.993697
1101300000 5461.22 125.132 12014.4 0.993808
1101400000 5461.23 127.438 12009.2 0.993649
1101500000 5461.23 125.216 12014.2 0.99375
1101600000 5461.22 130.269 12002.8 0.993774
1101700000 5461.22 124.78 12015.2 0.993811
1101800000 5461.24 121.789 12022 0.994027
1101900000 5461.21 126.151 12012.1 0.993751
1102000000 5461.22 125.634 12013.3 0.993712
1102100000 5461.22 127.714 12008.6 0.993606
1102200000 5461.21 129.73 12004 0.993416
1102300000 5461.24 124.243 12016.5 0.993812
1102400000 5461.22 126.663 12011 0.993705
1102500000 5461.23 131.489 12000.1 0.993306
1102600000 5461.24 124.623 12015.6 0.993804
1102700000 5461.23 122.328 12020.7 0.994011
1102800000 5461.24 124.302 12016.3 0.993902
1102900000 5461.22 127.145 12009.9 0.993621
1103000000 5461.23 127.578 12008.9 0.993624
1103100000 5461.22 127.85 12008.3 0.993613
1103200000 5461.22 124.838 12015.1 0.993828
1103300000 5461.22 133.093 11996.5 0.993226
1103400000 5461.22 126.042 12012.4 0.993773
1103500000 5461.22 132.605 11997.6 0.993137
1103600000 5461.24 126.938 12010.4 0.993617
1103700000 5461.23 121.77 12022 0.994026
1103800000 5461.23 124.236 12016.4 0.993871
1103900000 5461.21 132.992 11996.7 0.993254
1104000000 5461.22 125.837 12012.8 0.993753
1104100000 5461.23 126.672 12011 0.993666
1104200000 5461.22 124.219 12016.5 0.993822
1104300000 5461.23 125.805 12012.9 0.993771
1104400000 5461.22 126.83 12010.6 0.993662
1104500000 5461.22 129.91 12003.7 0.993393
1104600000 5461.23 127.589 12008.9 0.993633
1104700000 5461.23 128.601 12006.6 0.993511
1104800000 5461.23 124.665 12015.5 0.993816
1104900000 5461.22 124.269 12016.4 0.993913
1105000000 5461.22 124.562 12015.7 0.993828
1105100000 5461.21 127.209 12009.7 0.993793
1105200000 5461.22 124.443 12016 0.993882
1105300000 5461.23 127.644 12008.8 0.993593
1105400000 5461.23 125.656 12013.2 0.993776
1105500000 5461.22 124.95 12014.8 0.993785
1105600000 5461.23 127.54 12009 0.99362
1105700000 5461.23 127.496 12009.1 0.993628
1105800000 5461.22 125.119 12014.4 0.993774
1105900000 5461.23 126.577 12011.2 0.993633
1106000000 5461.21 126.522 12011.3 0.993768
1106100000 5461.24 127.74 12008.6 0.993592
1106200000 5461.23 121.541 12022.5 0.994053
1106300000 5461.23 124.111 12016.7 0.993841
1106400000 5461.23 132.269 11998.4 0.993266
1106500000 5461.22 131.462 12000.1 0.993331
1106600000 5461.22 126.476 12011.4 0.993755
1106700000 5461.23 120.123 12025.7 0.994087
1106800000 5461.22 132.911 11996.9 0.993159
1106900000 5461.22 129.43 12004.7 0.993493
1107000000 5461.22 122.442 12020.5 0.993978
1107100000 5461.24 121.562 12022.5 0.994047
1107200000 5461.24 126.656 12011 0.993931
1107300000 5461.22 127.685 12008.7 0.993622
1107400000 5461.22 128.125 12007.7 0.993574
1107500000 5461.22 126.731 12010.8 0.993706
1107600000 5461.22 123.643 12017.8 0.993942
1107700000 5461.24 121.172 12023.4 0.994076
1107800000 5461.23 123.741 12017.6 0.993902
1107900000 5461.22 127.578 12008.9 0.993654
1108000000 5461.23 127.177 12009.8 0.993594
1108100000 5461.23 123.473 12018.2 0.993933
1108200000 5461.22 124.726 12015.3 0.993826
1108300000 5461.22 131.87 11999.2 0.99333
1108400000 5461.23 128.14 12007.6 0.993575
1108500000 5461.21 129.784 12003.9 0.993445
1108600000 5461.22 128.082 12007.8 0.993569
1108700000 5461.23 126.246 12011.9 0.993707
1108800000 5461.23 123.613 12017.9 0.993875
1108900000 5461.22 128.949 12005.8 0.993515
1109000000 5461.21 130.436 12002.4 0.993479
1109100000 5461.23 122.892 12019.5 0.993913
1109200000 5461.23 127.695 12008.7 0.993574
1109300000 5461.23 123.504 12018.1 0.993911
1109400000 5461.23 128.999 12005.7 0.993482
1109500000 5461.21 130.008 12003.4 0.993428
1109600000 5461.22 125.057 12014.6 0.993818
1109700000 5461.22 123.654 12017.7 0.993891
1109800000 5461.23 125.303 12014 0.993832
1109900000 5461.22 128.73 12006.3 0.993519
1110000000 5461.22 122.584 12020.2 0.994022
1110100000 5461.21 134.499 11993.3 0.99304
1110200000 5461.22 126.109 12012.2 0.993698
1110300000 5461.23 138.342 11984.7 0.992767
1110400000 5461.22 126.267 12011.9 0.993724
1110500000 5461.24 136.177 11989.6 0.992837
1110600000 5461.22 126.125 12012.2 0.993746
1110700000 5461.22 129.64 12004.3 0.993472
1110800000 5461.2 129.585 12004.3 0.993505
1110900000 5461.21 127.852 12008.3 0.993624
1111000000 5461.21 129.147 12005.3 0.993513
1111100000 5461.21 132.644 11997.5 0.993241
1111200000 5461.24 125.949 12012.6 0.993715
1111300000 5461.22 127.831 12008.3 0.993603
1111400000 5461.23 125.994 12012.5 0.993704
1111500000 5461.21 131.011 12001.2 0.993313
1111600000 5461.23 129.473 12004.7 0.993459
1111700000 5461.2 132.721 11997.3 0.993244
1111800000 5461.23 124.326 12016.2 0.993833
1111900000 5461.22 130.361 12002.6 0.993376
1112000000 5461.22 127.8 12008.4 0.993624
1112100000 5461.22 124.599 12015.6 0.993815
1112200000 5461.23 125.041 12014.6 0.993806
1112300000 5461.22 124.394 12016.1 0.99387
1112400000 5461.22 127.908 12008.2 0.993588
1112500000 5461.23 124.517 12015.8 0.993813
1112600000 5461.23 124.329 12016.2 0.993867
1112700000 5461.22 129.518 12004.5 0.993488
1112800000 5461.22 130.323 12002.7 0.993396
1112900000 5461.22 125.84 12012.8 0.993777
1113000000 5461.21 130.786 12001.7 0.993443
1113100000 5461.22 123.656 12017.7 0.993864
1113200000 5461.22 122.604 12020.1 0.993975
1113300000 5461.23 127.9 12008.2 0.993635
1113400000 5461.22 126.991 12010.2 0.993693
1113500000 5461.22 128.505 12006.8 0.993599
1113600000 5461.23 126.767 12010.8 0.993716
1113700000 5461.22 129.675 12004.2 0.993411
1113800000 5461.21 128.367 12007.1 0.993584
1113900000 5461.22 127.034 12010.1 0.993686
1114000000 5461.21 130.748 12001.8 0.993409
1114100000 5461.21 126.844 12010.5 0.993668
1114200000 5461.21 129.443 12004.7 0.993518
1114300000 5461.21 130.159 12003.1 0.993457
1114400000 5461.22 123.394 12018.3 0.993897
1114500000 5461.21 126.885 12010.4 0.993718
1114600000 5461.21 129.643 12004.2 0.993527
1114700000 5461.22 124.521 12015.8 0.993834
1114800000 5461.23 128.668 12006.5 0.993526
1114900000 5461.23 127.644 12008.8 0.993597
1115000000 5461.23 126.098 12012.2 0.993693
1115100000 5461.22 123.017 12019.2 0.993949
1115200000 5461.23 123.211 12018.7 0.993911
1115300000 5461.24 124.503 12015.9 0.993827
1115400000 5461.22 123.486 12018.1 0.993944
1115500000 5461.22 124.842 12015.1 0.993836
1115600000 5461.22 126.108 12012.2 0.993735
1115700000 5461.23 126.697 12010.9 0.993709
1115800000 5461.22 128.453 12006.9 0.993555
1115900000 5461.23 126.821 12010.6 0.993656
1116000000 5461.22 126.325 12011.7 0.993688
1116100000 5461.22 128.619 12006.6 0.993798
1116200000 5461.22 126.766 12010.7 0.993691
1116300000 5461.23 124.155 12016.6 0.993882
1116400000 5461.22 124.859 12015 0.993827
1116500000 5461.23 129.677 12004.2 0.993483
1116600000 5461.23 120.792 12024.2 0.994085
1116700000 5461.22 129.224 12005.2 0.993525
1116800000 5461.23 126.4 12011.6 0.99369
1116900000 5461.23 125.845 12012.8 0.993761
1117000000 5461.22 127.456 12009.2 0.993581
1117100000 5461.23 123.946 12017.1 0.99392
1117200000 5461.23 127.216 12009.7 0.993592
1117300000 5461.21 126.454 12011.4 0.993754
1117400000 5461.22 128.574 12006.7 0.993509
1117500000 5461.23 121.574 12022.4 0.994023
1117600000 5461.22 126.995 12010.2 0.99371
1117700000 5461.22 127.134 12009.9 0.99371
1117800000 5461.22 133.779 11994.9 0.993073
1117900000 5461.24 129.43 12004.8 0.993458
1118000000 5461.22 128.816 12006.1 0.993537
1118100000 5461.22 129.657 12004.2 0.993502
1118200000 5461.23 126.111 12012.2 0.99371
1118300000 5461.22 124.713 12015.4 0.993821
1118400000 5461.22 128.227 12007.4 0.99358
1118500000 5461.22 130.303 12002.8 0.993383
1118600000 5461.22 134.286 11993.8 0.993097
1118700000 5461.22 128.632 12006.5 0.993597
1118800000 5461.22 127.894 12008.2 0.993678
1118900000 5461.21 126.687 12010.9 0.993696
1119000000 5461.21 134.078 11994.2 0.993244
1119100000 5461.22 128.097 12007.7 0.993569
1119200000 5461.23 123.23 12018.7 0.994007
1119300000 5461.22 128.847 12006.1 0.993553
1119400000 5461.22 129.202 12005.2 0.993514
1119500000 5461.23 128.52 12006.8 0.993543
1119600000 5461.23 132.71 11997.4 0.993199
1119700000 5461.22 128.48 12006.9 0.993535
1119800000 5461.22 125.923 12012.6 0.993751
1119900000 5461.22 126.209 12012 0.99376
1120000000 5461.22 126.625 12011 0.993702
1120100000 5461.22 127.063 12010.1 0.993673
1120200000 5461.22 129.709 12004.1 0.99348
1120300000 5461.21 132.033 11998.8 0.99335
1120400000 5461.22 123.771 12017.5 0.993924
1120500000 5461.23 129.612 12004.3 0.993486
1120600000 5461.22 126.641 12011 0.993694
1120700000 5461.23 125.827 12012.9 0.993742
1120800000 5461.23 127.796 12008.4 0.993573
1120900000 5461.22 128.435 12007 0.993542
1121000000 5461.22 128.412 12007 0.99355
1121100000 5461.23 124.797 12015.2 0.993813
1121200000 5461.21 129.227 12005.2 0.993546
1121300000 5461.22 130.424 12002.5 0.993401
1121400000 5461.22 126.774 12010.7 0.993693
1121500000 5461.22 127.171 12009.8 0.993673
1121600000 5461.22 130.682 12001.9 0.993392
1121700000 5461.22 131.965 11999 0.993332
1121800000 5461.23 122.392 12020.6 0.993933
1121900000 5461.23 126.447 12011.5 0.993645
1122000000 5461.23 124.088 12016.8 0.993832
1122100000 5461.23 122.49 12020.4 0.993981
1122200000 5461.21 131.088 12001 0.993365
1122300000 5461.22 128.952 12005.8 0.993678
1122400000 5461.22 126.242 12011.9 0.993693
1122500000 5461.23 127.03 12010.2 0.993666
1122600000 5461.24 125.108 12014.5 0.993786
1122700000 5461.22 127.054 12010.1 0.993629
1122800000 5461.24 123.892 12017.2 0.993853
1122900000 5461.22 124.925 12014.9 0.993874
1123000000 5461.22 127.51 12009.1 0.99359
1123100000 5461.23 126.069 12012.3 0.993724
1123200000 5461.24 125.345 12014 0.993778
1123300000 5461.23 127.248 12009.7 0.993632
1123400000 5461.22 125.266 12014.1 0.993817
1123500000 5461.22 131.067 12001.1 0.993353
1123600000 5461.22 129.876 12003.7 0.99348
1123700000 5461.21 127.151 12009.9 0.99371
1123800000 5461.22 127.279 12009.6 0.993684
1123900000 5461.23 123.623 12017.8 0.993915
1124000000 5461.21 127.91 12008.1 0.993626
1124100000 5461.22 127.179 12009.8 0.994645
1124200000 5461.23 124.893 12015 0.993813
1124300000 5461.21 128.121 12007.7 0.99362
1124400000 5461.22 126.131 12012.2 0.993694
1124500000 5461.24 123.718 12017.6 0.993865
1124600000 5461.23 124.911 12014.9 0.993783
1124700000 5461.23 122.154 12021.1 0.993983
1124800000 5461.22 129.188 12005.3 0.993517
1124900000 5461.23 130.979 12001.3 0.993302
1125000000 5461.23 122.619 12020.1 0.993967
1125100000 5461.22 126.7 12010.9 0.993733
1125200000 5461.22 123.439 12018.2 0.993865
1125300000 5461.22 131.19 12000.8 0.993321
1125400000 5461.22 131.183 12000.8 0.993373
1125500000 5461.22 126.939 12010.3 0.993695
1125600000 5461.23 127.027 12010.2 0.993614
1125700000 5461.22 124.444 12016 0.993903
1125800000 5461.23 125.125 12014.4 0.993804
1125900000 5461.22 123.884 12017.2 0.993893
1126000000 5461.23 128.332 12007.2 0.99357
1126100000 5461.23 128.49 12006.9 0.993544
1126200000 5461.22 136.531 11988.7 0.992897
1126300000 5461.25 126.465 12011.5 0.993644
1126400000 5461.22 124.646 12015.5 0.99385
1126500000 5461.22 127.608 12008.8 0.993655
1126600000 5461.22 124.55 12015.7 0.993851
1126700000 5461.23 125.861 12012.8 0.993742
1126800000 5461.23 125.419 12013.8 0.993754
1126900000 5461.22 129.226 12005.2 0.993485
1127000000 5461.23 124.223 12016.5 0.993844
1127100000 5461.23 125.368 12013.9 0.99376
1127200000 5461.22 128.894 12005.9 0.993557
1127300000 5461.22 127.099 12010 0.993698
1127400000 5461.23 122.225 12021 0.99398
1127500000 5461.21 132.674 11997.4 0.993231
1127600000 5461.22 125.721 12013.1 0.993803
1127700000 5461.23 127.029 12010.2 0.99366
1127800000 5461.22 125.274 12014.1 0.993783
1127900000 5461.22 125.086 12014.5 0.99384
1128000000 5461.22 126.096 12012.2 0.993772
1128100000 5461.22 129.965 12003.5 0.993362
1128200000 5461.22 130.735 12001.8 0.993421
1128300000 5461.23 125.916 12012.7 0.993785
1128400000 5461.21 133.862 11994.7 0.993704
1128500000 5461.22 127.633 12008.8 0.993624
1128600000 5461.22 123.901 12017.2 0.9939
1128700000 5461.23 124.15 12016.6 0.993862
1128800000 5461.22 125.475 12013.6 0.993757
1128900000 5461.23 122.317 12020.8 0.99399
1129000000 5461.21 127.286 12009.5 0.993637
1129100000 5461.23 128.325 12007.2 0.993549
1129200000 5461.23 127.304 12009.5 0.993558
1129300000 5461.23 122.588 12020.2 0.993993
1129400000 5461.23 122.977 12019.3 0.993971
1129500000 5461.22 127.687 12008.7 0.993614
1129600000 5461.23 125.848 12012.8 0.993779
1129700000 5461.22 129.619 12004.3 0.993422
1129800000 5461.24 130.114 12003.2 0.993384
1129900000 5461.22 128.852 12006 0.993558
1130000000 5461.2 128.533 12006.7 0.993638
1130100000 5461.23 125.346 12013.9 0.993761
1130200000 5461.22 127.896 12008.2 0.993606
1130300000 5461.22 126.112 12012.2 0.993771
1130400000 5461.23 126.576 12011.2 0.99366
1130500000 5461.23 125.489 12013.6 0.993783
1130600000 5461.23 121.647 12022.3 0.994039
1130700000 5461.24 125.469 12013.7 0.993765
1130800000 5461.22 126.237 12011.9 0.993745
1130900000 5461.23 122.512 12020.3 0.99398
1131000000 5461.23 127.96 12008.1 0.993641
1131100000 5461.21 132.223 11998.4 0.993239
1131200000 5461.22 126.008 12012.4 0.993744
1131300000 5461.23 131.385 12000.4 0.993354
1131400000 5461.22 127.441 12009.2 0.993662
1131500000 5461.22 126.796 12010.7 0.993683
1131600000 5461.23 123.897 12017.2 0.993902
1131700000 5461.22 127.764 12008.5 0.99363
1131800000 5461.23 125.429 12013.8 0.993783
1131900000 5461.22 123.844 12017.3 0.993873
1132000000 5461.22 127.377 12009.4 0.993659
1132100000 5461.24 122.632 12020.1 0.993913
1132200000 5461.21 127.792 12008.4 0.993673
1132300000 5461.22 124.699 12015.4 0.993838
1132400000 5461.23 120.803 12024.2 0.994114
1132500000 5461.23 123.548 12018 0.993912
1132600000 5461.22 124.118 12016.7 0.993888
1132700000 5461.23 128.642 12006.5 0.993558
1132800000 5461.23 128.766 12006.2 0.993542
1132900000 5461.22 125.546 12013.5 0.993769
1133000000 5461.22 124.163 12016.6 0.993878
1133100000 5461.23 124.962 12014.8 0.993841
1133200000 5461.23 124.688 12015.4 0.993835
1133300000 5461.23 123.745 12017.5 0.993905
1133400000 5461.22 128.596 12006.6 0.993561
1133500000 5461.24 121.746 12022.1 0.99403
1133600000 5461.23 124.662 12015.5 0.993878
1133700000 5461.23 125.062 12014.6 0.993813
1133800000 5461.22 125.302 12014 0.993786
1133900000 5461.22 124.94 12014.8 0.993842
1134000000 5461.24 123.759 12017.5 0.99386
1134100000 5461.23 126.721 12010.9 0.993652
1134200000 5461.22 125.022 12014.7 0.993804
1134300000 5461.22 124.025 12016.9 0.993876
1134400000 5461.23 123.97 12017 0.993861
1134500000 5461.23 125.354 12013.9 0.993803
1134600000 5461.22 122.474 12020.4 0.993987
1134700000 5461.22 128.016 12007.9 0.993597
1134800000 5461.22 126.706 12010.9 0.993677
1134900000 5461.24 123.329 12018.5 0.993911
1135000000 5461.24 121.845 12021.8 0.99404
1135100000 5461.22 128.712 12006.3 0.993512
1135200000 5461.22 134.287 11993.8 0.993051
1135300000 5461.23 128.473 12006.9 0.993569
1135400000 5461.23 126.986 12010.2 0.993686
1135500000 5461.22 128.499 12006.8 0.993504
1135600000 5461.23 123.238 12018.7 0.993936
1135700000 5461.21 130.148 12003.1 0.993407
1135800000 5461.22 126.691 12010.9 0.993662
1135900000 5461.22 125.033 12014.6 0.99384
1136000000 5461.23 123.066 12019.1 0.993962
1136100000 5461.21 125.23 12014.2 0.993779
1136200000 5461.22 128.882 12006 0.993509
1136300000 5461.21 125.645 12013.2 0.993814
1136400000 5461.21 127.576 12008.9 0.993676
1136500000 5461.21 122.943 12019.3 0.993964
1136600000 5461.22 124.529 12015.8 0.993834
1136700000 5461.21 128.891 12005.9 0.993561
1136800000 5461.23 122.085 12021.3 0.994017
1136900000 5461.22 124.542 12015.7 0.99386
1137000000 5461.22 130.133 12003.2 0.99341
1137100000 5461.23 125.157 12014.4 0.994052
1137200000 5461.23 124.572 12015.7 0.993821
1137300000 5461.22 126.179 12012 0.993764
1137400000 5461.23 122.879 12019.5 0.993927
1137500000 5461.22 129.619 12004.3 0.993443
1137600000 5461.22 127.665 12008.7 0.993637
1137700000 5461.22 125.542 12013.5 0.993768
1137800000 5461.22 125.309 12014 0.993785
1137900000 5461.23 123.716 12017.6 0.993917
1138000000 5461.24 121.449 12022.8 0.994043
1138100000 5461.23 127.878 12008.2 0.993617
1138200000 5461.24 126.022 12012.4 0.99372
1138300000 5461.25 126.536 12011.3 0.993617
1138400000 5461.23 123.38 12018.4 0.993899
1138500000 5461.23 123.629 12017.8 0.993899
1138600000 5461.23 128.999 12005.7 0.993542
1138700000 5461.24 130.21 12003 0.993388
1138800000 5461.22 126.376 12011.6 0.993753
1138900000 5461.22 130.756 12001.7 0.994315
1139000000 5461.22 124.047 12016.9 0.993876
1139100000 5461.24 123.162 12018.9 0.993939
1139200000 5461.23 124.581 12015.7 0.99382
1139300000 5461.22 126.437 12011.5 0.993724
1139400000 5461.22 129.735 12004 0.993426
1139500000 5461.24 125.523 12013.6 0.993748
1139600000 5461.22 123.243 12018.7 0.993959
1139700000 5461.21 130.176 12003 0.993413
1139800000 5461.21 128.118 12007.7 0.993621
1139900000 5461.24 123.147 12018.9 0.99389
1140000000 5461.24 127.187 12009.8 0.993643
1140100000 5461.22 129.468 12004.6 0.993481
1140200000 5461.22 125.154 12014.4 0.993736
1140300000 5461.22 127.513 12009 0.993564
1140400000 5461.23 127.538 12009 0.993621
1140500000 5461.23 124.872 12015 0.993808
1140600000 5461.23 120.558 12024.7 0.994769
1140700000 5461.23 128.606 12006.6 0.993563
1140800000 5461.23 127.12 12009.9 0.99363
1140900000 5461.21 129.468 12004.6 0.993526
1141000000 5461.22 125.104 12014.5 0.993825
1141100000 5461.23 127.052 12010.1 0.993691
1141200000 5461.23 124.606 12015.6 0.993811
1141300000 5461.21 130.787 12001.7 0.993383
1141400000 5461.21 126.837 12010.6 0.993712
1141500000 5461.22 126.154 12012.1 0.993707
1141600000 5461.23 124.566 12015.7 0.993798
1141700000 5461.23 125.008 12014.7 0.993861
1141800000 5461.23 123.396 12018.3 0.9939
1141900000 5461.22 136.578 11988.6 0.992893
1142000000 5461.22 123.778 12017.5 0.993893
1142100000 5461.22 121.068 12023.6 0.994078
1142200000 5461.22 125.393 12013.8 0.993755
1142300000 5461.23 123.276 12018.6 0.993948
1142400000 5461.23 124.574 12015.7 0.99382
1142500000 5461.23 127.34 12009.5 0.993651
1142600000 5461.23 127.552 12009 0.993597
1142700000 5461.23 127.471 12009.2 0.993622
1142800000 5461.23 126.206 12012 0.993754
1142900000 5461.22 129.385 12004.8 0.993524
1143000000 5461.23 122.629 12020.1 0.993978
1143100000 5461.23 126.591 12011.1 0.993694
1143200000 5461.22 129.556 12004.5 0.993563
1143300000 5461.22 124.796 12015.2 0.993815
1143400000 5461.22 125.737 12013.1 0.993759
1143500000 5461.22 124.751 12015.3 0.993817
1143600000 5461.22 121.838 12021.8 0.994021
1143700000 5461.22 131.415 12000.3 0.993851
1143800000 5461.23 125.639 12013.3 0.993766
1143900000 5461.23 124.592 12015.6 0.993851
1144000000 5461.22 127.731 12008.6 0.993553
1144100000 5461.22 124.163 12016.6 0.993869
1144200000 5461.23 133.148 11996.4 0.993143
1144300000 5461.23 121.762 12022 0.994018
1144400000 5461.21 133.005 11996.7 0.99325
1144500000 5461.22 126.171 12012.1 0.993808
1144600000 5461.22 128.094 12007.7 0.99362
1144700000 5461.22 124.265 12016.4 0.993846
1144800000 5461.23 124.275 12016.4 0.993813
1144900000 5461.22 128.972 12005.8 0.993561
1145000000 5461.22 133.601 11995.3 0.993125
1145100000 5461.22 124.998 12014.7 0.993843
1145200000 5461.23 125.751 12013 0.993718
1145300000 5461.22 129.649 12004.2 0.993469
1145400000 5461.22 126.582 12011.2 0.99372
1145500000 5461.22 124.006 12017 0.993936
1145600000 5461.22 127.503 12009.1 0.993578
1145700000 5461.22 124.097 12016.7 0.99388
1145800000 5461.21 128.137 12007.6 0.993623
1145900000 5461.22 127.846 12008.3 0.99361
1146000000 5461.23 124.154 12016.6 0.993866
1146100000 5461.22 123.716 12017.6 0.993886
1146200000 5461.22 127.199 12009.8 0.993666
1146300000 5461.22 129.748 12004 0.993422
1146400000 5461.23 120.518 12024.8 0.994118
1146500000 5461.22 129.444 12004.7 0.993475
1146600000 5461.22 129.758 12004 0.993441
1146700000 5461.22 124.863 12015 0.993832
1146800000 5461.22 127.37 12009.4 0.993576
1146900000 5461.23 123.155 12018.9 0.993916
1147000000 5461.23 129.489 12004.6 0.993465
1147100000 5461.23 126.054 12012.3 0.993761
1147200000 5461.24 122.831 12019.6 0.99396
1147300000 5461.23 127.511 12009.1 0.993663
1147400000 5461.22 125.508 12013.6 0.994332
1147500000 5461.23 125.676 12013.2 0.993765
1147600000 5461.22 125.274 12014.1 0.993815
1147700000 5461.23 126.36 12011.7 0.993719
1147800000 5461.22 128.667 12006.4 0.993551
1147900000 5461.22 124.558 12015.7 0.993842
1148000000 5461.22 125.26 12014.1 0.993801
1148100000 5461.23 123.113 12019 0.993933
1148200000 5461.23 128.68 12006.4 0.99353
1148300000 5461.22 132.183 11998.5 0.993272
1148400000 5461.22 130.864 12001.5 0.993388
1148500000 5461.23 124.087 12016.8 0.993833
1148600000 5461.22 132.195 11998.5 0.993292
1148700000 5461.22 130.125 12003.2 0.993407
1148800000 5461.23 124.82 12015.1 0.993804
1148900000 5461.24 123.032 12019.2 0.993962
1149000000 5461.23 127.237 12009.7 0.993608
1149100000 5461.21 130.692 12001.9 0.993393
1149200000 5461.21 128.782 12006.2 0.993633
1149300000 5461.24 122.687 12020 0.99394
1149400000 5461.22 126.109 12012.2 0.993695
1149500000 5461.22 124.849 12015.1 0.993801
1149600000 5461.22 128.541 12006.7 0.993482
1149700000 5461.23 128.061 12007.8 0.993535
1149800000 5461.23 130.095 12003.3 0.99342
1149900000 5461.22 133.682 11995.2 0.993099
1150000000 5461.22 127.17 12009.8 0.9937
1150100000 5461.22 127.546 12009 0.993614
1150200000 5461.22 128.84 12006.1 0.99351
1150300000 5461.2 130.194 12003 0.993519
1150400000 5461.22 128.83 12006.1 0.993541
1150500000 5461.23 125.516 12013.6 0.993745
1150600000 5461.22 126.433 12011.5 0.993726
1150700000 5461.22 128.572 12006.7 0.993565
1150800000 5461.22 126.686 12010.9 0.993657
1150900000 5461.24 125.465 12013.7 0.993774
1151000000 5461.23 126.183 12012.1 0.993768
1151100000 5461.23 125.362 12013.9 0.993814
1151200000 5461.22 129.346 12004.9 0.993505
1151300000 5461.23 124.635 12015.5 0.993817
1151400000 5461.22 127.782 12008.4 0.993666
1151500000 5461.24 122.552 12020.3 0.99394
1151600000 5461.22 125.939 12012.6 0.993739
1151700000 5461.23 122.307 12020.8 0.993989
1151800000 5461.22 126.825 12010.6 0.993662
1151900000 5461.2 133.077 11996.5 0.993304
1152000000 5461.23 128.098 12007.8 0.993601
1152100000 5461.22 127.934 12008.1 0.993631
1152200000 5461.23 119.796 12026.5 0.994159
1152300000 5461.24 126.697 12010.9 0.993643
1152400000 5461.22 130.393 12002.6 0.993445
1152500000 5461.22 124.371 12016.1 0.99383
1152600000 5461.21 128.597 12006.6 0.993544
1152700000 5461.23 122.804 12019.7 0.994012
1152800000 5461.22 125.607 12013.3 0.993769
1152900000 5461.22 126.59 12011.1 0.993681
1153000000 5461.23 122.654 12020 0.993942
1153100000 5461.22 126.424 12011.5 0.993742
1153200000 5461.23 127.564 12009 0.993579
1153300000 5461.23 126.652 12011 0.993679
1153400000 5461.22 123.519 12018 0.993925
1153500000 5461.23 124.485 12015.9 0.993822
1153600000 5461.22 135.61 11990.8 0.993064
1153700000 5461.23 123.909 12017.2 0.993876
1153800000 5461.22 126.078 12012.3 0.993725
1153900000 5461.23 127.589 12008.9 0.993569
1154000000 5461.24 124.414 12016.1 0.993823
1154100000 5461.23 124.86 12015 0.99377
1154200000 5461.23 128.146 12007.7 0.993591
1154300000 5461.24 129.173 12005.4 0.993452
1154400000 5461.23 125.555 12013.5 0.993712
1154500000 5461.23 124.252 12016.4 0.993893
1154600000 5461.21 128.174 12007.5 0.993638
1154700000 5461.24 127.185 12009.8 0.993624
1154800000 5461.23 126.538 12011.3 0.993704
1154900000 5461.23 127.13 12009.9 0.993679
1155000000 5461.22 122.23 12020.9 0.994031
1155100000 5461.23 130.207 12003 0.993377
1155200000 5461.23 124.291 12016.3 0.993814
1155300000 5461.22 128.678 12006.4 0.993592
1155400000 5461.21 127.161 12009.8 0.993707
1155500000 5461.23 125.988 12012.5 0.993742
1155600000 5461.21 130.89 12001.4 0.993445
1155700000 5461.22 130.866 12001.5 0.993329
1155800000 5461.23 123.866 12017.3 0.993873
1155900000 5461.22 128.073 12007.8 0.993633
1156000000 5461.22 125.229 12014.2 0.99383
1156100000 5461.21 128.673 12006.4 0.994803
1156200000 5461.23 126.118 12012.2 0.993733
1156300000 5461.23 123.711 12017.6 0.993895
1156400000 5461.21 131.726 11999.5 0.993347
1156500000 5461.22 122.736 12019.8 0.993965
1156600000 5461.22 125.815 12012.9 0.993793
1156700000 5461.23 124.66 12015.5 0.993821
1156800000 5461.22 124.586 12015.6 0.993849
1156900000 5461.23 125.514 12013.6 0.993759
1157000000 5461.21 128.194 12007.5 0.993612
1157100000 5461.22 127.045 12010.1 0.99365
1157200000 5461.22 126.77 12010.7 0.993738
1157300000 5461.25 125.452 12013.8 0.993771
1157400000 5461.23 125.141 12014.4 0.993823
1157500000 5461.23 125.061 12014.6 0.993782
1157600000 5461.21 131.609 11999.8 0.993333
1157700000 5461.23 127.582 12008.9 0.993619
1157800000 5461.22 131.287 12000.5 0.993362
1157900000 5461.22 129.852 12003.8 0.993484
1158000000 5461.23 127.946 12008.1 0.993604
1158100000 5461.22 123.281 12018.6 0.993962
1158200000 5461.22 125.456 12013.7 0.993785
1158300000 5461.21 130.358 12002.6 0.993431
1158400000 5461.22 121.892 12021.7 0.99405
1158500000 5461.21 125.743 12013 0.993755
1158600000 5461.22 122.221 12021 0.994064
1158700000 5461.23 123.046 12019.1 0.993892
1158800000 5461.23 126.523 12011.3 0.993703
1158900000 5461.22 128.724 12006.3 0.993556
1159000000 5461.23 124.39 12016.1 0.993857
1159100000 5461.22 128.415 12007 0.993551
1159200000 5461.24 127.515 12009.1 0.993627
1159300000 5461.24 124.677 12015.5 0.99384
1159400000 5461.23 127.256 12009.6 0.993611
1159500000 5461.25 127.382 12009.4 0.993615
1159600000 5461.21 126.879 12010.5 0.993736
1159700000 5461.22 124.786 12015.2 0.993793
1159800000 5461.22 127.036 12010.1 0.993685
1159900000 5461.21 129.079 12005.5 0.993531
1160000000 5461.23 125.462 12013.7 0.993732
1160100000 5461.22 124.411 12016 0.993866
1160200000 5461.21 126.9 12010.4 0.993674
1160300000 5461.23 125.784 12013 0.993736
1160400000 5461.22 125.127 12014.4 0.993818
1160500000 5461.22 126.111 12012.2 0.99372
1160600000 5461.23 120.792 12024.2 0.994092
1160700000 5461.23 124.347 12016.2 0.993861
1160800000 5461.22 131.472 12000.1 0.993333
1160900000 5461.21 125.409 12013.8 0.993783
1161000000 5461.22 129.349 12004.9 0.993455
1161100000 5461.23 124.744 12015.3 0.993809
1161200000 5461.22 126.116 12012.2 0.993743
1161300000 5461.23 122.618 12020.1 0.994006
1161400000 5461.22 126.327 12011.7 0.993746
1161500000 5461.22 132.141 11998.6 0.993317
1161600000 5461.23 122.243 12020.9 0.994008
1161700000 5461.21 130.587 12002.1 0.993404
1161800000 5461.23 125.509 12013.6 0.993787
1161900000 5461.23 127.29 12009.6 0.993646
1162000000 5461.23 124.384 12016.1 0.993807
1162100000 5461.23 125.803 12012.9 0.993695
1162200000 5461.22 127.542 12009 0.993621
1162300000 5461.23 127.574 12008.9 0.993603
1162400000 5461.22 124.847 12015.1 0.993835
1162500000 5461.23 125.691 12013.2 0.993756
1162600000 5461.22 125.492 12013.6 0.99377
1162700000 5461.22 124.913 12014.9 0.993833
1162800000 5461.22 127.541 12009 0.993641
1162900000 5461.22 123.519 12018 0.9939
1163000000 5461.22 123.094 12019 0.993902
1163100000 5461.23 125.859 12012.8 0.993702
1163200000 5461.24 125.977 12012.5 0.993758
1163300000 5461.23 124.468 12015.9 0.993837
1163400000 5461.23 128.859 12006 0.993571
1163500000 5461.23 123.404 12018.3 0.993875
1163600000 5461.23 121.072 12023.6 0.994068
1163700000 5461.23 123.793 12017.4 0.993907
1163800000 5461.22 127.105 12010 0.993615
1163900000 5461.22 125.994 12012.5 0.993764
1164000000 5461.22 126.947 12010.3 0.993626
1164100000 5461.22 131.919 11999.1 0.993309
1164200000 5461.22 127.952 12008.1 0.99361
1164300000 5461.24 125.635 12013.3 0.993801
1164400000 5461.23 122.969 12019.3 0.993968
1164500000 5461.21 129.293 12005 0.993499
1164600000 5461.23 123.587 12017.9 0.993891
1164700000 5461.21 129.419 12004.7 0.993487
1164800000 5461.24 126.195 12012 0.993651
1164900000 5461.21 136.905 11987.9 0.992912
1165000000 5461.22 132.637 11997.5 0.993219
1165100000 5461.21 131.718 11999.6 0.993299
1165200000 5461.23 125.387 12013.9 0.993791
1165300000 5461.24 121.634 12022.3 0.994028
1165400000 5461.24 124.415 12016.1 0.994321
1165500000 5461.21 124.935 12014.8 0.993803
1165600000 5461.23 125.535 12013.5 0.993809
1165700000 5461.23 125.608 12013.4 0.993786
1165800000 5461.22 127.289 12009.6 0.993648
1165900000 5461.22 129.767 12004 0.993449
1166000000 5461.22 127.833 12008.3 0.993567
1166100000 5461.23 126.966 12010.3 0.993636
1166200000 5461.22 129.15 12005.4 0.993531
1166300000 5461.23 125.767 12013 0.993759
1166400000 5461.23 126.764 12010.8 0.993685
1166500000 5461.24 123.417 12018.3 0.993913
1166600000 5461.21 128.417 12007 0.99356
1166700000 5461.22 130.55 12002.2 0.993423
1166800000 5461.23 125.742 12013.1 0.993785
1166900000 5461.24 124.771 12015.3 0.993831
1167000000 5461.21 132.518 11997.8 0.993229
1167100000 5461.23 121.248 12023.2 0.994074
1167200000 5461.22 127.35 12009.4 0.993641
1167300000 5461.24 121.547 12022.5 0.994084
1167400000 5461.22 124.946 12014.8 0.993809
1167500000 5461.22 128.029 12007.9 0.993638
1167600000 5461.23 124.793 12015.2 0.993851
1167700000 5461.24 127.985 12008 0.993565
1167800000 5461.22 130.283 12002.8 0.993436
1167900000 5461.24 128.475 12006.9 0.993504
1168000000 5461.24 126.004 12012.5 0.993682
1168100000 5461.24 122.904 12019.5 0.993939
1168200000 5461.21 128.705 12006.4 0.993586
1168300000 5461.23 126.255 12011.9 0.993702
1168400000 5461.22 126.575 12011.2 0.993644
1168500000 5461.23 123.198 12018.8 0.993924
1168600000 5461.22 128.405 12007 0.993638
1168700000 5461.23 122.276 12020.9 0.993966
1168800000 5461.2 131.459 12000.1 0.99343
1168900000 5461.22 126.626 12011.1 0.993675
1169000000 5461.22 131.062 12001.1 0.993665
1169100000 5461.22 124.526 12015.8 0.993847
1169200000 5461.22 129.662 12004.2 0.993467
1169300000 5461.22 126.997 12010.2 0.993688
1169400000 5461.22 128.569 12006.7 0.993541
1169500000 5461.21 128.633 12006.5 0.993573
1169600000 5461.23 124.131 12016.7 0.993877
1169700000 5461.23 127.022 12010.2 0.993633
1169800000 5461.22 127.935 12008.1 0.993618
1169900000 5461.23 125.344 12013.9 0.993781
1170000000 5461.21 132.263 11998.3 0.993325
1170100000 5461.21 131.821 11999.3 0.993328
1170200000 5461.23 125.043 12014.6 0.993778
1170300000 5461.22 126.064 12012.3 0.993752
1170400000 5461.23 128.607 12006.6 0.993758
1170500000 5461.21 129.245 12005.1 0.993558
1170600000 5461.23 123.642 12017.8 0.993885
1170700000 5461.22 132.37 11998.1 0.993242
1170800000 5461.22 126.766 12010.7 0.993691
1170900000 5461.21 128.345 12007.2 0.99359
1171000000 5461.23 125.685 12013.2 0.993735
1171100000 5461.24 124.806 12015.2 0.993813
1171200000 5461.21 130.341 12002.7 0.993437
1171300000 5461.21 127.003 12010.2 0.993685
1171400000 5461.22 122.514 12020.3 0.993966
1171500000 5461.22 126.955 12010.3 0.99367
1171600000 5461.22 126.013 12012.4 0.993765
1171700000 5461.23 127.582 12008.9 0.993591
1171800000 5461.23 128.302 12007.3 0.993537
1171900000 5461.23 123.444 12018.2 0.993878
1172000000 5461.22 127.179 12009.8 0.993672
1172100000 5461.24 130.572 12002.2 0.993291
1172200000 5461.21 129.763 12004 0.99346
1172300000 5461.23 124.354 12016.2 0.993816
1172400000 5461.23 127.361 12009.4 0.993621
1172500000 5461.22 129.698 12004.1 0.993494
1172600000 5461.2 130.814 12001.6 0.993401
1172700000 5461.23 126.543 12011.3 0.993721
1172800000 5461.22 128.67 12006.4 0.993537
1172900000 5461.23 122.389 12020.6 0.993987
1173000000 5461.24 129.356 12004.9 0.99346
1173100000 5461.22 129.112 12005.4 0.99348
1173200000 5461.23 125.222 12014.2 0.993827
1173300000 5461.23 126.029 12012.4 0.993813
1173400000 5461.23 124.004 12017 0.993908
1173500000 5461.21 129.28 12005 0.993452
1173600000 5461.22 123.579 12017.9 0.9939
1173700000 5461.22 127.128 12009.9 0.993626
1173800000 5461.21 130.525 12002.2 0.993413
1173900000 5461.22 125.082 12014.5 0.993802
1174000000 5461.24 127.514 12009.1 0.993557
1174100000 5461.22 124.405 12016.1 0.993847
1174200000 5461.22 126.667 12011 0.993715
1174300000 5461.22 128.057 12007.8 0.993607
1174400000 5461.22 126.118 12012.2 0.99377
1174500000 5461.22 126.735 12010.8 0.993641
1174600000 5461.23 124.273 12016.4 0.993851
1174700000 5461.21 125.024 12014.6 0.993852
1174800000 5461.22 129.662 12004.2 0.993484
1174900000 5461.22 125.751 12013 0.99374
1175000000 5461.22 127.287 12009.6 0.99368
1175100000 5461.23 124.807 12015.2 0.993797
1175200000 5461.22 130.305 12002.8 0.993457
1175300000 5461.23 124.453 12016 0.993861
1175400000 5461.23 126.917 12010.4 0.993691
1175500000 5461.21 128.998 12005.7 0.993518
1175600000 5461.21 127.174 12009.8 0.993759
1175700000 5461.24 125.094 12014.5 0.993795
1175800000 5461.22 125.832 12012.8 0.993753
1175900000 5461.22 127.103 12010 0.993667
1176000000 5461.22 126.932 12010.4 0.993655
1176100000 5461.22 127.123 12009.9 0.993668
1176200000 5461.23 128.464 12006.9 0.993506
1176300000 5461.22 126.571 12011.2 0.993702
1176400000 5461.23 126.522 12011.3 0.993679
1176500000 5461.22 128.644 12006.5 0.993547
1176600000 5461.23 125.969 12012.5 0.993731
1176700000 5461.22 126.115 12012.2 0.993775
1176800000 5461.23 128.97 12005.8 0.993491
1176900000 5461.24 126.152 12012.1 0.993712
1177000000 5461.24 124.28 12016.4 0.993847
1177100000 5461.22 128.026 12007.9 0.993578
1177200000 5461.22 125.192 12014.3 0.993797
1177300000 5461.23 127.105 12010 0.993627
1177400000 5461.23 123.507 12018.1 0.993899
1177500000 5461.22 122.851 12019.6 0.993982
1177600000 5461.23 126.012 12012.5 0.993751
1177700000 5461.24 123.635 12017.8 0.993931
1177800000 5461.23 130.875 12001.5 0.993308
1177900000 5461.24 125.119 12014.5 0.993769
1178000000 5461.23 126.998 12010.2 0.993938
1178100000 5461.22 124.715 12015.3 0.993848
1178200000 5461.22 131.908 11999.1 0.993319
1178300000 5461.23 123.431 12018.3 0.993886
1178400000 5461.22 124.751 12015.3 0.993822
1178500000 5461.22 129.6 12004.3 0.993418
1178600000 5461.22 124.754 12015.3 0.993864
1178700000 5461.23 132.915 11996.9 0.993223
1178800000 5461.22 124.209 12016.5 0.993911
1178900000 5461.23 127.327 12009.5 0.99361
1179000000 5461.22 132.087 11998.7 0.993305
1179100000 5461.22 128.84 12006.1 0.993496
1179200000 5461.23 126.783 12010.7 0.993644
1179300000 5461.23 130.11 12003.2 0.993362
1179400000 5461.24 123.72 12017.6 0.993924
1179500000 5461.22 125.801 12012.9 0.993763
1179600000 5461.23 132.128 11998.7 0.993276
1179700000 5461.21 129.24 12005.1 0.993485
1179800000 5461.22 124.509 12015.8 0.993858
1179900000 5461.21 126.47 12011.4 0.993731
1180000000 5461.23 129.392 12004.8 0.99351
1180100000 5461.24 125.686 12013.2 0.994716
1180200000 5461.21 131.579 11999.9 0.993432
1180300000 5461.23 127.411 12009.3 0.993595
1180400000 5461.23 130.427 12002.5 0.993379
1180500000 5461.22 130.43 12002.5 0.99347
1180600000 5461.21 130.071 12003.3 0.993368
1180700000 5461.23 128.362 12007.2 0.993552
1180800000 5461.22 126.716 12010.8 0.993692
1180900000 5461.22 127.987 12008 0.993604
1181000000 5461.22 129.036 12005.6 0.993509
1181100000 5461.24 125.46 12013.7 0.99372
1181200000 5461.22 134.332 11993.7 0.99309
1181300000 5461.21 129.852 12003.8 0.993448
1181400000 5461.22 128.571 12006.7 0.993516
1181500000 5461.22 132.999 11996.7 0.993392
1181600000 5461.23 125.786 12013 0.993777
1181700000 5461.23 127.318 12009.5 0.993565
1181800000 5461.23 121.593 12022.4 0.994042
1181900000 5461.22 127.22 12009.7 0.993658
1182000000 5461.22 121.737 12022.1 0.994044
1182100000 5461.22 128.783 12006.2 0.993538
1182200000 5461.22 126.218 12012 0.99372
1182300000 5461.23 125.85 12012.8 0.993782
1182400000 5461.23 126.341 12011.7 0.993688
1182500000 5461.22 133.146 11996.4 0.99321
1182600000 5461.21 128.979 12005.7 0.993559
1182700000 5461.22 123.442 12018.2 0.993968
1182800000 5461.22 131.465 12000.2 0.993346
1182900000 5461.23 128.544 12006.7 0.993521
1183000000 5461.23 123.197 12018.8 0.993894
1183100000 5461.22 126.398 12011.6 0.993688
1183200000 5461.24 122.859 12019.6 0.993957
1183300000 5461.22 129.066 12005.5 0.993497
1183400000 5461.22 125.962 12012.5 0.993725
1183500000 5461.24 125.306 12014.1 0.993767
1183600000 5461.23 125.617 12013.3 0.993793
1183700000 5461.21 133.315 11996 0.993163
1183800000 5461.23 122.492 12020.4 0.99396
1183900000 5461.22 130.023 12003.4 0.993483
1184000000 5461.23 124.873 12015 0.993779
1184100000 5461.21 130.593 12002.1 0.996358
1184200000 5461.24 123.79 12017.5 0.993844
1184300000 5461.23 125.124 12014.5 0.993791
1184400000 5461.22 129.593 12004.4 0.993441
1184500000 5461.21 133.099 11996.5 0.993214
1184600000 5461.22 130.148 12003.1 0.993426
1184700000 5461.23 126.025 12012.4 0.993716
1184800000 5461.23 124.617 12015.6 0.993826
1184900000 5461.23 128.07 12007.8 0.993625
1185000000 5461.23 126.69 12010.9 0.99368
1185100000 5461.22 126.448 12011.5 0.993683
1185200000 5461.21 129.764 12004 0.993509
1185300000 5461.23 127.639 12008.8 0.993604
1185400000 5461.21 127.903 12008.1 0.993638
1185500000 5461.23 122.711 12019.9 0.993947
1185600000 5461.22 126.566 12011.2 0.993704
1185700000 5461.22 125.135 12014.4 0.993801
1185800000 5461.23 133.68 11995.2 0.993128
1185900000 5461.22 124.448 12015.9 0.993883
1186000000 5461.23 126.589 12011.1 0.993671
1186100000 5461.24 126.298 12011.8 0.993699
1186200000 5461.23 122.227 12021 0.994015
1186300000 5461.23 128.429 12007 0.993551
1186400000 5461.23 123.364 12018.4 0.993923
1186500000 5461.21 128.812 12006.1 0.993584
1186600000 5461.21 125.093 12014.5 0.993878
1186700000 5461.22 123.879 12017.2 0.99389
1186800000 5461.23 128.123 12007.7 0.993555
1186900000 5461.22 125.851 12012.8 0.99372
1187000000 5461.22 127.002 12010.2 0.99366
1187100000 5461.23 128.46 12006.9 0.993547
1187200000 5461.23 124.134 12016.7 0.993906
1187300000 5461.22 123.719 12017.6 0.993882
1187400000 5461.21 130.363 12002.6 0.993499
1187500000 5461.22 125.304 12014 0.993812
1187600000 5461.22 125.467 12013.7 0.993787
1187700000 5461.22 127.864 12008.2 0.9936
1187800000 5461.22 129.861 12003.8 0.993451
1187900000 5461.23 127.857 12008.3 0.993582
1188000000 5461.23 129.05 12005.6 0.995146
1188100000 5461.24 125.394 12013.9 0.993757
1188200000 5461.2 126.988 12010.2 0.993721
1188300000 5461.22 127.117 12009.9 0.993657
1188400000 5461.23 125.952 12012.6 0.993716
1188500000 5461.22 131.327 12000.5 0.993288
1188600000 5461.23 125.117 12014.5 0.993793
1188700000 5461.23 123.183 12018.8 0.993986
1188800000 5461.22 132.284 11998.3 0.993225
1188900000 5461.23 126.469 12011.4 0.993704
1189000000 5461.23 124.845 12015.1 0.993816
1189100000 5461.24 122.559 12020.2 0.994
1189200000 5461.24 125.523 12013.6 0.99372
1189300000 5461.23 129.606 12004.4 0.993412
1189400000 5461.22 129.778 12004 0.993426
1189500000 5461.22 125.55 12013.5 0.993798
1189600000 5461.23 123.405 12018.3 0.994154
1189700000 5461.23 124.017 12016.9 0.993909
1189800000 5461.21 127.322 12009.5 0.993672
1189900000 5461.22 128.457 12006.9 0.993618
1190000000 5461.22 127.189 12009.8 0.993736
1190100000 5461.23 122.762 12019.8 0.993972
1190200000 5461.22 125.055 12014.6 0.99382
1190300000 5461.22 132.891 11996.9 0.993261
1190400000 5461.23 123.093 12019 0.99396
1190500000 5461.23 123.882 12017.2 0.993907
1190600000 5461.23 128.586 12006.7 0.993486
1190700000 5461.21 127.107 12009.9 0.993723
1190800000 5461.22 130.659 12002 0.993408
1190900000 5461.23 124.675 12015.5 0.993829
1191000000 5461.24 124.842 12015.1 0.994216
1191100000 5461.22 125.802 12012.9 0.993814
1191200000 5461.21 123.911 12017.1 0.993898
1191300000 5461.23 123.673 12017.7 0.993908
1191400000 5461.22 130.092 12003.2 0.993481
1191500000 5461.22 128.177 12007.5 0.993625
1191600000 5461.23 124.742 12015.3 0.993797
1191700000 5461.22 121.103 12023.5 0.994079
1191800000 5461.22 127.495 12009.1 0.993593
1191900000 5461.23 122.905 12019.4 0.993961
1192000000 5461.22 129.779 12003.9 0.993414
1192100000 5461.23 128.442 12007 0.993521
1192200000 5461.22 122.872 12019.5 0.993997
1192300000 5461.21 126.232 12011.9 0.993729
1192400000 5461.22 125.034 12014.6 0.993817
1192500000 5461.22 127.047 12010.1 0.993646
1192600000 5461.22 125.727 12013.1 0.993734
1192700000 5461.23 125.636 12013.3 0.993742
1192800000 5461.22 123.058 12019.1 0.993976
1192900000 5461.24 123.783 12017.5 0.993897
1193000000 5461.23 121.42 12022.8 0.994071
1193100000 5461.22 121.45 12022.7 0.994072
1193200000 5461.23 128.282 12007.3 0.993559
1193300000 5461.22 133.022 11996.7 0.993104
1193400000 5461.24 121.142 12023.4 0.994074
1193500000 5461.22 130.192 12003 0.993476
1193600000 5461.22 126.169 12012.1 0.993777
1193700000 5461.21 131.111 12000.9 0.993414
1193800000 5461.22 126.815 12010.6 0.993657
1193900000 5461.22 132.353 11998.1 0.993271
1194000000 5461.23 124.943 12014.9 0.993805
1194100000 5461.22 132.323 11998.2 0.993274
1194200000 5461.22 128.126 12007.7 0.993594
1194300000 5461.21 124.416 12016 0.993874
1194400000 5461.23 129.602 12004.4 0.993454
1194500000 5461.22 124.371 12016.1 0.993863
1194600000 5461.22 126.697 12010.9 0.993803
1194700000 5461.22 124.256 12016.4 0.993889
1194800000 5461.22 128.693 12006.4 0.993531
1194900000 5461.22 128.524 12006.8 0.993576
1195000000 5461.23 125.578 12013.4 0.994673
1195100000 5461.21 127.321 12009.5 0.993657
1195200000 5461.23 121.388 12022.9 0.99406
1195300000 5461.23 125.488 12013.6 0.993776
1195400000 5461.22 126.087 12012.3 0.99375
1195500000 5461.23 124.532 12015.8 0.993875
1195600000 5461.22 126.441 12011.5 0.993694
1195700000 5461.22 125.348 12013.9 0.993789
1195800000 5461.24 123.904 12017.2 0.993871
1195900000 5461.22 126.472 12011.4 0.99378
1196000000 5461.22 129.233 12005.2 0.993494
1196100000 5461.21 135.318 11991.4 0.993135
1196200000 5461.22 125.626 12013.3 0.993787
1196300000 5461.22 129.099 12005.5 0.993478
1196400000 5461.24 130.042 12003.4 0.993361
1196500000 5461.23 123.841 12017.3 0.993906
1196600000 5461.22 126.934 12010.4 0.993632
1196700000 5461.23 129.356 12004.9 0.993478
1196800000 5461.22 130.058 12003.3 0.993428
1196900000 5461.24 124.574 12015.7 0.993836
1197000000 5461.23 130.329 12002.7 0.993394
1197100000 5461.21 127.099 12010 0.993726
1197200000 5461.24 122.667 12020 0.993937
1197300000 5461.21 131.049 12001.1 0.993383
1197400000 5461.22 125.959 12012.5 0.993705
1197500000 5461.23 123.197 12018.8 0.993945
1197600000 5461.22 125.129 12014.4 0.993861
1197700000 5461.22 131.5 12000.1 0.993292
1197800000 5461.22 123.378 12018.4 0.993904
1197900000 5461.23 122.118 12021.2 0.994014
1198000000 5461.23 125.347 12013.9 0.993779
1198100000 5461.23 126.458 12011.5 0.993705
1198200000 5461.21 128.004 12007.9 0.993608
1198300000 5461.23 123.167 12018.9 0.993935
1198400000 5461.21 125.305 12014 0.993862
1198500000 5461.21 125.063 12014.5 0.993845
1198600000 5461.21 127.793 12008.4 0.993622
1198700000 5461.23 126.165 12012.1 0.99373
1198800000 5461.22 122.223 12021 0.994039
1198900000 5461.23 122.313 12020.8 0.993985
1199000000 5461.23 127.732 12008.6 0.993579
1199100000 5461.21 131.7 11999.6 0.993286
1199200000 5461.23 125.971 12012.6 0.993747
1199300000 5461.23 125.147 12014.4 0.99382
1199400000 5461.23 129.435 12004.7 0.993442
1199500000 5461.22 127.855 12008.3 0.993594
1199600000 5461.22 123.696 12017.6 0.993904
1199700000 5461.22 129.328 12005 0.993525
1199800000 5461.21 127.342 12009.4 0.993679
1199900000 5461.24 127.588 12008.9 0.993606
1200000000 5461.22 129.087 12005.5 0.993506
1200100000 5461.23 126.936 12010.4 0.993648
1200200000 5461.22 125.344 12013.9 0.993761
1200300000 5461.22 125.306 12014 0.993781
1200400000 5461.22 127.607 12008.8 0.993664
1200500000 5461.21 128.014 12007.9 0.993614
1200600000 5461.23 121.511 12022.6 0.994053
1200700000 5461.22 124.763 12015.2 0.994196
1200800000 5461.21 128.444 12006.9 0.993606
1200900000 5461.23 123.928 12017.1 0.993903
1201000000 5461.23 124.472 12015.9 0.993821
1201100000 5461.22 124.472 12015.9 0.993881
1201200000 5461.22 126.446 12011.5 0.99374
1201300000 5461.22 127.55 12009 0.993581
1201400000 5461.23 127.107 12010 0.993701
1201500000 5461.23 123.914 12017.2 0.993854
1201600000 5461.22 124.676 12015.4 0.993846
1201700000 5461.23 123.063 12019.1 0.993959
1201800000 5461.23 127.714 12008.6 0.993605
1201900000 5461.24 124.319 12016.3 0.993851
1202000000 5461.23 126.015 12012.4 0.993698
1202100000 5461.23 123.828 12017.4 0.993912
1202200000 5461.23 121.526 12022.5 0.994026
1202300000 5461.22 125.687 12013.2 0.993792
1202400000 5461.22 130.009 12003.4 0.993463
1202500000 5461.23 129.024 12005.7 0.993532
1202600000 5461.22 128.619 12006.6 0.993536
1202700000 5461.23 121.295 12023.1 0.99406
1202800000 5461.22 124.681 12015.4 0.99381
1202900000 5461.23 125.224 12014.2 0.993774
1203000000 5461.23 128.324 12007.2 0.993535
1203100000 5461.22 121.596 12022.4 0.994065
1203200000 5461.23 130.541 12002.2 0.9934
1203300000 5461.22 122.984 12019.2 0.993955
1203400000 5461.22 129.671 12004.2 0.993556
1203500000 5461.24 125.321 12014 0.99378
1203600000 5461.23 127.646 12008.8 0.993608
1203700000 5461.22 124.858 12015 0.993848
1203800000 5461.22 126.257 12011.9 0.993744
1203900000 5461.23 134.167 11994.1 0.993101
1204000000 5461.22 129.41 12004.8 0.993466
1204100000 5461.22 124.144 12016.6 0.993893
1204200000 5461.22 125.167 12014.3 0.993831
1204300000 5461.22 132.358 11998.1 0.993277
1204400000 5461.24 123.192 12018.8 0.993913
1204500000 5461.23 125.612 12013.3 0.993832
1204600000 5461.24 128.601 12006.6 0.993514
1204700000 5461.23 123.864 12017.3 0.993891
1204800000 5461.24 121.321 12023 0.994035
1204900000 5461.23 125.097 12014.5 0.993802
1205000000 5461.22 125.843 12012.8 0.99372
1205100000 5461.23 125.587 12013.4 0.993815
1205200000 5461.22 125.676 12013.2 0.993766
1205300000 5461.23 125.4 12013.8 0.993764
1205400000 5461.23 124.948 12014.9 0.993799
1205500000 5461.22 128.823 12006.1 0.993551
1205600000 5461.22 131.678 11999.7 0.993384
1205700000 5461.22 126.138 12012.1 0.993763
1205800000 5461.22 123.877 12017.2 0.993907
1205900000 5461.24 130.158 12003.1 0.993379
1206000000 5461.23 124.466 12015.9 0.993868
1206100000 5461.23 128.493 12006.9 0.993569
1206200000 5461.22 123.467 12018.2 0.993909
1206300000 5461.22 130.145 12003.1 0.993424
1206400000 5461.22 124.564 12015.7 0.99385
1206500000 5461.23 125.794 12012.9 0.993747
1206600000 5461.22 123.202 12018.8 0.993966
1206700000 5461.22 125.267 12014.1 0.993826
1206800000 5461.23 127.072 12010.1 0.993671
1206900000 5461.23 126.812 12010.6 0.993616
1207000000 5461.22 125.275 12014.1 0.993772
1207100000 5461.23 124.169 12016.6 0.993905
1207200000 5461.24 128.061 12007.9 0.993558
1207300000 5461.23 121.794 12022 0.994009
1207400000 5461.22 126.048 12012.3 0.993752
1207500000 5461.23 124.764 12015.3 0.993855
1207600000 5461.24 121.459 12022.7 0.994041
1207700000 5461.22 125.759 12013 0.993759
1207800000 5461.22 128.198 12007.5 0.993553
1207900000 5461.22 129.574 12004.4 0.993458
1208000000 5461.22 128.956 12005.8 0.993544
1208100000 5461.21 126.727 12010.8 0.993726
1208200000 5461.22 125.556 12013.5 0.993805
1208300000 5461.22 129.712 12004.1 0.993453
1208400000 5461.22 127.649 12008.7 0.993671
1208500000 5461.23 123.352 12018.4 0.993924
1208600000 5461.22 128.221 12007.5 0.993588
1208700000 5461.21 129.539 12004.5 0.993542
1208800000 5461.22 127.517 12009 0.993606
1208900000 5461.22 124.217 12016.5 0.993891
1209000000 5461.23 124.693 12015.4 0.993895
1209100000 5461.24 124.358 12016.2 0.993838
1209200000 5461.22 128.46 12006.9 0.993614
1209300000 5461.21 128.417 12007 0.994493
1209400000 5461.23 127.906 12008.2 0.993597
1209500000 5461.21 127.082 12010 0.993693
1209600000 5461.23 123.06 12019.1 0.99393
1209700000 5461.22 124.611 12015.6 0.993853
1209800000 5461.22 125.132 12014.4 0.993829
1209900000 5461.23 124.523 12015.8 0.993837
1210000000 5461.23 126.142 12012.2 0.9937
1210100000 5461.23 124.772 12015.2 0.993816
1210200000 5461.24 124.469 12015.9 0.993836
1210300000 5461.24 120.624 12024.6 0.994085
1210400000 5461.23 124.648 12015.5 0.993827
1210500000 5461.22 124.988 12014.7 0.993834
1210600000 5461.23 126.135 12012.2 0.993694
1210700000 5461.22 129.954 12003.5 0.993413
1210800000 5461.22 132.032 11998.9 0.993259
1210900000 5461.23 123.588 12017.9 0.993883
1211000000 5461.22 125.652 12013.2 0.993785
1211100000 5461.22 128.929 12005.9 0.993535
1211200000 5461.22 125.608 12013.3 0.993751
1211300000 5461.23 124.475 12015.9 0.993806
1211400000 5461.23 128.874 12006 0.993547
1211500000 5461.22 129.45 12004.7 0.993463
1211600000 5461.23 123.557 12018 0.993948
1211700000 5461.23 127.119 12010 0.993595
1211800000 5461.22 128.06 12007.8 0.993606
1211900000 5461.23 125.363 12013.9 0.99379
1212000000 5461.22 124.93 12014.9 0.993848
1212100000 5461.22 127.393 12009.3 0.99367
1212200000 5461.21 132.888 11996.9 0.993252
1212300000 5461.23 127.509 12009.1 0.993589
1212400000 5461.22 125.872 12012.7 0.993763
1212500000 5461.23 123.704 12017.7 0.993925
1212600000 5461.22 128.759 12006.2 0.993533
1212700000 5461.22 128.919 12005.9 0.993512
1212800000 5461.23 122.821 12019.6 0.99396
1212900000 5461.22 124.833 12015.1 0.99381
1213000000 5461.22 126.97 12010.3 0.993614
1213100000 5461.23 126.257 12011.9 0.993698
1213200000 5461.22 131.268 12000.6 0.993311
1213300000 5461.23 124.765 12015.3 0.993799
1213400000 5461.22 124.588 12015.6 0.993825
1213500000 5461.2 134.825 11992.5 0.993139
1213600000 5461.22 125.974 12012.5 0.993725
1213700000 5461.23 125.528 12013.5 0.993761
1213800000 5461.23 123.266 12018.6 0.99394
1213900000 5461.22 127.115 12009.9 0.993701
1214000000 5461.23 127.662 12008.7 0.993576
1214100000 5461.23 131.469 12000.2 0.993227
1214200000 5461.22 126.919 12010.4 0.993706
1214300000 5461.23 123.66 12017.8 0.993899
1214400000 5461.23 124.471 12015.9 0.993868
1214500000 5461.23 129.982 12003.5 0.993389
1214600000 5461.21 127.15 12009.8 0.993656
1214700000 5461.22 125.368 12013.9 0.993815
1214800000 5461.22 124.087 12016.8 0.99387
1214900000 5461.23 125.046 12014.6 0.993779
1215000000 5461.23 132.257 11998.4 0.99319
1215100000 5461.21 129.685 12004.1 0.993536
1215200000 5461.22 125.283 12014.1 0.993762
1215300000 5461.23 131.816 11999.4 0.993231
1215400000 5461.23 128.323 12007.2 0.993565
1215500000 5461.23 125.259 12014.1 0.993774
1215600000 5461.22 131.884 11999.2 0.993357
1215700000 5461.22 124.418 12016 0.993854
1215800000 5461.23 124.917 12014.9 0.993816
1215900000 5461.23 128.597 12006.6 0.993526
1216000000 5461.23 130.453 12002.5 0.993325
1216100000 5461.23 125.01 12014.7 0.993817
1216200000 5461.21 128.276 12007.3 0.993536
1216300000 5461.22 125.142 12014.4 0.993805
1216400000 5461.22 127.355 12009.4 0.993594
1216500000 5461.23 123.358 12018.4 0.993889
1216600000 5461.22 130.073 12003.3 0.993443
1216700000 5461.22 130.816 12001.6 0.993395
1216800000 5461.24 122.4 12020.6 0.994009
1216900000 5461.22 130.199 12003 0.996287
1217000000 5461.23 125.583 12013.4 0.993788
1217100000 5461.22 127.269 12009.6 0.993616
1217200000 5461.24 128.192 12007.6 0.99349
1217300000 5461.23 131.987 11999 0.993181
1217400000 5461.22 125.815 12012.9 0.993734
1217500000 5461.22 128.337 12007.2 0.993538
1217600000 5461.22 131.153 12000.8 0.993324
1217700000 5461.22 133.51 11995.5 0.993202
1217800000 5461.22 128.412 12007 0.99353
1217900000 5461.21 127.97 12008 0.993612
1218000000 5461.22 129.719 12004.1 0.993487
1218100000 5461.22 125.177 12014.3 0.993804
1218200000 5461.23 126.745 12010.8 0.993654
1218300000 5461.23 124.127 12016.7 0.993878
1218400000 5461.23 124.048 12016.9 0.993913
1218500000 5461.22 126.517 12011.3 0.993656
1218600000 5461.22 121.286 12023.1 0.994102
1218700000 5461.23 125.842 12012.8 0.993739
1218800000 5461.24 125.415 12013.8 0.993721
1218900000 5461.23 125.206 12014.3 0.99378
1219000000 5461.22 125.651 12013.2 0.993737
1219100000 5461.24 124.937 12014.9 0.993788
1219200000 5461.22 126.305 12011.8 0.993754
1219300000 5461.22 122.719 12019.8 0.993974
1219400000 5461.23 125.994 12012.5 0.99372
1219500000 5461.22 127.52 12009 0.993591
1219600000 5461.21 123.568 12017.9 0.993961
1219700000 5461.22 128.068 12007.8 0.993606
1219800000 5461.23 128.611 12006.6 0.993517
1219900000 5461.23 122.773 12019.7 0.993976
1220000000 5461.22 125.641 12013.3 0.993828
1220100000 5461.22 125.879 12012.7 0.993783
1220200000 5461.23 124.799 12015.2 0.993803
1220300000 5461.21 127.998 12007.9 0.993591
1220400000 5461.22 126.816 12010.6 0.993704
1220500000 5461.23 127.22 12009.7 0.993669
1220600000 5461.24 123.487 12018.2 0.993888
1220700000 5461.22 129.837 12003.8 0.993503
1220800000 5461.22 126.415 12011.5 0.993707
1220900000 5461.22 124.274 12016.3 0.993875
1221000000 5461.23 125.539 12013.5 0.993753
1221100000 5461.22 127.784 12008.4 0.993613
1221200000 5461.21 124.582 12015.6 0.993841
1221300000 5461.22 124.52 12015.8 0.993839
1221400000 5461.22 128.977 12005.7 0.993512
1221500000 5461.22 127.318 12009.5 0.993622
1221600000 5461.22 128.903 12005.9 0.993556
1221700000 5461.22 127.398 12009.3 0.993676
1221800000 5461.22 123.033 12019.1 0.993919
1221900000 5461.23 127.617 12008.8 0.993549
1222000000 5461.23 123.756 12017.5 0.993888
1222100000 5461.22 125.864 12012.8 0.993757
1222200000 5461.22 123.402 12018.3 0.993956
1222300000 5461.22 127.686 12008.7 0.993616
1222400000 5461.22 126.977 12010.3 0.993678
1222500000 5461.2 130.771 12001.7 0.993399
1222600000 5461.23 129.961 12003.5 0.993441
1222700000 5461.23 122.623 12020.1 0.993968
1222800000 5461.22 123.903 12017.2 0.993862
1222900000 5461.22 127.438 12009.2 0.99369
1223000000 5461.23 128.175 12007.6 0.993572
1223100000 5461.22 124.67 12015.4 0.993823
1223200000 5461.22 131.829 11999.3 0.993303
1223300000 5461.22 129.521 12004.5 0.99342
1223400000 5461.24 121.652 12022.3 0.99405
1223500000 5461.23 126.32 12011.7 0.993685
1223600000 5461.23 122.921 12019.4 0.993975
1223700000 5461.22 129.283 12005.1 0.99348
1223800000 5461.21 125.478 12013.6 0.993805
1223900000 5461.24 123.717 12017.6 0.993871
1224000000 5461.21 127.286 12009.5 0.993696
1224100000 5461.22 129.065 12005.6 0.993451
1224200000 5461.23 128.23 12007.5 0.993574
1224300000 5461.22 125.124 12014.4 0.99376
1224400000 5461.22 124.098 12016.7 0.993874
1224500000 5461.23 121.757 12022 0.994036
1224600000 5461.21 132.092 11998.7 0.99334
1224700000 5461.22 122.955 12019.3 0.993927
1224800000 5461.22 127.015 12010.2 0.993681
1224900000 5461.22 126.38 12011.6 0.99371
1225000000 5461.22 131.756 11999.5 0.993357
1225100000 5461.22 125.489 12013.6 0.993804
1225200000 5461.22 127.252 12009.6 0.993616
1225300000 5461.22 121.708 12022.1 0.99402
1225400000 5461.22 130.323 12002.7 0.993461
1225500000 5461.22 127.591 12008.9 0.993656
1225600000 5461.23 128.587 12006.6 0.993524
1225700000 5461.23 125.774 12013 0.993721
1225800000 5461.23 121.986 12021.5 0.994038
1225900000 5461.24 123.52 12018.1 0.993898
1226000000 5461.22 126.609 12011.1 0.99369
1226100000 5461.22 127.241 12009.7 0.993603
1226200000 5461.22 126.451 12011.4 0.993732
1226300000 5461.23 123.973 12017 0.993886
1226400000 5461.22 127.301 12009.5 0.993654
1226500000 5461.22 129.869 12003.7 0.993435
1226600000 5461.22 126.738 12010.8 0.993673
1226700000 5461.24 127.682 12008.7 0.993594
1226800000 5461.23 125.479 12013.7 0.993836
1226900000 5461.21 130.257 12002.9 0.993476
1227000000 5461.23 123.58 12017.9 0.993917
1227100000 5461.22 129.921 12003.6 0.993474
1227200000 5461.23 125.119 12014.5 0.99384
1227300000 5461.21 129.173 12005.3 0.993566
1227400000 5461.22 127.017 12010.2 0.993662
1227500000 5461.23 126.055 12012.4 0.993728
1227600000 5461.23 128.146 12007.6 0.993584
1227700000 5461.23 123.131 12018.9 0.993906
1227800000 5461.22 125.284 12014.1 0.993826
1227900000 5461.22 125.805 12012.9 0.993742
1228000000 5461.22 127.643 12008.8 0.993616
1228100000 5461.23 124.058 12016.9 0.993814
1228200000 5461.22 126.696 12010.9 0.993708
1228300000 5461.22 129.22 12005.2 0.993467
1228400000 5461.24 124.127 12016.7 0.993853
1228500000 5461.22 126.954 12010.3 0.993686
1228600000 5461.22 127.624 12008.8 0.993597
1228700000 5461.23 127.437 12009.2 0.993638
1228800000 5461.22 127.032 12010.1 0.993672
1228900000 5461.23 127.91 12008.2 0.993516
1229000000 5461.23 124.314 12016.3 0.993832
1229100000 5461.23 129.954 12003.6 0.993396
1229200000 5461.23 129.475 12004.6 0.993454
1229300000 5461.23 128.049 12007.9 0.993571
1229400000 5461.22 129.869 12003.7 0.993383
1229500000 5461.22 125.945 12012.6 0.993734
1229600000 5461.23 123.666 12017.7 0.993922
1229700000 5461.23 124.073 12016.8 0.993877
1229800000 5461.22 125.17 12014.3 0.993787
1229900000 5461.23 125.914 12012.7 0.993746
1230000000 5461.21 123.54 12018 0.993939
1230100000 5461.23 124.161 12016.6 0.993873
1230200000 5461.22 122.902 12019.4 0.993933
1230300000 5461.22 124.241 12016.4 0.993878
1230400000 5461.22 124.888 12015 0.993811
1230500000 5461.24 121.34 12023 0.994018
1230600000 5461.22 124.873 12015 0.993862
1230700000 5461.23 123.076 12019.1 0.993944
1230800000 5461.22 126.854 12010.5 0.993689
1230900000 5461.23 126.035 12012.4 0.993739
1231000000 5461.22 125.789 12012.9 0.99375
1231100000 5461.23 123.82 12017.4 0.993902
1231200000 5461.23 123.523 12018.1 0.993921
1231300000 5461.21 130.779 12001.7 0.99342
1231400000 5461.22 127.341 12009.4 0.99366
1231500000 5461.22 123.758 12017.5 0.99389
1231600000 5461.22 126.646 12011 0.993684
1231700000 5461.23 128.935 12005.9 0.993593
1231800000 5461.23 127.462 12009.2 0.993669
1231900000 5461.22 128.157 12007.6 0.993577
1232000000 5461.23 122.708 12019.9 0.993979
1232100000 5461.24 122.027 12021.4 0.993994
1232200000 5461.22 125.653 12013.2 0.993751
1232300000 5461.22 128.071 12007.8 0.993585
1232400000 5461.24 125.768 12013 0.993736
1232500000 5461.23 129.545 12004.5 0.993482
1232600000 5461.22 128.278 12007.3 0.993589
1232700000 5461.23 125.637 12013.3 0.993744
1232800000 5461.23 125.092 12014.5 0.993781
1232900000 5461.23 123.706 12017.7 0.993884
1233000000 5461.23 124.204 12016.5 0.993893
1233100000 5461.23 124.629 12015.6 0.993762
1233200000 5461.23 125.677 12013.2 0.99374
1233300000 5461.22 126.31 12011.8 0.993659
1233400000 5461.24 122.58 12020.2 0.993974
1233500000 5461.22 126.085 12012.3 0.993812
1233600000 5461.23 126.034 12012.4 0.993787
1233700000 5461.22 129.243 12005.2 0.993488
1233800000 5461.23 123.62 12017.8 0.993911
1233900000 5461.23 127.877 12008.2 0.993586
1234000000 5461.22 126.262 12011.9 0.993759
1234100000 5461.23 127.268 12009.6 0.993628
1234200000 5461.23 126.779 12010.7 0.993636
1234300000 5461.22 126.613 12011.1 0.993693
1234400000 5461.23 124.611 12015.6 0.993818
1234500000 5461.23 124.057 12016.9 0.993847
1234600000 5461.22 124.139 12016.7 0.993823
1234700000 5461.24 126.963 12010.3 0.993623
1234800000 5461.25 123.07 12019.1 0.993946
1234900000 5461.23 128.733 12006.3 0.993492
1235000000 5461.23 125.739 12013.1 0.993717
1235100000 5461.21 132.833 11997.1 0.993271
1235200000 5461.23 126.826 12010.6 0.993661
1235300000 5461.22 125.428 12013.8 0.993775
1235400000 5461.22 125.224 12014.2 0.993817
1235500000 5461.23 121.919 12021.7 0.994052
1235600000 5461.22 122.995 12019.2 0.99393
1235700000 5461.23 124.356 12016.2 0.993815
1235800000 5461.24 124.624 12015.6 0.993801
1235900000 5461.23 124.764 12015.3 0.993842
1236000000 5461.23 124.573 12015.7 0.993857
1236100000 5461.23 129.481 12004.6 0.993465
1236200000 5461.22 128.577 12006.6 0.993626
1236300000 5461.22 129.101 12005.5 0.993533
1236400000 5461.22 138.78 11983.7 0.99279
1236500000 5461.22 130.256 12002.9 0.993435
1236600000 5461.23 125.247 12014.2 0.99378
1236700000 5461.22 130.978 12001.3 0.993302
1236800000 5461.23 130.713 12001.9 0.993401
1236900000 5461.23 123.05 12019.1 0.993948
1237000000 5461.22 130.567 12002.2 0.993349
1237100000 5461.24 121.854 12021.8 0.994009
1237200000 5461.22 128.711 12006.3 0.993597
1237300000 5461.22 126.471 12011.4 0.993712
1237400000 5461.23 125.378 12013.9 0.99379
1237500000 5461.23 126.298 12011.8 0.993729
1237600000 5461.23 127.425 12009.3 0.99364
1237700000 5461.22 123.793 12017.4 0.993839
1237800000 5461.24 125.981 12012.5 0.993719
1237900000 5461.23 130.529 12002.3 0.993361
1238000000 5461.22 126.181 12012 0.993737
1238100000 5461.23 127.688 12008.7 0.99358
1238200000 5461.23 127.991 12008 0.9936
1238300000 5461.24 121.654 12022.3 0.994066
1238400000 5461.21 125.24 12014.2 0.993772
1238500000 5461.23 124.387 12016.1 0.993875
1238600000 5461.23 126.205 12012 0.99373
1238700000 5461.24 129.017 12005.7 0.993433
1238800000 5461.22 131.908 11999.1 0.993333
1238900000 5461.22 124.488 12015.9 0.993855
1239000000 5461.23 126.079 12012.3 0.993737
1239100000 5461.22 130.942 12001.3 0.993377
1239200000 5461.22 125.726 12013.1 0.993761
1239300000 5461.23 123.259 12018.6 0.99397
1239400000 5461.24 127.189 12009.8 0.993637
1239500000 5461.22 127.68 12008.7 0.993635
1239600000 5461.21 128.511 12006.8 0.993633
1239700000 5461.23 127.526 12009 0.993602
1239800000 5461.23 123.143 12018.9 0.993951
1239900000 5461.23 121.231 12023.2 0.994053
1240000000 5461.23 128.296 12007.3 0.993552
1240100000 5461.22 126.977 12010.3 0.993716
1240200000 5461.22 126.072 12012.3 0.99378
1240300000 5461.22 126.028 12012.4 0.993749
1240400000 5461.22 132.823 11997.1 0.993285
1240500000 5461.23 128.001 12008 0.993584
1240600000 5461.22 125.914 12012.7 0.993737
1240700000 5461.22 125.958 12012.6 0.993777
1240800000 5461.23 126.019 12012.4 0.99373
1240900000 5461.23 123.153 12018.9 0.993964
1241000000 5461.23 125.884 12012.7 0.993685
1241100000 5461.22 127.073 12010 0.993651
1241200000 5461.23 121.677 12022.2 0.994017
1241300000 5461.23 129.458 12004.7 0.993449
1241400000 5461.22 131.94 11999.1 0.993265
1241500000 5461.24 123.607 12017.9 0.993923
1241600000 5461.23 125.867 12012.8 0.993709
1241700000 5461.22 124.815 12015.1 0.993811
1241800000 5461.23 126.313 12011.8 0.993733
1241900000 5461.2 130.145 12003.1 0.993532
1242000000 5461.23 127.549 12009 0.993798
1242100000 5461.22 129.314 12005 0.993489
1242200000 5461.24 124.135 12016.7 0.993855
1242300000 5461.23 122.289 12020.8 0.993981
1242400000 5461.22 128.018 12007.9 0.993634
1242500000 5461.23 123.431 12018.3 0.993911
1242600000 5461.23 126.608 12011.1 0.993692
1242700000 5461.23 124.629 12015.6 0.993844
1242800000 5461.23 126.605 12011.1 0.993703
1242900000 5461.21 129.789 12003.9 0.993495
1243000000 5461.21 124.796 12015.1 0.993844
1243100000 5461.2 133.096 11996.4 0.993284
1243200000 5461.22 136.213 11989.5 0.992967
1243300000 5461.22 124.552 12015.7 0.993834
1243400000 5461.21 131.693 11999.6 0.993332
1243500000 5461.23 128.149 12007.6 0.993584
1243600000 5461.22 126.892 12010.5 0.993632
1243700000 5461.23 125.313 12014 0.993802
1243800000 5461.23 126.198 12012 0.993721
1243900000 5461.23 124.148 12016.6 0.993867
1244000000 5461.23 127.529 12009 0.993619
1244100000 5461.23 129.423 12004.8 0.993459
1244200000 5461.23 125.856 12012.8 0.993769
1244300000 5461.23 123.915 12017.2 0.993905
1244400000 5461.22 123.671 12017.7 0.993871
1244500000 5461.22 121.904 12021.7 0.994018
1244600000 5461.21 127.112 12009.9 0.993642
1244700000 5461.23 125.542 12013.5 0.993772
1244800000 5461.25 126.061 12012.4 0.9937
1244900000 5461.22 126.321 12011.7 0.993723
1245000000 5461.22 128.031 12007.9 0.993575
1245100000 5461.23 131.382 12000.4 0.993352
1245200000 5461.21 128.841 12006 0.993508
1245300000 5461.22 126.582 12011.1 0.993704
1245400000 5461.23 125.287 12014.1 0.993785
1245500000 5461.22 125.423 12013.8 0.993794
1245600000 5461.23 128.381 12007.1 0.993538
1245700000 5461.23 125.254 12014.2 0.993789
1245800000 5461.23 127.629 12008.8 0.993572
1245900000 5461.23 126.23 12012 0.993689
1246000000 5461.22 128.169 12007.6 0.993557
1246100000 5461.22 126.907 12010.4 0.993638
1246200000 5461.22 126.459 12011.4 0.993735
1246300000 5461.23 126.233 12011.9 0.993728
1246400000 5461.21 126.101 12012.2 0.993802
1246500000 5461.23 125.814 12012.9 0.993728
1246600000 5461.22 130.678 12001.9 0.993452
1246700000 5461.23 127.838 12008.3 0.993584
1246800000 5461.24 122.786 12019.7 0.993911
1246900000 5461.22 126.333 12011.7 0.993705
1247000000 5461.23 126.903 12010.4 0.993669
1247100000 5461.23 120.608 12024.6 0.994152
1247200000 5461.23 126.097 12012.3 0.993698
1247300000 5461.24 124.303 12016.3 0.993844
1247400000 5461.23 129.259 12005.1 0.993527
1247500000 5461.24 124.364 12016.2 0.99381
1247600000 5461.24 125.246 12014.2 0.993765
1247700000 5461.23 122.951 12019.3 0.993923
1247800000 5461.21 129.655 12004.2 0.993526
1247900000 5461.23 132.945 11996.8 0.993209
1248000000 5461.23 122.177 12021.1 0.994014
1248100000 5461.21 130.539 12002.2 0.993458
1248200000 5461.23 125.752 12013 0.9937
1248300000 5461.23 124.085 12016.8 0.993886
1248400000 5461.23 123.701 12017.7 0.993885
1248500000 5461.22 126.388 12011.6 0.993742
1248600000 5461.22 128.581 12006.6 0.99357
1248700000 5461.24 124.846 12015.1 0.993812
1248800000 5461.22 124.88 12015 0.993837
1248900000 5461.23 126.98 12010.3 0.9937
1249000000 5461.22 127.834 12008.3 0.99366
1249100000 5461.23 124.621 12015.6 0.993807
1249200000 5461.22 126.701 12010.9 0.993747
1249300000 5461.22 127.964 12008 0.993607
1249400000 5461.23 122.679 12019.9 0.993974
1249500000 5461.21 128.681 12006.4 0.993549
1249600000 5461.22 124.251 12016.4 0.993855
1249700000 5461.22 125.969 12012.5 0.993755
1249800000 5461.24 130.214 12003 0.993389
1249900000 5461.24 125.381 12013.9 0.993793
1250000000 5461.22 127.198 12009.8 0.993663
1250100000 5461.22 125.677 12013.2 0.993829
1250200000 5461.21 126.074 12012.3 0.993712
1250300000 5461.21 126.475 12011.4 0.993676
1250400000 5461.22 128.458 12006.9 0.99359
1250500000 5461.23 123.973 12017 0.993912
1250600000 5461.23 124.602 12015.6 0.993838
1250700000 5461.22 123.703 12017.6 0.993876
1250800000 5461.22 125.739 12013 0.993751
1250900000 5461.2 129.582 12004.4 0.993538
1251000000 5461.23 131.762 11999.5 0.993316
1251100000 5461.22 127.334 12009.4 0.993699
1251200000 5461.22 126.074 12012.3 0.993736
1251300000 5461.22 127.72 12008.6 0.993609
1251400000 5461.22 123.995 12017 0.993925
1251500000 5461.22 125.496 12013.6 0.993784
1251600000 5461.22 124.651 12015.5 0.993855
1251700000 5461.22 128.247 12007.4 0.993594
1251800000 5461.23 126.806 12010.7 0.993689
1251900000 5461.23 127.42 12009.3 0.99367
1252000000 5461.22 125.519 12013.5 0.993787
1252100000 5461.22 124.687 12015.4 0.993847
1252200000 5461.22 128.455 12006.9 0.993536
1252300000 5461.23 123.27 12018.6 0.9939
1252400000 5461.23 124.046 12016.9 0.993857
1252500000 5461.21 126.693 12010.9 0.993719
1252600000 5461.21 128.372 12007.1 0.993607
1252700000 5461.25 128.459 12007 0.993532
1252800000 5461.22 122.979 12019.3 0.993964
1252900000 5461.23 129.793 12003.9 0.993352
1253000000 5461.23 121.987 12021.5 0.994016
1253100000 5461.22 129.26 12005.1 0.993565
1253200000 5461.23 126.026 12012.4 0.993735
1253300000 5461.22 123.777 12017.5 0.99394
1253400000 5461.23 122.025 12021.4 0.99402
1253500000 5461.22 127.24 12009.7 0.993654
1253600000 5461.22 127.995 12008 0.993591
1253700000 5461.22 126.526 12011.3 0.993703
1253800000 5461.22 125.317 12014 0.993795
1253900000 5461.22 128.743 12006.3 0.993537
1254000000 5461.22 130.077 12003.3 0.993413
1254100000 5461.23 123.308 12018.5 0.993936
1254200000 5461.22 125.174 12014.3 0.993832
1254300000 5461.22 128.738 12006.3 0.99352
1254400000 5461.23 123.866 12017.3 0.993928
1254500000 5461.24 123.902 12017.2 0.993869
1254600000 5461.22 135.834 11990.3 0.993032
1254700000 5461.23 128.448 12007 0.993524
1254800000 5461.21 124.169 12016.6 0.993853
1254900000 5461.23 124.779 12015.2 0.993842
1255000000 5461.22 128.577 12006.7 0.993552
1255100000 5461.23 129.558 12004.5 0.993397
1255200000 5461.22 131.023 12001.2 0.993398
1255300000 5461.23 125.212 12014.3 0.993767
1255400000 5461.22 125.986 12012.5 0.993793
1255500000 5461.22 125.043 12014.6 0.993807
1255600000 5461.21 127.51 12009 0.993636
1255700000 5461.23 127.447 12009.2 0.993594
1255800000 5461.23 126.929 12010.4 0.993648
1255900000 5461.23 127.88 12008.2 0.993525
1256000000 5461.21 125.645 12013.2 0.993781
1256100000 5461.23 130.553 12002.2 0.993359
1256200000 5461.22 130.732 12001.8 0.993345
1256300000 5461.2 133.461 11995.6 0.993184
1256400000 5461.21 133.755 11995 0.993223
1256500000 5461.22 126.351 12011.7 0.993742
1256600000 5461.24 121.899 12021.7 0.994051
1256700000 5461.22 122.749 12019.8 0.994045
1256800000 5461.22 128.231 12007.4 0.993578
1256900000 5461.23 124.858 12015.1 0.993848
1257000000 5461.23 125.322 12014 0.993763
1257100000 5461.22 126.972 12010.3 0.993658
1257200000 5461.24 126.845 12010.6 0.993607
1257300000 5461.22 127.06 12010.1 0.993706
1257400000 5461.23 131.866 11999.3 0.993288
1257500000 5461.2 134.177 11994 0.993201
1257600000 5461.23 122.142 12021.2 0.994029
1257700000 5461.24 121.098 12023.5 0.99407
1257800000 5461.22 130.394 12002.6 0.993492
1257900000 5461.23 123.627 12017.8 0.993927
1258000000 5461.22 126.588 12011.1 0.993734
1258100000 5461.23 123.034 12019.2 0.993945
1258200000 5461.22 130.818 12001.6 0.993428
1258300000 5461.21 130.105 12003.2 0.993481
1258400000 5461.23 125.501 12013.6 0.993802
1258500000 5461.23 127.887 12008.2 0.993579
1258600000 5461.23 122.528 12020.3 0.993992
1258700000 5461.23 124.526 12015.8 0.993821
1258800000 5461.22 125.435 12013.7 0.993739
1258900000 5461.21 126.208 12012 0.993756
1259000000 5461.22 123.792 12017.4 0.993851
1259100000 5461.22 125.673 12013.2 0.993801
1259200000 5461.24 121.902 12021.7 0.993991
1259300000 5461.2 129.211 12005.2 0.993588
1259400000 5461.22 131.626 11999.8 0.993272
1259500000 5461.23 125.521 12013.5 0.993774
1259600000 5461.21 129.926 12003.6 0.993466
1259700000 5461.22 125.566 12013.4 0.993765
1259800000 5461.24 126.649 12011 0.993631
1259900000 5461.22 127.533 12009 0.99363
1260000000 5461.22 127.072 12010 0.993696
1260100000 5461.23 124.951 12014.8 0.993778
1260200000 5461.21 128.414 12007 0.993646
1260300000 5461.23 126.253 12011.9 0.993669
1260400000 5461.22 127.724 12008.6 0.993655
1260500000 5461.22 122.964 12019.3 0.993949
1260600000 5461.23 126.031 12012.4 0.993718
1260700000 5461.23 125.343 12014 0.993764
1260800000 5461.21 129.865 12003.7 0.99347
1260900000 5461.22 125.307 12014 0.993761
1261000000 5461.22 130.391 12002.6 0.993411
1261100000 5461.23 123.671 12017.7 0.993903
1261200000 5461.22 123.077 12019 0.994005
1261300000 5461.24 132.933 11996.9 0.993166
1261400000 5461.22 123.074 12019 0.993927
1261500000 5461.23 127.405 12009.3 0.993628
1261600000 5461.23 127.265 12009.6 0.993689
1261700000 5461.23 129.433 12004.7 0.993533
1261800000 5461.23 129.876 12003.7 0.993466
1261900000 5461.22 123.928 12017.1 0.993905
1262000000 5461.23 126.836 12010.6 0.993661
1262100000 5461.22 127.967 12008 0.99361
1262200000 5461.22 127.37 12009.4 0.993632
1262300000 5461.23 125.057 12014.6 0.993772
1262400000 5461.22 124.737 12015.3 0.99387
1262500000 5461.24 123.293 12018.6 0.99391
1262600000 5461.22 125.664 12013.2 0.993799
1262700000 5461.23 127.187 12009.8 0.993684
1262800000 5461.23 126.362 12011.7 0.99371
1262900000 5461.23 123.92 12017.2 0.993885
1263000000 5461.22 125.389 12013.8 0.993785
1263100000 5461.22 126.286 12011.8 0.993732
1263200000 5461.22 126.93 12010.4 0.99367
1263300000 5461.22 125.936 12012.6 0.99372
1263400000 5461.22 136.288 11989.3 0.993587
1263500000 5461.23 128.312 12007.3 0.993513
1263600000 5461.22 123.916 12017.1 0.993876
1263700000 5461.22 128.292 12007.3 0.993596
1263800000 5461.22 127.588 12008.9 0.993554
1263900000 5461.23 126.08 12012.3 0.993703
1264000000 5461.23 124.664 12015.5 0.993832
1264100000 5461.23 123.899 12017.2 0.993894
1264200000 5461.22 128.014 12007.9 0.993593
1264300000 5461.21 131.946 11999 0.993359
1264400000 5461.22 125.623 12013.3 0.993744
1264500000 5461.24 122.269 12020.9 0.99396
1264600000 5461.21 124.895 12014.9 0.993867
1264700000 5461.23 126.294 12011.8 0.993699
1264800000 5461.22 124.671 12015.4 0.993835
1264900000 5461.24 122.92 12019.4 0.993934
1265000000 5461.23 122.967 12019.3 0.993942
1265100000 5461.21 133.343 11995.9 0.993253
1265200000 5461.23 119.209 12027.8 0.994222
1265300000 5461.22 128.25 12007.4 0.993567
1265400000 5461.23 127.027 12010.2 0.99361
1265500000 5461.23 126.913 12010.4 0.993629
1265600000 5461.23 128.929 12005.9 0.993507
1265700000 5461.22 128.214 12007.5 0.993567
1265800000 5461.22 127.935 12008.1 0.993596
1265900000 5461.23 127.307 12009.5 0.993605
1266000000 5461.22 128.23 12007.4 0.993601
1266100000 5461.23 122.037 12021.4 0.994016
1266200000 5461.22 124.677 12015.4 0.993838
1266300000 5461.22 134.883 11992.5 0.993037
1266400000 5461.21 125.128 12014.4 0.993838
1266500000 5461.22 128.619 12006.6 0.993561
1266600000 5461.23 125.548 12013.5 0.993803
1266700000 5461.23 127.376 12009.4 0.993629
1266800000 5461.23 123.345 12018.5 0.993903
1266900000 5461.22 125.881 12012.7 0.99375
1267000000 5461.22 125.102 12014.5 0.993805
1267100000 5461.22 125.428 12013.7 0.993775
1267200000 5461.22 123.908 12017.2 0.993933
1267300000 5461.22 126.184 12012 0.993705
1267400000 5461.24 123.747 12017.6 0.993911
1267500000 5461.23 122.371 12020.6 0.993995
1267600000 5461.23 128.449 12007 0.99352
1267700000 5461.22 126.903 12010.4 0.993669
1267800000 5461.22 125.863 12012.8 0.993784
1267900000 5461.24 125.799 12013 0.993681
1268000000 5461.22 124.011 12016.9 0.993902
1268100000 5461.22 123.475 12018.1 0.993949
1268200000 5461.23 124.882 12015 0.993804
1268300000 5461.23 122.515 12020.3 0.993978
1268400000 5461.22 126.16 12012.1 0.993687
1268500000 5461.23 125.322 12014 0.993757
1268600000 5461.21 128.414 12007 0.993575
1268700000 5461.21 129.444 12004.7 0.993496
1268800000 5461.23 123.498 12018.1 0.993915
1268900000 5461.21 128.334 12007.2 0.993594
1269000000 5461.21 126.891 12010.4 0.9937
1269100000 5461.23 126.223 12012 0.993751
1269200000 5461.24 124.958 12014.8 0.993823
1269300000 5461.23 125.228 12014.2 0.993804
1269400000 5461.23 123.815 12017.4 0.993939
1269500000 5461.23 124.426 12016 0.99387
1269600000 5461.23 125.497 12013.6 0.993802
1269700000 5461.21 123.847 12017.3 0.993938
1269800000 5461.23 124.565 12015.7 0.993808
1269900000 5461.22 126.047 12012.4 0.993806
1270000000 5461.24 126.226 12012 0.993647
1270100000 5461.23 123.206 12018.8 0.99394
1270200000 5461.23 125.926 12012.6 0.993733
1270300000 5461.22 125.458 12013.7 0.993799
1270400000 5461.23 126.484 12011.4 0.993667
1270500000 5461.22 126.762 12010.7 0.993699
1270600000 5461.24 130.22 12003 0.993377
1270700000 5461.23 126.144 12012.1 0.9937
1270800000 5461.23 123.189 12018.8 0.993926
1270900000 5461.22 125.206 12014.2 0.993791
1271000000 5461.21 128.109 12007.7 0.993609
1271100000 5461.24 123.923 12017.2 0.993852
1271200000 5461.22 130.184 12003 0.993413
1271300000 5461.23 126.612 12011.1 0.993704
1271400000 5461.22 126.005 12012.4 0.993745
1271500000 5461.23 124.715 12015.4 0.993824
1271600000 5461.22 127.569 12008.9 0.993576
1271700000 5461.23 123.028 12019.2 0.993923
1271800000 5461.23 127.071 12010.1 0.993604
1271900000 5461.23 125.706 12013.1 0.993782
1272000000 5461.23 126.327 12011.7 0.993723
1272100000 5461.21 129.491 12004.6 0.993557
1272200000 5461.22 124.598 12015.6 0.993841
1272300000 5461.23 130.279 12002.8 0.993403
1272400000 5461.23 124.034 12016.9 0.993876
1272500000 5461.22 127.237 12009.7 0.993654
1272600000 5461.22 124.302 12016.3 0.993887
1272700000 5461.22 124.935 12014.9 0.993797
1272800000 5461.22 127.19 12009.8 0.993603
1272900000 5461.23 124.92 12014.9 0.993826
1273000000 5461.23 123.235 12018.7 0.993925
1273100000 5461.23 127.808 12008.4 0.993595
1273200000 5461.23 124.449 12016 0.993787
1273300000 5461.23 124.721 12015.4 0.993793
1273400000 5461.23 121.628 12022.3 0.994031
1273500000 5461.23 125.509 12013.6 0.993804
1273600000 5461.24 124.607 12015.6 0.993833
1273700000 5461.23 125.52 12013.5 0.993783
1273800000 5461.21 127.957 12008 0.993645
1273900000 5461.22 128.115 12007.7 0.99356
1274000000 5461.22 125.685 12013.2 0.993776
1274100000 5461.24 122.401 12020.6 0.994212
1274200000 5461.23 124.662 12015.5 0.993863
1274300000 5461.23 129.748 12004 0.993468
1274400000 5461.23 128.124 12007.7 0.993543
1274500000 5461.24 126.068 12012.3 0.993683
1274600000 5461.22 130.438 12002.5 0.993432
1274700000 5461.23 125.814 12012.9 0.993744
1274800000 5461.23 127.878 12008.2 0.993552
1274900000 5461.22 129.74 12004 0.99346
1275000000 5461.21 128.587 12006.6 0.993584
1275100000 5461.23 123.522 12018.1 0.993903
1275200000 5461.23 126.307 12011.8 0.993942
1275300000 5461.23 127.003 12010.2 0.993629
1275400000 5461.23 125.675 12013.2 0.993757
1275500000 5461.22 132.846 11997 0.993186
1275600000 5461.23 122.153 12021.1 0.994019
1275700000 5461.23 125.216 12014.2 0.993801
1275800000 5461.22 127.715 12008.6 0.993638
1275900000 5461.22 123.943 12017.1 0.993965
1276000000 5461.22 129.264 12005.1 0.99397
1276100000 5461.23 126.833 12010.6 0.993679
1276200000 5461.23 125.414 12013.8 0.993783
1276300000 5461.23 124.495 12015.9 0.993867
1276400000 5461.22 123.737 12017.5 0.993943
1276500000 5461.22 128.573 12006.7 0.993589
1276600000 5461.21 127.578 12008.9 0.993622
1276700000 5461.23 123.264 12018.6 0.993949
1276800000 5461.23 132.325 11998.2 0.993227
1276900000 5461.22 125.718 12013.1 0.993732
1277000000 5461.21 125.053 12014.6 0.993844
1277100000 5461.21 127.268 12009.6 0.993666
1277200000 5461.23 122.121 12021.2 0.994009
1277300000 5461.24 122.444 12020.5 0.99398
1277400000 5461.23 119.642 12026.8 0.994205
1277500000 5461.22 126.248 12011.9 0.993731
1277600000 5461.22 130.237 12002.9 0.993452
1277700000 5461.23 128.685 12006.4 0.993486
1277800000 5461.23 125.63 12013.3 0.993726
1277900000 5461.22 127.889 12008.2 0.993635
1278000000 5461.24 122.902 12019.5 0.99391
1278100000 5461.22 126.673 12010.9 0.99376
1278200000 5461.23 123.041 12019.1 0.993982
1278300000 5461.22 129.115 12005.4 0.993541
1278400000 5461.23 128.461 12006.9 0.993589
1278500000 5461.21 128.357 12007.1 0.993547
1278600000 5461.22 125.369 12013.9 0.993785
1278700000 5461.23 124.847 12015.1 0.993809
1278800000 5461.22 126.783 12010.7 0.99369
1278900000 5461.21 123.368 12018.4 0.993955
1279000000 5461.24 122.343 12020.7 0.993957
1279100000 5461.23 125.736 12013.1 0.993748
1279200000 5461.22 125.366 12013.9 0.993825
1279300000 5461.24 128.077 12007.8 0.993498
1279400000 5461.22 128.807 12006.1 0.993533
1279500000 5461.23 126.244 12011.9 0.993684
1279600000 5461.22 124.77 12015.2 0.99379
1279700000 5461.22 123.85 12017.3 0.993884
1279800000 5461.23 125.608 12013.4 0.993704
1279900000 5461.23 125.584 12013.4 0.993747
1280000000 5461.23 121.992 12021.5 0.99403
1280100000 5461.22 124.788 12015.2 0.993838
1280200000 5461.22 134.071 11994.3 0.993133
1280300000 5461.23 124.788 12015.2 0.993815
1280400000 5461.22 124.036 12016.9 0.993911
1280500000 5461.23 125.042 12014.6 0.993831
1280600000 5461.23 121.786 12022 0.994059
1280700000 5461.23 124.059 12016.8 0.993868
1280800000 5461.23 125.641 12013.3 0.993733
1280900000 5461.23 130.957 12001.3 0.993308
1281000000 5461.23 129.376 12004.9 0.993748
1281100000 5461.23 122.8 12019.7 0.993981
1281200000 5461.22 133.853 11994.8 0.993156
1281300000 5461.23 120.289 12025.3 0.994112
1281400000 5461.21 129.524 12004.5 0.993479
1281500000 5461.22 123.468 12018.2 0.993901
1281600000 5461.22 130.073 12003.3 0.993493
1281700000 5461.24 123.791 12017.5 0.993856
1281800000 5461.25 119.337 12027.5 0.994189
1281900000 5461.23 122.648 12020 0.993957
1282000000 5461.22 126.278 12011.8 0.993692
1282100000 5461.23 121.734 12022.1 0.99402
1282200000 5461.23 131.422 12000.3 0.993303
1282300000 5461.23 125.219 12014.2 0.993767
1282400000 5461.23 123.807 12017.4 0.993884
1282500000 5461.23 127.265 12009.6 0.993641
1282600000 5461.22 126.233 12011.9 0.993731
1282700000 5461.22 134.938 11992.3 0.993015
1282800000 5461.21 127.176 12009.8 0.993659
1282900000 5461.23 122.247 12020.9 0.993985
1283000000 5461.23 123.503 12018.1 0.993933
1283100000 5461.23 123.837 12017.3 0.993918
1283200000 5461.23 125.858 12012.8 0.99376
1283300000 5461.24 124.432 12016 0.993863
1283400000 5461.23 123.734 12017.6 0.993881
1283500000 5461.22 123.21 12018.7 0.993939
1283600000 5461.21 125.239 12014.2 0.993814
1283700000 5461.23 126.072 12012.3 0.9937
1283800000 5461.23 123.774 12017.5 0.993857
1283900000 5461.21 128.412 12007 0.993567
1284000000 5461.22 130.749 12001.8 0.993444
1284100000 5461.21 129.031 12005.6 0.993554
1284200000 5461.23 128.289 12007.3 0.993575
1284300000 5461.23 125.591 12013.4 0.993772
1284400000 5461.21 130.39 12002.6 0.993383
1284500000 5461.23 125.081 12014.5 0.993827
1284600000 5461.23 123 12019.2 0.99393
1284700000 5461.23 125.402 12013.8 0.993802
1284800000 5461.22 123.75 12017.5 0.9939
1284900000 5461.23 129.027 12005.7 0.99355
1285000000 5461.21 130.38 12002.6 0.99368
1285100000 5461.23 122.582 12020.2 0.994004
1285200000 5461.22 126.098 12012.2 0.993725
1285300000 5461.23 123.114 12019 0.993949
1285400000 5461.22 126.55 12011.2 0.993705
1285500000 5461.23 126.655 12011 0.993735
1285600000 5461.22 122.058 12021.3 0.99403
1285700000 5461.21 128.386 12007.1 0.993589
1285800000 5461.23 121.421 12022.8 0.994129
1285900000 5461.21 124.047 12016.8 0.993915
1286000000 5461.22 125.532 12013.5 0.993754
1286100000 5461.23 124.757 12015.3 0.993763
1286200000 5461.23 121.082 12023.5 0.994078
1286300000 5461.23 124.643 12015.5 0.993833
1286400000 5461.22 129.039 12005.6 0.99354
1286500000 5461.23 125.159 12014.4 0.993772
1286600000 5461.23 128.175 12007.6 0.993611
1286700000 5461.23 124.143 12016.7 0.99386
1286800000 5461.23 124.318 12016.3 0.993872
1286900000 5461.23 126.751 12010.8 0.993683
1287000000 5461.22 127.548 12009 0.993601
1287100000 5461.22 128.035 12007.9 0.993625
1287200000 5461.22 127.299 12009.5 0.993682
1287300000 5461.23 121.718 12022.1 0.994032
1287400000 5461.23 128.369 12007.2 0.993547
1287500000 5461.23 127.419 12009.3 0.993681
1287600000 5461.24 122.646 12020 0.993974
1287700000 5461.23 126.901 12010.4 0.993606
1287800000 5461.23 123.865 12017.3 0.99391
1287900000 5461.21 128.354 12007.1 0.993604
1288000000 5461.22 125.729 12013.1 0.993747
1288100000 5461.23 120.752 12024.3 0.994103
1288200000 5461.22 124.124 12016.7 0.993885
1288300000 5461.23 123.295 12018.6 0.993936
1288400000 5461.23 127.979 12008 0.99357
1288500000 5461.23 124.753 12015.3 0.993818
1288600000 5461.23 129.241 12005.2 0.993504
1288700000 5461.22 124.913 12014.9 0.993834
1288800000 5461.22 128.469 12006.9 0.993559
1288900000 5461.22 126.453 12011.4 0.993786
1289000000 5461.24 123.507 12018.1 0.994146
1289100000 5461.22 130.382 12002.6 0.993457
1289200000 5461.24 125.144 12014.4 0.993798
1289300000 5461.23 124.646 12015.5 0.993815
1289400000 5461.23 126.598 12011.1 0.993725
1289500000 5461.24 121.836 12021.9 0.99403
1289600000 5461.23 124.087 12016.8 0.993898
1289700000 5461.23 127.744 12008.6 0.99362
1289800000 5461.23 126.673 12011 0.993631
1289900000 5461.21 130.55 12002.2 0.993316
1290000000 5461.23 127.789 12008.4 0.993637
1290100000 5461.23 123.705 12017.6 0.993895
1290200000 5461.23 125.024 12014.7 0.993776
1290300000 5461.21 126.924 12010.4 0.993722
1290400000 5461.22 126.139 12012.1 0.993755
1290500000 5461.22 129.022 12005.7 0.993543
1290600000 5461.23 127.259 12009.6 0.993692
1290700000 5461.24 121.116 12023.5 0.994051
1290800000 5461.23 131.082 12001 0.993348
1290900000 5461.24 123.52 12018.1 0.993872
1291000000 5461.24 123.958 12017.1 0.993849
1291100000 5461.22 125.836 12012.8 0.993726
1291200000 5461.23 128.009 12008 0.993562
1291300000 5461.21 126.529 12011.2 0.993686
1291400000 5461.22 128.148 12007.6 0.99358
1291500000 5461.23 120.706 12024.4 0.994101
1291600000 5461.22 127.364 12009.4 0.993663
1291700000 5461.23 122.346 12020.7 0.993987
1291800000 5461.22 130.31 12002.7 0.993436
1291900000 5461.22 124.046 12016.9 0.993891
1292000000 5461.22 122.572 12020.2 0.994014
1292100000 5461.21 129.371 12004.9 0.993506
1292200000 5461.25 123.601 12017.9 0.993869
1292300000 5461.23 122.817 12019.6 0.993989
1292400000 5461.22 128.778 12006.2 0.993558
1292500000 5461.24 127.027 12010.2 0.993632
1292600000 5461.22 126.579 12011.1 0.993674
1292700000 5461.22 128.816 12006.1 0.993593
1292800000 5461.22 124.587 12015.6 0.993874
1292900000 5461.22 127.69 12008.7 0.993628
1293000000 5461.23 131.163 12000.8 0.993357
1293100000 5461.23 122.806 12019.7 0.993971
1293200000 5461.23 121.912 12021.7 0.994031
1293300000 5461.23 127.821 12008.4 0.993538
1293400000 5461.23 122.112 12021.2 0.994008
1293500000 5461.21 128.598 12006.6 0.993544
1293600000 5461.22 125.558 12013.5 0.993773
1293700000 5461.22 124.431 12016 0.993867
1293800000 5461.23 122.919 12019.4 0.993967
1293900000 5461.22 123.975 12017 0.993838
1294000000 5461.23 131.574 11999.9 0.993296
1294100000 5461.22 126.146 12012.1 0.993716
1294200000 5461.22 124.524 12015.8 0.993869
1294300000 5461.22 125.746 12013 0.993752
1294400000 5461.21 125.883 12012.7 0.993809
1294500000 5461.23 130.37 12002.6 0.994338
1294600000 5461.21 123.12 12018.9 0.993947
1294700000 5461.22 125.687 12013.2 0.993763
1294800000 5461.23 124.2 12016.5 0.99388
1294900000 5461.22 126.712 12010.9 0.993666
1295000000 5461.22 132.248 11998.4 0.993275
1295100000 5461.22 130.541 12002.2 0.993404
1295200000 5461.22 125.97 12012.5 0.993793
1295300000 5461.23 129.549 12004.5 0.993466
1295400000 5461.21 125.651 12013.2 0.99379
1295500000 5461.23 127.461 12009.2 0.99362
1295600000 5461.23 124.999 12014.7 0.993802
1295700000 5461.22 134.911 11992.4 0.997838
1295800000 5461.23 126.146 12012.1 0.993702
1295900000 5461.22 129.413 12004.8 0.993453
1296000000 5461.23 123.416 12018.3 0.993925
1296100000 5461.23 125.908 12012.7 0.994538
1296200000 5461.21 128.846 12006 0.993595
1296300000 5461.22 124.767 12015.2 0.99386
1296400000 5461.22 128.932 12005.9 0.993493
1296500000 5461.24 124.818 12015.2 0.993813
1296600000 5461.23 128.394 12007.1 0.993552
1296700000 5461.23 123.735 12017.6 0.993878
1296800000 5461.23 124.202 12016.5 0.99383
1296900000 5461.24 124.714 12015.4 0.993799
1297000000 5461.22 128.431 12007 0.993558
1297100000 5461.23 124.206 12016.5 0.993835
1297200000 5461.23 124.628 12015.6 0.993838
1297300000 5461.23 123.085 12019 0.993946
1297400000 5461.24 123.944 12017.1 0.993909
1297500000 5461.22 124.546 12015.7 0.993869
1297600000 5461.22 125.733 12013 0.993765
1297700000 5461.24 123.633 12017.8 0.993876
1297800000 5461.23 128.528 12006.8 0.993543
1297900000 5461.22 135.544 11991 0.992965
1298000000 5461.21 126.579 12011.1 0.993648
1298100000 5461.23 125.694 12013.2 0.993731
1298200000 5461.23 124.473 12015.9 0.993869
1298300000 5461.23 125.41 12013.8 0.99437
1298400000 5461.21 130.669 12001.9 0.993469
1298500000 5461.21 126.535 12011.2 0.993701
1298600000 5461.22 123.258 12018.6 0.993974
1298700000 5461.23 123.429 12018.3 0.993905
1298800000 5461.23 123.687 12017.7 0.993878
1298900000 5461.22 123.653 12017.7 0.993922
1299000000 5461.23 122.363 12020.7 0.994001
1299100000 5461.23 123.409 12018.3 0.993941
1299200000 5461.22 127.763 12008.5 0.993588
1299300000 5461.24 122.376 12020.6 0.993964
1299400000 5461.21 131.875 11999.2 0.993293
1299500000 5461.21 124.913 12014.9 0.993835
1299600000 5461.22 126.856 12010.5 0.993692
1299700000 5461.22 128.712 12006.3 0.993529
1299800000 5461.23 124.192 12016.5 0.99383
1299900000 5461.21 126.804 12010.6 0.993708
1300000000 5461.2 135.548 11990.9 0.993016
1300100000 5461.22 125.292 12014.1 0.993831
1300200000 5461.21 129.99 12003.5 0.993501
1300300000 5461.23 125.623 12013.3 0.993802
1300400000 5461.22 127.733 12008.6 0.993612
1300500000 5461.23 128.015 12007.9 0.993577
1300600000 5461.22 127.972 12008 0.993582
1300700000 5461.21 128.55 12006.7 0.993605
1300800000 5461.22 126.552 12011.2 0.993713
1300900000 5461.22 124.709 12015.4 0.993819
1301000000 5461.22 121.387 12022.8 0.994058
1301100000 5461.22 123.719 12017.6 0.99391
1301200000 5461.22 127.682 12008.7 0.993669
1301300000 5461.21 129.808 12003.9 0.993485
1301400000 5461.23 124.694 12015.4 0.993852
1301500000 5461.22 126.56 12011.2 0.993745
1301600000 5461.23 126.504 12011.3 0.993733
1301700000 5461.23 121.516 12022.6 0.994026
1301800000 5461.23 121.273 12023.1 0.994057
1301900000 5461.23 125.072 12014.6 0.993806
1302000000 5461.23 125.519 12013.6 0.993757
1302100000 5461.24 123.533 12018 0.993916
1302200000 5461.21 126.851 12010.5 0.993705
1302300000 5461.22 124.879 12015 0.993825
1302400000 5461.22 125.304 12014 0.993782
1302500000 5461.23 123.405 12018.3 0.993884
1302600000 5461.23 126.488 12011.4 0.993684
1302700000 5461.23 122.427 12020.5 0.993999
1302800000 5461.21 127.679 12008.7 0.993627
1302900000 5461.23 125.536 12013.5 0.993775
1303000000 5461.21 133.357 11995.9 0.993235
1303100000 5461.22 130.172 12003.1 0.993379
1303200000 5461.23 124.861 12015 0.993792
1303300000 5461.22 128.668 12006.4 0.99358
1303400000 5461.23 128.071 12007.8 0.993551
1303500000 5461.22 126.086 12012.3 0.993742
1303600000 5461.23 123.231 12018.7 0.993886
1303700000 5461.24 123.021 12019.2 0.993912
1303800000 5461.23 124.534 12015.8 0.993863
1303900000 5461.21 128.525 12006.8 0.993559
1304000000 5461.22 129.364 12004.9 0.993493
1304100000 5461.21 126.64 12011 0.993654
1304200000 5461.23 129.873 12003.8 0.993425
1304300000 5461.22 129.289 12005.1 0.993494
1304400000 5461.24 128.811 12006.2 0.993425
1304500000 5461.22 132.96 11996.8 0.993213
1304600000 5461.23 124.982 12014.8 0.993803
1304700000 5461.23 129.372 12004.9 0.993462
1304800000 5461.23 129.202 12005.3 0.993501
1304900000 5461.22 125.531 12013.5 0.993729
1305000000 5461.23 126.546 12011.2 0.993683
1305100000 5461.24 127.744 12008.6 0.993585
1305200000 5461.22 127.011 12010.2 0.993698
1305300000 5461.23 127.578 12008.9 0.993603
1305400000 5461.22 126.06 12012.3 0.993771
1305500000 5461.22 124.134 12016.7 0.994402
1305600000 5461.21 133.226 11996.2 0.993231
1305700000 5461.23 125.102 12014.5 0.993793
1305800000 5461.23 124.572 12015.7 0.99382
1305900000 5461.23 124.532 12015.8 0.993803
1306000000 5461.22 129.252 12005.1 0.993447
1306100000 5461.22 124.841 12015.1 0.993844
1306200000 5461.22 125.829 12012.8 0.993727
1306300000 5461.24 123.84 12017.4 0.993849
1306400000 5461.23 121.925 12021.7 0.99402
1306500000 5461.23 121.468 12022.7 0.994035
1306600000 5461.23 125.395 12013.8 0.993795
1306700000 5461.22 127.119 12009.9 0.99369
1306800000 5461.24 124.29 12016.3 0.993852
1306900000 5461.22 126.953 12010.3 0.993652
1307000000 5461.22 126.019 12012.4 0.993725
1307100000 5461.22 125.272 12014.1 0.993797
1307200000 5461.23 126.052 12012.4 0.993759
1307300000 5461.21 127.227 12009.7 0.993731
1307400000 5461.23 123.732 12017.6 0.993851
1307500000 5461.22 129.533 12004.5 0.993457
1307600000 5461.23 122.006 12021.5 0.994
1307700000 5461.23 125.147 12014.4 0.9938
1307800000 5461.23 124.916 12014.9 0.9938
1307900000 5461.22 127.025 12010.1 0.99367
1308000000 5461.24 123.801 12017.5 0.993832
1308100000 5461.23 126.568 12011.2 0.993688
1308200000 5461.23 124.607 12015.6 0.993805
1308300000 5461.22 124.45 12015.9 0.993848
1308400000 5461.23 123.876 12017.3 0.993918
1308500000 5461.23 127.836 12008.3 0.993574
1308600000 5461.22 125.028 12014.6 0.993799
1308700000 5461.24 123.654 12017.8 0.993894
1308800000 5461.22 127.46 12009.2 0.993686
1308900000 5461.23 123.929 12017.1 0.993925
1309000000 5461.21 128.023 12007.9 0.993613
1309100000 5461.23 123.957 12017.1 0.993856
1309200000 5461.22 126.941 12010.3 0.993708
1309300000 5461.22 129.923 12003.6 0.993478
1309400000 5461.22 125.676 12013.2 0.993816
1309500000 5461.23 124.331 12016.2 0.993843
1309600000 5461.22 128.847 12006 0.993522
1309700000 5461.2 127.85 12008.3 0.993669
1309800000 5461.24 123.499 12018.1 0.993927
1309900000 5461.21 126.393 12011.6 0.993711
1310000000 5461.23 129.322 12005 0.993511
1310100000 5461.22 124.477 12015.9 0.993844
1310200000 5461.23 125.399 12013.8 0.993806
1310300000 5461.22 124.963 12014.8 0.993835
1310400000 5461.22 132.625 11997.5 0.993349
1310500000 5461.23 124.957 12014.8 0.993775
1310600000 5461.23 125.648 12013.3 0.993754
1310700000 5461.21 128.888 12005.9 0.993518
1310800000 5461.21 125.844 12012.8 0.995422
1310900000 5461.23 127.695 12008.7 0.993583
1311000000 5461.22 126.579 12011.2 0.993724
1311100000 5461.22 124.663 12015.5 0.993857
1311200000 5461.23 125.663 12013.2 0.993744
1311300000 5461.23 126.86 12010.5 0.993641
1311400000 5461.23 130.839 12001.6 0.993337
1311500000 5461.22 126.393 12011.6 0.99375
1311600000 5461.23 132.323 11998.2 0.993801
1311700000 5461.23 125.42 12013.8 0.993766
1311800000 5461.23 122.944 12019.4 0.993935
1311900000 5461.23 128.675 12006.4 0.993487
1312000000 5461.22 126.192 12012 0.993723
1312100000 5461.22 130.191 12003 0.993389
1312200000 5461.23 121.822 12021.9 0.99405
1312300000 5461.23 124.731 12015.3 0.993815
1312400000 5461.23 124.029 12016.9 0.993869
1312500000 5461.23 128.026 12007.9 0.993571
1312600000 5461.22 123.705 12017.6 0.993909
1312700000 5461.22 132.129 11998.7 0.993204
1312800000 5461.23 120.905 12024 0.994072
1312900000 5461.24 125.278 12014.1 0.993789
1313000000 5461.23 125.192 12014.3 0.993809
1313100000 5461.22 133.055 11996.6 0.993119
1313200000 5461.23 126.67 12011 0.993709
1313300000 5461.21 132.945 11996.8 0.993254
1313400000 5461.23 125.193 12014.3 0.993787
1313500000 5461.23 128.49 12006.9 0.993556
1313600000 5461.21 133.644 11995.2 0.993237
1313700000 5461.23 126.898 12010.5 0.993695
1313800000 5461.2 131.285 12000.5 0.993373
1313900000 5461.22 129.533 12004.5 0.993539
1314000000 5461.21 130.825 12001.6 0.993435
1314100000 5461.21 129.22 12005.2 0.993519
1314200000 5461.22 127.706 12008.6 0.993601
1314300000 5461.22 121.863 12021.8 0.994058
1314400000 5461.23 123.433 12018.3 0.993903
1314500000 5461.21 131.723 11999.6 0.993375
1314600000 5461.23 126.933 12010.4 0.993624
1314700000 5461.23 124.092 12016.8 0.99388
1314800000 5461.22 123.935 12017.1 0.99389
1314900000 5461.23 124.296 12016.3 0.993868
1315000000 5461.23 122.388 12020.6 0.99397
1315100000 5461.22 127.202 12009.8 0.993664
1315200000 5461.23 126.132 12012.2 0.993669
1315300000 5461.21 125.873 12012.7 0.993771
1315400000 5461.21 128.383 12007.1 0.993599
1315500000 5461.22 124.458 12015.9 0.993893
1315600000 5461.23 132.648 11997.5 0.993149
1315700000 5461.21 124.819 12015.1 0.993869
1315800000 5461.22 129.869 12003.7 0.993499
1315900000 5461.23 124.115 12016.7 0.993853
1316000000 5461.23 124.118 12016.7 0.993896
1316100000 5461.22 125.858 12012.8 0.993731
1316200000 5461.23 125.242 12014.2 0.993735
1316300000 5461.24 122.936 12019.4 0.993946
1316400000 5461.22 132.182 11998.5 0.993209
1316500000 5461.24 125.294 12014.1 0.993776
1316600000 5461.21 128.239 12007.4 0.993595
1316700000 5461.22 124.259 12016.4 0.993813
1316800000 5461.23 124.891 12015 0.993796
1316900000 5461.25 121.32 12023.1 0.994031
1317000000 5461.23 123.006 12019.2 0.99399
1317100000 5461.22 133.246 11996.1 0.993794
1317200000 5461.23 126.763 12010.8 0.993692
1317300000 5461.22 128.238 12007.4 0.993555
1317400000 5461.22 125.878 12012.7 0.993779
1317500000 5461.24 124.164 12016.6 0.993812
1317600000 5461.23 123.335 12018.5 0.993969
1317700000 5461.23 127.12 12010 0.993623
1317800000 5461.22 127.826 12008.3 0.993626
1317900000 5461.22 125.722 12013.1 0.993747
1318000000 5461.22 122.185 12021 0.994039
1318100000 5461.22 125.481 12013.6 0.993744
1318200000 5461.23 125.761 12013 0.993834
1318300000 5461.21 128.852 12006 0.993585
1318400000 5461.23 129.22 12005.2 0.993483
1318500000 5461.23 128.098 12007.7 0.993575
1318600000 5461.22 128.065 12007.8 0.993584
1318700000 5461.23 124.812 12015.2 0.993813
1318800000 5461.22 122.931 12019.4 0.993964
1318900000 5461.22 122.929 12019.4 0.993991
1319000000 5461.22 125.216 12014.2 0.993783
1319100000 5461.23 125.397 12013.8 0.993764
1319200000 5461.23 128.565 12006.7 0.993565
1319300000 5461.22 122.989 12019.2 0.993991
1319400000 5461.23 122.558 12020.2 0.993921
1319500000 5461.23 123.621 12017.8 0.994428
1319600000 5461.23 130.178 12003.1 0.9934
1319700000 5461.22 125.498 12013.6 0.993795
1319800000 5461.23 128.804 12006.2 0.993506
1319900000 5461.22 123.963 12017 0.993893
1320000000 5461.22 127.177 12009.8 0.993653
1320100000 5461.22 126.945 12010.3 0.993682
1320200000 5461.22 127.584 12008.9 0.993607
1320300000 5461.22 133.533 11995.5 0.993205
1320400000 5461.23 128.666 12006.5 0.993489
1320500000 5461.23 127.447 12009.2 0.993641
1320600000 5461.23 122.647 12020 0.993979
1320700000 5461.23 125.389 12013.8 0.99375
1320800000 5461.23 123.856 12017.3 0.993877
1320900000 5461.22 127.656 12008.7 0.993662
1321000000 5461.22 132.801 11997.1 0.99318
1321100000 5461.23 121.734 12022.1 0.994058
1321200000 5461.2 139.188 11982.7 0.992723
1321300000 5461.23 121.485 12022.6 0.994035
1321400000 5461.24 122.445 12020.5 0.993956
1321500000 5461.23 124.238 12016.4 0.993884
1321600000 5461.22 124.763 12015.2 0.993832
1321700000 5461.23 122.174 12021.1 0.993971
1321800000 5461.22 125.158 12014.3 0.993831
1321900000 5461.23 126.166 12012.1 0.993726
1322000000 5461.22 124.152 12016.6 0.993781
1322100000 5461.21 132.895 11996.9 0.993279
1322200000 5461.24 125.077 12014.6 0.993813
1322300000 5461.23 125.375 12013.9 0.993783
1322400000 5461.22 124.251 12016.4 0.993891
1322500000 5461.23 132.067 11998.8 0.993261
1322600000 5461.23 126.061 12012.3 0.99368
1322700000 5461.22 123.655 12017.7 0.993915
1322800000 5461.22 130.294 12002.8 0.993391
1322900000 5461.21 129.757 12004 0.993488
1323000000 5461.21 124.612 12015.6 0.993883
1323100000 5461.22 127.632 12008.8 0.9936
1323200000 5461.23 123.562 12018 0.993913
1323300000 5461.23 125.919 12012.7 0.993688
1323400000 5461.21 122.956 12019.3 0.993957
1323500000 5461.22 128.197 12007.5 0.993527
1323600000 5461.23 122.639 12020 0.994005
1323700000 5461.23 126.904 12010.4 0.994063
1323800000 5461.23 123.925 12017.2 0.993905
1323900000 5461.25 125.285 12014.1 0.993705
1324000000 5461.21 127.528 12009 0.993681
1324100000 5461.21 128.138 12007.6 0.993593
1324200000 5461.22 123.203 12018.7 0.993962
1324300000 5461.24 122.527 12020.3 0.993956
1324400000 5461.21 129.442 12004.7 0.993524
1324500000 5461.23 128.539 12006.8 0.993519
1324600000 5461.24 120.278 12025.4 0.994141
1324700000 5461.23 127.913 12008.2 0.993589
1324800000 5461.23 122.97 12019.3 0.993973
1324900000 5461.23 125.063 12014.6 0.993807
1325000000 5461.22 129.165 12005.3 0.993493
1325100000 5461.22 124.775 12015.2 0.993805
1325200000 5461.22 130.283 12002.8 0.993418
1325300000 5461.24 128.484 12006.9 0.993506
1325400000 5461.23 125.11 12014.5 0.993815
1325500000 5461.22 129.508 12004.6 0.993473
1325600000 5461.23 124.528 12015.8 0.993849
1325700000 5461.23 122.222 12021 0.994013
1325800000 5461.22 128.546 12006.7 0.993571
1325900000 5461.22 131.144 12000.9 0.993415
1326000000 5461.23 124.985 12014.8 0.993816
1326100000 5461.22 126.71 12010.9 0.993645
1326200000 5461.22 124.534 12015.7 0.993907
1326300000 5461.22 123.171 12018.8 0.993924
1326400000 5461.21 131.084 12001 0.993366
1326500000 5461.23 126.177 12012.1 0.99371
1326600000 5461.22 127.223 12009.7 0.993651
1326700000 5461.22 125.105 12014.5 0.993808
1326800000 5461.23 127.813 12008.4 0.993578
1326900000 5461.23 129.834 12003.8 0.993463
1327000000 5461.22 126.74 12010.8 0.993662
1327100000 5461.23 128.544 12006.7 0.993559
1327200000 5461.23 125.051 12014.6 0.993812
1327300000 5461.22 123.027 12019.1 0.993969
1327400000 5461.23 124.727 12015.3 0.993814
1327500000 5461.22 128.78 12006.2 0.993544
1327600000 5461.2 132.046 11998.8 0.993274
1327700000 5461.21 125.385 12013.8 0.993847
1327800000 5461.21 128.471 12006.9 0.993573
1327900000 5461.23 127.768 12008.5 0.993598
1328000000 5461.23 134.128 11994.2 0.993056
1328100000 5461.22 128.013 12007.9 0.993623
1328200000 5461.23 130.844 12001.6 0.993401
1328300000 5461.22 128.599 12006.6 0.993527
1328400000 5461.22 127.473 12009.1 0.993693
1328500000 5461.23 125.46 12013.7 0.993779
1328600000 5461.23 123.397 12018.3 0.993933
1328700000 5461.22 127.497 12009.1 0.993695
1328800000 5461.23 123.107 12019 0.993939
1328900000 5461.22 132.257 11998.4 0.993353
1329000000 5461.21 129.674 12004.2 0.993547
1329100000 5461.21 130.973 12001.2 0.993469
1329200000 5461.23 125.007 12014.7 0.993826
1329300000 5461.22 129.755 12004 0.993448
1329400000 5461.22 124.85 12015.1 0.993834
1329500000 5461.23 125.415 12013.8 0.993813
1329600000 5461.22 129.113 12005.4 0.993548
1329700000 5461.23 125.277 12014.1 0.993769
1329800000 5461.23 120.782 12024.2 0.994103
1329900000 5461.23 127.565 12009 0.993579
1330000000 5461.22 127.359 12009.4 0.993663
1330100000 5461.22 133.42 11995.7 0.993167
1330200000 5461.23 122.316 12020.8 0.994032
1330300000 5461.23 123.475 12018.2 0.993901
1330400000 5461.23 126.253 12011.9 0.993711
1330500000 5461.23 124.601 12015.6 0.993835
1330600000 5461.21 125.8 12012.9 0.993752
1330700000 5461.23 131.303 12000.5 0.993261
1330800000 5461.23 123.182 12018.8 0.993929
1330900000 5461.22 133.835 11994.8 0.993146
1331000000 5461.22 130.52 12002.3 0.993445
1331100000 5461.23 124.637 12015.5 0.993823
1331200000 5461.23 124.388 12016.1 0.993816
1331300000 5461.23 132.164 11998.6 0.996347
1331400000 5461.23 124.802 12015.2 0.993854
1331500000 5461.21 129.109 12005.4 0.99354
1331600000 5461.23 124.611 12015.6 0.993875
1331700000 5461.22 125.658 12013.2 0.993761
1331800000 5461.23 127.495 12009.1 0.993614
1331900000 5461.23 124.475 12015.9 0.993833
1332000000 5461.23 128.447 12007 0.993549
1332100000 5461.22 125.26 12014.1 0.993838
1332200000 5461.23 127.67 12008.7 0.994011
1332300000 5461.22 127.815 12008.4 0.993619
1332400000 5461.21 128.404 12007 0.993582
1332500000 5461.22 128.614 12006.6 0.993533
1332600000 5461.22 128.345 12007.2 0.993578
1332700000 5461.23 125.684 12013.2 0.99375
1332800000 5461.23 126.219 12012 0.9937
1332900000 5461.23 128.424 12007 0.993529
1333000000 5461.22 124.823 12015.1 0.993826
1333100000 5461.22 127.721 12008.6 0.993562
1333200000 5461.21 130.61 12002.1 0.99345
1333300000 5461.22 125.537 12013.5 0.993829
1333400000 5461.22 131.702 11999.6 0.993275
1333500000 5461.23 121.224 12023.2 0.994063
1333600000 5461.23 122.966 12019.3 0.993964
1333700000 5461.24 125.372 12013.9 0.993764
1333800000 5461.22 129.53 12004.5 0.993469
1333900000 5461.21 127.759 12008.5 0.993674
1334000000 5461.22 127.654 12008.7 0.993614
1334100000 5461.23 121.563 12022.5 0.994058
1334200000 5461.22 125.77 12013 0.993772
1334300000 5461.22 128.75 12006.3 0.993577
1334400000 5461.22 127.817 12008.4 0.993568
1334500000 5461.22 131.292 12000.5 0.993364
1334600000 5461.22 125.219 12014.2 0.993849
1334700000 5461.23 128.906 12005.9 0.993514
1334800000 5461.24 122.85 12019.6 0.993923
1334900000 5461.22 123.546 12018 0.99394
1335000000 5461.24 121.915 12021.7 0.994001
1335100000 5461.23 122.142 12021.2 0.993983
1335200000 5461.22 126.164 12012.1 0.993754
1335300000 5461.22 125.173 12014.3 0.993801
1335400000 5461.22 126.288 12011.8 0.993723
1335500000 5461.22 125.531 12013.5 0.993725
1335600000 5461.22 122.039 12021.4 0.994032
1335700000 5461.23 122.796 12019.7 0.993966
1335800000 5461.22 128.293 12007.3 0.993572
1335900000 5461.23 123.449 12018.2 0.99392
1336000000 5461.22 128.086 12007.7 0.993639
1336100000 5461.22 126.429 12011.5 0.993704
1336200000 5461.22 123.837 12017.3 0.993901
1336300000 5461.23 123.056 12019.1 0.99397
1336400000 5461.22 124.098 12016.7 0.993874
1336500000 5461.23 123.046 12019.1 0.993971
1336600000 5461.22 130.777 12001.7 0.993312
1336700000 5461.22 129.243 12005.2 0.993499
1336800000 5461.22 125.935 12012.6 0.993698
1336900000 5461.23 127.875 12008.3 0.993599
1337000000 5461.24 123.525 12018.1 0.993872
1337100000 5461.22 128.048 12007.8 0.993574
1337200000 5461.23 124.808 12015.2 0.9938
1337300000 5461.22 126.321 12011.7 0.993713
1337400000 5461.22 130.182 12003 0.993434
1337500000 5461.21 126.823 12010.6 0.993717
1337600000 5461.22 127.949 12008.1 0.993574
1337700000 5461.22 127.754 12008.5 0.993602
1337800000 5461.23 125.387 12013.9 0.993767
1337900000 5461.21 126.202 12012 0.993724
1338000000 5461.22 129.731 12004.1 0.993499
1338100000 5461.22 127.971 12008 0.993633
1338200000 5461.23 122.515 12020.3 0.994013
1338300000 5461.22 124.135 12016.7 0.993858
1338400000 5461.23 123.3 12018.5 0.99394
1338500000 5461.23 125.501 12013.6 0.993773
1338600000 5461.23 124.746 12015.3 0.99384
1338700000 5461.22 124.765 12015.2 0.993853
1338800000 5461.22 125.027 12014.7 0.99378
1338900000 5461.22 131.281 12000.6 0.993368
1339000000 5461.22 126.031 12012.4 0.993738
1339100000 5461.21 127.455 12009.2 0.993661
1339200000 5461.21 136.865 11988 0.992821
1339300000 5461.23 124.48 12015.9 0.993869
1339400000 5461.23 123.455 12018.2 0.993871
1339500000 5461.22 127.625 12008.8 0.993641
1339600000 5461.23 124.151 12016.6 0.993889
1339700000 5461.22 123.378 12018.4 0.993906
1339800000 5461.23 124.037 12016.9 0.993855
1339900000 5461.23 123.288 12018.6 0.993918
1340000000 5461.2 127.483 12009.1 0.993695
1340100000 5461.23 129.172 12005.3 0.993533
1340200000 5461.23 127.616 12008.8 0.993554
1340300000 5461.22 129.908 12003.7 0.993389
1340400000 5461.22 127.365 12009.4 0.993626
1340500000 5461.25 121.355 12023 0.994004
1340600000 5461.22 124.731 12015.3 0.993867
1340700000 5461.22 131.095 12001 0.993335
1340800000 5461.23 124.602 12015.6 0.993863
1340900000 5461.23 123.544 12018 0.9939
1341000000 5461.22 126.673 12010.9 0.993719
1341100000 5461.24 124.584 12015.7 0.993822
1341200000 5461.23 126.758 12010.8 0.993647
1341300000 5461.23 121.968 12021.6 0.99402
1341400000 5461.23 125.898 12012.7 0.993745
1341500000 5461.23 122.773 12019.7 0.993922
1341600000 5461.21 129.303 12005 0.993558
1341700000 5461.22 123.541 12018 0.993896
1341800000 5461.22 128.277 12007.3 0.993603
1341900000 5461.21 123.756 12017.5 0.993906
1342000000 5461.24 127.162 12009.9 0.993611
1342100000 5461.23 122.988 12019.2 0.99396
1342200000 5461.23 124.685 12015.4 0.993852
1342300000 5461.23 123.637 12017.8 0.993893
1342400000 5461.22 124.94 12014.8 0.993862
1342500000 5461.22 129.393 12004.8 0.993491
1342600000 5461.23 124.787 12015.2 0.993845
1342700000 5461.23 122.773 12019.7 0.993943
1342800000 5461.23 125.232 12014.2 0.993764
1342900000 5461.23 122.892 12019.5 0.993946
1343000000 5461.22 122.416 12020.5 0.994007
1343100000 5461.21 130.288 12002.8 0.994016
1343200000 5461.23 123.733 12017.6 0.993888
1343300000 5461.23 124.322 12016.3 0.993834
1343400000 5461.24 123.579 12017.9 0.993898
1343500000 5461.22 126.302 12011.8 0.993745
1343600000 5461.22 124.399 12016.1 0.99383
1343700000 5461.24 126.463 12011.4 0.993702
1343800000 5461.23 129.025 12005.7 0.993493
1343900000 5461.23 125.971 12012.5 0.993692
1344000000 5461.22 128.031 12007.9 0.993653
1344100000 5461.22 123.91 12017.2 0.993875
1344200000 5461.22 128.462 12006.9 0.99357
1344300000 5461.23 120.316 12025.3 0.994135
1344400000 5461.23 126.835 12010.6 0.993704
1344500000 5461.23 125.324 12014 0.993791
1344600000 5461.23 126.615 12011.1 0.993721
1344700000 5461.23 128.751 12006.3 0.993864
1344800000 5461.24 122.956 12019.3 0.993946
1344900000 5461.22 127.499 12009.1 0.99363
1345000000 5461.23 122.318 12020.8 0.993986
1345100000 5461.22 127.67 12008.7 0.993664
1345200000 5461.21 125.753 12013 0.993792
1345300000 5461.22 122.245 12020.9 0.994013
1345400000 5461.2 129.986 12003.4 0.993467
1345500000 5461.22 127.711 12008.6 0.993613
1345600000 5461.23 127.826 12008.4 0.993545
1345700000 5461.21 130.362 12002.6 0.993368
1345800000 5461.23 125.556 12013.5 0.993805
1345900000 5461.23 127.45 12009.2 0.993605
1346000000 5461.22 123.212 12018.7 0.993937
1346100000 5461.24 126.171 12012.1 0.993718
1346200000 5461.23 123.911 12017.2 0.993863
1346300000 5461.23 123.278 12018.6 0.993935
1346400000 5461.22 127.372 12009.4 0.993582
1346500000 5461.23 121.143 12023.4 0.994048
1346600000 5461.23 125.906 12012.7 0.993797
1346700000 5461.22 127.259 12009.6 0.993625
1346800000 5461.21 129.235 12005.1 0.993533
1346900000 5461.21 126.536 12011.2 0.993774
1347000000 5461.2 132.175 11998.5 0.993341
1347100000 5461.24 122.006 12021.5 0.993994
1347200000 5461.24 128.404 12007.1 0.993515
1347300000 5461.23 126.11 12012.2 0.993753
1347400000 5461.22 128.883 12006 0.993498
1347500000 5461.22 125.979 12012.5 0.993772
1347600000 5461.23 133.285 11996.1 0.993177
1347700000 5461.21 125.648 12013.2 0.993805
1347800000 5461.22 129.153 12005.3 0.993547
1347900000 5461.22 122.036 12021.4 0.994026
1348000000 5461.22 123.76 12017.5 0.993876
1348100000 5461.22 130.459 12002.4 0.993433
1348200000 5461.23 127.656 12008.7 0.993592
1348300000 5461.23 123.523 12018.1 0.993896
1348400000 5461.23 120.661 12024.5 0.994105
1348500000 5461.23 129.435 12004.8 0.993475
1348600000 5461.23 125.576 12013.4 0.993762
1348700000 5461.22 124.892 12015 0.993802
1348800000 5461.23 125.749 12013 0.993882
1348900000 5461.21 128.127 12007.6 0.993545
1349000000 5461.21 131.584 11999.9 0.993425
1349100000 5461.23 124.29 12016.3 0.993849
1349200000 5461.22 128.772 12006.2 0.993537
1349300000 5461.23 126.548 12011.2 0.993707
1349400000 5461.23 122.615 12020.1 0.993982
1349500000 5461.23 126.29 12011.8 0.993714
1349600000 5461.22 127.587 12008.9 0.993631
1349700000 5461.23 123.181 12018.8 0.993943
1349800000 5461.22 128.63 12006.5 0.993503
1349900000 5461.24 125.326 12014 0.993757
1350000000 5461.23 123.697 12017.7 0.993903
1350100000 5461.23 124.301 12016.3 0.993856
1350200000 5461.23 124.22 12016.5 0.993938
1350300000 5461.22 127.317 12009.5 0.993666
1350400000 5461.22 126.734 12010.8 0.993689
1350500000 5461.23 121.647 12022.3 0.994064
1350600000 5461.22 128.074 12007.8 0.993577
1350700000 5461.22 126.786 12010.7 0.993703
1350800000 5461.24 124.648 12015.5 0.993842
1350900000 5461.24 123.748 12017.6 0.993898
1351000000 5461.23 127.919 12008.2 0.993579
1351100000 5461.22 125.876 12012.7 0.993747
1351200000 5461.22 138.468 11984.4 0.992728
1351300000 5461.21 124.908 12014.9 0.993879
1351400000 5461.23 126.723 12010.8 0.993684
1351500000 5461.23 124.159 12016.6 0.993848
1351600000 5461.22 128.035 12007.9 0.993607
1351700000 5461.23 124.535 12015.8 0.993823
1351800000 5461.23 124.53 12015.8 0.993797
1351900000 5461.22 130.855 12001.5 0.993311
1352000000 5461.23 125.358 12013.9 0.993782
1352100000 5461.24 128.805 12006.2 0.993527
1352200000 5461.22 129.535 12004.5 0.993499
1352300000 5461.22 124.63 12015.5 0.993862
1352400000 5461.22 127.882 12008.2 0.993594
1352500000 5461.22 124.069 12016.8 0.993881
1352600000 5461.23 126.144 12012.2 0.993714
1352700000 5461.23 132.573 11997.7 0.993202
1352800000 5461.22 127.58 12008.9 0.993658
1352900000 5461.23 123.35 12018.4 0.993961
1353000000 5461.23 123.224 12018.7 0.993887
1353100000 5461.22 127.753 12008.5 0.993643
1353200000 5461.23 123.065 12019.1 0.993878
1353300000 5461.24 122.599 12020.2 0.993933
1353400000 5461.24 122.045 12021.4 0.993999
1353500000 5461.22 124.562 12015.7 0.993868
1353600000 5461.21 132.688 11997.4 0.993282
1353700000 5461.22 124.507 12015.8 0.993856
1353800000 5461.22 126.769 12010.7 0.993699
1353900000 5461.21 130.08 12003.2 0.993503
1354000000 5461.22 124.322 12016.2 0.993815
1354100000 5461.21 126.972 12010.2 0.993685
1354200000 5461.23 127.108 12010 0.993631
1354300000 5461.2 128.693 12006.4 0.993556
1354400000 5461.23 128.865 12006 0.993424
1354500000 5461.23 127.683 12008.7 0.993588
1354600000 5461.23 125.351 12014 0.993781
1354700000 5461.22 125.503 12013.6 0.99379
1354800000 5461.21 128.986 12005.7 0.99352
1354900000 5461.22 128.075 12007.8 0.993558
1355000000 5461.22 126.37 12011.6 0.993737
1355100000 5461.21 127.599 12008.8 0.993621
1355200000 5461.22 125.821 12012.9 0.993744
1355300000 5461.23 121.712 12022.1 0.994045
1355400000 5461.24 126.049 12012.4 0.993727
1355500000 5461.23 122.963 12019.3 0.993977
1355600000 5461.23 126.673 12011 0.993669
1355700000 5461.23 127.162 12009.9 0.993691
1355800000 5461.21 126.413 12011.5 0.993714
1355900000 5461.23 124.486 12015.9 0.99386
1356000000 5461.23 126.35 12011.7 0.993734
1356100000 5461.23 131.283 12000.6 0.993358
1356200000 5461.23 128.255 12007.4 0.993581
1356300000 5461.24 125.177 12014.4 0.99377
1356400000 5461.22 127.813 12008.4 0.993561
1356500000 5461.22 127.257 12009.6 0.993631
1356600000 5461.22 133.896 11994.7 0.993289
1356700000 5461.23 121.73 12022.1 0.994051
1356800000 5461.21 129.143 12005.4 0.993536
1356900000 5461.22 124.233 12016.4 0.993899
1357000000 5461.22 127.43 12009.2 0.993638
1357100000 5461.24 126.897 12010.5 0.993667
1357200000 5461.23 124.86 12015 0.993847
1357300000 5461.22 129.637 12004.3 0.993415
1357400000 5461.22 124.3 12016.3 0.993885
1357500000 5461.22 128.83 12006.1 0.993521
1357600000 5461.22 126.016 12012.4 0.993679
1357700000 5461.23 126.273 12011.9 0.993711
1357800000 5461.23 128.616 12006.6 0.993562
1357900000 5461.23 125.696 12013.2 0.993737
1358000000 5461.24 124.385 12016.1 0.993848
1358100000 5461.22 123.557 12018 0.993903
1358200000 5461.23 124.357 12016.2 0.993877
1358300000 5461.21 124.508 12015.8 0.993852
1358400000 5461.2 131.559 11999.9 0.993386
1358500000 5461.23 125.399 12013.8 0.993746
1358600000 5461.22 126.084 12012.3 0.993743
1358700000 5461.24 120.692 12024.4 0.994105
1358800000 5461.24 130.354 12002.7 0.993379
1358900000 5461.23 123.02 12019.2 0.993972
1359000000 5461.24 125.62 12013.4 0.99376
1359100000 5461.23 127.083 12010 0.99368
1359200000 5461.22 130.497 12002.3 0.993449
1359300000 5461.23 128.267 12007.4 0.993597
1359400000 5461.22 122.074 12021.3 0.993991
1359500000 5461.23 126.76 12010.8 0.99369
1359600000 5461.21 127.213 12009.7 0.993621
1359700000 5461.22 128.07 12007.8 0.993581
1359800000 5461.23 128.16 12007.6 0.993529
1359900000 5461.21 126.08 12012.3 0.993745
1360000000 5461.22 128.215 12007.5 0.993556
1360100000 5461.23 125.578 12013.4 0.993785
1360200000 5461.22 124.761 12015.3 0.993841
1360300000 5461.22 123.235 12018.7 0.993899
1360400000 5461.22 126.778 12010.7 0.993727
1360500000 5461.21 125.984 12012.5 0.993798
1360600000 5461.22 123.486 12018.1 0.993938
1360700000 5461.22 124.336 12016.2 0.993856
1360800000 5461.22 128.011 12007.9 0.993622
1360900000 5461.23 123.733 12017.6 0.993859
1361000000 5461.23 129.547 12004.5 0.993502
1361100000 5461.22 125.486 12013.6 0.993793
1361200000 5461.23 124.432 12016 0.993851
1361300000 5461.23 126.562 12011.2 0.993664
1361400000 5461.23 120.948 12023.9 0.994072
1361500000 5461.23 127.424 12009.3 0.993586
1361600000 5461.21 127.59 12008.9 0.99366
1361700000 5461.23 127.626 12008.8 0.993614
1361800000 5461.22 123.468 12018.2 0.993958
1361900000 5461.22 124.417 12016 0.993856
1362000000 5461.21 125.493 12013.6 0.993804
1362100000 5461.22 124.105 12016.7 0.993905
1362200000 5461.21 131.971 11999 0.993351
1362300000 5461.23 126.744 12010.8 0.993678
1362400000 5461.22 124.1 12016.7 0.993879
1362500000 5461.23 132.131 11998.7 0.993247
1362600000 5461.23 127.772 12008.5 0.993628
1362700000 5461.23 126.265 12011.9 0.993731
1362800000 5461.22 122.803 12019.7 0.993954
1362900000 5461.23 125.465 12013.7 0.993779
1363000000 5461.22 122.37 12020.6 0.993995
1363100000 5461.22 126.848 12010.5 0.993674
1363200000 5461.23 123.966 12017.1 0.993849
1363300000 5461.22 127.897 12008.2 0.993598
1363400000 5461.22 124.139 12016.7 0.993903
1363500000 5461.23 123.777 12017.5 0.993929
1363600000 5461.22 124.057 12016.8 0.993897
1363700000 5461.22 129.87 12003.7 0.993438
1363800000 5461.24 125.592 12013.4 0.993731
1363900000 5461.24 124.12 12016.7 0.993842
1364000000 5461.22 122.492 12020.4 0.993997
1364100000 5461.22 126.875 12010.5 0.993682
1364200000 5461.23 123.577 12017.9 0.993912
1364300000 5461.22 122.301 12020.8 0.994019
1364400000 5461.23 121.197 12023.3 0.994076
1364500000 5461.24 122.863 12019.6 0.993964
1364600000 5461.22 125.105 12014.5 0.993825
1364700000 5461.22 125.623 12013.3 0.993783
1364800000 5461.22 128.23 12007.4 0.993556
1364900000 5461.21 126.343 12011.7 0.993745
1365000000 5461.23 125.979 12012.5 0.993737
1365100000 5461.23 132.999 11996.7 0.993105
1365200000 5461.24 123.42 12018.3 0.993883
1365300000 5461.21 126.926 12010.3 0.993692
1365400000 5461.24 122.316 12020.8 0.993952
1365500000 5461.23 128.465 12006.9 0.993448
1365600000 5461.22 125.17 12014.3 0.993829
1365700000 5461.23 127.478 12009.1 0.993631
1365800000 5461.21 128.598 12006.6 0.993616
1365900000 5461.22 127.097 12010 0.993675
1366000000 5461.22 124.946 12014.8 0.993827
1366100000 5461.23 128.578 12006.7 0.993562
1366200000 5461.24 123.341 12018.5 0.993908
1366300000 5461.2 132.581 11997.6 0.993312
1366400000 5461.21 127.953 12008 0.993613
1366500000 5461.22 126.775 12010.7 0.993662
1366600000 5461.22 128.669 12006.4 0.993502
1366700000 5461.23 123.012 12019.2 0.993904
1366800000 5461.22 126.62 12011.1 0.993728
1366900000 5461.23 128.422 12007 0.993534
1367000000 5461.23 130.695 12001.9 0.993366
1367100000 5461.23 122.462 12020.5 0.993986
1367200000 5461.23 127.607 12008.9 0.99361
1367300000 5461.23 129.939 12003.6 0.993382
1367400000 5461.21 128.047 12007.8 0.993668
1367500000 5461.21 127.132 12009.9 0.993674
1367600000 5461.21 129.886 12003.7 0.993441
1367700000 5461.23 125.225 12014.2 0.993822
1367800000 5461.23 127.865 12008.3 0.993586
1367900000 5461.21 134.002 11994.4 0.99317
1368000000 5461.22 122.634 12020 0.993971
1368100000 5461.24 121.046 12023.7 0.99406
1368200000 5461.21 127.049 12010.1 0.993673
1368300000 5461.22 124.978 12014.7 0.99384
1368400000 5461.24 130.579 12002.2 0.993293
1368500000 5461.21 131.997 11998.9 0.993341
1368600000 5461.22 126.398 12011.6 0.993705
1368700000 5461.23 124.409 12016.1 0.993819
1368800000 5461.22 125.367 12013.9 0.993786
1368900000 5461.21 130.562 12002.2 0.993435
1369000000 5461.21 125.568 12013.4 0.993776
1369100000 5461.22 129.411 12004.8 0.993502
1369200000 5461.22 125.346 12013.9 0.99382
1369300000 5461.21 130.687 12001.9 0.99341
1369400000 5461.22 127.777 12008.5 0.993618
1369500000 5461.22 126.769 12010.7 0.993721
1369600000 5461.21 130.492 12002.3 0.993442
1369700000 5461.24 124.168 12016.6 0.993879
1369800000 5461.22 125.585 12013.4 0.993762
1369900000 5461.22 125.28 12014.1 0.993825
1370000000 5461.22 130.621 12002 0.993392
1370100000 5461.22 126.269 12011.8 0.993763
1370200000 5461.22 127.588 12008.9 0.993757
1370300000 5461.21 127.134 12009.9 0.993715
1370400000 5461.22 126.497 12011.3 0.993688
1370500000 5461.23 128.695 12006.4 0.993537
1370600000 5461.22 125.355 12013.9 0.993793
1370700000 5461.22 125.783 12012.9 0.993735
1370800000 5461.23 127.102 12010 0.993599
1370900000 5461.23 122.22 12021 0.994006
1371000000 5461.23 128.219 12007.5 0.993539
1371100000 5461.22 127.253 12009.6 0.993594
1371200000 5461.22 126.193 12012 0.993732
1371300000 5461.22 125.374 12013.9 0.993808
1371400000 5461.23 127.07 12010.1 0.993645
1371500000 5461.22 123.669 12017.7 0.993891
1371600000 5461.21 124.388 12016.1 0.993885
1371700000 5461.24 127.279 12009.6 0.993593
1371800000 5461.22 127.995 12008 0.993572
1371900000 5461.23 126.83 12010.6 0.99368
1372000000 5461.2 128.211 12007.4 0.993658
1372100000 5461.21 127.345 12009.4 0.993734
1372200000 5461.23 125.061 12014.6 0.993771
1372300000 5461.22 123.484 12018.1 0.993932
1372400000 5461.22 127.489 12009.1 0.99365
1372500000 5461.23 123.275 12018.6 0.993923
1372600000 5461.24 129.65 12004.3 0.993402
1372700000 5461.23 120.689 12024.4 0.994106
1372800000 5461.23 123.291 12018.6 0.994422
1372900000 5461.21 129.075 12005.5 0.993577
1373000000 5461.21 129.275 12005.1 0.993505
1373100000 5461.22 129.365 12004.9 0.993526
1373200000 5461.23 128.35 12007.2 0.993547
1373300000 5461.22 126.127 12012.2 0.993711
1373400000 5461.23 125.798 12012.9 0.993788
1373500000 5461.22 126.585 12011.1 0.993692
1373600000 5461.23 123.578 12017.9 0.993913
1373700000 5461.23 120.966 12023.8 0.994079
1373800000 5461.21 127.929 12008.1 0.993647
1373900000 5461.22 131.107 12000.9 0.993403
1374000000 5461.24 126.643 12011 0.993642
1374100000 5461.21 131.529 12000 0.993327
1374200000 5461.22 126.353 12011.7 0.993714
1374300000 5461.22 128.254 12007.4 0.993572
1374400000 5461.22 132.391 11998.1 0.99324
1374500000 5461.23 125.659 12013.2 0.993729
1374600000 5461.23 130.533 12002.3 0.993386
1374700000 5461.23 124.938 12014.9 0.993891
1374800000 5461.23 127.482 12009.1 0.993633
1374900000 5461.22 119.967 12026 0.994157
1375000000 5461.23 125.836 12012.9 0.993769
1375100000 5461.23 123.393 12018.3 0.993952
1375200000 5461.23 124.266 12016.4 0.994292
1375300000 5461.23 123.999 12017 0.99389
1375400000 5461.23 131.458 12000.2 0.99335
1375500000 5461.23 129.132 12005.4 0.993533
1375600000 5461.21 128.902 12005.9 0.993618
1375700000 5461.23 125.514 12013.6 0.993731
1375800000 5461.22 128.74 12006.3 0.993536
1375900000 5461.22 125.663 12013.2 0.99376
1376000000 5461.23 129.498 12004.6 0.99347
1376100000 5461.23 127.616 12008.8 0.993611
1376200000 5461.23 124.193 12016.5 0.993853
1376300000 5461.21 122.497 12020.3 0.994049
1376400000 5461.21 129.421 12004.7 0.993536
1376500000 5461.22 125.393 12013.8 0.993768
1376600000 5461.22 132.673 11997.4 0.99314
1376700000 5461.22 128.102 12007.7 0.993533
1376800000 5461.23 124.534 12015.8 0.993823
1376900000 5461.21 130.372 12002.6 0.993477
1377000000 5461.22 125.137 12014.4 0.993769
1377100000 5461.22 127.008 12010.2 0.993639
1377200000 5461.23 125.088 12014.5 0.993815
1377300000 5461.21 130.799 12001.6 0.993284
1377400000 5461.22 132.586 11997.6 0.993292
1377500000 5461.23 124.151 12016.6 0.993857
1377600000 5461.23 126.343 12011.7 0.993658
1377700000 5461.22 126.048 12012.4 0.993768
1377800000 5461.23 122.36 12020.7 0.993977
1377900000 5461.23 126.53 12011.3 0.993684
1378000000 5461.23 128.282 12007.3 0.993513
1378100000 5461.22 128.346 12007.2 0.99356
1378200000 5461.21 127 12010.2 0.993643
1378300000 5461.21 125.909 12012.6 0.993717
1378400000 5461.22 125.405 12013.8 0.993803
1378500000 5461.23 122.844 12019.6 0.994003
1378600000 5461.21 128.594 12006.6 0.993594
1378700000 5461.24 126.613 12011.1 0.993663
1378800000 5461.23 124.626 12015.6 0.99385
1378900000 5461.23 125.83 12012.9 0.993722
1379000000 5461.22 125.251 12014.1 0.993784
1379100000 5461.22 125.706 12013.1 0.993718
1379200000 5461.23 126.357 12011.7 0.993732
1379300000 5461.21 129.551 12004.4 0.993447
1379400000 5461.24 126.869 12010.5 0.993656
1379500000 5461.23 125.584 12013.4 0.993759
1379600000 5461.21 129.599 12004.3 0.993444
1379700000 5461.23 131.307 12000.5 0.993258
1379800000 5461.23 122.543 12020.3 0.993995
1379900000 5461.21 130.949 12001.3 0.993366
1380000000 5461.23 127.534 12009 0.993633
1380100000 5461.2 131.602 11999.8 0.993425
1380200000 5461.23 122.622 12020.1 0.993976
1380300000 5461.22 128.218 12007.5 0.99355
1380400000 5461.22 128.987 12005.7 0.993527
1380500000 5461.22 124.759 12015.3 0.993826
1380600000 5461.22 125.714 12013.1 0.993749
1380700000 5461.21 129.073 12005.5 0.993498
1380800000 5461.22 126.151 12012.1 0.993739
1380900000 5461.21 129.63 12004.3 0.993527
1381000000 5461.23 127.685 12008.7 0.993607
1381100000 5461.23 125.679 12013.2 0.993738
1381200000 5461.22 127.254 12009.6 0.993716
1381300000 5461.22 130.003 12003.4 0.993427
1381400000 5461.23 126.662 12011 0.993633
1381500000 5461.23 124.168 12016.6 0.993862
1381600000 5461.22 126.729 12010.8 0.993719
1381700000 5461.22 128.207 12007.5 0.993613
1381800000 5461.22 127.755 12008.5 0.993624
1381900000 5461.23 126.548 12011.2 0.99367
1382000000 5461.24 123.916 12017.2 0.993902
1382100000 5461.21 132.354 11998.1 0.99332
1382200000 5461.22 121.205 12023.3 0.994098
1382300000 5461.24 128.063 12007.8 0.993599
1382400000 5461.23 123.9 12017.2 0.993894
1382500000 5461.23 129.641 12004.3 0.993451
1382600000 5461.23 129.663 12004.2 0.993433
1382700000 5461.21 123.13 12018.9 0.993955
1382800000 5461.21 126.761 12010.7 0.99374
1382900000 5461.23 124.418 12016 0.993852
1383000000 5461.22 127.763 12008.5 0.993629
1383100000 5461.21 128.046 12007.8 0.993589
1383200000 5461.22 125.754 12013 0.993734
1383300000 5461.23 125.129 12014.4 0.993775
1383400000 5461.22 130.082 12003.3 0.993477
1383500000 5461.24 124.819 12015.1 0.993836
1383600000 5461.21 129.514 12004.5 0.993504
1383700000 5461.23 122.67 12020 0.993977
1383800000 5461.23 127.283 12009.6 0.993666
1383900000 5461.22 125.521 12013.5 0.993787
1384000000 5461.23 121.323 12023 0.994085
1384100000 5461.22 128.934 12005.9 0.993507
1384200000 5461.22 124.362 12016.2 0.993864
1384300000 5461.21 130.34 12002.7 0.99349
1384400000 5461.23 129.019 12005.7 0.99348
1384500000 5461.22 123.032 12019.1 0.99397
1384600000 5461.22 131.708 11999.6 0.99329
1384700000 5461.23 129.395 12004.8 0.993436
1384800000 5461.23 125.551 12013.5 0.993737
1384900000 5461.21 126.021 12012.4 0.993787
1385000000 5461.2 130.196 12003 0.993452
1385100000 5461.23 122.678 12019.9 0.993995
1385200000 5461.23 126.768 12010.8 0.993645
1385300000 5461.23 124.227 12016.5 0.993874
1385400000 5461.21 128.699 12006.4 0.993575
1385500000 5461.22 126.507 12011.3 0.993704
1385600000 5461.21 130.527 12002.2 0.993422
1385700000 5461.22 130.085 12003.3 0.993412
1385800000 5461.22 133.222 11996.2 0.993208
1385900000 5461.24 126.942 12010.4 0.99367
1386000000 5461.21 130.655 12002 0.993425
1386100000 5461.22 130.825 12001.6 0.99334
1386200000 5461.23 132.218 11998.5 0.993227
1386300000 5461.21 132.577 11997.6 0.993248
1386400000 5461.22 126.184 12012 0.993776
1386500000 5461.22 127.887 12008.2 0.993595
1386600000 5461.23 128.287 12007.3 0.993608
1386700000 5461.23 125.914 12012.7 0.993703
1386800000 5461.23 125.496 12013.6 0.993811
1386900000 5461.21 129.006 12005.7 0.9936
1387000000 5461.23 126.868 12010.5 0.993657
1387100000 5461.22 126.668 12010.9 0.993701
1387200000 5461.23 122.573 12020.2 0.993982
1387300000 5461.22 127.025 12010.2 0.993671
1387400000 5461.21 128.481 12006.8 0.993552
1387500000 5461.22 125.551 12013.5 0.994257
1387600000 5461.22 133.008 11996.7 0.993197
1387700000 5461.22 128.57 12006.7 0.993474
1387800000 5461.23 131.629 11999.8 0.993267
1387900000 5461.23 121.958 12021.6 0.994026
1388000000 5461.22 127.384 12009.3 0.993628
1388100000 5461.22 126.956 12010.3 0.993688
1388200000 5461.23 125.412 12013.8 0.993776
1388300000 5461.23 124.392 12016.1 0.993826
1388400000 5461.22 129.455 12004.7 0.993501
1388500000 5461.23 125.119 12014.5 0.993842
1388600000 5461.22 130.371 12002.6 0.993444
1388700000 5461.23 125.852 12012.8 0.993774
1388800000 5461.23 126.526 12011.3 0.993696
1388900000 5461.22 130.671 12001.9 0.99341
1389000000 5461.22 123.903 12017.2 0.993906
1389100000 5461.23 125.271 12014.1 0.993761
1389200000 5461.25 125.273 12014.2 0.993736
1389300000 5461.23 124.217 12016.5 0.993811
1389400000 5461.23 126.97 12010.3 0.993671
1389500000 5461.22 126.394 12011.6 0.993647
1389600000 5461.23 125.712 12013.1 0.993772
1389700000 5461.23 122.36 12020.7 0.993986
1389800000 5461.24 125.838 12012.9 0.993721
1389900000 5461.22 125.853 12012.8 0.993745
1390000000 5461.23 128.159 12007.6 0.993559
1390100000 5461.23 127.621 12008.8 0.993618
1390200000 5461.22 128.876 12006 0.993526
1390300000 5461.22 125.212 12014.2 0.993843
1390400000 5461.23 122.885 12019.5 0.993971
1390500000 5461.22 124.472 12015.9 0.993864
1390600000 5461.25 123.806 12017.5 0.993888
1390700000 5461.22 132.019 11998.9 0.993313
1390800000 5461.21 133.363 11995.9 0.993197
1390900000 5461.22 125.886 12012.7 0.993742
1391000000 5461.22 123.881 12017.2 0.993911
1391100000 5461.21 127.584 12008.9 0.993681
1391200000 5461.21 124.861 12015 0.993802
1391300000 5461.23 123.89 12017.2 0.993869
1391400000 5461.23 123.909 12017.2 0.993872
1391500000 5461.23 122.685 12019.9 0.994001
1391600000 5461.22 126.664 12011 0.993681
1391700000 5461.22 126.501 12011.3 0.993693
1391800000 5461.23 128.802 12006.2 0.993547
1391900000 5461.23 124.502 12015.9 0.993998
1392000000 5461.22 125.995 12012.5 0.993732
1392100000 5461.22 131.564 11999.9 0.993275
1392200000 5461.22 130.039 12003.4 0.993419
1392300000 5461.23 124.7 12015.4 0.993871
1392400000 5461.23 126.236 12011.9 0.993748
1392500000 5461.23 122.905 12019.4 0.993931
1392600000 5461.24 122.711 12019.9 0.993978
1392700000 5461.24 122.58 12020.2 0.99396
1392800000 5461.2 131.387 12000.3 0.993409
1392900000 5461.23 123.047 12019.1 0.993885
1393000000 5461.23 124.162 12016.6 0.99386
1393100000 5461.23 126.333 12011.7 0.99364
1393200000 5461.23 127.083 12010 0.993673
1393300000 5461.23 125.46 12013.7 0.993789
1393400000 5461.22 124.859 12015 0.993848
1393500000 5461.22 125.454 12013.7 0.993802
1393600000 5461.22 125.531 12013.5 0.993809
1393700000 5461.22 128.287 12007.3 0.99358
1393800000 5461.21 130.097 12003.2 0.993455
1393900000 5461.23 123.402 12018.3 0.993913
1394000000 5461.23 123.412 12018.3 0.993922
1394100000 5461.22 123.518 12018 0.993904
1394200000 5461.21 129.074 12005.5 0.993591
1394300000 5461.23 122.842 12019.6 0.993954
1394400000 5461.21 128.531 12006.7 0.99358
1394500000 5461.21 128.136 12007.6 0.993618
1394600000 5461.23 127.076 12010.1 0.993703
1394700000 5461.23 125.713 12013.1 0.993791
1394800000 5461.23 123.474 12018.2 0.993915
1394900000 5461.23 130.091 12003.3 0.993412
1395000000 5461.22 125.88 12012.7 0.993752
1395100000 5461.22 127.073 12010 0.993608
1395200000 5461.22 126.13 12012.2 0.993749
1395300000 5461.23 125.518 12013.6 0.993752
1395400000 5461.22 127.162 12009.8 0.993693
1395500000 5461.22 126.901 12010.4 0.995299
1395600000 5461.24 129.033 12005.7 0.993473
1395700000 5461.22 127.163 12009.8 0.993662
1395800000 5461.23 119.661 12026.7 0.994175
1395900000 5461.23 126.885 12010.5 0.993676
1396000000 5461.23 125.718 12013.1 0.993763
1396100000 5461.24 126.482 12011.4 0.993654
1396200000 5461.23 124.325 12016.3 0.993875
1396300000 5461.21 131.122 12000.9 0.993386
1396400000 5461.23 122.939 12019.4 0.993962
1396500000 5461.22 123.309 12018.5 0.993957
1396600000 5461.23 123.593 12017.9 0.993917
1396700000 5461.22 125.957 12012.5 0.993758
1396800000 5461.23 127.677 12008.7 0.99358
1396900000 5461.21 130.477 12002.4 0.993411
1397000000 5461.23 127.098 12010 0.993616
1397100000 5461.23 129.317 12005 0.993471
1397200000 5461.22 125.897 12012.7 0.993763
1397300000 5461.22 126.578 12011.2 0.993727
1397400000 5461.23 122.031 12021.4 0.994037
1397500000 5461.23 122.75 12019.8 0.994005
1397600000 5461.23 124.313 12016.3 0.99384
1397700000 5461.22 126.786 12010.7 0.993696
1397800000 5461.23 124.323 12016.3 0.993843
1397900000 5461.2 126.341 12011.7 0.993808
1398000000 5461.22 124.885 12015 0.993805
1398100000 5461.22 126.69 12010.9 0.993697
1398200000 5461.22 122.829 12019.6 0.993966
1398300000 5461.23 123.869 12017.3 0.993884
1398400000 5461.23 126.788 12010.7 0.993669
1398500000 5461.23 127.475 12009.1 0.993623
1398600000 5461.23 121.869 12021.8 0.994021
1398700000 5461.24 123.115 12019 0.993931
1398800000 5461.21 137.772 11985.9 0.992765
1398900000 5461.21 124.095 12016.7 0.99394
1399000000 5461.22 122.987 12019.2 0.993979
1399100000 5461.23 123.481 12018.2 0.993893
1399200000 5461.22 129.365 12004.9 0.99344
1399300000 5461.24 124.236 12016.5 0.993821
1399400000 5461.21 129.541 12004.5 0.993551
1399500000 5461.21 134.695 11992.9 0.993019
1399600000 5461.22 123.722 12017.6 0.993915
1399700000 5461.23 125.19 12014.3 0.993778
1399800000 5461.23 129.934 12003.6 0.993415
1399900000 5461.22 130.067 12003.3 0.993438
1400000000 5461.22 125.164 12014.3 0.993805
1400100000 5461.24 123.959 12017.1 0.99381
1400200000 5461.23 127.602 12008.9 0.993574
1400300000 5461.21 132.936 11996.8 0.9933
1400400000 5461.22 127.002 12010.2 0.99361
1400500000 5461.22 126.98 12010.2 0.993621
1400600000 5461.23 122.401 12020.6 0.994011
1400700000 5461.22 128.254 12007.4 0.993529
1400800000 5461.23 131.953 11999.1 0.993305
1400900000 5461.23 130.885 12001.5 0.995341
1401000000 5461.22 123.2 12018.8 0.993918
1401100000 5461.22 125.804 12012.9 0.993762
1401200000 5461.23 123.081 12019.1 0.993908
1401300000 5461.23 121.651 12022.3 0.994043
1401400000 5461.21 129.783 12003.9 0.993486
1401500000 5461.23 123.907 12017.2 0.993862
1401600000 5461.22 127.425 12009.2 0.993646
1401700000 5461.23 121.935 12021.6 0.993989
1401800000 5461.23 126.775 12010.7 0.993613
1401900000 5461.23 123.888 12017.2 0.993872
1402000000 5461.22 126.217 12012 0.99374
1402100000 5461.23 127.288 12009.6 0.993629
1402200000 5461.22 131.849 11999.3 0.993324
1402300000 5461.23 125.844 12012.8 0.993786
1402400000 5461.23 122.154 12021.1 0.994007
1402500000 5461.22 123.408 12018.3 0.99393
1402600000 5461.23 125.524 12013.5 0.99375
1402700000 5461.23 125.506 12013.6 0.99378
1402800000 5461.22 129.016 12005.7 0.993659
1402900000 5461.23 129.175 12005.3 0.99351
1403000000 5461.22 128.578 12006.7 0.993552
1403100000 5461.22 128.65 12006.5 0.993492
1403200000 5461.22 133.531 11995.5 0.99312
1403300000 5461.23 137.148 11987.4 0.992823
1403400000 5461.24 124.918 12014.9 0.993751
1403500000 5461.24 124.034 12016.9 0.993851
1403600000 5461.23 122.684 12019.9 0.993997
1403700000 5461.23 127.762 12008.5 0.993573
1403800000 5461.22 128.696 12006.4 0.993573
1403900000 5461.22 130.288 12002.8 0.993392
1404000000 5461.22 123.188 12018.8 0.993931
1404100000 5461.23 128.439 12007 0.993545
1404200000 5461.22 123.56 12018 0.993915
1404300000 5461.22 126.925 12010.4 0.993586
1404400000 5461.23 122.762 12019.8 0.993957
1404500000 5461.23 124.647 12015.5 0.993848
1404600000 5461.23 123.418 12018.3 0.99392
1404700000 5461.22 131.845 11999.3 0.993289
1404800000 5461.23 123.732 12017.6 0.993906
1404900000 5461.22 125.498 12013.6 0.993737
1405000000 5461.23 129.17 12005.3 0.993464
1405100000 5461.23 126.449 12011.5 0.993704
1405200000 5461.23 123.599 12017.9 0.993866
1405300000 5461.23 130.607 12002.1 0.993386
1405400000 5461.24 122.279 12020.9 0.993965
1405500000 5461.22 123.171 12018.8 0.993948
1405600000 5461.22 124.688 12015.4 0.993852
1405700000 5461.23 129.947 12003.6 0.993429
1405800000 5461.21 127.051 12010.1 0.993693
1405900000 5461.22 127.469 12009.2 0.993647
1406000000 5461.22 123.759 12017.5 0.99387
1406100000 5461.22 128.919 12005.9 0.993519
1406200000 5461.23 127.061 12010.1 0.993636
1406300000 5461.22 124.445 12016 0.993834
1406400000 5461.23 123.234 12018.7 0.993941
1406500000 5461.23 135.879 11990.2 0.998836
1406600000 5461.21 129.288 12005 0.993488
1406700000 5461.23 124.827 12015.1 0.993803
1406800000 5461.23 127.865 12008.3 0.993552
1406900000 5461.23 127.381 12009.4 0.993636
1407000000 5461.23 124.308 12016.3 0.99388
1407100000 5461.22 127.761 12008.5 0.994053
1407200000 5461.24 126.556 12011.2 0.993658
1407300000 5461.22 130.397 12002.6 0.993454
1407400000 5461.22 127.449 12009.2 0.993692
1407500000 5461.23 127.84 12008.3 0.993538
1407600000 5461.23 125.304 12014 0.993814
1407700000 5461.22 123.684 12017.7 0.993953
1407800000 5461.2 131.628 11999.7 0.993318
1407900000 5461.23 124.647 12015.5 0.993827
1408000000 5461.22 125.253 12014.1 0.993827
1408100000 5461.21 127.183 12009.8 0.993652
1408200000 5461.23 123.611 12017.9 0.993886
1408300000 5461.21 129.01 12005.6 0.993549
1408400000 5461.22 127.959 12008 0.993641
1408500000 5461.22 121.354 12022.9 0.994094
1408600000 5461.24 126.421 12011.5 0.993643
1408700000 5461.21 126.478 12011.4 0.993697
1408800000 5461.22 132.155 11998.6 0.993271
1408900000 5461.22 129.567 12004.4 0.993465
1409000000 5461.22 127.451 12009.2 0.993656
1409100000 5461.24 125.788 12013 0.993729
1409200000 5461.22 125.544 12013.5 0.99379
1409300000 5461.22 126.116 12012.2 0.99375
1409400000 5461.24 127.54 12009 0.993601
1409500000 5461.22 128.385 12007.1 0.993598
1409600000 5461.23 130.89 12001.5 0.99334
1409700000 5461.22 128.176 12007.6 0.993502
1409800000 5461.22 127.898 12008.2 0.993652
1409900000 5461.22 123.261 12018.6 0.993967
1410000000 5461.22 125.912 12012.7 0.993787
1410100000 5461.22 127.08 12010 0.993675
1410200000 5461.23 123.06 12019.1 0.993885
1410300000 5461.24 124.789 12015.2 0.993856
1410400000 5461.23 124.359 12016.2 0.993803
1410500000 5461.22 129.765 12004 0.993405
1410600000 5461.22 123.902 12017.2 0.993853
1410700000 5461.23 124.547 12015.8 0.993837
1410800000 5461.21 130.839 12001.5 0.993388
1410900000 5461.23 130.374 12002.6 0.993412
1411000000 5461.22 122.249 12020.9 0.994011
1411100000 5461.24 122.611 12020.1 0.993996
1411200000 5461.22 125.77 12013 0.993753
1411300000 5461.21 126.136 12012.1 0.993767
1411400000 5461.22 128.046 12007.8 0.993616
1411500000 5461.23 124.015 12017 0.993872
1411600000 5461.21 127.621 12008.8 0.993637
1411700000 5461.23 127.459 12009.2 0.99366
1411800000 5461.22 125.724 12013.1 0.993794
1411900000 5461.23 124.486 12015.9 0.993823
1412000000 5461.22 126.828 12010.6 0.993651
1412100000 5461.22 128.23 12007.4 0.993554
1412200000 5461.21 135.427 11991.2 0.992966
1412300000 5461.23 124.747 12015.3 0.993814
1412400000 5461.23 123.933 12017.1 0.993851
1412500000 5461.22 126.348 12011.7 0.993749
1412600000 5461.23 126.16 12012.1 0.993658
1412700000 5461.23 125.008 12014.7 0.993781
1412800000 5461.24 126.177 12012.1 0.993732
1412900000 5461.22 130.143 12003.1 0.993468
1413000000 5461.24 124.924 12014.9 0.9938
1413100000 5461.22 125.591 12013.4 0.993769
1413200000 5461.23 124.29 12016.3 0.993853
1413300000 5461.22 126.361 12011.6 0.993721
1413400000 5461.23 127.201 12009.8 0.993671
1413500000 5461.23 127.743 12008.5 0.993592
1413600000 5461.23 126.573 12011.2 0.993679
1413700000 5461.22 124.291 12016.3 0.993846
1413800000 5461.23 121.844 12021.8 0.994018
1413900000 5461.23 120.129 12025.7 0.994162
1414000000 5461.23 123.364 12018.4 0.993929
1414100000 5461.23 127.546 12009 0.993612
1414200000 5461.21 131.064 12001 0.993392
1414300000 5461.22 124.56 12015.7 0.993845
1414400000 5461.22 124.168 12016.6 0.993868
1414500000 5461.22 128.518 12006.8 0.993563
1414600000 5461.22 123.209 12018.7 0.993935
1414700000 5461.22 125.383 12013.9 0.993809
1414800000 5461.23 123.676 12017.7 0.993858
1414900000 5461.21 127.406 12009.3 0.993691
1415000000 5461.22 128.143 12007.6 0.993615
1415100000 5461.22 125.358 12013.9 0.993817
1415200000 5461.22 124.212 12016.5 0.993904
1415300000 5461.22 126.152 12012.1 0.993747
1415400000 5461.22 126.075 12012.3 0.993697
1415500000 5461.22 126.942 12010.3 0.993695
1415600000 5461.22 123.668 12017.7 0.993914
1415700000 5461.23 120.676 12024.5 0.994127
1415800000 5461.22 125.763 12013 0.993716
1415900000 5461.22 126.96 12010.3 0.993729
1416000000 5461.2 134.956 11992.3 0.99303
1416100000 5461.23 123.769 12017.5 0.99389
1416200000 5461.22 131.882 11999.2 0.993277
1416300000 5461.22 125.513 12013.6 0.993785
1416400000 5461.22 127.773 12008.5 0.993609
1416500000 5461.24 124.108 12016.8 0.994016
1416600000 5461.22 129.903 12003.7 0.99345
1416700000 5461.21 130.161 12003.1 0.993486
1416800000 5461.24 122.82 12019.7 0.993963
1416900000 5461.22 131.482 12000.1 0.993365
1417000000 5461.23 124.701 12015.4 0.993826
1417100000 5461.23 121.892 12021.7 0.993983
1417200000 5461.21 127.956 12008 0.993566
1417300000 5461.22 125.486 12013.6 0.993766
1417400000 5461.24 122.34 12020.7 0.994009
1417500000 5461.22 125.9 12012.7 0.993755
1417600000 5461.23 129.059 12005.6 0.993461
1417700000 5461.22 128.552 12006.7 0.993631
1417800000 5461.23 127.372 12009.4 0.993576
1417900000 5461.23 126.611 12011.1 0.993653
1418000000 5461.22 126.475 12011.4 0.99371
1418100000 5461.23 123.425 12018.3 0.99391
1418200000 5461.24 123.16 12018.9 0.993917
1418300000 5461.23 134.215 11994 0.993073
1418400000 5461.22 122.131 12021.2 0.994003
1418500000 5461.22 126.925 12010.4 0.993713
1418600000 5461.23 123.576 12017.9 0.993928
1418700000 5461.23 133.59 11995.4 0.993171
1418800000 5461.22 127.391 12009.3 0.993642
1418900000 5461.23 124.736 12015.3 0.993831
1419000000 5461.22 123.19 12018.8 0.993928
1419100000 5461.21 130.007 12003.4 0.99339
1419200000 5461.22 127.606 12008.8 0.993678
1419300000 5461.22 126.505 12011.3 0.993741
1419400000 5461.23 124.3 12016.3 0.993846
1419500000 5461.23 125.716 12013.1 0.993746
1419600000 5461.23 126.48 12011.4 0.993733
1419700000 5461.23 126.487 12011.4 0.993717
1419800000 5461.21 130.676 12001.9 0.993417
1419900000 5461.22 124.635 12015.5 0.993847
1420000000 5461.22 126.528 12011.3 0.993685
1420100000 5461.22 128.617 12006.6 0.993509
1420200000 5461.23 125.873 12012.8 0.993702
1420300000 5461.22 124.38 12016.1 0.993875
1420400000 5461.22 124.121 12016.7 0.993851
1420500000 5461.21 126.46 12011.4 0.99374
1420600000 5461.22 130.23 12002.9 0.993465
1420700000 5461.22 124.233 12016.4 0.993924
1420800000 5461.22 125.536 12013.5 0.99377
1420900000 5461.23 124.402 12016.1 0.993899
1421000000 5461.22 130.175 12003 0.993416
1421100000 5461.21 129.94 12003.6 0.99348
1421200000 5461.23 126.18 12012.1 0.993736
1421300000 5461.22 127.691 12008.6 0.993661
1421400000 5461.21 129.31 12005 0.993559
1421500000 5461.22 125.177 12014.3 0.993764
1421600000 5461.22 128.758 12006.2 0.993545
1421700000 5461.25 127.297 12009.6 0.993584
1421800000 5461.23 127.757 12008.5 0.993579
1421900000 5461.22 125.909 12012.7 0.993764
1422000000 5461.22 128.22 12007.5 0.993588
1422100000 5461.23 124.754 12015.3 0.993811
1422200000 5461.22 125.849 12012.8 0.993794
1422300000 5461.22 127.598 12008.9 0.993644
1422400000 5461.22 127.97 12008 0.993533
1422500000 5461.21 131.789 11999.4 0.993328
1422600000 5461.23 122.83 12019.6 0.993932
1422700000 5461.22 126.561 12011.2 0.993696
1422800000 5461.22 129.149 12005.4 0.993501
1422900000 5461.23 127.805 12008.4 0.993577
1423000000 5461.22 124.792 12015.2 0.993824
1423100000 5461.23 124.165 12016.6 0.993858
1423200000 5461.23 123.614 12017.9 0.993843
1423300000 5461.23 126.235 12011.9 0.993749
1423400000 5461.23 124.662 12015.5 0.993849
1423500000 5461.22 128.388 12007.1 0.993556
1423600000 5461.22 127.022 12010.2 0.993638
1423700000 5461.22 125.798 12012.9 0.993783
1423800000 5461.23 125.712 12013.1 0.993752
1423900000 5461.22 127.371 12009.4 0.993701
1424000000 5461.21 126.686 12010.9 0.993747
1424100000 5461.23 130.961 12001.3 0.993437
1424200000 5461.21 127.224 12009.7 0.993699
1424300000 5461.23 123.746 12017.5 0.993903
1424400000 5461.22 127.734 12008.5 0.993638
1424500000 5461.23 121.702 12022.1 0.994523
1424600000 5461.23 125.254 12014.2 0.993733
1424700000 5461.22 128.975 12005.8 0.993549
1424800000 5461.24 121.52 12022.6 0.994012
1424900000 5461.23 123.298 12018.6 0.993912
1425000000 5461.21 127.264 12009.6 0.993671
1425100000 5461.23 124.643 12015.5 0.994356
1425200000 5461.23 122.91 12019.4 0.993921
1425300000 5461.22 125.121 12014.4 0.993809
1425400000 5461.24 127.404 12009.3 0.993562
1425500000 5461.23 124.94 12014.9 0.993832
1425600000 5461.22 125.366 12013.9 0.993795
1425700000 5461.23 128.283 12007.3 0.99356
1425800000 5461.23 124.403 12016.1 0.99381
1425900000 5461.23 125.117 12014.5 0.993782
1426000000 5461.23 123.368 12018.4 0.993914
1426100000 5461.22 124.142 12016.6 0.993843
1426200000 5461.22 126.24 12011.9 0.993692
1426300000 5461.22 130.243 12002.9 0.993392
1426400000 5461.22 127.498 12009.1 0.99365
1426500000 5461.24 124.524 12015.8 0.993829
1426600000 5461.24 126.25 12011.9 0.993749
1426700000 5461.22 127.821 12008.4 0.993582
1426800000 5461.22 127.664 12008.7 0.993648
1426900000 5461.22 128.787 12006.2 0.993559
1427000000 5461.23 123.645 12017.8 0.99391
1427100000 5461.23 121.818 12021.9 0.994033
1427200000 5461.24 127.178 12009.8 0.993642
1427300000 5461.22 124.912 12014.9 0.993826
1427400000 5461.21 129.776 12003.9 0.993483
1427500000 5461.23 123.145 12018.9 0.993904
1427600000 5461.23 122.134 12021.2 0.994007
1427700000 5461.23 121.758 12022 0.994038
1427800000 5461.23 122.156 12021.1 0.994049
1427900000 5461.23 128.187 12007.6 0.993569
1428000000 5461.23 126.44 12011.5 0.994265
1428100000 5461.23 125.476 12013.7 0.993771
1428200000 5461.22 122.815 12019.6 0.993951
1428300000 5461.23 128.769 12006.3 0.993496
1428400000 5461.22 126.344 12011.7 0.99373
1428500000 5461.19 134.902 11992.3 0.993172
1428600000 5461.22 123.583 12017.9 0.993913
1428700000 5461.21 130.121 12003.2 0.993502
1428800000 5461.23 126.776 12010.7 0.993704
1428900000 5461.24 123.148 12018.9 0.993913
1429000000 5461.21 127.293 12009.5 0.993676
1429100000 5461.22 126.726 12010.8 0.993672
1429200000 5461.22 126.551 12011.2 0.993708
1429300000 5461.22 131.913 11999.1 0.993248
1429400000 5461.23 125.873 12012.8 0.993739
1429500000 5461.23 123.171 12018.8 0.993913
1429600000 5461.23 125.828 12012.9 0.993666
1429700000 5461.2 130.252 12002.8 0.993498
1429800000 5461.23 123.351 12018.4 0.993937
1429900000 5461.23 131.56 12000 0.993304
1430000000 5461.24 126.064 12012.4 0.993714
1430100000 5461.22 124.941 12014.8 0.993825
1430200000 5461.22 127.285 12009.6 0.993531
1430300000 5461.22 125.005 12014.7 0.993805
1430400000 5461.22 126.986 12010.2 0.99366
1430500000 5461.24 121.595 12022.4 0.994011
1430600000 5461.22 122.953 12019.3 0.993939
1430700000 5461.23 126.419 12011.5 0.993674
1430800000 5461.22 125.544 12013.5 0.993799
1430900000 5461.22 126.107 12012.2 0.993759
1431000000 5461.22 123.605 12017.8 0.993902
1431100000 5461.22 130.678 12001.9 0.993421
1431200000 5461.2 127.643 12008.7 0.993623
1431300000 5461.22 128.944 12005.8 0.993492
1431400000 5461.23 127.417 12009.3 0.99361
1431500000 5461.23 125.013 12014.7 0.993841
1431600000 5461.23 122.858 12019.6 0.993953
1431700000 5461.23 123.26 12018.6 0.993935
1431800000 5461.22 125.098 12014.5 0.993812
1431900000 5461.22 122.941 12019.3 0.993935
1432000000 5461.22 125.106 12014.5 0.993826
1432100000 5461.22 125.203 12014.3 0.993814
1432200000 5461.23 123.511 12018.1 0.993892
1432300000 5461.22 122.9 12019.4 0.993938
1432400000 5461.21 128.712 12006.3 0.993588
1432500000 5461.23 124.24 12016.4 0.99386
1432600000 5461.23 122.544 12020.3 0.994
1432700000 5461.24 127.352 12009.4 0.993587
1432800000 5461.22 127.937 12008.1 0.993657
1432900000 5461.23 127.275 12009.6 0.993613
1433000000 5461.22 129.14 12005.4 0.99341
1433100000 5461.23 129.626 12004.3 0.993459
1433200000 5461.23 121.885 12021.7 0.994039
1433300000 5461.22 125.603 12013.4 0.99373
1433400000 5461.24 121.615 12022.4 0.994016
1433500000 5461.22 122.636 12020 0.993987
1433600000 5461.21 132.543 11997.7 0.993419
1433700000 5461.22 130.471 12002.4 0.993428
1433800000 5461.22 127.324 12009.5 0.993753
1433900000 5461.23 124.171 12016.6 0.993861
1434000000 5461.23 130.747 12001.8 0.993317
1434100000 5461.21 130.997 12001.2 0.993383
1434200000 5461.23 128.156 12007.6 0.993565
1434300000 5461.23 124.261 12016.4 0.993856
1434400000 5461.22 126.29 12011.8 0.993706
1434500000 5461.23 125.822 12012.9 0.993767
1434600000 5461.21 125.707 12013.1 0.993842
1434700000 5461.23 123.976 12017 0.993872
1434800000 5461.22 125.227 12014.2 0.993799
1434900000 5461.23 124.943 12014.9 0.993776
1435000000 5461.22 127.071 12010.1 0.993701
1435100000 5461.2 132.02 11998.9 0.993397
1435200000 5461.24 120.297 12025.3 0.994105
1435300000 5461.23 126.593 12011.1 0.993706
1435400000 5461.24 123.304 12018.6 0.993941
1435500000 5461.23 127.683 12008.7 0.993606
1435600000 5461.21 129.353 12004.9 0.993523
1435700000 5461.23 127.548 12009 0.993579
1435800000 5461.23 125.355 12013.9 0.993811
1435900000 5461.22 127.17 12009.8 0.993659
1436000000 5461.23 122.819 12019.6 0.993969
1436100000 5461.24 123.79 12017.5 0.993849
1436200000 5461.22 124.174 12016.6 0.993874
1436300000 5461.23 126.151 12012.1 0.993711
1436400000 5461.22 125.858 12012.8 0.993767
1436500000 5461.22 124.27 12016.4 0.993889
1436600000 5461.23 124.678 12015.5 0.993808
1436700000 5461.23 124.635 12015.5 0.993959
1436800000 5461.23 126.308 12011.8 0.993722
1436900000 5461.22 124.874 12015 0.993811
1437000000 5461.22 125.017 12014.7 0.993839
1437100000 5461.21 134.654 11992.9 0.993071
1437200000 5461.23 123.884 12017.2 0.993898
1437300000 5461.23 127.458 12009.2 0.99364
1437400000 5461.22 125.769 12013 0.99381
1437500000 5461.22 127.317 12009.5 0.993621
1437600000 5461.21 130.11 12003.2 0.993461
1437700000 5461.22 127.579 12008.9 0.993606
1437800000 5461.23 129.479 12004.6 0.993451
1437900000 5461.22 125.785 12012.9 0.993729
1438000000 5461.23 122.881 12019.5 0.993918
1438100000 5461.22 126.667 12010.9 0.993759
1438200000 5461.24 122.571 12020.2 0.99398
1438300000 5461.22 131.463 12000.2 0.993306
1438400000 5461.21 126.438 12011.5 0.993733
1438500000 5461.22 126.742 12010.8 0.9937
1438600000 5461.22 127.438 12009.2 0.99365
1438700000 5461.22 130.512 12002.3 0.993426
1438800000 5461.22 127.459 12009.2 0.993568
1438900000 5461.22 133.96 11994.5 0.99304
1439000000 5461.23 123.834 12017.4 0.993902
1439100000 5461.22 130.653 12002 0.99335
1439200000 5461.22 127.454 12009.2 0.993583
1439300000 5461.23 128.358 12007.2 0.993591
1439400000 5461.24 122.279 12020.9 0.993996
1439500000 5461.21 129.688 12004.1 0.993497
1439600000 5461.23 130.521 12002.3 0.993379
1439700000 5461.22 123.347 12018.4 0.993944
1439800000 5461.22 123.313 12018.5 0.993948
1439900000 5461.21 126.089 12012.2 0.993758
1440000000 5461.24 124.175 12016.6 0.993842
1440100000 5461.23 124.542 12015.8 0.993868
1440200000 5461.23 126.092 12012.3 0.993727
1440300000 5461.22 132.511 11997.8 0.993247
1440400000 5461.22 133.882 11994.7 0.993108
1440500000 5461.22 127.327 12009.5 0.993995
1440600000 5461.22 127.03 12010.1 0.993664
1440700000 5461.23 125.561 12013.5 0.993816
1440800000 5461.23 124.081 12016.8 0.993876
1440900000 5461.23 122.246 12020.9 0.993991
1441000000 5461.23 127.39 12009.3 0.993621
1441100000 5461.23 128.449 12007 0.993536
1441200000 5461.23 125.689 12013.2 0.993739
1441300000 5461.22 126.809 12010.6 0.99368
1441400000 5461.22 127.55 12009 0.993621
1441500000 5461.21 131.065 12001 0.993393
1441600000 5461.24 122.634 12020.1 0.994005
1441700000 5461.21 131.278 12000.6 0.9934
1441800000 5461.22 124.717 12015.3 0.993808
1441900000 5461.23 124.963 12014.8 0.993837
1442000000 5461.24 119.184 12027.8 0.99423
1442100000 5461.22 127.285 12009.6 0.99366
1442200000 5461.23 123.99 12017 0.993874
1442300000 5461.23 124.762 12015.3 0.993869
1442400000 5461.21 123.199 12018.7 0.993991
1442500000 5461.23 122.121 12021.2 0.993992
1442600000 5461.22 121.89 12021.7 0.994032
1442700000 5461.23 128.535 12006.8 0.993511
1442800000 5461.22 126.001 12012.5 0.99375
1442900000 5461.22 125.527 12013.5 0.993794
1443000000 5461.22 129.14 12005.4 0.993486
1443100000 5461.21 129.433 12004.7 0.993486
1443200000 5461.24 124.655 12015.5 0.993828
1443300000 5461.22 121.12 12023.4 0.994084
1443400000 5461.21 130.409 12002.5 0.993408
1443500000 5461.23 128.332 12007.2 0.993535
1443600000 5461.22 131.817 11999.4 0.993322
1443700000 5461.21 129.103 12005.5 0.993545
1443800000 5461.23 124.977 12014.8 0.993731
1443900000 5461.2 127.712 12008.5 0.993647
1444000000 5461.23 125.028 12014.7 0.993829
1444100000 5461.24 126.745 12010.8 0.993671
1444200000 5461.22 130.326 12002.7 0.994194
1444300000 5461.22 125.345 12013.9 0.993839
1444400000 5461.23 125.153 12014.4 0.993802
1444500000 5461.23 122.085 12021.3 0.99399
1444600000 5461.23 126.578 12011.2 0.993699
1444700000 5461.23 126.039 12012.4 0.993713
1444800000 5461.23 128.176 12007.6 0.993566
1444900000 5461.23 119.4 12027.3 0.994221
1445000000 5461.22 123.711 12017.6 0.993882
1445100000 5461.22 132.657 11997.5 0.993311
1445200000 5461.23 124.659 12015.5 0.993831
1445300000 5461.23 129.78 12004 0.993429
1445400000 5461.22 127.212 12009.7 0.993652
1445500000 5461.22 126.079 12012.3 0.993722
1445600000 5461.23 123.264 12018.6 0.993926
1445700000 5461.21 127.015 12010.2 0.993691
1445800000 5461.23 127.636 12008.8 0.993649
1445900000 5461.24 124.083 12016.8 0.993882
1446000000 5461.23 125.025 12014.7 0.993823
1446100000 5461.23 123.723 12017.6 0.993879
1446200000 5461.23 127.786 12008.5 0.993542
1446300000 5461.22 127.359 12009.4 0.993668
1446400000 5461.23 126.481 12011.4 0.993633
1446500000 5461.22 131.129 12000.9 0.99341
1446600000 5461.23 130.029 12003.4 0.993447
1446700000 5461.23 126.612 12011.1 0.993658
1446800000 5461.21 126.083 12012.3 0.993756
1446900000 5461.23 124.257 12016.4 0.993836
1447000000 5461.23 124.581 12015.7 0.993837
1447100000 5461.23 127.723 12008.6 0.993622
1447200000 5461.23 124.861 12015 0.993801
1447300000 5461.22 127.258 12009.6 0.993711
1447400000 5461.22 126.196 12012 0.993657
1447500000 5461.22 126.797 12010.7 0.993713
1447600000 5461.22 130.486 12002.4 0.993371
1447700000 5461.23 126.128 12012.2 0.993769
1447800000 5461.22 124.378 12016.1 0.993857
1447900000 5461.21 130.918 12001.4 0.993485
1448000000 5461.21 129.074 12005.5 0.993584
1448100000 5461.22 126.772 12010.7 0.993696
1448200000 5461.23 125.966 12012.5 0.993951
1448300000 5461.22 125.168 12014.3 0.993817
1448400000 5461.23 129.767 12004 0.99349
1448500000 5461.22 123.342 12018.4 0.993878
1448600000 5461.2 137.29 11987 0.992943
1448700000 5461.22 128.836 12006.1 0.993489
1448800000 5461.23 125.009 12014.7 0.993796
1448900000 5461.23 127.285 12009.6 0.993581
1449000000 5461.22 129.243 12005.2 0.993502
1449100000 5461.23 120.717 12024.4 0.99412
1449200000 5461.22 126.763 12010.7 0.993702
1449300000 5461.21 130.531 12002.2 0.993397
1449400000 5461.23 126.48 12011.4 0.99366
1449500000 5461.22 128.859 12006 0.993561
1449600000 5461.22 130.706 12001.9 0.993389
1449700000 5461.22 127.481 12009.1 0.993603
1449800000 5461.22 123.963 12017 0.993877
1449900000 5461.23 122.315 12020.8 0.994025
1450000000 5461.23 127.338 12009.5 0.99358
1450100000 5461.22 128.4 12007.1 0.993546
1450200000 5461.22 131.697 11999.6 0.993237
1450300000 5461.22 123.163 12018.8 0.99395
1450400000 5461.22 125.073 12014.5 0.993811
1450500000 5461.22 132.362 11998.1 0.993292
1450600000 5461.21 128.91 12005.9 0.993552
1450700000 5461.23 126.848 12010.6 0.993721
1450800000 5461.21 130.318 12002.7 0.993378
1450900000 5461.22 128.761 12006.2 0.993564
1451000000 5461.24 124.008 12017 0.993895
1451100000 5461.23 127.348 12009.4 0.993666
1451200000 5461.22 124.117 12016.7 0.993933
1451300000 5461.23 133.783 11995 0.993119
1451400000 5461.22 129.562 12004.4 0.993503
1451500000 5461.22 128.218 12007.5 0.993547
1451600000 5461.22 128.381 12007.1 0.993588
1451700000 5461.23 129.946 12003.6 0.993453
1451800000 5461.24 124.646 12015.5 0.993805
1451900000 5461.22 128.783 12006.2 0.993513
1452000000 5461.23 126.276 12011.9 0.993725
1452100000 5461.23 128.032 12007.9 0.993548
1452200000 5461.23 127.159 12009.9 0.993641
1452300000 5461.22 127.443 12009.2 0.993622
1452400000 5461.23 125.989 12012.5 0.993696
1452500000 5461.22 127.678 12008.7 0.993638
1452600000 5461.23 124.023 12016.9 0.99384
1452700000 5461.21 129.265 12005.1 0.993566
1452800000 5461.21 129.613 12004.3 0.993496
1452900000 5461.22 124.018 12016.9 0.993893
1453000000 5461.22 132.212 11998.5 0.993321
1453100000 5461.23 122.353 12020.7 0.993998
1453200000 5461.23 121.737 12022.1 0.994056
1453300000 5461.22 124.43 12016 0.993873
1453400000 5461.23 123.862 12017.3 0.993903
1453500000 5461.22 127.517 12009 0.993665
1453600000 5461.22 126.186 12012 0.993753
1453700000 5461.2 131.863 11999.2 0.99339
1453800000 5461.23 127.17 12009.8 0.993674
1453900000 5461.22 126.944 12010.3 0.993641
1454000000 5461.23 125.076 12014.6 0.993817
1454100000 5461.23 124.126 12016.7 0.993856
1454200000 5461.22 129.503 12004.6 0.993487
1454300000 5461.22 124.365 12016.1 0.993859
1454400000 5461.23 123.216 12018.8 0.993941
1454500000 5461.21 126.486 12011.3 0.993707
1454600000 5461.22 130.962 12001.3 0.993328
1454700000 5461.22 126.517 12011.3 0.993725
1454800000 5461.24 127.553 12009 0.993608
1454900000 5461.23 124.054 12016.9 0.993879
1455000000 5461.22 127.863 12008.3 0.993605
1455100000 5461.22 125.827 12012.8 0.993751
1455200000 5461.22 123.769 12017.5 0.993922
1455300000 5461.22 126.828 12010.6 0.993681
1455400000 5461.23 120.794 12024.2 0.99408
1455500000 5461.23 123.098 12019 0.993973
1455600000 5461.22 127.786 12008.4 0.993631
1455700000 5461.23 125.681 12013.2 0.993743
1455800000 5461.23 127.742 12008.5 0.993524
1455900000 5461.22 126.893 12010.5 0.993622
1456000000 5461.23 124.816 12015.1 0.993829
1456100000 5461.22 130.236 12002.9 0.99344
1456200000 5461.22 126.702 12010.9 0.993666
1456300000 5461.24 125.959 12012.6 0.993687
1456400000 5461.24 125.19 12014.3 0.99376
1456500000 5461.22 122.982 12019.2 0.993964
1456600000 5461.23 126.769 12010.7 0.993654
1456700000 5461.23 121.77 12022 0.993994
1456800000 5461.22 129.028 12005.6 0.993527
1456900000 5461.23 123.593 12017.9 0.994452
1457000000 5461.22 130.114 12003.2 0.993485
1457100000 5461.21 127.599 12008.8 0.993619
1457200000 5461.23 124.933 12014.9 0.993798
1457300000 5461.23 132.927 11996.9 0.993197
1457400000 5461.22 128.341 12007.2 0.993578
1457500000 5461.24 127.38 12009.4 0.993619
1457600000 5461.21 129.726 12004 0.993539
1457700000 5461.23 125.125 12014.5 0.993746
1457800000 5461.21 128.866 12006 0.993614
1457900000 5461.22 126.494 12011.3 0.993807
1458000000 5461.22 125.171 12014.3 0.993786
1458100000 5461.23 125.541 12013.5 0.993742
1458200000 5461.22 130.698 12001.9 0.993383
1458300000 5461.23 123.399 12018.3 0.993942
1458400000 5461.22 125.304 12014 0.993728
1458500000 5461.23 121.614 12022.4 0.99407
1458600000 5461.22 127.388 12009.3 0.993643
1458700000 5461.23 127.167 12009.8 0.993651
1458800000 5461.24 127.172 12009.9 0.99363
1458900000 5461.24 128.45 12007 0.993564
1459000000 5461.23 124.402 12016.1 0.993854
1459100000 5461.22 129.665 12004.2 0.993444
1459200000 5461.22 129.655 12004.2 0.99346
1459300000 5461.21 131.614 11999.8 0.993349
1459400000 5461.23 123.298 12018.6 0.993877
1459500000 5461.22 129.41 12004.8 0.993457
1459600000 5461.23 128.185 12007.6 0.993524
1459700000 5461.23 126.569 12011.2 0.993703
1459800000 5461.22 129.309 12005 0.993404
1459900000 5461.23 120.757 12024.3 0.994095
1460000000 5461.22 127.892 12008.2 0.993674
1460100000 5461.23 129.775 12004 0.99343
1460200000 5461.23 123.703 12017.6 0.993899
1460300000 5461.22 122.676 12019.9 0.993985
1460400000 5461.22 125.59 12013.4 0.993784
1460500000 5461.22 132.418 11998 0.993203
1460600000 5461.21 128.405 12007 0.993644
1460700000 5461.22 126.423 12011.5 0.993714
1460800000 5461.21 126.846 12010.5 0.993719
1460900000 5461.22 125.175 12014.3 0.993827
1461000000 5461.24 120.856 12024.1 0.994073
1461100000 5461.23 125.859 12012.8 0.993718
1461200000 5461.23 131.043 12001.1 0.993339
1461300000 5461.22 127.993 12008 0.993619
1461400000 5461.21 132.14 11998.6 0.993228
1461500000 5461.22 122.724 12019.8 0.993971
1461600000 5461.23 128.594 12006.6 0.993565
1461700000 5461.23 124.671 12015.5 0.993826
1461800000 5461.21 125.974 12012.5 0.993767
1461900000 5461.23 125.091 12014.5 0.993817
1462000000 5461.23 129.877 12003.7 0.993455
1462100000 5461.23 122.843 12019.6 0.993916
1462200000 5461.23 128.497 12006.9 0.993539
1462300000 5461.22 126.505 12011.3 0.993727
1462400000 5461.22 124.625 12015.6 0.993826
1462500000 5461.22 123.826 12017.4 0.993901
1462600000 5461.22 123.607 12017.9 0.993892
1462700000 5461.23 126.547 12011.2 0.993673
1462800000 5461.24 123.418 12018.3 0.993927
1462900000 5461.24 121.608 12022.4 0.994058
1463000000 5461.22 127.641 12008.7 0.993623
1463100000 5461.23 128.918 12005.9 0.993606
1463200000 5461.21 128.406 12007 0.993582
1463300000 5461.22 124.693 12015.4 0.993795
1463400000 5461.22 124.853 12015 0.993829
1463500000 5461.23 123.758 12017.5 0.99387
1463600000 5461.22 131.411 12000.3 0.993328
1463700000 5461.21 127.665 12008.7 0.993595
1463800000 5461.22 128.732 12006.3 0.993594
1463900000 5461.23 123.809 12017.4 0.993836
1464000000 5461.22 129.076 12005.5 0.99352
1464100000 5461.24 123.841 12017.4 0.993903
1464200000 5461.22 126.435 12011.5 0.993697
1464300000 5461.22 127.73 12008.6 0.993874
1464400000 5461.22 126.809 12010.6 0.993677
1464500000 5461.22 128.886 12005.9 0.993497
1464600000 5461.23 125.072 12014.6 0.993841
1464700000 5461.22 120.827 12024.1 0.99412
1464800000 5461.22 129.069 12005.5 0.993556
1464900000 5461.24 123.764 12017.5 0.993867
1465000000 5461.24 126.615 12011.1 0.993686
1465100000 5461.22 123.172 12018.8 0.993944
1465200000 5461.22 125.223 12014.2 0.993772
1465300000 5461.24 121.7 12022.2 0.994034
1465400000 5461.23 128.133 12007.7 0.994829
1465500000 5461.23 124.663 12015.5 0.993832
1465600000 5461.22 127.765 12008.5 0.993639
1465700000 5461.23 124.304 12016.3 0.993851
1465800000 5461.22 128.381 12007.1 0.993614
1465900000 5461.22 122.438 12020.5 0.994025
1466000000 5461.22 130.639 12002 0.993377
1466100000 5461.22 128.265 12007.4 0.993514
1466200000 5461.22 123.31 12018.5 0.993913
1466300000 5461.22 126.822 12010.6 0.993652
1466400000 5461.23 124.876 12015 0.993884
1466500000 5461.22 125.916 12012.7 0.99371
1466600000 5461.22 124.14 12016.7 0.993847
1466700000 5461.23 127.832 12008.4 0.993568
1466800000 5461.23 124.674 12015.5 0.993795
1466900000 5461.22 125.694 12013.1 0.993764
1467000000 5461.22 126.138 12012.2 0.993768
1467100000 5461.23 129.934 12003.6 0.993438
1467200000 5461.24 123.616 12017.9 0.993913
1467300000 5461.23 132.044 11998.9 0.993263
1467400000 5461.23 128.367 12007.2 0.993503
1467500000 5461.23 127.575 12008.9 0.993658
1467600000 5461.23 123.274 12018.6 0.993894
1467700000 5461.21 130.098 12003.2 0.993368
1467800000 5461.23 125.535 12013.5 0.99375
1467900000 5461.22 126.868 12010.5 0.993697
1468000000 5461.24 129.045 12005.6 0.993462
1468100000 5461.22 126.461 12011.4 0.993756
1468200000 5461.23 123.549 12018 0.99389
1468300000 5461.21 131.535 12000 0.993399
1468400000 5461.22 126.739 12010.8 0.993702
1468500000 5461.22 124.445 12016 0.993863
1468600000 5461.22 131.273 12000.6 0.993331
1468700000 5461.25 123.123 12019 0.993908
1468800000 5461.22 130.918 12001.4 0.993359
1468900000 5461.23 123.446 12018.2 0.993931
1469000000 5461.23 124.195 12016.5 0.993904
1469100000 5461.23 123.004 12019.2 0.993972
1469200000 5461.23 124.754 12015.3 0.99383
1469300000 5461.22 128.168 12007.6 0.993629
1469400000 5461.22 125.694 12013.1 0.993739
1469500000 5461.22 133.565 11995.4 0.993201
1469600000 5461.23 123.219 12018.7 0.993914
1469700000 5461.23 128.392 12007.1 0.993569
1469800000 5461.22 143.176 11973.8 0.992303
1469900000 5461.23 123.335 12018.5 0.993904
1470000000 5461.22 130.247 12002.9 0.993388
1470100000 5461.22 130.532 12002.3 0.993305
1470200000 5461.24 122.476 12020.4 0.993975
1470300000 5461.23 130.723 12001.8 0.993364
1470400000 5461.23 124.263 12016.4 0.993848
1470500000 5461.23 129.776 12004 0.993394
1470600000 5461.24 126.324 12011.8 0.9937
1470700000 5461.24 126.903 12010.5 0.993609
1470800000 5461.23 128.121 12007.7 0.993594
1470900000 5461.23 126.576 12011.2 0.993682
1471000000 5461.23 125.886 12012.7 0.993723
1471100000 5461.23 124.829 12015.1 0.993806
1471200000 5461.22 133.362 11995.9 0.9931
1471300000 5461.24 126.027 12012.4 0.993725
1471400000 5461.23 128.055 12007.8 0.993567
1471500000 5461.23 125.198 12014.3 0.993754
1471600000 5461.23 126.844 12010.6 0.993692
1471700000 5461.21 129.306 12005 0.993546
1471800000 5461.21 128.308 12007.2 0.993626
1471900000 5461.23 125.588 12013.4 0.99375
1472000000 5461.22 124.312 12016.3 0.993852
1472100000 5461.23 125.655 12013.2 0.993745
1472200000 5461.21 128.78 12006.2 0.993553
1472300000 5461.23 123.627 12017.8 0.993904
1472400000 5461.24 122.724 12019.9 0.993961
1472500000 5461.22 124.919 12014.9 0.993809
1472600000 5461.21 125.507 12013.6 0.993776
1472700000 5461.22 127.182 12009.8 0.993696
1472800000 5461.23 123.141 12018.9 0.993902
1472900000 5461.22 129.176 12005.3 0.993486
1473000000 5461.22 126.672 12010.9 0.993673
1473100000 5461.22 130.72 12001.8 0.993399
1473200000 5461.23 123.88 12017.3 0.993914
1473300000 5461.24 124.461 12016 0.99388
1473400000 5461.21 126.165 12012.1 0.993765
1473500000 5461.23 124.073 12016.8 0.993888
1473600000 5461.21 134.2 11994 0.993112
1473700000 5461.21 136.034 11989.8 0.992969
1473800000 5461.21 132.743 11997.3 0.993237
1473900000 5461.23 125.439 12013.7 0.993723
1474000000 5461.23 125.507 12013.6 0.993757
1474100000 5461.23 126.339 12011.7 0.993708
1474200000 5461.23 128.365 12007.2 0.99356
1474300000 5461.22 128.744 12006.3 0.993525
1474400000 5461.22 126.529 12011.3 0.993698
1474500000 5461.22 127.685 12008.7 0.993597
1474600000 5461.22 122.993 12019.2 0.993963
1474700000 5461.22 125.704 12013.1 0.993735
1474800000 5461.22 130.022 12003.4 0.993446
1474900000 5461.23 125.729 12013.1 0.993786
1475000000 5461.23 124.112 12016.7 0.99387
1475100000 5461.21 127.634 12008.8 0.993625
1475200000 5461.22 127.103 12010 0.993653
1475300000 5461.22 127.488 12009.1 0.99367
1475400000 5461.24 130.592 12002.2 0.993314
1475500000 5461.22 127.008 12010.2 0.993692
1475600000 5461.24 124.811 12015.2 0.993797
1475700000 5461.22 127.577 12008.9 0.993676
1475800000 5461.23 128.162 12007.6 0.993558
1475900000 5461.22 126.561 12011.2 0.993684
1476000000 5461.23 121.967 12021.6 0.994025
1476100000 5461.23 127.78 12008.5 0.993615
1476200000 5461.23 130.837 12001.6 0.993349
1476300000 5461.22 127.492 12009.1 0.993655
1476400000 5461.22 125.995 12012.5 0.9938
1476500000 5461.23 128.864 12006 0.993456
1476600000 5461.22 124.155 12016.6 0.993886
1476700000 5461.23 121.532 12022.5 0.99414
1476800000 5461.22 128.063 12007.8 0.993639
1476900000 5461.22 125.484 12013.6 0.993774
1477000000 5461.21 128.317 12007.2 0.993575
1477100000 5461.22 129.696 12004.1 0.99342
1477200000 5461.25 125.1 12014.5 0.993731
1477300000 5461.23 124.683 12015.4 0.993833
1477400000 5461.23 124.693 12015.4 0.993857
1477500000 5461.24 123.077 12019.1 0.993915
1477600000 5461.22 126.643 12011 0.993698
1477700000 5461.22 126.312 12011.8 0.994172
1477800000 5461.22 127.25 12009.6 0.993635
1477900000 5461.21 130.937 12001.3 0.993421
1478000000 5461.22 123.569 12017.9 0.993932
1478100000 5461.23 125.602 12013.4 0.993722
1478200000 5461.24 126.081 12012.3 0.993722
1478300000 5461.23 128.415 12007 0.993493
1478400000 5461.22 126.727 12010.8 0.993727
1478500000 5461.23 123.704 12017.6 0.993894
1478600000 5461.23 128.167 12007.6 0.993601
1478700000 5461.22 128.324 12007.2 0.993598
1478800000 5461.21 126.924 12010.4 0.993611
1478900000 5461.22 125.576 12013.4 0.993744
1479000000 5461.22 127.199 12009.8 0.993643
1479100000 5461.23 125.688 12013.2 0.993728
1479200000 5461.25 122.732 12019.9 0.99396
1479300000 5461.22 127.453 12009.2 0.993625
1479400000 5461.24 125.28 12014.1 0.993761
1479500000 5461.23 123.932 12017.1 0.993891
1479600000 5461.23 123.725 12017.6 0.993893
1479700000 5461.23 121.645 12022.3 0.994038
1479800000 5461.22 125.288 12014.1 0.993786
1479900000 5461.23 122.753 12019.8 0.994004
1480000000 5461.21 131.326 12000.4 0.993382
1480100000 5461.23 125.264 12014.1 0.993769
1480200000 5461.22 122.481 12020.4 0.994014
1480300000 5461.23 125.314 12014 0.993838
1480400000 5461.21 130.04 12003.3 0.99349
1480500000 5461.23 125.686 12013.2 0.993755
1480600000 5461.23 122.45 12020.5 0.994003
1480700000 5461.23 125.938 12012.6 0.993772
1480800000 5461.24 123.59 12017.9 0.993904
1480900000 5461.22 124.69 12015.4 0.993855
1481000000 5461.23 121.336 12023 0.994066
1481100000 5461.21 129.568 12004.4 0.993542
1481200000 5461.23 127.497 12009.1 0.993615
1481300000 5461.22 123.928 12017.1 0.99391
1481400000 5461.24 128.112 12007.7 0.993528
1481500000 5461.23 129.302 12005 0.993452
1481600000 5461.23 123.461 12018.2 0.993918
1481700000 5461.24 124.156 12016.6 0.993855
1481800000 5461.23 124.954 12014.8 0.993808
1481900000 5461.23 123.3 12018.6 0.993941
1482000000 5461.22 124.258 12016.4 0.993874
1482100000 5461.24 120.844 12024.1 0.994086
1482200000 5461.22 123.758 12017.5 0.993896
1482300000 5461.22 131.326 12000.5 0.993383
1482400000 5461.24 125.461 12013.7 0.993767
1482500000 5461.22 126.779 12010.7 0.993668
1482600000 5461.24 123.555 12018 0.993882
1482700000 5461.22 130.492 12002.3 0.993409
1482800000 5461.23 123.758 12017.5 0.993871
1482900000 5461.22 124.366 12016.1 0.993825
1483000000 5461.24 123.869 12017.3 0.993881
1483100000 5461.23 127.493 12009.1 0.993653
1483200000 5461.22 125.518 12013.5 0.993742
1483300000 5461.22 126.37 12011.6 0.993728
1483400000 5461.23 127.496 12009.1 0.993567
1483500000 5461.22 122.475 12020.4 0.994034
1483600000 5461.21 129.736 12004 0.99345
1483700000 5461.23 124.761 12015.3 0.993795
1483800000 5461.22 126.66 12011 0.993704
1483900000 5461.21 126.293 12011.8 0.993757
1484000000 5461.22 127.51 12009.1 0.993665
1484100000 5461.22 124.113 12016.7 0.993894
1484200000 5461.21 127.693 12008.6 0.993622
1484300000 5461.22 127.415 12009.3 0.993589
1484400000 5461.22 124.478 12015.9 0.993811
1484500000 5461.23 123.957 12017.1 0.994094
1484600000 5461.23 122.836 12019.6 0.993954
1484700000 5461.23 132.234 11998.4 0.99329
1484800000 5461.24 124.09 12016.8 0.993847
1484900000 5461.23 124.078 12016.8 0.993877
1485000000 5461.23 124.144 12016.7 0.993872
1485100000 5461.23 125.032 12014.7 0.993802
1485200000 5461.22 127.283 12009.6 0.993647
1485300000 5461.23 124.969 12014.8 0.993814
1485400000 5461.22 123.212 12018.7 0.993943
1485500000 5461.23 120.334 12025.2 0.994153
1485600000 5461.22 127.455 12009.2 0.993639
1485700000 5461.23 127.416 12009.3 0.993599
1485800000 5461.23 126.835 12010.6 0.993704
1485900000 5461.22 125.004 12014.7 0.993814
1486000000 5461.22 133.048 11996.6 0.993207
1486100000 5461.22 126.694 12010.9 0.993717
1486200000 5461.22 127.989 12008 0.993657
1486300000 5461.22 124.466 12015.9 0.993867
1486400000 5461.21 125.899 12012.7 0.993783
1486500000 5461.23 126.042 12012.4 0.993712
1486600000 5461.22 121.912 12021.7 0.993999
1486700000 5461.2 130.943 12001.3 0.993383
1486800000 5461.22 125.64 12013.3 0.993733
1486900000 5461.23 129.822 12003.9 0.993426
1487000000 5461.23 124.776 12015.2 0.993762
1487100000 5461.22 124.825 12015.1 0.993836
1487200000 5461.22 125.817 12012.9 0.993802
1487300000 5461.23 125 12014.7 0.993781
1487400000 5461.22 124.16 12016.6 0.993859
1487500000 5461.23 121.541 12022.5 0.994091
1487600000 5461.22 125.963 12012.5 0.993756
1487700000 5461.23 128.048 12007.9 0.993584
1487800000 5461.22 125.374 12013.9 0.993746
1487900000 5461.23 126.825 12010.6 0.993645
1488000000 5461.23 125.407 12013.8 0.993749
1488100000 5461.21 130.481 12002.4 0.993358
1488200000 5461.22 132.134 11998.6 0.993254
1488300000 5461.22 124.558 12015.7 0.993854
1488400000 5461.22 129.451 12004.7 0.993494
1488500000 5461.22 127.961 12008 0.993585
1488600000 5461.22 121.205 12023.2 0.994067
1488700000 5461.23 126.29 12011.8 0.993699
1488800000 5461.22 132.367 11998.1 0.993279
1488900000 5461.22 125.333 12013.9 0.993771
1489000000 5461.23 124.696 12015.4 0.993806
1489100000 5461.22 130.818 12001.6 0.993416
1489200000 5461.23 124.686 12015.4 0.993842
1489300000 5461.21 133.063 11996.5 0.993272
1489400000 5461.23 127.428 12009.3 0.993648
1489500000 5461.23 122.877 12019.5 0.99395
1489600000 5461.23 127.507 12009.1 0.993639
1489700000 5461.23 125.883 12012.7 0.993719
1489800000 5461.23 124.664 12015.5 0.993797
1489900000 5461.21 130.472 12002.4 0.993472
1490000000 5461.22 126.207 12012 0.993763
1490100000 5461.23 129.094 12005.5 0.993464
1490200000 5461.23 126.016 12012.4 0.993747
1490300000 5461.23 123.958 12017.1 0.993872
1490400000 5461.22 125.897 12012.7 0.993718
1490500000 5461.23 123.344 12018.5 0.99392
1490600000 5461.22 124.996 12014.7 0.993851
1490700000 5461.24 125.663 12013.3 0.993674
1490800000 5461.23 122.865 12019.5 0.993951
1490900000 5461.21 126.124 12012.2 0.993718
1491000000 5461.22 127.001 12010.2 0.993639
1491100000 5461.22 126.603 12011.1 0.993736
1491200000 5461.21 129.133 12005.4 0.993546
1491300000 5461.23 124.119 12016.7 0.993846
1491400000 5461.24 123.872 12017.3 0.993877
1491500000 5461.22 127.48 12009.1 0.993639
1491600000 5461.23 122.324 12020.7 0.994001
1491700000 5461.22 127.922 12008.1 0.993579
1491800000 5461.24 130.812 12001.7 0.993342
1491900000 5461.23 121.837 12021.8 0.994001
1492000000 5461.21 128.988 12005.7 0.993536
1492100000 5461.24 122.819 12019.7 0.993942
1492200000 5461.23 124.631 12015.6 0.993859
1492300000 5461.23 126.161 12012.1 0.993747
1492400000 5461.22 124.041 12016.9 0.99392
1492500000 5461.23 131.672 11999.7 0.993239
1492600000 5461.21 126.049 12012.3 0.993763
1492700000 5461.24 123.674 12017.7 0.993872
1492800000 5461.24 132.007 11999 0.993448
1492900000 5461.23 121.261 12023.2 0.994057
1493000000 5461.21 126.408 12011.5 0.993744
1493100000 5461.22 128.185 12007.5 0.993614
1493200000 5461.23 126.044 12012.4 0.993685
1493300000 5461.22 127.314 12009.5 0.99364
1493400000 5461.23 126.11 12012.2 0.993741
1493500000 5461.23 120.661 12024.5 0.99412
1493600000 5461.23 123.191 12018.8 0.993928
1493700000 5461.22 124.879 12015 0.993813
1493800000 5461.22 125.3 12014 0.993808
1493900000 5461.22 126.931 12010.4 0.99367
1494000000 5461.22 127.841 12008.3 0.993582
1494100000 5461.23 126.444 12011.5 0.993689
1494200000 5461.22 124.524 12015.8 0.993851
1494300000 5461.23 125.579 12013.4 0.993812
1494400000 5461.21 129.454 12004.7 0.993526
1494500000 5461.23 123.106 12019 0.993946
1494600000 5461.22 127.143 12009.9 0.993659
1494700000 5461.22 126.845 12010.6 0.993711
1494800000 5461.22 128.873 12006 0.993529
1494900000 5461.22 126.299 12011.8 0.993777
1495000000 5461.23 128.176 12007.6 0.993589
1495100000 5461.22 128.672 12006.4 0.993485
1495200000 5461.22 128.853 12006 0.993536
1495300000 5461.23 125.348 12013.9 0.993795
1495400000 5461.21 132.281 11998.3 0.993344
1495500000 5461.23 125.021 12014.7 0.993833
1495600000 5461.23 127.334 12009.5 0.993629
1495700000 5461.24 121.542 12022.5 0.994011
1495800000 5461.23 129.801 12003.9 0.993512
1495900000 5461.22 125.065 12014.6 0.993803
1496000000 5461.22 126.069 12012.3 0.993716
1496100000 5461.21 128.974 12005.7 0.993538
1496200000 5461.23 126.358 12011.7 0.993661
1496300000 5461.23 126.943 12010.4 0.993673
1496400000 5461.22 122.363 12020.6 0.993998
1496500000 5461.21 136.011 11989.9 0.993066
1496600000 5461.23 123.354 12018.4 0.993891
1496700000 5461.21 131.956 11999 0.993355
1496800000 5461.22 126.369 12011.6 0.99376
1496900000 5461.22 128.635 12006.5 0.99355
1497000000 5461.22 126.729 12010.8 0.993668
1497100000 5461.23 124.593 12015.6 0.993812
1497200000 5461.21 126.187 12012 0.993706
1497300000 5461.2 129.909 12003.6 0.993532
1497400000 5461.23 124.106 12016.7 0.993846
1497500000 5461.22 126.127 12012.2 0.99377
1497600000 5461.22 127.394 12009.3 0.99367
1497700000 5461.23 131.047 12001.1 0.993326
1497800000 5461.22 126.157 12012.1 0.993751
1497900000 5461.23 126.841 12010.6 0.993617
1498000000 5461.22 126.168 12012.1 0.993755
1498100000 5461.22 124.453 12015.9 0.993839
1498200000 5461.23 128.299 12007.3 0.993514
1498300000 5461.22 124.828 12015.1 0.99379
1498400000 5461.23 127.064 12010.1 0.993638
1498500000 5461.21 127.864 12008.2 0.993646
1498600000 5461.23 126.611 12011.1 0.993714
1498700000 5461.22 130.665 12001.9 0.99343
1498800000 5461.23 126.572 12011.2 0.993698
1498900000 5461.23 123.759 12017.5 0.993914
1499000000 5461.23 126.669 12011 0.993625
1499100000 5461.22 129.987 12003.5 0.993475
1499200000 5461.24 126.297 12011.8 0.993666
1499300000 5461.21 130.301 12002.8 0.993556
1499400000 5461.23 123.748 12017.5 0.993912
1499500000 5461.23 124.019 12016.9 0.993885
1499600000 5461.21 133.471 11995.6 0.993146
1499700000 5461.23 126.545 12011.2 0.993704
1499800000 5461.22 121.63 12022.3 0.994096
1499900000 5461.23 125.923 12012.6 0.993736
1500000000 5461.23 126.686 12010.9 0.993676
1500100000 5461.22 133.117 11996.4 0.99324
1500200000 5461.21 126.927 12010.4 0.993689
1500300000 5461.23 122.532 12020.3 0.993978
1500400000 5461.23 124.637 12015.6 0.993797
1500500000 5461.22 125.565 12013.4 0.993842
1500600000 5461.24 126.311 12011.8 0.99368
1500700000 5461.24 120.139 12025.7 0.994158
1500800000 5461.23 124.676 12015.5 0.993832
1500900000 5461.23 126.521 12011.3 0.993648
1501000000 5461.24 121.214 12023.3 0.994052
1501100000 5461.21 126.733 12010.8 0.993697
1501200000 5461.22 128.718 12006.3 0.993567
1501300000 5461.22 125.092 12014.5 0.993834
1501400000 5461.24 123.382 12018.4 0.993878
1501500000 5461.24 124.964 12014.8 0.993824
1501600000 5461.22 123.398 12018.3 0.993955
1501700000 5461.22 122.882 12019.5 0.993971
1501800000 5461.23 124.55 12015.7 0.993837
1501900000 5461.22 128.31 12007.2 0.993578
1502000000 5461.23 123.909 12017.2 0.993908
1502100000 5461.23 125.126 12014.4 0.993817
1502200000 5461.22 128.19 12007.5 0.99361
1502300000 5461.23 127.118 12010 0.993617
1502400000 5461.22 127.683 12008.7 0.993653
1502500000 5461.23 123.434 12018.2 0.993901
1502600000 5461.23 127.529 12009 0.993602
1502700000 5461.23 125.061 12014.6 0.993821
1502800000 5461.22 129.053 12005.6 0.993502
1502900000 5461.23 125.633 12013.3 0.993747
1503000000 5461.22 127.001 12010.2 0.99369
1503100000 5461.23 124.093 12016.8 0.993846
1503200000 5461.23 123.28 12018.6 0.993963
1503300000 5461.23 124.082 12016.8 0.993838
1503400000 5461.22 127.844 12008.3 0.993614
1503500000 5461.22 124.445 12016 0.993872
1503600000 5461.23 125.207 12014.3 0.993813
1503700000 5461.22 126.55 12011.2 0.993744
1503800000 5461.21 124.802 12015.1 0.993826
1503900000 5461.23 127.304 12009.5 0.993631
1504000000 5461.22 129.592 12004.4 0.993496
1504100000 5461.23 125.586 12013.4 0.993762
1504200000 5461.22 129.634 12004.3 0.993469
1504300000 5461.22 125.084 12014.5 0.993789
1504400000 5461.22 130.809 12001.6 0.993379
1504500000 5461.22 124.327 12016.2 0.993904
1504600000 5461.22 127.409 12009.3 0.993632
1504700000 5461.23 122.047 12021.4 0.994004
1504800000 5461.23 128.399 12007.1 0.993495
1504900000 5461.22 126.813 12010.6 0.993705
1505000000 5461.21 126.467 12011.4 0.993731
1505100000 5461.23 125.44 12013.7 0.993755
1505200000 5461.22 122.212 12021 0.994013
1505300000 5461.23 126.651 12011 0.993628
1505400000 5461.23 125.627 12013.3 0.993768
1505500000 5461.23 128.344 12007.2 0.993577
1505600000 5461.22 126.261 12011.9 0.993704
1505700000 5461.22 124.04 12016.9 0.993882
1505800000 5461.24 126.675 12011 0.99367
1505900000 5461.22 125.13 12014.4 0.993814
1506000000 5461.23 125.316 12014 0.993771
1506100000 5461.23 126.718 12010.9 0.993621
1506200000 5461.24 123.69 12017.7 0.993871
1506300000 5461.21 127.565 12008.9 0.993668
1506400000 5461.22 126.372 12011.6 0.993759
1506500000 5461.21 134.275 11993.8 0.993194
1506600000 5461.23 124.392 12016.1 0.99389
1506700000 5461.23 124.275 12016.4 0.993818
1506800000 5461.23 126.176 12012.1 0.993692
1506900000 5461.23 122.321 12020.8 0.994042
1507000000 5461.24 129.569 12004.5 0.99342
1507100000 5461.23 123.659 12017.7 0.993903
1507200000 5461.22 127.252 12009.6 0.993662
1507300000 5461.24 124.716 12015.4 0.993802
1507400000 5461.23 122.165 12021.1 0.993977
1507500000 5461.21 124.507 12015.8 0.993885
1507600000 5461.23 125.249 12014.2 0.993812
1507700000 5461.23 124.927 12014.9 0.993809
1507800000 5461.24 122.707 12019.9 0.993947
1507900000 5461.22 121.572 12022.4 0.994048
1508000000 5461.22 125.599 12013.4 0.993755
1508100000 5461.23 123.839 12017.3 0.993899
1508200000 5461.22 126.434 12011.5 0.993727
1508300000 5461.23 120.368 12025.2 0.994128
1508400000 5461.23 126.173 12012.1 0.993708
1508500000 5461.23 126.536 12011.3 0.99372
1508600000 5461.22 128.652 12006.5 0.993597
1508700000 5461.25 123.811 12017.4 0.993876
1508800000 5461.23 123.184 12018.8 0.99395
1508900000 5461.24 122.924 12019.4 0.993939
1509000000 5461.21 130.406 12002.5 0.993444
1509100000 5461.22 128.092 12007.7 0.993739
1509200000 5461.23 125.899 12012.7 0.993723
1509300000 5461.21 126.548 12011.2 0.993725
1509400000 5461.23 121.983 12021.5 0.99401
1509500000 5461.23 124.414 12016 0.993865
1509600000 5461.23 126.865 12010.5 0.993632
1509700000 5461.22 126.985 12010.2 0.993686
1509800000 5461.23 124.78 12015.2 0.99382
1509900000 5461.23 119.813 12026.4 0.99418
1510000000 5461.23 121.81 12021.9 0.994052
1510100000 5461.23 125.705 12013.2 0.993683
1510200000 5461.23 127.379 12009.4 0.993654
1510300000 5461.23 124.814 12015.1 0.993819
1510400000 5461.22 128.005 12008 0.993515
1510500000 5461.25 128.937 12005.9 0.993458
1510600000 5461.22 126.5 12011.3 0.993736
1510700000 5461.23 122.539 12020.3 0.993977
1510800000 5461.24 125.576 12013.4 0.993749
1510900000 5461.22 124.796 12015.2 0.993817
1511000000 5461.23 126.324 12011.7 0.993686
1511100000 5461.22 125.093 12014.5 0.993795
1511200000 5461.22 126.635 12011 0.993688
1511300000 5461.23 123.55 12018 0.993849
1511400000 5461.23 123.045 12019.1 0.993939
1511500000 5461.24 123.672 12017.7 0.993931
1511600000 5461.23 126.019 12012.4 0.993721
1511700000 5461.23 122.807 12019.7 0.993985
1511800000 5461.23 121.313 12023 0.994048
1511900000 5461.21 130.155 12003.1 0.993421
1512000000 5461.22 125.814 12012.9 0.994125
1512100000 5461.22 129.945 12003.6 0.993408
1512200000 5461.23 119.784 12026.5 0.99414
1512300000 5461.23 124.875 12015 0.993774
1512400000 5461.22 130.728 12001.8 0.993586
1512500000 5461.22 126.372 12011.6 0.993724
1512600000 5461.22 122.606 12020.1 0.993991
1512700000 5461.22 122.799 12019.7 0.993958
1512800000 5461.22 128.624 12006.6 0.993533
1512900000 5461.22 125.884 12012.7 0.993772
1513000000 5461.21 127.703 12008.6 0.99366
1513100000 5461.23 124.799 12015.2 0.993839
1513200000 5461.23 128.137 12007.7 0.993586
1513300000 5461.22 126.346 12011.7 0.993776
1513400000 5461.22 124.332 12016.2 0.993872
1513500000 5461.23 124.131 12016.7 0.993914
1513600000 5461.22 126.824 12010.6 0.99366
1513700000 5461.22 129.475 12004.6 0.9935
1513800000 5461.23 125.081 12014.6 0.993767
1513900000 5461.21 125.121 12014.4 0.993834
1514000000 5461.23 122.065 12021.3 0.994012
1514100000 5461.2 130.452 12002.4 0.993497
1514200000 5461.23 124.875 12015 0.993827
1514300000 5461.23 127.054 12010.1 0.993657
1514400000 5461.22 128.842 12006 0.993573
1514500000 5461.23 126.888 12010.5 0.993661
1514600000 5461.24 121.296 12023.1 0.994077
1514700000 5461.22 125.018 12014.7 0.993788
1514800000 5461.22 122.773 12019.7 0.993925
1514900000 5461.22 130.056 12003.3 0.993429
1515000000 5461.23 124.735 12015.3 0.993796
1515100000 5461.23 123.665 12017.7 0.993898
1515200000 5461.23 124.122 12016.7 0.993907
1515300000 5461.22 123.582 12017.9 0.993901
1515400000 5461.22 127.324 12009.5 0.993662
1515500000 5461.23 126.847 12010.6 0.993645
1515600000 5461.21 127.226 12009.7 0.993693
1515700000 5461.22 127.556 12009 0.993643
1515800000 5461.22 123.9 12017.2 0.993895
1515900000 5461.23 125.875 12012.8 0.993721
1516000000 5461.22 127.826 12008.3 0.993629
1516100000 5461.22 122.612 12020.1 0.99395
1516200000 5461.22 128.78 12006.2 0.993552
1516300000 5461.22 128.677 12006.4 0.993515
1516400000 5461.22 128.833 12006.1 0.993604
1516500000 5461.22 128.707 12006.4 0.993559
1516600000 5461.22 127.958 12008 0.99357
1516700000 5461.23 124.091 12016.8 0.993882
1516800000 5461.23 124.429 12016 0.993853
1516900000 5461.23 120.533 12024.8 0.994122
1517000000 5461.22 129.922 12003.6 0.993449
1517100000 5461.23 125.827 12012.9 0.993742
1517200000 5461.21 124.975 12014.7 0.993805
1517300000 5461.22 132.158 11998.6 0.993312
1517400000 5461.23 126.312 12011.8 0.993693
1517500000 5461.23 124.744 12015.3 0.993819
1517600000 5461.21 125.276 12014.1 0.993789
1517700000 5461.23 128.275 12007.4 0.993531
1517800000 5461.23 127.365 12009.4 0.993671
1517900000 5461.23 131.017 12001.2 0.993338
1518000000 5461.22 122.432 12020.5 0.993988
1518100000 5461.22 125.087 12014.5 0.993828
1518200000 5461.22 125.835 12012.8 0.993727
1518300000 5461.23 123.44 12018.2 0.99392
1518400000 5461.23 126.043 12012.4 0.993749
1518500000 5461.22 123.821 12017.4 0.994076
1518600000 5461.22 124.571 12015.7 0.993875
1518700000 5461.23 124.648 12015.5 0.99383
1518800000 5461.23 123.411 12018.3 0.993912
1518900000 5461.22 125.575 12013.4 0.993788
1519000000 5461.24 123.479 12018.2 0.993913
1519100000 5461.23 127.116 12010 0.993659
1519200000 5461.21 126.769 12010.7 0.993727
1519300000 5461.24 125.548 12013.5 0.993723
1519400000 5461.23 127.288 12009.6 0.993656
1519500000 5461.21 129.384 12004.8 0.993547
1519600000 5461.23 122.338 12020.7 0.994001
1519700000 5461.24 122.854 12019.6 0.993962
1519800000 5461.22 125.372 12013.9 0.993809
1519900000 5461.22 125.702 12013.1 0.993761
1520000000 5461.22 122.513 12020.3 0.993957
1520100000 5461.23 126.991 12010.2 0.99368
1520200000 5461.22 127.564 12008.9 0.993638
1520300000 5461.23 126.442 12011.5 0.993681
1520400000 5461.21 132.237 11998.4 0.993276
1520500000 5461.23 128.795 12006.2 0.993511
1520600000 5461.23 129.481 12004.6 0.996646
1520700000 5461.23 123.356 12018.4 0.993923
1520800000 5461.23 127.7 12008.6 0.993641
1520900000 5461.22 127.548 12009 0.993665
1521000000 5461.23 125.399 12013.8 0.9938
1521100000 5461.22 126.079 12012.3 0.993747
1521200000 5461.23 125.306 12014 0.993783
1521300000 5461.22 125.375 12013.9 0.993825
1521400000 5461.22 127.534 12009 0.993654
1521500000 5461.23 124.791 12015.2 0.993808
1521600000 5461.22 124.084 12016.8 0.993899
1521700000 5461.22 121.264 12023.1 0.994086
1521800000 5461.22 127.399 12009.3 0.993618
1521900000 5461.24 127.126 12010 0.993595
1522000000 5461.23 129.234 12005.2 0.993496
1522100000 5461.23 123.216 12018.7 0.993936
1522200000 5461.23 127.27 12009.6 0.993659
1522300000 5461.22 126.217 12012 0.993742
1522400000 5461.23 127.922 12008.2 0.993506
1522500000 5461.23 126.126 12012.2 0.993727
1522600000 5461.23 125.357 12013.9 0.993779
1522700000 5461.22 124.053 12016.8 0.993866
1522800000 5461.21 129.947 12003.5 0.993528
1522900000 5461.22 129.697 12004.1 0.993486
1523000000 5461.21 126.888 12010.4 0.993742
1523100000 5461.23 127.793 12008.4 0.993565
1523200000 5461.22 126.787 12010.7 0.993699
1523300000 5461.22 126.679 12010.9 0.993687
1523400000 5461.23 126.919 12010.4 0.993698
1523500000 5461.22 129.134 12005.4 0.993511
1523600000 5461.21 131.975 11999 0.993376
1523700000 5461.23 123.602 12017.9 0.993923
1523800000 5461.21 131.979 11999 0.993365
1523900000 5461.24 124.843 12015.1 0.993788
1524000000 5461.22 128.855 12006 0.993593
1524100000 5461.23 132.77 11997.2 0.993222
1524200000 5461.23 122.723 12019.9 0.993975
1524300000 5461.22 126.382 12011.6 0.993754
1524400000 5461.22 125.836 12012.8 0.993793
1524500000 5461.23 127.914 12008.2 0.993591
1524600000 5461.22 128.917 12005.9 0.993592
1524700000 5461.23 124.373 12016.1 0.993847
1524800000 5461.23 128.813 12006.1 0.99347
1524900000 5461.22 132.561 11997.7 0.993214
1525000000 5461.23 124.07 12016.8 0.993887
1525100000 5461.22 126.394 12011.6 0.993717
1525200000 5461.22 124.82 12015.1 0.993824
1525300000 5461.23 125.488 12013.6 0.993769
1525400000 5461.22 127.287 12009.6 0.993633
1525500000 5461.23 125.561 12013.5 0.993763
1525600000 5461.22 127.082 12010 0.993744
1525700000 5461.24 127.133 12009.9 0.993607
1525800000 5461.21 137.172 11987.3 0.994446
1525900000 5461.23 124.025 12016.9 0.993879
1526000000 5461.22 129.339 12004.9 0.993493
1526100000 5461.24 125.229 12014.2 0.99376
1526200000 5461.21 134.086 11994.2 0.993162
1526300000 5461.23 127.049 12010.1 0.993675
1526400000 5461.22 124.467 12015.9 0.993839
1526500000 5461.23 122.423 12020.5 0.993982
1526600000 5461.23 123.766 12017.5 0.993878
1526700000 5461.22 125.727 12013.1 0.993725
1526800000 5461.22 125.197 12014.3 0.99375
1526900000 5461.23 127.934 12008.1 0.993605
1527000000 5461.23 126.368 12011.6 0.993728
1527100000 5461.23 127.293 12009.6 0.993622
1527200000 5461.22 125.256 12014.1 0.993851
1527300000 5461.22 127.269 12009.6 0.993609
1527400000 5461.23 124.291 12016.3 0.993834
1527500000 5461.22 127.235 12009.7 0.993695
1527600000 5461.23 127.887 12008.2 0.993609
1527700000 5461.22 131.022 12001.1 0.993329
1527800000 5461.24 120.75 12024.3 0.994092
1527900000 5461.23 124.49 12015.9 0.993831
1528000000 5461.21 124.585 12015.6 0.993852
1528100000 5461.21 125.032 12014.6 0.993854
1528200000 5461.23 127.598 12008.9 0.99357
1528300000 5461.22 126.255 12011.9 0.993795
1528400000 5461.23 121.317 12023 0.994082
1528500000 5461.23 123.184 12018.8 0.993949
1528600000 5461.22 127.177 12009.8 0.993661
1528700000 5461.24 123.686 12017.7 0.993881
1528800000 5461.22 132.357 11998.1 0.993335
1528900000 5461.23 123.341 12018.5 0.993881
1529000000 5461.21 127.936 12008.1 0.993635
1529100000 5461.24 121.317 12023 0.99407
1529200000 5461.23 126.534 12011.3 0.993709
1529300000 5461.23 129.696 12004.1 0.993527
1529400000 5461.21 126.108 12012.2 0.993736
1529500000 5461.23 126.258 12011.9 0.99366
1529600000 5461.22 127.484 12009.1 0.993638
1529700000 5461.21 125.129 12014.4 0.993854
1529800000 5461.22 128.787 12006.2 0.993552
1529900000 5461.23 124.434 12016 0.993855
1530000000 5461.21 127.513 12009 0.993632
1530100000 5461.22 125.443 12013.7 0.993749
1530200000 5461.21 126.725 12010.8 0.993737
1530300000 5461.21 132.85 11997 0.993291
1530400000 5461.23 127.358 12009.4 0.99364
1530500000 5461.22 128.776 12006.2 0.993531
1530600000 5461.21 131.973 11999 0.993299
1530700000 5461.22 123.143 12018.9 0.993969
1530800000 5461.24 129.275 12005.1 0.993377
1530900000 5461.21 127.584 12008.9 0.993619
1531000000 5461.21 127.759 12008.5 0.993642
1531100000 5461.22 125.005 12014.7 0.993737
1531200000 5461.23 125.884 12012.7 0.993746
1531300000 5461.22 128.201 12007.5 0.993622
1531400000 5461.23 131.092 12001 0.9933
1531500000 5461.23 128.063 12007.8 0.993603
1531600000 5461.22 124.05 12016.9 0.993871
1531700000 5461.21 128.965 12005.8 0.993511
1531800000 5461.23 125.951 12012.6 0.993727
1531900000 5461.23 127.647 12008.8 0.993586
1532000000 5461.21 126.222 12011.9 0.993749
1532100000 5461.23 132.033 11998.9 0.99317
1532200000 5461.23 126.254 12011.9 0.993737
1532300000 5461.23 126.837 12010.6 0.993638
1532400000 5461.21 128.953 12005.8 0.993563
1532500000 5461.24 128.224 12007.5 0.993562
1532600000 5461.23 124.398 12016.1 0.993825
1532700000 5461.22 122.317 12020.8 0.994032
1532800000 5461.23 123.714 12017.6 0.993926
1532900000 5461.23 126.718 12010.9 0.993695
1533000000 5461.23 126.647 12011 0.993641
1533100000 5461.22 128.354 12007.1 0.99362
1533200000 5461.24 123.505 12018.1 0.993926
1533300000 5461.21 130.863 12001.5 0.993381
1533400000 5461.22 128.989 12005.7 0.993569
1533500000 5461.22 129.378 12004.9 0.993556
1533600000 5461.23 125.587 12013.4 0.993783
1533700000 5461.21 129.283 12005 0.993476
1533800000 5461.22 126.193 12012 0.993783
1533900000 5461.21 125.263 12014.1 0.993808
1534000000 5461.23 122.774 12019.7 0.993932
1534100000 5461.22 128.12 12007.7 0.993564
1534200000 5461.22 128.66 12006.5 0.993549
1534300000 5461.21 131.258 12000.6 0.993395
1534400000 5461.23 127.505 12009.1 0.993604
1534500000 5461.23 123.933 12017.1 0.993833
1534600000 5461.23 124.242 12016.4 0.993861
1534700000 5461.23 127.229 12009.7 0.9936
1534800000 5461.22 128.965 12005.8 0.993524
1534900000 5461.23 125.368 12013.9 0.993788
1535000000 5461.24 125.911 12012.7 0.993752
1535100000 5461.23 124.28 12016.3 0.993862
1535200000 5461.22 126.383 12011.6 0.993625
1535300000 5461.23 128.124 12007.7 0.993631
1535400000 5461.23 126.166 12012.1 0.993712
1535500000 5461.22 125.642 12013.3 0.99375
1535600000 5461.22 131.387 12000.3 0.993312
1535700000 5461.22 131.527 12000 0.993283
1535800000 5461.23 124.661 12015.5 0.993823
1535900000 5461.23 123.981 12017 0.993849
1536000000 5461.22 127.046 12010.1 0.993677
1536100000 5461.22 129.518 12004.5 0.993503
1536200000 5461.21 130.243 12002.9 0.993504
1536300000 5461.23 124.644 12015.5 0.993843
1536400000 5461.22 126.129 12012.2 0.993735
1536500000 5461.23 127.505 12009.1 0.993589
1536600000 5461.23 124.95 12014.8 0.993788
1536700000 5461.22 127.874 12008.2 0.993621
1536800000 5461.23 126.171 12012.1 0.993708
1536900000 5461.22 126.247 12011.9 0.993706
1537000000 5461.22 130.457 12002.4 0.995778
1537100000 5461.23 127.379 12009.4 0.993604
1537200000 5461.23 125.767 12013 0.993731
1537300000 5461.23 126.753 12010.8 0.993703
1537400000 5461.21 128.301 12007.3 0.993603
1537500000 5461.22 123.422 12018.3 0.993913
1537600000 5461.23 125.574 12013.4 0.993722
1537700000 5461.23 126.014 12012.4 0.993712
1537800000 5461.23 125.445 12013.7 0.993834
1537900000 5461.22 127.724 12008.6 0.993616
1538000000 5461.23 131.328 12000.5 0.993322
1538100000 5461.23 124.697 12015.4 0.993861
1538200000 5461.21 125.111 12014.4 0.993795
1538300000 5461.2 131.423 12000.2 0.993424
1538400000 5461.22 129.802 12003.9 0.993528
1538500000 5461.24 125.165 12014.4 0.99378
1538600000 5461.22 125.756 12013 0.993812
1538700000 5461.23 128.082 12007.8 0.993572
1538800000 5461.23 120.921 12023.9 0.994095
1538900000 5461.21 128.752 12006.2 0.99354
1539000000 5461.23 126.002 12012.5 0.993707
1539100000 5461.23 124.622 12015.6 0.993801
1539200000 5461.23 123.394 12018.3 0.993962
1539300000 5461.23 126.391 12011.6 0.993706
1539400000 5461.23 128.253 12007.4 0.993568
1539500000 5461.22 125.999 12012.5 0.99375
1539600000 5461.22 136.522 11988.8 0.992949
1539700000 5461.23 125.285 12014.1 0.993779
1539800000 5461.23 124.435 12016 0.993852
1539900000 5461.21 128.834 12006.1 0.993569
1540000000 5461.24 123.1 12019 0.993921
1540100000 5461.22 123.577 12017.9 0.993932
1540200000 5461.22 126.611 12011.1 0.993706
1540300000 5461.22 126.588 12011.1 0.993748
1540400000 5461.24 121.249 12023.2 0.994088
1540500000 5461.23 121.251 12023.2 0.994104
1540600000 5461.23 126.74 12010.8 0.9937
1540700000 5461.21 125.31 12014 0.993785
1540800000 5461.22 128.771 12006.2 0.993556
1540900000 5461.22 123.167 12018.8 0.993964
1541000000 5461.23 127.515 12009.1 0.993562
1541100000 5461.23 124.514 12015.8 0.993884
1541200000 5461.22 129.454 12004.7 0.993534
1541300000 5461.23 128.966 12005.8 0.993544
1541400000 5461.23 128.752 12006.3 0.993489
1541500000 5461.23 130.766 12001.7 0.993339
1541600000 5461.24 120.655 12024.5 0.994085
1541700000 5461.22 127.026 12010.1 0.993636
1541800000 5461.24 120.072 12025.8 0.994171
1541900000 5461.22 126.776 12010.7 0.993625
1542000000 5461.22 124.835 12015.1 0.993841
1542100000 5461.22 125.474 12013.6 0.993772
1542200000 5461.23 127.487 12009.1 0.993636
1542300000 5461.22 133.698 11995.1 0.993056
1542400000 5461.22 123.412 12018.3 0.993905
1542500000 5461.23 123.046 12019.1 0.993972
1542600000 5461.23 129.243 12005.2 0.993513
1542700000 5461.23 122.252 12020.9 0.994017
1542800000 5461.23 127.001 12010.2 0.993667
1542900000 5461.22 129.327 12005 0.993536
1543000000 5461.23 126.699 12010.9 0.993658
1543100000 5461.23 122.802 12019.7 0.993981
1543200000 5461.22 127.056 12010.1 0.993711
1543300000 5461.21 129.503 12004.5 0.99357
1543400000 5461.22 127.809 12008.4 0.993626
1543500000 5461.22 123.365 12018.4 0.993934
1543600000 5461.23 119.091 12028 0.994214
1543700000 5461.23 128.824 12006.1 0.993523
1543800000 5461.23 127.579 12008.9 0.99359
1543900000 5461.22 133.058 11996.6 0.993216
1544000000 5461.23 125.536 12013.5 0.993786
1544100000 5461.23 122.92 12019.4 0.993977
1544200000 5461.21 129.734 12004 0.993528
1544300000 5461.23 126.396 12011.6 0.993641
1544400000 5461.22 132.018 11998.9 0.993303
1544500000 5461.24 124.478 12015.9 0.993804
1544600000 5461.22 125.827 12012.8 0.993754
1544700000 5461.22 122.583 12020.2 0.994018
1544800000 5461.2 127.493 12009.1 0.99367
1544900000 5461.22 127.615 12008.8 0.993609
1545000000 5461.23 124.097 12016.8 0.993868
1545100000 5461.22 124.399 12016.1 0.993862
1545200000 5461.21 127.984 12008 0.993593
1545300000 5461.23 122.471 12020.4 0.994
1545400000 5461.22 122.134 12021.2 0.994001
1545500000 5461.23 125.744 12013.1 0.99373
1545600000 5461.21 130.076 12003.3 0.99346
1545700000 5461.23 125.232 12014.2 0.993784
1545800000 5461.22 127.479 12009.1 0.993622
1545900000 5461.22 125.251 12014.1 0.993825
1546000000 5461.22 125.571 12013.4 0.993778
1546100000 5461.23 124.75 12015.3 0.993807
1546200000 5461.22 128.443 12007 0.993585
1546300000 5461.23 126.87 12010.5 0.993747
1546400000 5461.23 130.445 12002.5 0.993369
1546500000 5461.23 122.917 12019.4 0.993928
1546600000 5461.22 125.306 12014 0.993788
1546700000 5461.22 129.138 12005.4 0.993529
1546800000 5461.23 125.375 12013.9 0.993739
1546900000 5461.22 125.664 12013.2 0.993759
1547000000 5461.23 126.804 12010.7 0.993672
1547100000 5461.22 125.63 12013.3 0.993748
1547200000 5461.21 132.263 11998.3 0.993284
1547300000 5461.23 125.587 12013.4 0.99371
1547400000 5461.23 125.78 12013 0.99376
1547500000 5461.21 127.797 12008.4 0.993674
1547600000 5461.23 126.247 12011.9 0.993702
1547700000 5461.23 121.278 12023.1 0.994085
1547800000 5461.22 122.82 12019.6 0.993985
1547900000 5461.23 124.333 12016.2 0.993837
1548000000 5461.22 128.959 12005.8 0.993518
1548100000 5461.23 127.307 12009.5 0.993674
1548200000 5461.23 125.462 12013.7 0.993789
1548300000 5461.23 123.062 12019.1 0.993892
1548400000 5461.23 123.818 12017.4 0.993905
1548500000 5461.22 127.683 12008.7 0.993631
1548600000 5461.23 125.938 12012.6 0.99376
1548700000 5461.22 127.754 12008.5 0.993645
1548800000 5461.23 125.187 12014.3 0.993805
1548900000 5461.22 128.166 12007.6 0.99363
1549000000 5461.22 124.974 12014.8 0.99382
1549100000 5461.22 127.079 12010 0.993705
1549200000 5461.23 126.402 12011.6 0.993748
1549300000 5461.23 126.873 12010.5 0.993644
1549400000 5461.21 128.654 12006.5 0.993566
1549500000 5461.22 129.715 12004.1 0.993486
1549600000 5461.23 123.159 12018.9 0.993929
1549700000 5461.23 127.399 12009.3 0.993613
1549800000 5461.21 126.295 12011.8 0.993706
1549900000 5461.22 131.136 12000.9 0.993354
1550000000 5461.23 122.293 12020.8 0.993988
1550100000 5461.24 124.98 12014.8 0.993734
1550200000 5461.23 126.789 12010.7 0.993646
1550300000 5461.22 131.946 11999.1 0.993276
1550400000 5461.23 126.991 12010.2 0.993664
1550500000 5461.21 125.321 12014 0.993799
1550600000 5461.22 125.364 12013.9 0.993774
1550700000 5461.23 126.175 12012.1 0.993758
1550800000 5461.23 128.659 12006.5 0.993477
1550900000 5461.22 125.498 12013.6 0.993743
1551000000 5461.2 131.396 12000.3 0.993428
1551100000 5461.22 123.842 12017.3 0.993892
1551200000 5461.22 122.318 12020.7 0.994006
1551300000 5461.23 125.674 12013.2 0.993758
1551400000 5461.23 127.946 12008.1 0.993619
1551500000 5461.22 130.855 12001.5 0.993383
1551600000 5461.22 124.491 12015.8 0.993901
1551700000 5461.2 132.509 11997.8 0.993298
1551800000 5461.22 129.942 12003.6 0.993474
1551900000 5461.22 129.166 12005.3 0.993557
1552000000 5461.23 125.817 12012.9 0.993732
1552100000 5461.23 126.566 12011.2 0.993725
1552200000 5461.23 124.64 12015.5 0.993838
1552300000 5461.23 126.304 12011.8 0.993678
1552400000 5461.23 123.44 12018.2 0.993954
1552500000 5461.21 128.186 12007.5 0.993606
1552600000 5461.21 131.403 12000.3 0.993394
1552700000 5461.21 133.919 11994.6 0.9932
1552800000 5461.21 131.249 12000.6 0.996781
1552900000 5461.23 135.237 11991.7 0.992991
1553000000 5461.23 129.628 12004.3 0.99347
1553100000 5461.21 125.397 12013.8 0.993822
1553200000 5461.22 123.906 12017.2 0.993879
1553300000 5461.22 129.814 12003.9 0.993458
1553400000 5461.22 130.452 12002.4 0.993393
1553500000 5461.22 128.185 12007.5 0.993493
1553600000 5461.23 124.951 12014.8 0.993777
1553700000 5461.22 126.737 12010.8 0.99368
1553800000 5461.22 129.463 12004.7 0.993481
1553900000 5461.24 123.666 12017.8 0.99395
1554000000 5461.23 126.702 12010.9 0.99369
1554100000 5461.21 131.223 12000.7 0.993303
1554200000 5461.21 126.197 12012 0.993738
1554300000 5461.22 129.481 12004.6 0.993414
1554400000 5461.22 126.6 12011.1 0.993705
1554500000 5461.24 122.493 12020.4 0.99395
1554600000 5461.22 127.08 12010 0.993675
1554700000 5461.23 125.929 12012.6 0.993674
1554800000 5461.22 125.413 12013.8 0.993786
1554900000 5461.22 127.715 12008.6 0.993645
1555000000 5461.21 130.041 12003.3 0.993488
1555100000 5461.23 124.646 12015.5 0.993809
1555200000 5461.23 122.266 12020.9 0.993979
1555300000 5461.23 125.742 12013.1 0.993721
1555400000 5461.23 130.235 12002.9 0.99343
1555500000 5461.21 132.013 11998.9 0.993365
1555600000 5461.22 129.035 12005.6 0.993547
1555700000 5461.22 122.737 12019.8 0.993972
1555800000 5461.21 128.259 12007.3 0.993625
1555900000 5461.23 128.624 12006.6 0.993501
1556000000 5461.22 127.615 12008.8 0.993568
1556100000 5461.22 127.008 12010.2 0.993677
1556200000 5461.22 134.079 11994.3 0.993063
1556300000 5461.24 123.192 12018.8 0.993951
1556400000 5461.23 124.804 12015.2 0.993812
1556500000 5461.21 130.028 12003.4 0.993478
1556600000 5461.21 124.504 12015.8 0.993866
1556700000 5461.23 122.322 12020.8 0.993972
1556800000 5461.24 123.185 12018.8 0.993927
1556900000 5461.23 126.783 12010.7 0.993684
1557000000 5461.23 126.924 12010.4 0.993812
1557100000 5461.23 125.339 12014 0.993788
1557200000 5461.21 130.093 12003.2 0.99345
1557300000 5461.23 124.072 12016.8 0.993915
1557400000 5461.21 137.155 11987.3 0.992805
1557500000 5461.22 129.109 12005.5 0.993524
1557600000 5461.21 125.428 12013.7 0.993825
1557700000 5461.23 122.013 12021.4 0.993987
1557800000 5461.22 127.105 12010 0.993652
1557900000 5461.21 124.762 12015.2 0.993847
1558000000 5461.23 127.903 12008.2 0.993577
1558100000 5461.21 129.153 12005.3 0.993589
1558200000 5461.23 121.721 12022.1 0.994029
1558300000 5461.23 127.655 12008.7 0.993584
1558400000 5461.22 120.938 12023.9 0.994106
1558500000 5461.22 125.977 12012.5 0.993738
1558600000 5461.24 125.42 12013.8 0.993757
1558700000 5461.21 132.438 11997.9 0.993279
1558800000 5461.23 124.422 12016 0.993881
1558900000 5461.23 127.933 12008.1 0.99358
1559000000 5461.22 126.754 12010.8 0.993754
1559100000 5461.24 121.972 12021.6 0.994026
1559200000 5461.21 129.72 12004.1 0.993481
1559300000 5461.23 128.136 12007.7 0.993569
1559400000 5461.22 129.688 12004.1 0.993464
1559500000 5461.23 124.306 12016.3 0.993875
1559600000 5461.22 125.013 12014.7 0.993814
1559700000 5461.22 127.231 12009.7 0.993596
1559800000 5461.24 127.254 12009.7 0.993672
1559900000 5461.22 127.587 12008.9 0.993641
1560000000 5461.24 124.919 12014.9 0.993808
1560100000 5461.24 124.585 12015.7 0.993797
1560200000 5461.23 126.397 12011.6 0.993699
1560300000 5461.21 129.16 12005.3 0.993533
1560400000 5461.24 123.978 12017.1 0.993879
1560500000 5461.23 122.894 12019.5 0.993969
1560600000 5461.21 134.705 11992.8 0.993165
1560700000 5461.21 127.024 12010.1 0.993677
1560800000 5461.23 129.149 12005.4 0.993488
1560900000 5461.22 128.069 12007.8 0.993563
1561000000 5461.23 128.826 12006.1 0.993555
1561100000 5461.23 125.697 12013.2 0.993749
1561200000 5461.23 121.45 12022.7 0.994065
1561300000 5461.23 126.988 12010.2 0.993644
1561400000 5461.23 126.371 12011.6 0.993713
1561500000 5461.22 126.533 12011.2 0.993753
1561600000 5461.21 127.011 12010.1 0.993723
1561700000 5461.22 127.166 12009.8 0.993655
1561800000 5461.23 124.762 12015.3 0.993801
1561900000 5461.23 123.954 12017.1 0.993834
1562000000 5461.24 120.928 12023.9 0.994085
1562100000 5461.22 129.125 12005.4 0.993536
1562200000 5461.24 124.41 12016.1 0.993855
1562300000 5461.22 128.668 12006.5 0.993584
1562400000 5461.23 124.23 12016.5 0.993905
1562500000 5461.22 130.765 12001.7 0.993406
1562600000 5461.23 124.618 12015.6 0.993825
1562700000 5461.22 123.459 12018.2 0.993906
1562800000 5461.23 121.612 12022.4 0.994035
1562900000 5461.22 127.673 12008.7 0.993611
1563000000 5461.23 125.558 12013.5 0.99373
1563100000 5461.22 125.438 12013.7 0.993818
1563200000 5461.22 129.175 12005.3 0.993519
1563300000 5461.21 130.171 12003 0.99346
1563400000 5461.23 125.734 12013.1 0.993745
1563500000 5461.23 129.941 12003.6 0.99334
1563600000 5461.22 124.956 12014.8 0.993781
1563700000 5461.23 125.376 12013.9 0.993732
1563800000 5461.23 124.529 12015.8 0.993853
1563900000 5461.21 126.956 12010.3 0.993697
1564000000 5461.22 127.183 12009.8 0.993631
1564100000 5461.22 124.514 12015.8 0.99383
1564200000 5461.23 125.67 12013.2 0.993744
1564300000 5461.21 123.663 12017.7 0.993977
1564400000 5461.22 123.881 12017.2 0.993929
1564500000 5461.23 124.887 12015 0.993841
1564600000 5461.23 124.747 12015.3 0.993843
1564700000 5461.24 125.029 12014.7 0.993745
1564800000 5461.21 131.025 12001.1 0.993347
1564900000 5461.23 126.314 12011.8 0.993711
1565000000 5461.23 123.619 12017.8 0.993896
1565100000 5461.23 125.417 12013.8 0.993776
1565200000 5461.23 128.842 12006.1 0.993531
1565300000 5461.22 125.273 12014.1 0.993814
1565400000 5461.23 121.712 12022.1 0.99406
1565500000 5461.23 125.567 12013.4 0.993772
1565600000 5461.23 127.71 12008.6 0.993572
1565700000 5461.24 126.077 12012.3 0.993769
1565800000 5461.23 123.399 12018.3 0.993929
1565900000 5461.22 126.788 12010.7 0.993718
1566000000 5461.21 127.985 12008 0.993638
1566100000 5461.22 124.336 12016.2 0.993852
1566200000 5461.24 124.694 12015.4 0.993781
1566300000 5461.23 122.651 12020 0.99395
1566400000 5461.23 123.155 12018.9 0.993878
1566500000 5461.21 130.073 12003.3 0.99352
1566600000 5461.23 123.747 12017.5 0.993898
1566700000 5461.22 127.913 12008.2 0.993621
1566800000 5461.22 131.969 11999 0.993343
1566900000 5461.23 123.637 12017.8 0.994693
1567000000 5461.23 128.646 12006.5 0.993544
1567100000 5461.22 125.412 12013.8 0.993778
1567200000 5461.22 127.86 12008.3 0.993602
1567300000 5461.24 123.064 12019.1 0.993939
1567400000 5461.25 125.129 12014.5 0.993774
1567500000 5461.23 128.678 12006.4 0.993519
1567600000 5461.23 127.073 12010.1 0.993647
1567700000 5461.22 126.463 12011.4 0.993743
1567800000 5461.23 131.262 12000.6 0.993309
1567900000 5461.22 125.076 12014.5 0.993842
1568000000 5461.22 123.661 12017.7 0.993909
1568100000 5461.24 125.102 12014.5 0.993763
1568200000 5461.23 124.368 12016.1 0.993858
1568300000 5461.22 125.539 12013.5 0.993778
1568400000 5461.23 126.891 12010.5 0.993661
1568500000 5461.23 128.532 12006.8 0.993542
1568600000 5461.22 128.952 12005.8 0.993521
1568700000 5461.22 128.493 12006.8 0.993579
1568800000 5461.24 123.41 12018.3 0.993919
1568900000 5461.23 126.297 12011.8 0.99374
1569000000 5461.24 127.406 12009.3 0.993549
1569100000 5461.23 130.604 12002.1 0.993388
1569200000 5461.22 127.647 12008.8 0.993548
1569300000 5461.23 127.82 12008.4 0.993597
1569400000 5461.22 126.969 12010.3 0.993706
1569500000 5461.23 126.907 12010.4 0.993645
1569600000 5461.22 129.442 12004.7 0.993497
1569700000 5461.23 124.397 12016.1 0.993856
1569800000 5461.22 127.937 12008.1 0.993631
1569900000 5461.22 126.53 12011.3 0.993665
1570000000 5461.22 125.463 12013.7 0.993799
1570100000 5461.21 129.849 12003.8 0.993542
1570200000 5461.24 123.242 12018.7 0.993907
1570300000 5461.22 125.462 12013.7 0.993743
1570400000 5461.24 123.867 12017.3 0.993862
1570500000 5461.23 125.339 12014 0.993758
1570600000 5461.23 126.131 12012.2 0.993751
1570700000 5461.23 125.044 12014.6 0.993826
1570800000 5461.22 125.848 12012.8 0.993764
1570900000 5461.21 127.624 12008.8 0.993689
1571000000 5461.21 130.345 12002.6 0.993493
1571100000 5461.24 125.544 12013.5 0.993715
1571200000 5461.21 125.431 12013.7 0.993774
1571300000 5461.23 124.958 12014.8 0.993784
1571400000 5461.22 126.926 12010.4 0.993694
1571500000 5461.23 124.181 12016.6 0.993878
1571600000 5461.22 129.797 12003.9 0.993446
1571700000 5461.22 127.131 12009.9 0.993695
1571800000 5461.23 122.923 12019.4 0.993944
1571900000 5461.22 125.964 12012.5 0.993749
1572000000 5461.21 133.648 11995.2 0.993221
1572100000 5461.22 126.618 12011.1 0.993688
1572200000 5461.23 122.568 12020.2 0.993969
1572300000 5461.23 129.18 12005.3 0.993478
1572400000 5461.21 126.825 12010.6 0.993737
1572500000 5461.21 128.85 12006 0.993586
1572600000 5461.22 131.618 11999.8 0.993309
1572700000 5461.22 123.841 12017.3 0.993869
1572800000 5461.21 127.137 12009.9 0.993692
1572900000 5461.22 126.765 12010.7 0.993723
1573000000 5461.24 122.54 12020.3 0.99396
1573100000 5461.23 120.43 12025 0.994145
1573200000 5461.24 125.337 12014 0.993776
1573300000 5461.23 129.141 12005.4 0.993487
1573400000 5461.23 127.541 12009 0.993617
1573500000 5461.22 127.306 12009.5 0.993683
1573600000 5461.22 126.923 12010.4 0.993713
1573700000 5461.21 126.343 12011.7 0.993705
1573800000 5461.22 126.714 12010.9 0.993652
1573900000 5461.24 121.89 12021.7 0.994034
1574000000 5461.22 127.254 12009.6 0.993621
1574100000 5461.21 127.377 12009.3 0.993658
1574200000 5461.21 130.191 12003 0.993455
1574300000 5461.23 126.673 12011 0.993731
1574400000 5461.21 127.784 12008.4 0.993577
1574500000 5461.23 125.464 12013.7 0.993756
1574600000 5461.23 124.205 12016.5 0.993863
1574700000 5461.23 124.75 12015.3 0.993837
1574800000 5461.24 125.327 12014 0.993763
1574900000 5461.22 127.539 12009 0.99369
1575000000 5461.23 124.369 12016.1 0.99385
1575100000 5461.23 123.166 12018.9 0.993959
1575200000 5461.24 122.538 12020.3 0.994042
1575300000 5461.23 126.107 12012.2 0.993721
1575400000 5461.22 122.863 12019.5 0.993945
1575500000 5461.23 126.489 12011.4 0.993745
1575600000 5461.22 126.998 12010.2 0.993669
1575700000 5461.21 123.303 12018.5 0.99397
1575800000 5461.22 126.194 12012 0.993747
1575900000 5461.24 127.171 12009.9 0.993633
1576000000 5461.22 127.074 12010 0.993665
1576100000 5461.23 122.319 12020.8 0.994017
1576200000 5461.23 124.258 12016.4 0.993847
1576300000 5461.23 125.394 12013.8 0.993763
1576400000 5461.22 128.552 12006.7 0.993603
1576500000 5461.23 126.104 12012.2 0.993728
1576600000 5461.22 123.527 12018 0.993917
1576700000 5461.23 126.687 12010.9 0.993674
1576800000 5461.21 127.906 12008.1 0.993657
1576900000 5461.21 128.493 12006.8 0.993591
1577000000 5461.22 125.199 12014.3 0.993806
1577100000 5461.22 125.648 12013.3 0.993774
1577200000 5461.21 134.663 11992.9 0.993102
1577300000 5461.22 123.735 12017.6 0.993899
1577400000 5461.23 123.669 12017.7 0.99386
1577500000 5461.21 130.29 12002.8 0.99342
1577600000 5461.24 124.769 12015.3 0.993814
1577700000 5461.23 127.03 12010.2 0.993703
1577800000 5461.23 124.344 12016.2 0.993876
1577900000 5461.21 127.401 12009.3 0.993657
1578000000 5461.23 124.022 12016.9 0.993893
1578100000 5461.23 125.34 12014 0.993814
1578200000 5461.22 127.01 12010.2 0.993692
1578300000 5461.22 129.053 12005.6 0.993468
1578400000 5461.23 124.551 12015.7 0.993834
1578500000 5461.22 125.501 12013.6 0.993785
1578600000 5461.22 126.748 12010.8 0.993698
1578700000 5461.23 123.41 12018.3 0.993942
1578800000 5461.24 123.573 12018 0.993904
1578900000 5461.22 126.677 12010.9 0.993719
1579000000 5461.24 120.403 12025.1 0.994149
1579100000 5461.21 129.514 12004.5 0.993504
1579200000 5461.21 128.195 12007.5 0.993618
1579300000 5461.22 125.011 12014.7 0.99381
1579400000 5461.22 124.009 12016.9 0.993911
1579500000 5461.22 126.277 12011.8 0.993717
1579600000 5461.23 122.406 12020.6 0.993976
1579700000 5461.23 122.478 12020.4 0.993982
1579800000 5461.23 125.894 12012.7 0.993747
1579900000 5461.22 129.133 12005.4 0.99351
1580000000 5461.22 126.781 12010.7 0.993661
1580100000 5461.23 123.4 12018.3 0.99395
1580200000 5461.22 128.384 12007.1 0.993569
1580300000 5461.23 122.194 12021 0.993974
1580400000 5461.22 131.531 12000 0.993288
1580500000 5461.23 127.905 12008.2 0.99361
1580600000 5461.22 132.469 11997.9 0.993211
1580700000 5461.22 125.663 12013.2 0.993807
1580800000 5461.21 133.864 11994.7 0.993217
1580900000 5461.2 131.509 12000 0.993426
1581000000 5461.23 122.532 12020.3 0.993951
1581100000 5461.21 129.552 12004.4 0.993491
1581200000 5461.22 128.92 12005.9 0.993522
1581300000 5461.22 133.583 11995.4 0.993153
1581400000 5461.24 125.611 12013.4 0.993757
1581500000 5461.23 124.077 12016.8 0.993862
1581600000 5461.22 127.664 12008.7 0.993671
1581700000 5461.23 124.052 12016.9 0.993898
1581800000 5461.22 124.711 12015.3 0.993844
1581900000 5461.23 132.133 11998.7 0.993188
1582000000 5461.22 128.385 12007.1 0.993569
1582100000 5461.23 125.553 12013.5 0.993763
1582200000 5461.22 125.821 12012.9 0.993759
1582300000 5461.23 126.197 12012 0.993734
1582400000 5461.22 128.218 12007.5 0.993579
1582500000 5461.22 126.035 12012.4 0.993731
1582600000 5461.23 125.819 12012.9 0.993728
1582700000 5461.23 121.856 12021.8 0.994032
1582800000 5461.22 129.405 12004.8 0.99347
1582900000 5461.23 126.498 12011.4 0.993703
1583000000 5461.21 129.923 12003.6 0.993475
1583100000 5461.23 126.782 12010.7 0.993655
1583200000 5461.22 126.666 12011 0.993733
1583300000 5461.23 124.47 12015.9 0.99382
1583400000 5461.23 123.553 12018 0.993942
1583500000 5461.23 129.609 12004.4 0.993402
1583600000 5461.22 128.938 12005.8 0.993595
1583700000 5461.23 128.315 12007.3 0.993599
1583800000 5461.22 124.639 12015.5 0.993805
1583900000 5461.24 123.163 12018.9 0.993912
1584000000 5461.23 122.931 12019.4 0.993975
1584100000 5461.21 128.549 12006.7 0.99353
1584200000 5461.24 121.459 12022.7 0.994059
1584300000 5461.22 124.435 12016 0.993886
1584400000 5461.23 123.732 12017.6 0.993929
1584500000 5461.22 127.166 12009.8 0.993692
1584600000 5461.21 127.379 12009.3 0.993635
1584700000 5461.23 124.892 12015 0.993825
1584800000 5461.22 126.607 12011.1 0.993663
1584900000 5461.23 121.315 12023 0.994056
1585000000 5461.23 124.818 12015.1 0.993815
1585100000 5461.22 128.618 12006.6 0.993618
1585200000 5461.22 125.99 12012.5 0.99372
1585300000 5461.22 126.73 12010.8 0.993708
1585400000 5461.23 125.251 12014.2 0.993768
1585500000 5461.23 125.443 12013.7 0.993764
1585600000 5461.23 124.155 12016.6 0.993807
1585700000 5461.22 125.283 12014.1 0.993827
1585800000 5461.23 125.778 12013 0.993764
1585900000 5461.21 130.299 12002.8 0.993461
1586000000 5461.22 126.252 12011.9 0.993736
1586100000 5461.23 124.866 12015 0.993818
1586200000 5461.22 123.051 12019.1 0.99394
1586300000 5461.24 125.356 12013.9 0.99373
1586400000 5461.23 125.319 12014 0.993804
1586500000 5461.22 126.621 12011.1 0.993698
1586600000 5461.23 121.766 12022 0.99404
1586700000 5461.22 125.324 12014 0.993803
1586800000 5461.23 125.14 12014.4 0.993748
1586900000 5461.23 123.338 12018.5 0.993909
1587000000 5461.22 135.549 11991 0.992973
1587100000 5461.23 121.449 12022.7 0.994038
1587200000 5461.23 123.861 12017.3 0.993901
1587300000 5461.24 124.179 12016.6 0.993863
1587400000 5461.22 129.72 12004.1 0.993429
1587500000 5461.23 122.887 12019.5 0.993951
1587600000 5461.22 124.971 12014.8 0.993839
1587700000 5461.22 125.767 12013 0.993777
1587800000 5461.22 127.742 12008.5 0.993593
1587900000 5461.22 122.512 12020.3 0.99401
1588000000 5461.22 128.736 12006.3 0.993538
1588100000 5461.23 124.425 12016 0.993845
1588200000 5461.22 123.73 12017.6 0.993933
1588300000 5461.22 125.959 12012.6 0.993772
1588400000 5461.22 125.707 12013.1 0.993789
1588500000 5461.23 129.975 12003.5 0.993414
1588600000 5461.22 127.226 12009.7 0.993646
1588700000 5461.21 125.11 12014.4 0.993816
1588800000 5461.23 123.002 12019.2 0.993956
1588900000 5461.22 122.674 12019.9 0.993977
1589000000 5461.22 124.501 12015.8 0.993876
1589100000 5461.21 127.478 12009.1 0.99372
1589200000 5461.23 123.536 12018 0.993916
1589300000 5461.24 121.93 12021.7 0.994049
1589400000 5461.23 120.015 12026 0.994148
1589500000 5461.22 128.069 12007.8 0.993596
1589600000 5461.23 129.631 12004.3 0.993474
1589700000 5461.23 128.334 12007.2 0.99357
1589800000 5461.23 123.861 12017.3 0.99389
1589900000 5461.23 125.682 12013.2 0.993718
1590000000 5461.24 124.074 12016.8 0.99386
1590100000 5461.23 123.384 12018.4 0.993915
1590200000 5461.22 126.122 12012.2 0.993708
1590300000 5461.22 125.825 12012.9 0.993709
1590400000 5461.23 124.964 12014.8 0.993844
1590500000 5461.23 124.935 12014.9 0.99381
1590600000 5461.23 123.049 12019.1 0.993956
1590700000 5461.24 123.625 12017.9 0.993863
1590800000 5461.24 122.484 12020.4 0.993973
1590900000 5461.24 121.053 12023.6 0.994071
1591000000 5461.22 127.134 12009.9 0.993684
1591100000 5461.23 123.734 12017.6 0.993878
1591200000 5461.24 122.396 12020.6 0.993986
1591300000 5461.22 126.751 12010.8 0.993709
1591400000 5461.22 129.489 12004.6 0.993484
1591500000 5461.22 128.475 12006.9 0.993548
1591600000 5461.25 121.507 12022.6 0.994048
1591700000 5461.22 126.068 12012.3 0.993685
1591800000 5461.23 121.447 12022.7 0.994085
1591900000 5461.22 125.818 12012.9 0.99377
1592000000 5461.23 124.097 12016.8 0.993881
1592100000 5461.23 125.236 12014.2 0.993779
1592200000 5461.24 123.765 12017.5 0.993887
1592300000 5461.22 125.498 12013.6 0.993792
1592400000 5461.22 124.911 12014.9 0.993833
1592500000 5461.22 123.083 12019 0.993942
1592600000 5461.23 125.954 12012.6 0.993725
1592700000 5461.21 127.963 12008 0.993672
1592800000 5461.23 127.161 12009.9 0.993654
1592900000 5461.22 124.072 12016.8 0.993933
1593000000 5461.24 122.99 12019.3 0.993956
1593100000 5461.23 124.834 12015.1 0.993788
1593200000 5461.21 127.438 12009.2 0.993655
1593300000 5461.23 123.584 12017.9 0.993898
1593400000 5461.22 125.006 12014.7 0.993793
1593500000 5461.23 129.596 12004.4 0.993512
1593600000 5461.22 127.956 12008.1 0.993547
1593700000 5461.22 125.693 12013.1 0.993752
1593800000 5461.23 130.659 12002 0.993381
1593900000 5461.23 130.632 12002 0.993294
1594000000 5461.23 124.333 12016.2 0.993834
1594100000 5461.22 129.351 12004.9 0.994343
1594200000 5461.21 130.085 12003.2 0.993465
1594300000 5461.23 125.848 12012.8 0.993745
1594400000 5461.22 123.693 12017.7 0.993922
1594500000 5461.22 128.5 12006.8 0.99354
1594600000 5461.22 125.401 12013.8 0.993763
1594700000 5461.21 128.254 12007.4 0.993622
1594800000 5461.22 125.897 12012.7 0.993697
1594900000 5461.22 129.669 12004.2 0.993479
1595000000 5461.21 134.721 11992.8 0.993103
1595100000 5461.23 127.945 12008.1 0.993573
1595200000 5461.21 130.678 12001.9 0.993466
1595300000 5461.24 124.124 12016.7 0.99388
1595400000 5461.22 128.536 12006.7 0.993597
1595500000 5461.22 127.827 12008.3 0.993583
1595600000 5461.22 131.022 12001.1 0.993414
1595700000 5461.22 128.031 12007.9 0.993645
1595800000 5461.21 127.51 12009 0.99363
1595900000 5461.22 127.322 12009.5 0.993841
1596000000 5461.22 125.626 12013.3 0.993837
1596100000 5461.23 127.016 12010.2 0.993685
1596200000 5461.23 121.573 12022.4 0.994028
1596300000 5461.22 127.933 12008.1 0.993681
1596400000 5461.23 125.941 12012.6 0.993804
1596500000 5461.23 127.207 12009.7 0.993645
1596600000 5461.24 125.648 12013.3 0.993723
1596700000 5461.23 124.835 12015.1 0.993802
1596800000 5461.23 125.798 12012.9 0.993749
1596900000 5461.22 127.877 12008.2 0.993632
1597000000 5461.23 126.646 12011 0.993611
1597100000 5461.24 122.749 12019.8 0.993974
1597200000 5461.23 123.641 12017.8 0.993863
1597300000 5461.21 133.694 11995.1 0.993162
1597400000 5461.23 122.517 12020.3 0.99396
1597500000 5461.23 125.187 12014.3 0.9938
1597600000 5461.22 131.79 11999.4 0.993355
1597700000 5461.23 124.733 12015.3 0.993797
1597800000 5461.21 125.455 12013.7 0.993785
1597900000 5461.24 123.942 12017.1 0.993854
1598000000 5461.22 127.897 12008.2 0.99361
1598100000 5461.24 125.591 12013.4 0.9937
1598200000 5461.23 125.082 12014.5 0.993834
1598300000 5461.23 125.756 12013 0.993741
1598400000 5461.21 130.261 12002.8 0.993459
1598500000 5461.23 124.652 12015.5 0.993794
1598600000 5461.23 122.949 12019.3 0.993961
1598700000 5461.23 127.158 12009.9 0.993615
1598800000 5461.23 126.417 12011.5 0.993663
1598900000 5461.22 131.787 11999.4 0.993338
1599000000 5461.24 123.269 12018.6 0.993883
1599100000 5461.22 125.246 12014.2 0.993798
1599200000 5461.24 122.263 12020.9 0.993996
1599300000 5461.23 124.973 12014.8 0.993813
1599400000 5461.21 125.43 12013.7 0.993822
1599500000 5461.23 126.019 12012.4 0.993679
1599600000 5461.21 133.744 11995 0.993187
1599700000 5461.22 124.119 12016.7 0.993901
1599800000 5461.23 125.894 12012.7 0.993741
1599900000 5461.22 129.738 12004 0.99347
1600000000 5461.22 126.615 12011.1 0.993746
1600100000 5461.23 126.447 12011.5 0.993658
1600200000 5461.22 124.476 12015.9 0.99385
1600300000 5461.23 126.379 12011.6 0.993717
1600400000 5461.23 128.445 12007 0.993569
1600500000 5461.23 124.084 12016.8 0.993839
1600600000 5461.22 124.584 12015.6 0.993854
1600700000 5461.21 128.465 12006.9 0.993592
1600800000 5461.22 128.249 12007.4 0.99358
1600900000 5461.23 126.644 12011 0.993739
1601000000 5461.25 121.197 12023.3 0.994089
1601100000 5461.22 127.567 12008.9 0.993667
1601200000 5461.24 130.713 12001.9 0.993314
1601300000 5461.23 123.839 12017.3 0.993876
1601400000 5461.22 126.81 12010.6 0.993707
1601500000 5461.23 121.136 12023.4 0.994094
1601600000 5461.23 124.942 12014.9 0.993858
1601700000 5461.24 126.794 12010.7 0.993649
1601800000 5461.22 127.757 12008.5 0.993596
1601900000 5461.24 130.533 12002.3 0.993395
1602000000 5461.22 128.243 12007.4 0.993566
1602100000 5461.23 124.506 12015.8 0.993833
1602200000 5461.22 125.726 12013.1 0.993803
1602300000 5461.24 128.845 12006.1 0.993465
1602400000 5461.23 123.198 12018.8 0.993933
1602500000 5461.22 124.254 12016.4 0.993872
1602600000 5461.22 126.669 12011 0.993742
1602700000 5461.23 124.875 12015 0.993813
1602800000 5461.23 121.836 12021.8 0.993985
1602900000 5461.23 121.873 12021.8 0.994031
1603000000 5461.22 132.705 11997.4 0.993183
1603100000 5461.21 133.296 11996 0.993181
1603200000 5461.23 124.974 12014.8 0.993857
1603300000 5461.21 128.08 12007.7 0.99368
1603400000 5461.23 124.58 12015.7 0.993839
1603500000 5461.22 126.281 12011.8 0.993706
1603600000 5461.23 127.204 12009.8 0.993612
1603700000 5461.22 129.719 12004.1 0.993495
1603800000 5461.24 126.221 12012 0.993711
1603900000 5461.22 121.665 12022.2 0.994061
1604000000 5461.22 126.303 12011.8 0.993723
1604100000 5461.24 123.211 12018.8 0.993935
1604200000 5461.23 121.696 12022.2 0.994025
1604300000 5461.22 124.633 12015.5 0.993822
1604400000 5461.23 127.272 12009.6 0.993648
1604500000 5461.23 123.631 12017.8 0.993897
1604600000 5461.23 127.506 12009.1 0.993646
1604700000 5461.22 126.771 12010.7 0.993664
1604800000 5461.22 124.975 12014.8 0.994172
1604900000 5461.24 124.534 12015.8 0.993814
1605000000 5461.24 122.864 12019.6 0.993907
1605100000 5461.24 123.5 12018.1 0.993914
1605200000 5461.22 126.352 12011.7 0.993693
1605300000 5461.22 126.797 12010.7 0.993665
1605400000 5461.22 127.941 12008.1 0.99357
1605500000 5461.22 125.283 12014.1 0.993798
1605600000 5461.23 131.334 12000.5 0.993336
1605700000 5461.23 121.971 12021.5 0.99404
1605800000 5461.22 124.429 12016 0.993882
1605900000 5461.22 124.017 12016.9 0.993889
1606000000 5461.22 125.297 12014 0.993798
1606100000 5461.24 123.474 12018.2 0.993904
1606200000 5461.23 126.443 12011.5 0.993652
1606300000 5461.23 124.157 12016.6 0.993863
1606400000 5461.23 123.98 12017 0.993856
1606500000 5461.23 122.267 12020.9 0.993998
1606600000 5461.22 128.277 12007.3 0.993598
1606700000 5461.24 127.068 12010.1 0.993594
1606800000 5461.24 125.393 12013.9 0.993781
1606900000 5461.22 123.362 12018.4 0.993918
1607000000 5461.24 125.945 12012.6 0.993752
1607100000 5461.21 132.064 11998.8 0.993266
1607200000 5461.23 126.717 12010.9 0.993677
1607300000 5461.23 123.801 12017.4 0.993882
1607400000 5461.23 124.295 12016.3 0.993844
1607500000 5461.23 123.784 12017.5 0.993889
1607600000 5461.23 127.183 12009.8 0.993553
1607700000 5461.21 128.924 12005.9 0.993528
1607800000 5461.22 124.83 12015.1 0.993821
1607900000 5461.23 127.233 12009.7 0.993608
1608000000 5461.23 125.446 12013.7 0.993785
1608100000 5461.21 131.739 11999.5 0.993283
1608200000 5461.22 125.809 12012.9 0.993786
1608300000 5461.22 127.017 12010.2 0.993613
1608400000 5461.22 126.893 12010.5 0.993694
1608500000 5461.22 127.284 12009.6 0.993689
1608600000 5461.23 122.148 12021.1 0.99399
1608700000 5461.22 130.778 12001.7 0.996882
1608800000 5461.22 124.938 12014.9 0.993878
1608900000 5461.21 130.438 12002.4 0.99339
1609000000 5461.23 136.843 11988.1 0.992807
1609100000 5461.23 126.475 12011.4 0.993683
1609200000 5461.22 128.284 12007.3 0.993623
1609300000 5461.21 135.869 11990.2 0.993049
1609400000 5461.23 123.799 12017.4 0.993879
1609500000 5461.23 123.078 12019.1 0.993908
1609600000 5461.23 125.187 12014.3 0.993775
1609700000 5461.23 131.938 11999.1 0.993335
1609800000 5461.23 122.59 12020.2 0.993966
1609900000 5461.22 124.179 12016.6 0.99384
1610000000 5461.22 123.251 12018.6 0.993953
1610100000 5461.23 122.442 12020.5 0.994013
1610200000 5461.22 124.763 12015.2 0.993809
1610300000 5461.24 122.494 12020.4 0.993958
1610400000 5461.24 125.71 12013.1 0.993776
1610500000 5461.22 126.486 12011.4 0.993746
1610600000 5461.22 127.906 12008.2 0.993641
1610700000 5461.23 125.545 12013.5 0.993745
1610800000 5461.21 126.227 12011.9 0.993715
1610900000 5461.23 127.43 12009.3 0.993588
1611000000 5461.21 128.156 12007.6 0.993654
1611100000 5461.23 119.98 12026 0.994206
1611200000 5461.22 126.069 12012.3 0.993732
1611300000 5461.22 126.416 12011.5 0.993689
1611400000 5461.23 125.08 12014.6 0.993835
1611500000 5461.22 130.722 12001.8 0.994036
1611600000 5461.21 130.994 12001.2 0.993406
1611700000 5461.21 126.389 12011.6 0.993687
1611800000 5461.23 123.689 12017.7 0.993857
1611900000 5461.24 124.211 12016.5 0.993847
1612000000 5461.22 126.537 12011.3 0.993697
1612100000 5461.23 126.558 12011.2 0.993669
1612200000 5461.24 126.675 12011 0.993627
1612300000 5461.24 126.769 12010.8 0.997155
1612400000 5461.23 127.926 12008.1 0.993543
1612500000 5461.23 127.122 12009.9 0.993648
1612600000 5461.22 124.591 12015.6 0.993856
1612700000 5461.23 124.669 12015.5 0.993836
1612800000 5461.22 127.33 12009.5 0.993615
1612900000 5461.21 127.124 12009.9 0.993697
1613000000 5461.23 125.911 12012.7 0.993739
1613100000 5461.21 131.33 12000.4 0.993385
1613200000 5461.23 124.287 12016.3 0.993876
1613300000 5461.22 131.8 11999.4 0.995773
1613400000 5461.21 125.125 12014.4 0.993794
1613500000 5461.23 127.492 12009.1 0.993666
1613600000 5461.23 125.318 12014 0.993756
1613700000 5461.22 126.49 12011.4 0.993948
1613800000 5461.22 129.135 12005.4 0.993507
1613900000 5461.22 128.411 12007 0.993561
1614000000 5461.21 125.532 12013.5 0.993802
1614100000 5461.22 128.738 12006.3 0.993553
1614200000 5461.24 124.721 12015.4 0.993846
1614300000 5461.23 124.001 12017 0.993842
1614400000 5461.23 119.757 12026.5 0.994157
1614500000 5461.22 123.219 12018.7 0.99394
1614600000 5461.23 126.12 12012.2 0.993718
1614700000 5461.22 126.047 12012.4 0.993717
1614800000 5461.22 121.026 12023.7 0.994079
1614900000 5461.24 126.199 12012 0.99369
1615000000 5461.22 123.72 12017.6 0.993936
1615100000 5461.22 123.551 12018 0.993921
1615200000 5461.23 131.416 12000.3 0.993293
1615300000 5461.23 126.756 12010.8 0.993651
1615400000 5461.23 123.942 12017.1 0.993885
1615500000 5461.24 124.99 12014.8 0.993744
1615600000 5461.22 128.137 12007.7 0.993622
1615700000 5461.22 133.184 11996.3 0.993238
1615800000 5461.21 133.171 11996.3 0.993229
1615900000 5461.23 126.3 12011.8 0.993721
1616000000 5461.22 127.318 12009.5 0.993605
1616100000 5461.22 127.884 12008.2 0.993567
1616200000 5461.2 132.835 11997 0.993244
1616300000 5461.23 123.906 12017.2 0.993882
1616400000 5461.23 127.288 12009.6 0.993665
1616500000 5461.23 127.543 12009 0.993636
1616600000 5461.21 127.946 12008.1 0.993651
1616700000 5461.22 128.969 12005.8 0.993496
1616800000 5461.22 130.843 12001.5 0.993386
1616900000 5461.22 133.865 11994.8 0.993047
1617000000 5461.22 127.799 12008.4 0.993568
1617100000 5461.22 131.841 11999.3 0.993363
1617200000 5461.22 129.306 12005 0.993538
1617300000 5461.23 125.738 12013.1 0.993743
1617400000 5461.22 124.694 12015.4 0.993879
1617500000 5461.24 124.372 12016.2 0.993858
1617600000 5461.22 128.844 12006.1 0.993602
1617700000 5461.23 126.332 12011.7 0.993705
1617800000 5461.22 124.577 12015.7 0.993861
1617900000 5461.23 127.987 12008 0.993597
1618000000 5461.22 127.738 12008.5 0.993595
1618100000 5461.22 126.209 12012 0.993715
1618200000 5461.22 125.192 12014.3 0.993836
1618300000 5461.23 130.063 12003.3 0.99343
1618400000 5461.22 126.992 12010.2 0.993678
1618500000 5461.23 123.98 12017 0.993873
1618600000 5461.23 128.001 12008 0.993545
1618700000 5461.22 125.259 12014.1 0.993792
1618800000 5461.21 127.552 12008.9 0.993641
1618900000 5461.22 131.915 11999.1 0.99328
1619000000 5461.21 130.262 12002.8 0.993474
1619100000 5461.22 132.292 11998.3 0.993616
1619200000 5461.22 127.582 12008.9 0.993646
1619300000 5461.23 127.467 12009.2 0.993556
1619400000 5461.22 127.751 12008.5 0.9936
1619500000 5461.23 123.422 12018.3 0.993899
1619600000 5461.23 127.532 12009 0.99366
1619700000 5461.21 130.162 12003.1 0.993476
1619800000 5461.22 124.864 12015 0.993777
1619900000 5461.23 123.458 12018.2 0.993923
1620000000 5461.23 126.184 12012.1 0.993672
1620100000 5461.22 128.246 12007.4 0.993555
1620200000 5461.21 130.088 12003.2 0.993981
1620300000 5461.23 125.429 12013.8 0.99376
1620400000 5461.24 122.374 12020.7 0.99396
1620500000 5461.22 126.107 12012.2 0.99372
1620600000 5461.23 125.711 12013.1 0.993763
1620700000 5461.23 124.564 12015.7 0.993829
1620800000 5461.22 132.175 11998.6 0.99327
1620900000 5461.22 127.813 12008.4 0.993967
1621000000 5461.23 125.279 12014.1 0.993816
1621100000 5461.22 126.946 12010.3 0.993696
1621200000 5461.22 126.923 12010.4 0.993704
1621300000 5461.23 123.798 12017.4 0.993922
1621400000 5461.23 135.151 11991.9 0.992955
1621500000 5461.22 131.153 12000.9 0.994394
1621600000 5461.21 129.96 12003.5 0.993496
1621700000 5461.24 126.356 12011.7 0.993733
1621800000 5461.23 129.357 12004.9 0.993502
1621900000 5461.22 131.676 11999.7 0.99336
1622000000 5461.22 124.64 12015.5 0.993861
1622100000 5461.22 125.008 12014.7 0.993814
1622200000 5461.2 130.278 12002.8 0.993471
1622300000 5461.23 128.285 12007.3 0.993568
1622400000 5461.23 123.92 12017.2 0.993895
1622500000 5461.22 128.96 12005.8 0.996036
1622600000 5461.24 124.699 12015.4 0.993788
1622700000 5461.22 127.382 12009.4 0.99367
1622800000 5461.22 127.932 12008.1 0.993597
1622900000 5461.22 127.215 12009.7 0.993701
1623000000 5461.22 125.668 12013.2 0.993734
1623100000 5461.23 125.761 12013 0.993682
1623200000 5461.24 121.598 12022.4 0.994048
1623300000 5461.22 126.646 12011 0.993715
1623400000 5461.22 123.594 12017.9 0.993875
1623500000 5461.23 124.365 12016.2 0.993804
1623600000 5461.23 126.594 12011.1 0.993738
1623700000 5461.22 121.605 12022.4 0.994075
1623800000 5461.22 128.399 12007.1 0.993558
1623900000 5461.23 124.425 12016 0.993802
1624000000 5461.23 128.458 12006.9 0.993576
1624100000 5461.23 123.489 12018.1 0.99388
1624200000 5461.22 128.518 12006.8 0.993513
1624300000 5461.22 123.16 12018.9 0.993937
1624400000 5461.23 126.824 12010.6 0.993665
1624500000 5461.21 130.714 12001.8 0.993436
1624600000 5461.23 125.732 12013.1 0.993743
1624700000 5461.22 132.322 11998.2 0.993212
1624800000 5461.23 125.989 12012.5 0.993751
1624900000 5461.22 126.414 12011.5 0.993725
1625000000 5461.22 127.29 12009.6 0.993675
1625100000 5461.24 123.64 12017.8 0.993898
1625200000 5461.23 123.714 12017.6 0.993892
1625300000 5461.21 128.199 12007.5 0.993606
1625400000 5461.23 131.059 12001.1 0.993322
1625500000 5461.21 133.282 11996 0.993265
1625600000 5461.21 131.01 12001.2 0.99329
1625700000 5461.21 129.159 12005.3 0.993548
1625800000 5461.23 121.803 12021.9 0.994049
1625900000 5461.22 129.106 12005.5 0.993468
1626000000 5461.23 125.246 12014.2 0.993801
1626100000 5461.23 126.174 12012.1 0.993744
1626200000 5461.23 126.139 12012.2 0.993681
1626300000 5461.23 125.553 12013.5 0.993743
1626400000 5461.23 118.504 12029.4 0.994259
1626500000 5461.23 122.843 12019.6 0.993968
1626600000 5461.23 125.554 12013.5 0.993765
1626700000 5461.2 128.173 12007.5 0.993614
1626800000 5461.22 125.86 12012.8 0.993794
1626900000 5461.22 128.146 12007.6 0.993591
1627000000 5461.23 123.664 12017.7 0.993892
1627100000 5461.22 123.079 12019 0.993955
1627200000 5461.22 127.09 12010 0.993636
1627300000 5461.23 123.811 12017.4 0.99387
1627400000 5461.23 125.857 12012.8 0.993739
1627500000 5461.23 131.815 11999.4 0.99329
1627600000 5461.23 127.569 12008.9 0.993605
1627700000 5461.23 127.385 12009.4 0.993636
1627800000 5461.22 125.678 12013.2 0.993728
1627900000 5461.21 127.082 12010 0.993685
1628000000 5461.22 128.56 12006.7 0.993561
1628100000 5461.22 124.088 12016.8 0.993886
1628200000 5461.23 126.817 12010.6 0.993669
1628300000 5461.21 129.581 12004.4 0.993502
1628400000 5461.21 125.696 12013.1 0.993764
1628500000 5461.23 126.117 12012.2 0.993717
1628600000 5461.23 124.558 12015.7 0.993788
1628700000 5461.23 122.55 12020.2 0.993989
1628800000 5461.23 123.1 12019 0.993959
1628900000 5461.22 123.382 12018.3 0.993937
1629000000 5461.23 127.697 12008.7 0.993512
1629100000 5461.23 125.542 12013.5 0.993794
1629200000 5461.22 125.215 12014.2 0.993804
1629300000 5461.24 120.305 12025.3 0.99409
1629400000 5461.21 129.684 12004.1 0.993485
1629500000 5461.22 126.664 12011 0.993681
1629600000 5461.24 126.066 12012.3 0.993665
1629700000 5461.21 125.181 12014.3 0.994162
1629800000 5461.24 125.469 12013.7 0.993753
1629900000 5461.22 122.306 12020.8 0.994007
1630000000 5461.21 132.061 11998.8 0.993328
1630100000 5461.24 121.737 12022.1 0.994016
1630200000 5461.22 126.237 12011.9 0.993772
1630300000 5461.22 128.061 12007.8 0.993599
1630400000 5461.23 128.863 12006 0.993547
1630500000 5461.23 125.618 12013.3 0.993719
1630600000 5461.23 125.425 12013.8 0.993718
1630700000 5461.23 123.153 12018.9 0.99394
1630800000 5461.22 121.698 12022.1 0.994035
1630900000 5461.24 126.993 12010.3 0.993587
1631000000 5461.23 124.105 12016.7 0.99385
1631100000 5461.21 131.709 11999.6 0.993305
1631200000 5461.23 124.682 12015.4 0.993855
1631300000 5461.22 121.998 12021.5 0.994035
1631400000 5461.23 128.377 12007.1 0.993566
1631500000 5461.23 126.233 12011.9 0.993725
1631600000 5461.23 124.006 12017 0.993873
1631700000 5461.23 125.841 12012.8 0.993825
1631800000 5461.22 135.84 11990.3 0.993024
1631900000 5461.23 126.203 12012 0.993781
1632000000 5461.22 127.454 12009.2 0.993667
1632100000 5461.22 131.487 12000.1 0.993361
1632200000 5461.23 125.28 12014.1 0.993763
1632300000 5461.24 123.65 12017.8 0.993875
1632400000 5461.22 127.022 12010.1 0.993711
1632500000 5461.23 124.277 12016.4 0.99385
1632600000 5461.22 126.763 12010.7 0.993692
1632700000 5461.24 120.482 12024.9 0.994115
1632800000 5461.22 123.815 12017.4 0.993897
1632900000 5461.23 120.468 12024.9 0.994123
1633000000 5461.22 134.607 11993.1 0.993025
1633100000 5461.23 126.266 12011.9 0.993824
1633200000 5461.23 125.099 12014.5 0.993809
1633300000 5461.23 125.103 12014.5 0.993773
1633400000 5461.22 128.763 12006.2 0.993533
1633500000 5461.22 126.87 12010.5 0.993719
1633600000 5461.22 124.595 12015.6 0.99385
1633700000 5461.22 125.588 12013.4 0.993765
1633800000 5461.22 125.58 12013.4 0.993721
1633900000 5461.25 125.378 12013.9 0.993763
1634000000 5461.23 126.911 12010.4 0.993661
1634100000 5461.22 121.03 12023.6 0.994113
1634200000 5461.22 126.037 12012.4 0.993714
1634300000 5461.23 132.093 11998.8 0.993292
1634400000 5461.23 123.143 12018.9 0.993898
1634500000 5461.22 124.168 12016.6 0.993889
1634600000 5461.22 130.589 12002.1 0.993428
1634700000 5461.22 127.673 12008.7 0.993658
1634800000 5461.23 126.269 12011.9 0.993709
1634900000 5461.22 124.82 12015.1 0.993798
1635000000 5461.21 126.804 12010.6 0.993726
1635100000 5461.21 124.934 12014.8 0.993847
1635200000 5461.24 122.653 12020 0.99392
1635300000 5461.22 126.261 12011.9 0.9942
1635400000 5461.23 129.252 12005.2 0.99346
1635500000 5461.23 123.396 12018.4 0.993917
1635600000 5461.23 128.613 12006.6 0.993474
1635700000 5461.22 124.483 12015.9 0.993827
1635800000 5461.23 125.483 12013.6 0.993806
1635900000 5461.23 125.171 12014.3 0.993781
1636000000 5461.22 126.299 12011.8 0.993694
1636100000 5461.23 127.477 12009.2 0.993655
1636200000 5461.22 124.411 12016 0.993849
1636300000 5461.23 127.332 12009.5 0.993642
1636400000 5461.22 128.162 12007.6 0.99354
1636500000 5461.22 120.228 12025.5 0.994149
1636600000 5461.24 124.663 12015.5 0.99382
1636700000 5461.22 121.622 12022.3 0.994044
1636800000 5461.21 130.026 12003.4 0.993465
1636900000 5461.22 125.695 12013.2 0.993751
1637000000 5461.2 130.258 12002.8 0.993487
1637100000 5461.24 124.824 12015.1 0.993798
1637200000 5461.23 131.565 11999.9 0.993299
1637300000 5461.22 127.345 12009.4 0.993674
1637400000 5461.22 124.048 12016.9 0.993888
1637500000 5461.22 129.675 12004.2 0.993444
1637600000 5461.23 126.988 12010.2 0.993658
1637700000 5461.23 127.588 12008.9 0.993662
1637800000 5461.24 123.55 12018 0.993898
1637900000 5461.22 125.062 12014.6 0.993815
1638000000 5461.22 124.804 12015.1 0.993851
1638100000 5461.23 126.189 12012 0.99371
1638200000 5461.22 124.471 12015.9 0.993863
1638300000 5461.21 127.335 12009.4 0.993679
1638400000 5461.24 122.3 12020.8 0.993967
1638500000 5461.23 123.059 12019.1 0.993925
1638600000 5461.23 121.858 12021.8 0.994041
1638700000 5461.22 126.592 12011.1 0.99368
1638800000 5461.22 125.268 12014.1 0.993809
1638900000 5461.21 128.909 12005.9 0.993561
1639000000 5461.24 127.599 12008.9 0.993578
1639100000 5461.23 123.995 12017 0.993887
1639200000 5461.21 126.961 12010.3 0.993667
1639300000 5461.24 125.561 12013.5 0.993728
1639400000 5461.21 126.883 12010.5 0.993674
1639500000 5461.21 123.203 12018.7 0.993933
1639600000 5461.24 123.064 12019.1 0.993946
1639700000 5461.22 126.523 12011.3 0.993706
1639800000 5461.23 123.623 12017.8 0.993892
1639900000 5461.22 126.972 12010.3 0.993663
1640000000 5461.24 126.626 12011.1 0.993661
1640100000 5461.23 124.903 12014.9 0.993875
1640200000 5461.22 126.013 12012.4 0.993772
1640300000 5461.21 124.649 12015.5 0.993833
1640400000 5461.23 125.45 12013.7 0.99379
1640500000 5461.22 123.28 12018.6 0.99392
1640600000 5461.23 126.854 12010.5 0.993716
1640700000 5461.22 124.986 12014.7 0.993861
1640800000 5461.22 124.632 12015.5 0.993836
1640900000 5461.22 125.832 12012.8 0.993773
1641000000 5461.23 126.975 12010.3 0.993675
1641100000 5461.22 125.542 12013.5 0.993745
1641200000 5461.23 125.537 12013.5 0.993758
1641300000 5461.24 124.332 12016.2 0.99386
1641400000 5461.23 122.313 12020.8 0.994005
1641500000 5461.23 128.03 12007.9 0.993622
1641600000 5461.23 124.389 12016.1 0.993861
1641700000 5461.21 132.492 11997.8 0.993243
1641800000 5461.23 126.923 12010.4 0.993675
1641900000 5461.23 126.73 12010.8 0.993678
1642000000 5461.23 127.744 12008.5 0.993587
1642100000 5461.23 122.318 12020.8 0.994001
1642200000 5461.22 127.615 12008.8 0.993641
1642300000 5461.22 128.26 12007.4 0.993647
1642400000 5461.24 122.067 12021.4 0.994001
1642500000 5461.22 124.735 12015.3 0.993839
1642600000 5461.22 122.654 12020 0.993986
1642700000 5461.25 126.622 12011.1 0.993675
1642800000 5461.21 124.597 12015.6 0.993865
1642900000 5461.22 126.337 12011.7 0.993746
1643000000 5461.22 122.778 12019.7 0.993963
1643100000 5461.22 125.281 12014.1 0.9938
1643200000 5461.22 127.26 12009.6 0.993662
1643300000 5461.23 127.942 12008.1 0.993566
1643400000 5461.24 123.808 12017.4 0.993868
1643500000 5461.22 127.356 12009.4 0.993624
1643600000 5461.22 134.992 11992.2 0.993018
1643700000 5461.22 127.947 12008.1 0.993545
1643800000 5461.23 128.439 12007 0.993555
1643900000 5461.22 122.558 12020.2 0.994012
1644000000 5461.23 123.753 12017.5 0.993878
1644100000 5461.22 128.219 12007.5 0.993584
1644200000 5461.23 122.442 12020.5 0.993983
1644300000 5461.23 125.159 12014.4 0.993775
1644400000 5461.24 121.238 12023.2 0.994081
1644500000 5461.22 126.788 12010.7 0.993687
1644600000 5461.23 125.561 12013.5 0.993766
1644700000 5461.21 125.634 12013.3 0.993789
1644800000 5461.22 130.217 12003 0.993395
1644900000 5461.23 124.406 12016.1 0.993852
1645000000 5461.23 123.58 12017.9 0.993905
1645100000 5461.23 127.252 12009.7 0.993619
1645200000 5461.24 129.247 12005.2 0.993463
1645300000 5461.22 126.926 12010.4 0.993726
1645400000 5461.23 122.59 12020.2 0.993947
1645500000 5461.21 129.626 12004.3 0.993489
1645600000 5461.21 128.567 12006.7 0.993514
1645700000 5461.21 127.931 12008.1 0.993587
1645800000 5461.23 123.966 12017.1 0.993842
1645900000 5461.22 127.421 12009.3 0.993608
1646000000 5461.22 125.591 12013.4 0.993788
1646100000 5461.24 123.554 12018 0.993896
1646200000 5461.22 125.036 12014.6 0.993829
1646300000 5461.22 124.981 12014.8 0.993864
1646400000 5461.23 124.275 12016.4 0.993869
1646500000 5461.22 125.97 12012.5 0.99373
1646600000 5461.23 125.832 12012.9 0.993731
1646700000 5461.22 126.095 12012.2 0.993779
1646800000 5461.24 126.629 12011.1 0.993949
1646900000 5461.23 124.079 12016.8 0.993857
1647000000 5461.22 128.279 12007.3 0.993529
1647100000 5461.23 130.677 12001.9 0.993491
1647200000 5461.23 121.535 12022.5 0.994078
1647300000 5461.22 129.185 12005.3 0.993513
1647400000 5461.22 126.73 12010.8 0.993737
1647500000 5461.22 124.251 12016.4 0.993836
1647600000 5461.22 123.002 12019.2 0.993946
1647700000 5461.23 123.189 12018.8 0.993941
1647800000 5461.24 122.461 12020.5 0.993978
1647900000 5461.22 128.603 12006.6 0.993514
1648000000 5461.22 123.561 12018 0.993938
1648100000 5461.22 129.099 12005.5 0.993521
1648200000 5461.23 121.027 12023.7 0.994079
1648300000 5461.22 126.949 12010.3 0.993686
1648400000 5461.21 129.443 12004.7 0.993514
1648500000 5461.22 126.457 12011.4 0.993725
1648600000 5461.24 125.167 12014.4 0.993813
1648700000 5461.22 124.32 12016.2 0.993845
1648800000 5461.21 124.838 12015.1 0.993922
1648900000 5461.22 126.683 12010.9 0.993711
1649000000 5461.22 126.174 12012.1 0.993703
1649100000 5461.22 128.237 12007.4 0.993589
1649200000 5461.23 128.945 12005.8 0.993447
1649300000 5461.23 127.025 12010.2 0.993686
1649400000 5461.23 124.701 12015.4 0.993857
1649500000 5461.23 124.555 12015.7 0.993792
1649600000 5461.22 125.31 12014 0.993789
1649700000 5461.23 122.673 12020 0.993975
1649800000 5461.22 128.748 12006.3 0.993557
1649900000 5461.23 126.107 12012.2 0.99374
1650000000 5461.23 126.256 12011.9 0.993717
1650100000 5461.21 132.938 11996.8 0.993192
1650200000 5461.22 126.772 12010.7 0.993733
1650300000 5461.23 126.639 12011 0.994908
1650400000 5461.24 122.523 12020.3 0.993968
1650500000 5461.23 124.244 12016.4 0.993862
1650600000 5461.22 130.079 12003.3 0.993465
1650700000 5461.24 123.118 12019 0.994244
1650800000 5461.22 122.04 12021.4 0.994058
1650900000 5461.21 126.394 12011.6 0.993696
1651000000 5461.23 129.559 12004.5 0.993459
1651100000 5461.23 124.781 12015.2 0.993828
1651200000 5461.23 123.947 12017.1 0.993917
1651300000 5461.22 125.95 12012.6 0.993735
1651400000 5461.22 127.047 12010.1 0.993648
1651500000 5461.23 128.312 12007.3 0.993542
1651600000 5461.23 129.979 12003.5 0.993428
1651700000 5461.22 124.881 12015 0.99387
1651800000 5461.22 130.28 12002.8 0.993451
1651900000 5461.22 125.231 12014.2 0.993789
1652000000 5461.22 129.511 12004.5 0.993518
1652100000 5461.23 124.65 12015.5 0.993796
1652200000 5461.23 125.371 12013.9 0.993777
1652300000 5461.21 131.088 12001 0.993338
1652400000 5461.22 126.254 12011.9 0.993772
1652500000 5461.23 129.11 12005.5 0.993527
1652600000 5461.22 128.926 12005.9 0.993549
1652700000 5461.24 124.859 12015.1 0.993814
1652800000 5461.24 125.881 12012.8 0.993696
1652900000 5461.24 122.167 12021.1 0.993994
1653000000 5461.22 125.198 12014.3 0.993789
1653100000 5461.22 124.17 12016.6 0.994493
1653200000 5461.23 127.69 12008.7 0.993606
1653300000 5461.24 124.573 12015.7 0.993788
1653400000 5461.23 128.861 12006 0.993503
1653500000 5461.22 125.429 12013.8 0.993769
1653600000 5461.22 125.02 12014.7 0.993836
1653700000 5461.22 123.361 12018.4 0.993965
1653800000 5461.23 126.887 12010.5 0.99363
1653900000 5461.22 131.787 11999.4 0.993275
1654000000 5461.24 123.298 12018.6 0.99394
1654100000 5461.22 124.179 12016.5 0.993903
1654200000 5461.23 125.736 12013.1 0.99374
1654300000 5461.22 123.439 12018.2 0.993964
1654400000 5461.23 126.894 12010.5 0.99372
1654500000 5461.22 127.46 12009.2 0.993659
1654600000 5461.23 128.269 12007.4 0.993542
1654700000 5461.23 122.282 12020.9 0.994002
1654800000 5461.22 125.166 12014.3 0.993818
1654900000 5461.23 123.736 12017.6 0.993849
1655000000 5461.23 122.61 12020.1 0.993999
1655100000 5461.21 131.236 12000.6 0.993389
1655200000 5461.23 124.69 12015.4 0.993902
1655300000 5461.22 127.205 12009.7 0.993669
1655400000 5461.22 129.086 12005.5 0.99349
1655500000 5461.23 125.884 12012.7 0.99374
1655600000 5461.22 126.773 12010.7 0.993677
1655700000 5461.23 124.072 12016.8 0.993886
1655800000 5461.22 128.048 12007.8 0.995289
1655900000 5461.22 128.363 12007.1 0.993598
1656000000 5461.23 127.424 12009.3 0.993649
1656100000 5461.21 125.689 12013.1 0.993778
1656200000 5461.22 125.998 12012.5 0.993757
1656300000 5461.23 124.081 12016.8 0.993849
1656400000 5461.24 123.137 12018.9 0.993904
1656500000 5461.23 127.719 12008.6 0.993569
1656600000 5461.22 125.552 12013.5 0.993785
1656700000 5461.22 130.731 12001.8 0.993387
1656800000 5461.22 126.026 12012.4 0.993741
1656900000 5461.23 128.277 12007.4 0.993537
1657000000 5461.23 122.925 12019.4 0.993987
1657100000 5461.22 125.498 12013.6 0.993742
1657200000 5461.23 123.69 12017.7 0.993894
1657300000 5461.21 126.45 12011.4 0.9937
1657400000 5461.23 126.162 12012.1 0.993716
1657500000 5461.23 122.735 12019.8 0.993931
1657600000 5461.23 130.273 12002.9 0.993423
1657700000 5461.23 125.18 12014.3 0.9938
1657800000 5461.22 126.871 12010.5 0.993644
1657900000 5461.22 123.934 12017.1 0.993915
1658000000 5461.21 130.224 12002.9 0.993496
1658100000 5461.23 123.465 12018.2 0.993932
1658200000 5461.23 122.421 12020.5 0.993948
1658300000 5461.24 125.574 12013.5 0.993719
1658400000 5461.23 128.126 12007.7 0.993581
1658500000 5461.22 124.856 12015 0.99383
1658600000 5461.22 126.027 12012.4 0.993745
1658700000 5461.23 121.913 12021.7 0.993997
1658800000 5461.22 128.236 12007.4 0.993564
1658900000 5461.22 122.381 12020.6 0.993966
1659000000 5461.23 124.648 12015.5 0.993824
1659100000 5461.22 127.75 12008.5 0.993588
1659200000 5461.24 124.315 12016.3 0.993848
1659300000 5461.22 126.51 12011.3 0.993737
1659400000 5461.24 125.875 12012.8 0.993752
1659500000 5461.23 122.565 12020.2 0.993986
1659600000 5461.23 127.835 12008.3 0.993623
1659700000 5461.24 123.427 12018.3 0.993931
1659800000 5461.23 127.699 12008.7 0.993586
1659900000 5461.22 129.846 12003.8 0.99348
1660000000 5461.24 126.661 12011 0.993664
1660100000 5461.22 128.195 12007.5 0.993602
1660200000 5461.23 128.849 12006.1 0.993501
1660300000 5461.23 119.962 12026.1 0.994166
1660400000 5461.24 128.271 12007.4 0.995596
1660500000 5461.23 123.311 12018.5 0.993915
1660600000 5461.23 126.857 12010.5 0.993686
1660700000 5461.22 124.643 12015.5 0.993825
1660800000 5461.23 124.919 12014.9 0.993827
1660900000 5461.22 128.107 12007.7 0.993566
1661000000 5461.24 123.868 12017.3 0.993864
1661100000 5461.21 129.644 12004.2 0.993418
1661200000 5461.22 127.488 12009.1 0.993616
1661300000 5461.23 123.92 12017.2 0.993895
1661400000 5461.23 126.34 12011.7 0.993703
1661500000 5461.24 124.942 12014.9 0.993803
1661600000 5461.22 125.396 12013.8 0.99384
1661700000 5461.24 120.857 12024.1 0.994068
1661800000 5461.22 121.23 12023.2 0.994056
1661900000 5461.21 122.933 12019.3 0.993988
1662000000 5461.22 128.659 12006.5 0.993584
1662100000 5461.23 124.046 12016.9 0.993805
1662200000 5461.23 124.967 12014.8 0.993846
1662300000 5461.22 136.019 11989.9 0.99298
1662400000 5461.22 125.112 12014.5 0.993775
1662500000 5461.23 126.972 12010.3 0.993638
1662600000 5461.22 127.612 12008.8 0.993639
1662700000 5461.22 120.643 12024.5 0.9941
1662800000 5461.22 124.861 12015 0.993832
1662900000 5461.23 125.852 12012.8 0.993685
1663000000 5461.23 123.032 12019.2 0.993933
1663100000 5461.23 124.33 12016.2 0.993794
1663200000 5461.21 129.371 12004.8 0.993533
1663300000 5461.23 125.726 12013.1 0.993755
1663400000 5461.21 130.233 12002.9 0.993429
1663500000 5461.23 128.756 12006.3 0.993539
1663600000 5461.22 126.655 12011 0.993669
1663700000 5461.22 124.524 12015.8 0.993864
1663800000 5461.23 123.98 12017 0.993853
1663900000 5461.22 124.741 12015.3 0.993843
1664000000 5461.23 130.04 12003.4 0.993382
1664100000 5461.22 129.546 12004.5 0.993448
1664200000 5461.22 128.462 12006.9 0.993591
1664300000 5461.24 123.382 12018.4 0.993948
1664400000 5461.23 124.794 12015.2 0.993847
1664500000 5461.23 122.428 12020.5 0.994022
1664600000 5461.24 123.549 12018 0.993924
1664700000 5461.22 129.905 12003.7 0.993438
1664800000 5461.23 122.159 12021.1 0.993964
1664900000 5461.23 126.846 12010.6 0.99369
1665000000 5461.22 124.014 12016.9 0.993864
1665100000 5461.22 130.394 12002.6 0.993446
1665200000 5461.23 126.384 12011.6 0.993671
1665300000 5461.21 127.517 12009 0.993657
1665400000 5461.23 128.04 12007.9 0.993598
1665500000 5461.24 124.789 12015.2 0.993813
1665600000 5461.23 120.967 12023.8 0.99411
1665700000 5461.23 124.623 12015.6 0.993786
1665800000 5461.23 127.017 12010.2 0.993619
1665900000 5461.24 123.433 12018.3 0.993869
1666000000 5461.23 124.773 12015.2 0.993762
1666100000 5461.22 124.902 12014.9 0.993818
1666200000 5461.21 130.12 12003.2 0.993453
1666300000 5461.22 126.461 12011.4 0.993741
1666400000 5461.22 130.572 12002.2 0.99342
1666500000 5461.22 129.3 12005 0.993538
1666600000 5461.22 126.446 12011.5 0.993748
1666700000 5461.22 127.027 12010.1 0.993669
1666800000 5461.21 127.467 12009.1 0.99366
1666900000 5461.23 127.205 12009.8 0.993965
1667000000 5461.23 128.26 12007.4 0.993551
1667100000 5461.23 122.693 12019.9 0.99397
1667200000 5461.23 125.608 12013.4 0.993745
1667300000 5461.22 130.615 12002.1 0.993375
1667400000 5461.22 127.698 12008.6 0.993632
1667500000 5461.23 126.029 12012.4 0.9937
1667600000 5461.22 137.629 11986.3 0.992903
1667700000 5461.23 127.268 12009.6 0.99367
1667800000 5461.22 128.865 12006 0.993519
1667900000 5461.22 125.836 12012.8 0.993777
1668000000 5461.23 128.811 12006.1 0.993532
1668100000 5461.22 129.445 12004.7 0.99355
1668200000 5461.24 124.987 12014.8 0.993775
1668300000 5461.23 127.569 12009 0.993584
1668400000 5461.22 125.726 12013.1 0.993785
1668500000 5461.23 126.683 12010.9 0.99359
1668600000 5461.22 128.722 12006.3 0.993545
1668700000 5461.22 128.216 12007.5 0.993579
1668800000 5461.22 127.252 12009.6 0.99369
1668900000 5461.22 125.221 12014.2 0.993804
1669000000 5461.22 131.841 11999.3 0.993184
1669100000 5461.23 124.782 12015.2 0.993801
1669200000 5461.23 123.702 12017.6 0.993922
1669300000 5461.22 124.414 12016 0.993879
1669400000 5461.22 129.647 12004.2 0.993512
1669500000 5461.23 127.347 12009.4 0.993635
1669600000 5461.22 124.045 12016.9 0.99386
1669700000 5461.23 132.225 11998.5 0.993269
1669800000 5461.22 124.626 12015.6 0.993829
1669900000 5461.23 125.31 12014 0.99379
1670000000 5461.22 123.423 12018.3 0.993917
1670100000 5461.22 124.645 12015.5 0.993867
1670200000 5461.23 125.392 12013.8 0.993828
1670300000 5461.22 127.003 12010.2 0.994949
1670400000 5461.23 124.901 12014.9 0.993799
1670500000 5461.24 125.336 12014 0.993967
1670600000 5461.21 127.063 12010 0.993685
1670700000 5461.22 128.555 12006.7 0.99354
1670800000 5461.22 127.514 12009 0.993671
1670900000 5461.23 124.622 12015.6 0.993806
1671000000 5461.23 125.148 12014.4 0.993783
1671100000 5461.22 123.606 12017.8 0.993916
1671200000 5461.24 121.606 12022.4 0.994041
1671300000 5461.23 123.98 12017 0.993832
1671400000 5461.21 125.718 12013.1 0.993725
1671500000 5461.22 125.459 12013.7 0.993788
1671600000 5461.23 127.464 12009.2 0.993641
1671700000 5461.23 127.685 12008.7 0.993646
1671800000 5461.23 123.686 12017.7 0.993872
1671900000 5461.21 127.445 12009.2 0.99367
1672000000 5461.23 123.951 12017.1 0.99389
1672100000 5461.23 125.327 12014 0.99382
1672200000 5461.22 125.439 12013.7 0.993784
1672300000 5461.23 126.994 12010.2 0.993655
1672400000 5461.23 122.815 12019.7 0.993973
1672500000 5461.23 127.841 12008.3 0.993605
1672600000 5461.22 130.446 12002.4 0.993418
1672700000 5461.23 124.163 12016.6 0.99386
1672800000 5461.23 124.652 12015.5 0.993818
1672900000 5461.23 123.876 12017.3 0.993862
1673000000 5461.23 123.661 12017.7 0.993929
1673100000 5461.23 122.818 12019.6 0.993951
1673200000 5461.22 127.104 12010 0.99366
1673300000 5461.2 131.184 12000.7 0.993453
1673400000 5461.22 126.541 12011.2 0.993715
1673500000 5461.23 130.371 12002.6 0.993387
1673600000 5461.23 124.932 12014.9 0.993808
1673700000 5461.23 129.145 12005.4 0.993504
1673800000 5461.22 129.531 12004.5 0.993499
1673900000 5461.23 124.318 12016.3 0.993796
1674000000 5461.23 122.222 12021 0.994002
1674100000 5461.23 124.651 12015.5 0.993813
1674200000 5461.21 128.098 12007.7 0.993656
1674300000 5461.23 126.721 12010.9 0.993652
1674400000 5461.23 130.828 12001.6 0.993339
1674500000 5461.23 127.178 12009.8 0.993654
1674600000 5461.23 125.003 12014.7 0.993821
1674700000 5461.23 125.586 12013.4 0.993697
1674800000 5461.24 124.989 12014.8 0.993805
1674900000 5461.23 123.062 12019.1 0.993973
1675000000 5461.23 124.914 12014.9 0.993843
1675100000 5461.23 129.943 12003.6 0.993442
1675200000 5461.22 126.66 12011 0.993722
1675300000 5461.22 124.667 12015.5 0.993858
1675400000 5461.23 122.308 12020.8 0.993957
1675500000 5461.23 125.028 12014.7 0.99382
1675600000 5461.22 125.885 12012.7 0.993776
1675700000 5461.23 125.581 12013.4 0.993793
1675800000 5461.23 126.466 12011.4 0.9937
1675900000 5461.22 126.498 12011.3 0.993734
1676000000 5461.23 119.687 12026.7 0.994141
1676100000 5461.22 127.73 12008.6 0.993637
1676200000 5461.23 121.629 12022.3 0.994006
1676300000 5461.23 122.077 12021.3 0.994004
1676400000 5461.23 129.742 12004 0.993417
1676500000 5461.22 125.473 12013.6 0.993768
1676600000 5461.23 126.18 12012.1 0.993733
1676700000 5461.23 125.037 12014.6 0.993807
1676800000 5461.21 127.006 12010.2 0.993723
1676900000 5461.23 122.212 12021 0.994038
1677000000 5461.21 126.419 12011.5 0.993758
1677100000 5461.23 123.68 12017.7 0.993863
1677200000 5461.23 123.506 12018.1 0.993911
1677300000 5461.22 125.164 12014.3 0.993801
1677400000 5461.23 130.683 12001.9 0.993273
1677500000 5461.22 126.317 12011.7 0.993704
1677600000 5461.23 124.001 12017 0.993886
1677700000 5461.22 123.967 12017 0.993897
1677800000 5461.22 128.942 12005.8 0.993567
1677900000 5461.23 127.899 12008.2 0.993539
1678000000 5461.22 129.167 12005.3 0.993533
1678100000 5461.23 123.218 12018.7 0.99392
1678200000 5461.24 121.983 12021.6 0.994039
1678300000 5461.21 131.605 11999.8 0.993342
1678400000 5461.23 125.042 12014.6 0.993784
1678500000 5461.21 127.36 12009.4 0.993695
1678600000 5461.21 127.827 12008.3 0.993601
1678700000 5461.22 125.883 12012.7 0.9937
1678800000 5461.23 120.195 12025.5 0.994156
1678900000 5461.23 124.347 12016.2 0.993846
1679000000 5461.22 126.085 12012.3 0.993756
1679100000 5461.23 125.232 12014.2 0.99399
1679200000 5461.22 130.148 12003.1 0.993468
1679300000 5461.22 121.994 12021.5 0.994023
1679400000 5461.23 126.598 12011.1 0.993668
1679500000 5461.23 125.215 12014.2 0.993814
1679600000 5461.23 123.84 12017.3 0.993904
1679700000 5461.23 130.604 12002.1 0.993336
1679800000 5461.23 122.789 12019.7 0.993975
1679900000 5461.24 123.826 12017.4 0.99389
1680000000 5461.23 124.717 12015.4 0.993873
1680100000 5461.22 126.796 12010.7 0.993728
1680200000 5461.22 128.484 12006.9 0.993578
1680300000 5461.22 125.59 12013.4 0.993748
1680400000 5461.23 121.106 12023.5 0.994086
1680500000 5461.24 121.906 12021.7 0.994036
1680600000 5461.23 125.48 12013.6 0.993795
1680700000 5461.22 124.703 12015.4 0.99383
1680800000 5461.24 122.414 12020.6 0.99394
1680900000 5461.21 128.12 12007.7 0.993589
1681000000 5461.24 128.937 12005.9 0.99341
1681100000 5461.22 127.02 12010.2 0.993652
1681200000 5461.22 121.863 12021.8 0.994062
1681300000 5461.23 122.967 12019.3 0.993955
1681400000 5461.22 126.531 12011.3 0.993712
1681500000 5461.23 125.79 12013 0.993751
1681600000 5461.22 132.244 11998.4 0.993265
1681700000 5461.23 124.882 12015 0.993844
1681800000 5461.24 125.514 12013.6 0.993711
1681900000 5461.23 126.4 12011.6 0.993723
1682000000 5461.24 129.191 12005.3 0.993466
1682100000 5461.22 127.427 12009.2 0.993655
1682200000 5461.22 123.724 12017.6 0.993891
1682300000 5461.24 123.879 12017.3 0.993872
1682400000 5461.22 128.028 12007.9 0.993541
1682500000 5461.22 129.255 12005.1 0.993509
1682600000 5461.23 125.516 12013.6 0.993746
1682700000 5461.21 127.212 12009.7 0.993603
1682800000 5461.23 123.959 12017.1 0.993867
1682900000 5461.22 125.399 12013.8 0.993801
1683000000 5461.23 126.429 12011.5 0.993727
1683100000 5461.22 127.91 12008.2 0.993624
1683200000 5461.21 127.18 12009.8 0.993629
1683300000 5461.23 124.986 12014.8 0.993765
1683400000 5461.22 127.155 12009.9 0.993694
1683500000 5461.23 126.822 12010.6 0.993687
1683600000 5461.22 126.981 12010.2 0.993646
1683700000 5461.23 126.895 12010.5 0.993632
1683800000 5461.22 126.548 12011.2 0.994173
1683900000 5461.22 128.699 12006.4 0.99357
1684000000 5461.24 126.653 12011 0.993622
1684100000 5461.22 127.014 12010.2 0.993692
1684200000 5461.22 127.336 12009.4 0.99367
1684300000 5461.22 128.199 12007.5 0.993563
1684400000 5461.22 129.205 12005.2 0.993518
1684500000 5461.23 127.58 12008.9 0.993612
1684600000 5461.22 123.21 12018.7 0.993966
1684700000 5461.22 131.088 12001 0.99342
1684800000 5461.23 125.707 12013.1 0.993727
1684900000 5461.23 127.92 12008.1 0.993521
1685000000 5461.23 127.36 12009.4 0.993628
1685100000 5461.21 132.839 11997 0.993287
1685200000 5461.24 124.241 12016.5 0.993858
1685300000 5461.23 129.542 12004.5 0.993502
1685400000 5461.23 124.703 12015.4 0.993822
1685500000 5461.21 129.906 12003.6 0.993494
1685600000 5461.23 122.977 12019.3 0.993957
1685700000 5461.22 125.341 12013.9 0.993796
1685800000 5461.22 126.456 12011.4 0.993713
1685900000 5461.22 125.656 12013.2 0.993776
1686000000 5461.22 124.27 12016.3 0.993868
1686100000 5461.21 125.407 12013.8 0.994002
1686200000 5461.21 130.767 12001.7 0.993413
1686300000 5461.24 123.273 12018.6 0.993903
1686400000 5461.22 122.997 12019.2 0.993947
1686500000 5461.21 130.105 12003.2 0.993463
1686600000 5461.22 128.557 12006.7 0.993513
1686700000 5461.22 129.018 12005.7 0.993525
1686800000 5461.23 133.627 11995.3 0.993168
1686900000 5461.21 126.279 12011.8 0.99373
1687000000 5461.22 126.853 12010.5 0.993693
1687100000 5461.21 129.117 12005.4 0.993589
1687200000 5461.22 122.101 12021.2 0.994025
1687300000 5461.23 122.855 12019.6 0.993966
1687400000 5461.22 127.594 12008.9 0.99364
1687500000 5461.23 129.981 12003.5 0.993404
1687600000 5461.22 126.369 12011.6 0.993722
1687700000 5461.22 123.622 12017.8 0.993883
1687800000 5461.22 126.679 12010.9 0.993674
1687900000 5461.22 128.921 12005.9 0.99346
1688000000 5461.22 125.724 12013.1 0.993781
1688100000 5461.22 128.178 12007.6 0.993616
1688200000 5461.22 124.222 12016.5 0.993897
1688300000 5461.23 125.459 12013.7 0.993739
1688400000 5461.23 124.784 12015.2 0.993827
1688500000 5461.21 125.988 12012.5 0.99376
1688600000 5461.22 128.333 12007.2 0.993494
1688700000 5461.22 129.499 12004.6 0.993502
1688800000 5461.21 124.738 12015.3 0.993869
1688900000 5461.22 123.086 12019 0.993905
1689000000 5461.21 128.319 12007.2 0.993555
1689100000 5461.24 125.863 12012.8 0.993726
1689200000 5461.22 128.232 12007.4 0.993614
1689300000 5461.22 128.506 12006.8 0.993542
1689400000 5461.24 128.828 12006.1 0.993478
1689500000 5461.22 128.099 12007.7 0.993525
1689600000 5461.23 133.167 11996.3 0.993204
1689700000 5461.22 127.158 12009.9 0.993665
1689800000 5461.21 127.129 12009.9 0.9937
1689900000 5461.23 125.857 12012.8 0.993728
1690000000 5461.24 123.445 12018.2 0.993931
1690100000 5461.22 126.339 12011.7 0.993727
1690200000 5461.24 123.363 12018.4 0.993915
1690300000 5461.25 123.589 12017.9 0.99386
1690400000 5461.22 127.928 12008.1 0.993606
1690500000 5461.23 122.391 12020.6 0.993968
1690600000 5461.22 125.444 12013.7 0.993789
1690700000 5461.22 124.125 12016.7 0.993914
1690800000 5461.22 133.014 11996.7 0.993218
1690900000 5461.22 127.964 12008 0.993633
1691000000 5461.22 122.429 12020.5 0.994023
1691100000 5461.22 125.684 12013.2 0.993761
1691200000 5461.25 121.126 12023.5 0.994086
1691300000 5461.22 125.52 12013.5 0.99378
1691400000 5461.22 127.771 12008.5 0.993608
1691500000 5461.23 127.735 12008.6 0.993609
1691600000 5461.23 119.817 12026.4 0.994183
1691700000 5461.22 134.085 11994.3 0.993034
1691800000 5461.22 128.289 12007.3 0.993519
1691900000 5461.24 127.759 12008.5 0.993552
1692000000 5461.22 130.671 12001.9 0.993394
1692100000 5461.22 125.551 12013.5 0.993791
1692200000 5461.24 121.228 12023.2 0.994076
1692300000 5461.21 130.416 12002.5 0.993416
1692400000 5461.23 123.008 12019.2 0.993936
1692500000 5461.23 121.375 12022.9 0.994056
1692600000 5461.21 126.728 12010.8 0.99368
1692700000 5461.23 122.772 12019.7 0.993938
1692800000 5461.22 127.861 12008.3 0.993574
1692900000 5461.22 126.481 12011.4 0.993687
1693000000 5461.22 127.287 12009.6 0.993658
1693100000 5461.22 131.783 11999.4 0.993317
1693200000 5461.22 123.575 12017.9 0.993916
1693300000 5461.23 126.2 12012 0.993716
1693400000 5461.22 130.206 12003 0.993464
1693500000 5461.23 121.957 12021.6 0.99403
1693600000 5461.23 124.37 12016.2 0.993858
1693700000 5461.22 125.059 12014.6 0.993827
1693800000 5461.24 126.282 12011.9 0.993697
1693900000 5461.23 125.378 12013.9 0.993775
1694000000 5461.2 134.58 11993.1 0.993122
1694100000 5461.23 125.134 12014.4 0.993813
1694200000 5461.21 128.767 12006.2 0.993604
1694300000 5461.23 126.047 12012.4 0.993758
1694400000 5461.23 124.731 12015.3 0.993759
1694500000 5461.23 126.104 12012.2 0.993706
1694600000 5461.23 122.135 12021.2 0.994003
1694700000 5461.21 127.732 12008.5 0.993632
1694800000 5461.22 125.11 12014.5 0.993765
1694900000 5461.23 131.063 12001.1 0.993299
1695000000 5461.22 123.982 12017 0.993896
1695100000 5461.22 136.485 11988.8 0.99288
1695200000 5461.21 127.602 12008.8 0.993585
1695300000 5461.23 128.776 12006.2 0.993506
1695400000 5461.23 126.853 12010.6 0.993684
1695500000 5461.23 123.079 12019 0.993935
1695600000 5461.23 126.261 12011.9 0.993682
1695700000 5461.23 123.577 12017.9 0.993875
1695800000 5461.21 130.949 12001.3 0.993448
1695900000 5461.23 124.672 12015.5 0.993856
1696000000 5461.22 127.727 12008.6 0.99359
1696100000 5461.23 125.409 12013.8 0.993768
1696200000 5461.23 135.888 11990.2 0.992944
1696300000 5461.23 126.353 12011.7 0.993708
1696400000 5461.22 129.797 12003.9 0.993381
1696500000 5461.21 124.48 12015.9 0.993872
1696600000 5461.23 129.924 12003.6 0.993419
1696700000 5461.22 128.217 12007.5 0.993628
1696800000 5461.21 123.149 12018.9 0.993933
1696900000 5461.23 127.683 12008.7 0.993612
1697000000 5461.23 128.447 12007 0.995137
1697100000 5461.22 128.373 12007.1 0.993537
1697200000 5461.23 126.122 12012.2 0.993721
1697300000 5461.23 123.973 12017 0.993867
1697400000 5461.23 123.72 12017.6 0.993901
1697500000 5461.23 122.858 12019.5 0.993965
1697600000 5461.23 124.031 12016.9 0.99385
1697700000 5461.23 125.046 12014.6 0.993779
1697800000 5461.22 122.484 12020.4 0.99401
1697900000 5461.23 126.313 12011.8 0.993754
1698000000 5461.23 126.911 12010.4 0.993674
1698100000 5461.24 126.274 12011.9 0.993669
1698200000 5461.21 131.36 12000.4 0.993343
1698300000 5461.23 122.964 12019.3 0.994235
1698400000 5461.22 126.012 12012.4 0.993752
1698500000 5461.23 124.666 12015.5 0.993865
1698600000 5461.23 122.53 12020.3 0.993967
1698700000 5461.23 124.042 12016.9 0.993852
1698800000 5461.23 125.71 12013.1 0.99376
1698900000 5461.22 130.587 12002.1 0.993411
1699000000 5461.23 126.064 12012.3 0.993761
1699100000 5461.22 122.739 12019.8 0.993986
1699200000 5461.22 130.251 12002.9 0.993411
1699300000 5461.23 129.019 12005.7 0.993465
1699400000 5461.23 125.225 12014.2 0.993775
1699500000 5461.22 122.767 12019.7 0.993976
1699600000 5461.24 124.879 12015 0.993779
1699700000 5461.21 128.39 12007.1 0.993617
1699800000 5461.23 128.386 12007.1 0.993575
1699900000 5461.23 129.164 12005.4 0.993448
1700000000 5461.23 125.348 12013.9 0.993722
1700100000 5461.22 132.138 11998.6 0.993271
1700200000 5461.21 129.368 12004.8 0.993572
1700300000 5461.23 123.245 12018.7 0.993926
1700400000 5461.21 126.811 12010.6 0.993695
1700500000 5461.24 122.478 12020.4 0.993981
1700600000 5461.21 125.418 12013.7 0.993741
1700700000 5461.23 122.222 12021 0.994012
1700800000 5461.2 129.349 12004.9 0.993495
1700900000 5461.23 127.414 12009.3 0.993646
1701000000 5461.23 126.423 12011.5 0.993702
1701100000 5461.23 128.705 12006.4 0.993526
1701200000 5461.23 128.601 12006.6 0.993597
1701300000 5461.24 126.514 12011.3 0.993647
1701400000 5461.23 123.804 12017.4 0.993916
1701500000 5461.23 124.956 12014.8 0.993837
1701600000 5461.23 125.385 12013.9 0.993898
1701700000 5461.23 124.719 12015.4 0.993825
1701800000 5461.22 123.906 12017.2 0.993908
1701900000 5461.21 129.398 12004.8 0.993528
1702000000 5461.21 130.793 12001.6 0.993421
1702100000 5461.22 130.752 12001.8 0.993386
1702200000 5461.22 125.787 12012.9 0.993786
1702300000 5461.23 122.341 12020.7 0.99402
1702400000 5461.23 125.987 12012.5 0.993739
1702500000 5461.21 131.985 11999 0.993361
1702600000 5461.24 121.758 12022.1 0.994003
1702700000 5461.22 129.148 12005.4 0.993391
1702800000 5461.23 129.953 12003.6 0.993411
1702900000 5461.22 127.56 12008.9 0.993671
1703000000 5461.23 122.701 12019.9 0.99397
1703100000 5461.22 124.061 12016.8 0.993899
1703200000 5461.23 126.532 12011.3 0.993674
1703300000 5461.23 124.612 12015.6 0.993803
1703400000 5461.23 122.271 12020.9 0.994002
1703500000 5461.23 125.95 12012.6 0.993704
1703600000 5461.23 127.027 12010.2 0.993689
1703700000 5461.23 129.031 12005.6 0.993482
1703800000 5461.24 126.651 12011 0.993661
1703900000 5461.24 128.499 12006.9 0.993489
1704000000 5461.23 128.289 12007.3 0.993592
1704100000 5461.22 132.266 11998.3 0.993285
1704200000 5461.21 124.366 12016.1 0.993878
1704300000 5461.21 127.905 12008.2 0.9936
1704400000 5461.22 137.715 11986.1 0.99286
1704500000 5461.22 126.868 12010.5 0.993667
1704600000 5461.22 127.444 12009.2 0.993596
1704700000 5461.23 130.017 12003.4 0.993424
1704800000 5461.23 125.019 12014.7 0.99379
1704900000 5461.23 127.074 12010.1 0.993625
1705000000 5461.24 120.971 12023.8 0.994102
1705100000 5461.23 124.702 12015.4 0.993832
1705200000 5461.21 131.917 11999.1 0.993349
1705300000 5461.23 127.628 12008.8 0.993611
1705400000 5461.24 119.921 12026.2 0.994149
1705500000 5461.22 130.032 12003.4 0.993563
1705600000 5461.22 122.9 12019.4 0.993987
1705700000 5461.22 128.4 12007.1 0.993566
1705800000 5461.22 128.309 12007.3 0.993603
1705900000 5461.23 124.336 12016.2 0.99383
1706000000 5461.23 125.775 12013 0.993799
1706100000 5461.22 124.551 12015.7 0.993848
1706200000 5461.22 129.795 12003.9 0.993497
1706300000 5461.22 130.155 12003.1 0.993501
1706400000 5461.22 124.381 12016.1 0.993881
1706500000 5461.22 128.722 12006.3 0.99358
1706600000 5461.23 125.294 12014.1 0.993766
1706700000 5461.22 124.055 12016.8 0.993878
1706800000 5461.22 128.58 12006.6 0.99358
1706900000 5461.23 121.653 12022.3 0.994019
1707000000 5461.22 127.386 12009.3 0.993682
1707100000 5461.23 130.694 12001.9 0.993375
1707200000 5461.23 126.963 12010.3 0.993678
1707300000 5461.22 125.778 12013 0.993767
1707400000 5461.22 125.831 12012.8 0.993789
1707500000 5461.22 134.605 11993.1 0.994703
1707600000 5461.22 126.728 12010.8 0.993643
1707700000 5461.22 125.727 12013.1 0.9938
1707800000 5461.22 131.294 12000.5 0.993389
1707900000 5461.23 123.59 12017.9 0.993892
1708000000 5461.23 122.427 12020.5 0.994035
1708100000 5461.21 132.157 11998.6 0.993232
1708200000 5461.21 132.877 11997 0.993251
1708300000 5461.22 127.668 12008.7 0.993635
1708400000 5461.22 124.731 12015.3 0.993827
1708500000 5461.23 125.219 12014.2 0.993765
1708600000 5461.23 125.733 12013.1 0.993781
1708700000 5461.22 125.211 12014.2 0.993819
1708800000 5461.22 129.503 12004.6 0.993523
1708900000 5461.21 132.017 11998.9 0.993302
1709000000 5461.22 128.386 12007.1 0.993619
1709100000 5461.23 126.22 12012 0.993659
1709200000 5461.24 123.966 12017.1 0.993879
1709300000 5461.22 130.241 12002.9 0.993431
1709400000 5461.23 123.409 12018.3 0.993911
1709500000 5461.22 130.904 12001.4 0.993386
1709600000 5461.24 125.988 12012.5 0.993713
1709700000 5461.22 128.478 12006.9 0.993621
1709800000 5461.22 134.517 11993.3 0.993059
1709900000 5461.24 126.065 12012.3 0.993718
1710000000 5461.23 122.169 12021.1 0.994041
1710100000 5461.22 123.113 12018.9 0.993984
1710200000 5461.23 127.087 12010 0.993633
1710300000 5461.24 125.587 12013.4 0.993804
1710400000 5461.21 135.003 11992.2 0.993053
1710500000 5461.22 127.896 12008.2 0.993647
1710600000 5461.23 121.579 12022.4 0.994039
1710700000 5461.23 123.885 12017.2 0.993882
1710800000 5461.22 125.685 12013.2 0.993781
1710900000 5461.24 122.541 12020.3 0.993959
1711000000 5461.23 126.353 12011.7 0.993704
1711100000 5461.23 121.398 12022.8 0.994067
1711200000 5461.21 125.052 12014.6 0.993836
1711300000 5461.22 127.626 12008.8 0.993642
1711400000 5461.21 128.374 12007.1 0.993579
1711500000 5461.22 124.5 12015.8 0.993889
1711600000 5461.22 128.801 12006.1 0.993635
1711700000 5461.23 122.839 12019.6 0.993939
1711800000 5461.23 124.552 12015.7 0.993813
1711900000 5461.22 129.453 12004.7 0.993472
1712000000 5461.23 125.519 12013.6 0.993789
1712100000 5461.22 128.088 12007.8 0.993577
1712200000 5461.23 128.215 12007.5 0.99357
1712300000 5461.23 128.445 12007 0.993472
1712400000 5461.22 128.76 12006.3 0.993562
1712500000 5461.23 125.185 12014.3 0.993768
1712600000 5461.23 124.207 12016.5 0.993878
1712700000 5461.21 129.163 12005.3 0.993552
1712800000 5461.23 124.92 12014.9 0.99385
1712900000 5461.21 124.326 12016.2 0.993946
1713000000 5461.21 125.406 12013.8 0.993801
1713100000 5461.22 123.637 12017.8 0.993926
1713200000 5461.23 122.531 12020.3 0.994001
1713300000 5461.22 129.972 12003.5 0.993451
1713400000 5461.22 127.471 12009.1 0.993591
1713500000 5461.22 124.165 12016.6 0.993865
1713600000 5461.22 132.126 11998.7 0.99332
1713700000 5461.22 129.297 12005 0.993486
1713800000 5461.23 125.06 12014.6 0.993779
1713900000 5461.23 123.065 12019.1 0.99392
1714000000 5461.22 132.197 11998.5 0.993273
1714100000 5461.23 124.145 12016.7 0.993836
1714200000 5461.23 126.952 12010.3 0.993653
1714300000 5461.24 129.155 12005.4 0.993453
1714400000 5461.22 124.416 12016 0.99385
1714500000 5461.22 123.052 12019.1 0.993935
1714600000 5461.23 124.949 12014.8 0.993802
1714700000 5461.22 131.926 11999.1 0.993324
1714800000 5461.23 130.709 12001.9 0.993366
1714900000 5461.23 125.599 12013.4 0.993759
1715000000 5461.22 130.7 12001.9 0.993462
1715100000 5461.24 126.565 12011.2 0.993695
1715200000 5461.23 125.825 12012.9 0.993733
1715300000 5461.23 125.391 12013.8 0.993771
1715400000 5461.22 124.832 12015.1 0.99381
1715500000 5461.24 130.192 12003.1 0.993353
1715600000 5461.22 128.492 12006.8 0.993532
1715700000 5461.22 126.149 12012.1 0.993782
1715800000 5461.23 125.987 12012.5 0.993728
1715900000 5461.23 130.112 12003.2 0.993449
1716000000 5461.23 122.849 12019.6 0.99395
1716100000 5461.22 122.536 12020.3 0.993986
1716200000 5461.24 129.736 12004.1 0.99345
1716300000 5461.23 129.118 12005.5 0.993443
1716400000 5461.22 126.568 12011.2 0.993766
1716500000 5461.23 124.724 12015.4 0.993831
1716600000 5461.22 122.838 12019.6 0.993949
1716700000 5461.22 126.418 12011.5 0.993746
1716800000 5461.22 124.96 12014.8 0.993793
1716900000 5461.22 130.35 12002.7 0.994642
1717000000 5461.22 124.935 12014.8 0.993832
1717100000 5461.24 129.013 12005.7 0.993468
1717200000 5461.23 130.263 12002.9 0.993318
1717300000 5461.23 123.368 12018.4 0.993925
1717400000 5461.23 126.431 12011.5 0.993687
1717500000 5461.24 124.713 12015.4 0.993801
1717600000 5461.22 126.755 12010.7 0.993683
1717700000 5461.22 123.796 12017.4 0.9939
1717800000 5461.22 125.296 12014 0.993841
1717900000 5461.22 126.157 12012.1 0.993706
1718000000 5461.22 126.458 12011.4 0.993765
1718100000 5461.23 124.134 12016.7 0.993847
1718200000 5461.23 124.863 12015 0.993798
1718300000 5461.23 129.529 12004.5 0.993424
1718400000 5461.23 123.171 12018.8 0.993944
1718500000 5461.22 126.231 12011.9 0.993741
1718600000 5461.23 128.954 12005.8 0.99348
1718700000 5461.22 127.374 12009.4 0.99365
1718800000 5461.21 128.814 12006.1 0.99357
1718900000 5461.23 123.758 12017.5 0.993878
1719000000 5461.22 128.463 12006.9 0.993531
1719100000 5461.22 127.48 12009.1 0.993663
1719200000 5461.22 127.579 12008.9 0.993673
1719300000 5461.22 125.099 12014.5 0.993805
1719400000 5461.22 124.194 12016.5 0.993924
1719500000 5461.24 126.034 12012.4 0.99373
1719600000 5461.22 131.737 11999.5 0.99329
1719700000 5461.22 133.048 11996.6 0.993245
1719800000 5461.22 125.01 12014.7 0.993843
1719900000 5461.23 127.6 12008.9 0.993639
1720000000 5461.22 123.06 12019.1 0.993955
1720100000 5461.22 127.395 12009.3 0.993619
1720200000 5461.23 127.278 12009.6 0.993649
1720300000 5461.22 125.654 12013.2 0.993798
1720400000 5461.23 124.561 12015.7 0.993878
1720500000 5461.23 129.631 12004.3 0.99349
1720600000 5461.23 126.889 12010.5 0.993686
1720700000 5461.22 124.093 12016.8 0.99389
1720800000 5461.23 121.924 12021.6 0.994025
1720900000 5461.22 128.238 12007.4 0.993604
1721000000 5461.22 126.116 12012.2 0.993773
1721100000 5461.23 123.159 12018.9 0.993929
1721200000 5461.22 124.359 12016.2 0.993845
1721300000 5461.23 119.751 12026.6 0.994157
1721400000 5461.22 125.666 12013.2 0.993801
1721500000 5461.23 123.193 12018.8 0.993942
1721600000 5461.23 127.317 12009.5 0.99369
1721700000 5461.22 124.502 12015.8 0.993929
1721800000 5461.22 127.664 12008.7 0.993635
1721900000 5461.23 125.618 12013.3 0.993772
1722000000 5461.22 125.672 12013.2 0.993773
1722100000 5461.22 128.857 12006 0.993565
1722200000 5461.23 126.777 12010.7 0.993609
1722300000 5461.23 126.349 12011.7 0.993692
1722400000 5461.23 125.259 12014.1 0.993783
1722500000 5461.23 125.313 12014 0.993777
1722600000 5461.23 123.7 12017.7 0.993916
1722700000 5461.23 127.755 12008.5 0.993561
1722800000 5461.23 123.147 12018.9 0.994318
1722900000 5461.21 133.31 11996 0.993245
1723000000 5461.21 135.372 11991.3 0.993075
1723100000 5461.23 125.03 12014.7 0.99378
1723200000 5461.22 132.238 11998.4 0.99337
1723300000 5461.22 126.643 12011 0.993694
1723400000 5461.24 120.692 12024.4 0.994103
1723500000 5461.22 126.576 12011.2 0.993689
1723600000 5461.21 129.094 12005.5 0.993529
1723700000 5461.22 129.373 12004.9 0.993504
1723800000 5461.22 126.433 12011.5 0.993715
1723900000 5461.22 121.187 12023.3 0.994094
1724000000 5461.24 123.558 12018 0.993881
1724100000 5461.23 122.795 12019.7 0.993927
1724200000 5461.24 120.015 12026 0.994161
1724300000 5461.21 126.066 12012.3 0.993744
1724400000 5461.22 128.939 12005.8 0.993577
1724500000 5461.22 124.183 12016.6 0.993858
1724600000 5461.23 121.547 12022.5 0.994065
1724700000 5461.22 122.684 12019.9 0.993984
1724800000 5461.24 124.221 12016.5 0.993857
1724900000 5461.23 124.967 12014.8 0.993793
1725000000 5461.21 125.299 12014 0.993804
1725100000 5461.23 128.216 12007.5 0.993571
1725200000 5461.22 129.115 12005.4 0.99351
1725300000 5461.24 128.145 12007.7 0.99355
1725400000 5461.23 124.328 12016.2 0.993839
1725500000 5461.24 119.285 12027.6 0.994213
1725600000 5461.22 127.27 12009.6 0.993691
1725700000 5461.24 121.984 12021.5 0.994002
1725800000 5461.23 126.512 12011.3 0.993638
1725900000 5461.21 131.54 12000 0.993327
1726000000 5461.22 128.838 12006.1 0.993553
1726100000 5461.23 122.886 12019.5 0.993946
1726200000 5461.22 126.664 12011 0.993712
1726300000 5461.22 125.694 12013.2 0.993756
1726400000 5461.22 125.493 12013.6 0.993744
1726500000 5461.22 128.786 12006.2 0.993511
1726600000 5461.23 121.821 12021.9 0.994016
1726700000 5461.22 124.356 12016.2 0.993888
1726800000 5461.23 127.283 12009.6 0.99453
1726900000 5461.22 124.303 12016.3 0.993886
1727000000 5461.22 126.392 12011.6 0.993729
1727100000 5461.22 127.127 12009.9 0.993651
1727200000 5461.23 125.504 12013.6 0.993767
1727300000 5461.23 121.695 12022.2 0.994062
1727400000 5461.22 123.819 12017.4 0.993923
1727500000 5461.22 125.757 12013 0.993775
1727600000 5461.22 128.744 12006.3 0.993517
1727700000 5461.24 126.095 12012.3 0.993701
1727800000 5461.24 123.811 12017.4 0.993849
1727900000 5461.23 126.984 12010.3 0.993699
1728000000 5461.22 130.407 12002.5 0.993388
1728100000 5461.22 129.497 12004.6 0.99351
1728200000 5461.22 124.354 12016.2 0.993871
1728300000 5461.23 126.281 12011.8 0.993747
1728400000 5461.2 129.299 12005 0.993576
1728500000 5461.21 127.64 12008.7 0.993659
1728600000 5461.22 125.424 12013.8 0.993783
1728700000 5461.23 127.106 12010 0.993684
1728800000 5461.22 126.79 12010.7 0.993708
1728900000 5461.22 125.501 12013.6 0.99374
1729000000 5461.21 129.802 12003.9 0.993484
1729100000 5461.22 127.91 12008.2 0.993579
1729200000 5461.22 127.467 12009.2 0.993637
1729300000 5461.23 124.837 12015.1 0.99386
1729400000 5461.25 124.298 12016.4 0.993838
1729500000 5461.22 124.352 12016.2 0.993849
1729600000 5461.22 127.233 12009.7 0.993674
1729700000 5461.21 129.917 12003.6 0.993463
1729800000 5461.22 140.505 11979.8 0.992643
1729900000 5461.23 128.348 12007.2 0.993628
1730000000 5461.23 125.782 12013 0.993866
1730100000 5461.22 124.185 12016.5 0.993874
1730200000 5461.23 125.518 12013.6 0.993776
1730300000 5461.21 134.442 11993.4 0.993102
1730400000 5461.23 126.143 12012.2 0.993741
1730500000 5461.22 123.651 12017.8 0.993932
1730600000 5461.22 124.675 12015.4 0.993814
1730700000 5461.22 129.019 12005.7 0.993539
1730800000 5461.22 128.296 12007.3 0.99355
1730900000 5461.22 127.452 12009.2 0.993671
1731000000 5461.22 123.213 12018.7 0.993952
1731100000 5461.22 126.87 12010.5 0.993689
1731200000 5461.23 123.949 12017.1 0.993872
1731300000 5461.21 127.722 12008.6 0.993649
1731400000 5461.23 127.537 12009 0.993664
1731500000 5461.22 125.849 12012.8 0.993758
1731600000 5461.21 130.017 12003.4 0.993485
1731700000 5461.24 124.348 12016.2 0.993827
1731800000 5461.23 123.685 12017.7 0.993875
1731900000 5461.21 129.397 12004.8 0.993545
1732000000 5461.22 130.542 12002.2 0.993415
1732100000 5461.23 123.189 12018.8 0.993994
1732200000 5461.22 127.5 12009.1 0.993656
1732300000 5461.23 120.987 12023.8 0.994054
1732400000 5461.24 123.263 12018.7 0.993937
1732500000 5461.23 128.415 12007 0.993526
1732600000 5461.21 129.776 12003.9 0.993447
1732700000 5461.24 122.183 12021.1 0.993967
1732800000 5461.23 126.971 12010.3 0.993662
1732900000 5461.23 125.154 12014.4 0.993767
1733000000 5461.23 125.1 12014.5 0.993828
1733100000 5461.23 128.011 12008 0.993539
1733200000 5461.22 127.634 12008.8 0.993616
1733300000 5461.22 129.808 12003.9 0.993497
1733400000 5461.24 127.333 12009.5 0.993578
1733500000 5461.22 128.063 12007.8 0.993599
1733600000 5461.22 124.74 12015.3 0.993856
1733700000 5461.22 123.847 12017.3 0.99391
1733800000 5461.22 122.269 12020.9 0.994022
1733900000 5461.22 129.579 12004.4 0.993478
1734000000 5461.22 123.362 12018.4 0.993908
1734100000 5461.22 129.455 12004.7 0.993474
1734200000 5461.2 130.185 12003 0.993401
1734300000 5461.22 129.028 12005.6 0.993438
1734400000 5461.22 130.467 12002.4 0.993429
1734500000 5461.22 128.106 12007.7 0.993561
1734600000 5461.22 128.673 12006.4 0.993603
1734700000 5461.23 123.937 12017.1 0.993857
1734800000 5461.23 125.322 12014 0.99378
1734900000 5461.23 122.649 12020 0.993938
1735000000 5461.23 126.152 12012.1 0.993701
1735100000 5461.22 126.947 12010.3 0.993707
1735200000 5461.24 122.912 12019.4 0.993915
1735300000 5461.22 126.633 12011 0.993664
1735400000 5461.22 124.494 12015.8 0.993831
1735500000 5461.24 126.178 12012.1 0.993738
1735600000 5461.21 126.72 12010.8 0.993701
1735700000 5461.23 124.451 12016 0.993824
1735800000 5461.24 128.197 12007.5 0.993466
1735900000 5461.22 127.077 12010 0.993649
1736000000 5461.24 122.138 12021.2 0.994021
1736100000 5461.23 126.07 12012.3 0.993744
1736200000 5461.23 121.932 12021.6 0.994009
1736300000 5461.21 126.323 12011.7 0.99375
1736400000 5461.22 125.954 12012.6 0.993712
1736500000 5461.23 127.919 12008.1 0.99357
1736600000 5461.23 125.107 12014.5 0.99384
1736700000 5461.23 126.149 12012.1 0.993741
1736800000 5461.23 121.906 12021.7 0.99402
1736900000 5461.23 125.681 12013.2 0.993743
1737000000 5461.22 123.428 12018.3 0.993912
1737100000 5461.24 122.39 12020.6 0.993931
1737200000 5461.22 125.242 12014.2 0.993828
1737300000 5461.23 124.475 12015.9 0.993828
1737400000 5461.22 129.541 12004.5 0.993491
1737500000 5461.23 127.295 12009.6 0.993662
1737600000 5461.22 127.997 12008 0.993555
1737700000 5461.23 125.315 12014 0.993791
1737800000 5461.23 122.214 12021 0.994017
1737900000 5461.23 124.981 12014.8 0.993772
1738000000 5461.23 124.572 12015.7 0.993779
1738100000 5461.24 126.98 12010.3 0.993611
1738200000 5461.22 127.258 12009.6 0.993668
1738300000 5461.23 124.201 12016.5 0.993841
1738400000 5461.23 129.406 12004.8 0.993461
1738500000 5461.23 123.819 12017.4 0.99386
1738600000 5461.22 122.79 12019.7 0.994003
1738700000 5461.23 126.6 12011.1 0.99369
1738800000 5461.22 127.213 12009.7 0.993711
1738900000 5461.24 123.211 12018.8 0.993898
1739000000 5461.22 124.111 12016.7 0.993929
1739100000 5461.23 124.687 12015.4 0.993827
1739200000 5461.23 122.096 12021.3 0.994045
1739300000 5461.22 122.445 12020.5 0.993986
1739400000 5461.23 123.629 12017.8 0.993915
1739500000 5461.23 123.928 12017.1 0.993881
1739600000 5461.23 121.481 12022.7 0.994047
1739700000 5461.23 128.135 12007.7 0.993595
1739800000 5461.23 125.023 12014.7 0.993789
1739900000 5461.22 125.267 12014.1 0.993815
1740000000 5461.23 128.642 12006.5 0.993511
1740100000 5461.21 128.632 12006.5 0.993568
1740200000 5461.22 125.653 12013.2 0.993771
1740300000 5461.22 124.954 12014.8 0.99383
1740400000 5461.21 127.712 12008.6 0.993649
1740500000 5461.23 124.217 12016.5 0.993867
1740600000 5461.23 126.164 12012.1 0.993715
1740700000 5461.23 122.183 12021.1 0.994006
1740800000 5461.23 124.47 12015.9 0.993817
1740900000 5461.23 122.956 12019.3 0.993961
1741000000 5461.23 126.478 12011.4 0.993665
1741100000 5461.22 129.024 12005.6 0.993524
1741200000 5461.22 129.218 12005.2 0.993729
1741300000 5461.21 128.843 12006 0.993604
1741400000 5461.23 124.278 12016.4 0.993844
1741500000 5461.22 129.013 12005.7 0.995307
1741600000 5461.22 125.693 12013.2 0.993769
1741700000 5461.23 124.664 12015.5 0.993834
1741800000 5461.24 125.526 12013.6 0.993748
1741900000 5461.22 125.825 12012.8 0.993694
1742000000 5461.23 126.685 12010.9 0.993691
1742100000 5461.23 123.002 12019.2 0.993971
1742200000 5461.22 128.803 12006.1 0.993851
1742300000 5461.23 121.825 12021.9 0.994027
1742400000 5461.22 127.843 12008.3 0.99361
1742500000 5461.23 124.876 12015 0.993813
1742600000 5461.23 122.901 12019.5 0.993954
1742700000 5461.21 128.825 12006.1 0.993578
1742800000 5461.21 135.247 11991.6 0.993107
1742900000 5461.23 126.075 12012.3 0.993725
1743000000 5461.22 127.859 12008.3 0.993612
1743100000 5461.23 123.278 12018.6 0.993909
1743200000 5461.23 128.817 12006.1 0.993504
1743300000 5461.23 125.356 12013.9 0.993811
1743400000 5461.23 122.53 12020.3 0.994004
1743500000 5461.23 127.68 12008.7 0.993657
1743600000 5461.22 127.159 12009.8 0.993653
1743700000 5461.23 124.549 12015.8 0.993786
1743800000 5461.23 122.907 12019.4 0.994103
1743900000 5461.23 123.824 12017.4 0.99391
1744000000 5461.22 122.793 12019.7 0.99395
1744100000 5461.23 129.49 12004.6 0.993461
1744200000 5461.23 122.627 12020.1 0.99399
1744300000 5461.22 124.246 12016.4 0.993905
1744400000 5461.22 126.486 12011.4 0.993715
1744500000 5461.23 130.502 12002.3 0.993394
1744600000 5461.21 126.755 12010.7 0.993696
1744700000 5461.23 126.705 12010.9 0.993675
1744800000 5461.21 126.254 12011.9 0.993727
1744900000 5461.23 122.115 12021.2 0.993994
1745000000 5461.23 127.561 12009 0.993679
1745100000 5461.22 126.832 12010.6 0.993649
1745200000 5461.21 128.76 12006.2 0.993516
1745300000 5461.22 127.616 12008.8 0.99362
1745400000 5461.22 123.617 12017.8 0.993916
1745500000 5461.22 130.158 12003.1 0.993495
1745600000 5461.22 124.639 12015.5 0.993889
1745700000 5461.21 128.811 12006.1 0.993558
1745800000 5461.21 128.761 12006.2 0.993566
1745900000 5461.23 123.814 12017.4 0.993853
1746000000 5461.24 127.933 12008.1 0.993602
1746100000 5461.23 123.764 12017.5 0.993906
1746200000 5461.21 128.979 12005.7 0.993489
1746300000 5461.23 122.019 12021.4 0.994006
1746400000 5461.22 126.063 12012.3 0.993774
1746500000 5461.24 126.346 12011.7 0.993712
1746600000 5461.23 124.855 12015.1 0.993863
1746700000 5461.22 125.898 12012.7 0.99369
1746800000 5461.24 127.117 12010 0.993625
1746900000 5461.23 125.358 12013.9 0.993803
1747000000 5461.23 127.777 12008.5 0.99357
1747100000 5461.23 124.154 12016.6 0.993894
1747200000 5461.23 120.231 12025.5 0.994123
1747300000 5461.22 131.317 12000.5 0.993363
1747400000 5461.22 132.568 11997.7 0.993238
1747500000 5461.23 123.724 12017.6 0.993923
1747600000 5461.22 129.617 12004.3 0.993483
1747700000 5461.23 124.051 12016.9 0.99386
1747800000 5461.22 124.064 12016.8 0.993862
1747900000 5461.23 125.625 12013.3 0.993756
1748000000 5461.23 131.809 11999.4 0.993296
1748100000 5461.22 127.728 12008.6 0.993636
1748200000 5461.22 128.792 12006.2 0.993485
1748300000 5461.22 126.442 12011.5 0.993702
1748400000 5461.23 126.759 12010.8 0.993632
1748500000 5461.23 126.811 12010.6 0.993664
1748600000 5461.23 127.377 12009.4 0.993557
1748700000 5461.23 130.954 12001.3 0.993317
1748800000 5461.23 124.458 12015.9 0.993877
1748900000 5461.21 129.413 12004.8 0.99342
1749000000 5461.24 123.511 12018.1 0.993877
1749100000 5461.22 128.42 12007 0.993564
1749200000 5461.24 126.965 12010.3 0.99359
1749300000 5461.23 133.574 11995.4 0.993079
1749400000 5461.23 125.271 12014.1 0.993774
1749500000 5461.22 129.284 12005.1 0.993468
1749600000 5461.22 125.787 12012.9 0.993779
1749700000 5461.23 124.065 12016.8 0.993889
1749800000 5461.22 125.047 12014.6 0.993824
1749900000 5461.23 128.481 12006.9 0.993509
1750000000 5461.22 127.071 12010.1 0.993681
1750100000 5461.23 125.019 12014.7 0.993801
1750200000 5461.23 126.885 12010.5 0.993619
1750300000 5461.22 124.691 12015.4 0.993827
1750400000 5461.22 131.617 11999.8 0.993356
1750500000 5461.22 127.091 12010 0.993672
1750600000 5461.23 123.639 12017.8 0.993872
1750700000 5461.23 124.191 12016.5 0.993845
1750800000 5461.23 124.258 12016.4 0.993817
1750900000 5461.22 124.356 12016.2 0.993857
1751000000 5461.23 122.691 12019.9 0.993965
1751100000 5461.23 126.1 12012.2 0.993744
1751200000 5461.21 134.009 11994.4 0.993137
1751300000 5461.22 125.934 12012.6 0.993747
1751400000 5461.23 132.394 11998.1 0.99316
1751500000 5461.23 129.831 12003.8 0.993471
1751600000 5461.23 127.97 12008 0.99355
1751700000 5461.21 127.912 12008.1 0.993625
1751800000 5461.22 127.147 12009.9 0.993701
1751900000 5461.23 126.428 12011.5 0.993673
1752000000 5461.23 123.983 12017 0.993869
1752100000 5461.24 125.901 12012.7 0.99372
1752200000 5461.24 122.957 12019.3 0.993916
1752300000 5461.22 129.227 12005.2 0.993495
1752400000 5461.22 129.549 12004.5 0.993465
1752500000 5461.23 127.956 12008.1 0.993578
1752600000 5461.22 123.554 12018 0.993905
1752700000 5461.22 126.973 12010.3 0.993689
1752800000 5461.22 129.766 12004 0.99341
1752900000 5461.23 127.573 12008.9 0.993595
1753000000 5461.23 122.793 12019.7 0.993955
1753100000 5461.22 127.307 12009.5 0.993697
1753200000 5461.22 126.988 12010.2 0.993656
1753300000 5461.22 127.847 12008.3 0.993576
1753400000 5461.22 127.046 12010.1 0.993655
1753500000 5461.21 128.106 12007.7 0.993607
1753600000 5461.24 129.568 12004.5 0.993351
1753700000 5461.22 125.043 12014.6 0.993872
1753800000 5461.23 123.683 12017.7 0.99387
1753900000 5461.23 128.866 12006 0.993505
1754000000 5461.22 124.397 12016.1 0.993877
1754100000 5461.22 125.087 12014.5 0.993844
1754200000 5461.22 131.41 12000.3 0.993358
1754300000 5461.23 123.954 12017.1 0.993893
1754400000 5461.23 123.604 12017.9 0.993879
1754500000 5461.22 125.712 12013.1 0.993786
1754600000 5461.21 126.977 12010.2 0.993707
1754700000 5461.22 125.455 12013.7 0.993743
1754800000 5461.23 125.537 12013.5 0.993811
1754900000 5461.23 125.322 12014 0.993821
1755000000 5461.23 122.748 12019.8 0.993975
1755100000 5461.22 126.759 12010.7 0.993714
1755200000 5461.24 123.748 12017.6 0.993869
1755300000 5461.23 126.724 12010.9 0.993662
1755400000 5461.21 131.29 12000.5 0.993346
1755500000 5461.23 127.994 12008 0.993571
1755600000 5461.22 125.641 12013.3 0.993742
1755700000 5461.22 125.343 12013.9 0.993812
1755800000 5461.24 127.019 12010.2 0.993688
1755900000 5461.23 125.993 12012.5 0.993765
1756000000 5461.22 125.845 12012.8 0.993735
1756100000 5461.22 130.059 12003.3 0.993444
1756200000 5461.23 125.247 12014.2 0.9938
1756300000 5461.22 127.3 12009.5 0.993665
1756400000 5461.23 126.249 12011.9 0.993708
1756500000 5461.23 123.911 12017.2 0.993943
1756600000 5461.22 125.564 12013.4 0.993807
1756700000 5461.23 127.999 12008 0.993583
1756800000 5461.23 124.948 12014.8 0.993821
1756900000 5461.21 128.888 12005.9 0.993553
1757000000 5461.25 122.974 12019.3 0.993928
1757100000 5461.22 125.954 12012.6 0.99375
1757200000 5461.21 127.351 12009.4 0.993681
1757300000 5461.23 123.594 12017.9 0.993904
1757400000 5461.22 131.216 12000.7 0.993373
1757500000 5461.22 126.9 12010.4 0.993688
1757600000 5461.22 128.627 12006.5 0.993555
1757700000 5461.23 129.575 12004.4 0.993432
1757800000 5461.22 127.884 12008.2 0.993622
1757900000 5461.23 126.764 12010.7 0.993676
1758000000 5461.22 131.906 11999.1 0.993323
1758100000 5461.22 127.27 12009.6 0.993654
1758200000 5461.22 125.035 12014.6 0.993818
1758300000 5461.23 133.067 11996.6 0.993151
1758400000 5461.23 130.275 12002.9 0.99345
1758500000 5461.22 125.003 12014.7 0.993768
1758600000 5461.23 122.561 12020.2 0.993945
1758700000 5461.23 129.745 12004 0.993428
1758800000 5461.22 125.43 12013.7 0.99377
1758900000 5461.22 126.161 12012.1 0.993729
1759000000 5461.22 129.548 12004.5 0.99349
1759100000 5461.22 126.839 12010.6 0.993672
1759200000 5461.23 135.174 11991.8 0.992884
1759300000 5461.23 121.358 12022.9 0.994069
1759400000 5461.22 124.898 12014.9 0.993859
1759500000 5461.23 123.935 12017.1 0.993853
1759600000 5461.23 128.023 12007.9 0.99356
1759700000 5461.22 125.537 12013.5 0.993816
1759800000 5461.23 124.021 12016.9 0.993879
1759900000 5461.22 135.873 11990.2 0.992952
1760000000 5461.22 125.978 12012.5 0.993753
1760100000 5461.24 125.608 12013.4 0.993748
1760200000 5461.23 123.6 12017.9 0.993888
1760300000 5461.23 127.738 12008.6 0.99362
1760400000 5461.22 129.904 12003.7 0.99341
1760500000 5461.22 122.581 12020.2 0.993973
1760600000 5461.22 123.905 12017.2 0.993942
1760700000 5461.23 123.569 12017.9 0.993882
1760800000 5461.23 129.789 12003.9 0.993406
1760900000 5461.23 127.653 12008.8 0.993603
1761000000 5461.23 125.448 12013.7 0.993761
1761100000 5461.24 128.139 12007.7 0.99354
1761200000 5461.23 131.654 11999.7 0.99326
1761300000 5461.22 128.295 12007.3 0.993599
1761400000 5461.22 123.83 12017.3 0.993893
1761500000 5461.23 129.154 12005.4 0.99346
1761600000 5461.22 135.013 11992.2 0.993091
1761700000 5461.21 129.345 12004.9 0.993488
1761800000 5461.22 123.583 12017.9 0.993902
1761900000 5461.22 126.285 12011.8 0.99369
1762000000 5461.23 125.509 12013.6 0.993756
1762100000 5461.22 131.137 12000.9 0.993435
1762200000 5461.22 124.649 12015.5 0.993879
1762300000 5461.22 125.266 12014.1 0.993834
1762400000 5461.23 128.3 12007.3 0.993525
1762500000 5461.22 124.646 12015.5 0.993866
1762600000 5461.22 135.08 11992 0.993075
1762700000 5461.23 125.161 12014.4 0.993789
1762800000 5461.19 137.604 11986.3 0.992931
1762900000 5461.21 131.573 11999.9 0.99336
1763000000 5461.23 126.598 12011.1 0.993723
1763100000 5461.23 126.702 12010.9 0.993729
1763200000 5461.23 127.794 12008.4 0.993568
1763300000 5461.23 125.036 12014.7 0.99377
1763400000 5461.22 122.9 12019.4 0.993988
1763500000 5461.22 125.528 12013.5 0.993768
1763600000 5461.24 123.456 12018.2 0.99391
1763700000 5461.22 126.097 12012.2 0.993715
1763800000 5461.21 129.228 12005.2 0.993521
1763900000 5461.23 123.532 12018 0.993899
1764000000 5461.21 131.571 11999.9 0.993383
1764100000 5461.22 125.67 12013.2 0.994023
1764200000 5461.22 123.367 12018.4 0.993915
1764300000 5461.23 125.666 12013.2 0.993783
1764400000 5461.24 122.323 12020.8 0.993974
1764500000 5461.23 123.819 12017.4 0.993915
1764600000 5461.2 132.844 11997 0.993299
1764700000 5461.23 125.471 12013.7 0.993767
1764800000 5461.23 127.102 12010 0.993653
1764900000 5461.22 126.896 12010.4 0.993639
1765000000 5461.22 128.393 12007.1 0.993601
1765100000 5461.22 123.202 12018.8 0.993948
1765200000 5461.21 128.161 12007.6 0.993594
1765300000 5461.22 125.687 12013.2 0.993784
1765400000 5461.23 122.013 12021.4 0.994095
1765500000 5461.23 129.954 12003.6 0.993453
1765600000 5461.24 127.358 12009.4 0.993596
1765700000 5461.23 122.595 12020.2 0.994007
1765800000 5461.22 124.761 12015.2 0.993827
1765900000 5461.22 124.677 12015.4 0.993849
1766000000 5461.21 128.819 12006.1 0.993552
1766100000 5461.24 124.06 12016.9 0.993844
1766200000 5461.22 124.292 12016.3 0.993852
1766300000 5461.22 125.939 12012.6 0.99374
1766400000 5461.22 128.313 12007.2 0.993585
1766500000 5461.23 125.91 12012.7 0.993759
1766600000 5461.23 127.847 12008.3 0.993596
1766700000 5461.22 128.118 12007.7 0.993573
1766800000 5461.23 127.255 12009.7 0.993591
1766900000 5461.23 124.223 12016.5 0.993874
1767000000 5461.22 129.5 12004.6 0.993477
1767100000 5461.23 126.229 12012 0.993714
1767200000 5461.24 123.321 12018.5 0.993934
1767300000 5461.23 127.393 12009.3 0.993658
1767400000 5461.22 125.546 12013.5 0.993827
1767500000 5461.22 129.12 12005.4 0.993532
1767600000 5461.23 130.688 12001.9 0.993337
1767700000 5461.22 128.732 12006.3 0.993555
1767800000 5461.22 127.407 12009.3 0.993649
1767900000 5461.22 124.8 12015.2 0.993844
1768000000 5461.24 125.389 12013.9 0.993756
1768100000 5461.23 126.811 12010.7 0.993652
1768200000 5461.22 126.368 12011.6 0.993747
1768300000 5461.23 125.488 12013.6 0.99378
1768400000 5461.22 128.714 12006.3 0.993563
1768500000 5461.23 125.713 12013.1 0.993743
1768600000 5461.22 129.867 12003.7 0.993461
1768700000 5461.24 129.437 12004.8 0.9934
1768800000 5461.23 123.945 12017.1 0.993842
1768900000 5461.22 124.361 12016.2 0.99389
1769000000 5461.23 123.426 12018.3 0.993945
1769100000 5461.21 130.52 12002.3 0.99336
1769200000 5461.24 122.496 12020.4 0.993943
1769300000 5461.22 127.954 12008.1 0.993614
1769400000 5461.23 124.619 12015.6 0.993849
1769500000 5461.23 125.11 12014.5 0.993806
1769600000 5461.22 130.637 12002 0.993357
1769700000 5461.22 122.092 12021.3 0.994036
1769800000 5461.23 124.908 12014.9 0.993799
1769900000 5461.22 123.395 12018.3 0.993907
1770000000 5461.23 126.506 12011.3 0.993686
1770100000 5461.24 124.232 12016.5 0.993839
1770200000 5461.22 126.095 12012.3 0.993723
1770300000 5461.22 126.987 12010.2 0.993713
1770400000 5461.22 128.413 12007 0.993538
1770500000 5461.22 126.633 12011 0.993734
1770600000 5461.22 123.631 12017.8 0.993934
1770700000 5461.23 121.016 12023.7 0.994045
1770800000 5461.23 129.491 12004.6 0.993487
1770900000 5461.22 128.27 12007.4 0.993583
1771000000 5461.21 128.662 12006.4 0.993653
1771100000 5461.23 127.825 12008.4 0.993612
1771200000 5461.23 123.114 12019 0.993966
1771300000 5461.23 128.861 12006 0.993491
1771400000 5461.23 126.875 12010.5 0.993643
1771500000 5461.22 130.31 12002.7 0.9934
1771600000 5461.22 129.108 12005.5 0.993495
1771700000 5461.23 122.796 12019.7 0.993952
1771800000 5461.24 119.94 12026.1 0.994168
1771900000 5461.22 128.009 12007.9 0.993524
1772000000 5461.23 126.025 12012.4 0.993748
1772100000 5461.21 128.638 12006.5 0.993552
1772200000 5461.23 127.512 12009.1 0.993636
1772300000 5461.22 128.386 12007.1 0.993533
1772400000 5461.23 126.376 12011.6 0.993682
1772500000 5461.22 127.848 12008.3 0.993623
1772600000 5461.23 126.829 12010.6 0.993686
1772700000 5461.23 126.256 12011.9 0.993706
1772800000 5461.23 127.4 12009.3 0.993672
1772900000 5461.22 130.544 12002.2 0.993377
1773000000 5461.23 124.844 12015.1 0.993845
1773100000 5461.24 124.77 12015.3 0.993798
1773200000 5461.22 126.63 12011 0.99376
1773300000 5461.23 123.68 12017.7 0.993914
1773400000 5461.22 127.051 12010.1 0.993701
1773500000 5461.21 133.042 11996.6 0.993297
1773600000 5461.24 123.711 12017.6 0.993943
1773700000 5461.22 129.642 12004.2 0.993545
1773800000 5461.22 127.196 12009.8 0.993685
1773900000 5461.23 126.877 12010.5 0.993709
1774000000 5461.24 125.226 12014.2 0.993779
1774100000 5461.22 125.065 12014.6 0.993832
1774200000 5461.22 125.026 12014.7 0.993827
1774300000 5461.24 127.878 12008.3 0.993616
1774400000 5461.23 124.752 12015.3 0.993816
1774500000 5461.23 123.951 12017.1 0.993893
1774600000 5461.23 128.134 12007.7 0.993594
1774700000 5461.23 125.125 12014.4 0.993781
1774800000 5461.23 127.541 12009 0.993646
1774900000 5461.22 126.114 12012.2 0.993775
1775000000 5461.23 123.863 12017.3 0.993914
1775100000 5461.23 123.48 12018.2 0.993889
1775200000 5461.21 127.822 12008.3 0.99361
1775300000 5461.23 122.492 12020.4 0.99398
1775400000 5461.23 125.078 12014.6 0.993798
1775500000 5461.24 124.064 12016.8 0.993864
1775600000 5461.23 125.241 12014.2 0.99376
1775700000 5461.21 128.75 12006.2 0.993551
1775800000 5461.22 124.609 12015.6 0.99383
1775900000 5461.23 125.761 12013 0.993745
1776000000 5461.23 125.375 12013.9 0.993798
1776100000 5461.23 123.192 12018.8 0.993936
1776200000 5461.23 125.812 12012.9 0.993752
1776300000 5461.23 125.134 12014.4 0.993787
1776400000 5461.23 128.15 12007.6 0.993531
1776500000 5461.21 129.533 12004.5 0.993503
1776600000 5461.23 128.747 12006.3 0.993565
1776700000 5461.22 129.52 12004.5 0.993609
1776800000 5461.23 124.273 12016.4 0.993843
1776900000 5461.23 123.646 12017.8 0.993911
1777000000 5461.22 122.669 12020 0.993976
1777100000 5461.23 124.357 12016.2 0.993852
1777200000 5461.22 127.69 12008.7 0.993611
1777300000 5461.23 124.857 12015 0.993838
1777400000 5461.24 135.248 11991.7 0.992909
1777500000 5461.22 124.892 12014.9 0.993865
1777600000 5461.24 125.592 12013.4 0.993703
1777700000 5461.22 126.74 12010.8 0.993686
1777800000 5461.23 126.15 12012.1 0.993718
1777900000 5461.21 126.108 12012.2 0.99376
1778000000 5461.21 129.267 12005.1 0.993522
1778100000 5461.22 128.661 12006.5 0.993578
1778200000 5461.23 122.899 12019.5 0.993947
1778300000 5461.22 125.807 12012.9 0.993738
1778400000 5461.22 125.812 12012.9 0.993787
1778500000 5461.21 126.766 12010.7 0.993735
1778600000 5461.23 131.219 12000.7 0.993324
1778700000 5461.22 129.772 12004 0.993528
1778800000 5461.23 126.072 12012.3 0.994075
1778900000 5461.22 124.719 12015.3 0.993869
1779000000 5461.22 123.839 12017.3 0.993887
1779100000 5461.23 123.2 12018.8 0.993961
1779200000 5461.23 124.018 12016.9 0.993899
1779300000 5461.23 121.792 12022 0.99399
1779400000 5461.22 128.549 12006.7 0.993484
1779500000 5461.23 127.452 12009.2 0.993638
1779600000 5461.21 129.89 12003.7 0.993455
1779700000 5461.22 125.263 12014.1 0.993807
1779800000 5461.22 126.811 12010.6 0.9937
1779900000 5461.22 128.603 12006.6 0.99356
1780000000 5461.22 128.694 12006.4 0.993604
1780100000 5461.21 125.234 12014.2 0.993839
1780200000 5461.24 124.924 12014.9 0.993773
1780300000 5461.23 122.156 12021.1 0.994028
1780400000 5461.23 123.144 12018.9 0.993941
1780500000 5461.24 125.603 12013.4 0.993758
1780600000 5461.22 128.261 12007.4 0.99365
1780700000 5461.22 127.194 12009.8 0.993636
1780800000 5461.23 128.125 12007.7 0.993603
1780900000 5461.22 123.864 12017.3 0.993861
1781000000 5461.22 125.425 12013.8 0.993778
1781100000 5461.23 128.578 12006.7 0.993582
1781200000 5461.21 127.7 12008.6 0.993642
1781300000 5461.22 132.118 11998.7 0.993305
1781400000 5461.24 121.464 12022.7 0.994046
1781500000 5461.22 125.419 12013.8 0.993773
1781600000 5461.22 132.81 11997.1 0.993166
1781700000 5461.21 130.857 12001.5 0.993402
1781800000 5461.22 127.1 12010 0.993679
1781900000 5461.21 125.927 12012.6 0.993786
1782000000 5461.22 127.088 12010 0.993637
1782100000 5461.21 126.42 12011.5 0.993697
1782200000 5461.23 126.609 12011.1 0.993671
1782300000 5461.24 127.928 12008.2 0.993547
1782400000 5461.22 128.93 12005.8 0.993575
1782500000 5461.22 126.643 12011 0.993644
1782600000 5461.21 123.433 12018.2 0.993944
1782700000 5461.23 123.935 12017.1 0.993846
1782800000 5461.21 124.392 12016.1 0.994122
1782900000 5461.22 124.646 12015.5 0.993879
1783000000 5461.21 128.507 12006.8 0.993593
1783100000 5461.22 135.832 11990.3 0.992994
1783200000 5461.22 126.248 12011.9 0.993712
1783300000 5461.23 131.775 11999.5 0.993263
1783400000 5461.22 123.711 12017.6 0.993923
1783500000 5461.22 128.071 12007.8 0.993584
1783600000 5461.24 125.413 12013.8 0.993703
1783700000 5461.21 128.611 12006.6 0.993649
1783800000 5461.22 128.592 12006.6 0.993572
1783900000 5461.22 124.998 12014.7 0.993815
1784000000 5461.23 124.518 12015.8 0.993839
1784100000 5461.23 121.019 12023.7 0.994107
1784200000 5461.23 127.84 12008.3 0.993561
1784300000 5461.23 123.898 12017.2 0.99386
1784400000 5461.22 126.337 12011.7 0.993752
1784500000 5461.23 122.739 12019.8 0.993992
1784600000 5461.22 125.662 12013.2 0.993777
1784700000 5461.22 128.352 12007.2 0.993595
1784800000 5461.23 129.182 12005.3 0.993522
1784900000 5461.23 124.724 12015.4 0.993789
1785000000 5461.23 127.787 12008.4 0.993581
1785100000 5461.23 125.374 12013.9 0.993808
1785200000 5461.21 126.388 12011.6 0.993778
1785300000 5461.21 129.105 12005.4 0.993585
1785400000 5461.22 125.642 12013.3 0.993791
1785500000 5461.24 125.127 12014.5 0.993819
1785600000 5461.23 129.029 12005.7 0.993465
1785700000 5461.23 124.966 12014.8 0.993832
1785800000 5461.22 121.477 12022.6 0.994089
1785900000 5461.23 130.391 12002.6 0.993367
1786000000 5461.22 128.869 12006 0.993566
1786100000 5461.22 132.043 11998.8 0.994401
1786200000 5461.23 125.262 12014.1 0.9938
1786300000 5461.22 129.255 12005.1 0.993514
1786400000 5461.21 125.73 12013 0.993794
1786500000 5461.22 124.275 12016.3 0.993818
1786600000 5461.22 128.655 12006.5 0.993586
1786700000 5461.22 124.346 12016.2 0.993907
1786800000 5461.21 127.441 12009.2 0.993623
1786900000 5461.23 131.916 11999.2 0.993232
1787000000 5461.22 124.872 12015 0.993852
1787100000 5461.22 128.854 12006 0.99357
1787200000 5461.23 131.134 12000.9 0.993309
1787300000 5461.23 122.036 12021.4 0.994026
1787400000 5461.21 130.501 12002.3 0.993454
1787500000 5461.23 126.774 12010.7 0.993664
1787600000 5461.23 123.386 12018.4 0.993965
1787700000 5461.22 124.604 12015.6 0.993897
1787800000 5461.23 125.188 12014.3 0.993789
1787900000 5461.22 125.21 12014.2 0.993826
1788000000 5461.23 123.675 12017.7 0.993895
1788100000 5461.24 122.901 12019.5 0.993928
1788200000 5461.21 130.828 12001.6 0.993427
1788300000 5461.23 126.221 12012 0.993719
1788400000 5461.21 125.967 12012.5 0.993737
1788500000 5461.23 127.644 12008.8 0.993611
1788600000 5461.23 125.021 12014.7 0.99385
1788700000 5461.23 122.578 12020.2 0.993976
1788800000 5461.23 124.983 12014.8 0.99465
1788900000 5461.24 130.981 12001.3 0.993416
1789000000 5461.23 124.345 12016.2 0.993837
1789100000 5461.22 125.485 12013.6 0.993747
1789200000 5461.23 127.821 12008.4 0.993573
1789300000 5461.21 131.833 11999.3 0.993338
1789400000 5461.22 127.459 12009.2 0.993613
1789500000 5461.22 122.184 12021.1 0.994008
1789600000 5461.23 123.467 12018.2 0.993912
1789700000 5461.22 132.741 11997.3 0.993223
1789800000 5461.23 127.032 12010.1 0.993716
1789900000 5461.23 126.683 12010.9 0.993712
1790000000 5461.24 122.036 12021.4 0.993993
1790100000 5461.22 128.628 12006.5 0.99354
1790200000 5461.23 125.128 12014.4 0.993764
1790300000 5461.21 129.02 12005.6 0.993541
1790400000 5461.24 126.48 12011.4 0.993709
1790500000 5461.24 122.836 12019.6 0.993964
1790600000 5461.22 126.926 12010.4 0.993675
1790700000 5461.23 125.324 12014 0.993848
1790800000 5461.24 124.843 12015.1 0.993807
1790900000 5461.22 131.008 12001.2 0.993357
1791000000 5461.22 129.54 12004.5 0.993394
1791100000 5461.21 130.541 12002.2 0.993398
1791200000 5461.22 123.896 12017.2 0.993921
1791300000 5461.23 129.67 12004.2 0.993467
1791400000 5461.23 128.095 12007.8 0.993583
1791500000 5461.23 130.607 12002.1 0.993429
1791600000 5461.25 123.297 12018.6 0.993926
1791700000 5461.22 129.266 12005.1 0.993536
1791800000 5461.22 127.434 12009.2 0.993656
1791900000 5461.21 127.609 12008.8 0.993683
1792000000 5461.23 127.063 12010.1 0.993627
1792100000 5461.21 128.394 12007.1 0.993577
1792200000 5461.24 122.12 12021.2 0.994006
1792300000 5461.23 128.727 12006.3 0.993454
1792400000 5461.23 133.919 11994.6 0.99308
1792500000 5461.21 129.284 12005 0.99356
1792600000 5461.23 127.072 12010.1 0.993662
1792700000 5461.23 128.846 12006.1 0.993508
1792800000 5461.22 124.872 12015 0.993822
1792900000 5461.21 130.991 12001.2 0.993386
1793000000 5461.21 130.28 12002.8 0.993457
1793100000 5461.23 123.074 12019.1 0.99404
1793200000 5461.22 122.105 12021.2 0.994031
1793300000 5461.24 123.51 12018.1 0.993895
1793400000 5461.23 128.406 12007.1 0.993534
1793500000 5461.24 123.503 12018.1 0.99391
1793600000 5461.23 121.782 12022 0.994036
1793700000 5461.23 127.798 12008.4 0.993519
1793800000 5461.23 126.341 12011.7 0.993747
1793900000 5461.22 127.401 12009.3 0.993666
1794000000 5461.22 125.577 12013.4 0.993786
1794100000 5461.24 125.909 12012.7 0.993763
1794200000 5461.22 125.167 12014.3 0.99377
1794300000 5461.23 124.769 12015.2 0.993769
1794400000 5461.23 123.732 12017.6 0.993925
1794500000 5461.23 129.498 12004.6 0.993516
1794600000 5461.2 128.57 12006.6 0.993532
1794700000 5461.22 126.491 12011.3 0.993672
1794800000 5461.22 123.09 12019 0.99395
1794900000 5461.22 126.72 12010.8 0.993705
1795000000 5461.22 125.049 12014.6 0.993877
1795100000 5461.23 126.535 12011.3 0.993664
1795200000 5461.22 125.138 12014.4 0.993814
1795300000 5461.24 131.574 11999.9 0.99328
1795400000 5461.24 129.806 12003.9 0.993445
1795500000 5461.22 128.188 12007.5 0.993612
1795600000 5461.22 132.031 11998.9 0.993241
1795700000 5461.22 125.014 12014.7 0.993842
1795800000 5461.24 123.969 12017.1 0.993831
1795900000 5461.23 124.735 12015.3 0.993818
1796000000 5461.22 128.006 12007.9 0.993559
1796100000 5461.21 129.905 12003.6 0.993512
1796200000 5461.22 125.379 12013.9 0.993808
1796300000 5461.23 129.604 12004.4 0.993483
1796400000 5461.22 127.543 12009 0.993592
1796500000 5461.22 126.244 12011.9 0.993748
1796600000 5461.22 125.098 12014.5 0.993773
1796700000 5461.22 125.811 12012.9 0.99374
1796800000 5461.24 124.88 12015 0.993802
1796900000 5461.23 130.393 12002.6 0.993407
1797000000 5461.23 129.261 12005.1 0.993506
1797100000 5461.24 123.69 12017.7 0.993894
1797200000 5461.23 124.307 12016.3 0.99385
1797300000 5461.23 122.976 12019.3 0.994005
1797400000 5461.23 125.517 12013.6 0.993798
1797500000 5461.22 120.789 12024.2 0.994122
1797600000 5461.23 124.554 12015.7 0.993818
1797700000 5461.23 125.7 12013.2 0.993739
1797800000 5461.23 122.655 12020 0.993946
1797900000 5461.21 127.642 12008.7 0.993665
1798000000 5461.21 128.784 12006.2 0.993579
1798100000 5461.21 131.293 12000.5 0.993344
1798200000 5461.21 125.103 12014.5 0.993841
1798300000 5461.22 132.549 11997.7 0.993246
1798400000 5461.24 128.67 12006.5 0.993467
1798500000 5461.21 140.645 11979.5 0.992616
1798600000 5461.22 126.692 12010.9 0.99367
1798700000 5461.23 126.055 12012.4 0.993725
1798800000 5461.23 129.457 12004.7 0.99341
1798900000 5461.22 125.711 12013.1 0.993746
1799000000 5461.22 123.827 12017.4 0.993894
1799100000 5461.22 125.712 12013.1 0.993818
1799200000 5461.23 128.511 12006.8 0.993533
1799300000 5461.24 123.144 12018.9 0.993951
1799400000 5461.23 129.755 12004 0.99348
1799500000 5461.23 124.62 12015.6 0.993838
1799600000 5461.22 129.96 12003.5 0.993387
1799700000 5461.23 125.927 12012.6 0.993762
1799800000 5461.23 126.942 12010.4 0.993648
1799900000 5461.23 123.569 12018 0.993919
1800000000 5461.22 127.906 12008.2 0.993538
1800100000 5461.22 128.357 12007.1 0.99356
1800200000 5461.23 125.794 12012.9 0.993741
1800300000 5461.22 130.867 12001.5 0.993342
1800400000 5461.24 125.871 12012.8 0.99366
1800500000 5461.22 126.498 12011.3 0.993679
1800600000 5461.22 130.057 12003.3 0.99347
1800700000 5461.23 127.754 12008.5 0.993513
1800800000 5461.23 122.932 12019.4 0.993974
1800900000 5461.23 125.585 12013.4 0.99377
1801000000 5461.22 131.98 11999 0.993326
1801100000 5461.22 125.748 12013 0.993801
1801200000 5461.22 129.684 12004.2 0.993497
1801300000 5461.23 127.701 12008.6 0.993556
1801400000 5461.23 123.878 12017.2 0.99389
1801500000 5461.22 127.161 12009.8 0.993663
1801600000 5461.22 128.461 12006.9 0.993597
1801700000 5461.23 128.459 12006.9 0.993507
1801800000 5461.22 125.917 12012.6 0.993729
1801900000 5461.23 122.762 12019.8 0.993949
1802000000 5461.23 128.5 12006.8 0.993539
1802100000 5461.23 129.04 12005.6 0.993549
1802200000 5461.22 129.296 12005 0.993465
1802300000 5461.22 129.935 12003.6 0.99346
1802400000 5461.23 122.85 12019.6 0.993983
1802500000 5461.21 123.559 12017.9 0.993897
1802600000 5461.25 122.978 12019.3 0.993917
1802700000 5461.23 123.975 12017 0.993873
1802800000 5461.24 124.094 12016.8 0.993846
1802900000 5461.22 125.926 12012.6 0.993755
1803000000 5461.22 128.712 12006.3 0.993548
1803100000 5461.21 126.128 12012.1 0.993758
1803200000 5461.22 127.473 12009.1 0.993587
1803300000 5461.23 124.527 12015.8 0.993824
1803400000 5461.22 129.899 12003.7 0.993413
1803500000 5461.22 124.54 12015.7 0.993881
1803600000 5461.23 122.804 12019.7 0.993938
1803700000 5461.23 126.476 12011.4 0.993699
1803800000 5461.23 131.906 11999.2 0.993247
1803900000 5461.23 123.37 12018.4 0.993912
1804000000 5461.22 124.874 12015 0.994126
1804100000 5461.24 125.124 12014.5 0.993768
1804200000 5461.22 128.886 12006 0.993537
1804300000 5461.23 124.67 12015.5 0.993842
1804400000 5461.21 129.06 12005.5 0.993596
1804500000 5461.23 125.694 12013.2 0.993738
1804600000 5461.23 123.049 12019.1 0.993947
1804700000 5461.23 125.474 12013.7 0.993769
1804800000 5461.23 124.374 12016.1 0.993867
1804900000 5461.23 123.919 12017.2 0.993936
1805000000 5461.22 123.837 12017.3 0.993871
1805100000 5461.21 133.172 11996.3 0.993331
1805200000 5461.24 120.306 12025.3 0.994162
1805300000 5461.23 126.031 12012.4 0.993752
1805400000 5461.22 125.373 12013.9 0.993786
1805500000 5461.24 123.286 12018.6 0.993957
1805600000 5461.24 126.476 12011.4 0.993679
1805700000 5461.23 128.05 12007.9 0.993616
1805800000 5461.22 124.315 12016.2 0.993867
1805900000 5461.22 122.513 12020.3 0.993996
1806000000 5461.22 127.285 12009.6 0.993708
1806100000 5461.22 132.699 11997.4 0.993265
1806200000 5461.21 129.028 12005.6 0.993565
1806300000 5461.22 129.474 12004.6 0.993495
1806400000 5461.22 124.297 12016.3 0.993871
1806500000 5461.23 125.788 12013 0.99369
1806600000 5461.22 126.778 12010.7 0.993681
1806700000 5461.22 127.831 12008.3 0.993592
1806800000 5461.22 125.514 12013.5 0.993746
1806900000 5461.23 123.141 12018.9 0.993967
1807000000 5461.23 128.471 12006.9 0.99357
1807100000 5461.24 125.684 12013.2 0.993741
1807200000 5461.22 127.135 12009.9 0.99364
1807300000 5461.22 127.523 12009 0.993685
1807400000 5461.22 126.002 12012.5 0.993717
1807500000 5461.23 120.893 12024 0.994127
1807600000 5461.21 129.147 12005.4 0.993567
1807700000 5461.23 127.459 12009.2 0.993614
1807800000 5461.21 129.966 12003.5 0.993464
1807900000 5461.23 124.054 12016.9 0.993864
1808000000 5461.23 123.2 12018.8 0.993911
1808100000 5461.23 123.266 12018.6 0.993941
1808200000 5461.23 125.292 12014.1 0.993792
1808300000 5461.22 128.064 12007.8 0.99361
1808400000 5461.22 127.887 12008.2 0.993626
1808500000 5461.23 120.357 12025.2 0.994132
1808600000 5461.23 127.059 12010.1 0.993665
1808700000 5461.2 130.162 12003 0.993507
1808800000 5461.23 130.866 12001.5 0.993396
1808900000 5461.22 129.541 12004.5 0.99344
1809000000 5461.22 126.263 12011.9 0.993705
1809100000 5461.22 124.661 12015.5 0.993838
1809200000 5461.23 122.323 12020.8 0.99394
1809300000 5461.23 120.818 12024.2 0.994132
1809400000 5461.23 132.082 11998.8 0.993207
1809500000 5461.24 124.396 12016.1 0.99378
1809600000 5461.22 127.344 12009.4 0.993611
1809700000 5461.24 122.092 12021.3 0.994023
1809800000 5461.23 123.597 12017.9 0.993883
1809900000 5461.24 125.357 12013.9 0.993755
1810000000 5461.23 124.153 12016.6 0.993894
1810100000 5461.23 124.795 12015.2 0.993818
1810200000 5461.23 126.759 12010.8 0.993711
1810300000 5461.23 124.747 12015.3 0.993826
1810400000 5461.23 123.196 12018.8 0.993956
1810500000 5461.21 127.619 12008.8 0.993614
1810600000 5461.22 128.06 12007.8 0.993597
1810700000 5461.23 128.994 12005.7 0.993524
1810800000 5461.22 129.087 12005.5 0.993529
1810900000 5461.22 126.398 12011.6 0.993678
1811000000 5461.22 125.26 12014.1 0.993816
1811100000 5461.22 126.573 12011.2 0.993723
1811200000 5461.24 127.41 12009.3 0.993647
1811300000 5461.23 124.188 12016.6 0.993909
1811400000 5461.23 129.742 12004 0.996527
1811500000 5461.23 130.537 12002.3 0.993361
1811600000 5461.22 127.353 12009.4 0.993695
1811700000 5461.21 127.269 12009.6 0.993687
1811800000 5461.24 128.691 12006.4 0.993534
1811900000 5461.22 130.168 12003.1 0.993457
1812000000 5461.24 123.636 12017.8 0.993904
1812100000 5461.23 125.96 12012.6 0.99372
1812200000 5461.22 128.576 12006.7 0.993556
1812300000 5461.23 125.732 12013.1 0.993778
1812400000 5461.23 126.304 12011.8 0.993705
1812500000 5461.24 124.306 12016.3 0.993828
1812600000 5461.23 129.409 12004.8 0.993472
1812700000 5461.24 123.498 12018.1 0.99387
1812800000 5461.23 125.931 12012.6 0.993787
1812900000 5461.23 125.619 12013.3 0.993717
1813000000 5461.23 123.927 12017.1 0.993876
1813100000 5461.23 125.885 12012.7 0.993793
1813200000 5461.23 128.971 12005.8 0.993478
1813300000 5461.22 122.695 12019.9 0.993967
1813400000 5461.23 125.362 12013.9 0.993781
1813500000 5461.22 126.531 12011.3 0.993718
1813600000 5461.23 125.054 12014.6 0.993796
1813700000 5461.22 132.502 11997.8 0.993275
1813800000 5461.23 123.433 12018.3 0.993916
1813900000 5461.23 132.373 11998.1 0.993227
1814000000 5461.22 125.797 12012.9 0.993719
1814100000 5461.21 128.141 12007.6 0.993566
1814200000 5461.22 124.792 12015.2 0.993816
1814300000 5461.22 123.352 12018.4 0.993943
1814400000 5461.23 127.819 12008.4 0.993569
1814500000 5461.25 125.825 12012.9 0.993693
1814600000 5461.23 124.825 12015.1 0.99383
1814700000 5461.22 122.559 12020.2 0.993986
1814800000 5461.23 121.956 12021.6 0.994026
1814900000 5461.23 124.16 12016.6 0.993854
1815000000 5461.23 123.288 12018.6 0.993911
1815100000 5461.23 126.4 12011.6 0.993678
1815200000 5461.21 131.489 12000.1 0.993333
1815300000 5461.24 126.491 12011.4 0.993691
1815400000 5461.23 125.401 12013.8 0.993761
1815500000 5461.22 126.915 12010.4 0.993704
1815600000 5461.23 124.219 12016.5 0.993911
1815700000 5461.23 133.815 11994.9 0.99314
1815800000 5461.22 124.589 12015.6 0.99391
1815900000 5461.23 127.226 12009.7 0.993594
1816000000 5461.24 124.888 12015 0.993828
1816100000 5461.23 124.337 12016.2 0.993867
1816200000 5461.22 127.068 12010 0.993657
1816300000 5461.2 131.385 12000.3 0.993423
1816400000 5461.22 127.496 12009.1 0.993649
1816500000 5461.23 127.331 12009.5 0.993596
1816600000 5461.23 124.549 12015.7 0.993856
1816700000 5461.24 125.005 12014.7 0.993751
1816800000 5461.23 123.767 12017.5 0.993913
1816900000 5461.23 125.277 12014.1 0.993776
1817000000 5461.24 120.803 12024.2 0.994097
1817100000 5461.23 126.398 12011.6 0.993694
1817200000 5461.23 124.506 12015.8 0.99386
1817300000 5461.23 120.782 12024.2 0.994069
1817400000 5461.23 127.088 12010 0.993639
1817500000 5461.23 125.034 12014.7 0.993784
1817600000 5461.23 124.7 12015.4 0.993824
1817700000 5461.21 129.257 12005.1 0.993468
1817800000 5461.23 125.534 12013.5 0.993731
1817900000 5461.23 125.429 12013.8 0.99379
1818000000 5461.22 129.759 12004 0.99345
1818100000 5461.22 126.027 12012.4 0.993722
1818200000 5461.22 122.671 12020 0.993999
1818300000 5461.24 126.382 12011.6 0.993702
1818400000 5461.23 128.251 12007.4 0.993605
1818500000 5461.22 123.923 12017.1 0.993933
1818600000 5461.23 124.75 12015.3 0.99379
1818700000 5461.22 128.431 12007 0.993574
1818800000 5461.22 125.237 12014.2 0.993796
1818900000 5461.24 122.071 12021.3 0.994012
1819000000 5461.23 124.808 12015.2 0.993793
1819100000 5461.23 125.762 12013 0.993753
1819200000 5461.23 131.088 12001 0.993362
1819300000 5461.21 127.322 12009.4 0.993665
1819400000 5461.21 130.133 12003.1 0.993492
1819500000 5461.21 126.64 12011 0.99367
1819600000 5461.23 126.72 12010.9 0.99367
1819700000 5461.22 130.096 12003.2 0.993409
1819800000 5461.24 126.492 12011.4 0.993685
1819900000 5461.22 123.877 12017.2 0.993925
1820000000 5461.21 129.142 12005.4 0.993475
1820100000 5461.23 127.341 12009.5 0.993648
1820200000 5461.23 129.975 12003.5 0.993431
1820300000 5461.22 128.774 12006.2 0.993607
1820400000 5461.23 127.018 12010.2 0.993681
1820500000 5461.23 126.001 12012.5 0.993777
1820600000 5461.22 127.64 12008.8 0.993594
1820700000 5461.22 127.475 12009.1 0.993596
1820800000 5461.23 127.712 12008.6 0.993591
1820900000 5461.22 125.797 12012.9 0.993786
1821000000 5461.23 129.596 12004.4 0.993397
1821100000 5461.23 124.289 12016.3 0.993821
1821200000 5461.22 124.192 12016.5 0.99387
1821300000 5461.21 131.138 12000.9 0.993366
1821400000 5461.22 129.427 12004.7 0.993474
1821500000 5461.21 131.367 12000.4 0.993338
1821600000 5461.21 128.107 12007.7 0.99361
1821700000 5461.24 125.055 12014.6 0.99374
1821800000 5461.22 128.4 12007.1 0.993605
1821900000 5461.22 127.079 12010 0.993711
1822000000 5461.24 123.026 12019.2 0.993952
1822100000 5461.23 123.1 12019 0.993913
1822200000 5461.23 124.31 12016.3 0.993842
1822300000 5461.22 128.849 12006 0.993531
1822400000 5461.22 129.222 12005.2 0.993576
1822500000 5461.22 125.967 12012.5 0.993723
1822600000 5461.24 121.465 12022.7 0.994058
1822700000 5461.22 130.551 12002.2 0.993396
1822800000 5461.23 124.81 12015.1 0.993846
1822900000 5461.24 127.232 12009.7 0.993662
1823000000 5461.23 128.463 12006.9 0.993536
1823100000 5461.22 124.417 12016 0.993855
1823200000 5461.22 124.951 12014.8 0.993833
1823300000 5461.23 122.765 12019.8 0.993958
1823400000 5461.24 124.496 12015.9 0.993849
1823500000 5461.22 123.045 12019.1 0.993932
1823600000 5461.21 130.402 12002.5 0.993422
1823700000 5461.22 122.809 12019.6 0.993981
1823800000 5461.21 126.755 12010.7 0.993726
1823900000 5461.21 129.397 12004.8 0.993517
1824000000 5461.22 128.305 12007.3 0.99355
1824100000 5461.21 126.761 12010.7 0.993728
1824200000 5461.23 131.102 12001 0.993335
1824300000 5461.22 127.143 12009.9 0.993664
1824400000 5461.22 124.619 12015.6 0.99383
1824500000 5461.24 122.131 12021.2 0.993996
1824600000 5461.23 121.718 12022.1 0.994035
1824700000 5461.23 125.77 12013 0.993718
1824800000 5461.25 119.964 12026.1 0.994173
1824900000 5461.21 131.63 11999.8 0.993365
1825000000 5461.23 127.708 12008.6 0.993563
1825100000 5461.23 127.841 12008.3 0.993613
1825200000 5461.24 124.504 12015.9 0.993864
1825300000 5461.22 123.788 12017.4 0.993912
1825400000 5461.23 126.442 12011.5 0.993687
1825500000 5461.22 128.975 12005.8 0.993551
1825600000 5461.22 127.756 12008.5 0.993652
1825700000 5461.23 124.802 12015.2 0.993796
1825800000 5461.22 127.712 12008.6 0.993652
1825900000 5461.23 123.308 12018.5 0.993917
1826000000 5461.23 125.375 12013.9 0.993737
1826100000 5461.22 126.989 12010.2 0.993684
1826200000 5461.22 126.093 12012.2 0.993749
1826300000 5461.23 123.168 12018.8 0.993927
1826400000 5461.24 126.975 12010.3 0.99363
1826500000 5461.22 126.453 12011.4 0.99375
1826600000 5461.22 133.793 11994.9 0.993103
1826700000 5461.23 127.167 12009.8 0.993678
1826800000 5461.22 130.123 12003.2 0.993429
1826900000 5461.22 126.796 12010.7 0.99371
1827000000 5461.23 121.991 12021.5 0.99405
1827100000 5461.23 126.704 12010.9 0.993681
1827200000 5461.21 137.827 11985.8 0.992884
1827300000 5461.21 127.018 12010.1 0.993666
1827400000 5461.22 126.762 12010.7 0.993684
1827500000 5461.23 124.311 12016.3 0.993907
1827600000 5461.22 127.776 12008.5 0.993566
1827700000 5461.23 127.232 12009.7 0.993652
1827800000 5461.22 128.162 12007.6 0.993592
1827900000 5461.23 130.111 12003.2 0.993381
1828000000 5461.21 131.47 12000.1 0.993326
1828100000 5461.21 126.77 12010.7 0.99372
1828200000 5461.22 124.746 12015.3 0.993849
1828300000 5461.22 130.101 12003.2 0.993503
1828400000 5461.23 125.339 12014 0.99379
1828500000 5461.23 127.231 12009.7 0.993662
1828600000 5461.22 127.959 12008 0.993642
1828700000 5461.22 124.906 12014.9 0.993838
1828800000 5461.22 135.927 11990.1 0.992978
1828900000 5461.21 130.036 12003.3 0.993449
1829000000 5461.22 125.799 12012.9 0.993714
1829100000 5461.22 126.964 12010.3 0.993668
1829200000 5461.22 124.335 12016.2 0.993872
1829300000 5461.23 127.952 12008.1 0.993566
1829400000 5461.23 126.867 12010.5 0.993648
1829500000 5461.22 122.276 12020.8 0.993993
1829600000 5461.22 130.918 12001.4 0.993289
1829700000 5461.22 126.263 12011.9 0.993726
1829800000 5461.23 123.661 12017.7 0.993886
1829900000 5461.23 123.463 12018.2 0.99394
1830000000 5461.22 129.018 12005.6 0.993582
1830100000 5461.22 124.125 12016.7 0.993917
1830200000 5461.22 131.889 11999.2 0.993289
1830300000 5461.23 125.722 12013.1 0.993772
1830400000 5461.22 125.357 12013.9 0.99382
1830500000 5461.22 130.938 12001.3 0.993432
1830600000 5461.22 124.75 12015.3 0.99384
1830700000 5461.22 128.076 12007.8 0.993647
1830800000 5461.22 124.603 12015.6 0.993836
1830900000 5461.22 128.899 12005.9 0.993571
1831000000 5461.23 124.299 12016.3 0.993853
1831100000 5461.23 121.728 12022.1 0.994192
1831200000 5461.23 124.878 12015 0.993759
1831300000 5461.23 124.036 12016.9 0.993892
1831400000 5461.22 126.838 12010.6 0.99365
1831500000 5461.22 123.446 12018.2 0.993936
1831600000 5461.23 126.798 12010.7 0.993673
1831700000 5461.22 125.619 12013.3 0.993771
1831800000 5461.22 124.043 12016.9 0.993872
1831900000 5461.22 126.602 12011.1 0.993703
1832000000 5461.22 123.698 12017.6 0.993899
1832100000 5461.23 122.874 12019.5 0.993999
1832200000 5461.22 127.42 12009.3 0.993644
1832300000 5461.24 125.501 12013.6 0.993736
1832400000 5461.21 127.016 12010.2 0.994193
1832500000 5461.22 127.196 12009.8 0.993705
1832600000 5461.23 127.085 12010 0.993646
1832700000 5461.23 125.261 12014.1 0.993788
1832800000 5461.22 124.03 12016.9 0.993912
1832900000 5461.22 129.613 12004.3 0.993479
1833000000 5461.23 125.366 12013.9 0.993769
1833100000 5461.22 125.284 12014.1 0.993758
1833200000 5461.24 130.072 12003.3 0.993407
1833300000 5461.23 125.995 12012.5 0.993708
1833400000 5461.22 124.892 12014.9 0.993839
1833500000 5461.22 126.31 12011.8 0.993716
1833600000 5461.24 126.337 12011.7 0.993699
1833700000 5461.23 126.719 12010.9 0.993638
1833800000 5461.22 129.399 12004.8 0.993496
1833900000 5461.23 124.21 12016.5 0.993854
1834000000 5461.24 126.465 12011.5 0.993712
1834100000 5461.22 132.293 11998.3 0.993287
1834200000 5461.24 129.15 12005.4 0.993456
1834300000 5461.22 126.882 12010.5 0.993679
1834400000 5461.22 124.53 12015.8 0.993879
1834500000 5461.23 122.674 12020 0.993978
1834600000 5461.24 121.418 12022.8 0.994062
1834700000 5461.21 130.196 12003 0.993438
1834800000 5461.23 127.386 12009.4 0.993616
1834900000 5461.22 126.723 12010.8 0.993687
1835000000 5461.22 126.391 12011.6 0.993696
1835100000 5461.23 125.073 12014.6 0.993824
1835200000 5461.23 123.964 12017.1 0.993858
1835300000 5461.22 127.83 12008.3 0.993605
1835400000 5461.22 126.497 12011.3 0.993715
1835500000 5461.22 127.915 12008.1 0.993661
1835600000 5461.22 125.311 12014 0.993824
1835700000 5461.22 126.389 12011.6 0.993736
1835800000 5461.22 128.552 12006.7 0.993579
1835900000 5461.22 126.283 12011.8 0.993736
1836000000 5461.23 125.446 12013.7 0.993749
1836100000 5461.21 128.812 12006.1 0.99351
1836200000 5461.21 131.301 12000.5 0.993384
1836300000 5461.23 127.639 12008.8 0.993699
1836400000 5461.22 127.85 12008.3 0.993638
1836500000 5461.22 124.882 12015 0.993817
1836600000 5461.22 128.239 12007.4 0.993581
1836700000 5461.22 126.615 12011.1 0.993691
1836800000 5461.22 123.729 12017.6 0.993933
1836900000 5461.21 131.452 12000.2 0.993403
1837000000 5461.23 125.377 12013.9 0.993813
1837100000 5461.24 121.368 12022.9 0.994073
1837200000 5461.22 128.688 12006.4 0.993493
1837300000 5461.22 129.255 12005.1 0.993512
1837400000 5461.22 132.645 11997.5 0.993302
1837500000 5461.24 123.794 12017.5 0.993853
1837600000 5461.23 127.314 12009.5 0.993609
1837700000 5461.23 125.372 12013.9 0.993776
1837800000 5461.23 123.159 12018.9 0.99399
1837900000 5461.23 122.948 12019.4 0.993933
1838000000 5461.23 126.836 12010.6 0.993618
1838100000 5461.23 123.876 12017.3 0.993858
1838200000 5461.22 128.122 12007.7 0.993588
1838300000 5461.22 132.587 11997.6 0.993256
1838400000 5461.23 121.117 12023.5 0.994067
1838500000 5461.23 126.639 12011 0.993682
1838600000 5461.2 130.384 12002.5 0.993416
1838700000 5461.23 126.431 12011.5 0.993703
1838800000 5461.23 121.587 12022.4 0.994051
1838900000 5461.24 127.197 12009.8 0.993626
1839000000 5461.23 123.474 12018.2 0.993893
1839100000 5461.23 126.423 12011.5 0.993706
1839200000 5461.24 122.322 12020.8 0.993988
1839300000 5461.22 124.292 12016.3 0.993889
1839400000 5461.22 123.279 12018.6 0.993965
1839500000 5461.22 127.347 12009.4 0.993667
1839600000 5461.22 127.883 12008.2 0.993597
1839700000 5461.21 127.457 12009.2 0.993602
1839800000 5461.23 127.203 12009.8 0.9936
1839900000 5461.23 124.934 12014.9 0.993762
1840000000 5461.23 127.444 12009.2 0.99361
1840100000 5461.23 124.869 12015 0.993831
1840200000 5461.23 123.368 12018.4 0.993891
1840300000 5461.22 126.968 12010.3 0.993681
1840400000 5461.24 123.594 12017.9 0.993872
1840500000 5461.23 124.696 12015.4 0.993862
1840600000 5461.22 128.588 12006.6 0.993581
1840700000 5461.23 127.263 12009.6 0.99361
1840800000 5461.23 124.358 12016.2 0.993871
1840900000 5461.23 127.907 12008.2 0.993564
1841000000 5461.23 125.656 12013.3 0.994015
1841100000 5461.23 133.6 11995.4 0.993126
1841200000 5461.21 128.964 12005.8 0.993598
1841300000 5461.21 124.893 12014.9 0.993808
1841400000 5461.22 125.859 12012.8 0.993773
1841500000 5461.23 130.13 12003.2 0.993326
1841600000 5461.22 127.357 12009.4 0.993692
1841700000 5461.23 123.74 12017.6 0.993902
1841800000 5461.22 132.577 11997.6 0.993316
1841900000 5461.23 128.176 12007.6 0.993603
1842000000 5461.23 124.858 12015 0.9938
1842100000 5461.23 127.794 12008.4 0.993578
1842200000 5461.22 125.323 12014 0.994084
1842300000 5461.23 124.002 12017 0.993893
1842400000 5461.23 123.548 12018 0.99386
1842500000 5461.23 124.391 12016.1 0.99384
1842600000 5461.22 131.673 11999.7 0.993349
1842700000 5461.22 134.237 11993.9 0.993033
1842800000 5461.22 124.471 12015.9 0.993875
1842900000 5461.21 126.521 12011.3 0.993689
1843000000 5461.23 127.604 12008.9 0.993601
1843100000 5461.22 126.832 12010.6 0.993691
1843200000 5461.22 126.778 12010.7 0.993692
1843300000 5461.23 120.957 12023.8 0.994105
1843400000 5461.21 124.726 12015.3 0.993843
1843500000 5461.24 124.781 12015.2 0.99378
1843600000 5461.23 126.331 12011.7 0.993745
1843700000 5461.23 123.726 12017.6 0.993926
1843800000 5461.24 123.918 12017.2 0.993845
1843900000 5461.22 126.99 12010.2 0.993634
1844000000 5461.22 124.66 12015.5 0.993847
1844100000 5461.22 127.6 12008.9 0.993609
1844200000 5461.24 128.069 12007.8 0.993561
1844300000 5461.22 129.998 12003.5 0.993537
1844400000 5461.22 128.664 12006.5 0.993506
1844500000 5461.23 127.049 12010.1 0.993643
1844600000 5461.23 124.803 12015.2 0.993827
1844700000 5461.23 124.852 12015.1 0.993811
1844800000 5461.22 125.341 12013.9 0.993785
1844900000 5461.22 126.516 12011.3 0.993695
1845000000 5461.21 128.021 12007.9 0.993615
1845100000 5461.22 128.995 12005.7 0.993489
1845200000 5461.23 125.209 12014.3 0.99378
1845300000 5461.22 126.859 12010.5 0.993647
1845400000 5461.22 128.409 12007 0.993594
1845500000 5461.24 130.773 12001.7 0.993346
1845600000 5461.23 132.156 11998.6 0.993171
1845700000 5461.23 125.306 12014 0.993788
1845800000 5461.23 129.816 12003.9 0.99339
1845900000 5461.21 130.143 12003.1 0.993489
1846000000 5461.23 129.032 12005.6 0.993546
1846100000 5461.24 123.598 12017.9 0.993884
1846200000 5461.23 126.643 12011 0.993639
1846300000 5461.23 130.162 12003.1 0.993363
1846400000 5461.22 131.021 12001.2 0.993388
1846500000 5461.23 126.511 12011.3 0.993708
1846600000 5461.22 128.896 12005.9 0.993505
1846700000 5461.22 124.671 12015.5 0.993845
1846800000 5461.21 125.916 12012.6 0.993765
1846900000 5461.22 124.05 12016.9 0.993903
1847000000 5461.22 128.017 12007.9 0.993592
1847100000 5461.23 125.235 12014.2 0.993824
1847200000 5461.22 131.693 11999.6 0.993959
1847300000 5461.23 128.159 12007.6 0.993562
1847400000 5461.22 127.379 12009.4 0.994324
1847500000 5461.24 123.871 12017.3 0.993897
1847600000 5461.22 124.646 12015.5 0.993825
1847700000 5461.22 128.294 12007.3 0.993584
1847800000 5461.22 124.988 12014.7 0.99388
1847900000 5461.23 125.458 12013.7 0.993751
1848000000 5461.23 125.766 12013 0.995581
1848100000 5461.22 122.655 12020 0.994002
1848200000 5461.23 125.575 12013.4 0.993759
1848300000 5461.21 127.656 12008.7 0.993631
1848400000 5461.21 127.502 12009 0.993684
1848500000 5461.23 127.66 12008.7 0.993595
1848600000 5461.23 123.24 12018.7 0.993951
1848700000 5461.21 128.703 12006.4 0.993579
1848800000 5461.24 125.428 12013.8 0.993755
1848900000 5461.23 122.4 12020.6 0.993985
1849000000 5461.23 125.029 12014.7 0.993818
1849100000 5461.22 126.701 12010.9 0.993651
1849200000 5461.2 131.23 12000.6 0.993431
1849300000 5461.21 129.599 12004.3 0.993495
1849400000 5461.22 135.916 11990.1 0.992933
1849500000 5461.25 124.206 12016.6 0.993829
1849600000 5461.23 125.555 12013.5 0.993742
1849700000 5461.23 124.877 12015 0.993797
1849800000 5461.24 128.296 12007.3 0.993479
1849900000 5461.23 130.817 12001.6 0.99338
1850000000 5461.22 128.93 12005.9 0.993517
1850100000 5461.21 136.392 11989 0.993003
1850200000 5461.23 127.508 12009.1 0.993542
1850300000 5461.22 134.473 11993.4 0.993103
1850400000 5461.23 123.243 12018.7 0.993916
1850500000 5461.22 125.742 12013 0.993774
1850600000 5461.22 129.244 12005.1 0.993551
1850700000 5461.24 127.15 12009.9 0.99365
1850800000 5461.21 126.375 12011.6 0.993746
1850900000 5461.22 127.718 12008.6 0.993597
1851000000 5461.24 124.225 12016.5 0.993871
1851100000 5461.22 123.386 12018.4 0.993934
1851200000 5461.22 127.076 12010 0.993641
1851300000 5461.22 130.742 12001.8 0.993462
1851400000 5461.22 127.731 12008.6 0.993632
1851500000 5461.22 128.665 12006.5 0.993472
1851600000 5461.22 124.316 12016.2 0.993864
1851700000 5461.22 130.562 12002.2 0.993407
1851800000 5461.24 130.102 12003.3 0.99333
1851900000 5461.23 124.318 12016.3 0.993854
1852000000 5461.24 126.7 12010.9 0.993652
1852100000 5461.23 126.818 12010.6 0.993668
1852200000 5461.23 129.51 12004.6 0.993415
1852300000 5461.22 126.9 12010.4 0.993669
1852400000 5461.23 128.086 12007.8 0.993561
1852500000 5461.22 129.959 12003.6 0.993464
1852600000 5461.23 130.218 12003 0.993428
1852700000 5461.22 126.948 12010.3 0.993729
1852800000 5461.23 126.826 12010.6 0.993617
1852900000 5461.24 125.994 12012.5 0.993689
1853000000 5461.22 126.162 12012.1 0.993734
1853100000 5461.21 129.53 12004.5 0.993453
1853200000 5461.21 131.777 11999.4 0.993342
1853300000 5461.23 122.648 12020 0.993974
1853400000 5461.22 132.317 11998.2 0.993345
1853500000 5461.22 120.915 12023.9 0.994104
1853600000 5461.24 124.286 12016.4 0.993836
1853700000 5461.21 126.156 12012.1 0.993703
1853800000 5461.24 122.297 12020.8 0.993946
1853900000 5461.23 122.419 12020.5 0.994019
1854000000 5461.22 130.103 12003.2 0.993492
1854100000 5461.23 123.252 12018.7 0.99394
1854200000 5461.22 128.132 12007.7 0.993616
1854300000 5461.22 124.718 12015.4 0.993843
1854400000 5461.24 125.304 12014.1 0.993784
1854500000 5461.22 132.388 11998.1 0.993265
1854600000 5461.22 125.91 12012.7 0.993775
1854700000 5461.22 123.666 12017.7 0.993886
1854800000 5461.23 123.361 12018.4 0.99388
1854900000 5461.23 122.475 12020.4 0.993976
1855000000 5461.22 128.042 12007.9 0.993646
1855100000 5461.23 129.592 12004.4 0.993503
1855200000 5461.21 132.36 11998.1 0.993293
1855300000 5461.22 126.79 12010.7 0.993702
1855400000 5461.22 128.128 12007.7 0.993564
1855500000 5461.24 125.088 12014.5 0.993801
1855600000 5461.22 128.934 12005.9 0.994813
1855700000 5461.22 126.856 12010.5 0.993661
1855800000 5461.22 124.436 12016 0.99387
1855900000 5461.22 123.96 12017 0.993871
1856000000 5461.22 126.506 12011.3 0.993736
1856100000 5461.23 123.132 12018.9 0.993932
1856200000 5461.23 124.045 12016.9 0.99388
1856300000 5461.22 129.543 12004.5 0.993495
1856400000 5461.24 124.472 12015.9 0.993832
1856500000 5461.21 126.035 12012.4 0.993794
1856600000 5461.23 128.722 12006.3 0.993491
1856700000 5461.22 125.598 12013.4 0.993736
1856800000 5461.23 123.459 12018.2 0.993888
1856900000 5461.23 129.793 12003.9 0.993466
1857000000 5461.23 128.489 12006.9 0.993526
1857100000 5461.23 126.184 12012.1 0.993796
1857200000 5461.23 123.548 12018 0.993926
1857300000 5461.22 136.183 11989.5 0.998454
1857400000 5461.23 123.339 12018.5 0.993913
1857500000 5461.23 124.103 12016.7 0.993867
1857600000 5461.23 127.925 12008.1 0.993546
1857700000 5461.22 126.068 12012.3 0.993764
1857800000 5461.22 127.741 12008.5 0.993665
1857900000 5461.23 125.053 12014.6 0.993813
1858000000 5461.24 124.72 12015.4 0.993785
1858100000 5461.22 123.726 12017.6 0.993904
1858200000 5461.22 124.897 12014.9 0.993828
1858300000 5461.24 123.634 12017.8 0.993912
1858400000 5461.23 124.614 12015.6 0.993822
1858500000 5461.24 128.524 12006.8 0.99343
1858600000 5461.23 123.193 12018.8 0.993911
1858700000 5461.23 123.026 12019.2 0.993967
1858800000 5461.23 123.861 12017.3 0.993894
1858900000 5461.23 126.193 12012 0.993707
1859000000 5461.21 126.711 12010.8 0.993725
1859100000 5461.24 123.882 12017.3 0.993861
1859200000 5461.22 123.359 12018.4 0.993963
1859300000 5461.23 124.766 12015.3 0.993797
1859400000 5461.23 123.54 12018 0.993907
1859500000 5461.21 132.854 11997 0.993208
1859600000 5461.22 124.759 12015.2 0.993821
1859700000 5461.21 126.985 12010.2 0.993713
1859800000 5461.23 125.536 12013.5 0.993721
1859900000 5461.23 122.566 12020.2 0.994001
1860000000 5461.25 126.279 12011.9 0.993707
1860100000 5461.23 128.21 12007.5 0.99355
1860200000 5461.23 124.523 12015.8 0.993891
1860300000 5461.2 126.98 12010.2 0.993687
1860400000 5461.24 122.55 12020.3 0.993979
1860500000 5461.23 123.262 12018.6 0.993934
1860600000 5461.23 124.236 12016.4 0.993855
1860700000 5461.22 126.856 12010.5 0.993707
1860800000 5461.24 123.422 12018.3 0.99385
1860900000 5461.23 129.163 12005.3 0.993514
1861000000 5461.22 126.363 12011.6 0.993769
1861100000 5461.22 124.653 12015.5 0.993846
1861200000 5461.23 122.908 12019.4 0.993966
1861300000 5461.21 128.29 12007.3 0.993613
1861400000 5461.22 121.278 12023.1 0.994055
1861500000 5461.22 129.138 12005.4 0.993519
1861600000 5461.22 124.417 12016 0.993886
1861700000 5461.24 122.163 12021.1 0.993979
1861800000 5461.23 123.642 12017.8 0.993907
1861900000 5461.22 133.118 11996.4 0.993204
1862000000 5461.23 123.274 12018.6 0.993936
1862100000 5461.22 128.012 12007.9 0.993566
1862200000 5461.22 131.237 12000.7 0.993438
1862300000 5461.24 122.001 12021.5 0.994015
1862400000 5461.23 126.381 12011.6 0.99372
1862500000 5461.22 126.225 12012 0.993697
1862600000 5461.22 129.921 12003.6 0.993437
1862700000 5461.23 124.026 12016.9 0.993876
1862800000 5461.23 127.016 12010.2 0.993606
1862900000 5461.22 125.851 12012.8 0.993768
1863000000 5461.22 124.602 12015.6 0.993854
1863100000 5461.23 123.646 12017.8 0.993937
1863200000 5461.23 128.868 12006 0.99348
1863300000 5461.21 129.196 12005.2 0.993504
1863400000 5461.23 122.998 12019.2 0.993988
1863500000 5461.23 127.033 12010.2 0.993655
1863600000 5461.23 120.95 12023.8 0.994116
1863700000 5461.22 128.769 12006.2 0.993536
1863800000 5461.21 134.476 11993.3 0.995486
1863900000 5461.23 124.311 12016.3 0.993881
1864000000 5461.22 124.242 12016.4 0.993892
1864100000 5461.22 122.786 12019.7 0.993999
1864200000 5461.23 125.749 12013 0.995045
1864300000 5461.23 121.878 12021.8 0.994072
1864400000 5461.23 127.104 12010 0.99364
1864500000 5461.21 126.298 12011.8 0.993768
1864600000 5461.23 124.081 12016.8 0.993886
1864700000 5461.22 124.566 12015.7 0.993848
1864800000 5461.24 124.123 12016.7 0.993863
1864900000 5461.23 125.286 12014.1 0.993803
1865000000 5461.23 126.939 12010.4 0.993652
1865100000 5461.23 123.104 12019 0.993938
1865200000 5461.22 123.475 12018.1 0.993909
1865300000 5461.23 130.758 12001.8 0.993433
1865400000 5461.24 121.75 12022.1 0.994011
1865500000 5461.22 122.473 12020.4 0.99399
1865600000 5461.22 122.561 12020.2 0.993989
1865700000 5461.22 126.279 12011.8 0.993734
1865800000 5461.22 126.501 12011.3 0.993742
1865900000 5461.23 121.234 12023.2 0.99403
1866000000 5461.23 132.426 11998 0.993184
1866100000 5461.23 121.955 12021.6 0.994003
1866200000 5461.23 122.628 12020.1 0.993958
1866300000 5461.24 126.43 12011.5 0.993666
1866400000 5461.24 122.062 12021.4 0.99395
1866500000 5461.22 123 12019.2 0.993985
1866600000 5461.21 129.077 12005.5 0.993893
1866700000 5461.23 125.602 12013.4 0.993768
1866800000 5461.22 124.843 12015.1 0.993842
1866900000 5461.22 127.47 12009.1 0.993623
1867000000 5461.21 127.93 12008.1 0.99365
1867100000 5461.23 122.95 12019.3 0.993942
1867200000 5461.22 125.566 12013.4 0.993783
1867300000 5461.23 124.465 12015.9 0.994006
1867400000 5461.23 128.657 12006.5 0.993536
1867500000 5461.21 128.558 12006.7 0.99358
1867600000 5461.22 129.714 12004.1 0.993518
1867700000 5461.22 124.565 12015.7 0.993912
1867800000 5461.24 127.176 12009.8 0.993641
1867900000 5461.22 130.629 12002 0.993407
1868000000 5461.23 128.008 12008 0.993581
1868100000 5461.23 127.317 12009.5 0.993561
1868200000 5461.22 130.169 12003.1 0.993414
1868300000 5461.23 124.408 12016.1 0.993858
1868400000 5461.23 121.791 12022 0.99403
1868500000 5461.24 128.389 12007.1 0.993474
1868600000 5461.22 125.131 12014.4 0.993785
1868700000 5461.21 123.708 12017.6 0.993873
1868800000 5461.23 125.412 12013.8 0.993788
1868900000 5461.23 120.965 12023.8 0.99409
1869000000 5461.22 128.901 12005.9 0.993535
1869100000 5461.23 123.583 12017.9 0.993851
1869200000 5461.22 133.667 11995.2 0.993139
1869300000 5461.21 129.338 12004.9 0.993528
1869400000 5461.22 130.536 12002.2 0.993439
1869500000 5461.23 125.316 12014 0.993774
1869600000 5461.21 134.752 11992.7 0.993188
1869700000 5461.24 124.897 12015 0.993834
1869800000 5461.22 128.466 12006.9 0.993592
1869900000 5461.22 128.463 12006.9 0.993591
1870000000 5461.24 124.353 12016.2 0.993895
1870100000 5461.23 126.932 12010.4 0.993638
1870200000 5461.23 123.97 12017.1 0.993857
1870300000 5461.23 126.978 12010.3 0.993644
1870400000 5461.22 125.981 12012.5 0.993755
1870500000 5461.25 124.062 12016.9 0.993863
1870600000 5461.23 129.66 12004.2 0.993494
1870700000 5461.23 124.18 12016.6 0.993894
1870800000 5461.23 122.876 12019.5 0.993978
1870900000 5461.23 126.831 12010.6 0.993629
1871000000 5461.22 125.792 12012.9 0.993792
1871100000 5461.22 128.643 12006.5 0.99358
1871200000 5461.23 125.515 12013.6 0.994062
1871300000 5461.22 127.52 12009 0.993616
1871400000 5461.24 127.247 12009.7 0.993643
1871500000 5461.21 123.708 12017.6 0.993956
1871600000 5461.22 128.54 12006.7 0.993562
1871700000 5461.23 125.126 12014.4 0.993774
1871800000 5461.24 121.955 12021.6 0.994018
1871900000 5461.23 123.744 12017.6 0.993922
1872000000 5461.22 126.839 12010.6 0.993678
1872100000 5461.22 126.111 12012.2 0.993771
1872200000 5461.25 123.474 12018.2 0.99389
1872300000 5461.22 125.199 12014.3 0.993814
1872400000 5461.22 134.076 11994.3 0.99315
1872500000 5461.24 121.699 12022.2 0.994003
1872600000 5461.23 125.444 12013.7 0.993786
1872700000 5461.24 127.388 12009.4 0.993611
1872800000 5461.23 132.91 11996.9 0.993129
1872900000 5461.23 126.781 12010.7 0.993659
1873000000 5461.23 129.072 12005.6 0.993556
1873100000 5461.23 130.708 12001.9 0.993366
1873200000 5461.22 127.029 12010.1 0.993685
1873300000 5461.23 124.551 12015.7 0.993821
1873400000 5461.23 124.276 12016.4 0.99386
1873500000 5461.22 124.567 12015.7 0.993838
1873600000 5461.22 131.469 12000.1 0.993283
1873700000 5461.23 122.319 12020.8 0.994004
1873800000 5461.22 127.57 12008.9 0.99355
1873900000 5461.23 127.101 12010 0.993711
1874000000 5461.23 132.057 11998.8 0.993264
1874100000 5461.21 129.434 12004.7 0.993521
1874200000 5461.22 129.541 12004.5 0.993481
1874300000 5461.23 127.288 12009.6 0.993662
1874400000 5461.23 123.896 12017.2 0.993849
1874500000 5461.21 127.789 12008.4 0.993617
1874600000 5461.23 123.229 12018.7 0.993923
1874700000 5461.22 129.855 12003.8 0.993479
1874800000 5461.22 128.699 12006.4 0.99357
1874900000 5461.24 125.327 12014 0.993792
1875000000 5461.22 132.054 11998.8 0.993243
1875100000 5461.22 128.314 12007.2 0.993594
1875200000 5461.23 124.388 12016.1 0.99383
1875300000 5461.22 128.663 12006.5 0.993563
1875400000 5461.22 125.572 12013.4 0.99376
1875500000 5461.22 130.864 12001.5 0.993376
1875600000 5461.23 128.549 12006.7 0.993544
1875700000 5461.24 121.321 12023 0.994042
1875800000 5461.24 124.32 12016.3 0.993803
1875900000 5461.23 126.5 12011.4 0.993667
1876000000 5461.22 126.748 12010.8 0.993707
1876100000 5461.21 130.32 12002.7 0.99342
1876200000 5461.21 124.871 12015 0.993846
1876300000 5461.23 121.163 12023.4 0.994063
1876400000 5461.2 128.721 12006.3 0.993618
1876500000 5461.24 123.596 12017.9 0.99385
1876600000 5461.23 130.782 12001.7 0.993383
1876700000 5461.23 123.682 12017.7 0.993859
1876800000 5461.22 122.631 12020 0.993989
1876900000 5461.23 129.868 12003.8 0.993508
1877000000 5461.22 125.165 12014.3 0.993839
1877100000 5461.23 129.584 12004.4 0.993652
1877200000 5461.23 124.7 12015.4 0.993841
1877300000 5461.2 125.875 12012.7 0.993787
1877400000 5461.22 125.772 12013 0.993767
1877500000 5461.21 129.54 12004.5 0.993549
1877600000 5461.23 126.477 12011.4 0.993694
1877700000 5461.22 125.922 12012.6 0.993769
1877800000 5461.22 125.12 12014.4 0.993755
1877900000 5461.23 128.501 12006.8 0.993559
1878000000 5461.23 126.557 12011.2 0.993714
1878100000 5461.23 121.951 12021.6 0.994008
1878200000 5461.24 123.061 12019.1 0.993931
1878300000 5461.23 127.922 12008.1 0.993619
1878400000 5461.23 126.912 12010.4 0.99368
1878500000 5461.22 131.192 12000.8 0.993315
1878600000 5461.24 127.138 12009.9 0.993636
1878700000 5461.23 128.461 12006.9 0.993514
1878800000 5461.22 124.811 12015.1 0.993836
1878900000 5461.24 125.004 12014.8 0.993789
1879000000 5461.23 130.459 12002.4 0.993424
1879100000 5461.22 126.126 12012.2 0.99374
1879200000 5461.22 126.984 12010.2 0.993667
1879300000 5461.22 125.992 12012.5 0.993704
1879400000 5461.21 132.324 11998.2 0.993235
1879500000 5461.23 125.362 12013.9 0.993785
1879600000 5461.22 129.001 12005.7 0.993538
1879700000 5461.21 133.638 11995.2 0.993149
1879800000 5461.23 126.931 12010.4 0.993659
1879900000 5461.22 125.937 12012.6 0.993823
1880000000 5461.23 123.689 12017.7 0.993924
1880100000 5461.23 122.298 12020.8 0.993997
1880200000 5461.21 129.333 12004.9 0.993517
1880300000 5461.24 123.468 12018.2 0.993944
1880400000 5461.22 128.255 12007.4 0.993506
1880500000 5461.22 126.5 12011.3 0.993695
1880600000 5461.22 128.018 12007.9 0.993598
1880700000 5461.23 126.506 12011.3 0.993666
1880800000 5461.22 130.857 12001.5 0.9934
1880900000 5461.24 121.486 12022.7 0.994031
1881000000 5461.21 128.175 12007.5 0.993665
1881100000 5461.25 125.603 12013.4 0.993748
1881200000 5461.22 124.679 12015.4 0.993873
1881300000 5461.24 126.018 12012.5 0.993735
1881400000 5461.22 127.316 12009.5 0.993601
1881500000 5461.23 127.7 12008.6 0.993626
1881600000 5461.23 125.161 12014.4 0.993766
1881700000 5461.22 127.362 12009.4 0.993653
1881800000 5461.23 124.072 12016.8 0.993862
1881900000 5461.22 124.38 12016.1 0.993846
1882000000 5461.22 122.187 12021 0.994034
1882100000 5461.23 123.767 12017.5 0.993912
1882200000 5461.22 129.123 12005.4 0.993523
1882300000 5461.23 122.207 12021 0.993976
1882400000 5461.24 123.999 12017 0.99388
1882500000 5461.23 125.863 12012.8 0.993803
1882600000 5461.23 126.289 12011.8 0.993738
1882700000 5461.23 125.821 12012.9 0.99372
1882800000 5461.23 127.004 12010.2 0.993697
1882900000 5461.23 128.723 12006.3 0.993487
1883000000 5461.22 133.426 11995.7 0.993205
1883100000 5461.21 127.201 12009.7 0.993681
1883200000 5461.22 124.431 12016 0.993863
1883300000 5461.22 129.53 12004.5 0.993487
1883400000 5461.23 122.243 12020.9 0.994023
1883500000 5461.24 129.338 12005 0.993461
1883600000 5461.22 133.427 11995.7 0.993132
1883700000 5461.22 126.707 12010.9 0.993719
1883800000 5461.22 129.919 12003.6 0.993428
1883900000 5461.23 125.825 12012.9 0.993746
1884000000 5461.23 127.229 12009.7 0.993685
1884100000 5461.23 126.636 12011 0.993615
1884200000 5461.23 125.199 12014.3 0.993782
1884300000 5461.23 126.728 12010.8 0.993684
1884400000 5461.22 128.91 12005.9 0.993483
1884500000 5461.25 123.358 12018.5 0.993894
1884600000 5461.22 122.467 12020.4 0.994032
1884700000 5461.22 126.203 12012 0.993713
1884800000 5461.24 133.943 11994.6 0.993154
1884900000 5461.23 124.468 12015.9 0.993883
1885000000 5461.23 123.082 12019 0.993905
1885100000 5461.23 126.174 12012.1 0.993687
1885200000 5461.23 124.881 12015 0.993848
1885300000 5461.24 121.49 12022.6 0.994043
1885400000 5461.22 128.031 12007.9 0.993607
1885500000 5461.23 127.557 12009 0.99361
1885600000 5461.21 127.63 12008.8 0.993628
1885700000 5461.24 121.51 12022.6 0.994031
1885800000 5461.23 126.696 12010.9 0.993746
1885900000 5461.21 128.892 12005.9 0.993517
1886000000 5461.22 123.44 12018.2 0.993928
1886100000 5461.24 120.104 12025.8 0.994157
1886200000 5461.23 126.247 12011.9 0.993699
1886300000 5461.24 127.701 12008.7 0.993555
1886400000 5461.23 132.44 11998 0.993226
1886500000 5461.23 122.988 12019.3 0.993956
1886600000 5461.24 124.441 12016 0.993836
1886700000 5461.23 126.053 12012.3 0.993747
1886800000 5461.22 127.372 12009.4 0.993709
1886900000 5461.24 124.786 12015.2 0.993789
1887000000 5461.23 122.188 12021.1 0.994035
1887100000 5461.24 124.626 12015.6 0.993789
1887200000 5461.22 128.98 12005.8 0.993509
1887300000 5461.22 125.237 12014.2 0.993789
1887400000 5461.24 122.405 12020.6 0.993974
1887500000 5461.22 134.417 11993.5 0.993147
1887600000 5461.23 124.469 12015.9 0.993862
1887700000 5461.22 126.753 12010.8 0.993685
1887800000 5461.22 129.555 12004.4 0.99353
1887900000 5461.21 128.105 12007.7 0.994932
1888000000 5461.24 126.536 12011.3 0.993669
1888100000 5461.23 126.081 12012.3 0.993787
1888200000 5461.23 122.801 12019.7 0.994018
1888300000 5461.22 127.795 12008.4 0.993649
1888400000 5461.23 124.838 12015.1 0.993781
1888500000 5461.22 127.377 12009.4 0.993634
1888600000 5461.21 127.07 12010 0.993691
1888700000 5461.22 124.922 12014.9 0.993808
1888800000 5461.22 124.864 12015 0.993855
1888900000 5461.24 122.872 12019.5 0.993946
1889000000 5461.24 121.691 12022.2 0.99405
1889100000 5461.2 131.884 11999.2 0.993356
1889200000 5461.23 127.46 12009.2 0.993646
1889300000 5461.22 127.666 12008.7 0.993606
1889400000 5461.23 130.724 12001.8 0.993335
1889500000 5461.22 136.412 11989 0.992901
1889600000 5461.22 123.162 12018.9 0.993903
1889700000 5461.22 128.44 12007 0.993544
1889800000 5461.23 123.152 12018.9 0.993939
1889900000 5461.23 125.84 12012.8 0.993725
1890000000 5461.21 126.527 12011.3 0.993734
1890100000 5461.22 130.93 12001.4 0.993367
1890200000 5461.23 124.207 12016.5 0.993867
1890300000 5461.21 126.478 12011.4 0.993701
1890400000 5461.22 124.349 12016.2 0.993877
1890500000 5461.23 129.633 12004.3 0.993492
1890600000 5461.23 122.955 12019.3 0.993993
1890700000 5461.23 128.016 12007.9 0.993529
1890800000 5461.22 123.665 12017.7 0.993949
1890900000 5461.22 126.718 12010.8 0.993703
1891000000 5461.23 127.147 12009.9 0.993775
1891100000 5461.23 125.015 12014.7 0.993839
1891200000 5461.22 129.803 12003.9 0.993459
1891300000 5461.22 126.151 12012.1 0.993681
1891400000 5461.21 125.61 12013.3 0.993834
1891500000 5461.24 123.965 12017.1 0.993886
1891600000 5461.23 126.399 12011.6 0.993693
1891700000 5461.23 123.789 12017.4 0.993901
1891800000 5461.21 123.445 12018.2 0.993941
1891900000 5461.22 130.904 12001.4 0.993334
1892000000 5461.22 126.656 12011 0.993735
1892100000 5461.23 132.693 11997.4 0.993177
1892200000 5461.24 125.489 12013.7 0.99373
1892300000 5461.22 133.346 11995.9 0.993172
1892400000 5461.22 132.141 11998.6 0.993324
1892500000 5461.24 124.045 12016.9 0.993847
1892600000 5461.23 125.091 12014.5 0.993804
1892700000 5461.21 132.343 11998.1 0.993364
1892800000 5461.23 128.711 12006.4 0.993527
1892900000 5461.23 124.202 12016.5 0.993824
1893000000 5461.22 126.866 12010.5 0.993717
1893100000 5461.22 125.125 12014.4 0.993782
1893200000 5461.22 126.167 12012.1 0.993767
1893300000 5461.22 128.945 12005.8 0.993545
1893400000 5461.24 123.569 12018 0.993852
1893500000 5461.22 128.427 12007 0.993622
1893600000 5461.22 128.134 12007.6 0.993603
1893700000 5461.23 124.122 12016.7 0.99383
1893800000 5461.23 124.89 12015 0.993891
1893900000 5461.22 127.681 12008.7 0.993568
1894000000 5461.23 125.84 12012.8 0.993961
1894100000 5461.23 127.694 12008.7 0.993652
1894200000 5461.22 127.989 12008 0.993573
1894300000 5461.24 125.629 12013.3 0.99373
1894400000 5461.22 126.866 12010.5 0.994023
1894500000 5461.22 123.06 12019.1 0.993964
1894600000 5461.23 127.141 12009.9 0.99366
1894700000 5461.22 130.71 12001.8 0.993442
1894800000 5461.23 123.566 12018 0.993938
1894900000 5461.23 126.167 12012.1 0.993742
1895000000 5461.23 125.437 12013.7 0.993774
1895100000 5461.23 124.067 12016.8 0.993847
1895200000 5461.22 129.599 12004.3 0.993482
1895300000 5461.23 122.813 12019.6 0.993958
1895400000 5461.21 128.991 12005.7 0.993628
1895500000 5461.24 126.967 12010.3 0.993599
1895600000 5461.23 127.535 12009 0.993578
1895700000 5461.23 122.737 12019.8 0.993953
1895800000 5461.23 121.466 12022.7 0.994071
1895900000 5461.23 126.485 12011.4 0.99372
1896000000 5461.23 131.474 12000.2 0.993265
1896100000 5461.23 125.232 12014.2 0.993772
1896200000 5461.23 132.337 11998.2 0.993244
1896300000 5461.23 127.465 12009.2 0.993647
1896400000 5461.23 133.784 11994.9 0.993147
1896500000 5461.23 123.988 12017 0.993894
1896600000 5461.22 129.68 12004.2 0.993437
1896700000 5461.23 131.114 12001 0.993385
1896800000 5461.23 126.143 12012.2 0.993659
1896900000 5461.23 120.916 12023.9 0.994123
1897000000 5461.21 130.087 12003.2 0.99344
1897100000 5461.23 124.725 12015.3 0.993831
1897200000 5461.22 128.18 12007.5 0.993651
1897300000 5461.23 130.236 12002.9 0.993435
1897400000 5461.24 127.744 12008.6 0.993576
1897500000 5461.22 125.289 12014.1 0.993813
1897600000 5461.22 124.691 12015.4 0.993855
1897700000 5461.23 129.518 12004.5 0.993475
1897800000 5461.22 122.747 12019.8 0.99399
1897900000 5461.23 124.546 12015.7 0.99428
1898000000 5461.23 130.285 12002.8 0.993451
1898100000 5461.22 125.525 12013.5 0.99376
1898200000 5461.24 117.909 12030.7 0.9943
1898300000 5461.22 129.099 12005.5 0.993504
1898400000 5461.22 125.969 12012.5 0.993774
1898500000 5461.23 123.283 12018.6 0.993911
1898600000 5461.22 131.212 12000.7 0.99334
1898700000 5461.23 126.863 12010.5 0.993657
1898800000 5461.22 126.372 12011.6 0.993723
1898900000 5461.23 122.362 12020.7 0.994009
1899000000 5461.23 125.015 12014.7 0.993769
1899100000 5461.21 130.613 12002 0.993436
1899200000 5461.22 128.942 12005.8 0.993565
1899300000 5461.23 125.477 12013.7 0.99374
1899400000 5461.23 122.978 12019.3 0.993947
1899500000 5461.24 125.873 12012.8 0.993701
1899600000 5461.24 124.169 12016.6 0.993868
1899700000 5461.21 132.139 11998.6 0.993267
1899800000 5461.24 125.41 12013.8 0.99378
1899900000 5461.23 127.699 12008.7 0.993633
1900000000 5461.23 123.081 12019.1 0.99393
1900100000 5461.22 127.837 12008.3 0.99357
1900200000 5461.23 126.198 12012 0.993729
1900300000 5461.21 133.013 11996.6 0.993209
1900400000 5461.22 127.154 12009.9 0.993683
1900500000 5461.23 126.382 12011.6 0.993663
1900600000 5461.21 124.837 12015.1 0.993825
1900700000 5461.24 125.453 12013.7 0.994114
1900800000 5461.23 128.503 12006.8 0.993524
1900900000 5461.22 124.764 12015.2 0.993809
1901000000 5461.21 125.205 12014.2 0.993807
1901100000 5461.22 124.834 12015.1 0.993826
1901200000 5461.21 128.692 12006.4 0.993617
1901300000 5461.22 128.076 12007.8 0.993576
1901400000 5461.23 122.195 12021 0.993995
1901500000 5461.23 123.576 12017.9 0.993888
1901600000 5461.23 124.583 12015.7 0.993862
1901700000 5461.24 123.4 12018.3 0.993923
1901800000 5461.22 124.409 12016 0.993867
1901900000 5461.23 125.572 12013.4 0.99377
1902000000 5461.23 124.748 12015.3 0.993837
1902100000 5461.23 121.714 12022.1 0.994089
1902200000 5461.23 124.714 12015.4 0.993843
1902300000 5461.22 125.849 12012.8 0.993773
1902400000 5461.23 123.324 12018.5 0.993938
1902500000 5461.22 126.583 12011.1 0.993704
1902600000 5461.23 122.895 12019.5 0.993943
1902700000 5461.22 127.663 12008.7 0.993627
1902800000 5461.22 122.426 12020.5 0.994033
1902900000 5461.23 127.327 12009.5 0.993599
1903000000 5461.22 128.988 12005.7 0.993507
1903100000 5461.22 124.956 12014.8 0.993805
1903200000 5461.24 122.382 12020.6 0.994022
1903300000 5461.23 124.847 12015.1 0.993809
1903400000 5461.22 126.635 12011 0.99372
1903500000 5461.24 123.121 12019 0.993946
1903600000 5461.23 129.623 12004.3 0.993482
1903700000 5461.21 124.964 12014.8 0.993805
1903800000 5461.22 127.165 12009.8 0.993664
1903900000 5461.22 127.206 12009.7 0.993673
1904000000 5461.22 128.748 12006.3 0.993509
1904100000 5461.21 128.214 12007.5 0.993613
1904200000 5461.23 125.04 12014.6 0.993827
1904300000 5461.24 126.225 12012 0.993719
1904400000 5461.22 127.691 12008.6 0.993596
1904500000 5461.22 129.64 12004.3 0.993496
1904600000 5461.22 129.058 12005.6 0.993548
1904700000 5461.23 127.515 12009.1 0.993633
1904800000 5461.21 132.093 11998.7 0.993335
1904900000 5461.22 129.356 12004.9 0.993537
1905000000 5461.23 125.312 12014 0.993762
1905100000 5461.22 123.6 12017.9 0.994026
1905200000 5461.23 127.105 12010 0.993639
1905300000 5461.23 127.256 12009.6 0.993627
1905400000 5461.22 127.14 12009.9 0.993664
1905500000 5461.22 125.688 12013.2 0.993764
1905600000 5461.23 123.301 12018.6 0.993895
1905700000 5461.24 128.035 12007.9 0.993527
1905800000 5461.24 124.752 12015.3 0.993794
1905900000 5461.22 128.134 12007.7 0.993578
1906000000 5461.23 123.118 12019 0.993961
1906100000 5461.22 128.627 12006.5 0.993565
1906200000 5461.23 123.984 12017 0.993841
1906300000 5461.23 128.65 12006.5 0.993484
1906400000 5461.22 131.411 12000.3 0.9932
1906500000 5461.23 126.209 12012 0.993707
1906600000 5461.21 126.703 12010.9 0.993705
1906700000 5461.23 124.894 12015 0.993808
1906800000 5461.23 122.964 12019.3 0.993961
1906900000 5461.22 126.741 12010.8 0.993696
1907000000 5461.23 127.405 12009.3 0.993614
1907100000 5461.23 126.464 12011.4 0.993647
1907200000 5461.22 123.448 12018.2 0.993978
1907300000 5461.23 128.366 12007.1 0.993529
1907400000 5461.22 128.006 12007.9 0.993626
1907500000 5461.22 123.183 12018.8 0.993975
1907600000 5461.23 127.835 12008.3 0.993808
1907700000 5461.22 128.358 12007.1 0.993867
1907800000 5461.21 129.349 12004.9 0.993469
1907900000 5461.23 128.248 12007.4 0.993516
1908000000 5461.22 126.193 12012 0.993728
1908100000 5461.23 123.259 12018.6 0.993938
1908200000 5461.23 126.424 12011.5 0.993677
1908300000 5461.21 129.38 12004.8 0.993661
1908400000 5461.23 127.951 12008.1 0.993613
1908500000 5461.23 126.617 12011.1 0.993699
1908600000 5461.22 125.872 12012.7 0.993812
1908700000 5461.22 132.155 11998.6 0.993315
1908800000 5461.23 122.235 12021 0.994001
1908900000 5461.22 129.5 12004.6 0.993894
1909000000 5461.22 129.302 12005 0.993503
1909100000 5461.22 128.008 12007.9 0.993546
1909200000 5461.23 123.853 12017.3 0.993874
1909300000 5461.21 130.235 12002.9 0.993417
1909400000 5461.22 130.21 12003 0.993344
1909500000 5461.21 135.54 11991 0.993036
1909600000 5461.22 130.645 12002 0.993381
1909700000 5461.24 126.531 12011.3 0.993647
1909800000 5461.21 125.594 12013.4 0.993782
1909900000 5461.22 130.369 12002.6 0.993503
1910000000 5461.23 124.04 12016.9 0.993862
1910100000 5461.22 125.072 12014.6 0.993801
1910200000 5461.23 123.367 12018.4 0.993942
1910300000 5461.23 123.967 12017.1 0.993904
1910400000 5461.22 128.509 12006.8 0.993528
1910500000 5461.22 127.908 12008.2 0.99365
1910600000 5461.23 122.525 12020.3 0.993997
1910700000 5461.24 125.032 12014.7 0.993796
1910800000 5461.24 126.367 12011.7 0.993642
1910900000 5461.23 127.664 12008.7 0.993568
1911000000 5461.23 125.474 12013.7 0.993767
1911100000 5461.22 129.654 12004.2 0.993484
1911200000 5461.23 127.738 12008.6 0.993551
1911300000 5461.24 125.437 12013.8 0.993749
1911400000 5461.22 123.878 12017.2 0.993883
1911500000 5461.22 122.891 12019.5 0.993993
1911600000 5461.22 125.682 12013.2 0.993739
1911700000 5461.23 124.079 12016.8 0.993882
1911800000 5461.21 129.626 12004.3 0.993493
1911900000 5461.22 128.735 12006.3 0.993463
1912000000 5461.24 124.535 12015.8 0.993825
1912100000 5461.22 127.052 12010.1 0.993642
1912200000 5461.23 121.88 12021.8 0.994015
1912300000 5461.22 127.712 12008.6 0.99359
1912400000 5461.23 123.168 12018.9 0.993943
1912500000 5461.21 130.284 12002.8 0.993419
1912600000 5461.23 123.073 12019.1 0.993947
1912700000 5461.22 129.479 12004.6 0.993515
1912800000 5461.24 126.719 12010.9 0.993659
1912900000 5461.22 123.076 12019 0.993977
1913000000 5461.22 125.816 12012.9 0.99377
1913100000 5461.22 128.943 12005.8 0.993565
1913200000 5461.23 128.255 12007.4 0.993566
1913300000 5461.23 122.343 12020.7 0.993995
1913400000 5461.23 123.121 12019 0.993915
1913500000 5461.21 129.178 12005.3 0.993541
1913600000 5461.21 131.562 11999.9 0.993387
1913700000 5461.23 124.024 12016.9 0.993899
1913800000 5461.22 125.95 12012.6 0.9938
1913900000 5461.22 130.666 12001.9 0.993415
1914000000 5461.22 126.712 12010.9 0.993698
1914100000 5461.23 124.181 12016.6 0.993853
1914200000 5461.23 125.317 12014 0.993783
1914300000 5461.23 127.923 12008.1 0.993572
1914400000 5461.21 130.295 12002.8 0.993396
1914500000 5461.23 127.694 12008.7 0.993612
1914600000 5461.22 129.178 12005.3 0.993477
1914700000 5461.24 123.57 12018 0.993864
1914800000 5461.22 126.133 12012.2 0.993744
1914900000 5461.21 128.438 12006.9 0.993576
1915000000 5461.22 125.914 12012.6 0.993719
1915100000 5461.22 131.812 11999.4 0.993261
1915200000 5461.24 122.523 12020.3 0.993947
1915300000 5461.24 125.729 12013.1 0.99377
1915400000 5461.23 131.771 11999.5 0.993312
1915500000 5461.23 124.382 12016.1 0.993819
1915600000 5461.23 128.762 12006.2 0.993509
1915700000 5461.23 131.847 11999.3 0.993294
1915800000 5461.22 128.788 12006.2 0.993538
1915900000 5461.22 124.205 12016.5 0.993884
1916000000 5461.24 125.99 12012.5 0.993675
1916100000 5461.21 127.024 12010.1 0.993679
1916200000 5461.23 127.163 12009.8 0.993683
1916300000 5461.22 129.795 12003.9 0.993529
1916400000 5461.23 125.451 12013.7 0.993768
1916500000 5461.24 121.862 12021.8 0.99404
1916600000 5461.22 130.145 12003.1 0.993376
1916700000 5461.23 126.94 12010.4 0.99366
1916800000 5461.22 126.907 12010.4 0.99368
1916900000 5461.23 131.644 11999.8 0.993309
1917000000 5461.22 126.091 12012.2 0.99378
1917100000 5461.24 120.193 12025.6 0.99415
1917200000 5461.22 124.349 12016.2 0.993884
1917300000 5461.23 122.009 12021.5 0.994023
1917400000 5461.22 126.366 12011.6 0.993749
1917500000 5461.22 128.738 12006.3 0.993565
1917600000 5461.23 123.278 12018.6 0.993948
1917700000 5461.22 131.765 11999.5 0.993316
1917800000 5461.23 123.309 12018.5 0.993924
1917900000 5461.22 125.664 12013.2 0.993785
1918000000 5461.23 127.818 12008.4 0.993564
1918100000 5461.23 127.541 12009 0.993618
1918200000 5461.23 124.972 12014.8 0.993779
1918300000 5461.22 124.99 12014.7 0.993805
1918400000 5461.23 125.701 12013.1 0.993765
1918500000 5461.23 125.799 12012.9 0.993737
1918600000 5461.24 129.399 12004.8 0.993432
1918700000 5461.24 121.99 12021.5 0.993999
1918800000 5461.23 125.146 12014.4 0.993793
1918900000 5461.23 123.393 12018.3 0.993904
1919000000 5461.22 124.973 12014.8 0.993787
1919100000 5461.22 124.112 12016.7 0.993855
1919200000 5461.23 126.497 12011.4 0.994894
1919300000 5461.23 125.349 12013.9 0.993821
1919400000 5461.23 128.434 12007 0.99355
1919500000 5461.22 124.753 12015.3 0.993822
1919600000 5461.22 126.966 12010.3 0.993713
1919700000 5461.23 125.436 12013.7 0.993795
1919800000 5461.23 126.502 12011.3 0.993703
1919900000 5461.23 124.718 12015.4 0.993794
1920000000 5461.23 125.708 12013.1 0.993715
1920100000 5461.23 125.332 12014 0.993819
1920200000 5461.22 124.534 12015.7 0.993839
1920300000 5461.22 126.195 12012 0.993728
1920400000 5461.21 136.041 11989.8 0.993049
1920500000 5461.22 129.752 12004 0.993483
1920600000 5461.23 124.826 12015.1 0.993777
1920700000 5461.22 128.013 12007.9 0.993585
1920800000 5461.21 124.464 12015.9 0.9938
1920900000 5461.22 127.081 12010 0.993697
1921000000 5461.23 127.434 12009.2 0.993606
1921100000 5461.22 129.045 12005.6 0.993559
1921200000 5461.23 122.608 12020.1 0.993946
1921300000 5461.22 127.318 12009.5 0.993631
1921400000 5461.23 125.339 12014 0.993778
1921500000 5461.23 128.054 12007.8 0.993563
1921600000 5461.21 127.463 12009.1 0.993701
1921700000 5461.23 123.224 12018.7 0.993926
1921800000 5461.22 125.412 12013.8 0.993818
1921900000 5461.23 125.348 12013.9 0.993763
1922000000 5461.24 122.21 12021 0.994006
1922100000 5461.22 129.149 12005.4 0.99352
1922200000 5461.23 126.932 12010.4 0.993664
1922300000 5461.23 124.587 12015.7 0.993863
1922400000 5461.23 123.327 12018.5 0.993909
1922500000 5461.22 127.741 12008.5 0.993676
1922600000 5461.23 127.633 12008.8 0.993596
1922700000 5461.22 128.471 12006.9 0.993526
1922800000 5461.22 126.906 12010.4 0.993676
1922900000 5461.24 123.669 12017.7 0.993894
1923000000 5461.24 130.709 12001.9 0.993352
1923100000 5461.23 124.538 12015.8 0.993823
1923200000 5461.21 124.967 12014.8 0.993808
1923300000 5461.21 125.338 12013.9 0.993803
1923400000 5461.21 130.828 12001.6 0.993418
1923500000 5461.22 128.195 12007.5 0.993649
1923600000 5461.23 127.442 12009.2 0.993674
1923700000 5461.22 125.861 12012.8 0.993756
1923800000 5461.22 130.429 12002.5 0.993303
1923900000 5461.23 123.179 12018.8 0.993896
1924000000 5461.23 124.266 12016.4 0.99386
1924100000 5461.22 126.86 12010.5 0.993689
1924200000 5461.22 127.957 12008 0.993633
1924300000 5461.24 126.56 12011.2 0.993588
1924400000 5461.22 128.478 12006.9 0.993587
1924500000 5461.23 127.022 12010.2 0.993656
1924600000 5461.22 127.93 12008.1 0.993594
1924700000 5461.22 124.838 12015.1 0.993866
1924800000 5461.22 131.23 12000.7 0.993339
1924900000 5461.23 126.743 12010.8 0.993645
1925000000 5461.23 129.042 12005.6 0.993471
1925100000 5461.22 126.076 12012.3 0.993701
1925200000 5461.22 121.91 12021.7 0.994039
1925300000 5461.23 122.543 12020.3 0.993966
1925400000 5461.23 122.872 12019.5 0.993946
1925500000 5461.23 124.874 12015 0.993795
1925600000 5461.22 130.419 12002.5 0.99341
1925700000 5461.23 121.732 12022.1 0.994043
1925800000 5461.22 132.471 11997.9 0.993265
1925900000 5461.23 126.386 12011.6 0.993655
1926000000 5461.22 121.954 12021.6 0.994019
1926100000 5461.23 135.78 11990.5 0.992858
1926200000 5461.23 131.235 12000.7 0.993326
1926300000 5461.23 125.759 12013 0.993727
1926400000 5461.21 130.145 12003.1 0.993418
1926500000 5461.22 128.605 12006.6 0.993538
1926600000 5461.24 123.495 12018.1 0.99392
1926700000 5461.23 128.368 12007.1 0.993537
1926800000 5461.21 131.935 11999.1 0.998066
1926900000 5461.22 124.789 12015.2 0.993875
1927000000 5461.22 132.109 11998.7 0.993432
1927100000 5461.23 124.375 12016.1 0.993822
1927200000 5461.22 129.206 12005.2 0.993502
1927300000 5461.22 125.385 12013.8 0.993792
1927400000 5461.22 132.318 11998.2 0.993181
1927500000 5461.22 126.606 12011.1 0.993703
1927600000 5461.21 123.779 12017.4 0.993892
1927700000 5461.23 121.313 12023 0.99406
1927800000 5461.23 125.908 12012.7 0.993751
1927900000 5461.23 124.969 12014.8 0.993819
1928000000 5461.24 126.479 12011.4 0.993707
1928100000 5461.24 127.927 12008.2 0.993571
1928200000 5461.23 125.975 12012.5 0.993718
1928300000 5461.23 125.688 12013.2 0.993759
1928400000 5461.22 125.511 12013.6 0.993822
1928500000 5461.22 126.354 12011.6 0.993711
1928600000 5461.22 126.043 12012.3 0.993758
1928700000 5461.22 128.478 12006.9 0.993519
1928800000 5461.22 128.854 12006 0.993525
1928900000 5461.22 125.852 12012.8 0.993735
1929000000 5461.23 126.437 12011.5 0.993674
1929100000 5461.23 127.658 12008.7 0.993573
1929200000 5461.23 121.837 12021.9 0.994021
1929300000 5461.22 126.462 12011.4 0.993702
1929400000 5461.22 127.12 12009.9 0.993687
1929500000 5461.22 124.053 12016.8 0.993866
1929600000 5461.22 123.482 12018.1 0.993959
1929700000 5461.23 123.784 12017.5 0.993894
1929800000 5461.21 126.641 12011 0.993705
1929900000 5461.23 124.147 12016.6 0.993915
1930000000 5461.23 129.244 12005.2 0.99349
1930100000 5461.22 124.173 12016.6 0.993866
1930200000 5461.22 123.49 12018.1 0.993895
1930300000 5461.24 126.738 12010.8 0.993641
1930400000 5461.22 125.466 12013.7 0.993812
1930500000 5461.23 123.794 12017.4 0.993888
1930600000 5461.24 123.573 12018 0.993894
1930700000 5461.23 126.805 12010.7 0.993673
1930800000 5461.23 125.508 12013.6 0.993795
1930900000 5461.23 127.35 12009.4 0.993618
1931000000 5461.22 128.982 12005.7 0.993576
1931100000 5461.22 127.88 12008.2 0.993619
1931200000 5461.22 124.388 12016.1 0.99384
1931300000 5461.22 127.343 12009.4 0.993664
1931400000 5461.24 123.049 12019.1 0.993945
1931500000 5461.22 128.162 12007.6 0.993604
1931600000 5461.24 128.825 12006.1 0.99349
1931700000 5461.22 127.038 12010.1 0.993651
1931800000 5461.21 130.991 12001.2 0.993382
1931900000 5461.23 123.748 12017.5 0.99389
1932000000 5461.22 126.866 12010.5 0.993702
1932100000 5461.21 126.107 12012.2 0.993768
1932200000 5461.23 123.759 12017.5 0.993868
1932300000 5461.22 127.427 12009.3 0.993636
1932400000 5461.22 128.404 12007 0.993564
1932500000 5461.22 126.49 12011.4 0.99371
1932600000 5461.23 125.77 12013 0.993732
1932700000 5461.22 126.002 12012.5 0.993749
1932800000 5461.22 124.016 12016.9 0.993854
1932900000 5461.22 131.625 11999.8 0.99336
1933000000 5461.23 123.281 12018.6 0.993929
1933100000 5461.23 125.831 12012.9 0.993747
1933200000 5461.23 126.619 12011.1 0.993689
1933300000 5461.22 128.537 12006.7 0.993568
1933400000 5461.23 122.857 12019.5 0.993958
1933500000 5461.23 129.296 12005.1 0.993486
1933600000 5461.22 125.584 12013.4 0.993771
1933700000 5461.22 128.229 12007.4 0.993621
1933800000 5461.22 121.916 12021.7 0.994035
1933900000 5461.23 123.986 12017 0.99379
1934000000 5461.22 129.309 12005 0.993541
1934100000 5461.22 128.39 12007.1 0.993635
1934200000 5461.22 125.329 12014 0.993805
1934300000 5461.23 124.302 12016.3 0.993879
1934400000 5461.23 128.51 12006.8 0.993561
1934500000 5461.21 126.938 12010.3 0.993692
1934600000 5461.23 126.502 12011.4 0.993698
1934700000 5461.23 125.862 12012.8 0.993751
1934800000 5461.23 126.862 12010.5 0.993715
1934900000 5461.22 129.57 12004.4 0.993388
1935000000 5461.23 124.932 12014.9 0.993831
1935100000 5461.22 131.266 12000.6 0.99338
1935200000 5461.23 127.874 12008.3 0.993589
1935300000 5461.23 124.951 12014.8 0.993752
1935400000 5461.22 128.54 12006.7 0.99355
1935500000 5461.22 127.234 12009.7 0.993622
1935600000 5461.24 127.27 12009.6 0.993593
1935700000 5461.23 127.851 12008.3 0.993609
1935800000 5461.21 127.884 12008.2 0.993716
1935900000 5461.23 121.685 12022.2 0.994051
1936000000 5461.23 124.359 12016.2 0.993866
1936100000 5461.22 129.116 12005.4 0.993571
1936200000 5461.23 123.013 12019.2 0.993925
1936300000 5461.22 131.251 12000.6 0.993397
1936400000 5461.21 128.827 12006.1 0.993588
1936500000 5461.22 129.019 12005.7 0.993484
1936600000 5461.22 130.513 12002.3 0.993416
1936700000 5461.21 124.523 12015.8 0.99382
1936800000 5461.23 123.617 12017.8 0.99391
1936900000 5461.22 128.609 12006.6 0.993622
1937000000 5461.22 127.383 12009.3 0.993601
1937100000 5461.23 127.889 12008.2 0.993617
1937200000 5461.22 126.364 12011.6 0.99374
1937300000 5461.22 126.17 12012.1 0.993756
1937400000 5461.23 124.871 12015 0.993825
1937500000 5461.22 126.88 12010.5 0.993688
1937600000 5461.22 128.131 12007.7 0.993585
1937700000 5461.23 120.567 12024.7 0.994099
1937800000 5461.24 126.404 12011.6 0.993646
1937900000 5461.2 127.784 12008.4 0.993659
1938000000 5461.22 126.216 12012 0.993722
1938100000 5461.23 129.653 12004.3 0.993447
1938200000 5461.21 130.677 12001.9 0.993437
1938300000 5461.23 125.378 12013.9 0.993812
1938400000 5461.22 127.952 12008.1 0.993561
1938500000 5461.24 123.261 12018.7 0.993921
1938600000 5461.23 127.106 12010 0.993678
1938700000 5461.21 129.587 12004.4 0.993504
1938800000 5461.22 124.905 12014.9 0.99383
1938900000 5461.23 124.1 12016.7 0.993857
1939000000 5461.22 127.014 12010.2 0.993715
1939100000 5461.23 123.208 12018.8 0.993941
1939200000 5461.23 126.397 12011.6 0.993667
1939300000 5461.22 127.871 12008.2 0.993654
1939400000 5461.22 125.891 12012.7 0.993785
1939500000 5461.21 133.237 11996.1 0.99319
1939600000 5461.22 125.642 12013.3 0.993822
1939700000 5461.23 130.195 12003 0.993493
1939800000 5461.23 123.753 12017.5 0.993942
1939900000 5461.24 125.994 12012.5 0.993681
1940000000 5461.23 123.933 12017.1 0.993855
1940100000 5461.23 123.36 12018.4 0.993911
1940200000 5461.22 128.506 12006.8 0.993569
1940300000 5461.21 128.248 12007.4 0.993572
1940400000 5461.23 122.297 12020.8 0.99403
1940500000 5461.22 123.054 12019.1 0.993952
1940600000 5461.22 125.379 12013.9 0.99379
1940700000 5461.24 119.876 12026.3 0.994152
1940800000 5461.22 125.707 12013.1 0.993762
1940900000 5461.22 127.493 12009.1 0.993615
1941000000 5461.21 129.05 12005.6 0.993583
1941100000 5461.23 126.464 12011.4 0.993758
1941200000 5461.23 126.658 12011 0.993715
1941300000 5461.23 124.229 12016.5 0.993886
1941400000 5461.23 127.071 12010.1 0.993662
1941500000 5461.23 124.612 12015.6 0.993832
1941600000 5461.23 123.766 12017.5 0.993899
1941700000 5461.23 125.958 12012.6 0.993728
1941800000 5461.22 127.166 12009.8 0.993649
1941900000 5461.22 130.9 12001.4 0.993399
1942000000 5461.23 127.15 12009.9 0.993645
1942100000 5461.22 125.305 12014 0.993764
1942200000 5461.23 125.787 12013 0.993714
1942300000 5461.23 121.289 12023.1 0.994038
1942400000 5461.22 126.083 12012.3 0.993754
1942500000 5461.22 123.525 12018 0.993896
1942600000 5461.23 123.882 12017.2 0.993869
1942700000 5461.22 124.205 12016.5 0.993899
1942800000 5461.24 122.146 12021.2 0.993987
1942900000 5461.22 126.408 12011.5 0.993746
1943000000 5461.22 128.482 12006.9 0.993629
1943100000 5461.24 123.993 12017 0.993888
1943200000 5461.22 126.164 12012.1 0.993753
1943300000 5461.21 130.159 12003.1 0.993441
1943400000 5461.23 124.969 12014.8 0.99381
1943500000 5461.22 130.049 12003.3 0.993465
1943600000 5461.21 133.089 11996.5 0.993233
1943700000 5461.23 125.497 12013.6 0.994005
1943800000 5461.24 123.563 12018 0.993899
1943900000 5461.23 121.368 12022.9 0.994043
1944000000 5461.22 122.83 12019.6 0.993987
1944100000 5461.22 126.493 12011.3 0.993751
1944200000 5461.23 131.181 12000.8 0.993357
1944300000 5461.24 124.013 12017 0.993846
1944400000 5461.23 124.161 12016.6 0.993842
1944500000 5461.24 125.157 12014.4 0.99376
1944600000 5461.22 125.044 12014.6 0.993822
1944700000 5461.23 123.896 12017.2 0.993913
1944800000 5461.23 125.754 12013 0.99377
1944900000 5461.23 123.617 12017.8 0.993906
1945000000 5461.22 124.708 12015.4 0.993843
1945100000 5461.22 125.072 12014.6 0.993788
1945200000 5461.23 126.469 12011.4 0.993686
1945300000 5461.22 130.226 12002.9 0.993453
1945400000 5461.21 140.005 11980.9 0.992557
1945500000 5461.22 129.848 12003.8 0.993479
1945600000 5461.22 124.384 12016.1 0.993884
1945700000 5461.24 127.026 12010.2 0.993611
1945800000 5461.23 123.492 12018.1 0.993883
1945900000 5461.23 131.964 11999 0.993515
1946000000 5461.21 129.925 12003.6 0.99351
1946100000 5461.23 125.273 12014.1 0.993805
1946200000 5461.21 127.14 12009.9 0.993689
1946300000 5461.21 128.24 12007.4 0.993628
1946400000 5461.22 126.43 12011.5 0.99374
1946500000 5461.22 126.337 12011.7 0.993655
1946600000 5461.23 124.114 12016.7 0.993926
1946700000 5461.24 124.819 12015.2 0.993851
1946800000 5461.23 130.109 12003.2 0.993389
1946900000 5461.21 125.842 12012.8 0.993788
1947000000 5461.24 123.535 12018 0.99392
1947100000 5461.23 124.121 12016.7 0.993885
1947200000 5461.23 123.395 12018.3 0.993898
1947300000 5461.23 123.76 12017.5 0.993851
1947400000 5461.23 123.255 12018.7 0.993928
1947500000 5461.22 126.623 12011.1 0.993733
1947600000 5461.23 122.103 12021.2 0.994032
1947700000 5461.22 131.402 12000.3 0.993305
1947800000 5461.24 129.174 12005.4 0.993422
1947900000 5461.21 125.138 12014.4 0.993844
1948000000 5461.23 129.038 12005.6 0.993546
1948100000 5461.22 126.2 12012 0.993651
1948200000 5461.22 127.818 12008.4 0.993644
1948300000 5461.22 125.996 12012.5 0.993754
1948400000 5461.23 123.191 12018.8 0.993958
1948500000 5461.22 125.524 12013.5 0.99378
1948600000 5461.23 123.655 12017.8 0.993901
1948700000 5461.22 126.41 12011.5 0.993689
1948800000 5461.23 125.889 12012.7 0.993761
1948900000 5461.22 126.096 12012.2 0.993789
1949000000 5461.22 123.67 12017.7 0.993893
1949100000 5461.22 124.062 12016.8 0.993914
1949200000 5461.21 129.065 12005.5 0.993541
1949300000 5461.23 126.978 12010.3 0.993648
1949400000 5461.22 128.155 12007.6 0.993605
1949500000 5461.22 127.961 12008 0.993634
1949600000 5461.23 129.172 12005.3 0.99345
1949700000 5461.23 123.48 12018.2 0.993925
1949800000 5461.22 127.776 12008.5 0.99356
1949900000 5461.23 124.981 12014.8 0.993803
1950000000 5461.23 123.537 12018 0.99391
1950100000 5461.22 129.231 12005.2 0.993531
1950200000 5461.22 132.431 11998 0.99323
1950300000 5461.24 124.319 12016.3 0.993832
1950400000 5461.23 124.89 12015 0.993805
1950500000 5461.23 128.045 12007.9 0.993549
1950600000 5461.22 124.903 12014.9 0.993879
1950700000 5461.23 126.277 12011.9 0.993667
1950800000 5461.22 127.851 12008.3 0.993638
1950900000 5461.21 128.028 12007.9 0.993644
1951000000 5461.21 128.074 12007.8 0.993625
1951100000 5461.23 126.363 12011.7 0.99368
1951200000 5461.23 127.951 12008.1 0.993625
1951300000 5461.23 127.461 12009.2 0.99363
1951400000 5461.24 124.839 12015.1 0.993783
1951500000 5461.24 125.864 12012.8 0.993737
1951600000 5461.22 125.314 12014 0.993819
1951700000 5461.23 132.692 11997.4 0.993252
1951800000 5461.23 126.131 12012.2 0.99375
1951900000 5461.23 125.817 12012.9 0.993755
1952000000 5461.22 126.299 12011.8 0.993714
1952100000 5461.22 127.509 12009.1 0.99363
1952200000 5461.22 130.64 12002 0.993438
1952300000 5461.23 122.595 12020.1 0.993963
1952400000 5461.22 128.048 12007.8 0.993586
1952500000 5461.23 126.464 12011.4 0.993715
1952600000 5461.22 126.133 12012.2 0.993719
1952700000 5461.23 122.032 12021.4 0.994005
1952800000 5461.22 125.312 12014 0.993802
1952900000 5461.21 127.4 12009.3 0.993652
1953000000 5461.22 125.333 12014 0.993818
1953100000 5461.22 123.9 12017.2 0.993909
1953200000 5461.22 128.062 12007.8 0.99359
1953300000 5461.22 126.941 12010.3 0.994305
1953400000 5461.23 124.674 12015.5 0.993822
1953500000 5461.23 123.43 12018.3 0.993935
1953600000 5461.23 126.001 12012.5 0.993727
1953700000 5461.23 123.069 12019.1 0.99391
1953800000 5461.22 124.807 12015.1 0.993888
1953900000 5461.22 126.941 12010.3 0.993671
1954000000 5461.21 132.121 11998.7 0.99331
1954100000 5461.22 123.921 12017.1 0.993912
1954200000 5461.22 124.215 12016.5 0.993922
1954300000 5461.22 127.652 12008.7 0.995014
1954400000 5461.23 125.168 12014.3 0.993805
1954500000 5461.22 126.274 12011.8 0.993764
1954600000 5461.23 121.83 12021.9 0.994004
1954700000 5461.22 122.659 12020 0.993998
1954800000 5461.23 129.345 12004.9 0.993483
1954900000 5461.23 123.513 12018.1 0.993882
1955000000 5461.23 123.449 12018.2 0.993915
1955100000 5461.23 126.364 12011.7 0.993666
1955200000 5461.23 128.246 12007.4 0.993535
1955300000 5461.23 125.655 12013.2 0.993789
1955400000 5461.24 121.491 12022.6 0.994057
1955500000 5461.22 125.818 12012.9 0.993765
1955600000 5461.24 125.405 12013.8 0.993708
1955700000 5461.22 127 12010.2 0.993632
1955800000 5461.23 122.915 12019.4 0.993959
1955900000 5461.22 129.648 12004.2 0.993492
1956000000 5461.22 128.617 12006.6 0.993539
1956100000 5461.23 129.495 12004.6 0.993512
1956200000 5461.23 126.396 12011.6 0.993704
1956300000 5461.24 123.148 12018.9 0.993906
1956400000 5461.23 122.809 12019.7 0.993938
1956500000 5461.24 125.037 12014.7 0.993826
1956600000 5461.23 129.073 12005.6 0.993526
1956700000 5461.24 123.987 12017 0.993844
1956800000 5461.22 126.183 12012 0.993717
1956900000 5461.22 127.943 12008.1 0.993584
1957000000 5461.23 125.249 12014.2 0.993826
1957100000 5461.23 124.956 12014.8 0.993762
1957200000 5461.22 126.666 12010.9 0.993717
1957300000 5461.24 125.991 12012.5 0.99425
1957400000 5461.23 123.447 12018.2 0.99396
1957500000 5461.22 128.684 12006.4 0.993592
1957600000 5461.23 126.441 12011.5 0.993742
1957700000 5461.22 127.773 12008.5 0.993648
1957800000 5461.23 128.082 12007.8 0.99355
1957900000 5461.23 121.665 12022.2 0.994018
1958000000 5461.21 129.625 12004.3 0.993462
1958100000 5461.22 124.245 12016.4 0.993885
1958200000 5461.21 130.242 12002.9 0.993443
1958300000 5461.23 121.082 12023.6 0.994077
1958400000 5461.23 125.234 12014.2 0.993804
1958500000 5461.23 121.14 12023.4 0.994112
1958600000 5461.21 128.404 12007 0.993597
1958700000 5461.22 128.725 12006.3 0.993576
1958800000 5461.22 129.096 12005.5 0.993587
1958900000 5461.23 133.795 11994.9 0.993045
1959000000 5461.23 127.311 12009.5 0.993659
1959100000 5461.22 122.484 12020.4 0.994005
1959200000 5461.22 125.709 12013.1 0.993743
1959300000 5461.23 129.647 12004.3 0.993474
1959400000 5461.22 125.661 12013.2 0.993804
1959500000 5461.22 123.446 12018.2 0.993916
1959600000 5461.23 129.383 12004.9 0.993534
1959700000 5461.21 131.066 12001 0.993449
1959800000 5461.21 136.701 11988.3 0.992984
1959900000 5461.22 128.349 12007.2 0.993547
1960000000 5461.22 127.387 12009.3 0.99371
1960100000 5461.23 126.726 12010.8 0.99369
1960200000 5461.22 131.145 12000.9 0.993316
1960300000 5461.21 129.87 12003.7 0.993453
1960400000 5461.24 124.648 12015.5 0.993781
1960500000 5461.23 123.285 12018.6 0.993917
1960600000 5461.23 126.828 12010.6 0.993663
1960700000 5461.23 124.786 12015.2 0.993844
1960800000 5461.24 127.342 12009.5 0.993634
1960900000 5461.23 125.65 12013.3 0.99377
1961000000 5461.23 126.64 12011 0.993696
1961100000 5461.25 119.681 12026.7 0.994174
1961200000 5461.23 123.854 12017.3 0.993898
1961300000 5461.24 122.549 12020.3 0.993974
1961400000 5461.23 124.409 12016.1 0.993784
1961500000 5461.21 126.09 12012.2 0.993779
1961600000 5461.22 127.203 12009.7 0.993668
1961700000 5461.22 123.637 12017.8 0.993937
1961800000 5461.23 123.75 12017.6 0.993894
1961900000 5461.24 119.43 12027.3 0.994181
1962000000 5461.23 129.739 12004.1 0.993467
1962100000 5461.22 133.065 11996.5 0.993252
1962200000 5461.23 124.597 12015.6 0.993793
1962300000 5461.22 130.032 12003.4 0.993487
1962400000 5461.23 123.619 12017.8 0.99384
1962500000 5461.24 121.971 12021.6 0.994013
1962600000 5461.22 129.229 12005.2 0.993546
1962700000 5461.23 122.442 12020.5 0.993977
1962800000 5461.23 121.722 12022.1 0.994035
1962900000 5461.24 120.04 12025.9 0.994165
1963000000 5461.21 125.801 12012.9 0.993803
1963100000 5461.22 125.969 12012.5 0.993795
1963200000 5461.22 127.576 12008.9 0.993657
1963300000 5461.23 124.757 12015.3 0.99376
1963400000 5461.21 133.919 11994.6 0.993167
1963500000 5461.23 125.691 12013.2 0.993773
1963600000 5461.22 125.059 12014.6 0.993809
1963700000 5461.23 124.699 12015.4 0.993855
1963800000 5461.23 122.598 12020.1 0.994008
1963900000 5461.23 124.011 12017 0.993892
1964000000 5461.22 127.648 12008.7 0.993637
1964100000 5461.22 127.266 12009.6 0.993636
1964200000 5461.22 125.491 12013.6 0.993788
1964300000 5461.23 130.01 12003.4 0.993462
1964400000 5461.21 133.489 11995.6 0.993191
1964500000 5461.23 125.935 12012.6 0.993734
1964600000 5461.22 129.117 12005.4 0.99351
1964700000 5461.22 129.52 12004.5 0.993448
1964800000 5461.23 127.147 12009.9 0.995649
1964900000 5461.22 123.683 12017.7 0.994083
1965000000 5461.22 128.188 12007.5 0.993599
1965100000 5461.22 126.431 12011.5 0.993709
1965200000 5461.23 121.501 12022.6 0.994035
1965300000 5461.22 127.68 12008.7 0.99367
1965400000 5461.22 127.409 12009.3 0.993614
1965500000 5461.22 127.421 12009.3 0.993635
1965600000 5461.23 125.633 12013.3 0.993839
1965700000 5461.22 128.536 12006.7 0.993452
1965800000 5461.23 124.566 12015.7 0.993817
1965900000 5461.22 125.559 12013.5 0.993785
1966000000 5461.22 126.028 12012.4 0.993735
1966100000 5461.23 128.157 12007.6 0.993578
1966200000 5461.23 123.618 12017.8 0.993873
1966300000 5461.22 125.5 12013.6 0.993742
1966400000 5461.23 127.959 12008.1 0.993574
1966500000 5461.23 126.667 12011 0.993689
1966600000 5461.22 129.509 12004.6 0.993474
1966700000 5461.23 127.515 12009.1 0.993601
1966800000 5461.24 121.679 12022.2 0.993997
1966900000 5461.22 127.608 12008.8 0.993583
1967000000 5461.22 127.486 12009.1 0.993604
1967100000 5461.22 123.942 12017.1 0.99387
1967200000 5461.22 127.662 12008.7 0.993658
1967300000 5461.23 128.337 12007.2 0.993578
1967400000 5461.23 124.112 12016.7 0.993926
1967500000 5461.23 127.075 12010.1 0.993612
1967600000 5461.23 126.221 12012 0.993674
1967700000 5461.23 124.412 12016 0.993901
1967800000 5461.22 127.427 12009.3 0.993673
1967900000 5461.22 130.125 12003.2 0.993462
1968000000 5461.23 124.627 12015.6 0.993785
1968100000 5461.23 122.444 12020.5 0.993981
1968200000 5461.22 125.182 12014.3 0.993811
1968300000 5461.22 124.971 12014.8 0.993781
1968400000 5461.23 130.796 12001.7 0.993357
1968500000 5461.22 124.936 12014.8 0.993841
1968600000 5461.24 124.856 12015.1 0.993834
1968700000 5461.24 125.962 12012.6 0.993743
1968800000 5461.24 124.664 12015.5 0.993843
1968900000 5461.23 124.795 12015.2 0.993821
1969000000 5461.22 123.556 12018 0.993937
1969100000 5461.22 128.82 12006.1 0.993467
1969200000 5461.24 121.441 12022.8 0.994026
1969300000 5461.22 127.166 12009.8 0.99366
1969400000 5461.24 125.726 12013.1 0.993705
1969500000 5461.23 125.499 12013.6 0.993762
1969600000 5461.23 125.27 12014.1 0.993779
1969700000 5461.22 125.591 12013.4 0.993774
1969800000 5461.22 130.346 12002.7 0.993382
1969900000 5461.23 125.783 12013 0.9938
1970000000 5461.22 126.631 12011 0.993714
1970100000 5461.22 129.638 12004.3 0.99346
1970200000 5461.21 127.094 12010 0.993683
1970300000 5461.23 128.65 12006.5 0.993512
1970400000 5461.23 126.668 12011 0.993686
1970500000 5461.23 127.437 12009.2 0.993594
1970600000 5461.23 122.647 12020 0.993965
1970700000 5461.23 121.649 12022.3 0.994023
1970800000 5461.21 130.561 12002.2 0.99346
1970900000 5461.23 124.383 12016.1 0.993871
1971000000 5461.24 125.195 12014.3 0.993756
1971100000 5461.21 132.489 11997.8 0.993292
1971200000 5461.23 124.913 12014.9 0.993822
1971300000 5461.24 123.166 12018.9 0.99393
1971400000 5461.22 128.385 12007.1 0.993555
1971500000 5461.24 123.675 12017.7 0.993903
1971600000 5461.22 132.142 11998.6 0.99319
1971700000 5461.24 124.477 12015.9 0.993839
1971800000 5461.23 129.035 12005.6 0.993518
1971900000 5461.22 127.462 12009.2 0.993669
1972000000 5461.22 122.854 12019.5 0.993968
1972100000 5461.23 124.945 12014.9 0.993831
1972200000 5461.22 127.117 12009.9 0.993655
1972300000 5461.23 124.351 12016.2 0.993832
1972400000 5461.22 128.092 12007.7 0.993617
1972500000 5461.23 123.173 12018.8 0.993942
1972600000 5461.22 124.961 12014.8 0.993808
1972700000 5461.23 123.593 12017.9 0.993899
1972800000 5461.22 131.601 11999.8 0.993346
1972900000 5461.21 123.731 12017.6 0.993904
1973000000 5461.22 131.958 11999 0.99335
1973100000 5461.22 123.779 12017.5 0.993912
1973200000 5461.24 124.074 12016.8 0.99388
1973300000 5461.23 122.946 12019.3 0.993936
1973400000 5461.22 130.532 12002.2 0.993393
1973500000 5461.22 127.184 12009.8 0.993636
1973600000 5461.23 128.369 12007.1 0.996429
1973700000 5461.23 124.128 12016.7 0.99386
1973800000 5461.22 126.605 12011.1 0.993686
1973900000 5461.24 125.171 12014.4 0.993762
1974000000 5461.21 127.596 12008.8 0.99369
1974100000 5461.23 125.252 12014.2 0.99377
1974200000 5461.23 125.695 12013.2 0.993777
1974300000 5461.22 128.171 12007.6 0.993614
1974400000 5461.22 125.056 12014.6 0.993817
1974500000 5461.23 126.52 12011.3 0.993684
1974600000 5461.22 128.869 12006 0.993554
1974700000 5461.21 129.665 12004.2 0.993537
1974800000 5461.22 129.631 12004.3 0.993443
1974900000 5461.24 129.17 12005.4 0.993438
1975000000 5461.22 132.366 11998.1 0.993237
1975100000 5461.22 128.634 12006.5 0.99355
1975200000 5461.22 128.171 12007.6 0.993624
1975300000 5461.23 122.301 12020.8 0.994009
1975400000 5461.22 125.458 12013.7 0.99383
1975500000 5461.23 123.203 12018.8 0.993921
1975600000 5461.21 125.121 12014.4 0.993824
1975700000 5461.23 125.06 12014.6 0.993802
1975800000 5461.24 121.529 12022.6 0.994078
1975900000 5461.23 125.34 12014 0.993798
1976000000 5461.23 122.918 12019.4 0.993953
1976100000 5461.23 128.934 12005.9 0.993463
1976200000 5461.23 123.6 12017.9 0.99392
1976300000 5461.23 124.312 12016.3 0.993895
1976400000 5461.22 126.539 12011.2 0.993694
1976500000 5461.22 127.355 12009.4 0.993661
1976600000 5461.22 127.464 12009.2 0.993653
1976700000 5461.21 129.194 12005.2 0.993515
1976800000 5461.23 123.742 12017.6 0.993897
1976900000 5461.23 123.81 12017.4 0.993912
1977000000 5461.23 128.168 12007.6 0.993538
1977100000 5461.23 124.454 12016 0.993823
1977200000 5461.22 126.549 12011.2 0.993705
1977300000 5461.21 130.531 12002.2 0.993498
1977400000 5461.21 125.053 12014.6 0.993835
1977500000 5461.22 124.155 12016.6 0.993855
1977600000 5461.22 127.425 12009.3 0.993632
1977700000 5461.23 121.171 12023.4 0.994117
1977800000 5461.21 127.496 12009.1 0.993693
1977900000 5461.22 129.423 12004.7 0.993481
1978000000 5461.22 127.293 12009.6 0.993919
1978100000 5461.22 128.018 12007.9 0.993636
1978200000 5461.23 127.844 12008.3 0.993534
1978300000 5461.23 125.175 12014.3 0.993802
1978400000 5461.23 124.522 12015.8 0.993839
1978500000 5461.22 127.847 12008.3 0.993631
1978600000 5461.24 124.465 12015.9 0.993855
1978700000 5461.22 127.481 12009.1 0.993623
1978800000 5461.24 127.191 12009.8 0.99361
1978900000 5461.22 124.385 12016.1 0.993861
1979000000 5461.24 127.085 12010.1 0.99358
1979100000 5461.23 128.185 12007.6 0.993562
1979200000 5461.24 126.419 12011.5 0.993667
1979300000 5461.22 127.36 12009.4 0.993698
1979400000 5461.22 125.245 12014.2 0.993823
1979500000 5461.23 126.115 12012.2 0.993743
1979600000 5461.23 126.319 12011.8 0.993688
1979700000 5461.23 127.028 12010.2 0.993658
1979800000 5461.22 129.176 12005.3 0.993504
1979900000 5461.23 128.677 12006.4 0.993549
1980000000 5461.22 126.166 12012.1 0.993734
1980100000 5461.22 125.446 12013.7 0.99373
1980200000 5461.25 125.261 12014.2 0.993748
1980300000 5461.24 121.7 12022.2 0.994029
1980400000 5461.24 125.733 12013.1 0.993752
1980500000 5461.24 126.059 12012.4 0.993756
1980600000 5461.22 123.901 12017.2 0.993898
1980700000 5461.25 122.892 12019.5 0.993931
1980800000 5461.22 124.073 12016.8 0.993896
1980900000 5461.22 125.816 12012.9 0.9938
1981000000 5461.23 127.044 12010.1 0.993593
1981100000 5461.23 129.246 12005.2 0.99345
1981200000 5461.22 123.896 12017.2 0.993877
1981300000 5461.23 123.922 12017.1 0.993892
1981400000 5461.22 133.3 11996 0.993135
1981500000 5461.22 126.841 12010.6 0.993696
1981600000 5461.22 123.701 12017.6 0.993903
1981700000 5461.22 122.541 12020.2 0.993958
1981800000 5461.23 123.411 12018.3 0.993912
1981900000 5461.23 130.533 12002.3 0.993352
1982000000 5461.21 139.987 11980.9 0.992709
1982100000 5461.22 127.212 12009.7 0.993687
1982200000 5461.23 127.241 12009.7 0.993594
1982300000 5461.23 128.852 12006.1 0.993523
1982400000 5461.22 124.635 12015.5 0.993844
1982500000 5461.22 132.887 11997 0.993267
1982600000 5461.21 132.169 11998.5 0.993334
1982700000 5461.23 125.061 12014.6 0.993818
1982800000 5461.24 127.558 12009 0.993528
1982900000 5461.23 126.026 12012.4 0.993735
1983000000 5461.22 127.718 12008.6 0.993608
1983100000 5461.23 121.87 12021.8 0.994524
1983200000 5461.22 126.909 12010.4 0.993636
1983300000 5461.22 123.421 12018.3 0.993909
1983400000 5461.24 125.812 12012.9 0.993721
1983500000 5461.23 124.625 12015.6 0.993829
1983600000 5461.22 124.308 12016.3 0.993902
1983700000 5461.22 126.078 12012.3 0.993749
1983800000 5461.21 133.627 11995.3 0.993279
1983900000 5461.23 125.057 12014.6 0.993805
1984000000 5461.22 127.005 12010.2 0.993724
1984100000 5461.23 124.941 12014.9 0.993829
1984200000 5461.22 128.999 12005.7 0.993536
1984300000 5461.23 129.38 12004.9 0.993514
1984400000 5461.22 124.443 12016 0.993861
1984500000 5461.22 128.105 12007.7 0.993593
1984600000 5461.23 125.176 12014.3 0.993785
1984700000 5461.22 127.621 12008.8 0.99363
1984800000 5461.23 125.719 12013.1 0.99377
1984900000 5461.23 122.325 12020.7 0.993981
1985000000 5461.23 128.327 12007.2 0.993547
1985100000 5461.23 124.922 12014.9 0.993801
1985200000 5461.24 122.68 12020 0.993948
1985300000 5461.22 124.062 12016.8 0.993885
1985400000 5461.22 127.913 12008.1 0.993623
1985500000 5461.23 129.601 12004.4 0.993468
1985600000 5461.22 125.011 12014.7 0.993827
1985700000 5461.23 124.67 12015.5 0.9938
1985800000 5461.21 130.49 12002.3 0.993388
1985900000 5461.23 122.363 12020.7 0.994039
1986000000 5461.22 130.978 12001.2 0.993441
1986100000 5461.22 126.945 12010.3 0.993713
1986200000 5461.22 124.103 12016.7 0.993893
1986300000 5461.22 129.489 12004.6 0.993526
1986400000 5461.22 128.216 12007.5 0.993546
1986500000 5461.23 123.938 12017.1 0.993887
1986600000 5461.24 123.34 12018.5 0.993934
1986700000 5461.21 129.864 12003.7 0.993798
1986800000 5461.23 125.228 12014.2 0.993776
1986900000 5461.23 126.933 12010.4 0.993678
1987000000 5461.21 125.399 12013.8 0.993853
1987100000 5461.23 125.954 12012.6 0.993713
1987200000 5461.24 121.379 12022.9 0.994048
1987300000 5461.22 126.832 12010.6 0.9937
1987400000 5461.22 126.457 12011.4 0.993678
1987500000 5461.21 135.247 11991.6 0.992992
1987600000 5461.22 128.746 12006.3 0.993547
1987700000 5461.24 123.925 12017.2 0.993873
1987800000 5461.24 124.561 12015.7 0.993822
1987900000 5461.21 129.27 12005.1 0.993527
1988000000 5461.22 124.126 12016.7 0.993888
1988100000 5461.23 127.626 12008.8 0.993576
1988200000 5461.24 125.111 12014.5 0.99376
1988300000 5461.22 126.553 12011.2 0.993715
1988400000 5461.23 132.235 11998.4 0.993263
1988500000 5461.22 129.391 12004.8 0.99346
1988600000 5461.23 126.459 12011.4 0.993697
1988700000 5461.23 124.33 12016.2 0.99383
1988800000 5461.22 126.809 12010.6 0.993685
1988900000 5461.24 123.993 12017 0.993877
1989000000 5461.22 130.108 12003.2 0.993478
1989100000 5461.22 125.747 12013 0.993761
1989200000 5461.22 127.143 12009.9 0.993621
1989300000 5461.22 127.248 12009.6 0.993706
1989400000 5461.22 124.5 12015.8 0.993832
1989500000 5461.22 130.47 12002.4 0.993388
1989600000 5461.22 126.517 12011.3 0.99374
1989700000 5461.22 131.741 11999.5 0.993251
1989800000 5461.22 132.744 11997.3 0.993226
1989900000 5461.24 127.416 12009.3 0.993608
1990000000 5461.22 123.549 12018 0.993887
1990100000 5461.22 125.31 12014 0.993811
1990200000 5461.24 126.641 12011 0.993687
1990300000 5461.23 127.63 12008.8 0.993658
1990400000 5461.23 124.768 12015.3 0.993808
1990500000 5461.22 125.774 12013 0.993752
1990600000 5461.23 125.096 12014.5 0.993815
1990700000 5461.21 131.801 11999.4 0.994015
1990800000 5461.23 124.821 12015.1 0.993816
1990900000 5461.23 127.214 12009.7 0.993573
1991000000 5461.23 130.003 12003.5 0.99348
1991100000 5461.23 123.206 12018.8 0.993951
1991200000 5461.24 122.524 12020.3 0.993991
1991300000 5461.22 135.023 11992.1 0.9929
1991400000 5461.22 126.339 12011.7 0.993897
1991500000 5461.23 126.583 12011.2 0.993732
1991600000 5461.21 127.152 12009.8 0.993628
1991700000 5461.23 125.749 12013 0.993717
1991800000 5461.22 130.046 12003.3 0.993452
1991900000 5461.22 122.933 12019.4 0.993986
1992000000 5461.23 125.426 12013.8 0.993791
1992100000 5461.22 131.393 12000.3 0.993329
1992200000 5461.23 123.819 12017.4 0.993888
1992300000 5461.22 130.05 12003.3 0.993418
1992400000 5461.21 128.282 12007.3 0.993548
1992500000 5461.21 133.202 11996.2 0.993191
1992600000 5461.22 130.39 12002.6 0.99341
1992700000 5461.24 121.479 12022.7 0.994056
1992800000 5461.22 125.025 12014.6 0.993817
1992900000 5461.21 128.204 12007.5 0.993587
1993000000 5461.23 128.341 12007.2 0.993536
1993100000 5461.24 125.973 12012.6 0.993713
1993200000 5461.23 124.954 12014.8 0.99381
1993300000 5461.23 122.996 12019.2 0.993946
1993400000 5461.23 125.342 12014 0.993753
1993500000 5461.24 119.834 12026.4 0.994176
1993600000 5461.23 131.067 12001.1 0.993274
1993700000 5461.22 130.698 12001.9 0.993328
1993800000 5461.23 127.42 12009.3 0.993615
1993900000 5461.21 126.568 12011.2 0.993734
1994000000 5461.22 131.649 11999.7 0.993182
1994100000 5461.23 124.213 12016.5 0.993875
1994200000 5461.23 123.962 12017.1 0.993904
1994300000 5461.22 131.89 11999.2 0.993316
1994400000 5461.22 131.592 11999.9 0.993321
1994500000 5461.22 130.862 12001.5 0.993386
1994600000 5461.23 126.636 12011.1 0.993692
1994700000 5461.22 123.83 12017.3 0.993882
1994800000 5461.22 125.408 12013.8 0.993758
1994900000 5461.23 125.054 12014.6 0.993781
1995000000 5461.21 133.487 11995.6 0.993141
1995100000 5461.23 125.575 12013.4 0.993788
1995200000 5461.23 130.59 12002.1 0.993426
1995300000 5461.22 129.097 12005.5 0.993563
1995400000 5461.22 128.911 12005.9 0.993567
1995500000 5461.21 130.874 12001.5 0.993322
1995600000 5461.22 125.809 12012.9 0.993704
1995700000 5461.23 124.943 12014.9 0.993864
1995800000 5461.22 129.365 12004.9 0.993516
1995900000 5461.23 125.251 12014.2 0.993804
1996000000 5461.24 125.249 12014.2 0.993764
1996100000 5461.21 124.289 12016.3 0.993899
1996200000 5461.23 120.688 12024.4 0.994102
1996300000 5461.23 128.198 12007.5 0.9936
1996400000 5461.24 123.881 12017.3 0.993878
1996500000 5461.23 125.044 12014.6 0.993791
1996600000 5461.21 132.333 11998.2 0.99329
1996700000 5461.23 125.444 12013.7 0.993745
1996800000 5461.23 127.126 12009.9 0.993634
1996900000 5461.23 129.897 12003.7 0.993445
1997000000 5461.21 129.419 12004.7 0.993526
1997100000 5461.21 128.863 12006 0.993591
1997200000 5461.21 127.568 12008.9 0.993624
1997300000 5461.22 126.807 12010.6 0.993654
1997400000 5461.25 126.666 12011 0.993668
1997500000 5461.23 124.536 12015.8 0.99383
1997600000 5461.22 129.692 12004.1 0.993492
1997700000 5461.21 125.114 12014.4 0.993857
1997800000 5461.21 128.494 12006.8 0.993555
1997900000 5461.21 136.115 11989.7 0.992995
1998000000 5461.24 122.529 12020.3 0.993993
1998100000 5461.21 127.507 12009 0.99364
1998200000 5461.22 129.802 12003.9 0.993468
1998300000 5461.22 124.596 12015.6 0.993836
1998400000 5461.22 132.081 11998.8 0.993245
1998500000 5461.23 130.499 12002.3 0.993405
1998600000 5461.22 128.363 12007.1 0.993517
1998700000 5461.22 127.18 12009.8 0.993639
1998800000 5461.23 123.949 12017.1 0.9939
1998900000 5461.21 131.458 12000.1 0.993418
1999000000 5461.22 127.105 12010 0.993641
1999100000 5461.23 129.382 12004.9 0.993411
1999200000 5461.22 126.755 12010.8 0.99368
1999300000 5461.24 125.64 12013.3 0.993779
1999400000 5461.23 121.939 12021.6 0.994003
1999500000 5461.23 122.793 12019.7 0.993979
1999600000 5461.23 124.185 12016.6 0.993868
1999700000 5461.22 128.841 12006.1 0.993529
1999800000 5461.23 122.603 12020.1 0.993981
1999900000 5461.23 124.769 12015.2 0.993781
2000000000 5461.22 123.593 12017.9 0.993902
