# Time-averaged data for fix AveAll
# TimeStep v_TotEn v_PotEn c_T c_P
100000 17875.3 1.5296 2999.64 0.999828
200000 17875.3 0.810775 2999.76 0.999703
300000 17875.3 -0.0803022 2999.91 0.999383
400000 17875.3 -0.246541 2999.94 0.99939
500000 17875.3 -0.0960157 2999.91 0.999415
600000 17875.3 -0.196066 2999.93 0.999415
700000 17875.3 0.626132 2999.79 0.999626
800000 17875.3 -0.182473 2999.93 0.999379
900000 17875.3 -0.140287 2999.92 0.999406
1000000 17875.3 -0.0980287 2999.91 0.999442
1100000 17875.3 -0.295619 2999.95 0.999388
1200000 17875.3 -0.0545567 2999.91 0.999436
1300000 17875.3 -0.247899 2999.94 0.999427
1400000 17875.3 -0.33574 2999.95 0.999401
1500000 17875.3 -0.171689 2999.93 0.999408
1600000 17875.3 -0.173041 2999.93 0.999435
1700000 17875.3 -0.21032 2999.93 0.999424
1800000 17875.3 0.0526251 2999.89 0.999474
1900000 17875.3 0.0172618 2999.9 0.999471
2000000 17875.3 -0.136093 2999.92 0.999453
2100000 17875.3 0.07956 2999.88 0.999534
2200000 17875.3 0.0533479 2999.89 0.999498
2300000 17875.3 0.443832 2999.82 0.999689
2400000 17875.3 -0.0148476 2999.9 0.99947
2500000 17875.3 1.11744 2999.71 0.999782
2600000 17875.3 -0.181568 2999.93 0.999374
2700000 17875.3 -0.380276 2999.96 0.999389
2800000 17875.3 -0.249367 2999.94 0.999406
2900000 17875.3 -0.15577 2999.92 0.999376
3000000 17875.3 2.06893 2999.55 0.999918
3100000 17875.3 -0.184768 2999.93 0.999414
3200000 17875.3 0.153287 2999.87 0.999508
3300000 17875.3 -0.247919 2999.94 0.999379
3400000 17875.3 -0.23086 2999.94 0.999375
3500000 17875.3 0.148668 2999.87 0.999512
3600000 17875.3 -0.0893731 2999.91 0.999432
3700000 17875.3 -0.365242 2999.96 0.999419
3800000 17875.3 0.448436 2999.82 0.999611
3900000 17875.3 -0.245765 2999.94 0.99938
4000000 17875.3 0.238841 2999.86 0.999535
4100000 17875.3 0.313637 2999.85 0.999614
4200000 17875.3 -0.227478 2999.94 0.999391
4300000 17875.3 0.688386 2999.78 0.999653
4400000 17875.3 -0.207183 2999.93 0.99938
4500000 17875.3 0.221668 2999.86 0.999502
4600000 17875.3 -0.0665569 2999.91 0.999476
4700000 17875.3 -0.0603925 2999.91 0.999498
4800000 17875.3 -0.159568 2999.92 0.999377
4900000 17875.3 -0.131864 2999.92 0.999377
5000000 17875.3 2.14089 2999.54 1.00006
5100000 17875.3 -0.0948861 2999.91 0.99939
5200000 17875.3 -0.352274 2999.96 0.999403
5300000 17875.3 0.295432 2999.85 0.999548
5400000 17875.3 0.234136 2999.86 0.999527
5500000 17875.3 0.663872 2999.79 0.999724
5600000 17875.3 0.92758 2999.74 0.999751
5700000 17875.3 -0.201195 2999.93 0.999378
5800000 17875.3 -0.248802 2999.94 0.999413
5900000 17875.3 -0.182831 2999.93 0.999388
6000000 17875.3 1.11147 2999.71 0.999805
6100000 17875.3 -0.267223 2999.94 0.999377
6200000 17875.3 0.401044 2999.83 0.999561
6300000 17875.3 -0.0613043 2999.91 0.999384
6400000 17875.3 -0.136048 2999.92 0.999441
6500000 17875.3 0.00108617 2999.9 0.999632
6600000 17875.3 -0.103318 2999.92 0.999386
6700000 17875.3 -0.112794 2999.92 0.999382
6800000 17875.3 -0.201199 2999.93 0.999411
6900000 17875.3 -0.0894781 2999.91 0.999426
7000000 17875.3 -0.327519 2999.95 0.999392
7100000 17875.3 -0.326518 2999.95 0.999397
7200000 17875.3 -0.15822 2999.92 0.999377
7300000 17875.3 -0.0687099 2999.91 0.999403
7400000 17875.3 0.0961683 2999.88 0.999483
7500000 17875.3 4.72138 2999.11 1.00038
7600000 17875.3 -0.0526612 2999.91 0.999528
7700000 17875.3 2.29301 2999.51 1.00015
7800000 17875.3 -0.256101 2999.94 0.999397
7900000 17875.3 -0.132031 2999.92 0.999406
8000000 17875.3 0.068202 2999.89 0.99948
8100000 17875.3 -0.469301 2999.98 0.999397
8200000 17875.3 0.09348 2999.88 0.999529
8300000 17875.3 0.0604415 2999.89 0.999523
8400000 17875.3 -0.062106 2999.91 0.999383
8500000 17875.3 0.273078 2999.85 0.999551
8600000 17875.3 0.69716 2999.78 0.999781
8700000 17875.3 2.62118 2999.46 1.00005
8800000 17875.3 0.566116 2999.8 0.999654
8900000 17875.3 -0.300462 2999.95 0.999396
9000000 17875.3 0.0486107 2999.89 0.999468
9100000 17875.3 -0.137983 2999.92 0.999484
9200000 17875.3 -0.16601 2999.93 0.999373
9300000 17875.3 1.52024 2999.64 0.999985
9400000 17875.3 -0.260824 2999.94 0.99937
9500000 17875.3 -0.155453 2999.92 0.99939
9600000 17875.3 -0.0496949 2999.91 0.999386
9700000 17875.3 -0.0518702 2999.91 0.999386
9800000 17875.3 -0.190247 2999.93 0.999379
9900000 17875.3 0.122096 2999.88 0.999526
10000000 17875.3 -0.205431 2999.93 0.999379
10100000 17875.3 -0.158571 2999.92 0.999381
10200000 17875.3 -0.146639 2999.92 0.999396
10300000 17875.3 -0.138003 2999.92 0.999378
10400000 17875.3 -0.152391 2999.92 0.999404
10500000 17875.3 5.1485 2999.03 1.00037
10600000 17875.3 0.397176 2999.83 0.999638
10700000 17875.3 -0.312903 2999.95 0.999443
10800000 17875.3 -0.120659 2999.92 0.999475
10900000 17875.3 -0.147046 2999.92 0.999392
11000000 17875.3 -0.146612 2999.92 0.999376
11100000 17875.3 -0.440484 2999.97 0.999409
11200000 17875.3 -0.195292 2999.93 0.999366
11300000 17875.3 0.142852 2999.87 0.999509
11400000 17875.3 -0.0674097 2999.91 0.99948
11500000 17875.3 -0.170764 2999.93 0.999476
11600000 17875.3 -0.181523 2999.93 0.99938
11700000 17875.3 -0.0288877 2999.9 0.99943
11800000 17875.3 0.233824 2999.86 0.999567
11900000 17875.3 -0.0974886 2999.91 0.999381
12000000 17875.3 -0.1249 2999.92 0.999378
12100000 17875.3 -0.163042 2999.93 0.999421
12200000 17875.3 -0.156447 2999.92 0.999383
12300000 17875.3 -0.0861822 2999.91 0.999476
12400000 17875.3 -0.154493 2999.92 0.999488
12500000 17875.3 -0.336396 2999.95 0.999372
12600000 17875.3 0.0690708 2999.89 0.999622
12700000 17875.3 -0.27645 2999.94 0.999377
12800000 17875.3 -0.0782148 2999.91 0.999381
12900000 17875.3 -0.131731 2999.92 0.999416
13000000 17875.3 -0.186574 2999.93 0.999397
13100000 17875.3 -0.157421 2999.92 0.999378
13200000 17875.3 -0.20016 2999.93 0.999408
13300000 17875.3 -0.113031 2999.92 0.999467
13400000 17875.3 -0.177187 2999.93 0.999407
13500000 17875.3 0.258079 2999.85 0.999571
13600000 17875.3 -0.256054 2999.94 0.999407
13700000 17875.3 -0.177577 2999.93 0.999394
13800000 17875.3 -0.172475 2999.93 0.999387
13900000 17875.3 0.126648 2999.88 0.999513
14000000 17875.3 -0.202358 2999.93 0.999407
14100000 17875.3 0.0308781 2999.89 0.999535
14200000 17875.3 0.699742 2999.78 0.999712
14300000 17875.3 0.143887 2999.87 0.999505
14400000 17875.3 -0.0878345 2999.91 0.99944
14500000 17875.3 -0.321354 2999.95 0.999371
14600000 17875.3 -0.103355 2999.92 0.999378
14700000 17875.3 0.666824 2999.79 0.99962
14800000 17875.3 -0.255109 2999.94 0.999386
14900000 17875.3 -0.206948 2999.93 0.999428
15000000 17875.3 -0.234764 2999.94 0.999427
15100000 17875.3 0.499655 2999.81 0.999637
15200000 17875.3 0.13035 2999.88 0.999568
15300000 17875.3 -0.211846 2999.93 0.999378
15400000 17875.3 0.717285 2999.78 0.999679
15500000 17875.3 -0.13739 2999.92 0.999433
15600000 17875.3 -0.0508332 2999.91 0.999385
15700000 17875.3 -0.272246 2999.94 0.999363
15800000 17875.3 0.34469 2999.84 0.999551
15900000 17875.3 -0.22962 2999.94 0.99937
16000000 17875.3 0.0591109 2999.89 0.999466
16100000 17875.3 -0.141448 2999.92 0.9994
16200000 17875.3 -0.118074 2999.92 0.999422
16300000 17875.3 -0.035217 2999.9 0.999451
16400000 17875.3 -0.122036 2999.92 0.999447
16500000 17875.3 -0.154913 2999.92 0.999379
16600000 17875.3 0.474645 2999.82 0.99967
16700000 17875.3 -0.196071 2999.93 0.999402
16800000 17875.3 -0.00556757 2999.9 0.99955
16900000 17875.3 -0.191349 2999.93 0.999445
17000000 17875.3 -0.0580216 2999.91 0.999434
17100000 17875.3 1.28805 2999.68 0.999863
17200000 17875.3 -0.164872 2999.93 0.999374
17300000 17875.3 0.16293 2999.87 0.999566
17400000 17875.3 -0.157454 2999.92 0.999385
17500000 17875.3 -0.100211 2999.91 0.999379
17600000 17875.3 -0.165094 2999.93 0.999473
17700000 17875.3 -0.215141 2999.93 0.999382
17800000 17875.3 -0.123893 2999.92 0.999388
17900000 17875.3 0.111756 2999.88 0.999565
18000000 17875.3 -0.279149 2999.94 0.999436
18100000 17875.3 1.25928 2999.69 0.999838
18200000 17875.3 0.0875123 2999.88 0.999488
18300000 17875.3 -0.118821 2999.92 0.999434
18400000 17875.3 -0.119542 2999.92 0.999431
18500000 17875.3 0.76862 2999.77 0.999631
18600000 17875.3 -0.261619 2999.94 0.999401
18700000 17875.3 -0.162553 2999.93 0.999461
18800000 17875.3 -0.229228 2999.94 0.999391
18900000 17875.3 -0.0291435 2999.9 0.99946
19000000 17875.3 -0.0117399 2999.9 0.999511
19100000 17875.3 0.104348 2999.88 0.999529
19200000 17875.3 0.281539 2999.85 0.999552
19300000 17875.3 -0.133929 2999.92 0.999441
19400000 17875.3 0.341766 2999.84 0.999596
19500000 17875.3 -0.0867672 2999.91 0.999441
19600000 17875.3 0.530388 2999.81 0.999616
19700000 17875.3 0.188326 2999.87 0.999616
19800000 17875.3 0.571883 2999.8 0.999648
19900000 17875.3 1.11473 2999.71 0.999808
20000000 17875.3 1.56668 2999.64 0.999895
20100000 17875.3 -0.145384 2999.92 0.99938
20200000 17875.3 0.147606 2999.87 0.999554
20300000 17875.3 -0.112183 2999.92 0.999382
20400000 17875.3 -0.261718 2999.94 0.999376
20500000 17875.3 -0.126043 2999.92 0.999439
20600000 17875.3 -0.256588 2999.94 0.999404
20700000 17875.3 0.783862 2999.77 0.999757
20800000 17875.3 2.46699 2999.48 0.999962
20900000 17875.3 -0.0864829 2999.91 0.999386
21000000 17875.3 -0.101474 2999.92 0.999381
21100000 17875.3 0.636575 2999.79 0.999613
21200000 17875.3 -0.117478 2999.92 0.999378
21300000 17875.3 0.213937 2999.86 0.999549
21400000 17875.3 -0.1949 2999.93 0.999392
21500000 17875.3 0.354049 2999.84 0.999533
21600000 17875.3 0.509078 2999.81 0.999579
21700000 17875.3 -0.178366 2999.93 0.999427
21800000 17875.3 0.543902 2999.81 0.999695
21900000 17875.3 -0.25789 2999.94 0.999381
22000000 17875.3 0.027908 2999.89 0.999499
22100000 17875.3 0.150786 2999.87 0.999496
22200000 17875.3 0.0108178 2999.9 0.999495
22300000 17875.3 1.08423 2999.72 0.99983
22400000 17875.3 -0.0718153 2999.91 0.999383
22500000 17875.3 -0.19391 2999.93 0.999532
22600000 17875.3 -0.189742 2999.93 0.999412
22700000 17875.3 -0.24406 2999.94 0.999388
22800000 17875.3 0.620674 2999.79 0.999696
22900000 17875.3 1.00183 2999.73 0.999704
23000000 17875.3 -0.148353 2999.92 0.999383
23100000 17875.3 -0.345455 2999.96 0.999398
23200000 17875.3 0.205385 2999.86 0.99954
23300000 17875.3 -0.0924914 2999.91 0.999434
23400000 17875.3 -0.245081 2999.94 0.999367
23500000 17875.3 0.567979 2999.8 0.999682
23600000 17875.3 0.969699 2999.74 0.999705
23700000 17875.3 -0.272977 2999.94 0.999397
23800000 17875.3 -0.0699084 2999.91 0.999447
23900000 17875.3 -0.276242 2999.94 0.999387
24000000 17875.3 -0.176543 2999.93 0.999387
24100000 17875.3 0.505218 2999.81 0.999683
24200000 17875.3 0.0247386 2999.89 0.999478
24300000 17875.3 -0.0630747 2999.91 0.999386
24400000 17875.3 0.0899364 2999.88 0.999511
24500000 17875.3 0.204371 2999.86 0.999532
24600000 17875.3 -0.0806005 2999.91 0.999381
24700000 17875.3 -0.0601401 2999.91 0.999449
24800000 17875.3 0.427724 2999.83 0.99956
24900000 17875.3 0.126034 2999.88 0.999545
25000000 17875.3 -0.0351888 2999.9 0.999463
25100000 17875.3 1.08323 2999.72 0.999728
25200000 17875.3 -0.0390706 2999.9 0.999507
25300000 17875.3 -0.0763532 2999.91 0.999382
25400000 17875.3 0.978196 2999.73 0.999742
25500000 17875.3 0.490072 2999.82 0.999573
25600000 17875.3 0.0944452 2999.88 0.999597
25700000 17875.3 0.702477 2999.78 0.999676
25800000 17875.3 -0.184431 2999.93 0.999435
25900000 17875.3 -0.140174 2999.92 0.999383
26000000 17875.3 0.638899 2999.79 0.999651
26100000 17875.3 0.336359 2999.84 0.999649
26200000 17875.3 0.909511 2999.75 0.999669
26300000 17875.3 3.55744 2999.3 1.00018
26400000 17875.3 -0.133185 2999.92 0.999451
26500000 17875.3 -0.0967863 2999.91 0.999379
26600000 17875.3 -0.273899 2999.94 0.999376
26700000 17875.3 -0.0831381 2999.91 0.999453
26800000 17875.3 -0.139965 2999.92 0.999387
26900000 17875.3 -0.0721066 2999.91 0.999385
27000000 17875.3 1.37182 2999.67 0.99975
27100000 17875.3 -0.0728324 2999.91 0.999463
27200000 17875.3 -0.200783 2999.93 0.999379
27300000 17875.3 -0.251172 2999.94 0.999386
27400000 17875.3 0.820934 2999.76 0.999697
27500000 17875.3 -0.193647 2999.93 0.999421
27600000 17875.3 0.758959 2999.77 0.999732
27700000 17875.3 -0.108405 2999.92 0.999391
27800000 17875.3 1.12524 2999.71 0.999805
27900000 17875.3 -0.144708 2999.92 0.999489
28000000 17875.3 0.410288 2999.83 0.999551
28100000 17875.3 -0.00709069 2999.9 0.99953
28200000 17875.3 -0.248782 2999.94 0.999414
28300000 17875.3 -0.090386 2999.91 0.999472
28400000 17875.3 -0.0820173 2999.91 0.999381
28500000 17875.3 -0.177265 2999.93 0.999382
28600000 17875.3 -0.242162 2999.94 0.999399
28700000 17875.3 -0.0549981 2999.91 0.99945
28800000 17875.3 -0.149575 2999.92 0.999386
28900000 17875.3 -0.0705411 2999.91 0.999415
29000000 17875.3 -0.142747 2999.92 0.999377
29100000 17875.3 2.32425 2999.51 1.00003
29200000 17875.3 0.84674 2999.76 0.999735
29300000 17875.3 -0.209303 2999.93 0.999416
29400000 17875.3 -0.179339 2999.93 0.999381
29500000 17875.3 0.316756 2999.84 0.999571
29600000 17875.3 -0.227776 2999.94 0.999394
29700000 17875.3 1.27732 2999.68 0.999801
29800000 17875.3 -0.370614 2999.96 0.999354
29900000 17875.3 -0.140475 2999.92 0.999397
30000000 17875.3 0.994562 2999.73 0.999782
30100000 17875.3 -0.13069 2999.92 0.999386
30200000 17875.3 -0.211549 2999.93 0.999393
30300000 17875.3 -0.28619 2999.95 0.9994
30400000 17875.3 -0.253107 2999.94 0.999405
30500000 17875.3 -0.136458 2999.92 0.999462
30600000 17875.3 0.146109 2999.87 0.999565
30700000 17875.3 -0.231182 2999.94 0.999441
30800000 17875.3 0.346052 2999.84 0.99957
30900000 17875.3 0.320456 2999.84 0.999579
31000000 17875.3 -0.342136 2999.96 0.999382
31100000 17875.3 -0.282926 2999.95 0.999384
31200000 17875.3 -0.154794 2999.92 0.999442
31300000 17875.3 0.367942 2999.84 0.999727
31400000 17875.3 -0.104265 2999.92 0.999424
31500000 17875.3 -0.254397 2999.94 0.999393
31600000 17875.3 -0.0685269 2999.91 0.999383
31700000 17875.3 -0.160345 2999.93 0.999434
31800000 17875.3 0.287321 2999.85 0.999574
31900000 17875.3 -0.196248 2999.93 0.99946
32000000 17875.3 0.386896 2999.83 0.999556
32100000 17875.3 -0.139869 2999.92 0.999378
32200000 17875.3 -0.058943 2999.91 0.999416
32300000 17875.3 -0.191824 2999.93 0.999383
32400000 17875.3 -0.070871 2999.91 0.999383
32500000 17875.3 0.168087 2999.87 0.999538
32600000 17875.3 0.17257 2999.87 0.999505
32700000 17875.3 -0.242253 2999.94 0.999407
32800000 17875.3 -0.146873 2999.92 0.999373
32900000 17875.3 -0.147353 2999.92 0.999372
33000000 17875.3 0.181217 2999.87 0.999581
33100000 17875.3 1.29646 2999.68 0.999752
33200000 17875.3 -0.412154 2999.97 0.999364
33300000 17875.3 2.20813 2999.53 1.00004
33400000 17875.3 1.59133 2999.63 0.999894
33500000 17875.3 0.11566 2999.88 0.999591
33600000 17875.3 -0.138193 2999.92 0.999383
33700000 17875.3 -0.213292 2999.93 0.999379
33800000 17875.3 -0.183939 2999.93 0.999398
33900000 17875.3 -0.202477 2999.93 0.999489
34000000 17875.3 0.330189 2999.84 0.999546
34100000 17875.3 -0.153044 2999.92 0.999443
34200000 17875.3 0.340727 2999.84 0.999621
34300000 17875.3 -0.0583619 2999.91 0.999477
34400000 17875.3 -0.149761 2999.92 0.999434
34500000 17875.3 0.766824 2999.77 0.999659
34600000 17875.3 -0.175828 2999.93 0.999381
34700000 17875.3 -0.137427 2999.92 0.999449
34800000 17875.3 -0.188643 2999.93 0.999394
34900000 17875.3 -0.225087 2999.94 0.999378
35000000 17875.3 -0.145537 2999.92 0.999384
35100000 17875.3 -0.11852 2999.92 0.999382
35200000 17875.3 1.14337 2999.71 0.99974
35300000 17875.3 -0.0807741 2999.91 0.99938
35400000 17875.3 0.760065 2999.77 0.999713
35500000 17875.3 -0.157749 2999.92 0.999404
35600000 17875.3 -0.0147579 2999.9 0.999431
35700000 17875.3 -0.260135 2999.94 0.999424
35800000 17875.3 -0.110432 2999.92 0.999403
35900000 17875.3 -0.183164 2999.93 0.999367
36000000 17875.3 -0.143473 2999.92 0.999426
36100000 17875.3 0.356647 2999.84 0.999587
36200000 17875.3 -0.28981 2999.95 0.999429
36300000 17875.3 -0.292035 2999.95 0.999397
36400000 17875.3 -0.216769 2999.93 0.999416
36500000 17875.3 -0.110865 2999.92 0.999414
36600000 17875.3 -0.033488 2999.9 0.99944
36700000 17875.3 -0.173055 2999.93 0.999379
36800000 17875.3 -0.224946 2999.94 0.999378
36900000 17875.3 0.793468 2999.76 0.999886
37000000 17875.3 -0.0972407 2999.91 0.999383
37100000 17875.3 -0.25593 2999.94 0.999393
37200000 17875.3 -0.248106 2999.94 0.999445
37300000 17875.3 0.705515 2999.78 0.999635
37400000 17875.3 4.31522 2999.17 1.0004
37500000 17875.3 -0.0866242 2999.91 0.999418
37600000 17875.3 -0.117338 2999.92 0.999386
37700000 17875.3 -0.0866052 2999.91 0.999383
37800000 17875.3 0.155225 2999.87 0.999502
37900000 17875.3 -0.0797282 2999.91 0.999484
38000000 17875.3 -0.096066 2999.91 0.999473
38100000 17875.3 -0.290082 2999.95 0.999435
38200000 17875.3 0.514186 2999.81 0.999643
38300000 17875.3 -0.206581 2999.93 0.9994
38400000 17875.3 0.931378 2999.74 0.999731
38500000 17875.3 -0.130849 2999.92 0.999378
38600000 17875.3 0.0817826 2999.88 0.999604
38700000 17875.3 -0.188685 2999.93 0.999382
38800000 17875.3 -0.144505 2999.92 0.999462
38900000 17875.3 1.54579 2999.64 0.999874
39000000 17875.3 -0.281656 2999.95 0.999391
39100000 17875.3 -0.0725434 2999.91 0.999443
39200000 17875.3 1.01729 2999.73 0.999744
39300000 17875.3 -0.434619 2999.97 0.999411
39400000 17875.3 -0.164694 2999.93 0.999445
39500000 17875.3 -0.0808359 2999.91 0.999462
39600000 17875.3 -0.121342 2999.92 0.999553
39700000 17875.3 -0.0761179 2999.91 0.99949
39800000 17875.3 -0.271807 2999.94 0.999421
39900000 17875.3 0.0227084 2999.89 0.999542
40000000 17875.3 -0.206815 2999.93 0.999382
40100000 17875.3 -0.133804 2999.92 0.999515
40200000 17875.3 -0.120494 2999.92 0.999427
40300000 17875.3 -0.297372 2999.95 0.999373
40400000 17875.3 1.20644 2999.7 0.999965
40500000 17875.3 0.147018 2999.87 0.999504
40600000 17875.3 -0.268764 2999.94 0.999424
40700000 17875.3 0.63426 2999.79 0.999616
40800000 17875.3 -0.389568 2999.96 0.999366
40900000 17875.3 -0.153085 2999.92 0.999383
41000000 17875.3 -0.2765 2999.94 0.999409
41100000 17875.3 -0.313767 2999.95 0.999382
41200000 17875.3 -0.128282 2999.92 0.999409
41300000 17875.3 -0.101727 2999.92 0.99938
41400000 17875.3 -0.213029 2999.93 0.999396
41500000 17875.3 -0.168002 2999.93 0.999381
41600000 17875.3 -0.211296 2999.93 0.999414
41700000 17875.3 1.61059 2999.63 0.999953
41800000 17875.3 0.0349679 2999.89 0.999465
41900000 17875.3 -0.187836 2999.93 0.999406
42000000 17875.3 -0.230214 2999.94 0.99942
42100000 17875.3 0.557814 2999.8 0.999746
42200000 17875.3 0.573654 2999.8 0.99969
42300000 17875.3 -0.249407 2999.94 0.999549
42400000 17875.3 0.0160124 2999.9 0.999485
42500000 17875.3 0.537182 2999.81 0.999641
42600000 17875.3 -0.0741568 2999.91 0.999383
42700000 17875.3 -0.0571509 2999.91 0.999387
42800000 17875.3 0.793106 2999.77 0.99973
42900000 17875.3 -0.0960176 2999.91 0.999425
43000000 17875.3 -0.252863 2999.94 0.999383
43100000 17875.3 -0.0779922 2999.91 0.99942
43200000 17875.3 -0.0889227 2999.91 0.999502
43300000 17875.3 -0.152524 2999.92 0.999394
43400000 17875.3 0.301212 2999.85 0.999627
43500000 17875.3 3.46188 2999.32 1.00022
43600000 17875.3 -0.207328 2999.93 0.999401
43700000 17875.3 0.00997306 2999.9 0.999548
43800000 17875.3 -0.262179 2999.94 0.999402
43900000 17875.3 -0.314607 2999.95 0.999409
44000000 17875.3 0.141465 2999.87 0.999524
44100000 17875.3 0.387095 2999.83 0.999609
44200000 17875.3 -0.324366 2999.95 0.999381
44300000 17875.3 -0.209634 2999.93 0.999377
44400000 17875.3 0.135791 2999.88 0.999496
44500000 17875.3 -0.0305362 2999.9 0.999466
44600000 17875.3 -0.226615 2999.94 0.999404
44700000 17875.3 -0.263498 2999.94 0.9994
44800000 17875.3 0.936988 2999.74 0.999761
44900000 17875.3 -0.275317 2999.94 0.999364
45000000 17875.3 -0.20419 2999.93 0.999419
45100000 17875.3 -0.159757 2999.92 0.999499
45200000 17875.3 0.803845 2999.76 0.999776
45300000 17875.3 -0.0845454 2999.91 0.999493
45400000 17875.3 -0.102094 2999.92 0.999435
45500000 17875.3 -0.0932381 2999.91 0.999458
45600000 17875.3 -0.0635587 2999.91 0.999422
45700000 17875.3 -0.159579 2999.92 0.999414
45800000 17875.3 0.991079 2999.73 0.999796
45900000 17875.3 -0.140773 2999.92 0.999433
46000000 17875.3 0.382696 2999.83 0.999661
46100000 17875.3 -0.193922 2999.93 0.999404
46200000 17875.3 -0.316489 2999.95 0.999385
46300000 17875.3 0.139793 2999.87 0.999541
46400000 17875.3 0.2033 2999.86 0.99956
46500000 17875.3 -0.29474 2999.95 0.999387
46600000 17875.3 1.48161 2999.65 0.999813
46700000 17875.3 -0.21756 2999.93 0.999392
46800000 17875.3 2.9402 2999.4 1.00006
46900000 17875.3 0.0132693 2999.9 0.999511
47000000 17875.3 -0.181321 2999.93 0.999378
47100000 17875.3 -0.147332 2999.92 0.999375
47200000 17875.3 3.12541 2999.37 1.00017
47300000 17875.3 -0.132915 2999.92 0.999436
47400000 17875.3 -0.132791 2999.92 0.999421
47500000 17875.3 -0.130858 2999.92 0.999377
47600000 17875.3 -0.193577 2999.93 0.999375
47700000 17875.3 -0.161871 2999.93 0.999414
47800000 17875.3 2.72596 2999.44 1.00012
47900000 17875.3 1.86705 2999.58 0.999938
48000000 17875.3 0.1092 2999.88 0.999497
48100000 17875.3 -0.218303 2999.93 0.999385
48200000 17875.3 -0.133525 2999.92 0.99942
48300000 17875.3 -0.140412 2999.92 0.999386
48400000 17875.3 -0.176015 2999.93 0.999376
48500000 17875.3 -0.316925 2999.95 0.99943
48600000 17875.3 0.300767 2999.85 0.999608
48700000 17875.3 0.109251 2999.88 0.99958
48800000 17875.3 -0.154425 2999.92 0.999392
48900000 17875.3 -0.201181 2999.93 0.999395
49000000 17875.3 -0.297014 2999.95 0.99937
49100000 17875.3 -0.0846611 2999.91 0.999514
49200000 17875.3 0.0440493 2999.89 0.999481
49300000 17875.3 -0.0342412 2999.9 0.99948
49400000 17875.3 0.0140401 2999.9 0.999487
49500000 17875.3 -0.0696034 2999.91 0.999383
49600000 17875.3 -0.119392 2999.92 0.999383
49700000 17875.3 -0.19199 2999.93 0.999449
49800000 17875.3 -0.252942 2999.94 0.999385
49900000 17875.3 0.202124 2999.86 0.999511
50000000 17875.3 0.834843 2999.76 0.999758
50100000 17875.3 -0.339815 2999.96 0.999424
50200000 17875.3 0.0641139 2999.89 0.999554
50300000 17875.3 -0.1965 2999.93 0.999421
50400000 17875.3 -0.337411 2999.95 0.999393
50500000 17875.3 1.42717 2999.66 0.999854
50600000 17875.3 0.0179544 2999.9 0.999521
50700000 17875.3 -0.109914 2999.92 0.999477
50800000 17875.3 0.339971 2999.84 0.999561
50900000 17875.3 0.104645 2999.88 0.999541
51000000 17875.3 0.3871 2999.83 0.999598
51100000 17875.3 -0.174624 2999.93 0.99944
51200000 17875.3 -0.263789 2999.94 0.999403
51300000 17875.3 0.821762 2999.76 0.99967
51400000 17875.3 1.09355 2999.71 0.999731
51500000 17875.3 -0.142178 2999.92 0.999376
51600000 17875.3 -0.173851 2999.93 0.999414
51700000 17875.3 0.391501 2999.83 0.999625
51800000 17875.3 0.665586 2999.79 0.999685
51900000 17875.3 -0.125476 2999.92 0.999386
52000000 17875.3 -0.0492614 2999.91 0.999478
52100000 17875.3 -0.265812 2999.94 0.999406
52200000 17875.3 -0.262467 2999.94 0.999392
52300000 17875.3 -0.182461 2999.93 0.999423
52400000 17875.3 0.396197 2999.83 0.999562
52500000 17875.3 0.244152 2999.86 0.999521
52600000 17875.3 0.467766 2999.82 0.999658
52700000 17875.3 -0.0939048 2999.91 0.999501
52800000 17875.3 -0.128881 2999.92 0.999414
52900000 17875.3 -0.201066 2999.93 0.999423
53000000 17875.3 -0.109875 2999.92 0.999497
53100000 17875.3 -0.0685479 2999.91 0.999419
53200000 17875.3 -0.221476 2999.94 0.999399
53300000 17875.3 1.10902 2999.71 0.999878
53400000 17875.3 -0.203168 2999.93 0.999408
53500000 17875.3 -0.326773 2999.95 0.999382
53600000 17875.3 -0.106321 2999.92 0.999414
53700000 17875.3 -0.174273 2999.93 0.999426
53800000 17875.3 -0.166106 2999.93 0.999441
53900000 17875.3 -0.110221 2999.92 0.999416
54000000 17875.3 -0.0908281 2999.91 0.999382
54100000 17875.3 -0.197558 2999.93 0.999388
54200000 17875.3 3.83253 2999.26 1.00031
54300000 17875.3 -0.161412 2999.93 0.999378
54400000 17875.3 -0.248404 2999.94 0.999391
54500000 17875.3 -0.0763718 2999.91 0.999407
54600000 17875.3 -0.144074 2999.92 0.999383
54700000 17875.3 -0.0572251 2999.91 0.999508
54800000 17875.3 5.55103 2998.97 1.00084
54900000 17875.3 0.00110621 2999.9 0.999463
55000000 17875.3 -0.0451653 2999.91 0.999453
55100000 17875.3 0.0064084 2999.9 0.99953
55200000 17875.3 -0.214276 2999.93 0.999381
55300000 17875.3 -0.121108 2999.92 0.999467
55400000 17875.3 -0.161682 2999.93 0.999399
55500000 17875.3 0.151495 2999.87 0.99957
55600000 17875.3 -0.0779365 2999.91 0.999395
55700000 17875.3 -0.195739 2999.93 0.999384
55800000 17875.3 0.320351 2999.84 0.999595
55900000 17875.3 -0.450681 2999.97 0.999422
56000000 17875.3 0.888244 2999.75 0.999677
56100000 17875.3 0.384498 2999.83 0.999602
56200000 17875.3 -0.0628663 2999.91 0.999466
56300000 17875.3 0.143592 2999.87 0.999568
56400000 17875.3 -0.14871 2999.92 0.999392
56500000 17875.3 -0.304198 2999.95 0.999379
56600000 17875.3 -0.0288491 2999.9 0.999465
56700000 17875.3 -0.162115 2999.93 0.999415
56800000 17875.3 -0.270275 2999.94 0.99941
56900000 17875.3 -0.114634 2999.92 0.999523
57000000 17875.3 0.0398511 2999.89 0.999478
57100000 17875.3 -0.123142 2999.92 0.99938
57200000 17875.3 0.0610607 2999.89 0.999602
57300000 17875.3 -0.0493702 2999.91 0.999428
57400000 17875.3 0.388494 2999.83 0.999619
57500000 17875.3 1.78681 2999.6 0.999934
57600000 17875.3 0.0849663 2999.88 0.99949
57700000 17875.3 -0.135828 2999.92 0.999399
57800000 17875.3 -0.194535 2999.93 0.999424
57900000 17875.3 -0.128939 2999.92 0.999414
58000000 17875.3 -0.0190831 2999.9 0.999467
58100000 17875.3 0.145044 2999.87 0.999539
58200000 17875.3 -0.241938 2999.94 0.999385
58300000 17875.3 -0.209318 2999.93 0.999436
58400000 17875.3 -0.119813 2999.92 0.999379
58500000 17875.3 1.80158 2999.6 0.999847
58600000 17875.3 -0.150687 2999.92 0.999378
58700000 17875.3 -0.294893 2999.95 0.999398
58800000 17875.3 -0.107423 2999.92 0.999473
58900000 17875.3 -0.0441748 2999.91 0.999466
59000000 17875.3 -0.168196 2999.93 0.999396
59100000 17875.3 -0.0698543 2999.91 0.999464
59200000 17875.3 0.537306 2999.81 0.999632
59300000 17875.3 -0.283255 2999.95 0.999386
59400000 17875.3 -0.189149 2999.93 0.999423
59500000 17875.3 -0.063455 2999.91 0.999465
59600000 17875.3 -0.16775 2999.93 0.999406
59700000 17875.3 -0.259416 2999.94 0.99937
59800000 17875.3 0.728945 2999.78 0.999634
59900000 17875.3 0.169882 2999.87 0.999568
60000000 17875.3 -0.0484493 2999.91 0.999421
60100000 17875.3 -0.108843 2999.92 0.999565
60200000 17875.3 -0.123542 2999.92 0.999379
60300000 17875.3 -0.0187006 2999.9 0.999438
60400000 17875.3 -0.341169 2999.96 0.999372
60500000 17875.3 -0.159435 2999.92 0.999412
60600000 17875.3 -0.13887 2999.92 0.999397
60700000 17875.3 -0.0831586 2999.91 0.999484
60800000 17875.3 1.02489 2999.73 0.99969
60900000 17875.3 -0.178678 2999.93 0.999388
61000000 17875.3 -0.255703 2999.94 0.999396
61100000 17875.3 -0.0815885 2999.91 0.999384
61200000 17875.3 -0.105677 2999.92 0.999385
61300000 17875.3 -0.194618 2999.93 0.999473
61400000 17875.3 0.254368 2999.86 0.999577
61500000 17875.3 -0.18922 2999.93 0.999375
61600000 17875.3 -0.201194 2999.93 0.999374
61700000 17875.3 0.0898585 2999.88 0.999558
61800000 17875.3 -0.227982 2999.94 0.999424
61900000 17875.3 -0.070922 2999.91 0.999383
62000000 17875.3 -0.136037 2999.92 0.999493
62100000 17875.3 -0.171284 2999.93 0.999375
62200000 17875.3 -0.0903625 2999.91 0.999538
62300000 17875.3 -0.163339 2999.93 0.999481
62400000 17875.3 -0.055383 2999.91 0.999458
62500000 17875.3 -0.20707 2999.93 0.99939
62600000 17875.3 0.513888 2999.81 0.999759
62700000 17875.3 0.756709 2999.77 0.999638
62800000 17875.3 -0.0318701 2999.9 0.999487
62900000 17875.3 -0.295146 2999.95 0.999403
63000000 17875.3 -0.226522 2999.94 0.999388
63100000 17875.3 -0.181871 2999.93 0.999488
63200000 17875.3 -0.171721 2999.93 0.999459
63300000 17875.3 -0.153121 2999.92 0.999383
63400000 17875.3 -0.277426 2999.94 0.999376
63500000 17875.3 -0.187889 2999.93 0.999403
63600000 17875.3 1.23874 2999.69 0.99984
63700000 17875.3 -0.206069 2999.93 0.999415
63800000 17875.3 -0.0948705 2999.91 0.999475
63900000 17875.3 -0.257248 2999.94 0.999399
64000000 17875.3 0.626962 2999.79 0.999645
64100000 17875.3 -0.00246753 2999.9 0.999539
64200000 17875.3 0.914595 2999.74 0.999816
64300000 17875.3 -0.20803 2999.93 0.999381
64400000 17875.3 1.21455 2999.69 0.999749
64500000 17875.3 -0.192532 2999.93 0.999395
64600000 17875.3 -0.313331 2999.95 0.999424
64700000 17875.3 -0.100523 2999.91 0.999381
64800000 17875.3 0.170646 2999.87 0.999543
64900000 17875.3 -0.250406 2999.94 0.999376
65000000 17875.3 0.0610902 2999.89 0.999504
65100000 17875.3 -0.265706 2999.94 0.999403
65200000 17875.3 -0.319684 2999.95 0.999406
65300000 17875.3 -0.0945213 2999.91 0.999398
65400000 17875.3 -0.167924 2999.93 0.999455
65500000 17875.3 -0.0813245 2999.91 0.999382
65600000 17875.3 1.35808 2999.67 0.999749
65700000 17875.3 -0.103612 2999.92 0.999466
65800000 17875.3 -0.183817 2999.93 0.999411
65900000 17875.3 0.55874 2999.8 0.99974
66000000 17875.3 0.116741 2999.88 0.999493
66100000 17875.3 -0.300833 2999.95 0.999421
66200000 17875.3 -0.191834 2999.93 0.999409
66300000 17875.3 -0.212851 2999.93 0.99937
66400000 17875.3 -0.116428 2999.92 0.999376
66500000 17875.3 -0.0182918 2999.9 0.999436
66600000 17875.3 -0.231175 2999.94 0.999379
66700000 17875.3 1.45849 2999.65 0.999788
66800000 17875.3 -0.401839 2999.97 0.999372
66900000 17875.3 -0.262247 2999.94 0.999377
67000000 17875.3 0.54673 2999.81 0.999649
67100000 17875.3 -0.168015 2999.93 0.999373
67200000 17875.3 0.042141 2999.89 0.999458
67300000 17875.3 -0.223 2999.94 0.999396
67400000 17875.3 0.705379 2999.78 0.999696
67500000 17875.3 2.32969 2999.51 1.00016
67600000 17875.3 -0.212309 2999.93 0.99942
67700000 17875.3 -0.138917 2999.92 0.999393
67800000 17875.3 0.0455448 2999.89 0.999531
67900000 17875.3 -0.0297471 2999.9 0.99939
68000000 17875.3 -0.0616292 2999.91 0.999387
68100000 17875.3 -0.0703069 2999.91 0.999381
68200000 17875.3 -0.110469 2999.92 0.999381
68300000 17875.3 -0.177538 2999.93 0.999414
68400000 17875.3 0.00927849 2999.9 0.999483
68500000 17875.3 -0.194279 2999.93 0.999471
68600000 17875.3 -0.125346 2999.92 0.999378
68700000 17875.3 0.89296 2999.75 0.999814
68800000 17875.3 -0.179393 2999.93 0.999424
68900000 17875.3 1.1992 2999.7 0.999751
69000000 17875.3 -0.243479 2999.94 0.999374
69100000 17875.3 -0.0342973 2999.9 0.999496
69200000 17875.3 -0.192488 2999.93 0.999439
69300000 17875.3 -0.0258069 2999.9 0.999391
69400000 17875.3 -0.281556 2999.95 0.99939
69500000 17875.3 -0.21845 2999.93 0.999393
69600000 17875.3 0.751463 2999.77 0.999797
69700000 17875.3 -0.115823 2999.92 0.999436
69800000 17875.3 0.610134 2999.8 0.999626
69900000 17875.3 -0.134029 2999.92 0.999423
70000000 17875.3 0.50411 2999.81 0.999633
70100000 17875.3 0.0883903 2999.88 0.999482
70200000 17875.3 -0.190105 2999.93 0.999369
70300000 17875.3 0.215208 2999.86 0.999557
70400000 17875.3 -0.0660147 2999.91 0.999447
70500000 17875.3 0.109351 2999.88 0.999508
70600000 17875.3 -0.151773 2999.92 0.999483
70700000 17875.3 0.186192 2999.87 0.999569
70800000 17875.3 0.11981 2999.88 0.99952
70900000 17875.3 2.03242 2999.56 0.999961
71000000 17875.3 0.848128 2999.76 0.999694
71100000 17875.3 -0.113139 2999.92 0.999426
71200000 17875.3 3.33397 2999.34 1.00016
71300000 17875.3 -0.117626 2999.92 0.999389
71400000 17875.3 -0.280848 2999.95 0.999387
71500000 17875.3 0.0895079 2999.88 0.999513
71600000 17875.3 0.534173 2999.81 0.999649
71700000 17875.3 -0.211634 2999.93 0.999384
71800000 17875.3 -0.275516 2999.94 0.999395
71900000 17875.3 -0.215496 2999.93 0.999381
72000000 17875.3 -0.300392 2999.95 0.999394
72100000 17875.3 -0.195576 2999.93 0.999405
72200000 17875.3 -0.164654 2999.93 0.999493
72300000 17875.3 -0.10984 2999.92 0.999428
72400000 17875.3 -0.199111 2999.93 0.999373
72500000 17875.3 0.82831 2999.76 0.999705
72600000 17875.3 -0.199251 2999.93 0.99939
72700000 17875.3 -0.309697 2999.95 0.999384
72800000 17875.3 -0.061284 2999.91 0.999387
72900000 17875.3 -0.155775 2999.92 0.99938
73000000 17875.3 -0.207655 2999.93 0.999385
73100000 17875.3 -0.209126 2999.93 0.999366
73200000 17875.3 -0.094861 2999.91 0.999478
73300000 17875.3 -0.159919 2999.92 0.999445
73400000 17875.3 1.51469 2999.64 0.999842
73500000 17875.3 0.553402 2999.81 0.999656
73600000 17875.3 -0.0821085 2999.91 0.99947
73700000 17875.3 0.579894 2999.8 0.999663
73800000 17875.3 -0.163092 2999.93 0.999443
73900000 17875.3 -0.183532 2999.93 0.999387
74000000 17875.3 3.02596 2999.39 1.00016
74100000 17875.3 1.24931 2999.69 0.999784
74200000 17875.3 0.165285 2999.87 0.999538
74300000 17875.3 0.672223 2999.79 0.999609
74400000 17875.3 -0.373779 2999.96 0.999417
74500000 17875.3 3.09765 2999.38 1.00015
74600000 17875.3 -0.125174 2999.92 0.99938
74700000 17875.3 1.77733 2999.6 0.999911
74800000 17875.3 -0.294717 2999.95 0.999417
74900000 17875.3 -0.135392 2999.92 0.999384
75000000 17875.3 -0.343135 2999.96 0.999379
75100000 17875.3 0.62354 2999.79 0.99972
75200000 17875.3 -0.0992524 2999.91 0.99943
75300000 17875.3 0.2286 2999.86 0.999503
75400000 17875.3 -0.0642604 2999.91 0.999415
75500000 17875.3 -0.312211 2999.95 0.99943
75600000 17875.3 -0.114018 2999.92 0.999395
75700000 17875.3 0.250339 2999.86 0.999558
75800000 17875.3 -0.121796 2999.92 0.999426
75900000 17875.3 -0.225407 2999.94 0.999394
76000000 17875.3 -0.10662 2999.92 0.999488
76100000 17875.3 -0.202808 2999.93 0.9994
76200000 17875.3 -0.249684 2999.94 0.999387
76300000 17875.3 -0.193504 2999.93 0.99939
76400000 17875.3 0.129062 2999.88 0.999504
76500000 17875.3 -0.147509 2999.92 0.999397
76600000 17875.3 -0.0759586 2999.91 0.999419
76700000 17875.3 0.220291 2999.86 0.999575
76800000 17875.3 -0.176688 2999.93 0.999409
76900000 17875.3 -0.275268 2999.94 0.999369
77000000 17875.3 -0.163671 2999.93 0.99938
77100000 17875.3 0.629711 2999.79 0.999721
77200000 17875.3 -0.13528 2999.92 0.99949
77300000 17875.3 -0.0896103 2999.91 0.999387
77400000 17875.3 -0.438318 2999.97 0.99939
77500000 17875.3 -0.200395 2999.93 0.999378
77600000 17875.3 -0.245973 2999.94 0.999389
77700000 17875.3 0.000483556 2999.9 0.999485
77800000 17875.3 -0.0825111 2999.91 0.999452
77900000 17875.3 -0.0310199 2999.9 0.999474
78000000 17875.3 -0.161083 2999.93 0.999376
78100000 17875.3 -0.127446 2999.92 0.999378
78200000 17875.3 -0.0856764 2999.91 0.999383
78300000 17875.3 0.298298 2999.85 0.999591
78400000 17875.3 -0.105751 2999.92 0.999377
78500000 17875.3 0.0937627 2999.88 0.999511
78600000 17875.3 -0.237113 2999.94 0.999424
78700000 17875.3 -0.158685 2999.92 0.999378
78800000 17875.3 -0.140066 2999.92 0.999373
78900000 17875.3 0.819143 2999.76 0.999637
79000000 17875.3 0.444084 2999.82 0.999667
79100000 17875.3 -0.173511 2999.93 0.999386
79200000 17875.3 -0.144116 2999.92 0.999433
79300000 17875.3 -0.0540728 2999.91 0.999385
79400000 17875.3 -0.197013 2999.93 0.999387
79500000 17875.3 0.268 2999.85 0.999627
79600000 17875.3 2.01239 2999.56 0.999912
79700000 17875.3 -0.0309578 2999.9 0.999517
79800000 17875.3 -0.143999 2999.92 0.999372
79900000 17875.3 -0.325174 2999.95 0.999433
80000000 17875.3 -0.273516 2999.94 0.999387
80100000 17875.3 -0.177481 2999.93 0.999426
80200000 17875.3 -0.207523 2999.93 0.999376
80300000 17875.3 0.71222 2999.78 0.999698
80400000 17875.3 0.341564 2999.84 0.999657
80500000 17875.3 -0.134486 2999.92 0.999385
80600000 17875.3 1.42468 2999.66 0.999759
80700000 17875.3 0.376073 2999.83 0.999541
80800000 17875.3 0.454726 2999.82 0.999558
80900000 17875.3 -0.159167 2999.92 0.999509
81000000 17875.3 0.427627 2999.83 0.999612
81100000 17875.3 0.0629875 2999.89 0.999485
81200000 17875.3 -0.0410737 2999.9 0.999455
81300000 17875.3 -0.215292 2999.93 0.999381
81400000 17875.3 0.00592529 2999.9 0.999454
81500000 17875.3 -0.105334 2999.92 0.999426
81600000 17875.3 -0.214123 2999.93 0.999395
81700000 17875.3 -0.162239 2999.93 0.999374
81800000 17875.3 -0.169889 2999.93 0.999379
81900000 17875.3 0.119342 2999.88 0.999548
82000000 17875.3 0.0532965 2999.89 0.999515
82100000 17875.3 -0.114908 2999.92 0.999453
82200000 17875.3 -0.0537539 2999.91 0.999386
82300000 17875.3 -0.172246 2999.93 0.999381
82400000 17875.3 2.62709 2999.46 0.999974
82500000 17875.3 -0.207645 2999.93 0.999368
82600000 17875.3 -0.226329 2999.94 0.999422
82700000 17875.3 -0.218279 2999.93 0.999393
82800000 17875.3 0.0578484 2999.89 0.999511
82900000 17875.3 -0.0198101 2999.9 0.999478
83000000 17875.3 -0.391058 2999.96 0.999423
83100000 17875.3 -0.161557 2999.93 0.999394
83200000 17875.3 0.436188 2999.82 0.999671
83300000 17875.3 1.39711 2999.66 0.999815
83400000 17875.3 -0.406187 2999.97 0.999387
83500000 17875.3 -0.293926 2999.95 0.999375
83600000 17875.3 -0.187615 2999.93 0.999378
83700000 17875.3 -0.211404 2999.93 0.999368
83800000 17875.3 0.164542 2999.87 0.999559
83900000 17875.3 0.123115 2999.88 0.999522
84000000 17875.3 0.0563405 2999.89 0.999472
84100000 17875.3 -0.165645 2999.93 0.999381
84200000 17875.3 -0.163763 2999.93 0.999412
84300000 17875.3 2.62216 2999.46 0.999986
84400000 17875.3 0.251222 2999.86 0.999565
84500000 17875.3 -0.164511 2999.93 0.999386
84600000 17875.3 0.781407 2999.77 0.999684
84700000 17875.3 0.0362931 2999.89 0.999476
84800000 17875.3 -0.121288 2999.92 0.999496
84900000 17875.3 1.2279 2999.69 0.99985
85000000 17875.3 -0.295745 2999.95 0.999375
85100000 17875.3 -0.013353 2999.9 0.999453
85200000 17875.3 -0.248936 2999.94 0.999419
85300000 17875.3 -0.183845 2999.93 0.999421
85400000 17875.3 -0.216017 2999.93 0.999368
85500000 17875.3 -0.221427 2999.94 0.999372
85600000 17875.3 -0.205945 2999.93 0.99943
85700000 17875.3 0.441533 2999.82 0.999646
85800000 17875.3 -0.282641 2999.95 0.999367
85900000 17875.3 0.141264 2999.87 0.999509
86000000 17875.3 -0.0992269 2999.91 0.999397
86100000 17875.3 -0.152099 2999.92 0.999433
86200000 17875.3 -0.2121 2999.93 0.999377
86300000 17875.3 -0.0197378 2999.9 0.999498
86400000 17875.3 -0.309714 2999.95 0.999417
86500000 17875.3 0.889085 2999.75 0.999709
86600000 17875.3 0.0126709 2999.9 0.99952
86700000 17875.3 -0.279629 2999.95 0.999392
86800000 17875.3 1.0768 2999.72 0.99978
86900000 17875.3 -0.129182 2999.92 0.99938
87000000 17875.3 -0.273853 2999.94 0.999423
87100000 17875.3 -0.058961 2999.91 0.999514
87200000 17875.3 0.666965 2999.79 0.999755
87300000 17875.3 0.0267356 2999.89 0.999555
87400000 17875.3 0.436258 2999.82 0.999795
87500000 17875.3 -0.0898528 2999.91 0.999382
87600000 17875.3 1.07039 2999.72 0.999781
87700000 17875.3 -0.150647 2999.92 0.999378
87800000 17875.3 -0.27044 2999.94 0.999452
87900000 17875.3 0.3752 2999.84 0.999579
88000000 17875.3 -0.027047 2999.9 0.999456
88100000 17875.3 -0.157177 2999.92 0.99939
88200000 17875.3 0.0258638 2999.89 0.999459
88300000 17875.3 0.51213 2999.81 0.999601
88400000 17875.3 -0.0846257 2999.91 0.999495
88500000 17875.3 -0.248824 2999.94 0.999431
88600000 17875.3 1.15485 2999.7 0.999774
88700000 17875.3 0.64214 2999.79 0.999633
88800000 17875.3 0.123982 2999.88 0.999599
88900000 17875.3 0.808156 2999.76 0.999635
89000000 17875.3 -0.242997 2999.94 0.999406
89100000 17875.3 -0.104746 2999.92 0.999401
89200000 17875.3 1.47426 2999.65 0.999849
89300000 17875.3 0.38177 2999.83 0.99965
89400000 17875.3 -0.105408 2999.92 0.999463
89500000 17875.3 1.54558 2999.64 0.999865
89600000 17875.3 0.636858 2999.79 0.999649
89700000 17875.3 -0.220079 2999.94 0.99937
89800000 17875.3 -0.174968 2999.93 0.999385
89900000 17875.3 -0.126064 2999.92 0.999383
90000000 17875.3 1.04955 2999.72 0.999762
90100000 17875.3 0.578937 2999.8 0.999627
90200000 17875.3 -0.201865 2999.93 0.999399
90300000 17875.3 -0.128428 2999.92 0.999405
90400000 17875.3 -0.111192 2999.92 0.999458
90500000 17875.3 2.0117 2999.56 1.00001
90600000 17875.3 0.73561 2999.77 0.999676
90700000 17875.3 -0.211904 2999.93 0.99938
90800000 17875.3 0.737632 2999.77 0.999625
90900000 17875.3 -0.221378 2999.94 0.999367
91000000 17875.3 0.0392509 2999.89 0.999506
91100000 17875.3 1.83755 2999.59 0.999929
91200000 17875.3 -0.200323 2999.93 0.99939
91300000 17875.3 -0.0932611 2999.91 0.999414
91400000 17875.3 0.605158 2999.8 0.999612
91500000 17875.3 -0.167948 2999.93 0.999395
91600000 17875.3 -0.44716 2999.97 0.999399
91700000 17875.3 1.83806 2999.59 0.999861
91800000 17875.3 0.116601 2999.88 0.99955
91900000 17875.3 -0.135271 2999.92 0.999387
92000000 17875.3 -0.167291 2999.93 0.999436
92100000 17875.3 -0.305984 2999.95 0.999505
92200000 17875.3 -0.119609 2999.92 0.999427
92300000 17875.3 -0.337335 2999.95 0.999378
92400000 17875.3 0.49949 2999.81 0.99957
92500000 17875.3 0.0098095 2999.9 0.999495
92600000 17875.3 -0.308991 2999.95 0.999381
92700000 17875.3 1.07941 2999.72 0.999709
92800000 17875.3 -0.0933956 2999.91 0.999381
92900000 17875.3 -0.253247 2999.94 0.999448
93000000 17875.3 -0.111478 2999.92 0.999452
93100000 17875.3 0.350202 2999.84 0.999602
93200000 17875.3 -0.141691 2999.92 0.999393
93300000 17875.3 0.775094 2999.77 0.999723
93400000 17875.3 -0.247747 2999.94 0.9994
93500000 17875.3 -0.0888266 2999.91 0.999398
93600000 17875.3 -0.185327 2999.93 0.999383
93700000 17875.3 -0.192432 2999.93 0.999408
93800000 17875.3 0.621491 2999.79 0.999744
93900000 17875.3 -0.112198 2999.92 0.999473
94000000 17875.3 -0.0868199 2999.91 0.999382
94100000 17875.3 -0.0983126 2999.91 0.999382
94200000 17875.3 -0.0119522 2999.9 0.999515
94300000 17875.3 0.345636 2999.84 0.999658
94400000 17875.3 0.94469 2999.74 0.999711
94500000 17875.3 -0.0864835 2999.91 0.999385
94600000 17875.3 -0.221746 2999.94 0.999377
94700000 17875.3 0.171728 2999.87 0.999518
94800000 17875.3 1.49093 2999.65 0.999881
94900000 17875.3 1.24646 2999.69 0.999816
95000000 17875.3 -0.182453 2999.93 0.999378
95100000 17875.3 -0.0700766 2999.91 0.99952
95200000 17875.3 0.0477534 2999.89 0.999538
95300000 17875.3 -0.1337 2999.92 0.999378
95400000 17875.3 -0.230094 2999.94 0.999379
95500000 17875.3 0.705785 2999.78 0.999762
95600000 17875.3 -0.0607463 2999.91 0.999437
95700000 17875.3 -0.137142 2999.92 0.999375
95800000 17875.3 -0.261727 2999.94 0.999379
95900000 17875.3 -0.222833 2999.94 0.999421
96000000 17875.3 0.151193 2999.87 0.999517
96100000 17875.3 -0.275474 2999.94 0.999401
96200000 17875.3 -0.0653077 2999.91 0.999412
96300000 17875.3 -0.241477 2999.94 0.999375
96400000 17875.3 -0.32387 2999.95 0.999408
96500000 17875.3 0.263636 2999.85 0.999576
96600000 17875.3 0.692881 2999.78 0.999636
96700000 17875.3 -0.113857 2999.92 0.999462
96800000 17875.3 -0.228749 2999.94 0.999387
96900000 17875.3 -0.117561 2999.92 0.999379
97000000 17875.3 -0.0850861 2999.91 0.999382
97100000 17875.3 3.39335 2999.33 1.00016
97200000 17875.3 -0.130421 2999.92 0.999381
97300000 17875.3 -0.112763 2999.92 0.999399
97400000 17875.3 -0.123982 2999.92 0.999428
97500000 17875.3 -0.282577 2999.95 0.999407
97600000 17875.3 0.262589 2999.85 0.999558
97700000 17875.3 0.134264 2999.88 0.999511
97800000 17875.3 -0.0485639 2999.91 0.999475
97900000 17875.3 -0.0588274 2999.91 0.999436
98000000 17875.3 -0.208006 2999.93 0.99939
98100000 17875.3 -0.172747 2999.93 0.999429
98200000 17875.3 -0.0898805 2999.91 0.999379
98300000 17875.3 -0.170985 2999.93 0.999379
98400000 17875.3 -0.188742 2999.93 0.999378
98500000 17875.3 -0.326606 2999.95 0.999408
98600000 17875.3 -0.246216 2999.94 0.99937
98700000 17875.3 -0.115625 2999.92 0.999409
98800000 17875.3 -0.216359 2999.93 0.99939
98900000 17875.3 -0.203541 2999.93 0.999429
99000000 17875.3 0.57587 2999.8 0.999661
99100000 17875.3 -0.0844591 2999.91 0.999381
99200000 17875.3 0.474197 2999.82 0.999634
99300000 17875.3 -0.0896006 2999.91 0.999385
99400000 17875.3 -0.159731 2999.92 0.999394
99500000 17875.3 -0.148092 2999.92 0.999389
99600000 17875.3 0.46038 2999.82 0.999609
99700000 17875.3 -0.243439 2999.94 0.999387
99800000 17875.3 -0.31656 2999.95 0.999379
99900000 17875.3 -0.175974 2999.93 0.999379
100000000 17875.3 -0.100037 2999.91 0.999378
100100000 17875.3 -0.0961632 2999.91 0.999381
100200000 17875.3 0.419484 2999.83 0.999574
100300000 17875.3 -0.0722927 2999.91 0.999418
100400000 17875.3 -0.116708 2999.92 0.99941
100500000 17875.3 0.0175816 2999.9 0.999444
100600000 17875.3 -0.128109 2999.92 0.999381
100700000 17875.3 0.208808 2999.86 0.999589
100800000 17875.3 0.308604 2999.85 0.999645
100900000 17875.3 -0.120574 2999.92 0.999489
101000000 17875.3 -0.188626 2999.93 0.999415
101100000 17875.3 -0.125667 2999.92 0.999404
101200000 17875.3 -0.227148 2999.94 0.999408
101300000 17875.3 -0.129163 2999.92 0.99938
101400000 17875.3 1.18951 2999.7 0.999788
101500000 17875.3 -0.340408 2999.96 0.999394
101600000 17875.3 -0.200286 2999.93 0.999376
101700000 17875.3 -0.275639 2999.94 0.999399
101800000 17875.3 -0.144889 2999.92 0.999387
101900000 17875.3 1.53861 2999.64 0.9998
102000000 17875.3 -0.214803 2999.93 0.999393
102100000 17875.3 -0.132903 2999.92 0.999375
102200000 17875.3 -0.153051 2999.92 0.999376
102300000 17875.3 -0.233681 2999.94 0.999375
102400000 17875.3 -0.00311849 2999.9 0.999446
102500000 17875.3 -0.324281 2999.95 0.999381
102600000 17875.3 0.0281179 2999.89 0.999469
102700000 17875.3 -0.115301 2999.92 0.999466
102800000 17875.3 -0.152176 2999.92 0.99938
102900000 17875.3 -0.0693135 2999.91 0.999461
103000000 17875.3 -0.165685 2999.93 0.999394
103100000 17875.3 -0.148593 2999.92 0.999375
103200000 17875.3 -0.100223 2999.91 0.999378
103300000 17875.3 -0.00607363 2999.9 0.999499
103400000 17875.3 -0.442593 2999.97 0.999425
103500000 17875.3 -0.216601 2999.93 0.99938
103600000 17875.3 -0.0882141 2999.91 0.999387
103700000 17875.3 -0.239007 2999.94 0.999394
103800000 17875.3 0.219417 2999.86 0.999617
103900000 17875.3 -0.00946996 2999.9 0.99946
104000000 17875.3 -0.10922 2999.92 0.999443
104100000 17875.3 -0.285054 2999.95 0.999371
104200000 17875.3 -0.15893 2999.92 0.999394
104300000 17875.3 0.132752 2999.88 0.999577
104400000 17875.3 0.567838 2999.8 0.999626
104500000 17875.3 1.4601 2999.65 0.999788
104600000 17875.3 -0.207865 2999.93 0.999417
104700000 17875.3 -0.270135 2999.94 0.99941
104800000 17875.3 -0.381911 2999.96 0.999421
104900000 17875.3 -0.205249 2999.93 0.999382
105000000 17875.3 -0.2021 2999.93 0.999363
105100000 17875.3 -0.0724399 2999.91 0.999384
105200000 17875.3 0.70211 2999.78 0.999629
105300000 17875.3 -0.0665717 2999.91 0.999434
105400000 17875.3 -0.127247 2999.92 0.999437
105500000 17875.3 -0.191519 2999.93 0.999391
105600000 17875.3 -0.24636 2999.94 0.999381
105700000 17875.3 -0.313606 2999.95 0.999396
105800000 17875.3 0.864939 2999.75 0.999772
105900000 17875.3 -0.0993939 2999.91 0.99938
106000000 17875.3 -0.188577 2999.93 0.999446
106100000 17875.3 -0.261826 2999.94 0.999475
106200000 17875.3 -0.218437 2999.93 0.999399
106300000 17875.3 0.719204 2999.78 0.999671
106400000 17875.3 -0.143151 2999.92 0.999382
106500000 17875.3 -0.172987 2999.93 0.999402
106600000 17875.3 -0.0510091 2999.91 0.999387
106700000 17875.3 -0.251363 2999.94 0.99941
106800000 17875.3 0.67681 2999.78 0.999648
106900000 17875.3 -0.0583868 2999.91 0.999385
107000000 17875.3 -0.200336 2999.93 0.999399
107100000 17875.3 -0.270383 2999.94 0.999415
107200000 17875.3 -0.18174 2999.93 0.999448
107300000 17875.3 -0.158111 2999.92 0.999471
107400000 17875.3 0.294155 2999.85 0.999596
107500000 17875.3 0.000244314 2999.9 0.99956
107600000 17875.3 0.1777 2999.87 0.999574
107700000 17875.3 -0.143928 2999.92 0.999432
107800000 17875.3 -0.108987 2999.92 0.999452
107900000 17875.3 -0.183901 2999.93 0.999391
108000000 17875.3 0.628859 2999.79 0.999715
108100000 17875.3 0.556654 2999.8 0.999734
108200000 17875.3 -0.103353 2999.92 0.999379
108300000 17875.3 -0.183616 2999.93 0.999416
108400000 17875.3 -0.286384 2999.95 0.999373
108500000 17875.3 -0.177468 2999.93 0.999372
108600000 17875.3 -0.360428 2999.96 0.999391
108700000 17875.3 -0.127122 2999.92 0.999419
108800000 17875.3 0.454131 2999.82 0.999585
108900000 17875.3 -0.119349 2999.92 0.999382
109000000 17875.3 -0.039645 2999.9 0.999433
109100000 17875.3 -0.226024 2999.94 0.999371
109200000 17875.3 -0.216143 2999.93 0.99943
109300000 17875.3 -0.105108 2999.92 0.99938
109400000 17875.3 -0.265459 2999.94 0.999399
109500000 17875.3 -0.00874508 2999.9 0.999478
109600000 17875.3 0.0374384 2999.89 0.999495
109700000 17875.3 -0.350736 2999.96 0.999396
109800000 17875.3 -0.194135 2999.93 0.999389
109900000 17875.3 -0.162058 2999.93 0.999412
110000000 17875.3 -0.250637 2999.94 0.99943
110100000 17875.3 0.634273 2999.79 0.999612
110200000 17875.3 -0.0783952 2999.91 0.999433
110300000 17875.3 -0.0864161 2999.91 0.999415
110400000 17875.3 0.116969 2999.88 0.99954
110500000 17875.3 0.0268065 2999.89 0.999481
110600000 17875.3 0.583018 2999.8 0.999732
110700000 17875.3 -0.306364 2999.95 0.999385
110800000 17875.3 -0.107432 2999.92 0.999411
110900000 17875.3 -0.172539 2999.93 0.999375
111000000 17875.3 -0.00927323 2999.9 0.999515
111100000 17875.3 -0.0948206 2999.91 0.99938
111200000 17875.3 -0.121703 2999.92 0.999376
111300000 17875.3 1.10551 2999.71 0.999796
111400000 17875.3 0.130738 2999.88 0.999521
111500000 17875.3 0.0402705 2999.89 0.999492
111600000 17875.3 -0.200043 2999.93 0.999514
111700000 17875.3 -0.24391 2999.94 0.999385
111800000 17875.3 -0.0794734 2999.91 0.999381
111900000 17875.3 -0.211655 2999.93 0.99948
112000000 17875.3 -0.0324214 2999.9 0.999443
112100000 17875.3 0.64772 2999.79 0.999686
112200000 17875.3 0.575234 2999.8 0.999629
112300000 17875.3 -0.0952055 2999.91 0.99939
112400000 17875.3 -0.0674192 2999.91 0.999382
112500000 17875.3 -0.204329 2999.93 0.999384
112600000 17875.3 0.733709 2999.77 0.999655
112700000 17875.3 1.36904 2999.67 0.999807
112800000 17875.3 0.0957644 2999.88 0.99952
112900000 17875.3 0.811291 2999.76 0.999672
113000000 17875.3 -0.19028 2999.93 0.999417
113100000 17875.3 -0.076853 2999.91 0.999428
113200000 17875.3 0.381073 2999.83 0.999574
113300000 17875.3 0.00382212 2999.9 0.999474
113400000 17875.3 0.339924 2999.84 0.999634
113500000 17875.3 0.706928 2999.78 0.999623
113600000 17875.3 -0.190088 2999.93 0.999377
113700000 17875.3 0.902475 2999.75 0.999749
113800000 17875.3 0.153866 2999.87 0.999522
113900000 17875.3 -0.206055 2999.93 0.999376
114000000 17875.3 -0.0360571 2999.9 0.999448
114100000 17875.3 -0.182393 2999.93 0.999396
114200000 17875.3 1.78671 2999.6 0.999981
114300000 17875.3 -0.255437 2999.94 0.999402
114400000 17875.3 0.0799247 2999.88 0.999549
114500000 17875.3 -0.109725 2999.92 0.999383
114600000 17875.3 -0.151095 2999.92 0.999376
114700000 17875.3 0.0758357 2999.89 0.99948
114800000 17875.3 0.0802876 2999.88 0.999502
114900000 17875.3 -0.15203 2999.92 0.999385
115000000 17875.3 1.00425 2999.73 0.999811
115100000 17875.3 -0.140147 2999.92 0.999386
115200000 17875.3 -0.24508 2999.94 0.999414
115300000 17875.3 -0.0786496 2999.91 0.999387
115400000 17875.3 -0.176965 2999.93 0.999403
115500000 17875.3 -0.275665 2999.94 0.999404
115600000 17875.3 1.13449 2999.71 0.999794
115700000 17875.3 -0.277676 2999.94 0.999394
115800000 17875.3 -0.311337 2999.95 0.999418
115900000 17875.3 1.85675 2999.59 0.999887
116000000 17875.3 -0.150764 2999.92 0.999392
116100000 17875.3 -0.454527 2999.97 0.999444
116200000 17875.3 -0.0959543 2999.91 0.999379
116300000 17875.3 0.312704 2999.85 0.999563
116400000 17875.3 0.197579 2999.86 0.999533
116500000 17875.3 -0.132975 2999.92 0.999392
116600000 17875.3 -0.132319 2999.92 0.999374
116700000 17875.3 0.777938 2999.77 0.99963
116800000 17875.3 -0.00466193 2999.9 0.999467
116900000 17875.3 -0.3247 2999.95 0.999397
117000000 17875.3 -0.120872 2999.92 0.99941
117100000 17875.3 0.0659486 2999.89 0.999469
117200000 17875.3 0.979237 2999.73 0.999747
117300000 17875.3 1.70022 2999.61 1
117400000 17875.3 -0.143702 2999.92 0.999391
117500000 17875.3 1.35152 2999.67 0.999829
117600000 17875.3 -0.211982 2999.93 0.99939
117700000 17875.3 -0.231459 2999.94 0.999366
117800000 17875.3 -0.263327 2999.94 0.999371
117900000 17875.3 -0.0245068 2999.9 0.999435
118000000 17875.3 -0.214111 2999.93 0.999398
118100000 17875.3 -0.250165 2999.94 0.999389
118200000 17875.3 -0.0568157 2999.91 0.999426
118300000 17875.3 0.017564 2999.9 0.999479
118400000 17875.3 -0.0775325 2999.91 0.999467
118500000 17875.3 1.4588 2999.65 0.999832
118600000 17875.3 -0.295644 2999.95 0.99938
118700000 17875.3 1.43547 2999.66 0.999947
118800000 17875.3 -0.0644362 2999.91 0.999444
118900000 17875.3 -0.024367 2999.9 0.999463
119000000 17875.3 -0.285754 2999.95 0.999379
119100000 17875.3 -0.169693 2999.93 0.999455
119200000 17875.3 -0.196281 2999.93 0.999418
119300000 17875.3 1.28953 2999.68 0.999812
119400000 17875.3 -0.0851442 2999.91 0.999439
119500000 17875.3 0.0943586 2999.88 0.999508
119600000 17875.3 -0.271332 2999.94 0.999364
119700000 17875.3 0.255376 2999.86 0.999564
119800000 17875.3 -0.186904 2999.93 0.999451
119900000 17875.3 3.30977 2999.34 1.00009
120000000 17875.3 -0.261651 2999.94 0.9994
120100000 17875.3 -0.116271 2999.92 0.999487
120200000 17875.3 -0.0910115 2999.91 0.999448
120300000 17875.3 3.84511 2999.25 1.00017
120400000 17875.3 0.0209427 2999.89 0.999484
120500000 17875.3 -0.162629 2999.93 0.999371
120600000 17875.3 0.823437 2999.76 0.999659
120700000 17875.3 -0.152452 2999.92 0.999379
120800000 17875.3 -0.156943 2999.92 0.999412
120900000 17875.3 -0.174274 2999.93 0.999387
121000000 17875.3 -0.308149 2999.95 0.999415
121100000 17875.3 0.218467 2999.86 0.999541
121200000 17875.3 -0.0880567 2999.91 0.999401
121300000 17875.3 0.292854 2999.85 0.999539
121400000 17875.3 2.43179 2999.49 1
121500000 17875.3 -0.104799 2999.92 0.999479
121600000 17875.3 -0.197879 2999.93 0.999391
121700000 17875.3 1.45073 2999.65 0.999911
121800000 17875.3 -0.222926 2999.94 0.999389
121900000 17875.3 -0.185881 2999.93 0.999443
122000000 17875.3 -0.159807 2999.92 0.999415
122100000 17875.3 0.016511 2999.9 0.999535
122200000 17875.3 -0.310059 2999.95 0.999421
122300000 17875.3 -0.20645 2999.93 0.999376
122400000 17875.3 -0.161496 2999.93 0.999434
122500000 17875.3 0.486539 2999.82 0.999614
122600000 17875.3 -0.0486953 2999.91 0.999464
122700000 17875.3 1.73841 2999.61 1.00004
122800000 17875.3 -0.128385 2999.92 0.999458
122900000 17875.3 -0.243547 2999.94 0.999392
123000000 17875.3 -0.0948299 2999.91 0.999412
123100000 17875.3 0.223754 2999.86 0.999516
123200000 17875.3 2.64126 2999.45 1.00018
123300000 17875.3 -0.0281801 2999.9 0.999436
123400000 17875.3 -0.346587 2999.96 0.9994
123500000 17875.3 3.12767 2999.37 1.00013
123600000 17875.3 0.00118059 2999.9 0.999461
123700000 17875.3 -0.162753 2999.93 0.999392
123800000 17875.3 -0.158398 2999.92 0.999389
123900000 17875.3 -0.119527 2999.92 0.999387
124000000 17875.3 -0.146426 2999.92 0.999443
124100000 17875.3 -0.312895 2999.95 0.99938
124200000 17875.3 -0.164064 2999.93 0.999421
124300000 17875.3 -0.0762561 2999.91 0.999381
124400000 17875.3 -0.0818216 2999.91 0.999427
124500000 17875.3 0.582778 2999.8 0.999592
124600000 17875.3 -0.102743 2999.92 0.999379
124700000 17875.3 1.32976 2999.67 0.999926
124800000 17875.3 0.0267016 2999.89 0.999449
124900000 17875.3 0.56654 2999.8 0.999594
125000000 17875.3 -0.175385 2999.93 0.999383
125100000 17875.3 -0.0935003 2999.91 0.999399
125200000 17875.3 -0.268023 2999.94 0.999419
125300000 17875.3 -0.128421 2999.92 0.999377
125400000 17875.3 -0.22056 2999.94 0.99946
125500000 17875.3 -0.365804 2999.96 0.999379
125600000 17875.3 -0.196894 2999.93 0.999399
125700000 17875.3 -0.214419 2999.93 0.999386
125800000 17875.3 -0.196474 2999.93 0.999409
125900000 17875.3 -0.251157 2999.94 0.999392
126000000 17875.3 0.744116 2999.77 0.999692
126100000 17875.3 -0.198601 2999.93 0.999403
126200000 17875.3 -0.1068 2999.92 0.999378
126300000 17875.3 -0.16082 2999.93 0.999377
126400000 17875.3 0.996076 2999.73 0.999736
126500000 17875.3 0.0150814 2999.9 0.999579
126600000 17875.3 -0.0884784 2999.91 0.999385
126700000 17875.3 -0.219015 2999.93 0.999427
126800000 17875.3 0.371949 2999.84 0.999555
126900000 17875.3 -0.182091 2999.93 0.999445
127000000 17875.3 -0.156572 2999.92 0.999382
127100000 17875.3 -0.200536 2999.93 0.99938
127200000 17875.3 -0.135013 2999.92 0.999406
127300000 17875.3 -0.0181403 2999.9 0.999444
127400000 17875.3 -0.190141 2999.93 0.999378
127500000 17875.3 -0.116904 2999.92 0.999382
127600000 17875.3 0.0339452 2999.89 0.999472
127700000 17875.3 -0.291256 2999.95 0.999408
127800000 17875.3 0.118873 2999.88 0.999589
127900000 17875.3 -0.339798 2999.96 0.999403
128000000 17875.3 -0.178559 2999.93 0.999368
128100000 17875.3 0.467621 2999.82 0.999641
128200000 17875.3 -0.280042 2999.95 0.999397
128300000 17875.3 -0.181061 2999.93 0.999382
128400000 17875.3 -0.390039 2999.96 0.999387
128500000 17875.3 3.52932 2999.31 1.0003
128600000 17875.3 0.283401 2999.85 0.999576
128700000 17875.3 2.92476 2999.41 1.00027
128800000 17875.3 0.0655019 2999.89 0.999573
128900000 17875.3 -0.388578 2999.96 0.999411
129000000 17875.3 0.0362031 2999.89 0.999453
129100000 17875.3 -0.249146 2999.94 0.999403
129200000 17875.3 -0.225598 2999.94 0.999376
129300000 17875.3 -0.20482 2999.93 0.999388
129400000 17875.3 -0.263269 2999.94 0.999381
129500000 17875.3 -0.171945 2999.93 0.999427
129600000 17875.3 -0.257985 2999.94 0.999392
129700000 17875.3 0.654569 2999.79 0.999689
129800000 17875.3 1.48771 2999.65 0.99985
129900000 17875.3 -0.284447 2999.95 0.999388
130000000 17875.3 -0.255037 2999.94 0.999371
130100000 17875.3 -0.22389 2999.94 0.999423
130200000 17875.3 -0.0457114 2999.91 0.999386
130300000 17875.3 -0.0950856 2999.91 0.999389
130400000 17875.3 0.0585465 2999.89 0.999502
130500000 17875.3 -0.205622 2999.93 0.999381
130600000 17875.3 -0.187626 2999.93 0.99939
130700000 17875.3 -0.0669443 2999.91 0.999454
130800000 17875.3 0.169342 2999.87 0.999492
130900000 17875.3 -0.13564 2999.92 0.999398
131000000 17875.3 -0.168531 2999.93 0.99941
131100000 17875.3 0.0333124 2999.89 0.99949
131200000 17875.3 0.0815072 2999.88 0.999569
131300000 17875.3 -0.221753 2999.94 0.999363
131400000 17875.3 -0.0806609 2999.91 0.999412
131500000 17875.3 -0.120717 2999.92 0.999378
131600000 17875.3 -0.374279 2999.96 0.999399
131700000 17875.3 0.658687 2999.79 0.999673
131800000 17875.3 -0.0167738 2999.9 0.999443
131900000 17875.3 0.232814 2999.86 0.999508
132000000 17875.3 0.490687 2999.82 0.999684
132100000 17875.3 -0.143093 2999.92 0.999381
132200000 17875.3 0.411769 2999.83 0.999636
132300000 17875.3 -0.125909 2999.92 0.999408
132400000 17875.3 -0.0379995 2999.9 0.999387
132500000 17875.3 0.271296 2999.85 0.999596
132600000 17875.3 0.0325857 2999.89 0.9995
132700000 17875.3 -0.0798884 2999.91 0.999382
132800000 17875.3 -0.0574185 2999.91 0.999385
132900000 17875.3 -0.0784321 2999.91 0.999381
133000000 17875.3 -0.0294087 2999.9 0.999425
133100000 17875.3 -0.17309 2999.93 0.999377
133200000 17875.3 -0.078078 2999.91 0.999449
133300000 17875.3 0.191812 2999.87 0.999539
133400000 17875.3 -0.125992 2999.92 0.999391
133500000 17875.3 0.0378267 2999.89 0.999528
133600000 17875.3 -0.157651 2999.92 0.999372
133700000 17875.3 -0.124013 2999.92 0.999473
133800000 17875.3 1.2639 2999.69 0.999776
133900000 17875.3 -0.221051 2999.94 0.999388
134000000 17875.3 1.04546 2999.72 0.999731
134100000 17875.3 -0.217758 2999.93 0.999404
134200000 17875.3 0.303811 2999.85 0.999689
134300000 17875.3 0.147365 2999.87 0.999483
134400000 17875.3 0.759001 2999.77 0.999689
134500000 17875.3 -0.0922148 2999.91 0.999383
134600000 17875.3 -0.114978 2999.92 0.999446
134700000 17875.3 -0.0606246 2999.91 0.999458
134800000 17875.3 -0.316842 2999.95 0.99938
134900000 17875.3 0.936102 2999.74 0.999752
135000000 17875.3 -0.266444 2999.94 0.999404
135100000 17875.3 -0.221815 2999.94 0.999379
135200000 17875.3 -0.156796 2999.92 0.999383
135300000 17875.3 2.48514 2999.48 1.00009
135400000 17875.3 -0.223137 2999.94 0.999431
135500000 17875.3 -0.140455 2999.92 0.999378
135600000 17875.3 1.62724 2999.63 0.999858
135700000 17875.3 -0.326485 2999.95 0.999403
135800000 17875.3 -0.158287 2999.92 0.99938
135900000 17875.3 -0.134915 2999.92 0.999387
136000000 17875.3 -0.273522 2999.94 0.999386
136100000 17875.3 -0.233213 2999.94 0.99938
136200000 17875.3 -0.0690233 2999.91 0.999383
136300000 17875.3 0.957743 2999.74 0.999752
136400000 17875.3 -0.00596087 2999.9 0.99948
136500000 17875.3 -0.159705 2999.92 0.999432
136600000 17875.3 0.133158 2999.88 0.999511
136700000 17875.3 -0.212646 2999.93 0.999395
136800000 17875.3 -0.14209 2999.92 0.999394
136900000 17875.3 -0.302604 2999.95 0.999366
137000000 17875.3 0.101263 2999.88 0.999524
137100000 17875.3 -0.109963 2999.92 0.999378
137200000 17875.3 -0.334226 2999.95 0.999433
137300000 17875.3 -0.235262 2999.94 0.999389
137400000 17875.3 -0.192127 2999.93 0.999373
137500000 17875.3 -0.203526 2999.93 0.999427
137600000 17875.3 0.00192859 2999.9 0.99946
137700000 17875.3 -0.176779 2999.93 0.999386
137800000 17875.3 1.9143 2999.58 1.00012
137900000 17875.3 -0.167503 2999.93 0.999437
138000000 17875.3 -0.325641 2999.95 0.99938
138100000 17875.3 1.72966 2999.61 0.999858
138200000 17875.3 0.919857 2999.74 0.999721
138300000 17875.3 0.0331814 2999.89 0.999457
138400000 17875.3 -0.319657 2999.95 0.999381
138500000 17875.3 -0.246753 2999.94 0.999391
138600000 17875.3 -0.0850962 2999.91 0.999394
138700000 17875.3 -0.39217 2999.96 0.999442
138800000 17875.3 0.204286 2999.86 0.999509
138900000 17875.3 -0.362415 2999.96 0.999476
139000000 17875.3 0.36428 2999.84 0.999582
139100000 17875.3 -0.13905 2999.92 0.999464
139200000 17875.3 0.239784 2999.86 0.99951
139300000 17875.3 -0.302039 2999.95 0.999401
139400000 17875.3 -0.141912 2999.92 0.999384
139500000 17875.3 -0.0238343 2999.9 0.99939
139600000 17875.3 -0.187803 2999.93 0.999442
139700000 17875.3 -0.198511 2999.93 0.999381
139800000 17875.3 -0.207411 2999.93 0.999377
139900000 17875.3 0.0103073 2999.9 0.999475
140000000 17875.3 -0.129939 2999.92 0.999378
140100000 17875.3 -0.173483 2999.93 0.999453
140200000 17875.3 5.46006 2998.98 1.0006
140300000 17875.3 -0.226686 2999.94 0.999365
140400000 17875.3 -0.156379 2999.92 0.999393
140500000 17875.3 0.44695 2999.82 0.999663
140600000 17875.3 -0.13913 2999.92 0.999405
140700000 17875.3 -0.221417 2999.94 0.99938
140800000 17875.3 -0.135642 2999.92 0.999393
140900000 17875.3 -0.255562 2999.94 0.999367
141000000 17875.3 -0.219764 2999.93 0.999394
141100000 17875.3 -0.352599 2999.96 0.999378
141200000 17875.3 -0.146489 2999.92 0.999385
141300000 17875.3 -0.178182 2999.93 0.999378
141400000 17875.3 0.527776 2999.81 0.999618
141500000 17875.3 0.245067 2999.86 0.999575
141600000 17875.3 -0.165582 2999.93 0.999384
141700000 17875.3 0.99728 2999.73 0.999754
141800000 17875.3 -0.265573 2999.94 0.99937
141900000 17875.3 -0.164366 2999.93 0.999401
142000000 17875.3 -0.177467 2999.93 0.999378
142100000 17875.3 -0.0759411 2999.91 0.999381
142200000 17875.3 -0.427866 2999.97 0.999442
142300000 17875.3 -0.0849078 2999.91 0.999396
142400000 17875.3 -0.224697 2999.94 0.999377
142500000 17875.3 -0.153641 2999.92 0.999385
142600000 17875.3 -0.131705 2999.92 0.999388
142700000 17875.3 -0.160561 2999.93 0.999371
142800000 17875.3 0.185765 2999.87 0.999531
142900000 17875.3 0.301545 2999.85 0.999646
143000000 17875.3 -0.173167 2999.93 0.999373
143100000 17875.3 0.191242 2999.87 0.999636
143200000 17875.3 0.340572 2999.84 0.999551
143300000 17875.3 0.327075 2999.84 0.999628
143400000 17875.3 0.0135434 2999.9 0.999444
143500000 17875.3 3.48063 2999.31 1.00024
143600000 17875.3 -0.1186 2999.92 0.99938
143700000 17875.3 -0.282466 2999.95 0.999398
143800000 17875.3 -0.108452 2999.92 0.999478
143900000 17875.3 0.113347 2999.88 0.999475
144000000 17875.3 -0.0889923 2999.91 0.999435
144100000 17875.3 -0.108638 2999.92 0.999387
144200000 17875.3 -0.0506138 2999.91 0.99956
144300000 17875.3 -0.115306 2999.92 0.999492
144400000 17875.3 0.0231901 2999.89 0.999486
144500000 17875.3 -0.0761244 2999.91 0.999384
144600000 17875.3 0.599487 2999.8 0.999684
144700000 17875.3 0.0336968 2999.89 0.999446
144800000 17875.3 -0.298672 2999.95 0.999413
144900000 17875.3 0.454277 2999.82 0.999604
145000000 17875.3 -0.272898 2999.94 0.999439
145100000 17875.3 -0.209656 2999.93 0.999417
145200000 17875.3 -0.217145 2999.93 0.999392
145300000 17875.3 -0.282816 2999.95 0.999413
145400000 17875.3 -0.187254 2999.93 0.999385
145500000 17875.3 0.223258 2999.86 0.999556
145600000 17875.3 -0.142287 2999.92 0.999388
145700000 17875.3 1.44926 2999.65 0.999875
145800000 17875.3 -0.184891 2999.93 0.999373
145900000 17875.3 -0.221233 2999.94 0.99943
146000000 17875.3 -0.269697 2999.94 0.999408
146100000 17875.3 -0.34739 2999.96 0.99941
146200000 17875.3 -0.191824 2999.93 0.999473
146300000 17875.3 -0.0926753 2999.91 0.999421
146400000 17875.3 1.3232 2999.68 0.999945
146500000 17875.3 -0.27372 2999.94 0.999387
146600000 17875.3 -0.108585 2999.92 0.999378
146700000 17875.3 -0.165196 2999.93 0.999421
146800000 17875.3 -0.291846 2999.95 0.999403
146900000 17875.3 1.32923 2999.67 0.999845
147000000 17875.3 -0.171221 2999.93 0.999375
147100000 17875.3 -0.362378 2999.96 0.999399
147200000 17875.3 0.565252 2999.8 0.999596
147300000 17875.3 -0.174002 2999.93 0.999375
147400000 17875.3 -0.187104 2999.93 0.999407
147500000 17875.3 -0.1378 2999.92 0.999478
147600000 17875.3 -0.228816 2999.94 0.999364
147700000 17875.3 -0.00890794 2999.9 0.999446
147800000 17875.3 -0.0442198 2999.91 0.999386
147900000 17875.3 -0.147955 2999.92 0.999403
148000000 17875.3 -0.159486 2999.92 0.999402
148100000 17875.3 -0.337341 2999.95 0.99946
148200000 17875.3 0.129367 2999.88 0.999483
148300000 17875.3 -0.155231 2999.92 0.999394
148400000 17875.3 -0.140745 2999.92 0.999449
148500000 17875.3 0.608197 2999.8 0.9997
148600000 17875.3 0.312822 2999.85 0.999645
148700000 17875.3 -0.279573 2999.95 0.999387
148800000 17875.3 -0.124952 2999.92 0.999481
148900000 17875.3 -0.21095 2999.93 0.999445
149000000 17875.3 -0.13346 2999.92 0.999452
149100000 17875.3 -0.149244 2999.92 0.999431
149200000 17875.3 -0.14961 2999.92 0.999377
149300000 17875.3 1.37635 2999.67 0.999829
149400000 17875.3 -0.210757 2999.93 0.999521
149500000 17875.3 -0.161872 2999.93 0.999395
149600000 17875.3 -0.12118 2999.92 0.999443
149700000 17875.3 0.573451 2999.8 0.999618
149800000 17875.3 0.344607 2999.84 0.999538
149900000 17875.3 -0.158827 2999.92 0.999386
150000000 17875.3 -0.0706409 2999.91 0.999387
150100000 17875.3 -0.10323 2999.92 0.999411
150200000 17875.3 0.128999 2999.88 0.999513
150300000 17875.3 -0.137045 2999.92 0.999417
150400000 17875.3 -0.266224 2999.94 0.999399
150500000 17875.3 -0.0662226 2999.91 0.999444
150600000 17875.3 -0.0562376 2999.91 0.999467
150700000 17875.3 -0.172223 2999.93 0.999419
150800000 17875.3 -0.217414 2999.93 0.999464
150900000 17875.3 -0.244006 2999.94 0.999373
151000000 17875.3 -0.21556 2999.93 0.999372
151100000 17875.3 -0.101068 2999.92 0.999383
151200000 17875.3 -0.0493814 2999.91 0.999426
151300000 17875.3 -0.0910674 2999.91 0.99938
151400000 17875.3 -0.265206 2999.94 0.999419
151500000 17875.3 -0.149182 2999.92 0.999376
151600000 17875.3 -0.0827445 2999.91 0.999386
151700000 17875.3 -0.0359037 2999.9 0.999531
151800000 17875.3 3.26085 2999.35 1.00011
151900000 17875.3 0.143452 2999.87 0.999507
152000000 17875.3 -0.161161 2999.93 0.999402
152100000 17875.3 -0.103762 2999.92 0.999491
152200000 17875.3 -0.303659 2999.95 0.99941
152300000 17875.3 -0.0559078 2999.91 0.999469
152400000 17875.3 -0.102877 2999.92 0.999379
152500000 17875.3 -0.255794 2999.94 0.999401
152600000 17875.3 -0.184699 2999.93 0.999399
152700000 17875.3 -0.130831 2999.92 0.999385
152800000 17875.3 -0.142648 2999.92 0.999397
152900000 17875.3 -0.317089 2999.95 0.999392
153000000 17875.3 -0.116735 2999.92 0.99943
153100000 17875.3 2.0275 2999.56 0.999926
153200000 17875.3 -0.216822 2999.93 0.999448
153300000 17875.3 0.10783 2999.88 0.999565
153400000 17875.3 -0.11258 2999.92 0.999459
153500000 17875.3 -0.129592 2999.92 0.999521
153600000 17875.3 -0.0675343 2999.91 0.99949
153700000 17875.3 -0.0751356 2999.91 0.999462
153800000 17875.3 0.258312 2999.85 0.999594
153900000 17875.3 -0.176361 2999.93 0.999378
154000000 17875.3 0.471885 2999.82 0.999635
154100000 17875.3 0.992324 2999.73 0.999687
154200000 17875.3 -0.058457 2999.91 0.999478
154300000 17875.3 0.21116 2999.86 0.999587
154400000 17875.3 0.149545 2999.87 0.999511
154500000 17875.3 -0.216294 2999.93 0.99937
154600000 17875.3 -0.060202 2999.91 0.999485
154700000 17875.3 -0.0690007 2999.91 0.999425
154800000 17875.3 1.43577 2999.66 0.999767
154900000 17875.3 -0.0480091 2999.91 0.999474
155000000 17875.3 -0.18866 2999.93 0.999414
155100000 17875.3 -0.328868 2999.95 0.999368
155200000 17875.3 -0.101608 2999.92 0.999431
155300000 17875.3 -0.163642 2999.93 0.999421
155400000 17875.3 0.839796 2999.76 0.999656
155500000 17875.3 -0.108906 2999.92 0.999405
155600000 17875.3 1.91742 2999.58 0.999929
155700000 17875.3 -0.106075 2999.92 0.999379
155800000 17875.3 0.254926 2999.86 0.999536
155900000 17875.3 -0.128853 2999.92 0.999382
156000000 17875.3 1.85985 2999.59 0.999906
156100000 17875.3 0.558046 2999.8 0.999682
156200000 17875.3 -0.155513 2999.92 0.999458
156300000 17875.3 0.876229 2999.75 0.999715
156400000 17875.3 0.28603 2999.85 0.999543
156500000 17875.3 -0.0388681 2999.9 0.999457
156600000 17875.3 -0.271333 2999.94 0.999385
156700000 17875.3 -0.23558 2999.94 0.999405
156800000 17875.3 -0.112414 2999.92 0.99938
156900000 17875.3 -0.268364 2999.94 0.999405
157000000 17875.3 -0.138108 2999.92 0.999387
157100000 17875.3 0.254531 2999.86 0.999565
157200000 17875.3 3.79137 2999.26 1.0004
157300000 17875.3 -0.0276194 2999.9 0.999466
157400000 17875.3 1.53142 2999.64 1
157500000 17875.3 -0.224797 2999.94 0.999386
157600000 17875.3 1.55155 2999.64 0.999888
157700000 17875.3 -0.107295 2999.92 0.999384
157800000 17875.3 0.718735 2999.78 0.999659
157900000 17875.3 0.380225 2999.83 0.999546
158000000 17875.3 0.322732 2999.84 0.999571
158100000 17875.3 -0.134163 2999.92 0.99944
158200000 17875.3 -0.200682 2999.93 0.999378
158300000 17875.3 -0.162432 2999.93 0.999429
158400000 17875.3 0.0370282 2999.89 0.999535
158500000 17875.3 -0.226992 2999.94 0.999385
158600000 17875.3 -0.0716874 2999.91 0.999441
158700000 17875.3 1.81927 2999.59 1.00002
158800000 17875.3 0.00348659 2999.9 0.99947
158900000 17875.3 -0.173043 2999.93 0.999372
159000000 17875.3 -0.14887 2999.92 0.999373
159100000 17875.3 -0.207848 2999.93 0.999395
159200000 17875.3 -0.19737 2999.93 0.999404
159300000 17875.3 -0.0966512 2999.91 0.999394
159400000 17875.3 -0.0957336 2999.91 0.999379
159500000 17875.3 -0.220994 2999.94 0.999424
159600000 17875.3 -0.184924 2999.93 0.999465
159700000 17875.3 -0.0910218 2999.91 0.999396
159800000 17875.3 -0.250762 2999.94 0.999389
159900000 17875.3 0.149713 2999.87 0.99948
160000000 17875.3 -0.276465 2999.94 0.999399
160100000 17875.3 -0.192999 2999.93 0.999474
160200000 17875.3 -0.206487 2999.93 0.999394
160300000 17875.3 -0.33693 2999.95 0.999387
160400000 17875.3 0.36163 2999.84 0.999598
160500000 17875.3 0.389097 2999.83 0.999551
160600000 17875.3 -0.228837 2999.94 0.999371
160700000 17875.3 -0.345104 2999.96 0.999381
160800000 17875.3 1.38135 2999.67 0.999836
160900000 17875.3 -0.261236 2999.94 0.999369
161000000 17875.3 -0.121031 2999.92 0.99939
161100000 17875.3 -0.25226 2999.94 0.999474
161200000 17875.3 0.632424 2999.79 0.999687
161300000 17875.3 -0.206883 2999.93 0.999397
161400000 17875.3 0.432249 2999.83 0.999564
161500000 17875.3 0.408993 2999.83 0.999632
161600000 17875.3 -0.124239 2999.92 0.999496
161700000 17875.3 -0.204307 2999.93 0.999421
161800000 17875.3 0.588043 2999.8 0.999599
161900000 17875.3 0.00169864 2999.9 0.999518
162000000 17875.3 -0.149826 2999.92 0.999453
162100000 17875.3 0.0649122 2999.89 0.99949
162200000 17875.3 -0.369516 2999.96 0.999384
162300000 17875.3 -0.149932 2999.92 0.999441
162400000 17875.3 -0.135742 2999.92 0.999387
162500000 17875.3 -0.200815 2999.93 0.999391
162600000 17875.3 0.752233 2999.77 0.999627
162700000 17875.3 -0.178983 2999.93 0.999383
162800000 17875.3 -0.117386 2999.92 0.999386
162900000 17875.3 0.0980744 2999.88 0.999566
163000000 17875.3 -0.160571 2999.93 0.999376
163100000 17875.3 -0.185919 2999.93 0.999418
163200000 17875.3 -0.0929578 2999.91 0.999384
163300000 17875.3 -0.106074 2999.92 0.999422
163400000 17875.3 1.78549 2999.6 0.999929
163500000 17875.3 0.394369 2999.83 0.999547
163600000 17875.3 -0.207501 2999.93 0.999371
163700000 17875.3 2.26016 2999.52 0.999997
163800000 17875.3 0.32836 2999.84 0.999678
163900000 17875.3 -0.129289 2999.92 0.999501
164000000 17875.3 -0.18049 2999.93 0.999379
164100000 17875.3 -0.148218 2999.92 0.999381
164200000 17875.3 -0.254718 2999.94 0.999387
164300000 17875.3 0.0368285 2999.89 0.999462
164400000 17875.3 -0.319214 2999.95 0.99941
164500000 17875.3 -0.297501 2999.95 0.999387
164600000 17875.3 2.35518 2999.5 0.999956
164700000 17875.3 0.0235727 2999.89 0.999503
164800000 17875.3 0.0792845 2999.88 0.999469
164900000 17875.3 -0.269519 2999.94 0.999388
165000000 17875.3 1.02972 2999.73 0.999737
165100000 17875.3 -0.183017 2999.93 0.9994
165200000 17875.3 -0.164487 2999.93 0.999377
165300000 17875.3 -0.207839 2999.93 0.999372
165400000 17875.3 -0.190374 2999.93 0.999381
165500000 17875.3 -0.199246 2999.93 0.999377
165600000 17875.3 0.0180468 2999.9 0.999461
165700000 17875.3 0.309511 2999.85 0.99956
165800000 17875.3 -0.286516 2999.95 0.999397
165900000 17875.3 -0.178959 2999.93 0.999381
166000000 17875.3 0.108136 2999.88 0.999516
166100000 17875.3 -0.240257 2999.94 0.999376
166200000 17875.3 -0.132356 2999.92 0.999377
166300000 17875.3 1.0259 2999.73 0.999743
166400000 17875.3 -0.219673 2999.93 0.999424
166500000 17875.3 -0.163142 2999.93 0.999393
166600000 17875.3 0.989243 2999.73 0.999744
166700000 17875.3 -0.25786 2999.94 0.999452
166800000 17875.3 0.0110357 2999.9 0.999493
166900000 17875.3 -0.249994 2999.94 0.999402
167000000 17875.3 -0.23747 2999.94 0.999385
167100000 17875.3 -0.194006 2999.93 0.999413
167200000 17875.3 -0.0670596 2999.91 0.999429
167300000 17875.3 -0.179694 2999.93 0.999422
167400000 17875.3 -0.106136 2999.92 0.999471
167500000 17875.3 0.229915 2999.86 0.999576
167600000 17875.3 0.266201 2999.85 0.99961
167700000 17875.3 -0.175666 2999.93 0.999379
167800000 17875.3 0.590879 2999.8 0.9997
167900000 17875.3 -0.178974 2999.93 0.999408
168000000 17875.3 -0.256304 2999.94 0.999385
168100000 17875.3 -0.261217 2999.94 0.999401
168200000 17875.3 -0.271195 2999.94 0.999386
168300000 17875.3 -0.162892 2999.93 0.999397
168400000 17875.3 -0.14268 2999.92 0.999434
168500000 17875.3 -0.055603 2999.91 0.999526
168600000 17875.3 -0.175791 2999.93 0.999432
168700000 17875.3 -0.248336 2999.94 0.999412
168800000 17875.3 0.400745 2999.83 0.999628
168900000 17875.3 1.56383 2999.64 0.999857
169000000 17875.3 -0.140424 2999.92 0.999442
169100000 17875.3 -0.190828 2999.93 0.999438
169200000 17875.3 -0.285424 2999.95 0.99941
169300000 17875.3 -0.187318 2999.93 0.999419
169400000 17875.3 -0.21781 2999.93 0.999429
169500000 17875.3 0.136929 2999.88 0.999632
169600000 17875.3 0.335112 2999.84 0.999605
169700000 17875.3 -0.0332141 2999.9 0.99948
169800000 17875.3 -0.0883899 2999.91 0.999433
169900000 17875.3 -0.0606512 2999.91 0.999436
170000000 17875.3 -0.321281 2999.95 0.999391
170100000 17875.3 0.093207 2999.88 0.999495
170200000 17875.3 -0.201427 2999.93 0.999394
170300000 17875.3 -0.24882 2999.94 0.999378
170400000 17875.3 -0.117844 2999.92 0.999447
170500000 17875.3 -0.152421 2999.92 0.999481
170600000 17875.3 0.824816 2999.76 0.999759
170700000 17875.3 0.16785 2999.87 0.999526
170800000 17875.3 -0.28687 2999.95 0.999391
170900000 17875.3 -0.0452816 2999.91 0.999457
171000000 17875.3 -0.226146 2999.94 0.99942
171100000 17875.3 -0.205137 2999.93 0.9994
171200000 17875.3 -0.145932 2999.92 0.99938
171300000 17875.3 0.11764 2999.88 0.999538
171400000 17875.3 2.52967 2999.47 1.00019
171500000 17875.3 -0.102316 2999.92 0.999392
171600000 17875.3 -0.435595 2999.97 0.999378
171700000 17875.3 -0.0884557 2999.91 0.999515
171800000 17875.3 -0.247266 2999.94 0.999367
171900000 17875.3 1.03256 2999.72 0.999719
172000000 17875.3 -0.0935477 2999.91 0.999404
172100000 17875.3 -0.0229619 2999.9 0.999446
172200000 17875.3 -0.362765 2999.96 0.99936
172300000 17875.3 0.00360722 2999.9 0.999456
172400000 17875.3 -0.229759 2999.94 0.999484
172500000 17875.3 0.147185 2999.87 0.999496
172600000 17875.3 -0.1323 2999.92 0.999392
172700000 17875.3 -0.110962 2999.92 0.9994
172800000 17875.3 -0.158081 2999.92 0.999376
172900000 17875.3 0.165006 2999.87 0.999575
173000000 17875.3 -0.254793 2999.94 0.999394
173100000 17875.3 -0.248394 2999.94 0.999376
173200000 17875.3 -0.140461 2999.92 0.999375
173300000 17875.3 -0.0708871 2999.91 0.999382
173400000 17875.3 -0.267744 2999.94 0.99938
173500000 17875.3 -0.178685 2999.93 0.99951
173600000 17875.3 -0.22324 2999.94 0.999389
173700000 17875.3 -0.159534 2999.92 0.999442
173800000 17875.3 -0.130188 2999.92 0.999411
173900000 17875.3 -0.305932 2999.95 0.999369
174000000 17875.3 0.825262 2999.76 0.999743
174100000 17875.3 -0.260852 2999.94 0.999407
174200000 17875.3 -0.259034 2999.94 0.999365
174300000 17875.3 0.262373 2999.85 0.99953
174400000 17875.3 0.489878 2999.82 0.999593
174500000 17875.3 -0.187014 2999.93 0.999374
174600000 17875.3 -0.11106 2999.92 0.999437
174700000 17875.3 -0.226763 2999.94 0.999384
174800000 17875.3 -0.174868 2999.93 0.999388
174900000 17875.3 0.598911 2999.8 0.999675
175000000 17875.3 -0.0994654 2999.91 0.999453
175100000 17875.3 -0.117819 2999.92 0.999397
175200000 17875.3 0.0965187 2999.88 0.999489
175300000 17875.3 -0.103718 2999.92 0.999402
175400000 17875.3 0.0852552 2999.88 0.99948
175500000 17875.3 0.282631 2999.85 0.999517
175600000 17875.3 -0.130942 2999.92 0.999387
175700000 17875.3 0.710124 2999.78 0.999635
175800000 17875.3 0.946447 2999.74 0.999713
175900000 17875.3 -0.129425 2999.92 0.999418
176000000 17875.3 -0.00301706 2999.9 0.999486
176100000 17875.3 0.650122 2999.79 0.999608
176200000 17875.3 0.0063415 2999.9 0.999559
176300000 17875.3 -0.158462 2999.92 0.999483
176400000 17875.3 0.0931344 2999.88 0.99954
176500000 17875.3 -0.100266 2999.91 0.999387
176600000 17875.3 -0.367449 2999.96 0.999516
176700000 17875.3 0.4253 2999.83 0.999602
176800000 17875.3 0.456663 2999.82 0.999587
176900000 17875.3 -0.209351 2999.93 0.999383
177000000 17875.3 -0.111299 2999.92 0.999381
177100000 17875.3 0.137459 2999.88 0.999555
177200000 17875.3 0.0188529 2999.89 0.999454
177300000 17875.3 0.138403 2999.87 0.999543
177400000 17875.3 -0.209089 2999.93 0.999378
177500000 17875.3 -0.0552712 2999.91 0.999482
177600000 17875.3 -0.233213 2999.94 0.999366
177700000 17875.3 -0.157976 2999.92 0.999439
177800000 17875.3 0.644232 2999.79 0.999656
177900000 17875.3 -0.235764 2999.94 0.999369
178000000 17875.3 -0.135062 2999.92 0.999389
178100000 17875.3 -0.249495 2999.94 0.999368
178200000 17875.3 -0.218246 2999.93 0.999395
178300000 17875.3 0.672351 2999.79 0.999638
178400000 17875.3 -0.141693 2999.92 0.999441
178500000 17875.3 -0.226609 2999.94 0.999374
178600000 17875.3 -0.132408 2999.92 0.999462
178700000 17875.3 -0.304593 2999.95 0.999426
178800000 17875.3 -0.240194 2999.94 0.999426
178900000 17875.3 1.08962 2999.72 0.999711
179000000 17875.3 -0.0802578 2999.91 0.999385
179100000 17875.3 -0.247359 2999.94 0.999383
179200000 17875.3 -0.16057 2999.93 0.999411
179300000 17875.3 0.145666 2999.87 0.999509
179400000 17875.3 0.0745538 2999.89 0.999501
179500000 17875.3 -0.0323946 2999.9 0.999439
179600000 17875.3 -0.166962 2999.93 0.999438
179700000 17875.3 0.708385 2999.78 0.999674
179800000 17875.3 0.336257 2999.84 0.9996
179900000 17875.3 -0.122732 2999.92 0.999443
180000000 17875.3 0.0787536 2999.88 0.999564
180100000 17875.3 -0.38481 2999.96 0.999386
180200000 17875.3 -0.114291 2999.92 0.99938
180300000 17875.3 -0.0212492 2999.9 0.999543
180400000 17875.3 -0.102948 2999.92 0.999379
180500000 17875.3 -0.113722 2999.92 0.999402
180600000 17875.3 -0.139042 2999.92 0.999418
180700000 17875.3 0.119238 2999.88 0.999508
180800000 17875.3 -0.220371 2999.94 0.999392
180900000 17875.3 -0.206524 2999.93 0.999564
181000000 17875.3 0.918304 2999.74 0.999662
181100000 17875.3 0.0665996 2999.89 0.999571
181200000 17875.3 0.283987 2999.85 0.999637
181300000 17875.3 -0.0880123 2999.91 0.9994
181400000 17875.3 1.238 2999.69 0.99986
181500000 17875.3 -0.0160207 2999.9 0.999503
181600000 17875.3 0.377804 2999.83 0.999611
181700000 17875.3 -0.279137 2999.94 0.999383
181800000 17875.3 0.023425 2999.89 0.999459
181900000 17875.3 -0.143354 2999.92 0.999475
182000000 17875.3 -0.191557 2999.93 0.999378
182100000 17875.3 -0.0695113 2999.91 0.999447
182200000 17875.3 -0.186248 2999.93 0.999445
182300000 17875.3 1.24375 2999.69 0.999737
182400000 17875.3 -0.130218 2999.92 0.99939
182500000 17875.3 1.14072 2999.71 0.999717
182600000 17875.3 -0.188005 2999.93 0.999408
182700000 17875.3 -0.00553758 2999.9 0.999476
182800000 17875.3 -0.0945875 2999.91 0.999488
182900000 17875.3 -0.157325 2999.92 0.999388
183000000 17875.3 -0.162497 2999.93 0.999418
183100000 17875.3 0.264392 2999.85 0.999574
183200000 17875.3 0.0148286 2999.9 0.999497
183300000 17875.3 -0.160683 2999.93 0.999463
183400000 17875.3 -0.102951 2999.92 0.999452
183500000 17875.3 0.595422 2999.8 0.999639
183600000 17875.3 -0.143556 2999.92 0.999454
183700000 17875.3 0.045387 2999.89 0.99947
183800000 17875.3 -0.220631 2999.94 0.999468
183900000 17875.3 2.04039 2999.56 1.00001
184000000 17875.3 -0.117927 2999.92 0.999519
184100000 17875.3 -0.103242 2999.92 0.999386
184200000 17875.3 -0.223959 2999.94 0.999415
184300000 17875.3 -0.0616452 2999.91 0.999508
184400000 17875.3 0.392345 2999.83 0.999598
184500000 17875.3 -0.308215 2999.95 0.999403
184600000 17875.3 -0.230438 2999.94 0.999438
184700000 17875.3 0.373237 2999.84 0.999582
184800000 17875.3 -0.0894414 2999.91 0.999479
184900000 17875.3 0.663754 2999.79 0.999615
185000000 17875.3 -0.170107 2999.93 0.99938
185100000 17875.3 1.07615 2999.72 0.999751
185200000 17875.3 -0.0893843 2999.91 0.999382
185300000 17875.3 -0.166331 2999.93 0.999375
185400000 17875.3 0.511235 2999.81 0.999721
185500000 17875.3 -0.166192 2999.93 0.999402
185600000 17875.3 0.320083 2999.84 0.999562
185700000 17875.3 -0.311987 2999.95 0.999403
185800000 17875.3 0.790661 2999.77 0.999698
185900000 17875.3 0.0242659 2999.89 0.999504
186000000 17875.3 0.0946346 2999.88 0.999535
186100000 17875.3 -0.162664 2999.93 0.999406
186200000 17875.3 -0.173538 2999.93 0.999428
186300000 17875.3 -0.202072 2999.93 0.999427
186400000 17875.3 0.248387 2999.86 0.999518
186500000 17875.3 0.222198 2999.86 0.999519
186600000 17875.3 -0.104876 2999.92 0.999384
186700000 17875.3 0.131924 2999.88 0.999549
186800000 17875.3 -0.380659 2999.96 0.999413
186900000 17875.3 -0.216625 2999.93 0.999397
187000000 17875.3 -0.233988 2999.94 0.999423
187100000 17875.3 0.00673268 2999.9 0.999479
187200000 17875.3 -0.0830001 2999.91 0.999382
187300000 17875.3 -0.0857264 2999.91 0.999423
187400000 17875.3 -0.121068 2999.92 0.999393
187500000 17875.3 0.123355 2999.88 0.999531
187600000 17875.3 -0.205801 2999.93 0.999392
187700000 17875.3 0.0327919 2999.89 0.999551
187800000 17875.3 0.123063 2999.88 0.999569
187900000 17875.3 -0.211143 2999.93 0.999373
188000000 17875.3 -0.193874 2999.93 0.999391
188100000 17875.3 0.0273772 2999.89 0.999556
188200000 17875.3 -0.0776764 2999.91 0.999382
188300000 17875.3 1.18575 2999.7 0.99985
188400000 17875.3 -0.177376 2999.93 0.999374
188500000 17875.3 -0.211846 2999.93 0.999389
188600000 17875.3 0.599062 2999.8 0.999641
188700000 17875.3 -0.156287 2999.92 0.999453
188800000 17875.3 -0.361894 2999.96 0.999364
188900000 17875.3 0.603492 2999.8 0.99963
189000000 17875.3 -0.204671 2999.93 0.999395
189100000 17875.3 0.532778 2999.81 0.999631
189200000 17875.3 -0.0282402 2999.9 0.999495
189300000 17875.3 -0.114774 2999.92 0.999385
189400000 17875.3 -0.175056 2999.93 0.99938
189500000 17875.3 -0.232104 2999.94 0.999381
189600000 17875.3 0.160636 2999.87 0.999532
189700000 17875.3 0.146457 2999.87 0.999529
189800000 17875.3 -0.0131146 2999.9 0.999496
189900000 17875.3 -0.0847994 2999.91 0.999384
190000000 17875.3 -0.189575 2999.93 0.999377
190100000 17875.3 -0.28876 2999.95 0.999378
190200000 17875.3 1.28812 2999.68 0.999759
190300000 17875.3 -0.0890447 2999.91 0.999531
190400000 17875.3 0.635704 2999.79 0.999692
190500000 17875.3 0.197126 2999.87 0.999641
190600000 17875.3 -0.176131 2999.93 0.999373
190700000 17875.3 0.189741 2999.87 0.99955
190800000 17875.3 -0.126724 2999.92 0.999445
190900000 17875.3 -0.0223779 2999.9 0.999597
191000000 17875.3 -0.146359 2999.92 0.999381
191100000 17875.3 -0.203792 2999.93 0.999404
191200000 17875.3 -0.168979 2999.93 0.99938
191300000 17875.3 0.0358024 2999.89 0.999475
191400000 17875.3 -0.14988 2999.92 0.999383
191500000 17875.3 -0.191649 2999.93 0.999376
191600000 17875.3 -0.20225 2999.93 0.999379
191700000 17875.3 -0.243925 2999.94 0.999381
191800000 17875.3 -0.234563 2999.94 0.999378
191900000 17875.3 0.380857 2999.83 0.999613
192000000 17875.3 1.22957 2999.69 0.999748
192100000 17875.3 -0.276318 2999.94 0.999394
192200000 17875.3 0.368586 2999.84 0.999639
192300000 17875.3 2.37652 2999.5 0.999945
192400000 17875.3 -0.184129 2999.93 0.999425
192500000 17875.3 -0.176235 2999.93 0.999428
192600000 17875.3 -0.212337 2999.93 0.99944
192700000 17875.3 -0.23465 2999.94 0.999384
192800000 17875.3 -0.134976 2999.92 0.999379
192900000 17875.3 -0.138343 2999.92 0.999395
193000000 17875.3 -0.239531 2999.94 0.999372
193100000 17875.3 -0.0598318 2999.91 0.999384
193200000 17875.3 0.147743 2999.87 0.99949
193300000 17875.3 -0.0604646 2999.91 0.999478
193400000 17875.3 -0.251511 2999.94 0.999392
193500000 17875.3 0.429208 2999.83 0.999571
193600000 17875.3 -0.055858 2999.91 0.999465
193700000 17875.3 -0.162056 2999.93 0.99947
193800000 17875.3 -0.153078 2999.92 0.99945
193900000 17875.3 -0.254994 2999.94 0.999413
194000000 17875.3 -0.135332 2999.92 0.999426
194100000 17875.3 -0.0146031 2999.9 0.999465
194200000 17875.3 0.0356279 2999.89 0.999515
194300000 17875.3 -0.0239618 2999.9 0.99939
194400000 17875.3 0.452305 2999.82 0.999565
194500000 17875.3 0.473828 2999.82 0.999589
194600000 17875.3 0.0353885 2999.89 0.99948
194700000 17875.3 -0.150631 2999.92 0.999424
194800000 17875.3 -0.291598 2999.95 0.999369
194900000 17875.3 0.0926051 2999.88 0.999506
195000000 17875.3 -0.0368016 2999.9 0.999484
195100000 17875.3 0.351322 2999.84 0.999622
195200000 17875.3 -0.15343 2999.92 0.999455
195300000 17875.3 -0.17319 2999.93 0.999391
195400000 17875.3 -0.227988 2999.94 0.99946
195500000 17875.3 -0.201111 2999.93 0.999367
195600000 17875.3 -0.0933376 2999.91 0.999384
195700000 17875.3 -0.328878 2999.95 0.99938
195800000 17875.3 0.555456 2999.8 0.999666
195900000 17875.3 1.29396 2999.68 0.999919
196000000 17875.3 -0.126452 2999.92 0.999408
196100000 17875.3 -0.161311 2999.93 0.999382
196200000 17875.3 -0.139764 2999.92 0.999392
196300000 17875.3 3.33908 2999.34 1.00029
196400000 17875.3 -0.29815 2999.95 0.999404
196500000 17875.3 -0.318234 2999.95 0.999413
196600000 17875.3 -0.172888 2999.93 0.999379
196700000 17875.3 -0.180658 2999.93 0.999396
196800000 17875.3 -0.010419 2999.9 0.999457
196900000 17875.3 -0.0231457 2999.9 0.999503
197000000 17875.3 -0.0831217 2999.91 0.999406
197100000 17875.3 -0.153161 2999.92 0.999374
197200000 17875.3 0.0460829 2999.89 0.999457
197300000 17875.3 -0.0742674 2999.91 0.999383
197400000 17875.3 1.62456 2999.63 0.999912
197500000 17875.3 -0.133152 2999.92 0.999387
197600000 17875.3 1.17759 2999.7 0.999729
197700000 17875.3 -0.207672 2999.93 0.999417
197800000 17875.3 -0.158334 2999.92 0.999426
197900000 17875.3 -0.138407 2999.92 0.999378
198000000 17875.3 0.17104 2999.87 0.999608
198100000 17875.3 -0.173237 2999.93 0.999414
198200000 17875.3 0.223837 2999.86 0.999542
198300000 17875.3 1.3034 2999.68 0.99977
198400000 17875.3 -0.038709 2999.9 0.999498
198500000 17875.3 0.833626 2999.76 0.999712
198600000 17875.3 -0.287553 2999.95 0.999377
198700000 17875.3 -0.0783878 2999.91 0.999387
198800000 17875.3 0.565178 2999.8 0.999666
198900000 17875.3 -0.0802291 2999.91 0.999382
199000000 17875.3 -0.0500216 2999.91 0.999473
199100000 17875.3 -0.260511 2999.94 0.999481
199200000 17875.3 0.338507 2999.84 0.999567
199300000 17875.3 1.57045 2999.63 0.999919
199400000 17875.3 -0.174047 2999.93 0.999456
199500000 17875.3 0.610527 2999.8 0.99969
199600000 17875.3 0.090637 2999.88 0.999492
199700000 17875.3 0.0189789 2999.89 0.999501
199800000 17875.3 -0.168139 2999.93 0.999383
199900000 17875.3 -0.0913883 2999.91 0.999389
200000000 17875.3 0.304165 2999.85 0.9996
200100000 17875.3 -0.149911 2999.92 0.999433
200200000 17875.3 -0.177287 2999.93 0.99938
200300000 17875.3 -0.29941 2999.95 0.999389
200400000 17875.3 -0.210426 2999.93 0.999415
200500000 17875.3 0.703205 2999.78 0.999624
200600000 17875.3 -0.250893 2999.94 0.999411
200700000 17875.3 -0.178381 2999.93 0.999488
200800000 17875.3 0.0415674 2999.89 0.999462
200900000 17875.3 -0.0188822 2999.9 0.999557
201000000 17875.3 -0.184411 2999.93 0.99942
201100000 17875.3 -0.184697 2999.93 0.999401
201200000 17875.3 -0.0872612 2999.91 0.999413
201300000 17875.3 -0.215148 2999.93 0.999418
201400000 17875.3 -0.287508 2999.95 0.999371
201500000 17875.3 -0.230577 2999.94 0.999396
201600000 17875.3 -0.195661 2999.93 0.99938
201700000 17875.3 -0.124868 2999.92 0.999397
201800000 17875.3 0.978813 2999.73 0.999729
201900000 17875.3 -0.191858 2999.93 0.999388
202000000 17875.3 -0.108519 2999.92 0.999379
202100000 17875.3 0.426619 2999.83 0.999558
202200000 17875.3 -0.273509 2999.94 0.999392
202300000 17875.3 -0.192751 2999.93 0.999506
202400000 17875.3 -0.0930945 2999.91 0.999397
202500000 17875.3 0.996744 2999.73 0.999852
202600000 17875.3 0.0743225 2999.89 0.999498
202700000 17875.3 -0.145989 2999.92 0.9994
202800000 17875.3 -0.154572 2999.92 0.999409
202900000 17875.3 -0.302515 2999.95 0.999424
203000000 17875.3 -0.321411 2999.95 0.999393
203100000 17875.3 -0.187186 2999.93 0.999378
203200000 17875.3 -0.300597 2999.95 0.999425
203300000 17875.3 -0.151358 2999.92 0.999401
203400000 17875.3 -0.264533 2999.94 0.99939
203500000 17875.3 -0.213951 2999.93 0.999385
203600000 17875.3 -0.113829 2999.92 0.999399
203700000 17875.3 0.21329 2999.86 0.999531
203800000 17875.3 -0.0808613 2999.91 0.999387
203900000 17875.3 -0.0813532 2999.91 0.999436
204000000 17875.3 -0.231072 2999.94 0.99939
204100000 17875.3 -0.0444015 2999.91 0.999521
204200000 17875.3 -0.0496786 2999.91 0.999443
204300000 17875.3 -0.330405 2999.95 0.999371
204400000 17875.3 -0.160458 2999.93 0.999441
204500000 17875.3 -0.2517 2999.94 0.999374
204600000 17875.3 0.400466 2999.83 0.999548
204700000 17875.3 -0.227201 2999.94 0.999412
204800000 17875.3 0.981984 2999.73 0.999814
204900000 17875.3 0.972957 2999.73 0.999729
205000000 17875.3 -0.175392 2999.93 0.999374
205100000 17875.3 0.518651 2999.81 0.99963
205200000 17875.3 -0.0944415 2999.91 0.99938
205300000 17875.3 1.433 2999.66 0.999802
205400000 17875.3 0.392642 2999.83 0.999603
205500000 17875.3 -0.157988 2999.92 0.999391
205600000 17875.3 -0.02631 2999.9 0.99939
205700000 17875.3 0.778136 2999.77 0.999682
205800000 17875.3 -0.27306 2999.94 0.999371
205900000 17875.3 0.0708608 2999.89 0.999496
206000000 17875.3 -0.166634 2999.93 0.999465
206100000 17875.3 -0.0799791 2999.91 0.999471
206200000 17875.3 -0.212947 2999.93 0.999375
206300000 17875.3 1.40532 2999.66 0.999761
206400000 17875.3 -0.0467414 2999.91 0.999386
206500000 17875.3 0.100628 2999.88 0.999476
206600000 17875.3 -0.122669 2999.92 0.999425
206700000 17875.3 -0.00141881 2999.9 0.999507
206800000 17875.3 -0.202381 2999.93 0.999383
206900000 17875.3 0.0843583 2999.88 0.999539
207000000 17875.3 -0.196256 2999.93 0.999386
207100000 17875.3 0.416488 2999.83 0.999614
207200000 17875.3 -0.200207 2999.93 0.999388
207300000 17875.3 -0.343125 2999.96 0.999394
207400000 17875.3 0.0373302 2999.89 0.999469
207500000 17875.3 -0.103362 2999.92 0.999378
207600000 17875.3 -0.160448 2999.93 0.99938
207700000 17875.3 -0.105066 2999.92 0.999434
207800000 17875.3 -0.195906 2999.93 0.999381
207900000 17875.3 -0.167166 2999.93 0.999394
208000000 17875.3 -0.286678 2999.95 0.999389
208100000 17875.3 0.82022 2999.76 0.999643
208200000 17875.3 0.782495 2999.77 0.999745
208300000 17875.3 -0.127212 2999.92 0.999428
208400000 17875.3 -0.186263 2999.93 0.999448
208500000 17875.3 -0.0504606 2999.91 0.999386
208600000 17875.3 -0.1988 2999.93 0.999407
208700000 17875.3 -0.110475 2999.92 0.999383
208800000 17875.3 -0.024372 2999.9 0.999499
208900000 17875.3 -0.28347 2999.95 0.999406
209000000 17875.3 -0.0964486 2999.91 0.999393
209100000 17875.3 -0.145473 2999.92 0.999397
209200000 17875.3 -0.28895 2999.95 0.999373
209300000 17875.3 -0.169458 2999.93 0.999431
209400000 17875.3 -0.122693 2999.92 0.99942
209500000 17875.3 0.073575 2999.89 0.999513
209600000 17875.3 -0.0481334 2999.91 0.999452
209700000 17875.3 0.044075 2999.89 0.99948
209800000 17875.3 0.842568 2999.76 0.999813
209900000 17875.3 0.940858 2999.74 0.99976
210000000 17875.3 -0.119804 2999.92 0.999384
210100000 17875.3 -0.206868 2999.93 0.999417
210200000 17875.3 -0.191575 2999.93 0.999426
210300000 17875.3 0.0667414 2999.89 0.999536
210400000 17875.3 -0.205802 2999.93 0.999395
210500000 17875.3 -0.0550573 2999.91 0.999463
210600000 17875.3 -0.209904 2999.93 0.999414
210700000 17875.3 -0.173186 2999.93 0.999379
210800000 17875.3 1.12444 2999.71 0.99971
210900000 17875.3 -0.177967 2999.93 0.999426
211000000 17875.3 -0.128708 2999.92 0.999379
211100000 17875.3 0.44249 2999.82 0.99972
211200000 17875.3 -0.217546 2999.93 0.999424
211300000 17875.3 0.44863 2999.82 0.999594
211400000 17875.3 -0.13631 2999.92 0.999399
211500000 17875.3 -0.208667 2999.93 0.999376
211600000 17875.3 -0.140656 2999.92 0.999478
211700000 17875.3 0.10789 2999.88 0.999477
211800000 17875.3 -0.172067 2999.93 0.999371
211900000 17875.3 -0.161214 2999.93 0.999433
212000000 17875.3 -0.21078 2999.93 0.999451
212100000 17875.3 0.871442 2999.75 0.999722
212200000 17875.3 0.118913 2999.88 0.99953
212300000 17875.3 -0.143641 2999.92 0.999376
212400000 17875.3 1.11743 2999.71 0.999723
212500000 17875.3 0.79352 2999.76 0.999652
212600000 17875.3 -0.0306137 2999.9 0.999464
212700000 17875.3 -0.151253 2999.92 0.999453
212800000 17875.3 -0.166372 2999.93 0.999433
212900000 17875.3 -0.133489 2999.92 0.99938
213000000 17875.3 0.498788 2999.81 0.999677
213100000 17875.3 0.00593214 2999.9 0.999509
213200000 17875.3 -0.326078 2999.95 0.999387
213300000 17875.3 -0.109549 2999.92 0.999377
213400000 17875.3 0.402973 2999.83 0.999648
213500000 17875.3 -0.302905 2999.95 0.999368
213600000 17875.3 -0.157804 2999.92 0.9994
213700000 17875.3 -0.308827 2999.95 0.999382
213800000 17875.3 -0.150337 2999.92 0.999372
213900000 17875.3 -0.198265 2999.93 0.999388
214000000 17875.3 -0.0457998 2999.91 0.99942
214100000 17875.3 -0.137653 2999.92 0.999409
214200000 17875.3 0.263941 2999.85 0.999647
214300000 17875.3 -0.24574 2999.94 0.999404
214400000 17875.3 -0.118806 2999.92 0.999381
214500000 17875.3 -0.157211 2999.92 0.999394
214600000 17875.3 1.42713 2999.66 0.999801
214700000 17875.3 -0.224801 2999.94 0.999391
214800000 17875.3 0.312808 2999.85 0.999616
214900000 17875.3 -0.187303 2999.93 0.99938
215000000 17875.3 -0.193192 2999.93 0.99938
215100000 17875.3 -0.109223 2999.92 0.99938
215200000 17875.3 -0.118458 2999.92 0.999417
215300000 17875.3 -0.0407512 2999.9 0.999506
215400000 17875.3 -0.139232 2999.92 0.999401
215500000 17875.3 -0.0381767 2999.9 0.99945
215600000 17875.3 -0.094567 2999.91 0.999381
215700000 17875.3 -0.21142 2999.93 0.999381
215800000 17875.3 -0.0400369 2999.9 0.999491
215900000 17875.3 -0.308257 2999.95 0.999421
216000000 17875.3 -0.237806 2999.94 0.999375
216100000 17875.3 0.0758394 2999.89 0.999497
216200000 17875.3 1.58236 2999.63 0.999993
216300000 17875.3 -0.339548 2999.96 0.999413
216400000 17875.3 -0.216167 2999.93 0.999413
216500000 17875.3 -0.141917 2999.92 0.999377
216600000 17875.3 0.324017 2999.84 0.999651
216700000 17875.3 -0.0588751 2999.91 0.999416
216800000 17875.3 -0.086066 2999.91 0.999466
216900000 17875.3 1.2594 2999.69 0.999834
217000000 17875.3 -0.20664 2999.93 0.99938
217100000 17875.3 -0.0879029 2999.91 0.999484
217200000 17875.3 1.10842 2999.71 0.999702
217300000 17875.3 0.0531492 2999.89 0.999488
217400000 17875.3 -0.263385 2999.94 0.999422
217500000 17875.3 -0.111257 2999.92 0.999447
217600000 17875.3 -0.0977369 2999.91 0.99944
217700000 17875.3 0.14323 2999.87 0.999489
217800000 17875.3 -0.0626401 2999.91 0.999473
217900000 17875.3 -0.0123327 2999.9 0.999522
218000000 17875.3 0.51255 2999.81 0.999663
218100000 17875.3 -0.101876 2999.92 0.999456
218200000 17875.3 -0.263449 2999.94 0.999427
218300000 17875.3 -0.142214 2999.92 0.999384
218400000 17875.3 -0.163397 2999.93 0.999384
218500000 17875.3 -0.181554 2999.93 0.999373
218600000 17875.3 -0.173351 2999.93 0.999392
218700000 17875.3 -0.066045 2999.91 0.999383
218800000 17875.3 -0.217095 2999.93 0.999395
218900000 17875.3 -0.0530047 2999.91 0.999452
219000000 17875.3 0.554125 2999.81 0.999594
219100000 17875.3 -0.112462 2999.92 0.999432
219200000 17875.3 0.519814 2999.81 0.999662
219300000 17875.3 0.159552 2999.87 0.999517
219400000 17875.3 -0.0808074 2999.91 0.999386
219500000 17875.3 -0.264213 2999.94 0.999376
219600000 17875.3 -0.0763715 2999.91 0.999386
219700000 17875.3 -0.0428964 2999.91 0.999482
219800000 17875.3 -0.181314 2999.93 0.999376
219900000 17875.3 0.0527127 2999.89 0.999545
220000000 17875.3 -0.0153061 2999.9 0.999463
220100000 17875.3 -0.206268 2999.93 0.99938
220200000 17875.3 0.310883 2999.85 0.999559
220300000 17875.3 -0.12104 2999.92 0.999462
220400000 17875.3 -0.303463 2999.95 0.999382
220500000 17875.3 0.237064 2999.86 0.999512
220600000 17875.3 -0.391522 2999.96 0.999392
220700000 17875.3 -0.121389 2999.92 0.999453
220800000 17875.3 0.92934 2999.74 0.999667
220900000 17875.3 -0.14754 2999.92 0.999374
221000000 17875.3 1.41474 2999.66 0.999839
221100000 17875.3 -0.166225 2999.93 0.999387
221200000 17875.3 0.0419693 2999.89 0.999547
221300000 17875.3 -0.323957 2999.95 0.99937
221400000 17875.3 0.0924993 2999.88 0.999551
221500000 17875.3 -0.3177 2999.95 0.999382
221600000 17875.3 1.43032 2999.66 0.999911
221700000 17875.3 -0.096828 2999.91 0.999381
221800000 17875.3 -0.182742 2999.93 0.999373
221900000 17875.3 0.00922169 2999.9 0.99949
222000000 17875.3 -0.165767 2999.93 0.999451
222100000 17875.3 0.202906 2999.86 0.999555
222200000 17875.3 0.0200936 2999.89 0.999492
222300000 17875.3 -0.108141 2999.92 0.999379
222400000 17875.3 -0.118813 2999.92 0.999414
222500000 17875.3 -0.288863 2999.95 0.99939
222600000 17875.3 -0.0671707 2999.91 0.999441
222700000 17875.3 -0.279673 2999.95 0.999421
222800000 17875.3 -0.0399157 2999.9 0.999432
222900000 17875.3 -0.268203 2999.94 0.999384
223000000 17875.3 -0.243969 2999.94 0.999434
223100000 17875.3 0.221125 2999.86 0.999569
223200000 17875.3 -0.39597 2999.96 0.999437
223300000 17875.3 -0.134999 2999.92 0.999386
223400000 17875.3 -0.123548 2999.92 0.999388
223500000 17875.3 -0.153287 2999.92 0.999375
223600000 17875.3 -0.317982 2999.95 0.999372
223700000 17875.3 1.13099 2999.71 0.9998
223800000 17875.3 -0.176357 2999.93 0.999388
223900000 17875.3 0.428424 2999.83 0.999628
224000000 17875.3 -0.101833 2999.92 0.999429
224100000 17875.3 0.565066 2999.8 0.999712
224200000 17875.3 0.533776 2999.81 0.999668
224300000 17875.3 -0.129688 2999.92 0.999377
224400000 17875.3 -0.274225 2999.94 0.999394
224500000 17875.3 -0.217424 2999.93 0.999387
224600000 17875.3 0.338702 2999.84 0.999689
224700000 17875.3 -0.218597 2999.93 0.999555
224800000 17875.3 -0.0322445 2999.9 0.999461
224900000 17875.3 -0.317192 2999.95 0.999378
225000000 17875.3 -0.13618 2999.92 0.999391
225100000 17875.3 -0.169756 2999.93 0.999376
225200000 17875.3 -0.192747 2999.93 0.999378
225300000 17875.3 -0.112044 2999.92 0.999429
225400000 17875.3 -0.332033 2999.95 0.999401
225500000 17875.3 -0.242259 2999.94 0.999397
225600000 17875.3 -0.0187659 2999.9 0.999452
225700000 17875.3 0.0104521 2999.9 0.999451
225800000 17875.3 1.4774 2999.65 0.999801
225900000 17875.3 -0.126175 2999.92 0.999379
226000000 17875.3 -0.216117 2999.93 0.999373
226100000 17875.3 0.963645 2999.74 0.999699
226200000 17875.3 -0.122753 2999.92 0.999433
226300000 17875.3 -0.197457 2999.93 0.999378
226400000 17875.3 -0.125694 2999.92 0.999401
226500000 17875.3 -0.217507 2999.93 0.999395
226600000 17875.3 -0.323882 2999.95 0.999397
226700000 17875.3 0.0209842 2999.89 0.999472
226800000 17875.3 -0.154622 2999.92 0.999394
226900000 17875.3 -0.0963313 2999.91 0.999448
227000000 17875.3 -0.218079 2999.93 0.999406
227100000 17875.3 -0.161079 2999.93 0.999377
227200000 17875.3 0.302496 2999.85 0.999595
227300000 17875.3 -0.110034 2999.92 0.99938
227400000 17875.3 0.0883493 2999.88 0.999537
227500000 17875.3 -0.287831 2999.95 0.999392
227600000 17875.3 -0.150186 2999.92 0.999391
227700000 17875.3 -0.141062 2999.92 0.999381
227800000 17875.3 0.231571 2999.86 0.999581
227900000 17875.3 -0.178397 2999.93 0.999375
228000000 17875.3 0.121303 2999.88 0.999484
228100000 17875.3 -0.0928148 2999.91 0.99938
228200000 17875.3 -0.124217 2999.92 0.999382
228300000 17875.3 0.252634 2999.86 0.999623
228400000 17875.3 1.73887 2999.61 0.999952
228500000 17875.3 1.12828 2999.71 0.99979
228600000 17875.3 -0.220615 2999.94 0.999389
228700000 17875.3 -0.156969 2999.92 0.9995
228800000 17875.3 -0.26612 2999.94 0.999436
228900000 17875.3 -0.115626 2999.92 0.999376
229000000 17875.3 -0.15199 2999.92 0.999433
229100000 17875.3 -0.074591 2999.91 0.999439
229200000 17875.3 0.433515 2999.83 0.999632
229300000 17875.3 -0.185874 2999.93 0.999389
229400000 17875.3 -0.142089 2999.92 0.999493
229500000 17875.3 -0.299089 2999.95 0.999422
229600000 17875.3 -0.18975 2999.93 0.999375
229700000 17875.3 -0.263717 2999.94 0.999435
229800000 17875.3 5.08099 2999.05 1.00061
229900000 17875.3 2.22909 2999.52 0.999987
230000000 17875.3 -0.145504 2999.92 0.999451
230100000 17875.3 -0.177685 2999.93 0.999379
230200000 17875.3 -0.199729 2999.93 0.999467
230300000 17875.3 -0.146856 2999.92 0.999396
230400000 17875.3 1.27545 2999.68 0.999732
230500000 17875.3 0.130254 2999.88 0.999516
230600000 17875.3 -0.146387 2999.92 0.999387
230700000 17875.3 0.587591 2999.8 0.999723
230800000 17875.3 0.293838 2999.85 0.999553
230900000 17875.3 0.254051 2999.86 0.99954
231000000 17875.3 -0.0655247 2999.91 0.999467
231100000 17875.3 1.28406 2999.68 0.999759
231200000 17875.3 0.123002 2999.88 0.999483
231300000 17875.3 0.18061 2999.87 0.999521
231400000 17875.3 -0.105163 2999.92 0.999384
231500000 17875.3 0.118421 2999.88 0.999544
231600000 17875.3 -0.0406675 2999.9 0.999452
231700000 17875.3 0.532543 2999.81 0.999633
231800000 17875.3 -0.127213 2999.92 0.999388
231900000 17875.3 -0.0620861 2999.91 0.999387
232000000 17875.3 -0.0767652 2999.91 0.999448
232100000 17875.3 -0.268544 2999.94 0.999421
232200000 17875.3 0.118404 2999.88 0.999551
232300000 17875.3 0.345616 2999.84 0.999632
232400000 17875.3 0.794747 2999.76 0.999722
232500000 17875.3 0.236971 2999.86 0.999578
232600000 17875.3 -0.0523444 2999.91 0.999385
232700000 17875.3 -0.276846 2999.94 0.999391
232800000 17875.3 -0.323498 2999.95 0.999407
232900000 17875.3 -0.127305 2999.92 0.999475
233000000 17875.3 -0.180334 2999.93 0.999416
233100000 17875.3 -0.130974 2999.92 0.999488
233200000 17875.3 0.102201 2999.88 0.999481
233300000 17875.3 0.125939 2999.88 0.999583
233400000 17875.3 -0.0729491 2999.91 0.999419
233500000 17875.3 -0.265293 2999.94 0.999385
233600000 17875.3 -0.127563 2999.92 0.999389
233700000 17875.3 -0.0471893 2999.91 0.999458
233800000 17875.3 -0.148444 2999.92 0.999372
233900000 17875.3 -0.168216 2999.93 0.999381
234000000 17875.3 -0.326979 2999.95 0.99942
234100000 17875.3 0.512577 2999.81 0.999624
234200000 17875.3 -0.0690974 2999.91 0.999476
234300000 17875.3 0.100764 2999.88 0.999499
234400000 17875.3 -0.218197 2999.93 0.999373
234500000 17875.3 -0.168427 2999.93 0.999383
234600000 17875.3 -0.189465 2999.93 0.999442
234700000 17875.3 0.0368037 2999.89 0.999538
234800000 17875.3 0.20937 2999.86 0.999624
234900000 17875.3 1.20423 2999.7 0.999732
235000000 17875.3 -0.114529 2999.92 0.99938
235100000 17875.3 -0.272112 2999.94 0.999379
235200000 17875.3 -0.212983 2999.93 0.999396
235300000 17875.3 -0.0180203 2999.9 0.999481
235400000 17875.3 0.0772974 2999.89 0.999492
235500000 17875.3 -0.144386 2999.92 0.999381
235600000 17875.3 0.625049 2999.79 0.99967
235700000 17875.3 -0.33408 2999.95 0.999416
235800000 17875.3 1.38488 2999.67 0.999912
235900000 17875.3 -0.22982 2999.94 0.999456
236000000 17875.3 -0.277578 2999.94 0.999399
236100000 17875.3 -0.244615 2999.94 0.999401
236200000 17875.3 -0.0888406 2999.91 0.99943
236300000 17875.3 -0.130194 2999.92 0.999376
236400000 17875.3 0.525698 2999.81 0.999601
236500000 17875.3 -0.163744 2999.93 0.999445
236600000 17875.3 -0.0708152 2999.91 0.99952
236700000 17875.3 -0.249114 2999.94 0.999361
236800000 17875.3 -0.0525833 2999.91 0.999386
236900000 17875.3 -0.107521 2999.92 0.999457
237000000 17875.3 -0.101494 2999.92 0.999398
237100000 17875.3 -0.24127 2999.94 0.999386
237200000 17875.3 -0.0211817 2999.9 0.999518
237300000 17875.3 -0.0990088 2999.91 0.999382
237400000 17875.3 -0.333381 2999.95 0.999408
237500000 17875.3 0.811545 2999.76 0.999683
237600000 17875.3 -0.172546 2999.93 0.999414
237700000 17875.3 -0.101323 2999.92 0.999379
237800000 17875.3 0.00257977 2999.9 0.999459
237900000 17875.3 2.04436 2999.56 0.999995
238000000 17875.3 -0.343257 2999.96 0.999398
238100000 17875.3 -0.100688 2999.92 0.999412
238200000 17875.3 -0.160586 2999.93 0.999449
238300000 17875.3 0.560163 2999.8 0.999754
238400000 17875.3 -0.266406 2999.94 0.999384
238500000 17875.3 -0.0991702 2999.91 0.999392
238600000 17875.3 -0.248325 2999.94 0.999369
238700000 17875.3 -0.0341633 2999.9 0.999463
238800000 17875.3 -0.258634 2999.94 0.999417
238900000 17875.3 1.57833 2999.63 0.99994
239000000 17875.3 -0.269754 2999.94 0.999388
239100000 17875.3 1.10922 2999.71 0.99976
239200000 17875.3 -0.229424 2999.94 0.999464
239300000 17875.3 -0.289636 2999.95 0.999425
239400000 17875.3 -0.175024 2999.93 0.999383
239500000 17875.3 -0.181835 2999.93 0.999391
239600000 17875.3 -0.307545 2999.95 0.999443
239700000 17875.3 -0.184791 2999.93 0.999382
239800000 17875.3 -0.151094 2999.92 0.999423
239900000 17875.3 0.837238 2999.76 0.999714
240000000 17875.3 -0.164421 2999.93 0.999392
240100000 17875.3 -0.31197 2999.95 0.99937
240200000 17875.3 0.387221 2999.83 0.999633
240300000 17875.3 -0.261962 2999.94 0.999381
240400000 17875.3 0.180981 2999.87 0.999537
240500000 17875.3 -0.231748 2999.94 0.999413
240600000 17875.3 0.0758913 2999.89 0.999576
240700000 17875.3 -0.0509118 2999.91 0.99951
240800000 17875.3 -0.206574 2999.93 0.999438
240900000 17875.3 0.0690297 2999.89 0.999505
241000000 17875.3 -0.166425 2999.93 0.99944
241100000 17875.3 -0.0550765 2999.91 0.999516
241200000 17875.3 1.81897 2999.59 0.999857
241300000 17875.3 -0.0501127 2999.91 0.999524
241400000 17875.3 -0.137937 2999.92 0.999446
241500000 17875.3 0.482032 2999.82 0.999595
241600000 17875.3 -0.149038 2999.92 0.999378
241700000 17875.3 0.30744 2999.85 0.999534
241800000 17875.3 -0.0875767 2999.91 0.999379
241900000 17875.3 0.144979 2999.87 0.999526
242000000 17875.3 0.429077 2999.83 0.999675
242100000 17875.3 0.353548 2999.84 0.999588
242200000 17875.3 -0.249982 2999.94 0.999379
242300000 17875.3 0.714938 2999.78 0.999657
242400000 17875.3 -0.227715 2999.94 0.999385
242500000 17875.3 -0.312634 2999.95 0.99937
242600000 17875.3 -0.29034 2999.95 0.999385
242700000 17875.3 0.728069 2999.78 0.999679
242800000 17875.3 -0.163781 2999.93 0.999389
242900000 17875.3 -0.0844047 2999.91 0.999488
243000000 17875.3 -0.00261815 2999.9 0.999539
243100000 17875.3 -0.152341 2999.92 0.999393
243200000 17875.3 -0.147742 2999.92 0.999381
243300000 17875.3 -0.388547 2999.96 0.999399
243400000 17875.3 -0.232056 2999.94 0.99939
243500000 17875.3 -0.14137 2999.92 0.999414
243600000 17875.3 -0.000302176 2999.9 0.999482
243700000 17875.3 -0.107212 2999.92 0.999382
243800000 17875.3 -0.15347 2999.92 0.999373
243900000 17875.3 -0.203559 2999.93 0.999386
244000000 17875.3 0.227775 2999.86 0.999515
244100000 17875.3 -0.419666 2999.97 0.99938
244200000 17875.3 0.179475 2999.87 0.999558
244300000 17875.3 0.00490958 2999.9 0.999524
244400000 17875.3 0.627236 2999.79 0.999695
244500000 17875.3 -0.192184 2999.93 0.999376
244600000 17875.3 -0.169289 2999.93 0.999374
244700000 17875.3 -0.2565 2999.94 0.999404
244800000 17875.3 0.0382492 2999.89 0.999576
244900000 17875.3 0.65749 2999.79 0.999691
245000000 17875.3 -0.0899801 2999.91 0.999381
245100000 17875.3 -0.125731 2999.92 0.999392
245200000 17875.3 -0.140959 2999.92 0.999375
245300000 17875.3 0.0170944 2999.9 0.99946
245400000 17875.3 -0.30392 2999.95 0.999374
245500000 17875.3 -0.248723 2999.94 0.999417
245600000 17875.3 0.0328737 2999.89 0.999475
245700000 17875.3 -0.0671131 2999.91 0.999495
245800000 17875.3 0.489641 2999.82 0.999587
245900000 17875.3 -0.239256 2999.94 0.999403
246000000 17875.3 -0.117561 2999.92 0.99939
246100000 17875.3 -0.233711 2999.94 0.999379
246200000 17875.3 -0.546561 2999.99 0.999398
246300000 17875.3 0.623232 2999.79 0.999706
246400000 17875.3 -0.0917791 2999.91 0.999453
246500000 17875.3 0.112326 2999.88 0.999554
246600000 17875.3 -0.195496 2999.93 0.999375
246700000 17875.3 -0.131368 2999.92 0.999374
246800000 17875.3 -0.187777 2999.93 0.999455
246900000 17875.3 -0.242067 2999.94 0.999373
247000000 17875.3 -0.158218 2999.92 0.999381
247100000 17875.3 -0.128394 2999.92 0.999382
247200000 17875.3 -0.21048 2999.93 0.999372
247300000 17875.3 -0.00166227 2999.9 0.99949
247400000 17875.3 -0.10888 2999.92 0.999477
247500000 17875.3 0.0641476 2999.89 0.999485
247600000 17875.3 -0.223474 2999.94 0.999455
247700000 17875.3 -0.183421 2999.93 0.999412
247800000 17875.3 1.35825 2999.67 0.999765
247900000 17875.3 0.334287 2999.84 0.999714
248000000 17875.3 -0.209698 2999.93 0.999449
248100000 17875.3 -0.237158 2999.94 0.999414
248200000 17875.3 -0.179858 2999.93 0.999403
248300000 17875.3 -0.283216 2999.95 0.999383
248400000 17875.3 0.187516 2999.87 0.99964
248500000 17875.3 -0.11132 2999.92 0.9994
248600000 17875.3 -0.192602 2999.93 0.999375
248700000 17875.3 0.0575721 2999.89 0.999481
248800000 17875.3 -0.194027 2999.93 0.999434
248900000 17875.3 0.40352 2999.83 0.999621
249000000 17875.3 -0.0519572 2999.91 0.999385
249100000 17875.3 0.0432824 2999.89 0.999473
249200000 17875.3 0.0588671 2999.89 0.999542
249300000 17875.3 -0.0958482 2999.91 0.999531
249400000 17875.3 -0.17196 2999.93 0.999449
249500000 17875.3 0.0941243 2999.88 0.999606
249600000 17875.3 -0.275261 2999.94 0.99938
249700000 17875.3 -0.0819355 2999.91 0.999387
249800000 17875.3 0.370767 2999.84 0.999575
249900000 17875.3 0.134228 2999.88 0.999602
250000000 17875.3 -0.243361 2999.94 0.999373
250100000 17875.3 -0.297297 2999.95 0.999378
250200000 17875.3 -0.148322 2999.92 0.999412
250300000 17875.3 0.0337643 2999.89 0.99955
250400000 17875.3 -0.0841768 2999.91 0.999404
250500000 17875.3 -0.248268 2999.94 0.999384
250600000 17875.3 -0.11338 2999.92 0.99939
250700000 17875.3 -0.292719 2999.95 0.999378
250800000 17875.3 0.83098 2999.76 0.999657
250900000 17875.3 -0.195903 2999.93 0.999492
251000000 17875.3 0.374459 2999.84 0.99963
251100000 17875.3 -0.0362915 2999.9 0.999435
251200000 17875.3 -0.226702 2999.94 0.999384
251300000 17875.3 -0.112076 2999.92 0.99945
251400000 17875.3 -0.226106 2999.94 0.999379
251500000 17875.3 -0.125868 2999.92 0.999414
251600000 17875.3 0.0551204 2999.89 0.999519
251700000 17875.3 -0.0268595 2999.9 0.99939
251800000 17875.3 -0.291757 2999.95 0.999396
251900000 17875.3 1.21304 2999.69 0.999822
252000000 17875.3 -0.267092 2999.94 0.999427
252100000 17875.3 -0.22543 2999.94 0.9994
252200000 17875.3 -0.147908 2999.92 0.999378
252300000 17875.3 0.0859731 2999.88 0.999485
252400000 17875.3 0.943574 2999.74 0.999853
252500000 17875.3 -0.0729988 2999.91 0.999382
252600000 17875.3 -0.00555414 2999.9 0.999436
252700000 17875.3 -0.190339 2999.93 0.999393
252800000 17875.3 -0.20592 2999.93 0.999374
252900000 17875.3 -0.149257 2999.92 0.999396
253000000 17875.3 -0.182103 2999.93 0.999438
253100000 17875.3 1.01227 2999.73 0.999752
253200000 17875.3 0.27737 2999.85 0.999574
253300000 17875.3 0.814387 2999.76 0.999663
253400000 17875.3 -0.184573 2999.93 0.999452
253500000 17875.3 -0.0653319 2999.91 0.999488
253600000 17875.3 0.197024 2999.87 0.999589
253700000 17875.3 -0.160098 2999.92 0.999374
253800000 17875.3 -0.070728 2999.91 0.999463
253900000 17875.3 -0.00884154 2999.9 0.99952
254000000 17875.3 -0.231729 2999.94 0.999376
254100000 17875.3 -0.125741 2999.92 0.999425
254200000 17875.3 0.987639 2999.73 0.999683
254300000 17875.3 -0.299363 2999.95 0.999379
254400000 17875.3 -0.288795 2999.95 0.999397
254500000 17875.3 -0.288293 2999.95 0.999455
254600000 17875.3 -0.281188 2999.95 0.999365
254700000 17875.3 -0.229615 2999.94 0.999397
254800000 17875.3 0.108973 2999.88 0.99952
254900000 17875.3 -0.328234 2999.95 0.999397
255000000 17875.3 -0.226188 2999.94 0.999375
255100000 17875.3 -0.195775 2999.93 0.999383
255200000 17875.3 -0.144663 2999.92 0.999421
255300000 17875.3 -0.134145 2999.92 0.999401
255400000 17875.3 -0.295242 2999.95 0.999374
255500000 17875.3 -0.120099 2999.92 0.999377
255600000 17875.3 0.304894 2999.85 0.999654
255700000 17875.3 1.01287 2999.73 0.999767
255800000 17875.3 -0.0986847 2999.91 0.999382
255900000 17875.3 0.782601 2999.77 0.999712
256000000 17875.3 -0.0154592 2999.9 0.999522
256100000 17875.3 -0.0586202 2999.91 0.999435
256200000 17875.3 -0.153539 2999.92 0.999384
256300000 17875.3 -0.1396 2999.92 0.999414
256400000 17875.3 -0.0800435 2999.91 0.999446
256500000 17875.3 0.229987 2999.86 0.999588
256600000 17875.3 0.168258 2999.87 0.999564
256700000 17875.3 0.0659151 2999.89 0.999515
256800000 17875.3 1.12297 2999.71 0.999824
256900000 17875.3 0.634725 2999.79 0.999652
257000000 17875.3 -0.245025 2999.94 0.999402
257100000 17875.3 -0.0728812 2999.91 0.999383
257200000 17875.3 -0.147132 2999.92 0.999378
257300000 17875.3 1.92853 2999.57 0.999927
257400000 17875.3 -0.263523 2999.94 0.999382
257500000 17875.3 -0.162028 2999.93 0.99944
257600000 17875.3 -0.0422218 2999.91 0.999387
257700000 17875.3 -0.0945992 2999.91 0.999379
257800000 17875.3 0.834404 2999.76 0.999797
257900000 17875.3 -0.202583 2999.93 0.999381
258000000 17875.3 -0.25939 2999.94 0.999429
258100000 17875.3 -0.189695 2999.93 0.999393
258200000 17875.3 -0.272309 2999.94 0.999411
258300000 17875.3 -0.177834 2999.93 0.999433
258400000 17875.3 -0.170607 2999.93 0.999372
258500000 17875.3 0.443923 2999.82 0.999649
258600000 17875.3 -0.031038 2999.9 0.999555
258700000 17875.3 0.203211 2999.86 0.999601
258800000 17875.3 0.127932 2999.88 0.999479
258900000 17875.3 0.038021 2999.89 0.999497
259000000 17875.3 -0.215253 2999.93 0.999411
259100000 17875.3 1.22884 2999.69 0.999782
259200000 17875.3 -0.140679 2999.92 0.99942
259300000 17875.3 -0.0942938 2999.91 0.999391
259400000 17875.3 -0.166379 2999.93 0.999453
259500000 17875.3 -0.0873714 2999.91 0.999378
259600000 17875.3 -0.195745 2999.93 0.999377
259700000 17875.3 -0.215732 2999.93 0.999372
259800000 17875.3 -0.0216992 2999.9 0.999486
259900000 17875.3 2.30484 2999.51 1.00003
260000000 17875.3 -0.269913 2999.94 0.999393
260100000 17875.3 -0.000692766 2999.9 0.999453
260200000 17875.3 0.0242862 2999.89 0.999524
260300000 17875.3 1.8321 2999.59 0.999965
260400000 17875.3 0.396227 2999.83 0.99965
260500000 17875.3 -0.115223 2999.92 0.999377
260600000 17875.3 -0.106616 2999.92 0.999514
260700000 17875.3 -0.117523 2999.92 0.999497
260800000 17875.3 1.68992 2999.61 0.999869
260900000 17875.3 -0.0638522 2999.91 0.999385
261000000 17875.3 -0.173153 2999.93 0.999372
261100000 17875.3 0.788083 2999.77 0.999735
261200000 17875.3 -0.075831 2999.91 0.999384
261300000 17875.3 -0.131783 2999.92 0.999377
261400000 17875.3 0.180598 2999.87 0.999546
261500000 17875.3 0.160319 2999.87 0.99954
261600000 17875.3 -0.107189 2999.92 0.999379
261700000 17875.3 -0.141168 2999.92 0.999381
261800000 17875.3 0.0457357 2999.89 0.999528
261900000 17875.3 -0.139044 2999.92 0.999452
262000000 17875.3 0.696348 2999.78 0.999679
262100000 17875.3 -0.173883 2999.93 0.999392
262200000 17875.3 -0.00869129 2999.9 0.999474
262300000 17875.3 -0.171818 2999.93 0.999394
262400000 17875.3 -0.221113 2999.94 0.999426
262500000 17875.3 -0.274651 2999.94 0.999422
262600000 17875.3 -0.226439 2999.94 0.999414
262700000 17875.3 0.419993 2999.83 0.999571
262800000 17875.3 -0.261044 2999.94 0.999382
262900000 17875.3 -0.121306 2999.92 0.999428
263000000 17875.3 -0.319699 2999.95 0.999437
263100000 17875.3 -0.317961 2999.95 0.999375
263200000 17875.3 -0.300633 2999.95 0.999368
263300000 17875.3 -0.215653 2999.93 0.999414
263400000 17875.3 -0.15834 2999.92 0.999491
263500000 17875.3 -0.220708 2999.94 0.999403
263600000 17875.3 0.502605 2999.81 0.999639
263700000 17875.3 3.38313 2999.33 1.00019
263800000 17875.3 -0.355003 2999.96 0.99938
263900000 17875.3 -0.10892 2999.92 0.999436
264000000 17875.3 -0.208407 2999.93 0.999384
264100000 17875.3 -0.168779 2999.93 0.999373
264200000 17875.3 -0.206843 2999.93 0.999456
264300000 17875.3 -0.104092 2999.92 0.999434
264400000 17875.3 -0.319212 2999.95 0.999381
264500000 17875.3 0.489558 2999.82 0.999624
264600000 17875.3 -0.279101 2999.94 0.9994
264700000 17875.3 0.389127 2999.83 0.999734
264800000 17875.3 0.225994 2999.86 0.999598
264900000 17875.3 -0.0991451 2999.91 0.999385
265000000 17875.3 3.10738 2999.38 1.00026
265100000 17875.3 -0.276018 2999.94 0.999448
265200000 17875.3 -0.206689 2999.93 0.999449
265300000 17875.3 -0.1649 2999.93 0.999424
265400000 17875.3 -0.154561 2999.92 0.999382
265500000 17875.3 1.37615 2999.67 0.999841
265600000 17875.3 -0.301732 2999.95 0.999415
265700000 17875.3 -0.114882 2999.92 0.99939
265800000 17875.3 -0.115568 2999.92 0.999423
265900000 17875.3 -0.183672 2999.93 0.999373
266000000 17875.3 0.601154 2999.8 0.999657
266100000 17875.3 0.521409 2999.81 0.999649
266200000 17875.3 -0.224709 2999.94 0.999369
266300000 17875.3 0.902437 2999.75 0.999809
266400000 17875.3 -0.0547743 2999.91 0.999453
266500000 17875.3 -0.260846 2999.94 0.999457
266600000 17875.3 -0.274338 2999.94 0.999374
266700000 17875.3 0.810263 2999.76 0.99974
266800000 17875.3 -0.242796 2999.94 0.999386
266900000 17875.3 -0.124713 2999.92 0.999387
267000000 17875.3 -0.106032 2999.92 0.999392
267100000 17875.3 0.093989 2999.88 0.999514
267200000 17875.3 -0.224821 2999.94 0.999368
267300000 17875.3 -0.165694 2999.93 0.999511
267400000 17875.3 0.736403 2999.77 0.999705
267500000 17875.3 -0.170493 2999.93 0.999372
267600000 17875.3 0.171432 2999.87 0.999489
267700000 17875.3 -0.0968744 2999.91 0.999439
267800000 17875.3 -0.0787528 2999.91 0.999437
267900000 17875.3 -0.18115 2999.93 0.999376
268000000 17875.3 -0.321781 2999.95 0.999409
268100000 17875.3 -0.0441327 2999.91 0.999441
268200000 17875.3 -0.307469 2999.95 0.999416
268300000 17875.3 0.954889 2999.74 0.999725
268400000 17875.3 -0.339103 2999.96 0.999376
268500000 17875.3 -0.327339 2999.95 0.999432
268600000 17875.3 -0.0548742 2999.91 0.999386
268700000 17875.3 0.398877 2999.83 0.999631
268800000 17875.3 0.951965 2999.74 0.999771
268900000 17875.3 -0.130513 2999.92 0.999413
269000000 17875.3 0.142424 2999.87 0.999608
269100000 17875.3 2.00747 2999.56 1.00016
269200000 17875.3 0.407801 2999.83 0.999608
269300000 17875.3 0.0452435 2999.89 0.99945
269400000 17875.3 -0.142001 2999.92 0.999383
269500000 17875.3 -0.0655658 2999.91 0.999471
269600000 17875.3 0.447823 2999.82 0.999612
269700000 17875.3 -0.353678 2999.96 0.999411
269800000 17875.3 -0.197076 2999.93 0.999446
269900000 17875.3 -0.0602276 2999.91 0.999417
270000000 17875.3 -0.138756 2999.92 0.99938
270100000 17875.3 0.555875 2999.8 0.999797
270200000 17875.3 -0.0509121 2999.91 0.999429
270300000 17875.3 1.87532 2999.58 0.999959
270400000 17875.3 -0.138465 2999.92 0.999447
270500000 17875.3 -0.121741 2999.92 0.999417
270600000 17875.3 2.26867 2999.52 1.00003
270700000 17875.3 -0.100745 2999.92 0.999402
270800000 17875.3 -0.165046 2999.93 0.999493
270900000 17875.3 -0.112884 2999.92 0.999382
271000000 17875.3 -0.0947097 2999.91 0.999385
271100000 17875.3 -0.219143 2999.93 0.999382
271200000 17875.3 0.806557 2999.76 0.999679
271300000 17875.3 -0.425815 2999.97 0.999379
271400000 17875.3 1.48206 2999.65 0.999853
271500000 17875.3 0.39236 2999.83 0.999561
271600000 17875.3 -0.195547 2999.93 0.999396
271700000 17875.3 0.0940552 2999.88 0.999504
271800000 17875.3 -0.130737 2999.92 0.999439
271900000 17875.3 3.90474 2999.24 1.00049
272000000 17875.3 -0.155461 2999.92 0.999377
272100000 17875.3 0.734429 2999.77 0.999843
272200000 17875.3 -0.256008 2999.94 0.999376
272300000 17875.3 0.189559 2999.87 0.999586
272400000 17875.3 -0.140456 2999.92 0.999396
272500000 17875.3 0.293229 2999.85 0.999596
272600000 17875.3 -0.282919 2999.95 0.999447
272700000 17875.3 -0.077188 2999.91 0.999495
272800000 17875.3 -0.134543 2999.92 0.999377
272900000 17875.3 -0.0523778 2999.91 0.999433
273000000 17875.3 1.03554 2999.72 0.999716
273100000 17875.3 -0.212233 2999.93 0.999478
273200000 17875.3 -0.101435 2999.92 0.999381
273300000 17875.3 -0.0885779 2999.91 0.999486
273400000 17875.3 -0.181973 2999.93 0.999387
273500000 17875.3 -0.053089 2999.91 0.999449
273600000 17875.3 -0.202156 2999.93 0.999389
273700000 17875.3 0.702538 2999.78 0.999713
273800000 17875.3 0.560907 2999.8 0.999831
273900000 17875.3 0.392941 2999.83 0.999595
274000000 17875.3 2.94171 2999.4 1.00008
274100000 17875.3 1.29468 2999.68 0.999905
274200000 17875.3 0.0747549 2999.89 0.999516
274300000 17875.3 -0.0677742 2999.91 0.999385
274400000 17875.3 -0.154612 2999.92 0.999462
274500000 17875.3 -0.0472589 2999.91 0.999473
274600000 17875.3 0.721581 2999.78 0.999631
274700000 17875.3 0.390229 2999.83 0.999584
274800000 17875.3 0.660122 2999.79 0.999605
274900000 17875.3 0.267835 2999.85 0.999641
275000000 17875.3 -0.256277 2999.94 0.999427
275100000 17875.3 -0.126124 2999.92 0.999386
275200000 17875.3 -0.207697 2999.93 0.999509
275300000 17875.3 -0.129459 2999.92 0.999459
275400000 17875.3 -0.0877109 2999.91 0.999441
275500000 17875.3 0.552108 2999.81 0.999658
275600000 17875.3 0.243116 2999.86 0.999563
275700000 17875.3 -0.266056 2999.94 0.999392
275800000 17875.3 -0.145756 2999.92 0.999381
275900000 17875.3 0.485116 2999.82 0.999641
276000000 17875.3 0.270793 2999.85 0.999681
276100000 17875.3 0.0585827 2999.89 0.999521
276200000 17875.3 0.741742 2999.77 0.99971
276300000 17875.3 -0.0437118 2999.91 0.999453
276400000 17875.3 -0.134383 2999.92 0.99945
276500000 17875.3 -0.0883469 2999.91 0.999379
276600000 17875.3 0.169371 2999.87 0.999508
276700000 17875.3 -0.172769 2999.93 0.999402
276800000 17875.3 -0.0040464 2999.9 0.999476
276900000 17875.3 0.975458 2999.73 0.999762
277000000 17875.3 -0.089559 2999.91 0.999463
277100000 17875.3 -0.21017 2999.93 0.999417
277200000 17875.3 0.495763 2999.81 0.999614
277300000 17875.3 -0.271444 2999.94 0.999374
277400000 17875.3 -0.189511 2999.93 0.9994
277500000 17875.3 -0.401491 2999.97 0.999407
277600000 17875.3 0.515701 2999.81 0.999589
277700000 17875.3 -0.0490211 2999.91 0.999445
277800000 17875.3 0.869178 2999.75 0.999738
277900000 17875.3 -0.00547773 2999.9 0.999587
278000000 17875.3 -0.0161635 2999.9 0.999392
278100000 17875.3 -0.0540523 2999.91 0.999503
278200000 17875.3 0.0885902 2999.88 0.999515
278300000 17875.3 -0.110914 2999.92 0.999383
278400000 17875.3 -0.173891 2999.93 0.999395
278500000 17875.3 0.304798 2999.85 0.999551
278600000 17875.3 -0.19019 2999.93 0.999396
278700000 17875.3 1.28329 2999.68 0.999875
278800000 17875.3 -0.122509 2999.92 0.999418
278900000 17875.3 0.270554 2999.85 0.999564
279000000 17875.3 -0.199685 2999.93 0.999374
279100000 17875.3 -0.207675 2999.93 0.999375
279200000 17875.3 -0.24175 2999.94 0.999376
279300000 17875.3 -0.0289292 2999.9 0.999494
279400000 17875.3 -0.177303 2999.93 0.999379
279500000 17875.3 -0.252247 2999.94 0.999385
279600000 17875.3 2.87744 2999.42 1.00002
279700000 17875.3 -0.157818 2999.92 0.999427
279800000 17875.3 -0.159735 2999.92 0.999385
279900000 17875.3 0.60078 2999.8 0.999719
280000000 17875.3 -0.139049 2999.92 0.999485
280100000 17875.3 -0.172314 2999.93 0.999382
280200000 17875.3 0.15713 2999.87 0.999541
280300000 17875.3 0.786405 2999.77 0.999707
280400000 17875.3 -0.0755899 2999.91 0.999413
280500000 17875.3 -0.292984 2999.95 0.999442
280600000 17875.3 -0.185646 2999.93 0.999387
280700000 17875.3 -0.0530096 2999.91 0.999512
280800000 17875.3 -0.241819 2999.94 0.999377
280900000 17875.3 -0.101417 2999.92 0.99938
281000000 17875.3 -0.219848 2999.94 0.999379
281100000 17875.3 -0.273203 2999.94 0.999405
281200000 17875.3 -0.0581824 2999.91 0.999434
281300000 17875.3 -0.149395 2999.92 0.999459
281400000 17875.3 -0.178263 2999.93 0.999409
281500000 17875.3 -0.0460974 2999.91 0.999386
281600000 17875.3 0.0571591 2999.89 0.999504
281700000 17875.3 0.128728 2999.88 0.999522
281800000 17875.3 -0.0797425 2999.91 0.999465
281900000 17875.3 0.431269 2999.83 0.999595
282000000 17875.3 -0.190548 2999.93 0.99941
282100000 17875.3 -0.133088 2999.92 0.999425
282200000 17875.3 0.610783 2999.8 0.99962
282300000 17875.3 -0.0830305 2999.91 0.999408
282400000 17875.3 -0.0707126 2999.91 0.999451
282500000 17875.3 -0.141816 2999.92 0.999403
282600000 17875.3 0.329485 2999.84 0.999548
282700000 17875.3 0.461208 2999.82 0.999578
282800000 17875.3 -0.279167 2999.94 0.999389
282900000 17875.3 -0.152672 2999.92 0.999405
283000000 17875.3 -0.0169493 2999.9 0.999517
283100000 17875.3 -0.180932 2999.93 0.999405
283200000 17875.3 0.0803557 2999.88 0.99947
283300000 17875.3 0.620954 2999.79 0.999654
283400000 17875.3 -0.166649 2999.93 0.999377
283500000 17875.3 0.090326 2999.88 0.99953
283600000 17875.3 -0.165034 2999.93 0.99944
283700000 17875.3 -0.459378 2999.98 0.999391
283800000 17875.3 -0.0690936 2999.91 0.999456
283900000 17875.3 -0.125165 2999.92 0.999511
284000000 17875.3 -0.15838 2999.92 0.999377
284100000 17875.3 -0.120625 2999.92 0.999377
284200000 17875.3 -0.16472 2999.93 0.999462
284300000 17875.3 0.13742 2999.88 0.999505
284400000 17875.3 -0.266017 2999.94 0.999389
284500000 17875.3 0.0536781 2999.89 0.999482
284600000 17875.3 0.469235 2999.82 0.999568
284700000 17875.3 0.016636 2999.9 0.999502
284800000 17875.3 0.709328 2999.78 0.999649
284900000 17875.3 -0.150145 2999.92 0.999389
285000000 17875.3 -0.0976721 2999.91 0.99938
285100000 17875.3 0.227143 2999.86 0.999598
285200000 17875.3 0.403512 2999.83 0.999566
285300000 17875.3 -0.225861 2999.94 0.999468
285400000 17875.3 -0.118482 2999.92 0.999519
285500000 17875.3 -0.132601 2999.92 0.999396
285600000 17875.3 -0.235002 2999.94 0.999389
285700000 17875.3 0.146858 2999.87 0.999485
285800000 17875.3 0.345622 2999.84 0.999615
285900000 17875.3 -0.150998 2999.92 0.999406
286000000 17875.3 -0.174117 2999.93 0.999429
286100000 17875.3 -0.229924 2999.94 0.999454
286200000 17875.3 0.122996 2999.88 0.999519
286300000 17875.3 2.40982 2999.49 0.999957
286400000 17875.3 -0.212555 2999.93 0.99941
286500000 17875.3 -0.22027 2999.94 0.999388
286600000 17875.3 0.138904 2999.87 0.999488
286700000 17875.3 -0.180202 2999.93 0.999443
286800000 17875.3 0.0349184 2999.89 0.99949
286900000 17875.3 -0.151881 2999.92 0.999396
287000000 17875.3 -0.1982 2999.93 0.999399
287100000 17875.3 1.31808 2999.68 0.999773
287200000 17875.3 0.642985 2999.79 0.99962
287300000 17875.3 0.0713433 2999.89 0.999465
287400000 17875.3 0.276494 2999.85 0.999525
287500000 17875.3 -0.261706 2999.94 0.999417
287600000 17875.3 1.13572 2999.71 0.999804
287700000 17875.3 0.388057 2999.83 0.999555
287800000 17875.3 -0.213689 2999.93 0.999389
287900000 17875.3 -0.180289 2999.93 0.999383
288000000 17875.3 -0.151229 2999.92 0.999451
288100000 17875.3 -0.0448448 2999.91 0.999388
288200000 17875.3 -0.149626 2999.92 0.999487
288300000 17875.3 -0.299831 2999.95 0.999381
288400000 17875.3 -0.127505 2999.92 0.999382
288500000 17875.3 -0.120576 2999.92 0.999399
288600000 17875.3 -0.318567 2999.95 0.99936
288700000 17875.3 -0.221832 2999.94 0.999385
288800000 17875.3 -0.096488 2999.91 0.999381
288900000 17875.3 0.364855 2999.84 0.999601
289000000 17875.3 -0.243495 2999.94 0.999439
289100000 17875.3 -0.248885 2999.94 0.999428
289200000 17875.3 -0.182513 2999.93 0.999399
289300000 17875.3 -0.202947 2999.93 0.999399
289400000 17875.3 0.468825 2999.82 0.999601
289500000 17875.3 -0.045676 2999.91 0.999507
289600000 17875.3 -0.212231 2999.93 0.999438
289700000 17875.3 -0.143589 2999.92 0.999389
289800000 17875.3 -0.135406 2999.92 0.999405
289900000 17875.3 -0.117668 2999.92 0.999387
290000000 17875.3 0.561764 2999.8 0.99967
290100000 17875.3 -0.0748132 2999.91 0.999523
290200000 17875.3 -0.22991 2999.94 0.999394
290300000 17875.3 -0.273828 2999.94 0.99938
290400000 17875.3 0.274144 2999.85 0.999601
290500000 17875.3 -0.195886 2999.93 0.999385
290600000 17875.3 -0.165264 2999.93 0.999378
290700000 17875.3 0.410972 2999.83 0.999558
290800000 17875.3 0.0547064 2999.89 0.999462
290900000 17875.3 -0.154652 2999.92 0.999416
291000000 17875.3 -0.124859 2999.92 0.999447
291100000 17875.3 1.4065 2999.66 0.999798
291200000 17875.3 0.12756 2999.88 0.999512
291300000 17875.3 -0.321572 2999.95 0.999454
291400000 17875.3 -0.0592007 2999.91 0.999435
291500000 17875.3 -0.192829 2999.93 0.999379
291600000 17875.3 -0.00144583 2999.9 0.999496
291700000 17875.3 -0.153321 2999.92 0.999389
291800000 17875.3 -0.291418 2999.95 0.999383
291900000 17875.3 -0.17004 2999.93 0.999389
292000000 17875.3 -0.120726 2999.92 0.999376
292100000 17875.3 0.00523086 2999.9 0.999523
292200000 17875.3 -0.119678 2999.92 0.999378
292300000 17875.3 0.438427 2999.82 0.999733
292400000 17875.3 0.248933 2999.86 0.999554
292500000 17875.3 -0.0433236 2999.91 0.999387
292600000 17875.3 -0.223672 2999.94 0.999386
292700000 17875.3 -0.33164 2999.95 0.999374
292800000 17875.3 0.0291238 2999.89 0.999454
292900000 17875.3 -0.320438 2999.95 0.999438
293000000 17875.3 -0.121147 2999.92 0.999457
293100000 17875.3 -0.0815985 2999.91 0.999448
293200000 17875.3 -0.418629 2999.97 0.999371
293300000 17875.3 -0.434075 2999.97 0.999433
293400000 17875.3 4.40521 2999.16 1.00039
293500000 17875.3 -0.0992849 2999.91 0.999381
293600000 17875.3 -0.0773636 2999.91 0.999435
293700000 17875.3 0.356978 2999.84 0.999579
293800000 17875.3 2.19665 2999.53 0.999916
293900000 17875.3 0.000702334 2999.9 0.99945
294000000 17875.3 -0.10568 2999.92 0.999377
294100000 17875.3 -0.0703771 2999.91 0.999383
294200000 17875.3 -0.176419 2999.93 0.999402
294300000 17875.3 -0.121024 2999.92 0.999381
294400000 17875.3 -0.32189 2999.95 0.999444
294500000 17875.3 0.144582 2999.87 0.999534
294600000 17875.3 0.0304704 2999.89 0.999461
294700000 17875.3 -0.125449 2999.92 0.999376
294800000 17875.3 0.846373 2999.76 0.999898
294900000 17875.3 -0.275946 2999.94 0.999377
295000000 17875.3 0.110401 2999.88 0.999496
295100000 17875.3 -0.322236 2999.95 0.999481
295200000 17875.3 -0.240313 2999.94 0.999497
295300000 17875.3 -0.164948 2999.93 0.999425
295400000 17875.3 0.23397 2999.86 0.999633
295500000 17875.3 -0.255735 2999.94 0.9994
295600000 17875.3 0.0458965 2999.89 0.999481
295700000 17875.3 -0.00254097 2999.9 0.999494
295800000 17875.3 -0.0818751 2999.91 0.999467
295900000 17875.3 -0.10405 2999.92 0.999383
296000000 17875.3 -0.130067 2999.92 0.999373
296100000 17875.3 -0.201429 2999.93 0.999409
296200000 17875.3 -0.308796 2999.95 0.999402
296300000 17875.3 -0.278633 2999.94 0.999436
296400000 17875.3 -0.175728 2999.93 0.999418
296500000 17875.3 0.874805 2999.75 0.999689
296600000 17875.3 0.23776 2999.86 0.999596
296700000 17875.3 0.236442 2999.86 0.999532
296800000 17875.3 0.284718 2999.85 0.999534
296900000 17875.3 -0.209241 2999.93 0.99938
297000000 17875.3 -0.362347 2999.96 0.999443
297100000 17875.3 0.411648 2999.83 0.999621
297200000 17875.3 -0.17303 2999.93 0.999376
297300000 17875.3 -0.1675 2999.93 0.999399
297400000 17875.3 0.252283 2999.86 0.999554
297500000 17875.3 -0.15141 2999.92 0.999385
297600000 17875.3 -0.198753 2999.93 0.999383
297700000 17875.3 -0.271323 2999.94 0.999401
297800000 17875.3 -0.00321379 2999.9 0.999458
297900000 17875.3 1.42876 2999.66 0.999895
298000000 17875.3 -0.172566 2999.93 0.999399
298100000 17875.3 -0.245223 2999.94 0.999436
298200000 17875.3 -0.317092 2999.95 0.99942
298300000 17875.3 0.3217 2999.84 0.999579
298400000 17875.3 -0.134306 2999.92 0.999497
298500000 17875.3 -0.0320029 2999.9 0.999478
298600000 17875.3 -0.0263052 2999.9 0.999504
298700000 17875.3 0.201486 2999.86 0.999494
298800000 17875.3 -0.222155 2999.94 0.999373
298900000 17875.3 -0.3023 2999.95 0.999421
299000000 17875.3 -0.142648 2999.92 0.999416
299100000 17875.3 -0.152802 2999.92 0.999376
299200000 17875.3 -0.0942106 2999.91 0.999379
299300000 17875.3 -0.227291 2999.94 0.999383
299400000 17875.3 -0.0905401 2999.91 0.999384
299500000 17875.3 -0.0286598 2999.9 0.99944
299600000 17875.3 0.00540275 2999.9 0.999516
299700000 17875.3 -0.240352 2999.94 0.999491
299800000 17875.3 -0.188862 2999.93 0.999371
299900000 17875.3 -0.104238 2999.92 0.999382
300000000 17875.3 0.504343 2999.81 0.999604
300100000 17875.3 -0.257267 2999.94 0.99941
300200000 17875.3 0.154515 2999.87 0.999559
300300000 17875.3 -0.136737 2999.92 0.999376
300400000 17875.3 0.202971 2999.86 0.999507
300500000 17875.3 -0.0511534 2999.91 0.999523
300600000 17875.3 -0.168836 2999.93 0.999428
300700000 17875.3 -0.248251 2999.94 0.999373
300800000 17875.3 -0.150439 2999.92 0.999385
300900000 17875.3 1.91274 2999.58 0.999907
301000000 17875.3 -0.230219 2999.94 0.999387
301100000 17875.3 -0.0979959 2999.91 0.9994
301200000 17875.3 -0.277181 2999.94 0.999465
301300000 17875.3 0.253273 2999.86 0.999592
301400000 17875.3 -0.156213 2999.92 0.99938
301500000 17875.3 0.118698 2999.88 0.999494
301600000 17875.3 -0.0583113 2999.91 0.999386
301700000 17875.3 0.0595848 2999.89 0.999476
301800000 17875.3 -0.24263 2999.94 0.999451
301900000 17875.3 0.687872 2999.78 0.999652
302000000 17875.3 -0.28341 2999.95 0.999375
302100000 17875.3 -0.168513 2999.93 0.999377
302200000 17875.3 -0.13287 2999.92 0.999446
302300000 17875.3 -0.183653 2999.93 0.999412
302400000 17875.3 -0.26507 2999.94 0.999409
302500000 17875.3 0.149885 2999.87 0.999544
302600000 17875.3 0.401872 2999.83 0.999627
302700000 17875.3 -0.0478394 2999.91 0.999546
302800000 17875.3 -0.14866 2999.92 0.999375
302900000 17875.3 -0.0154623 2999.9 0.999455
303000000 17875.3 -0.210744 2999.93 0.999392
303100000 17875.3 -0.236505 2999.94 0.999372
303200000 17875.3 -0.00502607 2999.9 0.999466
303300000 17875.3 -0.0841487 2999.91 0.999414
303400000 17875.3 1.45039 2999.65 0.999803
303500000 17875.3 -0.132503 2999.92 0.999401
303600000 17875.3 -0.040194 2999.9 0.999545
303700000 17875.3 1.10817 2999.71 0.999735
303800000 17875.3 -0.247229 2999.94 0.999385
303900000 17875.3 -0.170623 2999.93 0.999374
304000000 17875.3 -0.261898 2999.94 0.999368
304100000 17875.3 -0.156052 2999.92 0.999384
304200000 17875.3 -0.409605 2999.97 0.999414
304300000 17875.3 -0.337325 2999.95 0.999412
304400000 17875.3 0.0596278 2999.89 0.999544
304500000 17875.3 0.370411 2999.84 0.999578
304600000 17875.3 -0.248136 2999.94 0.999383
304700000 17875.3 -0.142562 2999.92 0.999442
304800000 17875.3 0.142079 2999.87 0.999544
304900000 17875.3 -0.245377 2999.94 0.99939
305000000 17875.3 -0.195595 2999.93 0.999386
305100000 17875.3 -0.220199 2999.94 0.999374
305200000 17875.3 -0.111719 2999.92 0.99938
305300000 17875.3 0.0391403 2999.89 0.999514
305400000 17875.3 -0.14015 2999.92 0.99938
305500000 17875.3 -0.180171 2999.93 0.999375
305600000 17875.3 3.52932 2999.31 1.0003
305700000 17875.3 0.16143 2999.87 0.999493
305800000 17875.3 -0.170716 2999.93 0.999436
305900000 17875.3 -0.183614 2999.93 0.99945
306000000 17875.3 -0.0601244 2999.91 0.999495
306100000 17875.3 -0.275411 2999.94 0.999363
306200000 17875.3 -0.216901 2999.93 0.999409
306300000 17875.3 0.211477 2999.86 0.999526
306400000 17875.3 0.337385 2999.84 0.999614
306500000 17875.3 -0.180214 2999.93 0.999375
306600000 17875.3 -0.144763 2999.92 0.999378
306700000 17875.3 -0.129517 2999.92 0.999393
306800000 17875.3 -0.112571 2999.92 0.999376
306900000 17875.3 -0.105574 2999.92 0.999385
307000000 17875.3 -0.260554 2999.94 0.999388
307100000 17875.3 -0.211766 2999.93 0.999376
307200000 17875.3 -0.268665 2999.94 0.999371
307300000 17875.3 -0.217884 2999.93 0.99939
307400000 17875.3 -0.152898 2999.92 0.999374
307500000 17875.3 -0.277489 2999.94 0.999385
307600000 17875.3 0.316464 2999.85 0.999563
307700000 17875.3 0.233871 2999.86 0.999576
307800000 17875.3 -0.101114 2999.92 0.999399
307900000 17875.3 -0.145065 2999.92 0.99939
308000000 17875.3 -0.283225 2999.95 0.99938
308100000 17875.3 -0.131202 2999.92 0.999407
308200000 17875.3 -0.093014 2999.91 0.99949
308300000 17875.3 -0.235394 2999.94 0.999394
308400000 17875.3 -0.191039 2999.93 0.999391
308500000 17875.3 0.390795 2999.83 0.999619
308600000 17875.3 -0.0688369 2999.91 0.999416
308700000 17875.3 0.178203 2999.87 0.999636
308800000 17875.3 -0.271045 2999.94 0.999376
308900000 17875.3 -0.147332 2999.92 0.999376
309000000 17875.3 -0.251758 2999.94 0.999368
309100000 17875.3 -0.0639415 2999.91 0.999384
309200000 17875.3 -0.159159 2999.92 0.999375
309300000 17875.3 -0.142854 2999.92 0.999399
309400000 17875.3 -0.135003 2999.92 0.99941
309500000 17875.3 0.399953 2999.83 0.999574
309600000 17875.3 1.307 2999.68 0.999777
309700000 17875.3 1.34114 2999.67 0.999817
309800000 17875.3 -0.148518 2999.92 0.99938
309900000 17875.3 -0.237082 2999.94 0.999436
310000000 17875.3 -0.347192 2999.96 0.999385
310100000 17875.3 -0.181968 2999.93 0.999383
310200000 17875.3 -0.208321 2999.93 0.999515
310300000 17875.3 -0.283551 2999.95 0.999377
310400000 17875.3 0.262134 2999.85 0.999539
310500000 17875.3 0.973195 2999.73 0.999729
310600000 17875.3 0.79255 2999.77 0.999726
310700000 17875.3 -0.183375 2999.93 0.999415
310800000 17875.3 0.152657 2999.87 0.999491
310900000 17875.3 0.591185 2999.8 0.999602
311000000 17875.3 0.0600215 2999.89 0.9995
311100000 17875.3 -0.16542 2999.93 0.999452
311200000 17875.3 0.720072 2999.78 0.999632
311300000 17875.3 -0.264293 2999.94 0.999428
311400000 17875.3 -0.168438 2999.93 0.999377
311500000 17875.3 1.29237 2999.68 0.999816
311600000 17875.3 -0.209817 2999.93 0.999366
311700000 17875.3 -0.146644 2999.92 0.99938
311800000 17875.3 -0.255442 2999.94 0.999368
311900000 17875.3 -0.136104 2999.92 0.999419
312000000 17875.3 1.56212 2999.64 0.999944
312100000 17875.3 -0.150284 2999.92 0.999452
312200000 17875.3 -0.242915 2999.94 0.999439
312300000 17875.3 0.310028 2999.85 0.999616
312400000 17875.3 -0.104219 2999.92 0.999389
312500000 17875.3 -0.166802 2999.93 0.9994
312600000 17875.3 -0.167423 2999.93 0.999403
312700000 17875.3 -0.205254 2999.93 0.999387
312800000 17875.3 -0.367087 2999.96 0.999399
312900000 17875.3 -0.115071 2999.92 0.999413
313000000 17875.3 -0.0965063 2999.91 0.999409
313100000 17875.3 0.201634 2999.86 0.99957
313200000 17875.3 0.237393 2999.86 0.999601
313300000 17875.3 0.235907 2999.86 0.99957
313400000 17875.3 -0.0192479 2999.9 0.999448
313500000 17875.3 -0.0187207 2999.9 0.999444
313600000 17875.3 -0.197305 2999.93 0.999405
313700000 17875.3 -0.135558 2999.92 0.999396
313800000 17875.3 -0.165815 2999.93 0.999379
313900000 17875.3 -0.335167 2999.95 0.999377
314000000 17875.3 1.48983 2999.65 0.99989
314100000 17875.3 0.149108 2999.87 0.999524
314200000 17875.3 0.196034 2999.87 0.999531
314300000 17875.3 -0.156814 2999.92 0.999383
314400000 17875.3 -0.165328 2999.93 0.999388
314500000 17875.3 0.0127109 2999.9 0.999492
314600000 17875.3 -0.0866526 2999.91 0.999415
314700000 17875.3 0.676999 2999.78 0.999609
314800000 17875.3 -0.118327 2999.92 0.99938
314900000 17875.3 0.202579 2999.86 0.999595
315000000 17875.3 0.0375948 2999.89 0.999455
315100000 17875.3 0.104731 2999.88 0.999536
315200000 17875.3 0.223022 2999.86 0.999559
315300000 17875.3 -0.306986 2999.95 0.999369
315400000 17875.3 -0.259592 2999.94 0.999404
315500000 17875.3 0.117134 2999.88 0.999563
315600000 17875.3 -0.105684 2999.92 0.999396
315700000 17875.3 0.759947 2999.77 0.999641
315800000 17875.3 -0.200062 2999.93 0.999419
315900000 17875.3 1.80453 2999.6 1.00007
316000000 17875.3 -0.437376 2999.97 0.999426
316100000 17875.3 -0.0258655 2999.9 0.999521
316200000 17875.3 -0.270608 2999.94 0.999407
316300000 17875.3 -0.0982221 2999.91 0.999483
316400000 17875.3 -0.298017 2999.95 0.99939
316500000 17875.3 -0.101508 2999.92 0.999438
316600000 17875.3 2.33565 2999.51 0.999974
316700000 17875.3 -0.303578 2999.95 0.999394
316800000 17875.3 -0.106399 2999.92 0.999405
316900000 17875.3 -0.217555 2999.93 0.999376
317000000 17875.3 0.328863 2999.84 0.999558
317100000 17875.3 -0.20787 2999.93 0.999444
317200000 17875.3 0.121306 2999.88 0.999507
317300000 17875.3 -0.255328 2999.94 0.999411
317400000 17875.3 0.0817026 2999.88 0.999479
317500000 17875.3 -0.331971 2999.95 0.99937
317600000 17875.3 0.103527 2999.88 0.999522
317700000 17875.3 0.58765 2999.8 0.999674
317800000 17875.3 -0.252986 2999.94 0.999369
317900000 17875.3 -0.170839 2999.93 0.999373
318000000 17875.3 -0.176917 2999.93 0.999403
318100000 17875.3 0.456959 2999.82 0.999661
318200000 17875.3 -0.12078 2999.92 0.999378
318300000 17875.3 0.258814 2999.85 0.99953
318400000 17875.3 0.260516 2999.85 0.999664
318500000 17875.3 -0.215231 2999.93 0.999427
318600000 17875.3 -0.167261 2999.93 0.999452
318700000 17875.3 -0.225447 2999.94 0.999447
318800000 17875.3 0.784837 2999.77 0.999735
318900000 17875.3 -0.146266 2999.92 0.999426
319000000 17875.3 0.0216047 2999.89 0.999502
319100000 17875.3 -0.0912925 2999.91 0.999455
319200000 17875.3 -0.0642996 2999.91 0.999384
319300000 17875.3 -0.19715 2999.93 0.999412
319400000 17875.3 1.5242 2999.64 0.999833
319500000 17875.3 -0.189602 2999.93 0.999393
319600000 17875.3 0.262089 2999.85 0.999521
319700000 17875.3 -0.12342 2999.92 0.999377
319800000 17875.3 0.33153 2999.84 0.999573
319900000 17875.3 0.0512175 2999.89 0.999522
320000000 17875.3 0.249015 2999.86 0.999565
320100000 17875.3 -0.0354631 2999.9 0.999537
320200000 17875.3 -0.217538 2999.93 0.999384
320300000 17875.3 -0.218577 2999.93 0.999389
320400000 17875.3 0.0868899 2999.88 0.9995
320500000 17875.3 -0.181444 2999.93 0.99941
320600000 17875.3 0.168328 2999.87 0.999525
320700000 17875.3 -0.0701382 2999.91 0.999479
320800000 17875.3 -0.296138 2999.95 0.999403
320900000 17875.3 0.0566053 2999.89 0.999491
321000000 17875.3 -0.285312 2999.95 0.999409
321100000 17875.3 0.652296 2999.79 0.999704
321200000 17875.3 -0.00575923 2999.9 0.999394
321300000 17875.3 -0.0329058 2999.9 0.999514
321400000 17875.3 0.854937 2999.75 0.999741
321500000 17875.3 -0.236878 2999.94 0.999387
321600000 17875.3 0.18464 2999.87 0.999548
321700000 17875.3 -0.168351 2999.93 0.999369
321800000 17875.3 -0.129819 2999.92 0.99942
321900000 17875.3 0.158831 2999.87 0.999505
322000000 17875.3 1.39445 2999.66 0.999891
322100000 17875.3 -0.149159 2999.92 0.999402
322200000 17875.3 0.206533 2999.86 0.99954
322300000 17875.3 1.35067 2999.67 0.999772
322400000 17875.3 -0.132557 2999.92 0.999393
322500000 17875.3 -0.232082 2999.94 0.999361
322600000 17875.3 -0.304231 2999.95 0.999381
322700000 17875.3 1.15764 2999.7 0.999807
322800000 17875.3 -0.0215533 2999.9 0.999468
322900000 17875.3 -0.0326858 2999.9 0.999523
323000000 17875.3 0.181859 2999.87 0.999584
323100000 17875.3 -0.212582 2999.93 0.999387
323200000 17875.3 -0.278024 2999.94 0.999372
323300000 17875.3 -0.155063 2999.92 0.999388
323400000 17875.3 0.074231 2999.89 0.999491
323500000 17875.3 0.428304 2999.83 0.999576
323600000 17875.3 2.6365 2999.46 1.00004
323700000 17875.3 -0.279694 2999.95 0.999416
323800000 17875.3 0.160393 2999.87 0.999544
323900000 17875.3 0.0743437 2999.89 0.99953
324000000 17875.3 -0.152834 2999.92 0.999398
324100000 17875.3 -0.216868 2999.93 0.999489
324200000 17875.3 1.19077 2999.7 0.999719
324300000 17875.3 0.538341 2999.81 0.999586
324400000 17875.3 0.16593 2999.87 0.999494
324500000 17875.3 -0.108046 2999.92 0.999508
324600000 17875.3 1.07303 2999.72 0.999746
324700000 17875.3 0.305847 2999.85 0.999541
324800000 17875.3 0.443596 2999.82 0.999556
324900000 17875.3 -0.0991049 2999.91 0.999388
325000000 17875.3 -0.12232 2999.92 0.999446
325100000 17875.3 0.142949 2999.87 0.999536
325200000 17875.3 -0.325865 2999.95 0.999428
325300000 17875.3 0.933827 2999.74 0.999823
325400000 17875.3 -0.118398 2999.92 0.999376
325500000 17875.3 -0.263338 2999.94 0.999364
325600000 17875.3 -0.213118 2999.93 0.99939
325700000 17875.3 -0.0115255 2999.9 0.999393
325800000 17875.3 0.601297 2999.8 0.999612
325900000 17875.3 -0.0672335 2999.91 0.999384
326000000 17875.3 -0.144235 2999.92 0.999374
326100000 17875.3 -0.20357 2999.93 0.999468
326200000 17875.3 -0.204652 2999.93 0.999376
326300000 17875.3 -0.160312 2999.93 0.999382
326400000 17875.3 -0.115101 2999.92 0.999509
326500000 17875.3 -0.336163 2999.95 0.999415
326600000 17875.3 -0.156621 2999.92 0.999373
326700000 17875.3 0.32189 2999.84 0.999547
326800000 17875.3 0.731559 2999.78 0.999634
326900000 17875.3 -0.170973 2999.93 0.999377
327000000 17875.3 -0.176678 2999.93 0.999372
327100000 17875.3 0.433327 2999.83 0.9996
327200000 17875.3 -0.062627 2999.91 0.999408
327300000 17875.3 -0.0908485 2999.91 0.999417
327400000 17875.3 -0.203818 2999.93 0.999378
327500000 17875.3 -0.16634 2999.93 0.999386
327600000 17875.3 -0.165908 2999.93 0.999419
327700000 17875.3 -0.225199 2999.94 0.999386
327800000 17875.3 -0.246911 2999.94 0.999416
327900000 17875.3 -0.281245 2999.95 0.999435
328000000 17875.3 0.203255 2999.86 0.999525
328100000 17875.3 -0.0519523 2999.91 0.999387
328200000 17875.3 -0.388368 2999.96 0.999391
328300000 17875.3 -0.0734993 2999.91 0.999436
328400000 17875.3 -0.106341 2999.92 0.999447
328500000 17875.3 -0.138875 2999.92 0.999374
328600000 17875.3 -0.284948 2999.95 0.999434
328700000 17875.3 -0.208579 2999.93 0.999371
328800000 17875.3 -0.235186 2999.94 0.999381
328900000 17875.3 -0.231014 2999.94 0.999383
329000000 17875.3 -0.235277 2999.94 0.999384
329100000 17875.3 -0.0739647 2999.91 0.999407
329200000 17875.3 -0.21076 2999.93 0.999417
329300000 17875.3 -0.0587594 2999.91 0.999529
329400000 17875.3 -0.262979 2999.94 0.999373
329500000 17875.3 0.206523 2999.86 0.999529
329600000 17875.3 0.527107 2999.81 0.999576
329700000 17875.3 0.0330262 2999.89 0.999549
329800000 17875.3 -0.188532 2999.93 0.999448
329900000 17875.3 -0.181731 2999.93 0.999412
330000000 17875.3 0.767454 2999.77 0.999643
330100000 17875.3 -0.0501234 2999.91 0.999494
330200000 17875.3 -0.121439 2999.92 0.999382
330300000 17875.3 0.0525913 2999.89 0.999527
330400000 17875.3 0.118438 2999.88 0.999502
330500000 17875.3 0.289672 2999.85 0.999559
330600000 17875.3 -0.0167499 2999.9 0.999541
330700000 17875.3 0.202596 2999.86 0.99954
330800000 17875.3 -0.0754532 2999.91 0.999465
330900000 17875.3 0.018467 2999.89 0.999481
331000000 17875.3 0.111049 2999.88 0.999564
331100000 17875.3 0.603262 2999.8 0.999594
331200000 17875.3 -0.255537 2999.94 0.999371
331300000 17875.3 -0.347818 2999.96 0.999451
331400000 17875.3 0.245359 2999.86 0.99956
331500000 17875.3 0.0741518 2999.89 0.999511
331600000 17875.3 0.0264434 2999.89 0.999532
331700000 17875.3 0.202171 2999.86 0.999664
331800000 17875.3 -0.14896 2999.92 0.999424
331900000 17875.3 -0.268514 2999.94 0.999407
332000000 17875.3 -0.172315 2999.93 0.999403
332100000 17875.3 -0.249723 2999.94 0.999374
332200000 17875.3 -0.170754 2999.93 0.999373
332300000 17875.3 -0.283988 2999.95 0.99941
332400000 17875.3 1.47899 2999.65 0.999831
332500000 17875.3 -0.0840734 2999.91 0.99938
332600000 17875.3 0.0279342 2999.89 0.999503
332700000 17875.3 -0.239049 2999.94 0.999395
332800000 17875.3 -0.0921615 2999.91 0.999429
332900000 17875.3 -0.00112247 2999.9 0.999491
333000000 17875.3 0.134667 2999.88 0.99954
333100000 17875.3 0.141158 2999.87 0.999526
333200000 17875.3 0.32674 2999.84 0.999583
333300000 17875.3 0.245805 2999.86 0.999524
333400000 17875.3 -0.0952033 2999.91 0.999437
333500000 17875.3 0.264959 2999.85 0.999554
333600000 17875.3 -0.0390983 2999.9 0.99943
333700000 17875.3 -0.195426 2999.93 0.999387
333800000 17875.3 -0.131495 2999.92 0.999379
333900000 17875.3 -0.102969 2999.92 0.99938
334000000 17875.3 -0.272509 2999.94 0.999408
334100000 17875.3 -0.145064 2999.92 0.999375
334200000 17875.3 0.362915 2999.84 0.999601
334300000 17875.3 -0.067551 2999.91 0.999386
334400000 17875.3 -0.144668 2999.92 0.99938
334500000 17875.3 1.19424 2999.7 0.999797
334600000 17875.3 -0.0690879 2999.91 0.999388
334700000 17875.3 0.0995296 2999.88 0.999477
334800000 17875.3 0.27921 2999.85 0.999522
334900000 17875.3 0.157395 2999.87 0.99953
335000000 17875.3 2.59446 2999.46 1.00007
335100000 17875.3 0.136799 2999.88 0.999488
335200000 17875.3 0.567246 2999.8 0.999679
335300000 17875.3 0.429133 2999.83 0.999682
335400000 17875.3 0.813914 2999.76 0.999688
335500000 17875.3 -0.226593 2999.94 0.999406
335600000 17875.3 1.02878 2999.73 0.999692
335700000 17875.3 0.249802 2999.86 0.999586
335800000 17875.3 1.17541 2999.7 0.999796
335900000 17875.3 -0.346759 2999.96 0.999378
336000000 17875.3 -0.0787934 2999.91 0.999485
336100000 17875.3 0.051921 2999.89 0.99946
336200000 17875.3 0.18781 2999.87 0.999504
336300000 17875.3 -0.262207 2999.94 0.99942
336400000 17875.3 -0.194163 2999.93 0.999381
336500000 17875.3 -0.186547 2999.93 0.999405
336600000 17875.3 0.793677 2999.76 0.999686
336700000 17875.3 -0.111904 2999.92 0.999415
336800000 17875.3 0.912533 2999.74 0.999721
336900000 17875.3 0.231095 2999.86 0.99955
337000000 17875.3 -0.22719 2999.94 0.99949
337100000 17875.3 -0.258389 2999.94 0.999382
337200000 17875.3 0.802181 2999.76 0.999734
337300000 17875.3 -0.170545 2999.93 0.999378
337400000 17875.3 -0.0529795 2999.91 0.999386
337500000 17875.3 -0.225731 2999.94 0.999382
337600000 17875.3 -0.142551 2999.92 0.999375
337700000 17875.3 -0.222885 2999.94 0.999368
337800000 17875.3 -0.0139732 2999.9 0.999521
337900000 17875.3 -0.285502 2999.95 0.999388
338000000 17875.3 0.00989253 2999.9 0.999499
338100000 17875.3 -0.116931 2999.92 0.999419
338200000 17875.3 -0.126383 2999.92 0.999379
338300000 17875.3 -0.217836 2999.93 0.999442
338400000 17875.3 -0.21 2999.93 0.999369
338500000 17875.3 -0.248755 2999.94 0.999403
338600000 17875.3 -0.231141 2999.94 0.999376
338700000 17875.3 -0.202125 2999.93 0.999391
338800000 17875.3 -2.3669e-05 2999.9 0.999513
338900000 17875.3 0.862642 2999.75 0.999783
339000000 17875.3 0.0166983 2999.9 0.999571
339100000 17875.3 -0.186861 2999.93 0.999403
339200000 17875.3 -0.1528 2999.92 0.999435
339300000 17875.3 0.732246 2999.78 0.999624
339400000 17875.3 0.779045 2999.77 0.999684
339500000 17875.3 -0.254583 2999.94 0.999404
339600000 17875.3 -0.173346 2999.93 0.99938
339700000 17875.3 1.63443 2999.62 0.999866
339800000 17875.3 2.35861 2999.5 0.999969
339900000 17875.3 -0.0912631 2999.91 0.999437
340000000 17875.3 -0.113338 2999.92 0.999381
340100000 17875.3 -0.307819 2999.95 0.999435
340200000 17875.3 -0.198321 2999.93 0.999372
340300000 17875.3 -0.175418 2999.93 0.999375
340400000 17875.3 -0.170089 2999.93 0.999476
340500000 17875.3 -0.338419 2999.95 0.999363
340600000 17875.3 -0.349233 2999.96 0.999388
340700000 17875.3 -0.0628024 2999.91 0.999462
340800000 17875.3 -0.249786 2999.94 0.999394
340900000 17875.3 -0.0724228 2999.91 0.999382
341000000 17875.3 -0.277941 2999.94 0.999406
341100000 17875.3 -0.291488 2999.95 0.999386
341200000 17875.3 -0.132732 2999.92 0.999377
341300000 17875.3 -0.113223 2999.92 0.999386
341400000 17875.3 0.130368 2999.88 0.999553
341500000 17875.3 -0.243787 2999.94 0.999411
341600000 17875.3 -0.287496 2999.95 0.999362
341700000 17875.3 -0.264639 2999.94 0.99937
341800000 17875.3 1.90148 2999.58 1.00007
341900000 17875.3 -0.201127 2999.93 0.999395
342000000 17875.3 -0.244225 2999.94 0.999404
342100000 17875.3 -0.180317 2999.93 0.999428
342200000 17875.3 0.295581 2999.85 0.999532
342300000 17875.3 -0.223158 2999.94 0.999407
342400000 17875.3 -0.141938 2999.92 0.999391
342500000 17875.3 -0.0649199 2999.91 0.99949
342600000 17875.3 -0.163508 2999.93 0.999452
342700000 17875.3 -0.368178 2999.96 0.999372
342800000 17875.3 -0.0236393 2999.9 0.999482
342900000 17875.3 -0.134579 2999.92 0.999422
343000000 17875.3 -0.111578 2999.92 0.999441
343100000 17875.3 -0.0618406 2999.91 0.999443
343200000 17875.3 -0.260466 2999.94 0.999382
343300000 17875.3 -0.326197 2999.95 0.99938
343400000 17875.3 0.338383 2999.84 0.999557
343500000 17875.3 -0.175154 2999.93 0.999378
343600000 17875.3 -0.209619 2999.93 0.999425
343700000 17875.3 -0.111413 2999.92 0.999384
343800000 17875.3 0.0179127 2999.9 0.999453
343900000 17875.3 0.613422 2999.8 0.999618
344000000 17875.3 -0.160915 2999.93 0.999383
344100000 17875.3 0.631413 2999.79 0.999617
344200000 17875.3 -0.366175 2999.96 0.999363
344300000 17875.3 -0.170186 2999.93 0.999373
344400000 17875.3 -0.197678 2999.93 0.999412
344500000 17875.3 -0.0691319 2999.91 0.999386
344600000 17875.3 0.643273 2999.79 0.999688
344700000 17875.3 -0.101706 2999.92 0.999445
344800000 17875.3 -0.228048 2999.94 0.999391
344900000 17875.3 -0.23181 2999.94 0.999558
345000000 17875.3 0.160614 2999.87 0.999488
345100000 17875.3 1.04839 2999.72 0.999759
345200000 17875.3 0.0664554 2999.89 0.999545
345300000 17875.3 -0.325392 2999.95 0.999398
345400000 17875.3 -0.109858 2999.92 0.999388
345500000 17875.3 -0.080879 2999.91 0.999384
345600000 17875.3 -0.0391083 2999.9 0.99956
345700000 17875.3 0.831014 2999.76 0.999713
345800000 17875.3 -0.270533 2999.94 0.999383
345900000 17875.3 -0.353373 2999.96 0.999406
346000000 17875.3 -0.154689 2999.92 0.999424
346100000 17875.3 1.60968 2999.63 0.999871
346200000 17875.3 -0.124526 2999.92 0.999376
346300000 17875.3 -0.200829 2999.93 0.999392
346400000 17875.3 -0.265701 2999.94 0.99941
346500000 17875.3 -0.40434 2999.97 0.999369
346600000 17875.3 -0.159011 2999.92 0.999448
346700000 17875.3 -0.159858 2999.92 0.999377
346800000 17875.3 0.405037 2999.83 0.999587
346900000 17875.3 -0.101598 2999.92 0.999385
347000000 17875.3 -0.135918 2999.92 0.999402
347100000 17875.3 -0.278664 2999.94 0.999384
347200000 17875.3 -0.137933 2999.92 0.999381
347300000 17875.3 2.7062 2999.44 1.00005
347400000 17875.3 -0.0846225 2999.91 0.999382
347500000 17875.3 -0.156908 2999.92 0.999441
347600000 17875.3 -0.133196 2999.92 0.99943
347700000 17875.3 1.16585 2999.7 0.999736
347800000 17875.3 -0.163767 2999.93 0.999442
347900000 17875.3 -0.136499 2999.92 0.999376
348000000 17875.3 0.424445 2999.83 0.999553
348100000 17875.3 0.0546797 2999.89 0.999496
348200000 17875.3 0.0162596 2999.9 0.999489
348300000 17875.3 0.364799 2999.84 0.999646
348400000 17875.3 -0.14545 2999.92 0.999378
348500000 17875.3 -0.180846 2999.93 0.999369
348600000 17875.3 0.218038 2999.86 0.999527
348700000 17875.3 1.28596 2999.68 0.999744
348800000 17875.3 -0.103099 2999.92 0.999379
348900000 17875.3 0.522572 2999.81 0.9996
349000000 17875.3 0.26652 2999.85 0.99962
349100000 17875.3 -0.162945 2999.93 0.999394
349200000 17875.3 0.530247 2999.81 0.999615
349300000 17875.3 -0.287563 2999.95 0.999366
349400000 17875.3 0.0868753 2999.88 0.999501
349500000 17875.3 -0.184532 2999.93 0.999405
349600000 17875.3 0.110925 2999.88 0.999505
349700000 17875.3 0.652626 2999.79 0.999624
349800000 17875.3 -0.270253 2999.94 0.999367
349900000 17875.3 -0.22222 2999.94 0.999419
350000000 17875.3 -0.300365 2999.95 0.999381
350100000 17875.3 -0.376244 2999.96 0.999386
350200000 17875.3 -0.516753 2999.98 0.999428
350300000 17875.3 -0.454734 2999.97 0.999378
350400000 17875.3 -0.251305 2999.94 0.999363
350500000 17875.3 -0.333552 2999.95 0.999429
350600000 17875.3 -0.349216 2999.96 0.999443
350700000 17875.3 0.181362 2999.87 0.999606
350800000 17875.3 -0.39801 2999.96 0.999361
350900000 17875.3 -0.126519 2999.92 0.99938
351000000 17875.3 0.0203046 2999.89 0.999533
351100000 17875.3 0.775829 2999.77 0.999638
351200000 17875.3 -0.201132 2999.93 0.999389
351300000 17875.3 -0.146871 2999.92 0.999388
351400000 17875.3 -0.0536115 2999.91 0.999387
351500000 17875.3 1.15465 2999.7 0.999721
351600000 17875.3 -0.307987 2999.95 0.999382
351700000 17875.3 0.366057 2999.84 0.999618
351800000 17875.3 0.263101 2999.85 0.999518
351900000 17875.3 -0.0855287 2999.91 0.999464
352000000 17875.3 -0.128977 2999.92 0.999375
352100000 17875.3 0.789121 2999.77 0.999803
352200000 17875.3 -0.121335 2999.92 0.999378
352300000 17875.3 3.34746 2999.34 1.0003
352400000 17875.3 -0.0741147 2999.91 0.999429
352500000 17875.3 0.119176 2999.88 0.999496
352600000 17875.3 0.35889 2999.84 0.999647
352700000 17875.3 0.0340088 2999.89 0.999456
352800000 17875.3 -0.0822558 2999.91 0.99938
352900000 17875.3 0.017331 2999.9 0.999449
353000000 17875.3 -0.0837905 2999.91 0.999496
353100000 17875.3 0.719341 2999.78 0.999618
353200000 17875.3 1.1858 2999.7 0.999805
353300000 17875.3 0.437563 2999.82 0.999573
353400000 17875.3 0.0976106 2999.88 0.999491
353500000 17875.3 -0.238092 2999.94 0.999373
353600000 17875.3 -0.113815 2999.92 0.999383
353700000 17875.3 -0.0834691 2999.91 0.999385
353800000 17875.3 -0.268722 2999.94 0.999372
353900000 17875.3 -0.0663701 2999.91 0.9995
354000000 17875.3 0.00957226 2999.9 0.999552
354100000 17875.3 -0.157211 2999.92 0.999376
354200000 17875.3 0.449934 2999.82 0.999701
354300000 17875.3 -0.198732 2999.93 0.999369
354400000 17875.3 0.000916556 2999.9 0.999459
354500000 17875.3 -0.22824 2999.94 0.999428
354600000 17875.3 0.216651 2999.86 0.9996
354700000 17875.3 -0.36726 2999.96 0.99941
354800000 17875.3 -0.0860463 2999.91 0.999452
354900000 17875.3 0.439283 2999.82 0.999588
355000000 17875.3 0.0227294 2999.89 0.999469
355100000 17875.3 -0.223735 2999.94 0.999456
355200000 17875.3 -0.313768 2999.95 0.999395
355300000 17875.3 0.298334 2999.85 0.999589
355400000 17875.3 -0.264071 2999.94 0.999465
355500000 17875.3 0.108672 2999.88 0.999518
355600000 17875.3 -0.371202 2999.96 0.99937
355700000 17875.3 -0.185625 2999.93 0.999381
355800000 17875.3 0.186142 2999.87 0.999521
355900000 17875.3 0.530969 2999.81 0.999629
356000000 17875.3 -0.247232 2999.94 0.999397
356100000 17875.3 -0.186182 2999.93 0.999384
356200000 17875.3 -0.379124 2999.96 0.999357
356300000 17875.3 -0.239161 2999.94 0.999379
356400000 17875.3 -0.20064 2999.93 0.999394
356500000 17875.3 -0.192676 2999.93 0.999461
356600000 17875.3 -0.237654 2999.94 0.999382
356700000 17875.3 0.717949 2999.78 0.999771
356800000 17875.3 -0.174619 2999.93 0.99943
356900000 17875.3 0.0668424 2999.89 0.999463
357000000 17875.3 -0.102984 2999.92 0.999378
357100000 17875.3 -0.25239 2999.94 0.999398
357200000 17875.3 1.65011 2999.62 0.999835
357300000 17875.3 -0.118366 2999.92 0.999377
357400000 17875.3 1.12599 2999.71 0.999762
357500000 17875.3 -0.136917 2999.92 0.999383
357600000 17875.3 -0.211606 2999.93 0.99937
357700000 17875.3 0.246066 2999.86 0.999525
357800000 17875.3 -0.0182046 2999.9 0.999459
357900000 17875.3 -0.330911 2999.95 0.999416
358000000 17875.3 -0.157454 2999.92 0.999419
358100000 17875.3 -0.238877 2999.94 0.999369
358200000 17875.3 0.150326 2999.87 0.99952
358300000 17875.3 -0.259871 2999.94 0.999379
358400000 17875.3 -0.142017 2999.92 0.999413
358500000 17875.3 0.0741136 2999.89 0.99953
358600000 17875.3 -0.182904 2999.93 0.999388
358700000 17875.3 -0.166402 2999.93 0.999413
358800000 17875.3 -0.169606 2999.93 0.999391
358900000 17875.3 -0.352478 2999.96 0.999426
359000000 17875.3 0.0742994 2999.89 0.999582
359100000 17875.3 0.543661 2999.81 0.999635
359200000 17875.3 -0.0017187 2999.9 0.999476
359300000 17875.3 0.152908 2999.87 0.99952
359400000 17875.3 2.21423 2999.53 0.999935
359500000 17875.3 -0.105695 2999.92 0.999482
359600000 17875.3 0.388753 2999.83 0.999575
359700000 17875.3 -0.0627827 2999.91 0.999441
359800000 17875.3 0.356488 2999.84 0.999617
359900000 17875.3 -0.160231 2999.92 0.999383
360000000 17875.3 -0.185438 2999.93 0.999394
360100000 17875.3 -0.137918 2999.92 0.999377
360200000 17875.3 -0.224089 2999.94 0.999376
360300000 17875.3 -0.33998 2999.96 0.999387
360400000 17875.3 0.0832058 2999.88 0.999532
360500000 17875.3 -0.2093 2999.93 0.999395
360600000 17875.3 1.0212 2999.73 0.999868
360700000 17875.3 -0.129419 2999.92 0.999411
360800000 17875.3 -0.225694 2999.94 0.999402
360900000 17875.3 -0.120743 2999.92 0.999393
361000000 17875.3 -0.155701 2999.92 0.99944
361100000 17875.3 -0.133598 2999.92 0.999376
361200000 17875.3 -0.0756583 2999.91 0.999381
361300000 17875.3 0.120759 2999.88 0.999477
361400000 17875.3 0.138593 2999.87 0.999493
361500000 17875.3 -0.157066 2999.92 0.99945
361600000 17875.3 0.283224 2999.85 0.999568
361700000 17875.3 0.0578191 2999.89 0.999516
361800000 17875.3 0.739529 2999.77 0.99963
361900000 17875.3 -0.159128 2999.92 0.999401
362000000 17875.3 -0.298369 2999.95 0.999444
362100000 17875.3 -0.0338162 2999.9 0.999427
362200000 17875.3 -0.149068 2999.92 0.999383
362300000 17875.3 -0.0974413 2999.91 0.999386
362400000 17875.3 -0.0723611 2999.91 0.99946
362500000 17875.3 0.874008 2999.75 0.999693
362600000 17875.3 -0.0125985 2999.9 0.999492
362700000 17875.3 -0.1672 2999.93 0.999415
362800000 17875.3 -0.0813962 2999.91 0.999385
362900000 17875.3 0.0634939 2999.89 0.999518
363000000 17875.3 -0.288965 2999.95 0.999377
363100000 17875.3 -0.206557 2999.93 0.999383
363200000 17875.3 -0.142513 2999.92 0.999433
363300000 17875.3 0.0163359 2999.9 0.999454
363400000 17875.3 0.00622242 2999.9 0.999487
363500000 17875.3 0.0125095 2999.9 0.999504
363600000 17875.3 -0.0337011 2999.9 0.999462
363700000 17875.3 -0.244695 2999.94 0.999423
363800000 17875.3 -0.232098 2999.94 0.999369
363900000 17875.3 -0.1233 2999.92 0.999387
364000000 17875.3 -0.057466 2999.91 0.999386
364100000 17875.3 -0.19105 2999.93 0.999386
364200000 17875.3 -0.12746 2999.92 0.999377
364300000 17875.3 -0.157506 2999.92 0.999459
364400000 17875.3 1.46565 2999.65 0.999917
364500000 17875.3 -0.326304 2999.95 0.999373
364600000 17875.3 0.73118 2999.78 0.999653
364700000 17875.3 -0.0628798 2999.91 0.999384
364800000 17875.3 0.777971 2999.77 0.999649
364900000 17875.3 -0.341743 2999.96 0.999372
365000000 17875.3 -0.228948 2999.94 0.9994
365100000 17875.3 -0.345011 2999.96 0.999403
365200000 17875.3 -0.170635 2999.93 0.999423
365300000 17875.3 -0.134054 2999.92 0.999395
365400000 17875.3 0.0809706 2999.88 0.999476
365500000 17875.3 2.66111 2999.45 1.00015
365600000 17875.3 0.213903 2999.86 0.999509
365700000 17875.3 -0.109988 2999.92 0.999444
365800000 17875.3 -0.143893 2999.92 0.999394
365900000 17875.3 -0.212651 2999.93 0.999431
366000000 17875.3 1.09986 2999.71 0.999821
366100000 17875.3 -0.127061 2999.92 0.999412
366200000 17875.3 0.0686674 2999.89 0.999476
366300000 17875.3 -0.152311 2999.92 0.999374
366400000 17875.3 -0.205307 2999.93 0.999379
366500000 17875.3 -0.111745 2999.92 0.99941
366600000 17875.3 -0.256405 2999.94 0.999428
366700000 17875.3 -0.182494 2999.93 0.99938
366800000 17875.3 -0.189404 2999.93 0.999378
366900000 17875.3 -0.222405 2999.94 0.999367
367000000 17875.3 -0.188204 2999.93 0.999389
367100000 17875.3 -0.292549 2999.95 0.999364
367200000 17875.3 -0.166104 2999.93 0.999407
367300000 17875.3 -0.341662 2999.96 0.999445
367400000 17875.3 -0.205104 2999.93 0.999399
367500000 17875.3 0.0916598 2999.88 0.999507
367600000 17875.3 -0.142068 2999.92 0.999376
367700000 17875.3 -0.219274 2999.93 0.999374
367800000 17875.3 -0.194942 2999.93 0.999378
367900000 17875.3 -0.13826 2999.92 0.99938
368000000 17875.3 -0.0859342 2999.91 0.99939
368100000 17875.3 -0.286279 2999.95 0.999393
368200000 17875.3 -0.246167 2999.94 0.999389
368300000 17875.3 -0.0836741 2999.91 0.999384
368400000 17875.3 -0.186245 2999.93 0.999433
368500000 17875.3 0.0108909 2999.9 0.999449
368600000 17875.3 -0.236347 2999.94 0.999409
368700000 17875.3 -0.100106 2999.91 0.99938
368800000 17875.3 0.455876 2999.82 0.999601
368900000 17875.3 -0.114763 2999.92 0.999396
369000000 17875.3 -0.176251 2999.93 0.999393
369100000 17875.3 4.27874 2999.18 1.00031
369200000 17875.3 -0.118876 2999.92 0.99938
369300000 17875.3 -0.359707 2999.96 0.999397
369400000 17875.3 1.13837 2999.71 0.999816
369500000 17875.3 -0.179089 2999.93 0.9994
369600000 17875.3 0.450972 2999.82 0.999679
369700000 17875.3 -0.0862817 2999.91 0.999381
369800000 17875.3 -0.294087 2999.95 0.999398
369900000 17875.3 -0.0429779 2999.91 0.999465
370000000 17875.3 -0.261242 2999.94 0.999392
370100000 17875.3 -0.065678 2999.91 0.999413
370200000 17875.3 -0.291911 2999.95 0.999373
370300000 17875.3 0.305329 2999.85 0.999523
370400000 17875.3 3.39751 2999.33 1.00043
370500000 17875.3 -0.159551 2999.92 0.999385
370600000 17875.3 -0.205451 2999.93 0.999462
370700000 17875.3 -0.196355 2999.93 0.999383
370800000 17875.3 0.204491 2999.86 0.999551
370900000 17875.3 0.335773 2999.84 0.99954
371000000 17875.3 -0.101616 2999.92 0.999381
371100000 17875.3 -0.141702 2999.92 0.999421
371200000 17875.3 0.542247 2999.81 0.999608
371300000 17875.3 -0.149208 2999.92 0.999386
371400000 17875.3 -0.0708695 2999.91 0.999461
371500000 17875.3 -0.12757 2999.92 0.999404
371600000 17875.3 0.00744227 2999.9 0.999511
371700000 17875.3 -0.102207 2999.92 0.999458
371800000 17875.3 0.324996 2999.84 0.999533
371900000 17875.3 0.57521 2999.8 0.999702
372000000 17875.3 -0.14265 2999.92 0.999436
372100000 17875.3 0.21992 2999.86 0.999517
372200000 17875.3 -0.205258 2999.93 0.999437
372300000 17875.3 0.0609883 2999.89 0.99946
372400000 17875.3 -0.0247499 2999.9 0.999488
372500000 17875.3 -0.225477 2999.94 0.999451
372600000 17875.3 -0.0475925 2999.91 0.999387
372700000 17875.3 -0.170967 2999.93 0.999377
372800000 17875.3 -0.260871 2999.94 0.999395
372900000 17875.3 0.320007 2999.84 0.999534
373000000 17875.3 -0.217669 2999.93 0.99938
373100000 17875.3 0.15495 2999.87 0.999584
373200000 17875.3 -0.036492 2999.9 0.999501
373300000 17875.3 -0.090916 2999.91 0.999385
373400000 17875.3 -0.0951978 2999.91 0.999454
373500000 17875.3 0.653889 2999.79 0.999643
373600000 17875.3 0.056919 2999.89 0.99956
373700000 17875.3 -0.181568 2999.93 0.999471
373800000 17875.3 -0.119802 2999.92 0.999475
373900000 17875.3 1.66536 2999.62 1.00001
374000000 17875.3 0.58236 2999.8 0.999609
374100000 17875.3 -0.0513255 2999.91 0.999464
374200000 17875.3 1.04416 2999.72 0.999764
374300000 17875.3 -0.188846 2999.93 0.999404
374400000 17875.3 0.374119 2999.84 0.999656
374500000 17875.3 -0.208174 2999.93 0.999381
374600000 17875.3 -0.191119 2999.93 0.999496
374700000 17875.3 3.43052 2999.32 1.0001
374800000 17875.3 0.571205 2999.8 0.999741
374900000 17875.3 -0.122541 2999.92 0.999379
375000000 17875.3 -0.111295 2999.92 0.999379
375100000 17875.3 0.0925987 2999.88 0.99951
375200000 17875.3 0.0381385 2999.89 0.999462
375300000 17875.3 0.138195 2999.87 0.999502
375400000 17875.3 -0.236591 2999.94 0.999368
375500000 17875.3 -0.198383 2999.93 0.999479
375600000 17875.3 0.0598375 2999.89 0.999537
375700000 17875.3 -0.234319 2999.94 0.999379
375800000 17875.3 -0.0502324 2999.91 0.99947
375900000 17875.3 0.0884806 2999.88 0.999586
376000000 17875.3 -0.208696 2999.93 0.99939
376100000 17875.3 -0.213249 2999.93 0.999388
376200000 17875.3 -0.245583 2999.94 0.999376
376300000 17875.3 0.968277 2999.74 0.999845
376400000 17875.3 -0.10911 2999.92 0.999397
376500000 17875.3 -0.0769589 2999.91 0.999418
376600000 17875.3 0.622798 2999.79 0.999611
376700000 17875.3 0.0227462 2999.89 0.99947
376800000 17875.3 0.30539 2999.85 0.999596
376900000 17875.3 0.118164 2999.88 0.999528
377000000 17875.3 -0.0435196 2999.91 0.999431
377100000 17875.3 -0.25706 2999.94 0.999366
377200000 17875.3 0.283228 2999.85 0.99955
377300000 17875.3 0.559411 2999.8 0.999689
377400000 17875.3 -0.0996381 2999.91 0.999382
377500000 17875.3 0.308684 2999.85 0.999537
377600000 17875.3 -0.0110668 2999.9 0.999486
377700000 17875.3 -0.140378 2999.92 0.999394
377800000 17875.3 0.132981 2999.88 0.999523
377900000 17875.3 2.09533 2999.55 1.00001
378000000 17875.3 -0.177469 2999.93 0.999404
378100000 17875.3 -0.0904612 2999.91 0.999404
378200000 17875.3 1.21709 2999.69 0.999729
378300000 17875.3 -0.0922824 2999.91 0.999472
378400000 17875.3 -0.109786 2999.92 0.999447
378500000 17875.3 0.0271241 2999.89 0.999513
378600000 17875.3 -0.153801 2999.92 0.999404
378700000 17875.3 -0.221833 2999.94 0.999376
378800000 17875.3 0.0761609 2999.89 0.999498
378900000 17875.3 -0.187333 2999.93 0.999376
379000000 17875.3 -0.241548 2999.94 0.999436
379100000 17875.3 -0.257304 2999.94 0.999406
379200000 17875.3 -0.126364 2999.92 0.999434
379300000 17875.3 0.0653358 2999.89 0.9996
379400000 17875.3 0.495647 2999.81 0.999581
379500000 17875.3 -0.118528 2999.92 0.999445
379600000 17875.3 -0.267814 2999.94 0.999418
379700000 17875.3 -0.13022 2999.92 0.999411
379800000 17875.3 -0.183389 2999.93 0.999381
379900000 17875.3 0.602029 2999.8 0.999654
380000000 17875.3 -0.205965 2999.93 0.999397
380100000 17875.3 -0.294863 2999.95 0.999392
380200000 17875.3 0.552703 2999.81 0.999634
380300000 17875.3 -0.349812 2999.96 0.999368
380400000 17875.3 -0.239293 2999.94 0.999384
380500000 17875.3 0.684777 2999.78 0.999671
380600000 17875.3 -0.0290396 2999.9 0.999468
380700000 17875.3 -0.0556328 2999.91 0.99946
380800000 17875.3 -0.150811 2999.92 0.999372
380900000 17875.3 0.0621718 2999.89 0.999499
381000000 17875.3 -0.107764 2999.92 0.999378
381100000 17875.3 0.0246818 2999.89 0.999514
381200000 17875.3 -0.209459 2999.93 0.999367
381300000 17875.3 -0.136007 2999.92 0.999497
381400000 17875.3 0.952681 2999.74 0.999713
381500000 17875.3 -0.0259951 2999.9 0.9995
381600000 17875.3 -0.236653 2999.94 0.999373
381700000 17875.3 -0.105596 2999.92 0.999413
381800000 17875.3 -0.241817 2999.94 0.9994
381900000 17875.3 -0.12456 2999.92 0.999427
382000000 17875.3 -0.0129983 2999.9 0.999542
382100000 17875.3 -0.253529 2999.94 0.999382
382200000 17875.3 -0.238436 2999.94 0.99944
382300000 17875.3 -0.255586 2999.94 0.999384
382400000 17875.3 -0.145638 2999.92 0.999426
382500000 17875.3 0.223077 2999.86 0.999546
382600000 17875.3 1.00369 2999.73 0.999752
382700000 17875.3 0.292679 2999.85 0.99955
382800000 17875.3 -0.0225038 2999.9 0.9995
382900000 17875.3 -0.308537 2999.95 0.999404
383000000 17875.3 -0.185646 2999.93 0.999437
383100000 17875.3 -0.070302 2999.91 0.999425
383200000 17875.3 -0.0861722 2999.91 0.999472
383300000 17875.3 -0.207259 2999.93 0.999399
383400000 17875.3 0.0875829 2999.88 0.999493
383500000 17875.3 -0.0186639 2999.9 0.999506
383600000 17875.3 0.172223 2999.87 0.999545
383700000 17875.3 -0.23037 2999.94 0.999371
383800000 17875.3 2.51585 2999.48 1.00012
383900000 17875.3 -0.164307 2999.93 0.999393
384000000 17875.3 -0.358077 2999.96 0.999387
384100000 17875.3 -0.258508 2999.94 0.999385
384200000 17875.3 -0.24392 2999.94 0.999414
384300000 17875.3 -0.101511 2999.92 0.999469
384400000 17875.3 -0.0156588 2999.9 0.99955
384500000 17875.3 -0.128012 2999.92 0.999491
384600000 17875.3 -0.208668 2999.93 0.999417
384700000 17875.3 0.539928 2999.81 0.999747
384800000 17875.3 -0.0958888 2999.91 0.999415
384900000 17875.3 1.58376 2999.63 0.999804
385000000 17875.3 -0.0161359 2999.9 0.999498
385100000 17875.3 -0.166714 2999.93 0.999487
385200000 17875.3 -0.15017 2999.92 0.999384
385300000 17875.3 -0.280196 2999.95 0.999366
385400000 17875.3 0.461697 2999.82 0.999637
385500000 17875.3 -0.0769148 2999.91 0.999628
385600000 17875.3 -0.233869 2999.94 0.999394
385700000 17875.3 -0.190175 2999.93 0.999415
385800000 17875.3 -0.137467 2999.92 0.999382
385900000 17875.3 -0.17922 2999.93 0.999387
386000000 17875.3 -0.135962 2999.92 0.999379
386100000 17875.3 1.08978 2999.72 0.999741
386200000 17875.3 -0.08747 2999.91 0.999385
386300000 17875.3 -0.171076 2999.93 0.999373
386400000 17875.3 -0.16035 2999.93 0.999448
386500000 17875.3 -0.105001 2999.92 0.999383
386600000 17875.3 -0.0874067 2999.91 0.99938
386700000 17875.3 0.120695 2999.88 0.999557
386800000 17875.3 -0.204636 2999.93 0.999389
386900000 17875.3 0.102769 2999.88 0.999508
387000000 17875.3 0.400609 2999.83 0.999687
387100000 17875.3 3.2723 2999.35 1.00009
387200000 17875.3 -0.179829 2999.93 0.999372
387300000 17875.3 0.0235476 2999.89 0.999533
387400000 17875.3 0.424165 2999.83 0.999629
387500000 17875.3 -0.167288 2999.93 0.999385
387600000 17875.3 0.168457 2999.87 0.99964
387700000 17875.3 -0.17064 2999.93 0.999393
387800000 17875.3 -0.136076 2999.92 0.999377
387900000 17875.3 -0.177005 2999.93 0.999383
388000000 17875.3 -0.233432 2999.94 0.99942
388100000 17875.3 -0.244027 2999.94 0.999391
388200000 17875.3 -0.109074 2999.92 0.999473
388300000 17875.3 -0.278903 2999.94 0.999384
388400000 17875.3 0.340037 2999.84 0.99961
388500000 17875.3 -0.0215129 2999.9 0.999449
388600000 17875.3 -0.144863 2999.92 0.999393
388700000 17875.3 -0.254996 2999.94 0.999401
388800000 17875.3 -0.100123 2999.91 0.999379
388900000 17875.3 -0.136573 2999.92 0.999375
389000000 17875.3 -0.123306 2999.92 0.999378
389100000 17875.3 0.293437 2999.85 0.99954
389200000 17875.3 -0.217252 2999.93 0.999397
389300000 17875.3 -0.0255595 2999.9 0.999448
389400000 17875.3 0.0745169 2999.89 0.99954
389500000 17875.3 1.35115 2999.67 0.999896
389600000 17875.3 1.87251 2999.58 0.999909
389700000 17875.3 -0.0292044 2999.9 0.999495
389800000 17875.3 -0.238943 2999.94 0.99938
389900000 17875.3 0.00538065 2999.9 0.999446
390000000 17875.3 -0.286244 2999.95 0.999397
390100000 17875.3 -0.130518 2999.92 0.999379
390200000 17875.3 -0.214826 2999.93 0.999373
390300000 17875.3 -0.0706975 2999.91 0.999382
390400000 17875.3 0.463718 2999.82 0.999604
390500000 17875.3 -0.091072 2999.91 0.999412
390600000 17875.3 -0.216975 2999.93 0.999386
390700000 17875.3 1.99692 2999.56 1.00009
390800000 17875.3 -0.201109 2999.93 0.999412
390900000 17875.3 -0.149345 2999.92 0.999378
391000000 17875.3 -0.251091 2999.94 0.999428
391100000 17875.3 -0.205403 2999.93 0.999436
391200000 17875.3 -0.0165675 2999.9 0.99946
391300000 17875.3 -0.139043 2999.92 0.999435
391400000 17875.3 -0.1305 2999.92 0.99938
391500000 17875.3 -0.11926 2999.92 0.999431
391600000 17875.3 0.0530117 2999.89 0.99952
391700000 17875.3 0.0651523 2999.89 0.999548
391800000 17875.3 0.407732 2999.83 0.999599
391900000 17875.3 -0.162354 2999.93 0.999379
392000000 17875.3 0.505308 2999.81 0.999631
392100000 17875.3 -0.196506 2999.93 0.999375
392200000 17875.3 0.704422 2999.78 0.999659
392300000 17875.3 0.228034 2999.86 0.999585
392400000 17875.3 -0.204591 2999.93 0.9994
392500000 17875.3 -0.209462 2999.93 0.999371
392600000 17875.3 -0.171948 2999.93 0.999376
392700000 17875.3 3.56807 2999.3 1.00015
392800000 17875.3 -0.116448 2999.92 0.9994
392900000 17875.3 -0.134909 2999.92 0.999415
393000000 17875.3 -0.0850111 2999.91 0.999387
393100000 17875.3 0.173622 2999.87 0.999565
393200000 17875.3 -0.248177 2999.94 0.999434
393300000 17875.3 -0.159221 2999.92 0.999377
393400000 17875.3 0.527903 2999.81 0.999581
393500000 17875.3 -0.267034 2999.94 0.99945
393600000 17875.3 -0.150281 2999.92 0.999373
393700000 17875.3 -0.226831 2999.94 0.999399
393800000 17875.3 0.611106 2999.8 0.999641
393900000 17875.3 -0.168553 2999.93 0.999468
394000000 17875.3 -0.108807 2999.92 0.999382
394100000 17875.3 -0.109729 2999.92 0.99939
394200000 17875.3 -0.26742 2999.94 0.999375
394300000 17875.3 0.363773 2999.84 0.999592
394400000 17875.3 0.377766 2999.83 0.999567
394500000 17875.3 1.7662 2999.6 0.99991
394600000 17875.3 -0.103645 2999.92 0.999411
394700000 17875.3 -0.451462 2999.97 0.999393
394800000 17875.3 -0.0339237 2999.9 0.999388
394900000 17875.3 0.575787 2999.8 0.999671
395000000 17875.3 -0.239233 2999.94 0.999487
395100000 17875.3 -0.11831 2999.92 0.999397
395200000 17875.3 -0.21491 2999.93 0.999395
395300000 17875.3 -0.103515 2999.92 0.999472
395400000 17875.3 0.801957 2999.76 0.999657
395500000 17875.3 -0.140157 2999.92 0.999429
395600000 17875.3 -0.167471 2999.93 0.999408
395700000 17875.3 -0.224968 2999.94 0.999403
395800000 17875.3 -0.119632 2999.92 0.999434
395900000 17875.3 -0.0891512 2999.91 0.999469
396000000 17875.3 0.683815 2999.78 0.999734
396100000 17875.3 1.23909 2999.69 0.99976
396200000 17875.3 -0.245087 2999.94 0.999455
396300000 17875.3 -0.146246 2999.92 0.999385
396400000 17875.3 -0.017501 2999.9 0.999504
396500000 17875.3 0.68642 2999.78 0.999634
396600000 17875.3 -0.161915 2999.93 0.999379
396700000 17875.3 1.62814 2999.62 0.999878
396800000 17875.3 -0.112864 2999.92 0.999428
396900000 17875.3 -0.0561295 2999.91 0.999495
397000000 17875.3 -0.227133 2999.94 0.999451
397100000 17875.3 -0.207932 2999.93 0.999382
397200000 17875.3 0.495623 2999.81 0.999602
397300000 17875.3 0.206209 2999.86 0.999577
397400000 17875.3 2.09239 2999.55 0.999992
397500000 17875.3 -0.191959 2999.93 0.999393
397600000 17875.3 0.120106 2999.88 0.999635
397700000 17875.3 -0.120707 2999.92 0.999412
397800000 17875.3 0.0285087 2999.89 0.999511
397900000 17875.3 0.0769701 2999.89 0.999514
398000000 17875.3 -0.131373 2999.92 0.999378
398100000 17875.3 -0.218811 2999.93 0.99943
398200000 17875.3 -0.00796656 2999.9 0.999468
398300000 17875.3 -0.186591 2999.93 0.99937
398400000 17875.3 -0.244599 2999.94 0.999439
398500000 17875.3 0.624775 2999.79 0.999688
398600000 17875.3 -0.138454 2999.92 0.999467
398700000 17875.3 0.418525 2999.83 0.99957
398800000 17875.3 -0.157426 2999.92 0.999401
398900000 17875.3 0.324163 2999.84 0.99957
399000000 17875.3 -0.259735 2999.94 0.999415
399100000 17875.3 0.15926 2999.87 0.999488
399200000 17875.3 -0.159149 2999.92 0.999372
399300000 17875.3 -0.148302 2999.92 0.999443
399400000 17875.3 -0.275404 2999.94 0.99943
399500000 17875.3 -0.14105 2999.92 0.999391
399600000 17875.3 -0.0639539 2999.91 0.999481
399700000 17875.3 -0.0259822 2999.9 0.999447
399800000 17875.3 0.136159 2999.88 0.999512
399900000 17875.3 -0.0896767 2999.91 0.999418
400000000 17875.3 -0.339991 2999.96 0.999427
400100000 17875.3 0.974447 2999.73 0.999718
400200000 17875.3 -0.147846 2999.92 0.999423
400300000 17875.3 0.388578 2999.83 0.999579
400400000 17875.3 -0.128804 2999.92 0.99946
400500000 17875.3 -0.250394 2999.94 0.999431
400600000 17875.3 -0.230579 2999.94 0.999379
400700000 17875.3 -0.209284 2999.93 0.999474
400800000 17875.3 0.850104 2999.76 0.99972
400900000 17875.3 0.884765 2999.75 0.999705
401000000 17875.3 -0.10011 2999.91 0.999385
401100000 17875.3 -0.113733 2999.92 0.99941
401200000 17875.3 -0.141989 2999.92 0.999376
401300000 17875.3 -0.0479455 2999.91 0.999438
401400000 17875.3 -0.355306 2999.96 0.999383
401500000 17875.3 -0.229596 2999.94 0.999385
401600000 17875.3 -0.146123 2999.92 0.999499
401700000 17875.3 -0.148507 2999.92 0.999454
401800000 17875.3 -0.163393 2999.93 0.999373
401900000 17875.3 -0.0926638 2999.91 0.999464
402000000 17875.3 0.462643 2999.82 0.999623
402100000 17875.3 0.801333 2999.76 0.999773
402200000 17875.3 -0.214238 2999.93 0.999386
402300000 17875.3 1.22122 2999.69 0.999822
402400000 17875.3 -0.231978 2999.94 0.999409
402500000 17875.3 -0.114335 2999.92 0.999378
402600000 17875.3 0.589644 2999.8 0.999691
402700000 17875.3 -0.232001 2999.94 0.999366
402800000 17875.3 -0.305406 2999.95 0.999373
402900000 17875.3 -0.0720725 2999.91 0.999442
403000000 17875.3 -0.180369 2999.93 0.999412
403100000 17875.3 0.0701541 2999.89 0.999528
403200000 17875.3 0.215674 2999.86 0.9995
403300000 17875.3 1.87764 2999.58 0.999856
403400000 17875.3 0.86026 2999.75 0.999713
403500000 17875.3 -0.230421 2999.94 0.9994
403600000 17875.3 0.434725 2999.83 0.99958
403700000 17875.3 -0.0553984 2999.91 0.999433
403800000 17875.3 -0.151201 2999.92 0.999379
403900000 17875.3 0.982259 2999.73 0.999837
404000000 17875.3 -0.0671257 2999.91 0.999418
404100000 17875.3 -0.194864 2999.93 0.999382
404200000 17875.3 0.0841022 2999.88 0.999489
404300000 17875.3 0.286155 2999.85 0.999591
404400000 17875.3 1.73292 2999.61 0.999906
404500000 17875.3 -0.23671 2999.94 0.999376
404600000 17875.3 0.118882 2999.88 0.999555
404700000 17875.3 -0.255013 2999.94 0.99939
404800000 17875.3 0.470363 2999.82 0.999667
404900000 17875.3 -0.202529 2999.93 0.999402
405000000 17875.3 -0.154915 2999.92 0.999423
405100000 17875.3 -0.127499 2999.92 0.999377
405200000 17875.3 -0.182089 2999.93 0.999387
405300000 17875.3 -0.244406 2999.94 0.999374
405400000 17875.3 -0.208624 2999.93 0.999388
405500000 17875.3 0.836464 2999.76 0.999879
405600000 17875.3 -0.109058 2999.92 0.999414
405700000 17875.3 -0.232481 2999.94 0.999436
405800000 17875.3 -0.0895491 2999.91 0.999383
405900000 17875.3 0.190912 2999.87 0.999543
406000000 17875.3 -0.277721 2999.94 0.999383
406100000 17875.3 0.513426 2999.81 0.999647
406200000 17875.3 -0.394076 2999.96 0.999378
406300000 17875.3 -0.259635 2999.94 0.999384
406400000 17875.3 0.311761 2999.85 0.999538
406500000 17875.3 0.591699 2999.8 0.999646
406600000 17875.3 -0.146983 2999.92 0.999386
406700000 17875.3 -0.290201 2999.95 0.999436
406800000 17875.3 -0.088105 2999.91 0.999382
406900000 17875.3 -0.100637 2999.91 0.999453
407000000 17875.3 -0.0837944 2999.91 0.999514
407100000 17875.3 -0.300675 2999.95 0.999393
407200000 17875.3 0.165699 2999.87 0.999538
407300000 17875.3 -0.169627 2999.93 0.999383
407400000 17875.3 -0.0315742 2999.9 0.999485
407500000 17875.3 -0.163968 2999.93 0.999426
407600000 17875.3 -0.204959 2999.93 0.999408
407700000 17875.3 -0.543502 2999.99 0.999356
407800000 17875.3 -0.151264 2999.92 0.999378
407900000 17875.3 -0.133004 2999.92 0.99939
408000000 17875.3 -0.0608495 2999.91 0.999452
408100000 17875.3 -0.133232 2999.92 0.999404
408200000 17875.3 -0.322015 2999.95 0.999422
408300000 17875.3 -0.119023 2999.92 0.99942
408400000 17875.3 -0.104291 2999.92 0.999408
408500000 17875.3 1.4109 2999.66 0.999792
408600000 17875.3 4.58508 2999.13 1.00051
408700000 17875.3 1.02315 2999.73 0.999821
408800000 17875.3 0.407067 2999.83 0.999558
408900000 17875.3 1.84405 2999.59 0.999866
409000000 17875.3 -0.178223 2999.93 0.999479
409100000 17875.3 0.562351 2999.8 0.999599
409200000 17875.3 -0.187952 2999.93 0.999392
409300000 17875.3 -0.179881 2999.93 0.99939
409400000 17875.3 -0.229706 2999.94 0.999449
409500000 17875.3 -0.118583 2999.92 0.999502
409600000 17875.3 -0.103194 2999.92 0.999383
409700000 17875.3 -0.17934 2999.93 0.999401
409800000 17875.3 -0.278187 2999.94 0.999381
409900000 17875.3 0.9918 2999.73 0.999676
410000000 17875.3 -0.17762 2999.93 0.999457
410100000 17875.3 -0.241298 2999.94 0.999371
410200000 17875.3 -0.164538 2999.93 0.999442
410300000 17875.3 -0.155313 2999.92 0.999377
410400000 17875.3 0.0642911 2999.89 0.999477
410500000 17875.3 0.0504159 2999.89 0.99948
410600000 17875.3 0.54411 2999.81 0.999667
410700000 17875.3 0.911858 2999.75 0.999692
410800000 17875.3 0.241054 2999.86 0.999552
410900000 17875.3 -0.158965 2999.92 0.999486
411000000 17875.3 0.6263 2999.79 0.999662
411100000 17875.3 0.0986951 2999.88 0.999518
411200000 17875.3 -0.264149 2999.94 0.999411
411300000 17875.3 -0.228571 2999.94 0.99941
411400000 17875.3 -0.186476 2999.93 0.999376
411500000 17875.3 -0.0746649 2999.91 0.999388
411600000 17875.3 -0.245674 2999.94 0.999392
411700000 17875.3 0.191613 2999.87 0.999544
411800000 17875.3 -0.234753 2999.94 0.999408
411900000 17875.3 1.86605 2999.58 1.0001
412000000 17875.3 -0.122089 2999.92 0.999374
412100000 17875.3 0.578853 2999.8 0.999659
412200000 17875.3 -0.281531 2999.95 0.999399
412300000 17875.3 -0.0535453 2999.91 0.999432
412400000 17875.3 -0.0459572 2999.91 0.999464
412500000 17875.3 -0.166948 2999.93 0.999389
412600000 17875.3 -0.225233 2999.94 0.999411
412700000 17875.3 -0.0904896 2999.91 0.99942
412800000 17875.3 -0.222098 2999.94 0.999382
412900000 17875.3 -0.232868 2999.94 0.999389
413000000 17875.3 0.319607 2999.84 0.999558
413100000 17875.3 -0.181729 2999.93 0.999417
413200000 17875.3 -0.136823 2999.92 0.999384
413300000 17875.3 -0.159144 2999.92 0.999374
413400000 17875.3 -0.166112 2999.93 0.999409
413500000 17875.3 -0.252361 2999.94 0.999444
413600000 17875.3 1.51735 2999.64 0.999796
413700000 17875.3 -0.182567 2999.93 0.999455
413800000 17875.3 -0.213952 2999.93 0.999409
413900000 17875.3 -0.159912 2999.92 0.999442
414000000 17875.3 -0.0864057 2999.91 0.999397
414100000 17875.3 -0.26094 2999.94 0.999402
414200000 17875.3 -0.149213 2999.92 0.999378
414300000 17875.3 -0.146746 2999.92 0.999427
414400000 17875.3 -0.233752 2999.94 0.99938
414500000 17875.3 0.768701 2999.77 0.999726
414600000 17875.3 -0.158788 2999.92 0.999457
414700000 17875.3 0.0618099 2999.89 0.999482
414800000 17875.3 0.370545 2999.84 0.999592
414900000 17875.3 0.253279 2999.86 0.999539
415000000 17875.3 -0.305689 2999.95 0.999379
415100000 17875.3 -0.00151284 2999.9 0.999446
415200000 17875.3 0.211139 2999.86 0.999547
415300000 17875.3 -0.30257 2999.95 0.999399
415400000 17875.3 0.0433267 2999.89 0.999488
415500000 17875.3 0.00993912 2999.9 0.999459
415600000 17875.3 -0.126748 2999.92 0.999385
415700000 17875.3 -0.193906 2999.93 0.999417
415800000 17875.3 -0.250818 2999.94 0.999421
415900000 17875.3 -0.148675 2999.92 0.999382
416000000 17875.3 -0.089329 2999.91 0.99938
416100000 17875.3 0.16346 2999.87 0.999582
416200000 17875.3 -0.245435 2999.94 0.999443
416300000 17875.3 0.424809 2999.83 0.999601
416400000 17875.3 -0.184406 2999.93 0.999409
416500000 17875.3 0.287301 2999.85 0.999622
416600000 17875.3 -0.0171551 2999.9 0.999492
416700000 17875.3 -0.277185 2999.94 0.999368
416800000 17875.3 -0.0148431 2999.9 0.999448
416900000 17875.3 0.365544 2999.84 0.999596
417000000 17875.3 -0.4196 2999.97 0.999363
417100000 17875.3 -0.263268 2999.94 0.999417
417200000 17875.3 -0.201994 2999.93 0.999373
417300000 17875.3 -0.0769132 2999.91 0.999385
417400000 17875.3 0.433758 2999.83 0.999597
417500000 17875.3 -0.336177 2999.95 0.999439
417600000 17875.3 -0.108124 2999.92 0.999381
417700000 17875.3 0.418216 2999.83 0.999612
417800000 17875.3 0.107758 2999.88 0.999548
417900000 17875.3 -0.216373 2999.93 0.999379
418000000 17875.3 -0.234593 2999.94 0.999383
418100000 17875.3 -0.158061 2999.92 0.999397
418200000 17875.3 0.558881 2999.8 0.999725
418300000 17875.3 0.401552 2999.83 0.999575
418400000 17875.3 -0.33327 2999.95 0.999432
418500000 17875.3 0.00318723 2999.9 0.999507
418600000 17875.3 0.114761 2999.88 0.999595
418700000 17875.3 0.239396 2999.86 0.999512
418800000 17875.3 0.44917 2999.82 0.999565
418900000 17875.3 -0.11088 2999.92 0.999377
419000000 17875.3 -0.237265 2999.94 0.999376
419100000 17875.3 -0.11419 2999.92 0.999378
419200000 17875.3 -0.0316518 2999.9 0.999389
419300000 17875.3 -0.0924467 2999.91 0.999385
419400000 17875.3 -0.136502 2999.92 0.999386
419500000 17875.3 -0.210446 2999.93 0.999416
419600000 17875.3 0.0858744 2999.88 0.999467
419700000 17875.3 -0.0764252 2999.91 0.999409
419800000 17875.3 0.0753312 2999.89 0.999475
419900000 17875.3 0.638294 2999.79 0.999669
420000000 17875.3 0.0711779 2999.89 0.999507
420100000 17875.3 -0.158591 2999.92 0.999391
420200000 17875.3 0.174345 2999.87 0.999512
420300000 17875.3 -0.154049 2999.92 0.999486
420400000 17875.3 -0.265818 2999.94 0.999365
420500000 17875.3 0.0445501 2999.89 0.999494
420600000 17875.3 -0.119127 2999.92 0.999383
420700000 17875.3 -0.360984 2999.96 0.999418
420800000 17875.3 0.066966 2999.89 0.999519
420900000 17875.3 -0.464583 2999.98 0.999376
421000000 17875.3 -0.221389 2999.94 0.999385
421100000 17875.3 -0.307705 2999.95 0.999425
421200000 17875.3 -0.23356 2999.94 0.999441
421300000 17875.3 0.0474489 2999.89 0.999472
421400000 17875.3 -0.132483 2999.92 0.99951
421500000 17875.3 -0.164063 2999.93 0.999389
421600000 17875.3 0.124302 2999.88 0.999552
421700000 17875.3 -0.00813398 2999.9 0.999479
421800000 17875.3 -0.123384 2999.92 0.999377
421900000 17875.3 1.24409 2999.69 0.999804
422000000 17875.3 0.249722 2999.86 0.999544
422100000 17875.3 -0.262692 2999.94 0.999426
422200000 17875.3 -0.23847 2999.94 0.999416
422300000 17875.3 -0.162075 2999.93 0.999459
422400000 17875.3 -0.363268 2999.96 0.999398
422500000 17875.3 0.560104 2999.8 0.999615
422600000 17875.3 -0.181723 2999.93 0.999411
422700000 17875.3 -0.221046 2999.94 0.999505
422800000 17875.3 0.799133 2999.76 0.999679
422900000 17875.3 -0.0600123 2999.91 0.999384
423000000 17875.3 0.205477 2999.86 0.999593
423100000 17875.3 -0.0236644 2999.9 0.99939
423200000 17875.3 -0.0392216 2999.9 0.999503
423300000 17875.3 0.000924169 2999.9 0.999469
423400000 17875.3 -0.207471 2999.93 0.999377
423500000 17875.3 0.284864 2999.85 0.999567
423600000 17875.3 1.24274 2999.69 0.999847
423700000 17875.3 -0.21646 2999.93 0.999459
423800000 17875.3 -0.0159914 2999.9 0.999484
423900000 17875.3 -0.228024 2999.94 0.999372
424000000 17875.3 0.0139175 2999.9 0.999466
424100000 17875.3 0.151601 2999.87 0.999539
424200000 17875.3 -0.230188 2999.94 0.999422
424300000 17875.3 0.00251685 2999.9 0.999477
424400000 17875.3 0.194278 2999.87 0.99958
424500000 17875.3 -0.106916 2999.92 0.999435
424600000 17875.3 0.585579 2999.8 0.999702
424700000 17875.3 -0.297837 2999.95 0.9994
424800000 17875.3 0.039259 2999.89 0.9995
424900000 17875.3 0.986839 2999.73 0.999842
425000000 17875.3 -0.0324445 2999.9 0.999494
425100000 17875.3 -0.187653 2999.93 0.999403
425200000 17875.3 -0.10726 2999.92 0.999648
425300000 17875.3 -0.080286 2999.91 0.999383
425400000 17875.3 -0.216934 2999.93 0.999385
425500000 17875.3 -0.16079 2999.93 0.999375
425600000 17875.3 -0.143828 2999.92 0.999374
425700000 17875.3 -0.153666 2999.92 0.99938
425800000 17875.3 0.135609 2999.88 0.999485
425900000 17875.3 2.98675 2999.4 1.00006
426000000 17875.3 -0.10259 2999.92 0.999382
426100000 17875.3 -0.266576 2999.94 0.999427
426200000 17875.3 0.00673307 2999.9 0.999492
426300000 17875.3 0.0164675 2999.9 0.999498
426400000 17875.3 -0.496762 2999.98 0.999398
426500000 17875.3 -0.227504 2999.94 0.999542
426600000 17875.3 -0.309387 2999.95 0.999382
426700000 17875.3 -0.371231 2999.96 0.99937
426800000 17875.3 -0.402745 2999.97 0.9994
426900000 17875.3 0.690439 2999.78 0.999705
427000000 17875.3 -0.0623163 2999.91 0.999653
427100000 17875.3 0.0836964 2999.88 0.999578
427200000 17875.3 -0.654537 3000.01 0.999391
427300000 17875.3 -0.348489 2999.96 0.999398
427400000 17875.3 -0.455735 2999.97 0.999448
427500000 17875.3 0.504546 2999.81 0.999697
427600000 17875.3 -0.442136 2999.97 0.999425
427700000 17875.3 -0.365743 2999.96 0.999415
427800000 17875.3 -0.389078 2999.96 0.999439
427900000 17875.3 -0.269533 2999.94 0.999392
428000000 17875.3 -0.422176 2999.97 0.999381
428100000 17875.3 -0.0850743 2999.91 0.999512
428200000 17875.3 -0.488363 2999.98 0.999424
428300000 17875.3 0.827699 2999.76 0.999703
428400000 17875.3 -0.260522 2999.94 0.999443
428500000 17875.3 0.672876 2999.79 0.999751
428600000 17875.3 0.599197 2999.8 0.999642
428700000 17875.3 -0.649819 3000.01 0.999395
428800000 17875.3 -0.456597 2999.97 0.999445
428900000 17875.3 -0.476729 2999.98 0.999378
429000000 17875.3 -0.259621 2999.94 0.999481
429100000 17875.3 0.874901 2999.75 0.999726
429200000 17875.3 1.04039 2999.72 0.999753
429300000 17875.3 -0.00813599 2999.9 0.999453
429400000 17875.3 -0.223473 2999.94 0.999443
429500000 17875.3 -0.0321508 2999.9 0.999519
429600000 17875.3 -0.123045 2999.92 0.999433
429700000 17875.3 -0.0867256 2999.91 0.999382
429800000 17875.3 1.20428 2999.7 0.999853
429900000 17875.3 0.349683 2999.84 0.999613
430000000 17875.3 0.79832 2999.76 0.999668
430100000 17875.3 -0.0985146 2999.91 0.999481
430200000 17875.3 -0.028359 2999.9 0.999489
430300000 17875.3 1.34927 2999.67 0.999861
430400000 17875.3 -0.198897 2999.93 0.999388
430500000 17875.3 0.0481737 2999.89 0.999507
430600000 17875.3 -0.1985 2999.93 0.99939
430700000 17875.3 1.12391 2999.71 0.999765
430800000 17875.3 -0.162341 2999.93 0.999386
430900000 17875.3 1.02938 2999.73 0.999844
431000000 17875.3 0.26038 2999.85 0.999521
431100000 17875.3 -0.272161 2999.94 0.99939
431200000 17875.3 -0.241677 2999.94 0.999383
431300000 17875.3 -0.328807 2999.95 0.999375
431400000 17875.3 0.880307 2999.75 0.999719
431500000 17875.3 0.177113 2999.87 0.99956
431600000 17875.3 -0.147542 2999.92 0.999376
431700000 17875.3 -0.14063 2999.92 0.999379
431800000 17875.3 -0.180688 2999.93 0.99938
431900000 17875.3 -0.140885 2999.92 0.999386
432000000 17875.3 2.61876 2999.46 1.00013
432100000 17875.3 -0.223765 2999.94 0.999389
432200000 17875.3 1.69954 2999.61 0.999921
432300000 17875.3 0.117496 2999.88 0.999514
432400000 17875.3 -0.10196 2999.92 0.999384
432500000 17875.3 -0.252187 2999.94 0.999382
432600000 17875.3 2.52438 2999.47 1
432700000 17875.3 -0.268562 2999.94 0.999396
432800000 17875.3 2.11881 2999.54 0.999888
432900000 17875.3 -0.178387 2999.93 0.999427
433000000 17875.3 -0.198305 2999.93 0.999377
433100000 17875.3 -0.061039 2999.91 0.999438
433200000 17875.3 0.113716 2999.88 0.999529
433300000 17875.3 0.841544 2999.76 0.999746
433400000 17875.3 -0.291456 2999.95 0.999378
433500000 17875.3 -0.0558237 2999.91 0.999428
433600000 17875.3 0.0287523 2999.89 0.999456
433700000 17875.3 -0.0614334 2999.91 0.999505
433800000 17875.3 -0.302049 2999.95 0.999451
433900000 17875.3 0.0241002 2999.89 0.999484
434000000 17875.3 0.152518 2999.87 0.999532
434100000 17875.3 1.95041 2999.57 0.99989
434200000 17875.3 -0.0630727 2999.91 0.999416
434300000 17875.3 -0.0904563 2999.91 0.999396
434400000 17875.3 0.138333 2999.87 0.999563
434500000 17875.3 -0.106282 2999.92 0.999442
434600000 17875.3 -0.238535 2999.94 0.9994
434700000 17875.3 -0.227512 2999.94 0.999423
434800000 17875.3 -0.257353 2999.94 0.99937
434900000 17875.3 -0.358801 2999.96 0.999441
435000000 17875.3 -0.177178 2999.93 0.999384
435100000 17875.3 -0.151078 2999.92 0.9995
435200000 17875.3 3.17231 2999.37 1.00024
435300000 17875.3 -0.123882 2999.92 0.999413
435400000 17875.3 0.214252 2999.86 0.999511
435500000 17875.3 -0.138892 2999.92 0.999379
435600000 17875.3 -0.264108 2999.94 0.99939
435700000 17875.3 1.57506 2999.63 0.999898
435800000 17875.3 -0.23278 2999.94 0.999401
435900000 17875.3 -0.124906 2999.92 0.999414
436000000 17875.3 -0.0919856 2999.91 0.999384
436100000 17875.3 0.53275 2999.81 0.999683
436200000 17875.3 -0.182659 2999.93 0.999394
436300000 17875.3 1.61484 2999.63 0.999898
436400000 17875.3 -0.0231374 2999.9 0.999499
436500000 17875.3 0.363188 2999.84 0.999597
436600000 17875.3 -0.269947 2999.94 0.999376
436700000 17875.3 2.69875 2999.45 1.00015
436800000 17875.3 -0.244319 2999.94 0.999374
436900000 17875.3 1.02725 2999.73 0.999781
437000000 17875.3 -0.164511 2999.93 0.999435
437100000 17875.3 1.06834 2999.72 0.999799
437200000 17875.3 -0.117657 2999.92 0.999424
437300000 17875.3 -0.216179 2999.93 0.999382
437400000 17875.3 -0.22563 2999.94 0.999382
437500000 17875.3 -0.0502576 2999.91 0.999549
437600000 17875.3 -0.163478 2999.93 0.999432
437700000 17875.3 -0.150819 2999.92 0.999393
437800000 17875.3 0.130752 2999.88 0.999481
437900000 17875.3 -0.115554 2999.92 0.999414
438000000 17875.3 -0.0118832 2999.9 0.999445
438100000 17875.3 -0.289989 2999.95 0.999383
438200000 17875.3 -0.172761 2999.93 0.999377
438300000 17875.3 -0.16866 2999.93 0.999438
438400000 17875.3 -0.234376 2999.94 0.999379
438500000 17875.3 0.300681 2999.85 0.999538
438600000 17875.3 0.0571088 2999.89 0.99952
438700000 17875.3 2.23562 2999.52 1.00001
438800000 17875.3 -0.135419 2999.92 0.999375
438900000 17875.3 1.79939 2999.6 1.00001
439000000 17875.3 0.910142 2999.75 0.999678
439100000 17875.3 -0.0509012 2999.91 0.999386
439200000 17875.3 0.228913 2999.86 0.999535
439300000 17875.3 0.0978321 2999.88 0.999533
439400000 17875.3 0.704976 2999.78 0.999761
439500000 17875.3 -0.176681 2999.93 0.999403
439600000 17875.3 -0.17777 2999.93 0.999386
439700000 17875.3 -0.121674 2999.92 0.99942
439800000 17875.3 -0.105005 2999.92 0.999394
439900000 17875.3 -0.246931 2999.94 0.99942
440000000 17875.3 0.161553 2999.87 0.999601
440100000 17875.3 -0.135009 2999.92 0.999419
440200000 17875.3 -0.203474 2999.93 0.999429
440300000 17875.3 -0.288449 2999.95 0.999389
440400000 17875.3 -0.133207 2999.92 0.999388
440500000 17875.3 0.381039 2999.83 0.999572
440600000 17875.3 0.847513 2999.76 0.999705
440700000 17875.3 -0.178631 2999.93 0.999375
440800000 17875.3 0.0376385 2999.89 0.999605
440900000 17875.3 -0.345963 2999.96 0.9994
441000000 17875.3 -0.244034 2999.94 0.999497
441100000 17875.3 -0.132776 2999.92 0.999374
441200000 17875.3 0.180111 2999.87 0.999508
441300000 17875.3 0.283125 2999.85 0.999578
441400000 17875.3 -0.124224 2999.92 0.999377
441500000 17875.3 -0.184014 2999.93 0.999442
441600000 17875.3 -0.0189994 2999.9 0.999472
441700000 17875.3 -0.315798 2999.95 0.999372
441800000 17875.3 -0.270508 2999.94 0.999442
441900000 17875.3 -0.232788 2999.94 0.9994
442000000 17875.3 -0.07286 2999.91 0.999447
442100000 17875.3 -0.0385304 2999.9 0.999388
442200000 17875.3 -0.383656 2999.96 0.999369
442300000 17875.3 -0.226993 2999.94 0.999375
442400000 17875.3 -0.179133 2999.93 0.999408
442500000 17875.3 0.962531 2999.74 0.999698
442600000 17875.3 0.391141 2999.83 0.999629
442700000 17875.3 -0.243371 2999.94 0.999378
442800000 17875.3 -0.0395241 2999.9 0.999468
442900000 17875.3 0.836049 2999.76 0.99972
443000000 17875.3 -0.245334 2999.94 0.999395
443100000 17875.3 -0.0610077 2999.91 0.999384
443200000 17875.3 0.496125 2999.81 0.999673
443300000 17875.3 -0.245478 2999.94 0.999375
443400000 17875.3 -0.118174 2999.92 0.999392
443500000 17875.3 -0.0607574 2999.91 0.999617
443600000 17875.3 -0.14686 2999.92 0.999422
443700000 17875.3 0.437798 2999.82 0.999625
443800000 17875.3 0.833797 2999.76 0.999684
443900000 17875.3 -0.140389 2999.92 0.999419
444000000 17875.3 0.460473 2999.82 0.99959
444100000 17875.3 -0.0347254 2999.9 0.999525
444200000 17875.3 -0.478996 2999.98 0.999402
444300000 17875.3 -0.190589 2999.93 0.999402
444400000 17875.3 -0.0908031 2999.91 0.999381
444500000 17875.3 0.700311 2999.78 0.999638
444600000 17875.3 -0.16861 2999.93 0.999373
444700000 17875.3 0.00395022 2999.9 0.999453
444800000 17875.3 -0.150406 2999.92 0.999445
444900000 17875.3 0.15034 2999.87 0.999549
445000000 17875.3 0.712817 2999.78 0.999637
445100000 17875.3 -0.0804214 2999.91 0.999382
445200000 17875.3 0.118109 2999.88 0.999606
445300000 17875.3 -0.0392482 2999.9 0.999388
445400000 17875.3 -0.275687 2999.94 0.999393
445500000 17875.3 -0.253961 2999.94 0.999392
445600000 17875.3 0.502251 2999.81 0.999605
445700000 17875.3 0.350925 2999.84 0.999552
445800000 17875.3 -0.0105737 2999.9 0.999465
445900000 17875.3 -0.268247 2999.94 0.999382
446000000 17875.3 1.32733 2999.68 0.999816
446100000 17875.3 -0.231459 2999.94 0.999425
446200000 17875.3 -0.195554 2999.93 0.99941
446300000 17875.3 0.199718 2999.86 0.999499
446400000 17875.3 -0.148748 2999.92 0.999402
446500000 17875.3 -0.371362 2999.96 0.999457
446600000 17875.3 0.28397 2999.85 0.999527
446700000 17875.3 -0.298091 2999.95 0.999358
446800000 17875.3 -0.11856 2999.92 0.99938
446900000 17875.3 0.519702 2999.81 0.999589
447000000 17875.3 0.0634413 2999.89 0.99952
447100000 17875.3 -0.0827643 2999.91 0.999381
447200000 17875.3 -0.245431 2999.94 0.999452
447300000 17875.3 0.126376 2999.88 0.999502
447400000 17875.3 -0.115957 2999.92 0.999379
447500000 17875.3 -0.128772 2999.92 0.999392
447600000 17875.3 -0.195773 2999.93 0.99939
447700000 17875.3 0.863977 2999.75 0.999671
447800000 17875.3 0.0116188 2999.9 0.999453
447900000 17875.3 -0.265235 2999.94 0.999398
448000000 17875.3 1.56846 2999.63 0.999814
448100000 17875.3 -0.023318 2999.9 0.999436
448200000 17875.3 -0.0840055 2999.91 0.999439
448300000 17875.3 -0.227558 2999.94 0.999415
448400000 17875.3 -0.0798875 2999.91 0.999449
448500000 17875.3 0.094469 2999.88 0.999488
448600000 17875.3 -0.251713 2999.94 0.999368
448700000 17875.3 0.462835 2999.82 0.99961
448800000 17875.3 -0.130754 2999.92 0.999375
448900000 17875.3 0.358499 2999.84 0.999581
449000000 17875.3 -0.112699 2999.92 0.999378
449100000 17875.3 -0.152924 2999.92 0.999388
449200000 17875.3 -0.194373 2999.93 0.999394
449300000 17875.3 -0.121167 2999.92 0.999375
449400000 17875.3 -0.0177259 2999.9 0.999481
449500000 17875.3 -0.219602 2999.93 0.999386
449600000 17875.3 -0.153138 2999.92 0.999374
449700000 17875.3 -0.179843 2999.93 0.999397
449800000 17875.3 -0.148412 2999.92 0.999382
449900000 17875.3 -0.21868 2999.93 0.999408
450000000 17875.3 0.0435425 2999.89 0.999492
450100000 17875.3 0.778802 2999.77 0.999689
450200000 17875.3 0.421871 2999.83 0.999589
450300000 17875.3 -0.300019 2999.95 0.999402
450400000 17875.3 -0.186519 2999.93 0.999382
450500000 17875.3 -0.175617 2999.93 0.999405
450600000 17875.3 -0.0904158 2999.91 0.999384
450700000 17875.3 0.742709 2999.77 0.999652
450800000 17875.3 -0.249183 2999.94 0.999448
450900000 17875.3 -0.26245 2999.94 0.999456
451000000 17875.3 -0.384489 2999.96 0.999393
451100000 17875.3 -0.130672 2999.92 0.999461
451200000 17875.3 -0.173547 2999.93 0.999385
451300000 17875.3 -0.0489933 2999.91 0.999454
451400000 17875.3 -0.163893 2999.93 0.999379
451500000 17875.3 0.856711 2999.75 0.999699
451600000 17875.3 -0.20788 2999.93 0.99939
451700000 17875.3 -0.116147 2999.92 0.999435
451800000 17875.3 0.701311 2999.78 0.999649
451900000 17875.3 -0.0951165 2999.91 0.999428
452000000 17875.3 -0.226514 2999.94 0.99939
452100000 17875.3 -0.321867 2999.95 0.999396
452200000 17875.3 0.623996 2999.79 0.999602
452300000 17875.3 0.691037 2999.78 0.999727
452400000 17875.3 -0.0912281 2999.91 0.999383
452500000 17875.3 1.33728 2999.67 0.999827
452600000 17875.3 -0.415334 2999.97 0.99941
452700000 17875.3 0.00779302 2999.9 0.999565
452800000 17875.3 -0.203164 2999.93 0.999409
452900000 17875.3 0.288317 2999.85 0.999547
453000000 17875.3 -0.324394 2999.95 0.999403
453100000 17875.3 -0.242008 2999.94 0.999388
453200000 17875.3 -0.0155179 2999.9 0.999392
453300000 17875.3 1.22676 2999.69 0.999797
453400000 17875.3 -0.23805 2999.94 0.999385
453500000 17875.3 -0.153729 2999.92 0.999404
453600000 17875.3 -0.122289 2999.92 0.999426
453700000 17875.3 -0.160788 2999.93 0.999433
453800000 17875.3 -0.201251 2999.93 0.999389
453900000 17875.3 -0.197013 2999.93 0.999385
454000000 17875.3 0.27395 2999.85 0.999585
454100000 17875.3 -0.0385733 2999.9 0.999437
454200000 17875.3 0.44081 2999.82 0.999605
454300000 17875.3 0.0577737 2999.89 0.99951
454400000 17875.3 1.28261 2999.68 0.999751
454500000 17875.3 0.301963 2999.85 0.9996
454600000 17875.3 -0.392845 2999.96 0.999374
454700000 17875.3 0.00368404 2999.9 0.999477
454800000 17875.3 -0.363842 2999.96 0.999413
454900000 17875.3 -0.0820079 2999.91 0.999471
455000000 17875.3 -0.145317 2999.92 0.999427
455100000 17875.3 -0.116169 2999.92 0.999495
455200000 17875.3 -0.180562 2999.93 0.999482
455300000 17875.3 -0.128619 2999.92 0.999414
455400000 17875.3 -0.122028 2999.92 0.99944
455500000 17875.3 -0.136125 2999.92 0.999397
455600000 17875.3 0.504924 2999.81 0.999579
455700000 17875.3 -0.244443 2999.94 0.999364
455800000 17875.3 -0.20351 2999.93 0.999371
455900000 17875.3 0.282596 2999.85 0.999583
456000000 17875.3 0.935595 2999.74 0.999779
456100000 17875.3 -0.341016 2999.96 0.999361
456200000 17875.3 0.751589 2999.77 0.999658
456300000 17875.3 -0.158465 2999.92 0.99941
456400000 17875.3 0.0765132 2999.89 0.999564
456500000 17875.3 -0.266149 2999.94 0.999371
456600000 17875.3 0.104004 2999.88 0.999546
456700000 17875.3 -0.220907 2999.94 0.999402
456800000 17875.3 2.12118 2999.54 0.999891
456900000 17875.3 -0.058873 2999.91 0.999474
457000000 17875.3 -0.247599 2999.94 0.999395
457100000 17875.3 -0.245489 2999.94 0.999385
457200000 17875.3 0.171675 2999.87 0.999591
457300000 17875.3 0.00789772 2999.9 0.999498
457400000 17875.3 -0.130407 2999.92 0.999378
457500000 17875.3 0.17356 2999.87 0.999521
457600000 17875.3 -0.222419 2999.94 0.999409
457700000 17875.3 -0.314874 2999.95 0.999377
457800000 17875.3 -0.168661 2999.93 0.999411
457900000 17875.3 -0.0223571 2999.9 0.999442
458000000 17875.3 -0.16009 2999.92 0.99939
458100000 17875.3 -0.0248411 2999.9 0.999441
458200000 17875.3 -0.0876582 2999.91 0.999382
458300000 17875.3 -0.235453 2999.94 0.999416
458400000 17875.3 0.00597366 2999.9 0.999462
458500000 17875.3 -0.0828694 2999.91 0.999385
458600000 17875.3 -0.17385 2999.93 0.999409
458700000 17875.3 -0.255979 2999.94 0.999369
458800000 17875.3 -0.224381 2999.94 0.999389
458900000 17875.3 0.168673 2999.87 0.999532
459000000 17875.3 -0.199607 2999.93 0.999415
459100000 17875.3 -0.0736786 2999.91 0.999427
459200000 17875.3 1.72867 2999.61 1
459300000 17875.3 0.447445 2999.82 0.999556
459400000 17875.3 -0.104848 2999.92 0.999377
459500000 17875.3 0.338225 2999.84 0.999613
459600000 17875.3 -0.340672 2999.96 0.999377
459700000 17875.3 -0.0108316 2999.9 0.999475
459800000 17875.3 -0.178828 2999.93 0.999383
459900000 17875.3 -0.163202 2999.93 0.999424
460000000 17875.3 -0.167165 2999.93 0.999387
460100000 17875.3 -0.227267 2999.94 0.999388
460200000 17875.3 -0.0105672 2999.9 0.999493
460300000 17875.3 -0.215064 2999.93 0.999405
460400000 17875.3 -0.0677805 2999.91 0.999467
460500000 17875.3 0.932812 2999.74 0.999714
460600000 17875.3 -0.319514 2999.95 0.999386
460700000 17875.3 -0.242159 2999.94 0.999398
460800000 17875.3 0.367981 2999.84 0.999551
460900000 17875.3 -0.102492 2999.92 0.999468
461000000 17875.3 -0.140519 2999.92 0.999403
461100000 17875.3 0.267435 2999.85 0.999543
461200000 17875.3 -0.148387 2999.92 0.999414
461300000 17875.3 0.0927113 2999.88 0.999544
461400000 17875.3 -0.144761 2999.92 0.999379
461500000 17875.3 0.0168166 2999.9 0.999462
461600000 17875.3 -0.11183 2999.92 0.999393
461700000 17875.3 -0.33608 2999.95 0.999436
461800000 17875.3 -0.365629 2999.96 0.999378
461900000 17875.3 0.0134381 2999.9 0.999445
462000000 17875.3 0.138675 2999.87 0.999493
462100000 17875.3 0.272929 2999.85 0.999522
462200000 17875.3 0.103266 2999.88 0.999528
462300000 17875.3 -0.163885 2999.93 0.999373
462400000 17875.3 -0.112738 2999.92 0.999472
462500000 17875.3 -0.103745 2999.92 0.999385
462600000 17875.3 -0.085761 2999.91 0.99938
462700000 17875.3 -0.120024 2999.92 0.999418
462800000 17875.3 -0.341468 2999.96 0.999385
462900000 17875.3 0.423182 2999.83 0.999605
463000000 17875.3 1.13808 2999.71 0.999704
463100000 17875.3 -0.239771 2999.94 0.999377
463200000 17875.3 -0.123698 2999.92 0.999395
463300000 17875.3 -0.210372 2999.93 0.999447
463400000 17875.3 -0.0253414 2999.9 0.99939
463500000 17875.3 3.7628 2999.27 1.00017
463600000 17875.3 -0.104396 2999.92 0.999409
463700000 17875.3 -0.091313 2999.91 0.999454
463800000 17875.3 -0.147839 2999.92 0.999384
463900000 17875.3 -0.0875563 2999.91 0.999454
464000000 17875.3 -0.0385679 2999.9 0.999389
464100000 17875.3 0.789841 2999.77 0.999644
464200000 17875.3 -0.215227 2999.93 0.99944
464300000 17875.3 -0.204026 2999.93 0.99938
464400000 17875.3 -0.0788547 2999.91 0.999382
464500000 17875.3 0.14047 2999.87 0.999493
464600000 17875.3 -0.102038 2999.92 0.999384
464700000 17875.3 0.0587303 2999.89 0.999503
464800000 17875.3 0.0391527 2999.89 0.999469
464900000 17875.3 -0.178143 2999.93 0.999391
465000000 17875.3 0.181856 2999.87 0.999517
465100000 17875.3 0.0260592 2999.89 0.999496
465200000 17875.3 0.190843 2999.87 0.999535
465300000 17875.3 -0.0672125 2999.91 0.999383
465400000 17875.3 -0.050055 2999.91 0.999464
465500000 17875.3 0.411178 2999.83 0.999616
465600000 17875.3 -0.164979 2999.93 0.999378
465700000 17875.3 -0.238629 2999.94 0.999367
465800000 17875.3 0.867534 2999.75 0.99968
465900000 17875.3 -0.191279 2999.93 0.999395
466000000 17875.3 -0.166671 2999.93 0.999401
466100000 17875.3 -0.0583297 2999.91 0.999456
466200000 17875.3 3.24475 2999.35 1.00019
466300000 17875.3 -0.182757 2999.93 0.999386
466400000 17875.3 -0.0466507 2999.91 0.999386
466500000 17875.3 0.174489 2999.87 0.999538
466600000 17875.3 -0.14894 2999.92 0.999485
466700000 17875.3 0.0715613 2999.89 0.99948
466800000 17875.3 0.87692 2999.75 0.999731
466900000 17875.3 0.701521 2999.78 0.999622
467000000 17875.3 -0.138609 2999.92 0.999389
467100000 17875.3 -0.125619 2999.92 0.999382
467200000 17875.3 -0.218355 2999.93 0.999375
467300000 17875.3 0.413848 2999.83 0.999566
467400000 17875.3 1.14817 2999.71 0.999871
467500000 17875.3 -0.141874 2999.92 0.999428
467600000 17875.3 -0.260832 2999.94 0.999389
467700000 17875.3 0.0297973 2999.89 0.999532
467800000 17875.3 -0.193036 2999.93 0.999391
467900000 17875.3 -0.307102 2999.95 0.999415
468000000 17875.3 -0.266863 2999.94 0.99942
468100000 17875.3 -0.117144 2999.92 0.999428
468200000 17875.3 -0.0601477 2999.91 0.999429
468300000 17875.3 -0.397473 2999.96 0.999379
468400000 17875.3 -0.213793 2999.93 0.99938
468500000 17875.3 -0.153885 2999.92 0.999423
468600000 17875.3 -0.0876379 2999.91 0.999456
468700000 17875.3 -0.13305 2999.92 0.999404
468800000 17875.3 -0.0331987 2999.9 0.999472
468900000 17875.3 -0.108662 2999.92 0.999435
469000000 17875.3 -0.143933 2999.92 0.999441
469100000 17875.3 -0.170324 2999.93 0.999392
469200000 17875.3 -0.209721 2999.93 0.999373
469300000 17875.3 -0.0905652 2999.91 0.999452
469400000 17875.3 0.298577 2999.85 0.999545
469500000 17875.3 0.49845 2999.81 0.999652
469600000 17875.3 -0.159523 2999.92 0.999375
469700000 17875.3 -0.232004 2999.94 0.999389
469800000 17875.3 -0.285575 2999.95 0.999397
469900000 17875.3 -0.11872 2999.92 0.999414
470000000 17875.3 0.00173793 2999.9 0.999513
470100000 17875.3 -0.080661 2999.91 0.999384
470200000 17875.3 -0.165598 2999.93 0.999382
470300000 17875.3 -0.327823 2999.95 0.99944
470400000 17875.3 -0.0934343 2999.91 0.999429
470500000 17875.3 0.453918 2999.82 0.999619
470600000 17875.3 -0.282671 2999.95 0.999368
470700000 17875.3 -0.29577 2999.95 0.9994
470800000 17875.3 -0.134673 2999.92 0.999382
470900000 17875.3 -0.305097 2999.95 0.999385
471000000 17875.3 -0.218628 2999.93 0.999375
471100000 17875.3 0.065031 2999.89 0.999461
471200000 17875.3 -0.0420136 2999.91 0.999459
471300000 17875.3 -0.226512 2999.94 0.999394
471400000 17875.3 -0.204492 2999.93 0.999367
471500000 17875.3 0.551228 2999.81 0.999609
471600000 17875.3 -0.0788134 2999.91 0.999381
471700000 17875.3 -0.0725376 2999.91 0.999608
471800000 17875.3 -0.237096 2999.94 0.999382
471900000 17875.3 0.103733 2999.88 0.999489
472000000 17875.3 -0.0720333 2999.91 0.999507
472100000 17875.3 -0.1019 2999.92 0.999394
472200000 17875.3 -0.25767 2999.94 0.999423
472300000 17875.3 -0.0860826 2999.91 0.999382
472400000 17875.3 -0.143625 2999.92 0.99939
472500000 17875.3 -0.241351 2999.94 0.999396
472600000 17875.3 -0.0474168 2999.91 0.999455
472700000 17875.3 -0.165626 2999.93 0.999375
472800000 17875.3 -0.122451 2999.92 0.999466
472900000 17875.3 -0.0257577 2999.9 0.999518
473000000 17875.3 -0.119887 2999.92 0.999377
473100000 17875.3 0.880069 2999.75 0.9997
473200000 17875.3 -0.186568 2999.93 0.999407
473300000 17875.3 1.16341 2999.7 0.999761
473400000 17875.3 0.0717853 2999.89 0.999485
473500000 17875.3 -0.0325608 2999.9 0.999429
473600000 17875.3 -0.211734 2999.93 0.999413
473700000 17875.3 -0.229225 2999.94 0.999374
473800000 17875.3 -0.160361 2999.93 0.999395
473900000 17875.3 -0.136138 2999.92 0.999444
474000000 17875.3 -0.0640014 2999.91 0.999414
474100000 17875.3 -0.16631 2999.93 0.99938
474200000 17875.3 -0.2332 2999.94 0.999368
474300000 17875.3 -0.0116349 2999.9 0.999552
474400000 17875.3 -0.211904 2999.93 0.999381
474500000 17875.3 -0.258898 2999.94 0.999385
474600000 17875.3 -0.101706 2999.92 0.999442
474700000 17875.3 0.00798619 2999.9 0.99949
474800000 17875.3 0.0723685 2999.89 0.999507
474900000 17875.3 0.0636404 2999.89 0.999504
475000000 17875.3 -0.192858 2999.93 0.999396
475100000 17875.3 -0.0492116 2999.91 0.999474
475200000 17875.3 -0.296921 2999.95 0.999399
475300000 17875.3 -0.268669 2999.94 0.999381
475400000 17875.3 -0.309719 2999.95 0.999397
475500000 17875.3 -0.0873911 2999.91 0.999387
475600000 17875.3 -0.166757 2999.93 0.999427
475700000 17875.3 1.11483 2999.71 0.999789
475800000 17875.3 -0.232669 2999.94 0.999417
475900000 17875.3 -0.0459947 2999.91 0.999454
476000000 17875.3 -0.180805 2999.93 0.999495
476100000 17875.3 -0.0935091 2999.91 0.999379
476200000 17875.3 -0.250402 2999.94 0.999396
476300000 17875.3 -0.300659 2999.95 0.999396
476400000 17875.3 0.339412 2999.84 0.999603
476500000 17875.3 -0.153133 2999.92 0.999389
476600000 17875.3 0.180792 2999.87 0.99949
476700000 17875.3 -0.253048 2999.94 0.999415
476800000 17875.3 0.00100412 2999.9 0.999526
476900000 17875.3 0.023894 2999.89 0.99952
477000000 17875.3 -0.318115 2999.95 0.99937
477100000 17875.3 0.668011 2999.79 0.999615
477200000 17875.3 -0.0730461 2999.91 0.999382
477300000 17875.3 -0.234781 2999.94 0.999372
477400000 17875.3 -0.118898 2999.92 0.999379
477500000 17875.3 -0.0226574 2999.9 0.999448
477600000 17875.3 -0.247589 2999.94 0.999371
477700000 17875.3 -0.155662 2999.92 0.99939
477800000 17875.3 -0.0683904 2999.91 0.999384
477900000 17875.3 0.729211 2999.78 0.999661
478000000 17875.3 -0.107794 2999.92 0.999435
478100000 17875.3 -0.150076 2999.92 0.999381
478200000 17875.3 0.193051 2999.87 0.999589
478300000 17875.3 -0.202814 2999.93 0.999403
478400000 17875.3 -0.177841 2999.93 0.999455
478500000 17875.3 -0.119174 2999.92 0.999414
478600000 17875.3 -0.128696 2999.92 0.999382
478700000 17875.3 -0.0972906 2999.91 0.99943
478800000 17875.3 2.04885 2999.55 1.00006
478900000 17875.3 0.271526 2999.85 0.999549
479000000 17875.3 -0.058853 2999.91 0.999455
479100000 17875.3 -0.0793622 2999.91 0.999505
479200000 17875.3 -0.0571449 2999.91 0.999444
479300000 17875.3 -0.249374 2999.94 0.999399
479400000 17875.3 0.0544792 2999.89 0.999475
479500000 17875.3 -0.17258 2999.93 0.999438
479600000 17875.3 -0.461283 2999.98 0.999461
479700000 17875.3 0.821615 2999.76 0.999642
479800000 17875.3 -0.137726 2999.92 0.999398
479900000 17875.3 -0.0872011 2999.91 0.99938
480000000 17875.3 0.338707 2999.84 0.999597
480100000 17875.3 -0.190143 2999.93 0.999454
480200000 17875.3 -0.0841722 2999.91 0.999497
480300000 17875.3 -0.0324557 2999.9 0.999502
480400000 17875.3 -0.22314 2999.94 0.999377
480500000 17875.3 1.59004 2999.63 0.999847
480600000 17875.3 -0.0929602 2999.91 0.999384
480700000 17875.3 -0.0365025 2999.9 0.999387
480800000 17875.3 -0.00745376 2999.9 0.999478
480900000 17875.3 -0.359436 2999.96 0.999445
481000000 17875.3 -0.169092 2999.93 0.999443
481100000 17875.3 1.98307 2999.57 1.00012
481200000 17875.3 -0.21251 2999.93 0.999366
481300000 17875.3 0.538829 2999.81 0.999646
481400000 17875.3 -0.213111 2999.93 0.999381
481500000 17875.3 -0.0899733 2999.91 0.999385
481600000 17875.3 -0.121144 2999.92 0.999379
481700000 17875.3 -0.0285323 2999.9 0.999471
481800000 17875.3 -0.211802 2999.93 0.999374
481900000 17875.3 -0.399416 2999.97 0.999421
482000000 17875.3 -0.24588 2999.94 0.999411
482100000 17875.3 -0.0830246 2999.91 0.999384
482200000 17875.3 -0.185294 2999.93 0.999383
482300000 17875.3 -0.293514 2999.95 0.999421
482400000 17875.3 -0.181189 2999.93 0.999391
482500000 17875.3 2.25686 2999.52 1.00002
482600000 17875.3 0.325454 2999.84 0.99963
482700000 17875.3 -0.197965 2999.93 0.999383
482800000 17875.3 1.11854 2999.71 0.99979
482900000 17875.3 -0.17939 2999.93 0.999384
483000000 17875.3 -0.00228987 2999.9 0.999485
483100000 17875.3 -0.232255 2999.94 0.999394
483200000 17875.3 -0.246188 2999.94 0.999369
483300000 17875.3 -0.200957 2999.93 0.999389
483400000 17875.3 0.0544663 2999.89 0.999531
483500000 17875.3 -0.186174 2999.93 0.99942
483600000 17875.3 0.0892779 2999.88 0.999599
483700000 17875.3 0.178019 2999.87 0.999539
483800000 17875.3 -0.266868 2999.94 0.999389
483900000 17875.3 -0.165424 2999.93 0.999414
484000000 17875.3 -0.158476 2999.92 0.999388
484100000 17875.3 0.550551 2999.81 0.999624
484200000 17875.3 -0.0991507 2999.91 0.999378
484300000 17875.3 -0.155544 2999.92 0.999379
484400000 17875.3 -0.14361 2999.92 0.999385
484500000 17875.3 -0.20752 2999.93 0.999389
484600000 17875.3 -0.10352 2999.92 0.999425
484700000 17875.3 2.60042 2999.46 1.00001
484800000 17875.3 -0.16747 2999.93 0.999435
484900000 17875.3 0.179446 2999.87 0.999512
485000000 17875.3 0.00333461 2999.9 0.999468
485100000 17875.3 0.396558 2999.83 0.999634
485200000 17875.3 -0.0900308 2999.91 0.99938
485300000 17875.3 0.316162 2999.85 0.999528
485400000 17875.3 -0.245664 2999.94 0.999414
485500000 17875.3 -0.125975 2999.92 0.999381
485600000 17875.3 -0.156038 2999.92 0.999375
485700000 17875.3 -0.144723 2999.92 0.999371
485800000 17875.3 1.89045 2999.58 1.00009
485900000 17875.3 -0.172754 2999.93 0.999389
486000000 17875.3 -0.184266 2999.93 0.999392
486100000 17875.3 -0.0843111 2999.91 0.999427
486200000 17875.3 -0.00831588 2999.9 0.999489
486300000 17875.3 -0.163094 2999.93 0.999377
486400000 17875.3 0.31209 2999.85 0.999582
486500000 17875.3 -0.130795 2999.92 0.999387
486600000 17875.3 -0.147217 2999.92 0.999431
486700000 17875.3 -0.235023 2999.94 0.999398
486800000 17875.3 -0.174678 2999.93 0.999411
486900000 17875.3 -0.268868 2999.94 0.999406
487000000 17875.3 -0.160757 2999.93 0.999375
487100000 17875.3 -0.218165 2999.93 0.999408
487200000 17875.3 -0.211818 2999.93 0.99937
487300000 17875.3 -0.315407 2999.95 0.999372
487400000 17875.3 -0.129926 2999.92 0.999378
487500000 17875.3 0.181384 2999.87 0.9995
487600000 17875.3 -0.265659 2999.94 0.999385
487700000 17875.3 -0.0390497 2999.9 0.999388
487800000 17875.3 -0.147574 2999.92 0.999388
487900000 17875.3 -0.214235 2999.93 0.999378
488000000 17875.3 -0.231992 2999.94 0.999378
488100000 17875.3 -0.232928 2999.94 0.999475
488200000 17875.3 -0.120775 2999.92 0.999392
488300000 17875.3 0.463875 2999.82 0.999616
488400000 17875.3 0.365259 2999.84 0.999575
488500000 17875.3 -0.163608 2999.93 0.999386
488600000 17875.3 0.244186 2999.86 0.999596
488700000 17875.3 -0.148543 2999.92 0.999447
488800000 17875.3 -0.189677 2999.93 0.999388
488900000 17875.3 -0.219398 2999.93 0.99941
489000000 17875.3 -0.0147669 2999.9 0.999455
489100000 17875.3 -0.207411 2999.93 0.999488
489200000 17875.3 0.0481305 2999.89 0.999513
489300000 17875.3 -0.227662 2999.94 0.999393
489400000 17875.3 -0.177861 2999.93 0.999384
489500000 17875.3 -0.139998 2999.92 0.999426
489600000 17875.3 -0.270101 2999.94 0.999398
489700000 17875.3 1.13359 2999.71 0.999713
489800000 17875.3 0.59414 2999.8 0.999677
489900000 17875.3 -0.11213 2999.92 0.999378
490000000 17875.3 -0.324668 2999.95 0.9994
490100000 17875.3 -0.214391 2999.93 0.999426
490200000 17875.3 -0.00934173 2999.9 0.99948
490300000 17875.3 -0.0849217 2999.91 0.999384
490400000 17875.3 0.204106 2999.86 0.999577
490500000 17875.3 -0.176808 2999.93 0.999404
490600000 17875.3 -0.139154 2999.92 0.99942
490700000 17875.3 -0.159804 2999.92 0.999434
490800000 17875.3 1.22879 2999.69 0.999758
490900000 17875.3 0.114316 2999.88 0.999486
491000000 17875.3 0.278423 2999.85 0.999519
491100000 17875.3 0.888626 2999.75 0.999775
491200000 17875.3 -0.0558305 2999.91 0.999449
491300000 17875.3 0.120437 2999.88 0.999543
491400000 17875.3 -0.316985 2999.95 0.999392
491500000 17875.3 -0.0880994 2999.91 0.999424
491600000 17875.3 -0.236006 2999.94 0.999472
491700000 17875.3 0.287427 2999.85 0.999571
491800000 17875.3 0.322384 2999.84 0.999581
491900000 17875.3 -0.143722 2999.92 0.999374
492000000 17875.3 -0.037844 2999.9 0.999388
492100000 17875.3 -0.124449 2999.92 0.999395
492200000 17875.3 -0.0379679 2999.9 0.999432
492300000 17875.3 -0.0065682 2999.9 0.999472
492400000 17875.3 -0.190957 2999.93 0.999381
492500000 17875.3 -0.457085 2999.97 0.999388
492600000 17875.3 -0.160308 2999.93 0.999402
492700000 17875.3 0.419239 2999.83 0.99965
492800000 17875.3 -0.234145 2999.94 0.999384
492900000 17875.3 -0.172959 2999.93 0.999372
493000000 17875.3 0.0404942 2999.89 0.999539
493100000 17875.3 -0.105932 2999.92 0.999414
493200000 17875.3 -0.142117 2999.92 0.999381
493300000 17875.3 -0.103156 2999.92 0.99941
493400000 17875.3 -0.32434 2999.95 0.999393
493500000 17875.3 1.82102 2999.59 0.99992
493600000 17875.3 0.470399 2999.82 0.999571
493700000 17875.3 0.0764123 2999.89 0.999492
493800000 17875.3 0.242868 2999.86 0.999517
493900000 17875.3 -0.21976 2999.93 0.999403
494000000 17875.3 0.0962211 2999.88 0.999527
494100000 17875.3 -0.179551 2999.93 0.999435
494200000 17875.3 -0.268697 2999.94 0.999378
494300000 17875.3 -0.249795 2999.94 0.99946
494400000 17875.3 0.0973652 2999.88 0.999506
494500000 17875.3 0.594448 2999.8 0.999685
494600000 17875.3 2.14414 2999.54 0.999897
494700000 17875.3 2.66727 2999.45 1.00011
494800000 17875.3 0.898979 2999.75 0.999685
494900000 17875.3 0.180694 2999.87 0.999548
495000000 17875.3 -0.154678 2999.92 0.999378
495100000 17875.3 2.65802 2999.45 1.00008
495200000 17875.3 -0.239748 2999.94 0.999424
495300000 17875.3 0.83307 2999.76 0.999708
495400000 17875.3 0.0425785 2999.89 0.999499
495500000 17875.3 -0.161627 2999.93 0.999379
495600000 17875.3 -0.0888676 2999.91 0.99938
495700000 17875.3 0.67732 2999.78 0.99971
495800000 17875.3 1.43441 2999.66 0.999834
495900000 17875.3 -0.203285 2999.93 0.99938
496000000 17875.3 2.1273 2999.54 1.00007
496100000 17875.3 -0.216195 2999.93 0.999376
496200000 17875.3 -0.141676 2999.92 0.99938
496300000 17875.3 -0.225024 2999.94 0.999394
496400000 17875.3 0.0887216 2999.88 0.999514
496500000 17875.3 -0.128971 2999.92 0.999404
496600000 17875.3 2.44623 2999.49 0.999954
496700000 17875.3 0.105777 2999.88 0.999597
496800000 17875.3 -0.149433 2999.92 0.999417
496900000 17875.3 0.407752 2999.83 0.999578
497000000 17875.3 -0.151708 2999.92 0.999418
497100000 17875.3 -0.201439 2999.93 0.999417
497200000 17875.3 -0.202597 2999.93 0.999433
497300000 17875.3 -0.0837536 2999.91 0.99938
497400000 17875.3 0.015798 2999.9 0.99947
497500000 17875.3 -0.162021 2999.93 0.999545
497600000 17875.3 -0.103478 2999.92 0.999433
497700000 17875.3 -0.193598 2999.93 0.99938
497800000 17875.3 -0.310183 2999.95 0.999402
497900000 17875.3 0.999242 2999.73 0.999686
498000000 17875.3 -0.245392 2999.94 0.99938
498100000 17875.3 0.467798 2999.82 0.999723
498200000 17875.3 2.09194 2999.55 1.00005
498300000 17875.3 -0.0152858 2999.9 0.999427
498400000 17875.3 -0.220551 2999.94 0.999387
498500000 17875.3 -0.172092 2999.93 0.999401
498600000 17875.3 -0.147344 2999.92 0.999375
498700000 17875.3 -0.0820791 2999.91 0.999382
498800000 17875.3 0.0235722 2999.89 0.999544
498900000 17875.3 -0.100512 2999.91 0.999379
499000000 17875.3 0.760104 2999.77 0.999691
499100000 17875.3 -0.391682 2999.96 0.999401
499200000 17875.3 -0.164104 2999.93 0.999475
499300000 17875.3 -0.0844326 2999.91 0.999431
499400000 17875.3 -0.0734269 2999.91 0.999384
499500000 17875.3 0.275678 2999.85 0.99955
499600000 17875.3 -0.28205 2999.95 0.999401
499700000 17875.3 0.62022 2999.79 0.999624
499800000 17875.3 -0.166753 2999.93 0.999462
499900000 17875.3 0.15474 2999.87 0.999517
500000000 17875.3 -0.144491 2999.92 0.999497
500100000 17875.3 0.0175251 2999.9 0.99949
500200000 17875.3 0.622748 2999.79 0.999603
500300000 17875.3 -0.0928795 2999.91 0.999405
500400000 17875.3 -0.0142868 2999.9 0.999454
500500000 17875.3 -0.163248 2999.93 0.999397
500600000 17875.3 0.7305 2999.78 0.999714
500700000 17875.3 -0.0933528 2999.91 0.99938
500800000 17875.3 -0.176536 2999.93 0.999369
500900000 17875.3 -0.258092 2999.94 0.99943
501000000 17875.3 0.203127 2999.86 0.999513
501100000 17875.3 0.577593 2999.8 0.999654
501200000 17875.3 1.00324 2999.73 0.999798
501300000 17875.3 -0.0177681 2999.9 0.999441
501400000 17875.3 -0.111418 2999.92 0.999455
501500000 17875.3 -0.197849 2999.93 0.999383
501600000 17875.3 -0.0460534 2999.91 0.999456
501700000 17875.3 -0.0451956 2999.91 0.99954
501800000 17875.3 0.0963276 2999.88 0.999553
501900000 17875.3 -0.164195 2999.93 0.999448
502000000 17875.3 -0.185774 2999.93 0.999401
502100000 17875.3 1.48265 2999.65 0.999843
502200000 17875.3 -0.125821 2999.92 0.9994
502300000 17875.3 -0.166393 2999.93 0.999476
502400000 17875.3 0.315816 2999.85 0.999629
502500000 17875.3 -0.182119 2999.93 0.999463
502600000 17875.3 0.725613 2999.78 0.999648
502700000 17875.3 -0.273937 2999.94 0.999396
502800000 17875.3 0.56114 2999.8 0.999617
502900000 17875.3 0.115078 2999.88 0.999548
503000000 17875.3 -0.156215 2999.92 0.999373
503100000 17875.3 -0.134316 2999.92 0.999447
503200000 17875.3 -0.163705 2999.93 0.999489
503300000 17875.3 -0.0716222 2999.91 0.999382
503400000 17875.3 -0.121099 2999.92 0.999392
503500000 17875.3 -0.23046 2999.94 0.999372
503600000 17875.3 -0.199696 2999.93 0.999407
503700000 17875.3 -0.199925 2999.93 0.99947
503800000 17875.3 -0.092442 2999.91 0.999415
503900000 17875.3 -0.149523 2999.92 0.999397
504000000 17875.3 0.115305 2999.88 0.999483
504100000 17875.3 -0.175066 2999.93 0.999374
504200000 17875.3 -0.300022 2999.95 0.999376
504300000 17875.3 -0.123726 2999.92 0.999393
504400000 17875.3 -0.112885 2999.92 0.999454
504500000 17875.3 -0.342425 2999.96 0.999378
504600000 17875.3 -0.103617 2999.92 0.999509
504700000 17875.3 -0.075164 2999.91 0.999411
504800000 17875.3 -0.10116 2999.92 0.999394
504900000 17875.3 -0.00804762 2999.9 0.99947
505000000 17875.3 -0.0724597 2999.91 0.999397
505100000 17875.3 0.665613 2999.79 0.999613
505200000 17875.3 -0.00149145 2999.9 0.999492
505300000 17875.3 -0.255712 2999.94 0.999398
505400000 17875.3 -0.255452 2999.94 0.999395
505500000 17875.3 -0.0285902 2999.9 0.999568
505600000 17875.3 -0.171701 2999.93 0.999403
505700000 17875.3 0.286476 2999.85 0.999584
505800000 17875.3 2.70657 2999.44 1.00012
505900000 17875.3 -0.122333 2999.92 0.99944
506000000 17875.3 -0.0948256 2999.91 0.999396
506100000 17875.3 0.0190214 2999.89 0.999508
506200000 17875.3 0.613454 2999.8 0.999595
506300000 17875.3 -0.335786 2999.95 0.999389
506400000 17875.3 -0.164594 2999.93 0.999371
506500000 17875.3 -0.0256943 2999.9 0.999478
506600000 17875.3 -0.0227665 2999.9 0.999535
506700000 17875.3 1.55602 2999.64 0.99981
506800000 17875.3 -0.0861743 2999.91 0.999405
506900000 17875.3 0.195906 2999.87 0.999497
507000000 17875.3 -0.0505264 2999.91 0.99944
507100000 17875.3 -0.0102335 2999.9 0.999437
507200000 17875.3 0.0765211 2999.89 0.999502
507300000 17875.3 -0.190498 2999.93 0.999381
507400000 17875.3 -0.113069 2999.92 0.999393
507500000 17875.3 -0.283503 2999.95 0.999408
507600000 17875.3 -0.317429 2999.95 0.999409
507700000 17875.3 -0.0706534 2999.91 0.999411
507800000 17875.3 0.709854 2999.78 0.999625
507900000 17875.3 -0.191938 2999.93 0.999373
508000000 17875.3 -0.269721 2999.94 0.999386
508100000 17875.3 -0.327548 2999.95 0.999412
508200000 17875.3 0.138728 2999.87 0.999575
508300000 17875.3 -0.0618453 2999.91 0.999451
508400000 17875.3 0.46896 2999.82 0.999635
508500000 17875.3 0.367694 2999.84 0.999611
508600000 17875.3 -0.243388 2999.94 0.999364
508700000 17875.3 -0.229649 2999.94 0.999385
508800000 17875.3 -0.0674222 2999.91 0.999383
508900000 17875.3 0.787447 2999.77 0.999648
509000000 17875.3 1.00248 2999.73 0.999741
509100000 17875.3 -0.222718 2999.94 0.999363
509200000 17875.3 -0.150471 2999.92 0.999413
509300000 17875.3 -0.167882 2999.93 0.9994
509400000 17875.3 -0.239452 2999.94 0.99943
509500000 17875.3 -0.129188 2999.92 0.999383
509600000 17875.3 -0.293605 2999.95 0.999411
509700000 17875.3 -0.258594 2999.94 0.999383
509800000 17875.3 0.854446 2999.75 0.999747
509900000 17875.3 -0.233456 2999.94 0.99938
510000000 17875.3 -0.311572 2999.95 0.99938
510100000 17875.3 -0.151793 2999.92 0.999419
510200000 17875.3 -0.0846768 2999.91 0.999453
510300000 17875.3 -0.10257 2999.92 0.999389
510400000 17875.3 -0.0658296 2999.91 0.999453
510500000 17875.3 -0.135125 2999.92 0.999442
510600000 17875.3 0.145599 2999.87 0.999493
510700000 17875.3 0.1265 2999.88 0.999506
510800000 17875.3 -0.0600013 2999.91 0.999481
510900000 17875.3 -0.190611 2999.93 0.999374
511000000 17875.3 0.461305 2999.82 0.999637
511100000 17875.3 -0.205641 2999.93 0.99938
511200000 17875.3 -0.219422 2999.93 0.999372
511300000 17875.3 -0.20322 2999.93 0.999446
511400000 17875.3 -0.094696 2999.91 0.999473
511500000 17875.3 -0.0919991 2999.91 0.999403
511600000 17875.3 -0.206036 2999.93 0.999482
511700000 17875.3 0.0017882 2999.9 0.999466
511800000 17875.3 -0.162324 2999.93 0.99946
511900000 17875.3 -0.135065 2999.92 0.999375
512000000 17875.3 -0.24902 2999.94 0.999385
512100000 17875.3 1.69683 2999.61 0.999838
512200000 17875.3 -0.0915814 2999.91 0.999383
512300000 17875.3 -0.169042 2999.93 0.999423
512400000 17875.3 0.258577 2999.85 0.999559
512500000 17875.3 -0.214062 2999.93 0.999435
512600000 17875.3 0.113049 2999.88 0.999502
512700000 17875.3 -0.180197 2999.93 0.999431
512800000 17875.3 -0.21221 2999.93 0.999369
512900000 17875.3 -0.0817252 2999.91 0.999383
513000000 17875.3 -0.0696394 2999.91 0.999517
513100000 17875.3 0.13841 2999.87 0.999563
513200000 17875.3 -0.32442 2999.95 0.999398
513300000 17875.3 -0.187113 2999.93 0.99941
513400000 17875.3 0.470388 2999.82 0.999649
513500000 17875.3 0.482957 2999.82 0.999614
513600000 17875.3 -0.298486 2999.95 0.999402
513700000 17875.3 -0.0543068 2999.91 0.999385
513800000 17875.3 1.31591 2999.68 0.999921
513900000 17875.3 0.0193852 2999.89 0.999445
514000000 17875.3 1.32381 2999.68 0.999781
514100000 17875.3 -0.0852833 2999.91 0.999415
514200000 17875.3 -0.122354 2999.92 0.999393
514300000 17875.3 -0.160131 2999.92 0.999396
514400000 17875.3 3.90011 2999.24 1.00028
514500000 17875.3 -0.302372 2999.95 0.999376
514600000 17875.3 0.705927 2999.78 0.999658
514700000 17875.3 -0.0393751 2999.9 0.999497
514800000 17875.3 -0.198826 2999.93 0.999378
514900000 17875.3 0.0135485 2999.9 0.999462
515000000 17875.3 1.02342 2999.73 0.999688
515100000 17875.3 0.0451197 2999.89 0.999481
515200000 17875.3 1.10442 2999.71 0.999791
515300000 17875.3 0.896775 2999.75 0.999693
515400000 17875.3 -0.123956 2999.92 0.999387
515500000 17875.3 -0.0756636 2999.91 0.999487
515600000 17875.3 -0.236871 2999.94 0.999479
515700000 17875.3 -0.249638 2999.94 0.999436
515800000 17875.3 -0.119555 2999.92 0.999402
515900000 17875.3 -0.111383 2999.92 0.999466
516000000 17875.3 -0.0536577 2999.91 0.999387
516100000 17875.3 -0.3751 2999.96 0.999369
516200000 17875.3 -0.296866 2999.95 0.999491
516300000 17875.3 0.194424 2999.87 0.999654
516400000 17875.3 0.100826 2999.88 0.999646
516500000 17875.3 -0.199253 2999.93 0.999376
516600000 17875.3 -0.516649 2999.98 0.999395
516700000 17875.3 -0.147951 2999.92 0.999458
516800000 17875.3 -0.294669 2999.95 0.999376
516900000 17875.3 -0.156965 2999.92 0.99939
517000000 17875.3 -0.239631 2999.94 0.999384
517100000 17875.3 -0.151714 2999.92 0.999375
517200000 17875.3 -0.247344 2999.94 0.999379
517300000 17875.3 -0.201649 2999.93 0.999427
517400000 17875.3 -0.111945 2999.92 0.999379
517500000 17875.3 -0.144849 2999.92 0.999438
517600000 17875.3 -0.0226057 2999.9 0.999478
517700000 17875.3 -0.170992 2999.93 0.999384
517800000 17875.3 -0.0798064 2999.91 0.999381
517900000 17875.3 -0.193385 2999.93 0.999411
518000000 17875.3 -0.0840406 2999.91 0.999412
518100000 17875.3 -0.192017 2999.93 0.999386
518200000 17875.3 -0.0807607 2999.91 0.999419
518300000 17875.3 -0.119647 2999.92 0.999443
518400000 17875.3 -0.113373 2999.92 0.999494
518500000 17875.3 -0.388683 2999.96 0.999382
518600000 17875.3 -0.357909 2999.96 0.999375
518700000 17875.3 -0.227709 2999.94 0.9994
518800000 17875.3 1.63794 2999.62 0.999861
518900000 17875.3 0.0620432 2999.89 0.999493
519000000 17875.3 -0.103532 2999.92 0.999401
519100000 17875.3 1.68004 2999.62 0.999918
519200000 17875.3 0.584706 2999.8 0.999643
519300000 17875.3 -0.183817 2999.93 0.999485
519400000 17875.3 -0.103356 2999.92 0.999391
519500000 17875.3 0.126273 2999.88 0.999511
519600000 17875.3 -0.0834707 2999.91 0.999382
519700000 17875.3 -0.271062 2999.94 0.999371
519800000 17875.3 -0.217339 2999.93 0.999396
519900000 17875.3 -0.165933 2999.93 0.99943
520000000 17875.3 -0.260642 2999.94 0.999362
520100000 17875.3 -0.135968 2999.92 0.999378
520200000 17875.3 -0.200547 2999.93 0.999478
520300000 17875.3 -0.106277 2999.92 0.999421
520400000 17875.3 0.2687 2999.85 0.999632
520500000 17875.3 1.9869 2999.56 0.999951
520600000 17875.3 1.25535 2999.69 0.999906
520700000 17875.3 -0.170803 2999.93 0.999442
520800000 17875.3 -0.188462 2999.93 0.999381
520900000 17875.3 0.777456 2999.77 0.999693
521000000 17875.3 -0.397126 2999.96 0.999384
521100000 17875.3 -0.22447 2999.94 0.999413
521200000 17875.3 1.59944 2999.63 0.999833
521300000 17875.3 -0.13521 2999.92 0.999375
521400000 17875.3 -0.119733 2999.92 0.999388
521500000 17875.3 -0.00440939 2999.9 0.999432
521600000 17875.3 1.23212 2999.69 0.999766
521700000 17875.3 0.0687635 2999.89 0.999475
521800000 17875.3 0.205308 2999.86 0.999537
521900000 17875.3 -0.0939395 2999.91 0.999379
522000000 17875.3 -0.195398 2999.93 0.999368
522100000 17875.3 2.51781 2999.48 0.999995
522200000 17875.3 -0.223892 2999.94 0.999368
522300000 17875.3 -0.108599 2999.92 0.999377
522400000 17875.3 -0.120827 2999.92 0.999411
522500000 17875.3 -0.0485538 2999.91 0.999513
522600000 17875.3 -0.229577 2999.94 0.999377
522700000 17875.3 0.0618645 2999.89 0.999502
522800000 17875.3 -0.126515 2999.92 0.999381
522900000 17875.3 -0.167406 2999.93 0.999402
523000000 17875.3 -0.151536 2999.92 0.999404
523100000 17875.3 2.35243 2999.5 0.999945
523200000 17875.3 -0.182818 2999.93 0.9994
523300000 17875.3 -0.208176 2999.93 0.999429
523400000 17875.3 0.0609835 2999.89 0.999518
523500000 17875.3 0.01104 2999.9 0.999478
523600000 17875.3 0.195862 2999.87 0.999544
523700000 17875.3 -0.161623 2999.93 0.999389
523800000 17875.3 3.17887 2999.36 1.00013
523900000 17875.3 -0.119011 2999.92 0.999377
524000000 17875.3 -0.248787 2999.94 0.999413
524100000 17875.3 -0.52869 2999.99 0.999484
524200000 17875.3 -0.116028 2999.92 0.999378
524300000 17875.3 0.0244475 2999.89 0.999456
524400000 17875.3 -0.165671 2999.93 0.999395
524500000 17875.3 -0.169084 2999.93 0.999374
524600000 17875.3 0.0425044 2999.89 0.999476
524700000 17875.3 -0.109865 2999.92 0.999445
524800000 17875.3 0.0724765 2999.89 0.999513
524900000 17875.3 0.0138637 2999.9 0.999467
525000000 17875.3 -0.151066 2999.92 0.999386
525100000 17875.3 0.185476 2999.87 0.999502
525200000 17875.3 0.563469 2999.8 0.99964
525300000 17875.3 -0.167515 2999.93 0.999378
525400000 17875.3 -0.165894 2999.93 0.999449
525500000 17875.3 -0.0332687 2999.9 0.999388
525600000 17875.3 -0.265307 2999.94 0.999406
525700000 17875.3 2.13797 2999.54 0.999994
525800000 17875.3 -0.171582 2999.93 0.999403
525900000 17875.3 1.02221 2999.73 0.999696
526000000 17875.3 -0.389318 2999.96 0.999381
526100000 17875.3 -0.085245 2999.91 0.999413
526200000 17875.3 -0.233928 2999.94 0.999425
526300000 17875.3 -0.185749 2999.93 0.99939
526400000 17875.3 0.183973 2999.87 0.999563
526500000 17875.3 0.673946 2999.78 0.999646
526600000 17875.3 0.494658 2999.82 0.99968
526700000 17875.3 -0.227237 2999.94 0.999409
526800000 17875.3 0.17375 2999.87 0.999522
526900000 17875.3 -0.254324 2999.94 0.999385
527000000 17875.3 -0.194018 2999.93 0.999379
527100000 17875.3 -0.088815 2999.91 0.999384
527200000 17875.3 -0.190069 2999.93 0.999389
527300000 17875.3 0.8912 2999.75 0.999656
527400000 17875.3 0.621252 2999.79 0.999743
527500000 17875.3 -0.209316 2999.93 0.999372
527600000 17875.3 -0.00619118 2999.9 0.999438
527700000 17875.3 1.11526 2999.71 0.999832
527800000 17875.3 0.356912 2999.84 0.999587
527900000 17875.3 -0.156753 2999.92 0.999419
528000000 17875.3 -0.214177 2999.93 0.999423
528100000 17875.3 -0.289987 2999.95 0.999419
528200000 17875.3 1.74162 2999.61 0.99985
528300000 17875.3 0.793334 2999.76 0.999691
528400000 17875.3 -0.194549 2999.93 0.999381
528500000 17875.3 -0.265207 2999.94 0.999406
528600000 17875.3 -0.151439 2999.92 0.999372
528700000 17875.3 0.441291 2999.82 0.999602
528800000 17875.3 -0.265077 2999.94 0.999422
528900000 17875.3 0.0536691 2999.89 0.999523
529000000 17875.3 -0.124501 2999.92 0.99945
529100000 17875.3 -0.145342 2999.92 0.999379
529200000 17875.3 -0.146625 2999.92 0.999374
529300000 17875.3 -0.272741 2999.94 0.999388
529400000 17875.3 -0.191234 2999.93 0.999374
529500000 17875.3 -0.200343 2999.93 0.999404
529600000 17875.3 0.0218642 2999.89 0.999563
529700000 17875.3 0.0754321 2999.89 0.999487
529800000 17875.3 1.07236 2999.72 0.999755
529900000 17875.3 0.527109 2999.81 0.999634
530000000 17875.3 -0.0525817 2999.91 0.999386
530100000 17875.3 -0.134351 2999.92 0.999372
530200000 17875.3 -0.169507 2999.93 0.999374
530300000 17875.3 0.616625 2999.79 0.99977
530400000 17875.3 -0.0890983 2999.91 0.999433
530500000 17875.3 -0.209091 2999.93 0.999428
530600000 17875.3 -0.159188 2999.92 0.999386
530700000 17875.3 0.924795 2999.74 0.999721
530800000 17875.3 0.716179 2999.78 0.999692
530900000 17875.3 0.534569 2999.81 0.999624
531000000 17875.3 -0.156285 2999.92 0.999419
531100000 17875.3 0.178829 2999.87 0.999588
531200000 17875.3 0.146887 2999.87 0.999481
531300000 17875.3 0.382701 2999.83 0.999552
531400000 17875.3 0.136279 2999.88 0.999492
531500000 17875.3 0.138365 2999.87 0.99951
531600000 17875.3 -0.237198 2999.94 0.999428
531700000 17875.3 -0.353305 2999.96 0.999382
531800000 17875.3 -0.171012 2999.93 0.999442
531900000 17875.3 0.375942 2999.84 0.999554
532000000 17875.3 -0.19375 2999.93 0.999372
532100000 17875.3 -0.126881 2999.92 0.999406
532200000 17875.3 -0.176212 2999.93 0.999454
532300000 17875.3 0.229095 2999.86 0.999571
532400000 17875.3 -0.150164 2999.92 0.999373
532500000 17875.3 -0.14563 2999.92 0.999474
532600000 17875.3 -0.224741 2999.94 0.999407
532700000 17875.3 -0.0295494 2999.9 0.999453
532800000 17875.3 -0.285828 2999.95 0.999381
532900000 17875.3 -0.263469 2999.94 0.999436
533000000 17875.3 -0.216333 2999.93 0.99939
533100000 17875.3 0.0831862 2999.88 0.999507
533200000 17875.3 0.153631 2999.87 0.99951
533300000 17875.3 0.381475 2999.83 0.999628
533400000 17875.3 -0.118932 2999.92 0.999477
533500000 17875.3 -0.219598 2999.93 0.999372
533600000 17875.3 4.88764 2999.08 1.00042
533700000 17875.3 -0.155542 2999.92 0.999375
533800000 17875.3 -0.0896779 2999.91 0.999385
533900000 17875.3 1.54179 2999.64 0.999864
534000000 17875.3 -0.176574 2999.93 0.999377
534100000 17875.3 2.48075 2999.48 1.0001
534200000 17875.3 0.0684991 2999.89 0.999636
534300000 17875.3 -0.183882 2999.93 0.999437
534400000 17875.3 -0.0584743 2999.91 0.999448
534500000 17875.3 -0.0327753 2999.9 0.999465
534600000 17875.3 0.807525 2999.76 0.999656
534700000 17875.3 -0.382387 2999.96 0.999361
534800000 17875.3 -0.00478252 2999.9 0.999505
534900000 17875.3 0.00727205 2999.9 0.999461
535000000 17875.3 1.34891 2999.67 0.999901
535100000 17875.3 -0.165903 2999.93 0.999393
535200000 17875.3 -0.357264 2999.96 0.99941
535300000 17875.3 -0.183209 2999.93 0.999435
535400000 17875.3 2.69508 2999.45 1.00021
535500000 17875.3 -0.288117 2999.95 0.999422
535600000 17875.3 -0.244715 2999.94 0.999377
535700000 17875.3 0.563068 2999.8 0.999707
535800000 17875.3 -0.267922 2999.94 0.999405
535900000 17875.3 -0.012456 2999.9 0.999489
536000000 17875.3 -0.0409829 2999.9 0.999431
536100000 17875.3 -0.304432 2999.95 0.999389
536200000 17875.3 -0.122642 2999.92 0.999382
536300000 17875.3 1.97058 2999.57 0.999955
536400000 17875.3 0.328485 2999.84 0.999582
536500000 17875.3 -0.185351 2999.93 0.9994
536600000 17875.3 -0.394165 2999.96 0.999396
536700000 17875.3 0.211486 2999.86 0.999595
536800000 17875.3 -0.188876 2999.93 0.999382
536900000 17875.3 -0.0539098 2999.91 0.999437
537000000 17875.3 -0.115797 2999.92 0.99939
537100000 17875.3 -0.0866946 2999.91 0.99938
537200000 17875.3 -0.341784 2999.96 0.99936
537300000 17875.3 0.73721 2999.77 0.99976
537400000 17875.3 0.779246 2999.77 0.999695
537500000 17875.3 -0.323714 2999.95 0.999471
537600000 17875.3 -0.229378 2999.94 0.999375
537700000 17875.3 0.164657 2999.87 0.999524
537800000 17875.3 -0.0207008 2999.9 0.999454
537900000 17875.3 -0.106504 2999.92 0.999382
538000000 17875.3 0.453044 2999.82 0.999706
538100000 17875.3 0.760067 2999.77 0.99968
538200000 17875.3 0.271303 2999.85 0.999532
538300000 17875.3 -0.27102 2999.94 0.99938
538400000 17875.3 -0.0768023 2999.91 0.999465
538500000 17875.3 -0.143858 2999.92 0.999433
538600000 17875.3 0.495221 2999.81 0.999742
538700000 17875.3 0.321463 2999.84 0.999571
538800000 17875.3 1.5592 2999.64 1.00004
538900000 17875.3 -0.311697 2999.95 0.9994
539000000 17875.3 -0.297378 2999.95 0.999417
539100000 17875.3 -0.145201 2999.92 0.999482
539200000 17875.3 0.256378 2999.86 0.999518
539300000 17875.3 3.26728 2999.35 1.00037
539400000 17875.3 -0.258408 2999.94 0.999389
539500000 17875.3 1.29216 2999.68 0.999862
539600000 17875.3 -0.128 2999.92 0.99944
539700000 17875.3 0.068297 2999.89 0.999495
539800000 17875.3 -0.151323 2999.92 0.999377
539900000 17875.3 0.125364 2999.88 0.999602
540000000 17875.3 0.0393112 2999.89 0.999517
540100000 17875.3 -0.0346116 2999.9 0.999429
540200000 17875.3 0.491161 2999.82 0.999575
540300000 17875.3 -0.232625 2999.94 0.999435
540400000 17875.3 -0.277283 2999.94 0.999402
540500000 17875.3 1.70923 2999.61 0.999878
540600000 17875.3 -0.00609792 2999.9 0.999462
540700000 17875.3 -0.0171152 2999.9 0.999493
540800000 17875.3 -0.189842 2999.93 0.999427
540900000 17875.3 -0.0998627 2999.91 0.999518
541000000 17875.3 -0.0910614 2999.91 0.999464
541100000 17875.3 1.41233 2999.66 0.999779
541200000 17875.3 -0.00713336 2999.9 0.999531
541300000 17875.3 -0.308232 2999.95 0.999374
541400000 17875.3 -0.0410677 2999.9 0.999489
541500000 17875.3 0.0610304 2999.89 0.999476
541600000 17875.3 -0.15699 2999.92 0.999387
541700000 17875.3 2.62505 2999.46 1.0002
541800000 17875.3 -0.15628 2999.92 0.999425
541900000 17875.3 -0.0409989 2999.9 0.999438
542000000 17875.3 -0.117387 2999.92 0.999379
542100000 17875.3 -0.107576 2999.92 0.999442
542200000 17875.3 0.554159 2999.81 0.999621
542300000 17875.3 -0.188794 2999.93 0.999407
542400000 17875.3 0.697667 2999.78 0.999685
542500000 17875.3 0.550042 2999.81 0.999654
542600000 17875.3 -0.138795 2999.92 0.999378
542700000 17875.3 -0.134861 2999.92 0.999403
542800000 17875.3 -0.257268 2999.94 0.999386
542900000 17875.3 -0.182401 2999.93 0.999432
543000000 17875.3 -0.178248 2999.93 0.999405
543100000 17875.3 -0.104975 2999.92 0.999433
543200000 17875.3 -0.122805 2999.92 0.999391
543300000 17875.3 -0.219607 2999.93 0.999509
543400000 17875.3 0.791981 2999.77 0.999639
543500000 17875.3 -0.181216 2999.93 0.999461
543600000 17875.3 -0.166595 2999.93 0.99938
543700000 17875.3 -0.158321 2999.92 0.999384
543800000 17875.3 -0.11218 2999.92 0.999389
543900000 17875.3 1.40575 2999.66 0.999797
544000000 17875.3 -0.109209 2999.92 0.999378
544100000 17875.3 1.55346 2999.64 0.999859
544200000 17875.3 0.437477 2999.82 0.999606
544300000 17875.3 0.118251 2999.88 0.999494
544400000 17875.3 0.0355806 2999.89 0.99955
544500000 17875.3 -0.25651 2999.94 0.999371
544600000 17875.3 -0.216885 2999.93 0.999374
544700000 17875.3 4.08257 2999.21 1.00024
544800000 17875.3 -0.129219 2999.92 0.999405
544900000 17875.3 -0.214532 2999.93 0.999416
545000000 17875.3 -0.381972 2999.96 0.999399
545100000 17875.3 -0.0608345 2999.91 0.999495
545200000 17875.3 -0.283102 2999.95 0.999408
545300000 17875.3 -0.162072 2999.93 0.999409
545400000 17875.3 -0.227354 2999.94 0.999391
545500000 17875.3 -0.215469 2999.93 0.999435
545600000 17875.3 -0.20097 2999.93 0.999398
545700000 17875.3 -0.241135 2999.94 0.999369
545800000 17875.3 0.104834 2999.88 0.999553
545900000 17875.3 -0.115961 2999.92 0.999381
546000000 17875.3 -0.134626 2999.92 0.999422
546100000 17875.3 -0.209154 2999.93 0.999403
546200000 17875.3 0.261745 2999.85 0.999562
546300000 17875.3 -0.164514 2999.93 0.999393
546400000 17875.3 -0.299945 2999.95 0.999393
546500000 17875.3 -0.169347 2999.93 0.999388
546600000 17875.3 -0.0365569 2999.9 0.999388
546700000 17875.3 1.55913 2999.64 0.999863
546800000 17875.3 -0.330529 2999.95 0.999383
546900000 17875.3 0.022398 2999.89 0.999486
547000000 17875.3 -0.146854 2999.92 0.999407
547100000 17875.3 -0.177516 2999.93 0.999389
547200000 17875.3 -0.260103 2999.94 0.999406
547300000 17875.3 0.0391113 2999.89 0.999482
547400000 17875.3 -0.206975 2999.93 0.999396
547500000 17875.3 -0.12771 2999.92 0.999375
547600000 17875.3 -0.273961 2999.94 0.999431
547700000 17875.3 0.624456 2999.79 0.999694
547800000 17875.3 0.20125 2999.86 0.999523
547900000 17875.3 -0.258967 2999.94 0.999435
548000000 17875.3 -0.1343 2999.92 0.999432
548100000 17875.3 -0.285042 2999.95 0.999374
548200000 17875.3 0.258769 2999.85 0.999629
548300000 17875.3 -0.011264 2999.9 0.999528
548400000 17875.3 -0.016103 2999.9 0.999453
548500000 17875.3 0.212184 2999.86 0.999502
548600000 17875.3 -0.191014 2999.93 0.999415
548700000 17875.3 -0.131248 2999.92 0.999378
548800000 17875.3 0.0901869 2999.88 0.99953
548900000 17875.3 -0.208176 2999.93 0.999376
549000000 17875.3 -0.100938 2999.92 0.999468
549100000 17875.3 -0.180765 2999.93 0.999446
549200000 17875.3 -0.15 2999.92 0.999383
549300000 17875.3 -0.104778 2999.92 0.999393
549400000 17875.3 -0.203583 2999.93 0.999445
549500000 17875.3 0.67913 2999.78 0.999677
549600000 17875.3 -0.225754 2999.94 0.99946
549700000 17875.3 -0.227103 2999.94 0.99941
549800000 17875.3 0.0452338 2999.89 0.999474
549900000 17875.3 0.240703 2999.86 0.999607
550000000 17875.3 -0.0639556 2999.91 0.99951
550100000 17875.3 -0.103563 2999.92 0.999383
550200000 17875.3 -0.0199525 2999.9 0.999492
550300000 17875.3 0.0154075 2999.9 0.999525
550400000 17875.3 0.791549 2999.77 0.999778
550500000 17875.3 2.85079 2999.42 1.00022
550600000 17875.3 0.46073 2999.82 0.999569
550700000 17875.3 -0.190041 2999.93 0.999383
550800000 17875.3 0.393857 2999.83 0.999561
550900000 17875.3 -0.101318 2999.92 0.999385
551000000 17875.3 -0.148118 2999.92 0.999402
551100000 17875.3 0.379186 2999.83 0.999583
551200000 17875.3 -0.100337 2999.91 0.999455
551300000 17875.3 -0.329925 2999.95 0.999418
551400000 17875.3 -0.062456 2999.91 0.999383
551500000 17875.3 -0.235863 2999.94 0.999437
551600000 17875.3 -0.164306 2999.93 0.999378
551700000 17875.3 -0.153047 2999.92 0.999373
551800000 17875.3 -0.105076 2999.92 0.999378
551900000 17875.3 1.04991 2999.72 0.999741
552000000 17875.3 -0.0490136 2999.91 0.999504
552100000 17875.3 -0.253893 2999.94 0.999385
552200000 17875.3 0.160993 2999.87 0.999535
552300000 17875.3 -0.391666 2999.96 0.99937
552400000 17875.3 -0.14215 2999.92 0.999386
552500000 17875.3 -0.150084 2999.92 0.99939
552600000 17875.3 -0.176518 2999.93 0.999428
552700000 17875.3 -0.180137 2999.93 0.999446
552800000 17875.3 -0.192906 2999.93 0.999398
552900000 17875.3 -0.312349 2999.95 0.999385
553000000 17875.3 -0.289342 2999.95 0.999391
553100000 17875.3 -0.218422 2999.93 0.999407
553200000 17875.3 -0.154974 2999.92 0.999384
553300000 17875.3 0.112311 2999.88 0.999483
553400000 17875.3 0.167964 2999.87 0.99951
553500000 17875.3 -0.235467 2999.94 0.999379
553600000 17875.3 -0.345248 2999.96 0.999374
553700000 17875.3 -0.372188 2999.96 0.999377
553800000 17875.3 0.00308713 2999.9 0.999494
553900000 17875.3 0.313708 2999.85 0.999575
554000000 17875.3 0.415782 2999.83 0.999605
554100000 17875.3 -0.0603588 2999.91 0.999386
554200000 17875.3 -0.144621 2999.92 0.99945
554300000 17875.3 -0.194283 2999.93 0.999426
554400000 17875.3 0.0503959 2999.89 0.999477
554500000 17875.3 0.604921 2999.8 0.99963
554600000 17875.3 -0.275789 2999.94 0.999423
554700000 17875.3 0.702295 2999.78 0.999674
554800000 17875.3 -0.17215 2999.93 0.999373
554900000 17875.3 -0.152395 2999.92 0.999481
555000000 17875.3 -0.199128 2999.93 0.99939
555100000 17875.3 -0.259531 2999.94 0.999436
555200000 17875.3 -0.124642 2999.92 0.999384
555300000 17875.3 0.0463189 2999.89 0.9996
555400000 17875.3 -0.0451557 2999.91 0.999572
555500000 17875.3 -0.50669 2999.98 0.999388
555600000 17875.3 -0.390733 2999.96 0.999375
555700000 17875.3 -0.434604 2999.97 0.999416
555800000 17875.3 -0.0151601 2999.9 0.999531
555900000 17875.3 -0.252068 2999.94 0.999463
556000000 17875.3 -0.245592 2999.94 0.999456
556100000 17875.3 -0.138676 2999.92 0.999377
556200000 17875.3 -0.197555 2999.93 0.999375
556300000 17875.3 0.0512079 2999.89 0.999519
556400000 17875.3 -0.230488 2999.94 0.999378
556500000 17875.3 -0.137011 2999.92 0.999411
556600000 17875.3 -0.169388 2999.93 0.99939
556700000 17875.3 -0.168818 2999.93 0.999402
556800000 17875.3 -0.116751 2999.92 0.999386
556900000 17875.3 1.09176 2999.71 0.999755
557000000 17875.3 -0.157942 2999.92 0.99937
557100000 17875.3 0.184132 2999.87 0.999536
557200000 17875.3 0.0419978 2999.89 0.999491
557300000 17875.3 -0.327401 2999.95 0.999396
557400000 17875.3 -0.154764 2999.92 0.999401
557500000 17875.3 -0.0633395 2999.91 0.999424
557600000 17875.3 -0.089864 2999.91 0.999455
557700000 17875.3 -0.0198849 2999.9 0.999518
557800000 17875.3 -0.293998 2999.95 0.999398
557900000 17875.3 -0.287827 2999.95 0.999433
558000000 17875.3 0.0220511 2999.89 0.999452
558100000 17875.3 -0.252145 2999.94 0.999391
558200000 17875.3 -0.0794281 2999.91 0.999382
558300000 17875.3 0.0744126 2999.89 0.999515
558400000 17875.3 -0.176398 2999.93 0.999397
558500000 17875.3 -0.199815 2999.93 0.99943
558600000 17875.3 1.87863 2999.58 1.00004
558700000 17875.3 0.0607015 2999.89 0.999462
558800000 17875.3 -0.150284 2999.92 0.999372
558900000 17875.3 -0.181596 2999.93 0.999374
559000000 17875.3 -0.225629 2999.94 0.999393
559100000 17875.3 0.0253996 2999.89 0.999455
559200000 17875.3 1.84324 2999.59 0.99994
559300000 17875.3 0.18381 2999.87 0.999528
559400000 17875.3 0.893121 2999.75 0.99972
559500000 17875.3 0.566609 2999.8 0.999607
559600000 17875.3 -0.156654 2999.92 0.9994
559700000 17875.3 -0.185885 2999.93 0.999375
559800000 17875.3 0.828985 2999.76 0.999652
559900000 17875.3 0.273207 2999.85 0.999525
560000000 17875.3 0.901195 2999.75 0.99968
560100000 17875.3 -0.369104 2999.96 0.9994
560200000 17875.3 -0.0235798 2999.9 0.999495
560300000 17875.3 -0.191575 2999.93 0.999377
560400000 17875.3 -0.249994 2999.94 0.999412
560500000 17875.3 -0.160533 2999.93 0.999383
560600000 17875.3 -0.094032 2999.91 0.999419
560700000 17875.3 -0.133683 2999.92 0.999427
560800000 17875.3 -0.0557383 2999.91 0.999438
560900000 17875.3 0.197034 2999.87 0.999518
561000000 17875.3 -0.337306 2999.95 0.999391
561100000 17875.3 -0.161598 2999.93 0.999438
561200000 17875.3 0.440485 2999.82 0.999653
561300000 17875.3 0.991517 2999.73 0.999774
561400000 17875.3 0.26583 2999.85 0.99953
561500000 17875.3 -0.0412188 2999.91 0.999459
561600000 17875.3 -0.132297 2999.92 0.999381
561700000 17875.3 -0.174425 2999.93 0.999378
561800000 17875.3 -0.103102 2999.92 0.999428
561900000 17875.3 1.44863 2999.66 0.999785
562000000 17875.3 0.365665 2999.84 0.999647
562100000 17875.3 0.59364 2999.8 0.9997
562200000 17875.3 1.54554 2999.64 0.999787
562300000 17875.3 0.574065 2999.8 0.999616
562400000 17875.3 -0.169236 2999.93 0.999383
562500000 17875.3 0.0570116 2999.89 0.999463
562600000 17875.3 -0.274195 2999.94 0.999378
562700000 17875.3 -0.0659544 2999.91 0.999399
562800000 17875.3 -0.153274 2999.92 0.999401
562900000 17875.3 0.120408 2999.88 0.999475
563000000 17875.3 -0.250126 2999.94 0.999427
563100000 17875.3 -0.140388 2999.92 0.999387
563200000 17875.3 0.536846 2999.81 0.999594
563300000 17875.3 1.12348 2999.71 0.99974
563400000 17875.3 -0.209923 2999.93 0.999492
563500000 17875.3 -0.272598 2999.94 0.999425
563600000 17875.3 -0.20299 2999.93 0.999373
563700000 17875.3 -0.18901 2999.93 0.999409
563800000 17875.3 0.987678 2999.73 0.999815
563900000 17875.3 -0.206899 2999.93 0.999392
564000000 17875.3 -0.273383 2999.94 0.999408
564100000 17875.3 0.458449 2999.82 0.999594
564200000 17875.3 0.391126 2999.83 0.999634
564300000 17875.3 -0.165844 2999.93 0.999379
564400000 17875.3 -0.349027 2999.96 0.999422
564500000 17875.3 0.385233 2999.83 0.999568
564600000 17875.3 -0.191335 2999.93 0.999382
564700000 17875.3 0.391761 2999.83 0.999623
564800000 17875.3 -0.225364 2999.94 0.999373
564900000 17875.3 0.441779 2999.82 0.999648
565000000 17875.3 0.122823 2999.88 0.999532
565100000 17875.3 -0.231288 2999.94 0.999418
565200000 17875.3 -0.281411 2999.95 0.99945
565300000 17875.3 -0.3103 2999.95 0.999403
565400000 17875.3 -0.16041 2999.93 0.999397
565500000 17875.3 -0.255797 2999.94 0.999385
565600000 17875.3 0.889856 2999.75 0.999675
565700000 17875.3 -0.127641 2999.92 0.999507
565800000 17875.3 -0.0968179 2999.91 0.999404
565900000 17875.3 -0.269396 2999.94 0.999401
566000000 17875.3 -0.163787 2999.93 0.999372
566100000 17875.3 0.138904 2999.87 0.999508
566200000 17875.3 0.341336 2999.84 0.999561
566300000 17875.3 -0.163234 2999.93 0.999389
566400000 17875.3 -0.169052 2999.93 0.999429
566500000 17875.3 0.169837 2999.87 0.999582
566600000 17875.3 1.0731 2999.72 0.999761
566700000 17875.3 0.431007 2999.83 0.999566
566800000 17875.3 0.0719515 2999.89 0.999521
566900000 17875.3 -0.0482235 2999.91 0.999464
567000000 17875.3 0.0996011 2999.88 0.999487
567100000 17875.3 -0.153796 2999.92 0.999436
567200000 17875.3 2.17158 2999.53 0.999967
567300000 17875.3 -0.065919 2999.91 0.999383
567400000 17875.3 0.276913 2999.85 0.999639
567500000 17875.3 -0.148424 2999.92 0.999375
567600000 17875.3 -0.106354 2999.92 0.999397
567700000 17875.3 0.508062 2999.81 0.999625
567800000 17875.3 0.557148 2999.8 0.999612
567900000 17875.3 -0.22928 2999.94 0.999383
568000000 17875.3 -0.102663 2999.92 0.999444
568100000 17875.3 -0.103552 2999.92 0.99938
568200000 17875.3 -0.313421 2999.95 0.999409
568300000 17875.3 0.600105 2999.8 0.999608
568400000 17875.3 1.14006 2999.71 0.999735
568500000 17875.3 -0.228811 2999.94 0.999407
568600000 17875.3 1.14063 2999.71 0.999794
568700000 17875.3 0.0950663 2999.88 0.999491
568800000 17875.3 0.00937757 2999.9 0.999584
568900000 17875.3 0.593688 2999.8 0.999679
569000000 17875.3 -0.0906409 2999.91 0.999385
569100000 17875.3 -0.165679 2999.93 0.999394
569200000 17875.3 -0.104047 2999.92 0.99938
569300000 17875.3 0.285515 2999.85 0.999596
569400000 17875.3 -0.145924 2999.92 0.999546
569500000 17875.3 0.876147 2999.75 0.999684
569600000 17875.3 1.01162 2999.73 0.999808
569700000 17875.3 -0.247531 2999.94 0.999365
569800000 17875.3 -0.260729 2999.94 0.999378
569900000 17875.3 -0.24745 2999.94 0.999439
570000000 17875.3 -0.294374 2999.95 0.999376
570100000 17875.3 0.588573 2999.8 0.999603
570200000 17875.3 -0.375505 2999.96 0.999404
570300000 17875.3 0.345177 2999.84 0.99956
570400000 17875.3 -0.0951356 2999.91 0.999382
570500000 17875.3 0.882448 2999.75 0.999678
570600000 17875.3 1.29007 2999.68 0.999787
570700000 17875.3 0.605107 2999.8 0.999671
570800000 17875.3 -0.164502 2999.93 0.999382
570900000 17875.3 -0.161698 2999.93 0.999472
571000000 17875.3 -0.17097 2999.93 0.99939
571100000 17875.3 0.987661 2999.73 0.999859
571200000 17875.3 -0.0528341 2999.91 0.999386
571300000 17875.3 0.888073 2999.75 0.999724
571400000 17875.3 -0.221489 2999.94 0.999373
571500000 17875.3 -0.126627 2999.92 0.999399
571600000 17875.3 -0.276912 2999.94 0.999409
571700000 17875.3 0.0629174 2999.89 0.999569
571800000 17875.3 -0.212299 2999.93 0.999379
571900000 17875.3 -0.157762 2999.92 0.999383
572000000 17875.3 -0.389819 2999.96 0.999409
572100000 17875.3 -0.169051 2999.93 0.999375
572200000 17875.3 -0.331603 2999.95 0.999395
572300000 17875.3 -0.0842362 2999.91 0.999443
572400000 17875.3 -0.0967278 2999.91 0.999436
572500000 17875.3 1.52037 2999.64 0.999898
572600000 17875.3 -0.068672 2999.91 0.999452
572700000 17875.3 -0.210121 2999.93 0.999374
572800000 17875.3 0.251043 2999.86 0.999549
572900000 17875.3 0.371596 2999.84 0.999571
573000000 17875.3 0.0247551 2999.89 0.999492
573100000 17875.3 -0.363029 2999.96 0.999378
573200000 17875.3 -0.235063 2999.94 0.999402
573300000 17875.3 -0.124283 2999.92 0.999397
573400000 17875.3 -0.251143 2999.94 0.999369
573500000 17875.3 -0.0608916 2999.91 0.999385
573600000 17875.3 1.2229 2999.69 0.999725
573700000 17875.3 -0.0162185 2999.9 0.999465
573800000 17875.3 0.032363 2999.89 0.999498
573900000 17875.3 -0.24283 2999.94 0.999374
574000000 17875.3 -0.197918 2999.93 0.999459
574100000 17875.3 -0.139808 2999.92 0.999421
574200000 17875.3 1.08969 2999.72 0.999769
574300000 17875.3 -0.130349 2999.92 0.999388
574400000 17875.3 -0.0717317 2999.91 0.999382
574500000 17875.3 0.0248073 2999.89 0.999506
574600000 17875.3 -0.147071 2999.92 0.999455
574700000 17875.3 -0.263656 2999.94 0.999454
574800000 17875.3 1.60982 2999.63 0.999972
574900000 17875.3 -0.202159 2999.93 0.999439
575000000 17875.3 -0.116599 2999.92 0.999377
575100000 17875.3 -0.110639 2999.92 0.999407
575200000 17875.3 -0.221156 2999.94 0.999411
575300000 17875.3 0.0945237 2999.88 0.999573
575400000 17875.3 -0.133661 2999.92 0.999434
575500000 17875.3 0.666051 2999.79 0.999641
575600000 17875.3 0.217176 2999.86 0.999563
575700000 17875.3 0.019484 2999.89 0.999565
575800000 17875.3 -0.253074 2999.94 0.99941
575900000 17875.3 -0.193481 2999.93 0.999465
576000000 17875.3 -0.026388 2999.9 0.99939
576100000 17875.3 0.585423 2999.8 0.999693
576200000 17875.3 -0.265479 2999.94 0.999367
576300000 17875.3 -0.197998 2999.93 0.999372
576400000 17875.3 -0.213625 2999.93 0.999381
576500000 17875.3 0.797076 2999.76 0.999661
576600000 17875.3 -0.0205934 2999.9 0.999444
576700000 17875.3 -0.120923 2999.92 0.999383
576800000 17875.3 -0.179871 2999.93 0.999417
576900000 17875.3 0.687632 2999.78 0.999651
577000000 17875.3 0.152025 2999.87 0.999544
577100000 17875.3 -0.198149 2999.93 0.999409
577200000 17875.3 0.0566126 2999.89 0.999504
577300000 17875.3 1.34199 2999.67 0.999832
577400000 17875.3 0.264354 2999.85 0.999571
577500000 17875.3 -0.129059 2999.92 0.999381
577600000 17875.3 -0.106007 2999.92 0.999379
577700000 17875.3 1.27761 2999.68 0.999746
577800000 17875.3 -0.197974 2999.93 0.99937
577900000 17875.3 0.361798 2999.84 0.999603
578000000 17875.3 -0.267623 2999.94 0.999395
578100000 17875.3 0.0620728 2999.89 0.999479
578200000 17875.3 -0.256681 2999.94 0.999497
578300000 17875.3 -0.202248 2999.93 0.999385
578400000 17875.3 0.329223 2999.84 0.999587
578500000 17875.3 -0.190264 2999.93 0.999389
578600000 17875.3 0.144181 2999.87 0.999518
578700000 17875.3 -0.1589 2999.92 0.999378
578800000 17875.3 -0.231419 2999.94 0.999402
578900000 17875.3 -0.166469 2999.93 0.999424
579000000 17875.3 -0.117229 2999.92 0.999398
579100000 17875.3 0.0470622 2999.89 0.999485
579200000 17875.3 -0.169219 2999.93 0.999394
579300000 17875.3 -0.195 2999.93 0.999444
579400000 17875.3 -0.0921702 2999.91 0.999424
579500000 17875.3 -0.142387 2999.92 0.999375
579600000 17875.3 -0.175853 2999.93 0.999388
579700000 17875.3 -0.240202 2999.94 0.999387
579800000 17875.3 1.49689 2999.65 0.99996
579900000 17875.3 -0.151933 2999.92 0.999371
580000000 17875.3 -0.234103 2999.94 0.999376
580100000 17875.3 0.14974 2999.87 0.999609
580200000 17875.3 -0.16614 2999.93 0.999377
580300000 17875.3 0.176692 2999.87 0.999594
580400000 17875.3 -0.296103 2999.95 0.999409
580500000 17875.3 -0.130866 2999.92 0.999431
580600000 17875.3 0.454987 2999.82 0.999647
580700000 17875.3 0.730903 2999.78 0.999642
580800000 17875.3 1.25402 2999.69 0.999742
580900000 17875.3 -0.140683 2999.92 0.999438
581000000 17875.3 -0.243596 2999.94 0.999382
581100000 17875.3 0.295933 2999.85 0.999638
581200000 17875.3 -0.135866 2999.92 0.999432
581300000 17875.3 -0.12004 2999.92 0.999379
581400000 17875.3 0.658025 2999.79 0.999737
581500000 17875.3 -0.0387351 2999.9 0.999444
581600000 17875.3 -0.127531 2999.92 0.999465
581700000 17875.3 -0.237496 2999.94 0.999433
581800000 17875.3 0.629835 2999.79 0.999656
581900000 17875.3 1.04204 2999.72 0.999695
582000000 17875.3 0.464077 2999.82 0.999676
582100000 17875.3 0.000563579 2999.9 0.999479
582200000 17875.3 -0.200341 2999.93 0.999398
582300000 17875.3 0.344501 2999.84 0.999543
582400000 17875.3 -0.0611873 2999.91 0.999416
582500000 17875.3 -0.159239 2999.92 0.999378
582600000 17875.3 0.186533 2999.87 0.999542
582700000 17875.3 -0.156457 2999.92 0.99941
582800000 17875.3 -0.221234 2999.94 0.999383
582900000 17875.3 0.280094 2999.85 0.999521
583000000 17875.3 2.65133 2999.45 0.999987
583100000 17875.3 0.430913 2999.83 0.999682
583200000 17875.3 -0.285397 2999.95 0.999373
583300000 17875.3 -0.177715 2999.93 0.999464
583400000 17875.3 -0.11662 2999.92 0.999378
583500000 17875.3 -0.176567 2999.93 0.999399
583600000 17875.3 -0.10118 2999.92 0.999404
583700000 17875.3 -0.0901037 2999.91 0.999419
583800000 17875.3 0.392917 2999.83 0.999562
583900000 17875.3 -0.30203 2999.95 0.999379
584000000 17875.3 0.139377 2999.87 0.999542
584100000 17875.3 0.923619 2999.74 0.999664
584200000 17875.3 0.110037 2999.88 0.999498
584300000 17875.3 -0.206639 2999.93 0.999376
584400000 17875.3 -0.224209 2999.94 0.999443
584500000 17875.3 -0.0936921 2999.91 0.999461
584600000 17875.3 0.0515908 2999.89 0.999486
584700000 17875.3 -0.0640753 2999.91 0.999412
584800000 17875.3 -0.223657 2999.94 0.999446
584900000 17875.3 1.55818 2999.64 0.999915
585000000 17875.3 0.51466 2999.81 0.999667
585100000 17875.3 2.46495 2999.48 1.00005
585200000 17875.3 -0.170034 2999.93 0.999472
585300000 17875.3 -0.0706983 2999.91 0.999455
585400000 17875.3 0.170667 2999.87 0.999519
585500000 17875.3 -0.264908 2999.94 0.999442
585600000 17875.3 -0.0382117 2999.9 0.999387
585700000 17875.3 -0.130228 2999.92 0.999373
585800000 17875.3 -0.0481233 2999.91 0.999455
585900000 17875.3 2.83241 2999.42 1.00002
586000000 17875.3 -0.237699 2999.94 0.999386
586100000 17875.3 0.382984 2999.83 0.999688
586200000 17875.3 -0.294169 2999.95 0.999413
586300000 17875.3 0.520768 2999.81 0.999592
586400000 17875.3 -0.256935 2999.94 0.999402
586500000 17875.3 -0.169298 2999.93 0.99938
586600000 17875.3 -0.145035 2999.92 0.999428
586700000 17875.3 0.0318909 2999.89 0.999492
586800000 17875.3 -0.160608 2999.93 0.999383
586900000 17875.3 -0.0428493 2999.91 0.999422
587000000 17875.3 -0.111714 2999.92 0.999465
587100000 17875.3 -0.111162 2999.92 0.999451
587200000 17875.3 0.733931 2999.77 0.999672
587300000 17875.3 0.222093 2999.86 0.99959
587400000 17875.3 0.14558 2999.87 0.99953
587500000 17875.3 -0.181257 2999.93 0.999406
587600000 17875.3 0.182635 2999.87 0.999546
587700000 17875.3 -0.109036 2999.92 0.99946
587800000 17875.3 -0.25309 2999.94 0.999372
587900000 17875.3 0.0111994 2999.9 0.999482
588000000 17875.3 -0.100277 2999.91 0.999384
588100000 17875.3 0.197833 2999.86 0.999605
588200000 17875.3 -0.180933 2999.93 0.99938
588300000 17875.3 -0.228859 2999.94 0.999381
588400000 17875.3 0.178585 2999.87 0.999509
588500000 17875.3 1.66089 2999.62 0.999922
588600000 17875.3 -0.148043 2999.92 0.999395
588700000 17875.3 1.36677 2999.67 0.999751
588800000 17875.3 -0.223323 2999.94 0.999407
588900000 17875.3 0.485212 2999.82 0.999623
589000000 17875.3 0.0311055 2999.89 0.999567
589100000 17875.3 -0.117665 2999.92 0.999376
589200000 17875.3 0.51221 2999.81 0.999642
589300000 17875.3 -0.139137 2999.92 0.999436
589400000 17875.3 -0.226162 2999.94 0.999395
589500000 17875.3 -0.129361 2999.92 0.999385
589600000 17875.3 0.0711315 2999.89 0.999468
589700000 17875.3 -0.181351 2999.93 0.999371
589800000 17875.3 0.025684 2999.89 0.999462
589900000 17875.3 -0.220318 2999.94 0.999382
590000000 17875.3 0.195488 2999.87 0.999578
590100000 17875.3 -0.269357 2999.94 0.999458
590200000 17875.3 -0.0445551 2999.91 0.999492
590300000 17875.3 0.518102 2999.81 0.999707
590400000 17875.3 0.145601 2999.87 0.999507
590500000 17875.3 -0.0770277 2999.91 0.999385
590600000 17875.3 -0.209883 2999.93 0.999414
590700000 17875.3 -0.246608 2999.94 0.999382
590800000 17875.3 -0.133904 2999.92 0.999399
590900000 17875.3 -0.0238808 2999.9 0.999446
591000000 17875.3 -0.0753434 2999.91 0.999434
591100000 17875.3 -0.112694 2999.92 0.999381
591200000 17875.3 -0.16557 2999.93 0.999377
591300000 17875.3 -0.0720962 2999.91 0.999468
591400000 17875.3 0.0718157 2999.89 0.99952
591500000 17875.3 -0.287107 2999.95 0.999453
591600000 17875.3 0.0134857 2999.9 0.999436
591700000 17875.3 -0.259992 2999.94 0.999383
591800000 17875.3 1.14678 2999.71 0.999812
591900000 17875.3 -0.0421153 2999.91 0.999444
592000000 17875.3 0.0723911 2999.89 0.999524
592100000 17875.3 -0.159357 2999.92 0.999379
592200000 17875.3 -0.179499 2999.93 0.999382
592300000 17875.3 3.71055 2999.28 1.00061
592400000 17875.3 -0.0664381 2999.91 0.999462
592500000 17875.3 -0.194979 2999.93 0.999395
592600000 17875.3 0.200808 2999.86 0.999522
592700000 17875.3 -0.105769 2999.92 0.999381
592800000 17875.3 -0.140675 2999.92 0.999421
592900000 17875.3 0.618722 2999.79 0.999681
593000000 17875.3 -0.176954 2999.93 0.999378
593100000 17875.3 2.42675 2999.49 1.00013
593200000 17875.3 -0.0390348 2999.9 0.999389
593300000 17875.3 0.339684 2999.84 0.999624
593400000 17875.3 0.728136 2999.78 0.999685
593500000 17875.3 0.339108 2999.84 0.999659
593600000 17875.3 -0.261344 2999.94 0.999412
593700000 17875.3 -0.131377 2999.92 0.999478
593800000 17875.3 -0.113824 2999.92 0.999407
593900000 17875.3 -0.281202 2999.95 0.999401
594000000 17875.3 0.0711571 2999.89 0.999546
594100000 17875.3 0.477657 2999.82 0.999568
594200000 17875.3 -0.293905 2999.95 0.999413
594300000 17875.3 -0.171821 2999.93 0.999402
594400000 17875.3 -0.18859 2999.93 0.999393
594500000 17875.3 -0.0914196 2999.91 0.999465
594600000 17875.3 0.187948 2999.87 0.999574
594700000 17875.3 0.867965 2999.75 0.99972
594800000 17875.3 1.02585 2999.73 0.999725
594900000 17875.3 0.822868 2999.76 0.999641
595000000 17875.3 0.702262 2999.78 0.999637
595100000 17875.3 -0.134618 2999.92 0.999461
595200000 17875.3 -0.145729 2999.92 0.999375
595300000 17875.3 -0.0699636 2999.91 0.999478
595400000 17875.3 1.28524 2999.68 0.999772
595500000 17875.3 -0.192525 2999.93 0.999419
595600000 17875.3 -0.195071 2999.93 0.999403
595700000 17875.3 -0.0780238 2999.91 0.99939
595800000 17875.3 -0.212186 2999.93 0.999381
595900000 17875.3 0.46927 2999.82 0.999578
596000000 17875.3 -0.0500234 2999.91 0.999435
596100000 17875.3 1.01192 2999.73 0.999777
596200000 17875.3 -0.116279 2999.92 0.999382
596300000 17875.3 -0.19687 2999.93 0.999394
596400000 17875.3 0.151365 2999.87 0.999498
596500000 17875.3 0.325352 2999.84 0.999556
596600000 17875.3 -0.259204 2999.94 0.999437
596700000 17875.3 0.235348 2999.86 0.999639
596800000 17875.3 -0.092186 2999.91 0.999382
596900000 17875.3 -0.0272883 2999.9 0.999496
597000000 17875.3 -0.116949 2999.92 0.999447
597100000 17875.3 -0.113687 2999.92 0.999495
597200000 17875.3 0.204325 2999.86 0.999507
597300000 17875.3 -0.273332 2999.94 0.999374
597400000 17875.3 -0.305152 2999.95 0.999428
597500000 17875.3 -0.313331 2999.95 0.999401
597600000 17875.3 -0.264393 2999.94 0.999373
597700000 17875.3 -0.123979 2999.92 0.999471
597800000 17875.3 -0.0100227 2999.9 0.999541
597900000 17875.3 -0.131496 2999.92 0.999431
598000000 17875.3 0.189194 2999.87 0.999515
598100000 17875.3 -0.24103 2999.94 0.999392
598200000 17875.3 1.79146 2999.6 0.99992
598300000 17875.3 -0.294909 2999.95 0.999421
598400000 17875.3 -0.067383 2999.91 0.99943
598500000 17875.3 0.224422 2999.86 0.999546
598600000 17875.3 -0.165616 2999.93 0.999401
598700000 17875.3 0.350596 2999.84 0.999585
598800000 17875.3 -0.200706 2999.93 0.999431
598900000 17875.3 0.0146591 2999.9 0.999457
599000000 17875.3 -0.146337 2999.92 0.999377
599100000 17875.3 0.985827 2999.73 0.999771
599200000 17875.3 0.385273 2999.83 0.999628
599300000 17875.3 -0.160913 2999.93 0.999391
599400000 17875.3 1.0862 2999.72 0.999813
599500000 17875.3 -0.240247 2999.94 0.999394
599600000 17875.3 -0.147348 2999.92 0.999392
599700000 17875.3 -0.0604258 2999.91 0.999385
599800000 17875.3 0.295381 2999.85 0.99966
599900000 17875.3 -0.304727 2999.95 0.999409
600000000 17875.3 -0.19425 2999.93 0.999435
600100000 17875.3 -0.273524 2999.94 0.999368
600200000 17875.3 -0.201044 2999.93 0.999388
600300000 17875.3 -0.141941 2999.92 0.999463
600400000 17875.3 -0.181793 2999.93 0.999431
600500000 17875.3 0.01416 2999.9 0.999501
600600000 17875.3 -0.131592 2999.92 0.999396
600700000 17875.3 -0.194832 2999.93 0.999429
600800000 17875.3 0.428021 2999.83 0.999595
600900000 17875.3 -0.211846 2999.93 0.999395
601000000 17875.3 -0.176014 2999.93 0.999379
601100000 17875.3 -0.184569 2999.93 0.999426
601200000 17875.3 -0.111539 2999.92 0.99948
601300000 17875.3 -0.118011 2999.92 0.999377
601400000 17875.3 0.0642746 2999.89 0.999532
601500000 17875.3 -0.198727 2999.93 0.999377
601600000 17875.3 -0.264477 2999.94 0.999377
601700000 17875.3 -0.281233 2999.95 0.999378
601800000 17875.3 -0.19916 2999.93 0.999393
601900000 17875.3 -0.097686 2999.91 0.999439
602000000 17875.3 0.000246725 2999.9 0.999492
602100000 17875.3 -0.330091 2999.95 0.999388
602200000 17875.3 -0.0358433 2999.9 0.999388
602300000 17875.3 0.689958 2999.78 0.99975
602400000 17875.3 -0.23296 2999.94 0.999393
602500000 17875.3 0.813674 2999.76 0.999643
602600000 17875.3 0.305983 2999.85 0.999611
602700000 17875.3 0.0624183 2999.89 0.999459
602800000 17875.3 -0.208317 2999.93 0.999401
602900000 17875.3 0.0563145 2999.89 0.999479
603000000 17875.3 -0.252081 2999.94 0.999397
603100000 17875.3 0.240639 2999.86 0.999507
603200000 17875.3 -0.328217 2999.95 0.999371
603300000 17875.3 1.99717 2999.56 1.00008
603400000 17875.3 0.386042 2999.83 0.999624
603500000 17875.3 -0.157539 2999.92 0.999377
603600000 17875.3 -0.193007 2999.93 0.999375
603700000 17875.3 0.593187 2999.8 0.99961
603800000 17875.3 -0.0734025 2999.91 0.999499
603900000 17875.3 -0.241289 2999.94 0.999404
604000000 17875.3 -0.00471291 2999.9 0.999506
604100000 17875.3 0.695315 2999.78 0.999621
604200000 17875.3 -0.189017 2999.93 0.999419
604300000 17875.3 0.458505 2999.82 0.999621
604400000 17875.3 -0.0534006 2999.91 0.999439
604500000 17875.3 -0.17142 2999.93 0.999373
604600000 17875.3 -0.193766 2999.93 0.999399
604700000 17875.3 -0.118621 2999.92 0.999493
604800000 17875.3 -0.3676 2999.96 0.999369
604900000 17875.3 -0.11339 2999.92 0.999379
605000000 17875.3 0.233146 2999.86 0.999529
605100000 17875.3 -0.143224 2999.92 0.999384
605200000 17875.3 -0.0912096 2999.91 0.99938
605300000 17875.3 -0.241675 2999.94 0.999371
605400000 17875.3 1.26952 2999.69 0.999753
605500000 17875.3 -0.1567 2999.92 0.999444
605600000 17875.3 -0.22462 2999.94 0.999391
605700000 17875.3 -0.280214 2999.95 0.999402
605800000 17875.3 -0.173571 2999.93 0.999388
605900000 17875.3 -0.194559 2999.93 0.999382
606000000 17875.3 -0.0853903 2999.91 0.99944
606100000 17875.3 -0.0175899 2999.9 0.999543
606200000 17875.3 0.607914 2999.8 0.999682
606300000 17875.3 -0.146304 2999.92 0.999442
606400000 17875.3 0.557298 2999.8 0.999639
606500000 17875.3 -0.0997032 2999.91 0.999477
606600000 17875.3 -0.0146471 2999.9 0.999466
606700000 17875.3 -0.239326 2999.94 0.999387
606800000 17875.3 0.211169 2999.86 0.999528
606900000 17875.3 1.87669 2999.58 0.999961
607000000 17875.3 -0.0780563 2999.91 0.999491
607100000 17875.3 0.112064 2999.88 0.999525
607200000 17875.3 0.167444 2999.87 0.999497
607300000 17875.3 -0.207874 2999.93 0.999463
607400000 17875.3 -0.22591 2999.94 0.999434
607500000 17875.3 -0.382805 2999.96 0.999434
607600000 17875.3 0.289654 2999.85 0.999632
607700000 17875.3 -0.194992 2999.93 0.999374
607800000 17875.3 0.65619 2999.79 0.999715
607900000 17875.3 -0.156384 2999.92 0.999457
608000000 17875.3 -0.0527683 2999.91 0.999387
608100000 17875.3 -0.109471 2999.92 0.999392
608200000 17875.3 -0.135094 2999.92 0.999433
608300000 17875.3 -0.166876 2999.93 0.999378
608400000 17875.3 -0.254965 2999.94 0.99941
608500000 17875.3 -0.2494 2999.94 0.999444
608600000 17875.3 0.90031 2999.75 0.999659
608700000 17875.3 -0.0551113 2999.91 0.999423
608800000 17875.3 -0.279291 2999.94 0.999388
608900000 17875.3 1.7712 2999.6 0.999827
609000000 17875.3 -0.410874 2999.97 0.999399
609100000 17875.3 0.206439 2999.86 0.999589
609200000 17875.3 -0.339723 2999.96 0.999362
609300000 17875.3 -0.441243 2999.97 0.999407
609400000 17875.3 -0.476893 2999.98 0.999364
609500000 17875.3 -0.352379 2999.96 0.999365
609600000 17875.3 0.0247043 2999.89 0.999562
609700000 17875.3 -0.388728 2999.96 0.999387
609800000 17875.3 -0.283804 2999.95 0.99937
609900000 17875.3 0.0470103 2999.89 0.999596
610000000 17875.3 0.141381 2999.87 0.999569
610100000 17875.3 0.102659 2999.88 0.999513
610200000 17875.3 0.376401 2999.83 0.999543
610300000 17875.3 0.0940476 2999.88 0.999605
610400000 17875.3 -0.136395 2999.92 0.999426
610500000 17875.3 -0.0236873 2999.9 0.999439
610600000 17875.3 -0.249123 2999.94 0.999373
610700000 17875.3 -0.277375 2999.94 0.999379
610800000 17875.3 2.48398 2999.48 1.00024
610900000 17875.3 -0.160787 2999.93 0.999377
611000000 17875.3 -0.134683 2999.92 0.99948
611100000 17875.3 -0.132968 2999.92 0.999379
611200000 17875.3 -0.24179 2999.94 0.999372
611300000 17875.3 -0.325638 2999.95 0.999398
611400000 17875.3 -0.194148 2999.93 0.999386
611500000 17875.3 -0.201201 2999.93 0.999391
611600000 17875.3 0.28476 2999.85 0.999534
611700000 17875.3 -0.122848 2999.92 0.999422
611800000 17875.3 -0.116564 2999.92 0.999451
611900000 17875.3 -0.250063 2999.94 0.999387
612000000 17875.3 -0.235648 2999.94 0.999408
612100000 17875.3 -0.135227 2999.92 0.999379
612200000 17875.3 1.88645 2999.58 1.00003
612300000 17875.3 -0.138179 2999.92 0.99938
612400000 17875.3 -0.202287 2999.93 0.999385
612500000 17875.3 -0.249862 2999.94 0.999401
612600000 17875.3 -0.148613 2999.92 0.999375
612700000 17875.3 -0.389732 2999.96 0.999362
612800000 17875.3 0.147301 2999.87 0.999541
612900000 17875.3 0.637251 2999.79 0.99961
613000000 17875.3 -0.192337 2999.93 0.999376
613100000 17875.3 -0.131897 2999.92 0.999411
613200000 17875.3 1.07271 2999.72 0.999884
613300000 17875.3 0.0653683 2999.89 0.999505
613400000 17875.3 -0.141837 2999.92 0.999379
613500000 17875.3 -0.070201 2999.91 0.999467
613600000 17875.3 0.442907 2999.82 0.999672
613700000 17875.3 -0.19458 2999.93 0.999397
613800000 17875.3 -0.36239 2999.96 0.999467
613900000 17875.3 -0.150406 2999.92 0.999372
614000000 17875.3 -0.248631 2999.94 0.999379
614100000 17875.3 -0.15022 2999.92 0.999378
614200000 17875.3 -0.31425 2999.95 0.999377
614300000 17875.3 -0.165492 2999.93 0.999431
614400000 17875.3 -0.141687 2999.92 0.99938
614500000 17875.3 -0.291121 2999.95 0.999403
614600000 17875.3 -0.132481 2999.92 0.999491
614700000 17875.3 -0.126241 2999.92 0.999451
614800000 17875.3 -0.0490713 2999.91 0.999437
614900000 17875.3 0.0442611 2999.89 0.999552
615000000 17875.3 -0.204207 2999.93 0.999371
615100000 17875.3 1.61484 2999.63 0.999832
615200000 17875.3 1.36981 2999.67 0.999823
615300000 17875.3 0.0995115 2999.88 0.999554
615400000 17875.3 -0.236042 2999.94 0.999404
615500000 17875.3 1.75259 2999.6 0.999871
615600000 17875.3 -0.155794 2999.92 0.999376
615700000 17875.3 -0.134782 2999.92 0.999377
615800000 17875.3 -0.15407 2999.92 0.999412
615900000 17875.3 -0.0548484 2999.91 0.999385
616000000 17875.3 0.462859 2999.82 0.999651
616100000 17875.3 -0.0738156 2999.91 0.999382
616200000 17875.3 -0.158063 2999.92 0.999392
616300000 17875.3 -0.149093 2999.92 0.999391
616400000 17875.3 -0.119665 2999.92 0.999378
616500000 17875.3 -0.232067 2999.94 0.999477
616600000 17875.3 -0.11651 2999.92 0.999414
616700000 17875.3 -0.164788 2999.93 0.999374
616800000 17875.3 -0.0838061 2999.91 0.999382
616900000 17875.3 -0.312761 2999.95 0.999376
617000000 17875.3 0.208568 2999.86 0.999555
617100000 17875.3 -0.154069 2999.92 0.999508
617200000 17875.3 -0.140643 2999.92 0.999429
617300000 17875.3 0.116925 2999.88 0.999591
617400000 17875.3 -0.231321 2999.94 0.999405
617500000 17875.3 -0.0371977 2999.9 0.999454
617600000 17875.3 0.948273 2999.74 0.999715
617700000 17875.3 -0.194901 2999.93 0.99937
617800000 17875.3 0.252021 2999.86 0.999553
617900000 17875.3 0.515232 2999.81 0.999649
618000000 17875.3 2.01433 2999.56 0.999899
618100000 17875.3 -0.183456 2999.93 0.999392
618200000 17875.3 -0.301839 2999.95 0.999379
618300000 17875.3 -0.178671 2999.93 0.99939
618400000 17875.3 0.0491386 2999.89 0.999567
618500000 17875.3 -0.232852 2999.94 0.999395
618600000 17875.3 0.169136 2999.87 0.999533
618700000 17875.3 0.0339915 2999.89 0.99953
618800000 17875.3 -0.142532 2999.92 0.99938
618900000 17875.3 -0.117002 2999.92 0.999379
619000000 17875.3 0.782653 2999.77 0.999694
619100000 17875.3 0.110328 2999.88 0.999487
619200000 17875.3 -0.0672837 2999.91 0.999529
619300000 17875.3 -0.000857931 2999.9 0.999446
619400000 17875.3 -0.0994405 2999.91 0.999467
619500000 17875.3 4.13395 2999.2 1.00023
619600000 17875.3 0.0668667 2999.89 0.999509
619700000 17875.3 -0.194485 2999.93 0.999374
619800000 17875.3 -0.0515782 2999.91 0.99948
619900000 17875.3 0.360237 2999.84 0.999688
620000000 17875.3 0.442794 2999.82 0.999643
620100000 17875.3 0.0237327 2999.89 0.999483
620200000 17875.3 -0.181297 2999.93 0.999386
620300000 17875.3 0.769378 2999.77 0.999764
620400000 17875.3 0.0154533 2999.9 0.999519
620500000 17875.3 -0.190544 2999.93 0.999463
620600000 17875.3 0.138395 2999.87 0.999579
620700000 17875.3 0.0198746 2999.89 0.999495
620800000 17875.3 -0.318309 2999.95 0.999363
620900000 17875.3 -0.0388623 2999.9 0.999452
621000000 17875.3 0.339626 2999.84 0.999612
621100000 17875.3 -0.260081 2999.94 0.999386
621200000 17875.3 -0.188364 2999.93 0.999396
621300000 17875.3 -0.252096 2999.94 0.999391
621400000 17875.3 -0.162054 2999.93 0.999373
621500000 17875.3 -0.0372603 2999.9 0.999388
621600000 17875.3 -0.197356 2999.93 0.999397
621700000 17875.3 -0.244799 2999.94 0.999371
621800000 17875.3 -0.152606 2999.92 0.999387
621900000 17875.3 -0.2046 2999.93 0.999399
622000000 17875.3 0.981126 2999.73 0.999712
622100000 17875.3 -0.208736 2999.93 0.999413
622200000 17875.3 -0.216876 2999.93 0.999377
622300000 17875.3 -0.130184 2999.92 0.999391
622400000 17875.3 -0.240698 2999.94 0.999378
622500000 17875.3 -0.1056 2999.92 0.999416
622600000 17875.3 -0.326854 2999.95 0.999379
622700000 17875.3 -0.0406985 2999.9 0.99946
622800000 17875.3 0.0142913 2999.9 0.999505
622900000 17875.3 0.659704 2999.79 0.999763
623000000 17875.3 -0.0220515 2999.9 0.999431
623100000 17875.3 -0.0395402 2999.9 0.999492
623200000 17875.3 -0.173744 2999.93 0.999391
623300000 17875.3 -0.243031 2999.94 0.999448
623400000 17875.3 0.432376 2999.83 0.999581
623500000 17875.3 2.3567 2999.5 0.999961
623600000 17875.3 -0.0911501 2999.91 0.999516
623700000 17875.3 -0.16377 2999.93 0.999464
623800000 17875.3 -0.0869318 2999.91 0.999381
623900000 17875.3 -0.110179 2999.92 0.999417
624000000 17875.3 0.0860593 2999.88 0.999485
624100000 17875.3 1.83289 2999.59 1
624200000 17875.3 -0.0749275 2999.91 0.999383
624300000 17875.3 -0.1381 2999.92 0.999409
624400000 17875.3 0.729003 2999.78 0.999665
624500000 17875.3 -0.115927 2999.92 0.999487
624600000 17875.3 -0.259952 2999.94 0.999391
624700000 17875.3 -0.177757 2999.93 0.999414
624800000 17875.3 0.0307331 2999.89 0.999483
624900000 17875.3 0.00920993 2999.9 0.9995
625000000 17875.3 -0.049858 2999.91 0.999427
625100000 17875.3 -0.214384 2999.93 0.999408
625200000 17875.3 -0.0891883 2999.91 0.999383
625300000 17875.3 -0.310494 2999.95 0.99942
625400000 17875.3 0.806195 2999.76 0.999692
625500000 17875.3 -0.135439 2999.92 0.999387
625600000 17875.3 0.0118911 2999.9 0.999509
625700000 17875.3 2.73209 2999.44 1.00005
625800000 17875.3 0.168535 2999.87 0.999586
625900000 17875.3 -0.258323 2999.94 0.999477
626000000 17875.3 -0.351469 2999.96 0.999401
626100000 17875.3 0.613899 2999.8 0.999609
626200000 17875.3 -0.258486 2999.94 0.999394
626300000 17875.3 0.786474 2999.77 0.999715
626400000 17875.3 -0.1359 2999.92 0.999393
626500000 17875.3 -0.183199 2999.93 0.999429
626600000 17875.3 -0.0780852 2999.91 0.999529
626700000 17875.3 -0.143692 2999.92 0.99938
626800000 17875.3 0.114026 2999.88 0.999509
626900000 17875.3 -0.189815 2999.93 0.99938
627000000 17875.3 -0.113029 2999.92 0.999425
627100000 17875.3 -0.0772256 2999.91 0.999383
627200000 17875.3 -0.0542627 2999.91 0.999521
627300000 17875.3 -0.231638 2999.94 0.99941
627400000 17875.3 -0.17407 2999.93 0.999382
627500000 17875.3 -0.341188 2999.96 0.999403
627600000 17875.3 -0.172334 2999.93 0.99938
627700000 17875.3 -0.174244 2999.93 0.999369
627800000 17875.3 -0.187055 2999.93 0.999395
627900000 17875.3 0.32425 2999.84 0.999538
628000000 17875.3 1.40808 2999.66 0.999842
628100000 17875.3 0.446418 2999.82 0.999572
628200000 17875.3 0.749934 2999.77 0.999761
628300000 17875.3 -0.321216 2999.95 0.999366
628400000 17875.3 -0.0509914 2999.91 0.999488
628500000 17875.3 -0.112764 2999.92 0.999404
628600000 17875.3 -0.32449 2999.95 0.999441
628700000 17875.3 0.527806 2999.81 0.99963
628800000 17875.3 -0.0631329 2999.91 0.999429
628900000 17875.3 0.237993 2999.86 0.99957
629000000 17875.3 -0.133433 2999.92 0.999411
629100000 17875.3 0.0698359 2999.89 0.999484
629200000 17875.3 -0.0180425 2999.9 0.999448
629300000 17875.3 -0.100793 2999.92 0.999479
629400000 17875.3 -0.0959674 2999.91 0.999387
629500000 17875.3 -0.14507 2999.92 0.9994
629600000 17875.3 0.115191 2999.88 0.999615
629700000 17875.3 1.04853 2999.72 0.999694
629800000 17875.3 0.355315 2999.84 0.999641
629900000 17875.3 -0.124409 2999.92 0.999379
630000000 17875.3 0.349197 2999.84 0.999541
630100000 17875.3 -0.110978 2999.92 0.999475
630200000 17875.3 -0.278523 2999.94 0.999378
630300000 17875.3 -0.209729 2999.93 0.999385
630400000 17875.3 -0.210316 2999.93 0.999411
630500000 17875.3 0.0678006 2999.89 0.999497
630600000 17875.3 -0.133282 2999.92 0.999382
630700000 17875.3 -0.0910445 2999.91 0.99942
630800000 17875.3 0.294424 2999.85 0.999583
630900000 17875.3 -0.243544 2999.94 0.999368
631000000 17875.3 -0.0496098 2999.91 0.999412
631100000 17875.3 0.0643215 2999.89 0.999471
631200000 17875.3 -0.0748849 2999.91 0.999469
631300000 17875.3 0.695974 2999.78 0.999732
631400000 17875.3 -0.18939 2999.93 0.999408
631500000 17875.3 0.440649 2999.82 0.999699
631600000 17875.3 -0.233784 2999.94 0.999396
631700000 17875.3 1.13166 2999.71 0.999865
631800000 17875.3 -0.0774661 2999.91 0.999417
631900000 17875.3 0.431237 2999.83 0.99965
632000000 17875.3 -0.141813 2999.92 0.999396
632100000 17875.3 -0.131464 2999.92 0.999388
632200000 17875.3 -0.166322 2999.93 0.999385
632300000 17875.3 -0.099916 2999.91 0.999486
632400000 17875.3 -0.088363 2999.91 0.99949
632500000 17875.3 -0.0918392 2999.91 0.999381
632600000 17875.3 0.438399 2999.82 0.999626
632700000 17875.3 -0.0996912 2999.91 0.999413
632800000 17875.3 -0.116192 2999.92 0.999457
632900000 17875.3 -0.170587 2999.93 0.999382
633000000 17875.3 -0.0375835 2999.9 0.99952
633100000 17875.3 -0.153969 2999.92 0.999501
633200000 17875.3 0.32806 2999.84 0.999623
633300000 17875.3 0.578788 2999.8 0.999621
633400000 17875.3 -0.15724 2999.92 0.99943
633500000 17875.3 -0.208843 2999.93 0.999478
633600000 17875.3 -0.271324 2999.94 0.999381
633700000 17875.3 -0.261011 2999.94 0.999444
633800000 17875.3 -0.183281 2999.93 0.999481
633900000 17875.3 -0.299246 2999.95 0.999382
634000000 17875.3 0.266228 2999.85 0.999568
634100000 17875.3 -0.262893 2999.94 0.999381
634200000 17875.3 -0.165783 2999.93 0.999499
634300000 17875.3 1.28392 2999.68 0.999734
634400000 17875.3 -0.198283 2999.93 0.999447
634500000 17875.3 -0.251172 2999.94 0.999413
634600000 17875.3 -0.184688 2999.93 0.999391
634700000 17875.3 -0.0139565 2999.9 0.999575
634800000 17875.3 0.220233 2999.86 0.99957
634900000 17875.3 1.94166 2999.57 1.00003
635000000 17875.3 0.157741 2999.87 0.999508
635100000 17875.3 0.20157 2999.86 0.999545
635200000 17875.3 -0.301812 2999.95 0.999389
635300000 17875.3 -0.138408 2999.92 0.999439
635400000 17875.3 -0.0154548 2999.9 0.999528
635500000 17875.3 0.0815845 2999.88 0.999557
635600000 17875.3 -0.219064 2999.93 0.999393
635700000 17875.3 -0.187489 2999.93 0.999383
635800000 17875.3 -0.16079 2999.93 0.999414
635900000 17875.3 -0.311014 2999.95 0.999392
636000000 17875.3 1.24398 2999.69 0.999859
636100000 17875.3 -0.220321 2999.94 0.99937
636200000 17875.3 -0.36759 2999.96 0.999405
636300000 17875.3 -0.141286 2999.92 0.99947
636400000 17875.3 0.184739 2999.87 0.999527
636500000 17875.3 -0.218874 2999.93 0.999458
636600000 17875.3 0.223672 2999.86 0.999506
636700000 17875.3 -0.0976694 2999.91 0.999411
636800000 17875.3 -0.163863 2999.93 0.999491
636900000 17875.3 -0.147886 2999.92 0.99939
637000000 17875.3 -0.236717 2999.94 0.9994
637100000 17875.3 0.785153 2999.77 0.999665
637200000 17875.3 -0.163819 2999.93 0.99949
637300000 17875.3 -0.0758564 2999.91 0.999491
637400000 17875.3 0.922925 2999.74 0.999685
637500000 17875.3 -0.176722 2999.93 0.999491
637600000 17875.3 -0.127253 2999.92 0.99942
637700000 17875.3 -0.203892 2999.93 0.999401
637800000 17875.3 -0.291706 2999.95 0.999367
637900000 17875.3 -0.0608102 2999.91 0.999564
638000000 17875.3 0.790047 2999.77 0.999735
638100000 17875.3 0.164273 2999.87 0.999516
638200000 17875.3 -0.255758 2999.94 0.999381
638300000 17875.3 -0.269548 2999.94 0.999404
638400000 17875.3 -0.108023 2999.92 0.999453
638500000 17875.3 -0.0174684 2999.9 0.999505
638600000 17875.3 -0.229725 2999.94 0.999411
638700000 17875.3 -0.132207 2999.92 0.999445
638800000 17875.3 0.530859 2999.81 0.999611
638900000 17875.3 -0.146962 2999.92 0.999437
639000000 17875.3 -0.26271 2999.94 0.999383
639100000 17875.3 -0.189285 2999.93 0.999417
639200000 17875.3 -0.268741 2999.94 0.999367
639300000 17875.3 -0.187861 2999.93 0.99945
639400000 17875.3 -0.25566 2999.94 0.99937
639500000 17875.3 0.194713 2999.87 0.99955
639600000 17875.3 0.763859 2999.77 0.99968
639700000 17875.3 -0.204356 2999.93 0.999419
639800000 17875.3 -0.225247 2999.94 0.99945
639900000 17875.3 -0.163018 2999.93 0.999388
640000000 17875.3 -0.205656 2999.93 0.999387
640100000 17875.3 -0.136259 2999.92 0.999377
640200000 17875.3 -0.0585059 2999.91 0.999474
640300000 17875.3 -0.189331 2999.93 0.999368
640400000 17875.3 -0.118978 2999.92 0.999484
640500000 17875.3 -0.252214 2999.94 0.999394
640600000 17875.3 -0.352713 2999.96 0.999398
640700000 17875.3 1.5087 2999.64 0.999799
640800000 17875.3 0.134064 2999.88 0.999606
640900000 17875.3 -0.252857 2999.94 0.999432
641000000 17875.3 -0.297449 2999.95 0.99943
641100000 17875.3 -0.136773 2999.92 0.999406
641200000 17875.3 -0.299456 2999.95 0.999372
641300000 17875.3 -0.104059 2999.92 0.999389
641400000 17875.3 -0.00650875 2999.9 0.999525
641500000 17875.3 -0.0638903 2999.91 0.999384
641600000 17875.3 0.0218632 2999.89 0.999509
641700000 17875.3 -0.0741016 2999.91 0.999382
641800000 17875.3 0.00718412 2999.9 0.999482
641900000 17875.3 0.308645 2999.85 0.999604
642000000 17875.3 -0.313991 2999.95 0.99937
642100000 17875.3 -0.253888 2999.94 0.999404
642200000 17875.3 0.302452 2999.85 0.999522
642300000 17875.3 -0.410448 2999.97 0.999407
642400000 17875.3 -0.24743 2999.94 0.999503
642500000 17875.3 -0.195317 2999.93 0.999394
642600000 17875.3 0.0243134 2999.89 0.999499
642700000 17875.3 -0.136776 2999.92 0.999383
642800000 17875.3 -0.290342 2999.95 0.999388
642900000 17875.3 -0.11817 2999.92 0.99942
643000000 17875.3 -0.187435 2999.93 0.999375
643100000 17875.3 0.128353 2999.88 0.999514
643200000 17875.3 0.10889 2999.88 0.999485
643300000 17875.3 -0.147166 2999.92 0.999404
643400000 17875.3 1.57515 2999.63 0.999803
643500000 17875.3 -0.176967 2999.93 0.99942
643600000 17875.3 0.063545 2999.89 0.999539
643700000 17875.3 0.284936 2999.85 0.999518
643800000 17875.3 -0.138529 2999.92 0.999453
643900000 17875.3 0.823887 2999.76 0.999708
644000000 17875.3 0.697486 2999.78 0.999725
644100000 17875.3 -0.259125 2999.94 0.999501
644200000 17875.3 -0.260432 2999.94 0.999381
644300000 17875.3 -0.15897 2999.92 0.999398
644400000 17875.3 0.527747 2999.81 0.999604
644500000 17875.3 0.074647 2999.89 0.999471
644600000 17875.3 -0.279977 2999.95 0.999362
644700000 17875.3 -0.11955 2999.92 0.999429
644800000 17875.3 -0.183773 2999.93 0.99937
644900000 17875.3 0.41479 2999.83 0.999613
645000000 17875.3 0.0176427 2999.9 0.999499
645100000 17875.3 -0.0499998 2999.91 0.999415
645200000 17875.3 0.983283 2999.73 0.999685
645300000 17875.3 0.0589599 2999.89 0.999519
645400000 17875.3 -0.0961284 2999.91 0.999385
645500000 17875.3 -0.283399 2999.95 0.99943
645600000 17875.3 0.130326 2999.88 0.999562
645700000 17875.3 2.1299 2999.54 0.999928
645800000 17875.3 0.585254 2999.8 0.999671
645900000 17875.3 0.22207 2999.86 0.999553
646000000 17875.3 -0.129822 2999.92 0.999385
646100000 17875.3 0.480053 2999.82 0.999598
646200000 17875.3 -0.287301 2999.95 0.999373
646300000 17875.3 0.0192362 2999.89 0.999536
646400000 17875.3 -0.263954 2999.94 0.999497
646500000 17875.3 -0.0980894 2999.91 0.99938
646600000 17875.3 1.36993 2999.67 0.999869
646700000 17875.3 -0.0294346 2999.9 0.999561
646800000 17875.3 0.873308 2999.75 0.999752
646900000 17875.3 0.225066 2999.86 0.999605
647000000 17875.3 0.655251 2999.79 0.999614
647100000 17875.3 -0.0765001 2999.91 0.999382
647200000 17875.3 -0.341713 2999.96 0.999396
647300000 17875.3 -0.027207 2999.9 0.99939
647400000 17875.3 -0.159191 2999.92 0.999379
647500000 17875.3 2.37609 2999.5 0.999951
647600000 17875.3 -0.174027 2999.93 0.999418
647700000 17875.3 -0.0525699 2999.91 0.999386
647800000 17875.3 -0.177994 2999.93 0.99938
647900000 17875.3 -0.196725 2999.93 0.999375
648000000 17875.3 -0.336368 2999.95 0.999418
648100000 17875.3 -0.277641 2999.94 0.99938
648200000 17875.3 0.891518 2999.75 0.999794
648300000 17875.3 0.0850382 2999.88 0.999478
648400000 17875.3 -0.324211 2999.95 0.999385
648500000 17875.3 -0.215244 2999.93 0.999386
648600000 17875.3 -0.149124 2999.92 0.999485
648700000 17875.3 -0.170299 2999.93 0.999384
648800000 17875.3 1.28644 2999.68 0.999835
648900000 17875.3 -0.0826906 2999.91 0.999449
649000000 17875.3 -0.117528 2999.92 0.999434
649100000 17875.3 -0.177105 2999.93 0.999411
649200000 17875.3 2.3265 2999.51 1.00003
649300000 17875.3 -0.191092 2999.93 0.999389
649400000 17875.3 -0.226851 2999.94 0.999376
649500000 17875.3 0.77896 2999.77 0.999705
649600000 17875.3 -0.227651 2999.94 0.999371
649700000 17875.3 -0.170557 2999.93 0.999398
649800000 17875.3 1.1926 2999.7 0.999786
649900000 17875.3 -0.114564 2999.92 0.99938
650000000 17875.3 -0.306383 2999.95 0.999384
650100000 17875.3 -0.0714503 2999.91 0.999407
650200000 17875.3 -0.280749 2999.95 0.999388
650300000 17875.3 0.179354 2999.87 0.999538
650400000 17875.3 2.4216 2999.49 1.00009
650500000 17875.3 -0.220323 2999.94 0.999386
650600000 17875.3 0.00401019 2999.9 0.999479
650700000 17875.3 0.367462 2999.84 0.999557
650800000 17875.3 0.0306139 2999.89 0.999488
650900000 17875.3 -0.125709 2999.92 0.999379
651000000 17875.3 0.152712 2999.87 0.999509
651100000 17875.3 0.20018 2999.86 0.999499
651200000 17875.3 -0.250052 2999.94 0.999385
651300000 17875.3 0.687246 2999.78 0.999706
651400000 17875.3 -0.184933 2999.93 0.999392
651500000 17875.3 -0.275553 2999.94 0.99939
651600000 17875.3 -0.20825 2999.93 0.9994
651700000 17875.3 -0.124015 2999.92 0.999435
651800000 17875.3 0.0636339 2999.89 0.999479
651900000 17875.3 0.368308 2999.84 0.999595
652000000 17875.3 -0.0512026 2999.91 0.999497
652100000 17875.3 0.0128123 2999.9 0.999461
652200000 17875.3 0.393556 2999.83 0.999643
652300000 17875.3 0.789139 2999.77 0.99978
652400000 17875.3 -0.281941 2999.95 0.999381
652500000 17875.3 -0.322182 2999.95 0.999381
652600000 17875.3 -0.285742 2999.95 0.999387
652700000 17875.3 -0.178201 2999.93 0.999376
652800000 17875.3 -0.0953555 2999.91 0.999379
652900000 17875.3 -0.186418 2999.93 0.999376
653000000 17875.3 -0.219003 2999.93 0.999371
653100000 17875.3 -0.203786 2999.93 0.999407
653200000 17875.3 0.520424 2999.81 0.999614
653300000 17875.3 0.549163 2999.81 0.999667
653400000 17875.3 -0.104325 2999.92 0.99938
653500000 17875.3 0.526746 2999.81 0.999646
653600000 17875.3 -0.0281262 2999.9 0.999452
653700000 17875.3 0.262967 2999.85 0.999572
653800000 17875.3 -0.212946 2999.93 0.999381
653900000 17875.3 -0.0869466 2999.91 0.999383
654000000 17875.3 0.83015 2999.76 0.999768
654100000 17875.3 -0.1259 2999.92 0.999401
654200000 17875.3 0.239594 2999.86 0.999569
654300000 17875.3 -0.0979186 2999.91 0.999383
654400000 17875.3 -0.0596426 2999.91 0.999478
654500000 17875.3 -0.0679642 2999.91 0.999573
654600000 17875.3 0.344128 2999.84 0.999626
654700000 17875.3 0.106988 2999.88 0.999536
654800000 17875.3 -0.16242 2999.93 0.999423
654900000 17875.3 -0.181159 2999.93 0.999487
655000000 17875.3 -0.162997 2999.93 0.999385
655100000 17875.3 -0.209683 2999.93 0.999423
655200000 17875.3 0.30061 2999.85 0.999599
655300000 17875.3 0.107829 2999.88 0.999516
655400000 17875.3 0.33077 2999.84 0.999588
655500000 17875.3 -0.109765 2999.92 0.9994
655600000 17875.3 -0.109292 2999.92 0.999392
655700000 17875.3 -0.208249 2999.93 0.99939
655800000 17875.3 -0.277001 2999.94 0.999382
655900000 17875.3 0.399728 2999.83 0.999603
656000000 17875.3 1.27649 2999.68 0.999737
656100000 17875.3 -0.240414 2999.94 0.999385
656200000 17875.3 0.0137187 2999.9 0.99952
656300000 17875.3 0.232076 2999.86 0.999559
656400000 17875.3 0.0079516 2999.9 0.999462
656500000 17875.3 -0.0664144 2999.91 0.999446
656600000 17875.3 -0.189356 2999.93 0.999438
656700000 17875.3 -0.134455 2999.92 0.99938
656800000 17875.3 -0.0238886 2999.9 0.999516
656900000 17875.3 -0.149689 2999.92 0.999381
657000000 17875.3 0.169544 2999.87 0.999565
657100000 17875.3 1.19422 2999.7 0.999901
657200000 17875.3 -0.108601 2999.92 0.999377
657300000 17875.3 -0.0320401 2999.9 0.999436
657400000 17875.3 -0.216225 2999.93 0.9994
657500000 17875.3 0.997661 2999.73 0.999826
657600000 17875.3 -0.206381 2999.93 0.999377
657700000 17875.3 -0.233542 2999.94 0.999398
657800000 17875.3 0.196441 2999.87 0.99961
657900000 17875.3 -0.121101 2999.92 0.999424
658000000 17875.3 -0.114974 2999.92 0.99938
658100000 17875.3 -0.108351 2999.92 0.999376
658200000 17875.3 0.304573 2999.85 0.999573
658300000 17875.3 0.958635 2999.74 0.99979
658400000 17875.3 -0.00696089 2999.9 0.999535
658500000 17875.3 -0.193765 2999.93 0.999382
658600000 17875.3 -0.142349 2999.92 0.999407
658700000 17875.3 1.29313 2999.68 0.99976
658800000 17875.3 0.108749 2999.88 0.999531
658900000 17875.3 -0.130971 2999.92 0.99939
659000000 17875.3 -0.0390589 2999.9 0.999388
659100000 17875.3 -0.238411 2999.94 0.999405
659200000 17875.3 -0.168774 2999.93 0.999523
659300000 17875.3 0.138951 2999.87 0.999486
659400000 17875.3 0.495417 2999.81 0.999679
659500000 17875.3 3.8837 2999.25 1.0003
659600000 17875.3 -0.162695 2999.93 0.999381
659700000 17875.3 0.305999 2999.85 0.999562
659800000 17875.3 0.0327514 2999.89 0.999488
659900000 17875.3 -0.244953 2999.94 0.999391
660000000 17875.3 -0.141469 2999.92 0.999419
660100000 17875.3 0.0502985 2999.89 0.999537
660200000 17875.3 0.899389 2999.75 0.999654
660300000 17875.3 -0.139756 2999.92 0.999454
660400000 17875.3 -0.222819 2999.94 0.999461
660500000 17875.3 0.621324 2999.79 0.999657
660600000 17875.3 2.36257 2999.5 1.00004
660700000 17875.3 -0.0843193 2999.91 0.999466
660800000 17875.3 -0.288607 2999.95 0.999426
660900000 17875.3 -0.271923 2999.94 0.999365
661000000 17875.3 -0.207575 2999.93 0.999382
661100000 17875.3 -0.37446 2999.96 0.9994
661200000 17875.3 -0.133282 2999.92 0.999412
661300000 17875.3 1.13861 2999.71 0.999777
661400000 17875.3 -0.252605 2999.94 0.999412
661500000 17875.3 -0.051171 2999.91 0.999493
661600000 17875.3 -0.153284 2999.92 0.99952
661700000 17875.3 -0.105039 2999.92 0.999448
661800000 17875.3 1.11393 2999.71 0.99974
661900000 17875.3 -0.409745 2999.97 0.999373
662000000 17875.3 0.138645 2999.87 0.999542
662100000 17875.3 -0.193064 2999.93 0.999454
662200000 17875.3 -0.144876 2999.92 0.999374
662300000 17875.3 0.0769748 2999.89 0.999594
662400000 17875.3 0.388898 2999.83 0.999642
662500000 17875.3 -0.124394 2999.92 0.999377
662600000 17875.3 -0.292866 2999.95 0.999399
662700000 17875.3 0.287064 2999.85 0.999605
662800000 17875.3 -0.339381 2999.96 0.999395
662900000 17875.3 -0.0394566 2999.9 0.999445
663000000 17875.3 -0.0116746 2999.9 0.999494
663100000 17875.3 -0.227711 2999.94 0.999379
663200000 17875.3 -0.252841 2999.94 0.999391
663300000 17875.3 0.21877 2999.86 0.999576
663400000 17875.3 -0.126222 2999.92 0.99939
663500000 17875.3 -0.183087 2999.93 0.999381
663600000 17875.3 -0.177286 2999.93 0.99939
663700000 17875.3 -0.0964007 2999.91 0.999395
663800000 17875.3 -0.188877 2999.93 0.999373
663900000 17875.3 -0.0443845 2999.91 0.99943
664000000 17875.3 -0.124554 2999.92 0.999378
664100000 17875.3 0.0643469 2999.89 0.999536
664200000 17875.3 1.48317 2999.65 0.999776
664300000 17875.3 0.161619 2999.87 0.999517
664400000 17875.3 0.359962 2999.84 0.999564
664500000 17875.3 -0.205567 2999.93 0.999454
664600000 17875.3 -0.356446 2999.96 0.999404
664700000 17875.3 0.20748 2999.86 0.999539
664800000 17875.3 -0.129624 2999.92 0.999418
664900000 17875.3 -0.131651 2999.92 0.999452
665000000 17875.3 -0.0551081 2999.91 0.999456
665100000 17875.3 -0.127297 2999.92 0.999479
665200000 17875.3 -0.127639 2999.92 0.999387
665300000 17875.3 -0.139553 2999.92 0.999377
665400000 17875.3 -0.146924 2999.92 0.9994
665500000 17875.3 -0.247647 2999.94 0.9994
665600000 17875.3 -0.242111 2999.94 0.999426
665700000 17875.3 1.46265 2999.65 0.999795
665800000 17875.3 -0.0606086 2999.91 0.999384
665900000 17875.3 -0.11972 2999.92 0.999384
666000000 17875.3 -0.1629 2999.93 0.999518
666100000 17875.3 -0.167503 2999.93 0.999438
666200000 17875.3 -0.13517 2999.92 0.999372
666300000 17875.3 -0.117029 2999.92 0.999414
666400000 17875.3 -0.21749 2999.93 0.999371
666500000 17875.3 -0.00678185 2999.9 0.999504
666600000 17875.3 -0.218737 2999.93 0.999421
666700000 17875.3 -0.326942 2999.95 0.999382
666800000 17875.3 0.215012 2999.86 0.999559
666900000 17875.3 -0.207033 2999.93 0.999381
667000000 17875.3 2.23811 2999.52 0.999999
667100000 17875.3 -0.127292 2999.92 0.99938
667200000 17875.3 -0.155499 2999.92 0.999411
667300000 17875.3 1.4063 2999.66 0.999898
667400000 17875.3 -0.171888 2999.93 0.99947
667500000 17875.3 0.0690525 2999.89 0.999529
667600000 17875.3 -0.191547 2999.93 0.999376
667700000 17875.3 -0.200798 2999.93 0.999385
667800000 17875.3 -0.356147 2999.96 0.999385
667900000 17875.3 -0.193792 2999.93 0.999456
668000000 17875.3 -0.181777 2999.93 0.999371
668100000 17875.3 1.86291 2999.59 0.999935
668200000 17875.3 -0.187709 2999.93 0.999428
668300000 17875.3 -0.192771 2999.93 0.999381
668400000 17875.3 -0.223219 2999.94 0.999476
668500000 17875.3 -0.188769 2999.93 0.999398
668600000 17875.3 1.76352 2999.6 0.999897
668700000 17875.3 1.30976 2999.68 0.999848
668800000 17875.3 0.188191 2999.87 0.999562
668900000 17875.3 0.37943 2999.83 0.999612
669000000 17875.3 -0.157824 2999.92 0.999374
669100000 17875.3 -0.128847 2999.92 0.999383
669200000 17875.3 -0.313957 2999.95 0.999419
669300000 17875.3 -0.19516 2999.93 0.999379
669400000 17875.3 0.339049 2999.84 0.999625
669500000 17875.3 -0.216963 2999.93 0.999404
669600000 17875.3 -0.121501 2999.92 0.999382
669700000 17875.3 -0.150716 2999.92 0.999451
669800000 17875.3 -0.0733003 2999.91 0.999385
669900000 17875.3 1.90152 2999.58 0.999945
670000000 17875.3 1.84151 2999.59 0.999972
670100000 17875.3 -0.278131 2999.94 0.999396
670200000 17875.3 0.2072 2999.86 0.999559
670300000 17875.3 -0.212012 2999.93 0.999366
670400000 17875.3 -0.162119 2999.93 0.999416
670500000 17875.3 -0.108192 2999.92 0.999401
670600000 17875.3 0.384111 2999.83 0.999616
670700000 17875.3 -0.168433 2999.93 0.999376
670800000 17875.3 0.591847 2999.8 0.999665
670900000 17875.3 -0.30735 2999.95 0.99941
671000000 17875.3 -0.31239 2999.95 0.999408
671100000 17875.3 -0.0328439 2999.9 0.999497
671200000 17875.3 -0.173259 2999.93 0.999373
671300000 17875.3 0.268105 2999.85 0.999664
671400000 17875.3 -0.28992 2999.95 0.999392
671500000 17875.3 1.03798 2999.72 0.999682
671600000 17875.3 2.55534 2999.47 1.00006
671700000 17875.3 1.02887 2999.73 0.999705
671800000 17875.3 -0.167017 2999.93 0.999394
671900000 17875.3 0.258039 2999.85 0.999515
672000000 17875.3 -0.268317 2999.94 0.999368
672100000 17875.3 0.322028 2999.84 0.999591
672200000 17875.3 -0.205323 2999.93 0.999374
672300000 17875.3 -0.137236 2999.92 0.99944
672400000 17875.3 -0.19444 2999.93 0.999379
672500000 17875.3 -0.0979955 2999.91 0.999472
672600000 17875.3 0.0081418 2999.9 0.999607
672700000 17875.3 -0.0988682 2999.91 0.999439
672800000 17875.3 0.0105359 2999.9 0.999481
672900000 17875.3 0.362652 2999.84 0.999598
673000000 17875.3 -0.0589338 2999.91 0.999386
673100000 17875.3 -0.0518484 2999.91 0.999476
673200000 17875.3 -0.263004 2999.94 0.999467
673300000 17875.3 0.0792617 2999.88 0.999463
673400000 17875.3 0.616103 2999.79 0.999675
673500000 17875.3 -0.163319 2999.93 0.999382
673600000 17875.3 0.126926 2999.88 0.999558
673700000 17875.3 0.24162 2999.86 0.999528
673800000 17875.3 0.442107 2999.82 0.999563
673900000 17875.3 -0.13901 2999.92 0.999387
674000000 17875.3 0.0387987 2999.89 0.999507
674100000 17875.3 -0.132114 2999.92 0.999473
674200000 17875.3 0.415207 2999.83 0.99955
674300000 17875.3 0.51391 2999.81 0.999672
674400000 17875.3 -0.0860618 2999.91 0.999507
674500000 17875.3 -0.183671 2999.93 0.999382
674600000 17875.3 -0.130265 2999.92 0.999441
674700000 17875.3 -0.0337396 2999.9 0.999389
674800000 17875.3 -0.246806 2999.94 0.999376
674900000 17875.3 -0.293875 2999.95 0.999372
675000000 17875.3 0.685748 2999.78 0.999659
675100000 17875.3 -0.231779 2999.94 0.999377
675200000 17875.3 0.180701 2999.87 0.999583
675300000 17875.3 -0.190184 2999.93 0.999373
675400000 17875.3 0.112154 2999.88 0.999542
675500000 17875.3 -0.157562 2999.92 0.999399
675600000 17875.3 -0.0617379 2999.91 0.999432
675700000 17875.3 -0.0973833 2999.91 0.999381
675800000 17875.3 -0.370214 2999.96 0.999375
675900000 17875.3 -0.378696 2999.96 0.999365
676000000 17875.3 1.46319 2999.65 0.999852
676100000 17875.3 -0.182736 2999.93 0.999379
676200000 17875.3 -0.140089 2999.92 0.999462
676300000 17875.3 -0.19086 2999.93 0.999441
676400000 17875.3 0.194452 2999.87 0.999517
676500000 17875.3 -0.296272 2999.95 0.999393
676600000 17875.3 0.348533 2999.84 0.999554
676700000 17875.3 -0.105075 2999.92 0.999446
676800000 17875.3 -0.0791011 2999.91 0.999382
676900000 17875.3 -0.259814 2999.94 0.999373
677000000 17875.3 -0.0720262 2999.91 0.999466
677100000 17875.3 -0.321181 2999.95 0.999372
677200000 17875.3 -0.144839 2999.92 0.999378
677300000 17875.3 -0.0400504 2999.9 0.999502
677400000 17875.3 0.546593 2999.81 0.999611
677500000 17875.3 0.924829 2999.74 0.999665
677600000 17875.3 0.0576193 2999.89 0.999505
677700000 17875.3 -0.106583 2999.92 0.999477
677800000 17875.3 -0.277813 2999.94 0.999372
677900000 17875.3 -0.135365 2999.92 0.999389
678000000 17875.3 -0.1285 2999.92 0.999387
678100000 17875.3 -0.212324 2999.93 0.999409
678200000 17875.3 -0.325809 2999.95 0.999408
678300000 17875.3 0.0828775 2999.88 0.999467
678400000 17875.3 -0.0590638 2999.91 0.999385
678500000 17875.3 -0.0860788 2999.91 0.999379
678600000 17875.3 -0.0855638 2999.91 0.999384
678700000 17875.3 -0.406656 2999.97 0.999399
678800000 17875.3 -0.235606 2999.94 0.999387
678900000 17875.3 -0.0752904 2999.91 0.999461
679000000 17875.3 0.257842 2999.85 0.999546
679100000 17875.3 0.0957142 2999.88 0.999532
679200000 17875.3 -0.150333 2999.92 0.999396
679300000 17875.3 -0.172219 2999.93 0.999391
679400000 17875.3 -0.284062 2999.95 0.999372
679500000 17875.3 -0.182662 2999.93 0.999431
679600000 17875.3 -0.108198 2999.92 0.999381
679700000 17875.3 1.33776 2999.67 0.999831
679800000 17875.3 -0.111668 2999.92 0.999404
679900000 17875.3 0.47595 2999.82 0.999576
680000000 17875.3 -0.239969 2999.94 0.999381
680100000 17875.3 -0.0493155 2999.91 0.999432
680200000 17875.3 -0.280405 2999.95 0.999375
680300000 17875.3 -0.251116 2999.94 0.999384
680400000 17875.3 -0.11615 2999.92 0.99938
680500000 17875.3 -0.0856275 2999.91 0.999449
680600000 17875.3 -0.100524 2999.91 0.999385
680700000 17875.3 0.405767 2999.83 0.999582
680800000 17875.3 -0.292742 2999.95 0.999432
680900000 17875.3 0.0224577 2999.89 0.999494
681000000 17875.3 -0.266302 2999.94 0.999472
681100000 17875.3 -0.149032 2999.92 0.999443
681200000 17875.3 -0.0781798 2999.91 0.999426
681300000 17875.3 -0.194758 2999.93 0.9994
681400000 17875.3 -0.169414 2999.93 0.999379
681500000 17875.3 -0.0847045 2999.91 0.999381
681600000 17875.3 0.0947035 2999.88 0.999522
681700000 17875.3 -0.167037 2999.93 0.999388
681800000 17875.3 0.613411 2999.8 0.999611
681900000 17875.3 -0.112672 2999.92 0.999377
682000000 17875.3 -0.0517317 2999.91 0.999386
682100000 17875.3 3.90485 2999.24 1.00025
682200000 17875.3 -0.221431 2999.94 0.999388
682300000 17875.3 -0.125855 2999.92 0.999424
682400000 17875.3 -0.154822 2999.92 0.999375
682500000 17875.3 -0.287627 2999.95 0.999384
682600000 17875.3 -0.140168 2999.92 0.999433
682700000 17875.3 -0.102958 2999.92 0.999398
682800000 17875.3 0.00321061 2999.9 0.999446
682900000 17875.3 0.0317839 2999.89 0.999493
683000000 17875.3 -0.225456 2999.94 0.999387
683100000 17875.3 -0.187477 2999.93 0.9994
683200000 17875.3 0.0661335 2999.89 0.999583
683300000 17875.3 -0.0462354 2999.91 0.999458
683400000 17875.3 -0.449002 2999.97 0.999378
683500000 17875.3 -0.277875 2999.94 0.999369
683600000 17875.3 -0.179872 2999.93 0.999394
683700000 17875.3 -0.124895 2999.92 0.999388
683800000 17875.3 -0.17641 2999.93 0.999372
683900000 17875.3 -0.176016 2999.93 0.999397
684000000 17875.3 -0.205772 2999.93 0.999458
684100000 17875.3 0.173864 2999.87 0.999589
684200000 17875.3 -0.0767902 2999.91 0.999495
684300000 17875.3 -0.336346 2999.95 0.999406
684400000 17875.3 -0.119783 2999.92 0.999378
684500000 17875.3 0.20648 2999.86 0.99951
684600000 17875.3 -0.0146299 2999.9 0.999542
684700000 17875.3 -0.181464 2999.93 0.999414
684800000 17875.3 0.210014 2999.86 0.999552
684900000 17875.3 -0.0435055 2999.91 0.999558
685000000 17875.3 -0.231654 2999.94 0.999394
685100000 17875.3 -0.261999 2999.94 0.999401
685200000 17875.3 -0.178991 2999.93 0.999371
685300000 17875.3 -0.247764 2999.94 0.999395
685400000 17875.3 0.633362 2999.79 0.999675
685500000 17875.3 -0.13942 2999.92 0.999455
685600000 17875.3 -0.0723548 2999.91 0.999454
685700000 17875.3 0.607196 2999.8 0.999681
685800000 17875.3 0.23857 2999.86 0.999535
685900000 17875.3 -0.133958 2999.92 0.999404
686000000 17875.3 0.611422 2999.8 0.999713
686100000 17875.3 0.0412163 2999.89 0.999517
686200000 17875.3 1.46082 2999.65 0.999825
686300000 17875.3 -0.201784 2999.93 0.999481
686400000 17875.3 -0.31878 2999.95 0.999387
686500000 17875.3 0.0959874 2999.88 0.999548
686600000 17875.3 -0.0627072 2999.91 0.99947
686700000 17875.3 -0.242758 2999.94 0.999398
686800000 17875.3 0.397535 2999.83 0.999582
686900000 17875.3 -0.163051 2999.93 0.999414
687000000 17875.3 -0.209138 2999.93 0.999429
687100000 17875.3 -0.286987 2999.95 0.999391
687200000 17875.3 1.10648 2999.71 0.999822
687300000 17875.3 0.0396465 2999.89 0.999537
687400000 17875.3 -0.151768 2999.92 0.999387
687500000 17875.3 -0.264653 2999.94 0.9994
687600000 17875.3 0.215112 2999.86 0.99958
687700000 17875.3 -0.184808 2999.93 0.999398
687800000 17875.3 1.56334 2999.64 0.999817
687900000 17875.3 -0.210537 2999.93 0.999381
688000000 17875.3 -0.226244 2999.94 0.999469
688100000 17875.3 -0.0478524 2999.91 0.999386
688200000 17875.3 0.613239 2999.8 0.999665
688300000 17875.3 -0.0493382 2999.91 0.999385
688400000 17875.3 -0.10714 2999.92 0.999383
688500000 17875.3 -0.010141 2999.9 0.999443
688600000 17875.3 -0.0372449 2999.9 0.999388
688700000 17875.3 0.245512 2999.86 0.99952
688800000 17875.3 -0.170458 2999.93 0.99938
688900000 17875.3 -0.204714 2999.93 0.99949
689000000 17875.3 0.0147443 2999.9 0.999479
689100000 17875.3 1.14888 2999.71 0.999748
689200000 17875.3 -0.0943473 2999.91 0.999475
689300000 17875.3 -0.103841 2999.92 0.999472
689400000 17875.3 -0.137322 2999.92 0.999445
689500000 17875.3 0.427899 2999.83 0.999666
689600000 17875.3 -0.0691363 2999.91 0.999464
689700000 17875.3 -0.229791 2999.94 0.999395
689800000 17875.3 -0.240792 2999.94 0.999371
689900000 17875.3 -0.165151 2999.93 0.99938
690000000 17875.3 0.446613 2999.82 0.999655
690100000 17875.3 1.29522 2999.68 0.999985
690200000 17875.3 -0.133532 2999.92 0.999413
690300000 17875.3 -0.152838 2999.92 0.999383
690400000 17875.3 -0.0887642 2999.91 0.999382
690500000 17875.3 2.57106 2999.47 1.00007
690600000 17875.3 -0.0504054 2999.91 0.999479
690700000 17875.3 -0.173306 2999.93 0.999382
690800000 17875.3 -0.158323 2999.92 0.999385
690900000 17875.3 -0.0937512 2999.91 0.999409
691000000 17875.3 -0.0961892 2999.91 0.999526
691100000 17875.3 -0.207343 2999.93 0.999421
691200000 17875.3 -0.438365 2999.97 0.999378
691300000 17875.3 0.633262 2999.79 0.999711
691400000 17875.3 1.71659 2999.61 1.00008
691500000 17875.3 -0.227088 2999.94 0.99937
691600000 17875.3 0.628345 2999.79 0.999742
691700000 17875.3 -0.255026 2999.94 0.999458
691800000 17875.3 0.00122215 2999.9 0.99947
691900000 17875.3 -0.0770175 2999.91 0.999455
692000000 17875.3 -0.0155851 2999.9 0.999555
692100000 17875.3 -0.165839 2999.93 0.999377
692200000 17875.3 -0.292784 2999.95 0.999386
692300000 17875.3 -0.153713 2999.92 0.999483
692400000 17875.3 1.02331 2999.73 0.999786
692500000 17875.3 -0.368645 2999.96 0.999475
692600000 17875.3 -0.119795 2999.92 0.999428
692700000 17875.3 0.0243602 2999.89 0.999503
692800000 17875.3 -0.115703 2999.92 0.999432
692900000 17875.3 -0.23853 2999.94 0.999368
693000000 17875.3 -0.138487 2999.92 0.999451
693100000 17875.3 0.0777073 2999.89 0.999524
693200000 17875.3 0.184814 2999.87 0.999506
693300000 17875.3 -0.286726 2999.95 0.999379
693400000 17875.3 0.23642 2999.86 0.999643
693500000 17875.3 -0.194122 2999.93 0.999393
693600000 17875.3 -0.191064 2999.93 0.999392
693700000 17875.3 -0.179597 2999.93 0.999375
693800000 17875.3 0.354976 2999.84 0.999561
693900000 17875.3 0.0297341 2999.89 0.999646
694000000 17875.3 -0.0926247 2999.91 0.999392
694100000 17875.3 -0.108108 2999.92 0.999507
694200000 17875.3 -0.146156 2999.92 0.999506
694300000 17875.3 -0.21839 2999.93 0.999444
694400000 17875.3 -0.076462 2999.91 0.999382
694500000 17875.3 -0.0959787 2999.91 0.999394
694600000 17875.3 1.34495 2999.67 0.999915
694700000 17875.3 -0.196179 2999.93 0.999385
694800000 17875.3 -0.150171 2999.92 0.999392
694900000 17875.3 0.376331 2999.83 0.999635
695000000 17875.3 0.0761988 2999.89 0.999469
695100000 17875.3 -0.0617864 2999.91 0.999435
695200000 17875.3 -0.182419 2999.93 0.999438
695300000 17875.3 -0.302659 2999.95 0.999374
695400000 17875.3 0.141775 2999.87 0.999597
695500000 17875.3 -0.214599 2999.93 0.999472
695600000 17875.3 -0.241885 2999.94 0.99943
695700000 17875.3 -0.158085 2999.92 0.999375
695800000 17875.3 -0.121143 2999.92 0.99942
695900000 17875.3 -0.174577 2999.93 0.99938
696000000 17875.3 -0.156334 2999.92 0.99942
696100000 17875.3 -0.0902752 2999.91 0.999442
696200000 17875.3 1.89454 2999.58 0.999858
696300000 17875.3 0.174667 2999.87 0.99956
696400000 17875.3 -0.0330215 2999.9 0.999481
696500000 17875.3 -0.196572 2999.93 0.999389
696600000 17875.3 -0.229794 2999.94 0.999405
696700000 17875.3 0.236038 2999.86 0.999558
696800000 17875.3 -0.235852 2999.94 0.999365
696900000 17875.3 -0.104089 2999.92 0.999407
697000000 17875.3 -0.165512 2999.93 0.999444
697100000 17875.3 -0.0362976 2999.9 0.999476
697200000 17875.3 -0.131331 2999.92 0.999417
697300000 17875.3 -0.0757305 2999.91 0.999476
697400000 17875.3 1.42728 2999.66 0.999803
697500000 17875.3 -0.232585 2999.94 0.99943
697600000 17875.3 0.0828432 2999.88 0.999513
697700000 17875.3 -0.152677 2999.92 0.999389
697800000 17875.3 -0.191296 2999.93 0.999376
697900000 17875.3 -0.22666 2999.94 0.999371
698000000 17875.3 -0.118116 2999.92 0.999419
698100000 17875.3 -0.168875 2999.93 0.999411
698200000 17875.3 -0.109022 2999.92 0.999425
698300000 17875.3 -0.120756 2999.92 0.999439
698400000 17875.3 -0.160914 2999.93 0.999387
698500000 17875.3 -0.189306 2999.93 0.999397
698600000 17875.3 -0.333897 2999.95 0.999403
698700000 17875.3 1.60408 2999.63 0.999929
698800000 17875.3 -0.0861363 2999.91 0.9994
698900000 17875.3 0.0559967 2999.89 0.999504
699000000 17875.3 -0.137817 2999.92 0.99938
699100000 17875.3 -0.0431477 2999.91 0.999469
699200000 17875.3 0.909039 2999.75 0.999787
699300000 17875.3 -0.167872 2999.93 0.999386
699400000 17875.3 -0.154737 2999.92 0.999391
699500000 17875.3 0.844709 2999.76 0.999707
699600000 17875.3 -0.170838 2999.93 0.999388
699700000 17875.3 0.0236747 2999.89 0.999494
699800000 17875.3 0.0992312 2999.88 0.999506
699900000 17875.3 -0.234402 2999.94 0.999379
700000000 17875.3 -0.17604 2999.93 0.999428
700100000 17875.3 3.17224 2999.37 1.00014
700200000 17875.3 0.160344 2999.87 0.999501
700300000 17875.3 0.0846826 2999.88 0.999544
700400000 17875.3 -0.133133 2999.92 0.999376
700500000 17875.3 0.00651444 2999.9 0.999453
700600000 17875.3 0.137835 2999.87 0.999544
700700000 17875.3 -0.272357 2999.94 0.999389
700800000 17875.3 -0.0873852 2999.91 0.999379
700900000 17875.3 -0.202688 2999.93 0.999408
701000000 17875.3 0.37417 2999.84 0.999582
701100000 17875.3 -0.0719329 2999.91 0.999386
701200000 17875.3 -0.112179 2999.92 0.99938
701300000 17875.3 -0.178297 2999.93 0.999374
701400000 17875.3 0.31711 2999.84 0.999637
701500000 17875.3 -0.314722 2999.95 0.99943
701600000 17875.3 1.00618 2999.73 0.999715
701700000 17875.3 -0.00881475 2999.9 0.999447
701800000 17875.3 -0.278392 2999.94 0.999381
701900000 17875.3 -0.260979 2999.94 0.999389
702000000 17875.3 1.24656 2999.69 0.999815
702100000 17875.3 -0.125022 2999.92 0.999504
702200000 17875.3 0.0468219 2999.89 0.999479
702300000 17875.3 -0.197059 2999.93 0.99939
702400000 17875.3 -0.0119295 2999.9 0.99945
702500000 17875.3 -0.249187 2999.94 0.999395
702600000 17875.3 0.506225 2999.81 0.999668
702700000 17875.3 -0.089894 2999.91 0.99938
702800000 17875.3 0.580349 2999.8 0.999643
702900000 17875.3 -0.225911 2999.94 0.999402
703000000 17875.3 -0.317405 2999.95 0.999359
703100000 17875.3 -0.218321 2999.93 0.999386
703200000 17875.3 0.840805 2999.76 0.999665
703300000 17875.3 0.674384 2999.78 0.999682
703400000 17875.3 -0.0493107 2999.91 0.99948
703500000 17875.3 -0.253197 2999.94 0.999397
703600000 17875.3 -0.0574344 2999.91 0.999553
703700000 17875.3 -0.0502061 2999.91 0.999516
703800000 17875.3 -0.120508 2999.92 0.999378
703900000 17875.3 1.47781 2999.65 0.999933
704000000 17875.3 -0.113859 2999.92 0.999436
704100000 17875.3 -0.0812264 2999.91 0.999384
704200000 17875.3 -0.0737427 2999.91 0.999385
704300000 17875.3 0.238735 2999.86 0.999698
704400000 17875.3 -0.100938 2999.92 0.999433
704500000 17875.3 -0.125465 2999.92 0.999481
704600000 17875.3 -0.299353 2999.95 0.999376
704700000 17875.3 0.298528 2999.85 0.999524
704800000 17875.3 -0.0852901 2999.91 0.999432
704900000 17875.3 0.989646 2999.73 0.999729
705000000 17875.3 -0.158719 2999.92 0.999443
705100000 17875.3 -0.0688724 2999.91 0.999386
705200000 17875.3 -0.0873193 2999.91 0.99938
705300000 17875.3 -0.0889969 2999.91 0.999494
705400000 17875.3 -0.171677 2999.93 0.999373
705500000 17875.3 0.0721791 2999.89 0.999468
705600000 17875.3 0.132326 2999.88 0.999537
705700000 17875.3 -0.153189 2999.92 0.999387
705800000 17875.3 -0.380395 2999.96 0.999419
705900000 17875.3 0.951049 2999.74 0.999693
706000000 17875.3 0.207942 2999.86 0.999558
706100000 17875.3 0.192766 2999.87 0.999622
706200000 17875.3 0.487038 2999.82 0.99958
706300000 17875.3 0.140732 2999.87 0.999482
706400000 17875.3 -0.285636 2999.95 0.999419
706500000 17875.3 -0.129844 2999.92 0.99939
706600000 17875.3 -0.167605 2999.93 0.999377
706700000 17875.3 -0.17359 2999.93 0.999445
706800000 17875.3 -0.225588 2999.94 0.999465
706900000 17875.3 -0.0161309 2999.9 0.999493
707000000 17875.3 0.244298 2999.86 0.999632
707100000 17875.3 4.27541 2999.18 1.00031
707200000 17875.3 -0.101062 2999.92 0.999471
707300000 17875.3 -0.228096 2999.94 0.999416
707400000 17875.3 -0.243201 2999.94 0.999446
707500000 17875.3 0.0556396 2999.89 0.999586
707600000 17875.3 -0.0698611 2999.91 0.999457
707700000 17875.3 -0.323147 2999.95 0.999416
707800000 17875.3 -0.00852555 2999.9 0.999432
707900000 17875.3 0.680256 2999.78 0.999624
708000000 17875.3 -0.203601 2999.93 0.999382
708100000 17875.3 -0.0374884 2999.9 0.99952
708200000 17875.3 -0.137725 2999.92 0.999378
708300000 17875.3 0.620069 2999.79 0.999672
708400000 17875.3 0.298162 2999.85 0.999572
708500000 17875.3 -0.102617 2999.92 0.999383
708600000 17875.3 -0.147075 2999.92 0.99947
708700000 17875.3 -0.213207 2999.93 0.999425
708800000 17875.3 -0.0446762 2999.91 0.999451
708900000 17875.3 0.445109 2999.82 0.999567
709000000 17875.3 0.432166 2999.83 0.99957
709100000 17875.3 -0.111549 2999.92 0.999417
709200000 17875.3 -0.183791 2999.93 0.9994
709300000 17875.3 -0.129128 2999.92 0.999465
709400000 17875.3 0.243189 2999.86 0.999608
709500000 17875.3 0.253493 2999.86 0.999564
709600000 17875.3 -0.116326 2999.92 0.999405
709700000 17875.3 0.0854784 2999.88 0.99949
709800000 17875.3 -0.0664861 2999.91 0.999383
709900000 17875.3 0.343593 2999.84 0.999611
710000000 17875.3 0.835397 2999.76 0.999731
710100000 17875.3 -0.216121 2999.93 0.999372
710200000 17875.3 -0.275993 2999.94 0.999383
710300000 17875.3 -0.179009 2999.93 0.999395
710400000 17875.3 -0.1145 2999.92 0.999429
710500000 17875.3 -0.217034 2999.93 0.99942
710600000 17875.3 -0.178517 2999.93 0.999373
710700000 17875.3 -0.113447 2999.92 0.999379
710800000 17875.3 -0.156701 2999.92 0.99938
710900000 17875.3 -0.206579 2999.93 0.999433
711000000 17875.3 -0.159485 2999.92 0.999456
711100000 17875.3 -0.103941 2999.92 0.999394
711200000 17875.3 -0.197959 2999.93 0.99938
711300000 17875.3 0.0321889 2999.89 0.999468
711400000 17875.3 0.648496 2999.79 0.999633
711500000 17875.3 -0.070614 2999.91 0.999383
711600000 17875.3 -0.177373 2999.93 0.99941
711700000 17875.3 -0.125092 2999.92 0.999434
711800000 17875.3 -0.190634 2999.93 0.999383
711900000 17875.3 -0.123785 2999.92 0.999451
712000000 17875.3 0.230465 2999.86 0.999535
712100000 17875.3 -0.143737 2999.92 0.999443
712200000 17875.3 -0.250303 2999.94 0.999431
712300000 17875.3 -0.149945 2999.92 0.999381
712400000 17875.3 -0.126421 2999.92 0.999408
712500000 17875.3 -0.208742 2999.93 0.999387
712600000 17875.3 -0.137214 2999.92 0.999427
712700000 17875.3 -0.00866784 2999.9 0.999471
712800000 17875.3 -0.159109 2999.92 0.999384
712900000 17875.3 -0.450422 2999.97 0.999404
713000000 17875.3 0.116157 2999.88 0.99953
713100000 17875.3 1.61668 2999.63 0.999934
713200000 17875.3 -0.189567 2999.93 0.999375
713300000 17875.3 1.1609 2999.7 0.999761
713400000 17875.3 -0.148631 2999.92 0.999424
713500000 17875.3 -0.243227 2999.94 0.999395
713600000 17875.3 -0.308476 2999.95 0.999416
713700000 17875.3 -0.0704097 2999.91 0.999494
713800000 17875.3 0.829759 2999.76 0.999645
713900000 17875.3 -0.225426 2999.94 0.999459
714000000 17875.3 0.748757 2999.77 0.999727
714100000 17875.3 -0.00991187 2999.9 0.999443
714200000 17875.3 -0.0947931 2999.91 0.999389
714300000 17875.3 0.714828 2999.78 0.99962
714400000 17875.3 -0.0532333 2999.91 0.999545
714500000 17875.3 -0.188651 2999.93 0.999408
714600000 17875.3 -0.173594 2999.93 0.999392
714700000 17875.3 -0.185792 2999.93 0.999382
714800000 17875.3 -0.192971 2999.93 0.99942
714900000 17875.3 0.00858949 2999.9 0.999489
715000000 17875.3 -0.133845 2999.92 0.99938
715100000 17875.3 -0.0546543 2999.91 0.999387
715200000 17875.3 -0.14476 2999.92 0.99942
715300000 17875.3 -0.270698 2999.94 0.999382
715400000 17875.3 -0.344017 2999.96 0.999414
715500000 17875.3 -0.284761 2999.95 0.999385
715600000 17875.3 0.200225 2999.86 0.999504
715700000 17875.3 -0.557945 2999.99 0.999396
715800000 17875.3 -0.302069 2999.95 0.999379
715900000 17875.3 -0.157722 2999.92 0.999386
716000000 17875.3 0.0569211 2999.89 0.999544
716100000 17875.3 -0.185896 2999.93 0.999377
716200000 17875.3 0.203893 2999.86 0.999548
716300000 17875.3 -0.16026 2999.92 0.999412
716400000 17875.3 0.846416 2999.76 0.999761
716500000 17875.3 -0.0831078 2999.91 0.999416
716600000 17875.3 1.97437 2999.57 0.999977
716700000 17875.3 -0.215532 2999.93 0.999387
716800000 17875.3 -0.134227 2999.92 0.999378
716900000 17875.3 -0.164697 2999.93 0.999397
717000000 17875.3 -0.0682921 2999.91 0.999501
717100000 17875.3 -0.128969 2999.92 0.999439
717200000 17875.3 -0.289998 2999.95 0.999396
717300000 17875.3 -0.352291 2999.96 0.999373
717400000 17875.3 -0.242189 2999.94 0.999373
717500000 17875.3 -0.172737 2999.93 0.999376
717600000 17875.3 -0.144438 2999.92 0.999374
717700000 17875.3 -0.29673 2999.95 0.999379
717800000 17875.3 -0.124402 2999.92 0.999432
717900000 17875.3 -0.144315 2999.92 0.999449
718000000 17875.3 0.0730971 2999.89 0.99953
718100000 17875.3 -0.236038 2999.94 0.999379
718200000 17875.3 -0.214171 2999.93 0.99939
718300000 17875.3 -0.0194844 2999.9 0.999429
718400000 17875.3 -0.212663 2999.93 0.999375
718500000 17875.3 -0.179983 2999.93 0.999379
718600000 17875.3 1.32802 2999.68 0.999798
718700000 17875.3 0.434583 2999.83 0.999625
718800000 17875.3 -0.160777 2999.93 0.999415
718900000 17875.3 -0.382987 2999.96 0.99939
719000000 17875.3 0.694416 2999.78 0.999664
719100000 17875.3 -0.0838996 2999.91 0.999485
719200000 17875.3 0.513086 2999.81 0.999637
719300000 17875.3 0.0712085 2999.89 0.9995
719400000 17875.3 -0.141184 2999.92 0.999382
719500000 17875.3 -0.203766 2999.93 0.999395
719600000 17875.3 -0.180403 2999.93 0.999396
719700000 17875.3 0.0937977 2999.88 0.999471
719800000 17875.3 -0.151878 2999.92 0.99938
719900000 17875.3 -0.167183 2999.93 0.999403
720000000 17875.3 -0.129788 2999.92 0.999381
720100000 17875.3 1.0425 2999.72 0.999772
720200000 17875.3 0.301718 2999.85 0.999532
720300000 17875.3 -0.141092 2999.92 0.999408
720400000 17875.3 -0.181227 2999.93 0.999387
720500000 17875.3 1.37355 2999.67 0.999772
720600000 17875.3 -0.188799 2999.93 0.999388
720700000 17875.3 -0.122625 2999.92 0.999447
720800000 17875.3 0.171676 2999.87 0.999507
720900000 17875.3 0.51786 2999.81 0.99969
721000000 17875.3 -0.129547 2999.92 0.999428
721100000 17875.3 -0.152601 2999.92 0.999425
721200000 17875.3 -0.148106 2999.92 0.999404
721300000 17875.3 -0.169163 2999.93 0.999386
721400000 17875.3 -0.0807596 2999.91 0.999528
721500000 17875.3 -0.242131 2999.94 0.999444
721600000 17875.3 0.147302 2999.87 0.999522
721700000 17875.3 -0.333329 2999.95 0.999408
721800000 17875.3 -0.245926 2999.94 0.999383
721900000 17875.3 -0.0225727 2999.9 0.999464
722000000 17875.3 -0.131402 2999.92 0.999392
722100000 17875.3 0.587142 2999.8 0.999659
722200000 17875.3 -0.208745 2999.93 0.999552
722300000 17875.3 -0.118986 2999.92 0.999389
722400000 17875.3 -0.240867 2999.94 0.999398
722500000 17875.3 0.172365 2999.87 0.999566
722600000 17875.3 0.726348 2999.78 0.999645
722700000 17875.3 -0.347811 2999.96 0.999381
722800000 17875.3 2.88747 2999.41 1.00002
722900000 17875.3 -0.176845 2999.93 0.999401
723000000 17875.3 -0.278704 2999.94 0.999379
723100000 17875.3 0.331144 2999.84 0.999591
723200000 17875.3 -0.240431 2999.94 0.999385
723300000 17875.3 -0.0907121 2999.91 0.999381
723400000 17875.3 0.0159086 2999.9 0.999468
723500000 17875.3 -0.0933915 2999.91 0.999379
723600000 17875.3 0.65154 2999.79 0.999749
723700000 17875.3 -0.285433 2999.95 0.999409
723800000 17875.3 0.417558 2999.83 0.999696
723900000 17875.3 -0.0857281 2999.91 0.999403
724000000 17875.3 0.13821 2999.87 0.999529
724100000 17875.3 -0.150181 2999.92 0.999387
724200000 17875.3 -0.214792 2999.93 0.999381
724300000 17875.3 -0.125686 2999.92 0.999386
724400000 17875.3 -0.270375 2999.94 0.999403
724500000 17875.3 0.0791304 2999.88 0.999501
724600000 17875.3 0.659151 2999.79 0.999662
724700000 17875.3 -0.0680937 2999.91 0.999507
724800000 17875.3 0.0734649 2999.89 0.999488
724900000 17875.3 -0.226311 2999.94 0.999402
725000000 17875.3 -0.124794 2999.92 0.999425
725100000 17875.3 1.3869 2999.67 0.999897
725200000 17875.3 -0.305024 2999.95 0.999395
725300000 17875.3 -0.112485 2999.92 0.999381
725400000 17875.3 -0.225282 2999.94 0.999369
725500000 17875.3 -0.174538 2999.93 0.999436
725600000 17875.3 -0.226036 2999.94 0.999418
725700000 17875.3 0.534762 2999.81 0.999724
725800000 17875.3 -0.0486825 2999.91 0.999455
725900000 17875.3 -0.168858 2999.93 0.999406
726000000 17875.3 0.685266 2999.78 0.999732
726100000 17875.3 0.163553 2999.87 0.999526
726200000 17875.3 -0.124253 2999.92 0.999412
726300000 17875.3 -0.171045 2999.93 0.999388
726400000 17875.3 0.635591 2999.79 0.999721
726500000 17875.3 -0.114607 2999.92 0.999381
726600000 17875.3 -0.165392 2999.93 0.999396
726700000 17875.3 -0.130158 2999.92 0.999381
726800000 17875.3 -0.292041 2999.95 0.999403
726900000 17875.3 -0.122533 2999.92 0.999482
727000000 17875.3 -0.345615 2999.96 0.999384
727100000 17875.3 1.19059 2999.7 0.999814
727200000 17875.3 -0.199863 2999.93 0.999432
727300000 17875.3 -0.223348 2999.94 0.999421
727400000 17875.3 -0.130841 2999.92 0.999427
727500000 17875.3 0.0138321 2999.9 0.999462
727600000 17875.3 -0.0509379 2999.91 0.999422
727700000 17875.3 -0.222212 2999.94 0.999483
727800000 17875.3 -0.144388 2999.92 0.999405
727900000 17875.3 0.150105 2999.87 0.999507
728000000 17875.3 0.790021 2999.77 0.999763
728100000 17875.3 -0.16244 2999.93 0.999384
728200000 17875.3 -0.342508 2999.96 0.999364
728300000 17875.3 -0.154273 2999.92 0.999374
728400000 17875.3 1.20823 2999.7 0.99981
728500000 17875.3 -0.179522 2999.93 0.999374
728600000 17875.3 0.499035 2999.81 0.999611
728700000 17875.3 -0.135034 2999.92 0.999375
728800000 17875.3 -0.21182 2999.93 0.999389
728900000 17875.3 0.337095 2999.84 0.999556
729000000 17875.3 -0.298344 2999.95 0.999384
729100000 17875.3 2.3887 2999.5 1.00004
729200000 17875.3 -0.00972602 2999.9 0.999562
729300000 17875.3 -0.198435 2999.93 0.999387
729400000 17875.3 0.275889 2999.85 0.999541
729500000 17875.3 -0.21333 2999.93 0.999413
729600000 17875.3 0.274176 2999.85 0.999526
729700000 17875.3 0.0706226 2999.89 0.999533
729800000 17875.3 -0.234881 2999.94 0.999368
729900000 17875.3 -0.181048 2999.93 0.999453
730000000 17875.3 -0.166219 2999.93 0.999379
730100000 17875.3 -0.210083 2999.93 0.999476
730200000 17875.3 -0.308322 2999.95 0.999376
730300000 17875.3 -0.193275 2999.93 0.999411
730400000 17875.3 -0.296147 2999.95 0.999441
730500000 17875.3 0.0976121 2999.88 0.999473
730600000 17875.3 -0.107655 2999.92 0.999387
730700000 17875.3 0.0410004 2999.89 0.999545
730800000 17875.3 -0.037383 2999.9 0.999457
730900000 17875.3 -0.0370723 2999.9 0.999562
731000000 17875.3 -0.189791 2999.93 0.999374
731100000 17875.3 1.36551 2999.67 0.999884
731200000 17875.3 -0.244735 2999.94 0.999406
731300000 17875.3 -0.124885 2999.92 0.999428
731400000 17875.3 -0.132298 2999.92 0.999454
731500000 17875.3 -0.211589 2999.93 0.999391
731600000 17875.3 -0.122719 2999.92 0.999547
731700000 17875.3 0.557828 2999.8 0.99963
731800000 17875.3 -0.0828483 2999.91 0.999434
731900000 17875.3 -0.220562 2999.94 0.999372
732000000 17875.3 -0.217269 2999.93 0.999379
732100000 17875.3 -0.0380116 2999.9 0.999475
732200000 17875.3 0.530081 2999.81 0.999586
732300000 17875.3 0.110453 2999.88 0.999558
732400000 17875.3 -0.130674 2999.92 0.999456
732500000 17875.3 -0.0420857 2999.91 0.999441
732600000 17875.3 -0.232165 2999.94 0.999381
732700000 17875.3 0.143746 2999.87 0.99959
732800000 17875.3 2.20191 2999.53 0.999959
732900000 17875.3 0.342546 2999.84 0.999627
733000000 17875.3 -0.202901 2999.93 0.999379
733100000 17875.3 0.0102243 2999.9 0.999547
733200000 17875.3 -0.354391 2999.96 0.999375
733300000 17875.3 0.351241 2999.84 0.999561
733400000 17875.3 -0.104398 2999.92 0.999493
733500000 17875.3 -0.0362107 2999.9 0.999475
733600000 17875.3 -0.252426 2999.94 0.999421
733700000 17875.3 -0.214762 2999.93 0.999421
733800000 17875.3 -0.175783 2999.93 0.999431
733900000 17875.3 -0.265441 2999.94 0.999429
734000000 17875.3 -0.2936 2999.95 0.999379
734100000 17875.3 -0.282175 2999.95 0.999406
734200000 17875.3 0.020424 2999.89 0.999567
734300000 17875.3 -0.352574 2999.96 0.999363
734400000 17875.3 0.155194 2999.87 0.999491
734500000 17875.3 -0.430073 2999.97 0.999444
734600000 17875.3 -0.19957 2999.93 0.999401
734700000 17875.3 -0.205365 2999.93 0.999473
734800000 17875.3 -0.380664 2999.96 0.999409
734900000 17875.3 -0.234818 2999.94 0.99938
735000000 17875.3 0.270012 2999.85 0.99958
735100000 17875.3 -0.0120034 2999.9 0.999451
735200000 17875.3 -0.0806635 2999.91 0.999439
735300000 17875.3 -0.130214 2999.92 0.999466
735400000 17875.3 0.964071 2999.74 0.999823
735500000 17875.3 -0.04204 2999.91 0.999447
735600000 17875.3 0.240936 2999.86 0.999543
735700000 17875.3 1.06403 2999.72 0.999807
735800000 17875.3 0.0826238 2999.88 0.999547
735900000 17875.3 0.00339905 2999.9 0.999521
736000000 17875.3 0.258337 2999.85 0.999524
736100000 17875.3 -0.267335 2999.94 0.999406
736200000 17875.3 -0.158605 2999.92 0.999378
736300000 17875.3 -0.0436116 2999.91 0.999474
736400000 17875.3 0.1774 2999.87 0.999597
736500000 17875.3 -0.0573744 2999.91 0.999416
736600000 17875.3 -0.122854 2999.92 0.999499
736700000 17875.3 1.5913 2999.63 0.999903
736800000 17875.3 -0.090687 2999.91 0.999382
736900000 17875.3 -0.158238 2999.92 0.999463
737000000 17875.3 0.454303 2999.82 0.99959
737100000 17875.3 -0.201476 2999.93 0.999383
737200000 17875.3 0.0619637 2999.89 0.999579
737300000 17875.3 0.0798243 2999.88 0.999547
737400000 17875.3 -0.0607849 2999.91 0.999502
737500000 17875.3 -0.290014 2999.95 0.99941
737600000 17875.3 0.148973 2999.87 0.999485
737700000 17875.3 2.24412 2999.52 0.99992
737800000 17875.3 0.118834 2999.88 0.99951
737900000 17875.3 -0.256641 2999.94 0.999416
738000000 17875.3 -0.187937 2999.93 0.999381
738100000 17875.3 -0.199535 2999.93 0.999377
738200000 17875.3 0.0815543 2999.88 0.99951
738300000 17875.3 0.00886715 2999.9 0.999476
738400000 17875.3 -0.112129 2999.92 0.999378
738500000 17875.3 0.72474 2999.78 0.999698
738600000 17875.3 0.279513 2999.85 0.999559
738700000 17875.3 -0.258977 2999.94 0.999496
738800000 17875.3 0.29442 2999.85 0.999559
738900000 17875.3 -0.161066 2999.93 0.999396
739000000 17875.3 -0.151248 2999.92 0.999393
739100000 17875.3 -0.187713 2999.93 0.999408
739200000 17875.3 -0.120724 2999.92 0.999424
739300000 17875.3 -0.194681 2999.93 0.999376
739400000 17875.3 1.07745 2999.72 0.999737
739500000 17875.3 -0.339094 2999.96 0.999398
739600000 17875.3 0.0256618 2999.89 0.999545
739700000 17875.3 -0.108725 2999.92 0.999433
739800000 17875.3 -0.184323 2999.93 0.999395
739900000 17875.3 -0.0392408 2999.9 0.999434
740000000 17875.3 -0.0453368 2999.91 0.999387
740100000 17875.3 -0.219272 2999.93 0.99938
740200000 17875.3 0.0627422 2999.89 0.999545
740300000 17875.3 4.37415 2999.16 1.00027
740400000 17875.3 -0.12469 2999.92 0.999498
740500000 17875.3 -0.150312 2999.92 0.99945
740600000 17875.3 1.23812 2999.69 0.999793
740700000 17875.3 0.498773 2999.81 0.99965
740800000 17875.3 -0.196285 2999.93 0.999373
740900000 17875.3 -0.316087 2999.95 0.999377
741000000 17875.3 0.169379 2999.87 0.999611
741100000 17875.3 -0.1289 2999.92 0.999375
741200000 17875.3 0.0297587 2999.89 0.999498
741300000 17875.3 -0.212369 2999.93 0.999404
741400000 17875.3 -0.138731 2999.92 0.999393
741500000 17875.3 0.0586885 2999.89 0.999547
741600000 17875.3 -0.318792 2999.95 0.999382
741700000 17875.3 1.10553 2999.71 0.999706
741800000 17875.3 -0.178166 2999.93 0.999382
741900000 17875.3 -0.0931423 2999.91 0.99939
742000000 17875.3 -0.114002 2999.92 0.999375
742100000 17875.3 1.25358 2999.69 0.999777
742200000 17875.3 -0.303685 2999.95 0.999447
742300000 17875.3 -0.0246178 2999.9 0.999445
742400000 17875.3 0.242771 2999.86 0.999531
742500000 17875.3 -0.0865004 2999.91 0.999406
742600000 17875.3 -0.087133 2999.91 0.999466
742700000 17875.3 -0.151856 2999.92 0.999431
742800000 17875.3 -0.193485 2999.93 0.999382
742900000 17875.3 -0.141168 2999.92 0.999399
743000000 17875.3 -0.0252451 2999.9 0.999435
743100000 17875.3 0.211666 2999.86 0.999562
743200000 17875.3 -0.155854 2999.92 0.999378
743300000 17875.3 -0.143758 2999.92 0.99944
743400000 17875.3 1.03417 2999.72 0.999858
743500000 17875.3 -0.0907726 2999.91 0.99944
743600000 17875.3 -0.123296 2999.92 0.999386
743700000 17875.3 -0.1138 2999.92 0.999467
743800000 17875.3 -0.0863538 2999.91 0.999417
743900000 17875.3 -0.0408265 2999.9 0.999577
744000000 17875.3 -0.319676 2999.95 0.999376
744100000 17875.3 -0.00179158 2999.9 0.999461
744200000 17875.3 0.449249 2999.82 0.999588
744300000 17875.3 -0.223822 2999.94 0.999387
744400000 17875.3 -0.200913 2999.93 0.999368
744500000 17875.3 -0.198149 2999.93 0.999383
744600000 17875.3 -0.151896 2999.92 0.999376
744700000 17875.3 0.00811326 2999.9 0.999511
744800000 17875.3 1.1852 2999.7 0.999737
744900000 17875.3 -0.112675 2999.92 0.999382
745000000 17875.3 0.185741 2999.87 0.999578
745100000 17875.3 -0.133655 2999.92 0.999377
745200000 17875.3 -0.234282 2999.94 0.999382
745300000 17875.3 -0.0990665 2999.91 0.999484
745400000 17875.3 -0.10931 2999.92 0.999483
745500000 17875.3 -0.128118 2999.92 0.999381
745600000 17875.3 0.0203775 2999.89 0.999505
745700000 17875.3 0.0765408 2999.89 0.999502
745800000 17875.3 -0.206673 2999.93 0.999381
745900000 17875.3 -0.175942 2999.93 0.999374
746000000 17875.3 -0.155728 2999.92 0.999376
746100000 17875.3 -0.135542 2999.92 0.999444
746200000 17875.3 1.01658 2999.73 0.999687
746300000 17875.3 1.37044 2999.67 0.999811
746400000 17875.3 0.273006 2999.85 0.999545
746500000 17875.3 -0.127911 2999.92 0.999404
746600000 17875.3 -0.246408 2999.94 0.999393
746700000 17875.3 -0.149527 2999.92 0.9994
746800000 17875.3 0.164302 2999.87 0.999583
746900000 17875.3 0.0786219 2999.88 0.999554
747000000 17875.3 -0.173229 2999.93 0.999512
747100000 17875.3 -0.146582 2999.92 0.99939
747200000 17875.3 0.45393 2999.82 0.999641
747300000 17875.3 0.542979 2999.81 0.999599
747400000 17875.3 -0.264775 2999.94 0.999422
747500000 17875.3 -0.186378 2999.93 0.999388
747600000 17875.3 -0.12927 2999.92 0.999385
747700000 17875.3 0.0463622 2999.89 0.999533
747800000 17875.3 0.169627 2999.87 0.999563
747900000 17875.3 0.204997 2999.86 0.999569
748000000 17875.3 -0.0672828 2999.91 0.999423
748100000 17875.3 1.03039 2999.73 0.999753
748200000 17875.3 -0.234138 2999.94 0.999374
748300000 17875.3 0.108322 2999.88 0.999521
748400000 17875.3 -0.132965 2999.92 0.999447
748500000 17875.3 -0.294274 2999.95 0.999396
748600000 17875.3 1.52812 2999.64 0.999783
748700000 17875.3 -0.182242 2999.93 0.999405
748800000 17875.3 -0.32083 2999.95 0.999374
748900000 17875.3 -0.20709 2999.93 0.999397
749000000 17875.3 0.415462 2999.83 0.999594
749100000 17875.3 -0.102822 2999.92 0.99938
749200000 17875.3 -0.351427 2999.96 0.999367
749300000 17875.3 1.21688 2999.69 0.999759
749400000 17875.3 0.879337 2999.75 0.999657
749500000 17875.3 0.690738 2999.78 0.999632
749600000 17875.3 -0.122959 2999.92 0.999431
749700000 17875.3 -0.377733 2999.96 0.999403
749800000 17875.3 -0.255966 2999.94 0.999386
749900000 17875.3 -0.246792 2999.94 0.999439
750000000 17875.3 0.127243 2999.88 0.99958
750100000 17875.3 -0.185507 2999.93 0.999389
750200000 17875.3 0.0167578 2999.9 0.999476
750300000 17875.3 -0.480503 2999.98 0.999376
750400000 17875.3 -0.100608 2999.91 0.999416
750500000 17875.3 -0.131352 2999.92 0.999436
750600000 17875.3 0.355381 2999.84 0.999544
750700000 17875.3 0.30279 2999.85 0.999624
750800000 17875.3 -0.202641 2999.93 0.999369
750900000 17875.3 -0.21703 2999.93 0.999458
751000000 17875.3 -0.00944109 2999.9 0.999475
751100000 17875.3 -0.233868 2999.94 0.999406
751200000 17875.3 -0.0771247 2999.91 0.999383
751300000 17875.3 0.679114 2999.78 0.999648
751400000 17875.3 1.0224 2999.73 0.999804
751500000 17875.3 -0.110928 2999.92 0.99938
751600000 17875.3 -0.138186 2999.92 0.999408
751700000 17875.3 0.0237188 2999.89 0.999586
751800000 17875.3 -0.10867 2999.92 0.999379
751900000 17875.3 -0.0711772 2999.91 0.999384
752000000 17875.3 -0.154028 2999.92 0.999397
752100000 17875.3 0.104022 2999.88 0.999526
752200000 17875.3 3.49704 2999.31 1.00016
752300000 17875.3 -0.313799 2999.95 0.999437
752400000 17875.3 -0.28331 2999.95 0.999363
752500000 17875.3 -0.0623175 2999.91 0.99943
752600000 17875.3 0.536319 2999.81 0.999691
752700000 17875.3 0.129415 2999.88 0.999596
752800000 17875.3 0.0837739 2999.88 0.999515
752900000 17875.3 -0.203439 2999.93 0.999426
753000000 17875.3 -0.285525 2999.95 0.999395
753100000 17875.3 -0.151285 2999.92 0.999392
753200000 17875.3 -0.169398 2999.93 0.999375
753300000 17875.3 -0.179979 2999.93 0.999374
753400000 17875.3 0.442608 2999.82 0.999656
753500000 17875.3 0.291118 2999.85 0.999552
753600000 17875.3 1.00861 2999.73 0.999702
753700000 17875.3 0.0121547 2999.9 0.999492
753800000 17875.3 2.17617 2999.53 0.999976
753900000 17875.3 -0.162427 2999.93 0.999373
754000000 17875.3 -0.190592 2999.93 0.999381
754100000 17875.3 -0.211046 2999.93 0.999447
754200000 17875.3 -0.19764 2999.93 0.999374
754300000 17875.3 -0.195905 2999.93 0.999511
754400000 17875.3 0.175071 2999.87 0.999512
754500000 17875.3 -0.203055 2999.93 0.999384
754600000 17875.3 -0.286282 2999.95 0.999391
754700000 17875.3 -0.189928 2999.93 0.999378
754800000 17875.3 -0.159789 2999.92 0.999469
754900000 17875.3 0.162148 2999.87 0.999544
755000000 17875.3 1.04404 2999.72 0.999703
755100000 17875.3 -0.140095 2999.92 0.999483
755200000 17875.3 -0.205083 2999.93 0.999385
755300000 17875.3 0.387209 2999.83 0.999638
755400000 17875.3 1.79214 2999.6 0.999954
755500000 17875.3 -0.167858 2999.93 0.999383
755600000 17875.3 -0.19031 2999.93 0.999382
755700000 17875.3 0.0803155 2999.88 0.999556
755800000 17875.3 -0.176284 2999.93 0.999395
755900000 17875.3 0.322899 2999.84 0.999574
756000000 17875.3 0.551835 2999.81 0.999632
756100000 17875.3 -0.198338 2999.93 0.999427
756200000 17875.3 0.209943 2999.86 0.999552
756300000 17875.3 0.353832 2999.84 0.999554
756400000 17875.3 -0.128833 2999.92 0.999378
756500000 17875.3 -0.071031 2999.91 0.999453
756600000 17875.3 -0.184834 2999.93 0.999441
756700000 17875.3 0.603059 2999.8 0.99962
756800000 17875.3 0.0591215 2999.89 0.99951
756900000 17875.3 -0.194281 2999.93 0.999372
757000000 17875.3 0.493031 2999.82 0.999613
757100000 17875.3 -0.322424 2999.95 0.999374
757200000 17875.3 -0.188249 2999.93 0.999377
757300000 17875.3 2.46085 2999.49 1.00018
757400000 17875.3 -0.135116 2999.92 0.999376
757500000 17875.3 -0.117003 2999.92 0.99938
757600000 17875.3 -0.246106 2999.94 0.999469
757700000 17875.3 0.0617431 2999.89 0.999522
757800000 17875.3 -0.174539 2999.93 0.999443
757900000 17875.3 3.6161 2999.29 1.00036
758000000 17875.3 -0.22431 2999.94 0.999385
758100000 17875.3 -0.0838939 2999.91 0.99946
758200000 17875.3 1.58929 2999.63 0.999796
758300000 17875.3 0.251934 2999.86 0.999562
758400000 17875.3 -0.0602189 2999.91 0.999475
758500000 17875.3 0.132095 2999.88 0.999536
758600000 17875.3 -0.247592 2999.94 0.999415
758700000 17875.3 1.46634 2999.65 0.999818
758800000 17875.3 -0.184336 2999.93 0.999387
758900000 17875.3 -0.0594091 2999.91 0.999506
759000000 17875.3 -0.160715 2999.93 0.99942
759100000 17875.3 -0.406784 2999.97 0.999406
759200000 17875.3 -0.263367 2999.94 0.999375
759300000 17875.3 -0.203309 2999.93 0.999505
759400000 17875.3 -0.195845 2999.93 0.999384
759500000 17875.3 0.179605 2999.87 0.999514
759600000 17875.3 -0.168399 2999.93 0.999374
759700000 17875.3 0.105286 2999.88 0.999506
759800000 17875.3 -0.169876 2999.93 0.999399
759900000 17875.3 0.644998 2999.79 0.999736
760000000 17875.3 -0.331915 2999.95 0.999443
760100000 17875.3 -0.0779928 2999.91 0.999382
760200000 17875.3 -0.140918 2999.92 0.999471
760300000 17875.3 -0.191936 2999.93 0.999374
760400000 17875.3 0.117522 2999.88 0.999546
760500000 17875.3 -0.263938 2999.94 0.999388
760600000 17875.3 1.24722 2999.69 0.999868
760700000 17875.3 -0.186451 2999.93 0.999416
760800000 17875.3 -0.172033 2999.93 0.999373
760900000 17875.3 -0.117849 2999.92 0.999377
761000000 17875.3 0.0286189 2999.89 0.999453
761100000 17875.3 -0.144032 2999.92 0.999377
761200000 17875.3 0.589454 2999.8 0.999679
761300000 17875.3 -0.184146 2999.93 0.999383
761400000 17875.3 1.01294 2999.73 0.999765
761500000 17875.3 1.4091 2999.66 0.999939
761600000 17875.3 -0.110593 2999.92 0.99941
761700000 17875.3 -0.23668 2999.94 0.999414
761800000 17875.3 1.86136 2999.59 0.999943
761900000 17875.3 -0.156009 2999.92 0.999402
762000000 17875.3 -0.0399138 2999.9 0.999498
762100000 17875.3 1.06359 2999.72 0.999775
762200000 17875.3 -0.0233789 2999.9 0.999434
762300000 17875.3 -0.119229 2999.92 0.999429
762400000 17875.3 -0.234813 2999.94 0.999368
762500000 17875.3 0.0976617 2999.88 0.999544
762600000 17875.3 -0.189012 2999.93 0.99937
762700000 17875.3 -0.0982672 2999.91 0.99955
762800000 17875.3 -0.207434 2999.93 0.999397
762900000 17875.3 -0.158964 2999.92 0.999379
763000000 17875.3 -0.0128299 2999.9 0.999455
763100000 17875.3 -0.103406 2999.92 0.999434
763200000 17875.3 -0.161191 2999.93 0.999393
763300000 17875.3 -0.232491 2999.94 0.999371
763400000 17875.3 -0.130326 2999.92 0.999376
763500000 17875.3 -0.154221 2999.92 0.999381
763600000 17875.3 0.770825 2999.77 0.999634
763700000 17875.3 -0.144508 2999.92 0.999403
763800000 17875.3 -0.388925 2999.96 0.99941
763900000 17875.3 -0.00725138 2999.9 0.999448
764000000 17875.3 -0.318189 2999.95 0.999407
764100000 17875.3 -0.232375 2999.94 0.999371
764200000 17875.3 -0.374637 2999.96 0.999374
764300000 17875.3 -0.187039 2999.93 0.999452
764400000 17875.3 0.143559 2999.87 0.999559
764500000 17875.3 -0.18853 2999.93 0.99941
764600000 17875.3 0.35264 2999.84 0.999573
764700000 17875.3 -0.317253 2999.95 0.999399
764800000 17875.3 -0.155872 2999.92 0.999381
764900000 17875.3 -0.19738 2999.93 0.999405
765000000 17875.3 -0.0886929 2999.91 0.999386
765100000 17875.3 -0.200095 2999.93 0.99937
765200000 17875.3 0.332635 2999.84 0.999589
765300000 17875.3 0.05188 2999.89 0.999473
765400000 17875.3 0.0373859 2999.89 0.999506
765500000 17875.3 -0.142832 2999.92 0.999389
765600000 17875.3 -0.0337988 2999.9 0.999463
765700000 17875.3 0.491482 2999.82 0.999607
765800000 17875.3 -0.239613 2999.94 0.999458
765900000 17875.3 -0.22521 2999.94 0.999422
766000000 17875.3 -0.0154473 2999.9 0.999392
766100000 17875.3 0.571084 2999.8 0.999632
766200000 17875.3 -0.151834 2999.92 0.999381
766300000 17875.3 -0.179785 2999.93 0.999375
766400000 17875.3 -0.236788 2999.94 0.999399
766500000 17875.3 0.665212 2999.79 0.999681
766600000 17875.3 0.474034 2999.82 0.999591
766700000 17875.3 0.234428 2999.86 0.99961
766800000 17875.3 -0.292598 2999.95 0.9994
766900000 17875.3 -0.168183 2999.93 0.999426
767000000 17875.3 -0.122131 2999.92 0.999389
767100000 17875.3 -0.122961 2999.92 0.999408
767200000 17875.3 0.295232 2999.85 0.999594
767300000 17875.3 -0.00973945 2999.9 0.99944
767400000 17875.3 1.32212 2999.68 0.999905
767500000 17875.3 -0.217026 2999.93 0.999473
767600000 17875.3 0.262791 2999.85 0.999555
767700000 17875.3 1.40417 2999.66 0.999759
767800000 17875.3 -0.256461 2999.94 0.999384
767900000 17875.3 -0.288447 2999.95 0.999385
768000000 17875.3 0.568985 2999.8 0.999631
768100000 17875.3 0.172334 2999.87 0.999502
768200000 17875.3 -0.319101 2999.95 0.999383
768300000 17875.3 1.07598 2999.72 0.999786
768400000 17875.3 -0.121066 2999.92 0.999388
768500000 17875.3 -0.117258 2999.92 0.999389
768600000 17875.3 0.0236766 2999.89 0.999491
768700000 17875.3 -0.0321343 2999.9 0.999476
768800000 17875.3 1.16552 2999.7 0.999804
768900000 17875.3 -0.238357 2999.94 0.99945
769000000 17875.3 -0.115598 2999.92 0.999386
769100000 17875.3 -0.0622423 2999.91 0.999384
769200000 17875.3 -0.201056 2999.93 0.999386
769300000 17875.3 0.00667433 2999.9 0.99945
769400000 17875.3 0.0224817 2999.89 0.999455
769500000 17875.3 -0.345855 2999.96 0.99941
769600000 17875.3 2.3295 2999.51 0.99996
769700000 17875.3 -0.189092 2999.93 0.999371
769800000 17875.3 -0.250715 2999.94 0.99938
769900000 17875.3 -0.255258 2999.94 0.999401
770000000 17875.3 -0.146616 2999.92 0.999404
770100000 17875.3 0.256215 2999.86 0.999558
770200000 17875.3 -0.042704 2999.91 0.999484
770300000 17875.3 0.484475 2999.82 0.99963
770400000 17875.3 -0.134416 2999.92 0.999383
770500000 17875.3 -0.202562 2999.93 0.999377
770600000 17875.3 0.626358 2999.79 0.999631
770700000 17875.3 -0.214051 2999.93 0.999384
770800000 17875.3 -0.240321 2999.94 0.999425
770900000 17875.3 0.0407462 2999.89 0.999499
771000000 17875.3 0.172289 2999.87 0.999489
771100000 17875.3 -0.175805 2999.93 0.999406
771200000 17875.3 2.14624 2999.54 0.999938
771300000 17875.3 -0.241232 2999.94 0.999421
771400000 17875.3 -0.177309 2999.93 0.999397
771500000 17875.3 0.0697783 2999.89 0.999535
771600000 17875.3 -0.0698836 2999.91 0.999383
771700000 17875.3 -0.258868 2999.94 0.999399
771800000 17875.3 -0.101798 2999.92 0.999384
771900000 17875.3 0.0530928 2999.89 0.999584
772000000 17875.3 -0.263351 2999.94 0.999381
772100000 17875.3 0.435239 2999.83 0.99961
772200000 17875.3 -0.146731 2999.92 0.999424
772300000 17875.3 1.01042 2999.73 0.999737
772400000 17875.3 -0.132896 2999.92 0.999418
772500000 17875.3 0.215166 2999.86 0.99961
772600000 17875.3 -0.16154 2999.93 0.999425
772700000 17875.3 -0.209946 2999.93 0.99943
772800000 17875.3 0.151847 2999.87 0.999537
772900000 17875.3 0.00769286 2999.9 0.999529
773000000 17875.3 0.33762 2999.84 0.999573
773100000 17875.3 -0.258863 2999.94 0.999372
773200000 17875.3 -0.203039 2999.93 0.999381
773300000 17875.3 0.498336 2999.81 0.999662
773400000 17875.3 -0.0595065 2999.91 0.999384
773500000 17875.3 -0.13955 2999.92 0.999389
773600000 17875.3 0.658333 2999.79 0.999759
773700000 17875.3 -0.160805 2999.93 0.99944
773800000 17875.3 -0.162398 2999.93 0.99938
773900000 17875.3 -0.0388012 2999.9 0.99951
774000000 17875.3 -0.116771 2999.92 0.999379
774100000 17875.3 0.830624 2999.76 0.999718
774200000 17875.3 -0.236146 2999.94 0.999365
774300000 17875.3 0.997101 2999.73 0.999783
774400000 17875.3 -0.129509 2999.92 0.999398
774500000 17875.3 0.00307992 2999.9 0.999477
774600000 17875.3 -0.220043 2999.94 0.999402
774700000 17875.3 1.86006 2999.59 0.999878
774800000 17875.3 0.813542 2999.76 0.999748
774900000 17875.3 1.67472 2999.62 0.999931
775000000 17875.3 0.356027 2999.84 0.999561
775100000 17875.3 -0.147869 2999.92 0.999383
775200000 17875.3 0.0510993 2999.89 0.999476
775300000 17875.3 1.4878 2999.65 0.99981
775400000 17875.3 0.106639 2999.88 0.999529
775500000 17875.3 -0.27349 2999.94 0.999375
775600000 17875.3 -0.276064 2999.94 0.99939
775700000 17875.3 0.269136 2999.85 0.999525
775800000 17875.3 3.04566 2999.39 1.00004
775900000 17875.3 -0.238499 2999.94 0.999399
776000000 17875.3 -0.0887318 2999.91 0.999408
776100000 17875.3 0.532158 2999.81 0.999602
776200000 17875.3 -0.146862 2999.92 0.999447
776300000 17875.3 0.886593 2999.75 0.999677
776400000 17875.3 -0.0902297 2999.91 0.999381
776500000 17875.3 -0.223676 2999.94 0.999384
776600000 17875.3 0.395879 2999.83 0.999559
776700000 17875.3 0.163601 2999.87 0.999567
776800000 17875.3 -0.324616 2999.95 0.999382
776900000 17875.3 -0.0608762 2999.91 0.999434
777000000 17875.3 -0.00337316 2999.9 0.999475
777100000 17875.3 3.09597 2999.38 1.0002
777200000 17875.3 -0.215186 2999.93 0.999483
777300000 17875.3 -0.267176 2999.94 0.999445
777400000 17875.3 -0.260837 2999.94 0.999373
777500000 17875.3 -0.20094 2999.93 0.999378
777600000 17875.3 -0.425785 2999.97 0.999357
777700000 17875.3 -0.201921 2999.93 0.999517
777800000 17875.3 -0.216706 2999.93 0.999387
777900000 17875.3 -0.282519 2999.95 0.999391
778000000 17875.3 -0.0591274 2999.91 0.999497
778100000 17875.3 -0.181627 2999.93 0.99937
778200000 17875.3 1.68365 2999.62 0.999916
778300000 17875.3 -0.417469 2999.97 0.999398
778400000 17875.3 -0.227726 2999.94 0.999403
778500000 17875.3 0.270497 2999.85 0.999555
778600000 17875.3 -0.156707 2999.92 0.999461
778700000 17875.3 -0.231717 2999.94 0.999413
778800000 17875.3 -0.0649389 2999.91 0.999419
778900000 17875.3 0.479172 2999.82 0.999585
779000000 17875.3 0.157149 2999.87 0.999654
779100000 17875.3 -0.050967 2999.91 0.999496
779200000 17875.3 4.96534 2999.06 1.00036
779300000 17875.3 1.44698 2999.66 0.999992
779400000 17875.3 0.0607707 2999.89 0.999475
779500000 17875.3 -0.126839 2999.92 0.999406
779600000 17875.3 -0.181811 2999.93 0.999476
779700000 17875.3 -0.242367 2999.94 0.999382
779800000 17875.3 -0.221471 2999.94 0.9994
779900000 17875.3 -0.00897991 2999.9 0.999485
780000000 17875.3 -0.194516 2999.93 0.999516
780100000 17875.3 -0.274663 2999.94 0.999399
780200000 17875.3 -0.125541 2999.92 0.999381
780300000 17875.3 -0.0264262 2999.9 0.999542
780400000 17875.3 -0.212882 2999.93 0.999384
780500000 17875.3 -0.278461 2999.94 0.999377
780600000 17875.3 -0.250845 2999.94 0.999467
780700000 17875.3 -0.179115 2999.93 0.999425
780800000 17875.3 0.206654 2999.86 0.9995
780900000 17875.3 -0.268927 2999.94 0.999369
781000000 17875.3 -0.085321 2999.91 0.99944
781100000 17875.3 -0.116081 2999.92 0.999439
781200000 17875.3 -0.294177 2999.95 0.99938
781300000 17875.3 -0.348646 2999.96 0.999371
781400000 17875.3 -0.178265 2999.93 0.999425
781500000 17875.3 -0.0876997 2999.91 0.99945
781600000 17875.3 -0.169901 2999.93 0.999418
781700000 17875.3 -0.281805 2999.95 0.999373
781800000 17875.3 0.30886 2999.85 0.999527
781900000 17875.3 -0.102673 2999.92 0.99938
782000000 17875.3 -0.23648 2999.94 0.999377
782100000 17875.3 -0.0711132 2999.91 0.999528
782200000 17875.3 -0.259794 2999.94 0.999396
782300000 17875.3 -0.142104 2999.92 0.999391
782400000 17875.3 -0.0838804 2999.91 0.999383
782500000 17875.3 -0.198691 2999.93 0.999407
782600000 17875.3 0.00293857 2999.9 0.99944
782700000 17875.3 -0.0924219 2999.91 0.999381
782800000 17875.3 -0.227356 2999.94 0.999376
782900000 17875.3 -0.0200471 2999.9 0.999462
783000000 17875.3 -0.13139 2999.92 0.999392
783100000 17875.3 -0.065442 2999.91 0.999383
783200000 17875.3 -0.191918 2999.93 0.999369
783300000 17875.3 -0.094028 2999.91 0.999446
783400000 17875.3 -0.295482 2999.95 0.999392
783500000 17875.3 -0.0607 2999.91 0.999503
783600000 17875.3 -0.101684 2999.92 0.999431
783700000 17875.3 0.0289893 2999.89 0.999449
783800000 17875.3 -0.186997 2999.93 0.999493
783900000 17875.3 0.0250733 2999.89 0.99948
784000000 17875.3 -0.209015 2999.93 0.99948
784100000 17875.3 0.126744 2999.88 0.99954
784200000 17875.3 -0.272259 2999.94 0.999465
784300000 17875.3 -0.159289 2999.92 0.99937
784400000 17875.3 -0.166906 2999.93 0.999385
784500000 17875.3 0.0254316 2999.89 0.999466
784600000 17875.3 0.179171 2999.87 0.999543
784700000 17875.3 -0.0721262 2999.91 0.999381
784800000 17875.3 -0.34221 2999.96 0.999403
784900000 17875.3 -0.163596 2999.93 0.999376
785000000 17875.3 -0.204592 2999.93 0.999406
785100000 17875.3 -0.388251 2999.96 0.99937
785200000 17875.3 -0.103442 2999.92 0.999382
785300000 17875.3 -0.17104 2999.93 0.99943
785400000 17875.3 0.89363 2999.75 0.999706
785500000 17875.3 -0.216894 2999.93 0.99947
785600000 17875.3 -0.148677 2999.92 0.999383
785700000 17875.3 -0.215027 2999.93 0.999418
785800000 17875.3 -0.278577 2999.94 0.999409
785900000 17875.3 1.4511 2999.65 0.999846
786000000 17875.3 -0.16978 2999.93 0.999436
786100000 17875.3 1.26003 2999.69 0.999781
786200000 17875.3 -0.114782 2999.92 0.999383
786300000 17875.3 0.400473 2999.83 0.999582
786400000 17875.3 0.184308 2999.87 0.999563
786500000 17875.3 -0.16215 2999.93 0.999402
786600000 17875.3 -0.154666 2999.92 0.999386
786700000 17875.3 -0.0640814 2999.91 0.999459
786800000 17875.3 -0.198626 2999.93 0.999412
786900000 17875.3 -0.187146 2999.93 0.999385
787000000 17875.3 -0.258883 2999.94 0.9994
787100000 17875.3 1.75492 2999.6 0.99983
787200000 17875.3 -0.190329 2999.93 0.999376
787300000 17875.3 -0.268314 2999.94 0.999454
787400000 17875.3 -0.218988 2999.93 0.999397
787500000 17875.3 0.834952 2999.76 0.999672
787600000 17875.3 -0.159467 2999.92 0.99937
787700000 17875.3 -0.13356 2999.92 0.999405
787800000 17875.3 -0.187316 2999.93 0.999385
787900000 17875.3 0.256323 2999.86 0.999577
788000000 17875.3 0.325854 2999.84 0.999535
788100000 17875.3 0.611476 2999.8 0.999723
788200000 17875.3 -0.0873983 2999.91 0.999457
788300000 17875.3 -0.0691189 2999.91 0.999462
788400000 17875.3 2.57378 2999.47 1.0001
788500000 17875.3 -0.278364 2999.94 0.999366
788600000 17875.3 -0.238543 2999.94 0.999379
788700000 17875.3 -0.150703 2999.92 0.99938
788800000 17875.3 -0.185273 2999.93 0.999379
788900000 17875.3 0.149712 2999.87 0.999492
789000000 17875.3 0.116386 2999.88 0.999519
789100000 17875.3 0.301989 2999.85 0.999591
789200000 17875.3 -0.163956 2999.93 0.999372
789300000 17875.3 0.341653 2999.84 0.999548
789400000 17875.3 -0.232259 2999.94 0.999383
789500000 17875.3 -0.206788 2999.93 0.999393
789600000 17875.3 -0.179941 2999.93 0.999377
789700000 17875.3 4.81652 2999.09 1.00038
789800000 17875.3 0.282981 2999.85 0.999593
789900000 17875.3 -0.0928698 2999.91 0.999382
790000000 17875.3 -0.122444 2999.92 0.999427
790100000 17875.3 -0.0962613 2999.91 0.999381
790200000 17875.3 0.275421 2999.85 0.999636
790300000 17875.3 -0.153817 2999.92 0.999417
790400000 17875.3 -0.166086 2999.93 0.999376
790500000 17875.3 -0.0967259 2999.91 0.999452
790600000 17875.3 -0.142112 2999.92 0.999389
790700000 17875.3 1.12496 2999.71 0.999815
790800000 17875.3 2.05472 2999.55 1.00007
790900000 17875.3 2.0651 2999.55 1.0001
791000000 17875.3 -0.139271 2999.92 0.999444
791100000 17875.3 -0.167505 2999.93 0.999417
791200000 17875.3 -0.211785 2999.93 0.999403
791300000 17875.3 -0.282437 2999.95 0.999394
791400000 17875.3 2.63221 2999.46 1.00021
791500000 17875.3 -0.127529 2999.92 0.999455
791600000 17875.3 0.371597 2999.84 0.999681
791700000 17875.3 -0.125393 2999.92 0.999424
791800000 17875.3 -0.155768 2999.92 0.999389
791900000 17875.3 0.36001 2999.84 0.999559
792000000 17875.3 1.80172 2999.6 0.999995
792100000 17875.3 0.530498 2999.81 0.999613
792200000 17875.3 -0.0644764 2999.91 0.999421
792300000 17875.3 -0.14511 2999.92 0.999425
792400000 17875.3 0.380769 2999.83 0.999636
792500000 17875.3 -0.0802929 2999.91 0.999475
792600000 17875.3 0.128135 2999.88 0.999494
792700000 17875.3 0.968296 2999.74 0.999697
792800000 17875.3 0.0108216 2999.9 0.999461
792900000 17875.3 -0.0897388 2999.91 0.999485
793000000 17875.3 -0.201872 2999.93 0.999401
793100000 17875.3 0.0609495 2999.89 0.999552
793200000 17875.3 -0.0129591 2999.9 0.999518
793300000 17875.3 -0.163098 2999.93 0.999398
793400000 17875.3 0.644317 2999.79 0.999624
793500000 17875.3 -0.263816 2999.94 0.999403
793600000 17875.3 1.59263 2999.63 0.999862
793700000 17875.3 -0.280207 2999.95 0.999385
793800000 17875.3 -0.0597852 2999.91 0.999384
793900000 17875.3 1.06833 2999.72 0.99974
794000000 17875.3 0.407623 2999.83 0.999606
794100000 17875.3 -0.121247 2999.92 0.999425
794200000 17875.3 -0.22984 2999.94 0.99939
794300000 17875.3 1.73905 2999.61 0.999885
794400000 17875.3 0.251276 2999.86 0.99961
794500000 17875.3 -0.412813 2999.97 0.999412
794600000 17875.3 -0.22464 2999.94 0.999395
794700000 17875.3 -0.286908 2999.95 0.999403
794800000 17875.3 1.60911 2999.63 0.999895
794900000 17875.3 -0.0827712 2999.91 0.999381
795000000 17875.3 -0.11975 2999.92 0.999462
795100000 17875.3 -0.109326 2999.92 0.99938
795200000 17875.3 1.14595 2999.71 0.999765
795300000 17875.3 -0.142514 2999.92 0.999452
795400000 17875.3 -0.179897 2999.93 0.999375
795500000 17875.3 0.046798 2999.89 0.999502
795600000 17875.3 -0.136934 2999.92 0.999465
795700000 17875.3 -0.167621 2999.93 0.999381
795800000 17875.3 -0.0463396 2999.91 0.999387
795900000 17875.3 -0.146326 2999.92 0.999377
796000000 17875.3 -0.11736 2999.92 0.999394
796100000 17875.3 5.2855 2999.01 1.00043
796200000 17875.3 0.810332 2999.76 0.999748
796300000 17875.3 0.724085 2999.78 0.999633
796400000 17875.3 -0.0829819 2999.91 0.999436
796500000 17875.3 -0.274354 2999.94 0.999373
796600000 17875.3 -0.108487 2999.92 0.999463
796700000 17875.3 -0.144365 2999.92 0.999404
796800000 17875.3 -0.107907 2999.92 0.999379
796900000 17875.3 1.18126 2999.7 0.999772
797000000 17875.3 -0.241485 2999.94 0.999425
797100000 17875.3 -0.203579 2999.93 0.999401
797200000 17875.3 2.09031 2999.55 1.00001
797300000 17875.3 -0.119023 2999.92 0.999422
797400000 17875.3 -0.0551399 2999.91 0.999436
797500000 17875.3 -0.217295 2999.93 0.999389
797600000 17875.3 -0.109279 2999.92 0.999384
797700000 17875.3 -0.313882 2999.95 0.999425
797800000 17875.3 -0.25065 2999.94 0.999395
797900000 17875.3 0.382934 2999.83 0.999549
798000000 17875.3 -0.278861 2999.94 0.999428
798100000 17875.3 0.0119934 2999.9 0.999471
798200000 17875.3 -0.235753 2999.94 0.99939
798300000 17875.3 -0.159101 2999.92 0.999439
798400000 17875.3 1.0492 2999.72 0.999757
798500000 17875.3 -0.296102 2999.95 0.999458
798600000 17875.3 -0.0314273 2999.9 0.999464
798700000 17875.3 1.80528 2999.6 0.999887
798800000 17875.3 -0.159365 2999.92 0.999374
798900000 17875.3 0.388299 2999.83 0.999546
799000000 17875.3 -0.315917 2999.95 0.999384
799100000 17875.3 2.30758 2999.51 1.00008
799200000 17875.3 -0.15264 2999.92 0.999475
799300000 17875.3 0.00927634 2999.9 0.999504
799400000 17875.3 -0.21869 2999.93 0.999392
799500000 17875.3 0.868593 2999.75 0.99976
799600000 17875.3 0.359648 2999.84 0.999551
799700000 17875.3 0.0436925 2999.89 0.999566
799800000 17875.3 -0.265672 2999.94 0.999386
799900000 17875.3 -0.213339 2999.93 0.999399
800000000 17875.3 -0.131358 2999.92 0.999378
800100000 17875.3 -0.291555 2999.95 0.999359
800200000 17875.3 -0.0932995 2999.91 0.999481
800300000 17875.3 -0.0943906 2999.91 0.999439
800400000 17875.3 0.00146655 2999.9 0.999464
800500000 17875.3 1.00545 2999.73 0.999723
800600000 17875.3 -0.161939 2999.93 0.999375
800700000 17875.3 -0.126558 2999.92 0.99938
800800000 17875.3 -0.203843 2999.93 0.999374
800900000 17875.3 0.492621 2999.82 0.999671
801000000 17875.3 1.1704 2999.7 0.999711
801100000 17875.3 -0.116031 2999.92 0.999491
801200000 17875.3 0.745221 2999.77 0.999642
801300000 17875.3 0.22435 2999.86 0.999546
801400000 17875.3 0.451396 2999.82 0.999772
801500000 17875.3 -0.138344 2999.92 0.999383
801600000 17875.3 -0.249561 2999.94 0.999384
801700000 17875.3 -0.083676 2999.91 0.999384
801800000 17875.3 -0.178744 2999.93 0.999376
801900000 17875.3 0.152069 2999.87 0.999567
802000000 17875.3 -0.196355 2999.93 0.999386
802100000 17875.3 -0.26867 2999.94 0.999384
802200000 17875.3 -0.180014 2999.93 0.999408
802300000 17875.3 0.720646 2999.78 0.999727
802400000 17875.3 -0.211114 2999.93 0.999443
802500000 17875.3 1.93131 2999.57 1.00003
802600000 17875.3 -0.189615 2999.93 0.999383
802700000 17875.3 0.874359 2999.75 0.999682
802800000 17875.3 -0.307423 2999.95 0.999408
802900000 17875.3 -0.179486 2999.93 0.999385
803000000 17875.3 2.18863 2999.53 1.00002
803100000 17875.3 -0.508836 2999.98 0.999361
803200000 17875.3 -0.0176106 2999.9 0.999476
803300000 17875.3 1.7935 2999.6 0.999984
803400000 17875.3 -0.19449 2999.93 0.999411
803500000 17875.3 0.687311 2999.78 0.999686
803600000 17875.3 0.211089 2999.86 0.999618
803700000 17875.3 -0.353117 2999.96 0.999378
803800000 17875.3 -0.437621 2999.97 0.99938
803900000 17875.3 -0.323279 2999.95 0.999386
804000000 17875.3 0.190583 2999.87 0.999576
804100000 17875.3 -0.114265 2999.92 0.999398
804200000 17875.3 -0.0224107 2999.9 0.999545
804300000 17875.3 -0.0903977 2999.91 0.999488
804400000 17875.3 -0.0325121 2999.9 0.999436
804500000 17875.3 -0.141947 2999.92 0.999379
804600000 17875.3 -0.19312 2999.93 0.999411
804700000 17875.3 3.15531 2999.37 1.00017
804800000 17875.3 -0.0419356 2999.91 0.999387
804900000 17875.3 -0.115446 2999.92 0.999389
805000000 17875.3 -0.215356 2999.93 0.999435
805100000 17875.3 -0.272048 2999.94 0.999414
805200000 17875.3 -0.189116 2999.93 0.999457
805300000 17875.3 -0.0832423 2999.91 0.999448
805400000 17875.3 -0.0961179 2999.91 0.999381
805500000 17875.3 -0.111582 2999.92 0.999492
805600000 17875.3 -0.0833259 2999.91 0.999431
805700000 17875.3 -0.291244 2999.95 0.999394
805800000 17875.3 0.281681 2999.85 0.999631
805900000 17875.3 -0.121485 2999.92 0.999447
806000000 17875.3 -0.0847088 2999.91 0.999382
806100000 17875.3 0.443124 2999.82 0.999584
806200000 17875.3 -0.179695 2999.93 0.999418
806300000 17875.3 -0.142204 2999.92 0.999414
806400000 17875.3 -0.0980248 2999.91 0.999424
806500000 17875.3 -0.204646 2999.93 0.999375
806600000 17875.3 -0.262749 2999.94 0.999404
806700000 17875.3 -0.0537879 2999.91 0.999476
806800000 17875.3 -0.0985083 2999.91 0.999443
806900000 17875.3 -0.101084 2999.92 0.999382
807000000 17875.3 -0.147948 2999.92 0.999467
807100000 17875.3 -0.0820704 2999.91 0.99938
807200000 17875.3 -0.38786 2999.96 0.999403
807300000 17875.3 1.40147 2999.66 0.999809
807400000 17875.3 -0.0982511 2999.91 0.999414
807500000 17875.3 -0.273878 2999.94 0.999381
807600000 17875.3 -0.13724 2999.92 0.999478
807700000 17875.3 -0.315667 2999.95 0.999439
807800000 17875.3 -0.162419 2999.93 0.999394
807900000 17875.3 -0.150011 2999.92 0.999421
808000000 17875.3 0.263049 2999.85 0.999601
808100000 17875.3 -0.184951 2999.93 0.999386
808200000 17875.3 0.838549 2999.76 0.999731
808300000 17875.3 -0.151746 2999.92 0.999429
808400000 17875.3 -0.273605 2999.94 0.999398
808500000 17875.3 -0.0709258 2999.91 0.999419
808600000 17875.3 -0.240334 2999.94 0.999391
808700000 17875.3 -0.134665 2999.92 0.99945
808800000 17875.3 -0.143353 2999.92 0.999374
808900000 17875.3 -0.319177 2999.95 0.99937
809000000 17875.3 -0.14747 2999.92 0.999439
809100000 17875.3 -0.147173 2999.92 0.999397
809200000 17875.3 0.599945 2999.8 0.999644
809300000 17875.3 -0.110336 2999.92 0.999472
809400000 17875.3 -0.294614 2999.95 0.999385
809500000 17875.3 -0.10115 2999.92 0.999379
809600000 17875.3 0.205632 2999.86 0.999504
809700000 17875.3 -0.160993 2999.93 0.999403
809800000 17875.3 0.849973 2999.76 0.999797
809900000 17875.3 -0.319816 2999.95 0.999409
810000000 17875.3 -0.0325939 2999.9 0.999423
810100000 17875.3 -0.227575 2999.94 0.999379
810200000 17875.3 -0.214842 2999.93 0.99938
810300000 17875.3 0.26759 2999.85 0.9996
810400000 17875.3 -0.200868 2999.93 0.999421
810500000 17875.3 1.62569 2999.63 0.999855
810600000 17875.3 -0.133935 2999.92 0.999408
810700000 17875.3 0.394319 2999.83 0.999552
810800000 17875.3 -0.0450593 2999.91 0.999474
810900000 17875.3 -0.207682 2999.93 0.99944
811000000 17875.3 -0.097465 2999.91 0.999382
811100000 17875.3 -0.0412431 2999.91 0.999457
811200000 17875.3 0.811139 2999.76 0.999642
811300000 17875.3 -0.0778942 2999.91 0.999477
811400000 17875.3 -0.280222 2999.95 0.999458
811500000 17875.3 -0.348936 2999.96 0.999395
811600000 17875.3 -0.1977 2999.93 0.999414
811700000 17875.3 -0.245912 2999.94 0.999468
811800000 17875.3 0.488632 2999.82 0.999598
811900000 17875.3 -0.233216 2999.94 0.999403
812000000 17875.3 -0.0981729 2999.91 0.999387
812100000 17875.3 -0.218874 2999.93 0.999384
812200000 17875.3 2.13434 2999.54 1.00004
812300000 17875.3 1.51433 2999.64 0.999995
812400000 17875.3 -0.26593 2999.94 0.999373
812500000 17875.3 -0.258044 2999.94 0.99941
812600000 17875.3 -0.259421 2999.94 0.999399
812700000 17875.3 -0.256798 2999.94 0.999371
812800000 17875.3 -0.342491 2999.96 0.999379
812900000 17875.3 -0.00102809 2999.9 0.999516
813000000 17875.3 -0.213714 2999.93 0.999388
813100000 17875.3 0.277925 2999.85 0.999639
813200000 17875.3 -0.180685 2999.93 0.999375
813300000 17875.3 1.99487 2999.56 0.999931
813400000 17875.3 -0.149617 2999.92 0.999447
813500000 17875.3 -0.17796 2999.93 0.99938
813600000 17875.3 0.272889 2999.85 0.999528
813700000 17875.3 -0.299593 2999.95 0.99938
813800000 17875.3 0.151826 2999.87 0.999512
813900000 17875.3 -0.151971 2999.92 0.999408
814000000 17875.3 -0.277653 2999.94 0.999435
814100000 17875.3 -0.0554651 2999.91 0.999438
814200000 17875.3 -0.0094214 2999.9 0.999451
814300000 17875.3 -0.226873 2999.94 0.999385
814400000 17875.3 -0.167413 2999.93 0.999479
814500000 17875.3 0.762782 2999.77 0.999645
814600000 17875.3 1.7576 2999.6 0.999901
814700000 17875.3 -0.11519 2999.92 0.999378
814800000 17875.3 -0.265788 2999.94 0.999395
814900000 17875.3 -0.0748945 2999.91 0.999386
815000000 17875.3 1.30028 2999.68 0.999849
815100000 17875.3 -0.181164 2999.93 0.999422
815200000 17875.3 -0.102312 2999.92 0.999488
815300000 17875.3 -0.0757734 2999.91 0.999384
815400000 17875.3 -0.111317 2999.92 0.999395
815500000 17875.3 -0.232491 2999.94 0.999378
815600000 17875.3 -0.169359 2999.93 0.999369
815700000 17875.3 -0.237102 2999.94 0.999375
815800000 17875.3 -0.192491 2999.93 0.999386
815900000 17875.3 0.474346 2999.82 0.999608
816000000 17875.3 -0.205531 2999.93 0.999392
816100000 17875.3 0.027021 2999.89 0.999479
816200000 17875.3 -0.151433 2999.92 0.999372
816300000 17875.3 0.0230505 2999.89 0.99952
816400000 17875.3 -0.226645 2999.94 0.99937
816500000 17875.3 -0.197243 2999.93 0.999377
816600000 17875.3 0.346574 2999.84 0.999577
816700000 17875.3 0.478763 2999.82 0.999684
816800000 17875.3 0.187206 2999.87 0.999546
816900000 17875.3 -0.134782 2999.92 0.999378
817000000 17875.3 0.0719026 2999.89 0.999552
817100000 17875.3 -0.237286 2999.94 0.999483
817200000 17875.3 -0.0799403 2999.91 0.999399
817300000 17875.3 2.42133 2999.49 1.00008
817400000 17875.3 -0.26426 2999.94 0.999407
817500000 17875.3 -0.00856065 2999.9 0.999506
817600000 17875.3 0.893115 2999.75 0.999818
817700000 17875.3 -0.227701 2999.94 0.999391
817800000 17875.3 -0.107813 2999.92 0.99952
817900000 17875.3 0.583056 2999.8 0.999601
818000000 17875.3 -0.175248 2999.93 0.999409
818100000 17875.3 -0.124926 2999.92 0.999465
818200000 17875.3 -0.148071 2999.92 0.999419
818300000 17875.3 0.393472 2999.83 0.99956
818400000 17875.3 0.431645 2999.83 0.999629
818500000 17875.3 -0.059914 2999.91 0.999383
818600000 17875.3 -0.0800602 2999.91 0.999508
818700000 17875.3 -0.125681 2999.92 0.999389
818800000 17875.3 -0.200579 2999.93 0.99943
818900000 17875.3 -0.356282 2999.96 0.999391
819000000 17875.3 1.35484 2999.67 0.999875
819100000 17875.3 -0.184342 2999.93 0.999373
819200000 17875.3 -0.312007 2999.95 0.999389
819300000 17875.3 1.1905 2999.7 0.999786
819400000 17875.3 0.985464 2999.73 0.999745
819500000 17875.3 4.01529 2999.22 1.00026
819600000 17875.3 -0.205593 2999.93 0.999384
819700000 17875.3 -0.152073 2999.92 0.999401
819800000 17875.3 -0.244698 2999.94 0.99937
819900000 17875.3 -0.14078 2999.92 0.999375
820000000 17875.3 -0.0691339 2999.91 0.999481
820100000 17875.3 3.12899 2999.37 1.0001
820200000 17875.3 -0.227356 2999.94 0.999426
820300000 17875.3 -0.223968 2999.94 0.99941
820400000 17875.3 -0.201086 2999.93 0.999372
820500000 17875.3 -0.101312 2999.92 0.999384
820600000 17875.3 -0.325446 2999.95 0.999381
820700000 17875.3 0.826689 2999.76 0.999691
820800000 17875.3 -0.151258 2999.92 0.999381
820900000 17875.3 -0.0497267 2999.91 0.999504
821000000 17875.3 -0.146395 2999.92 0.999397
821100000 17875.3 -0.11718 2999.92 0.999379
821200000 17875.3 0.631445 2999.79 0.999651
821300000 17875.3 -0.0836627 2999.91 0.999491
821400000 17875.3 -0.11081 2999.92 0.999479
821500000 17875.3 -0.0983831 2999.91 0.999428
821600000 17875.3 0.980106 2999.73 0.999683
821700000 17875.3 0.836747 2999.76 0.999729
821800000 17875.3 0.382715 2999.83 0.999553
821900000 17875.3 -0.198782 2999.93 0.999388
822000000 17875.3 -0.281005 2999.95 0.999425
822100000 17875.3 1.36553 2999.67 0.999914
822200000 17875.3 -0.200575 2999.93 0.999366
822300000 17875.3 -0.0833823 2999.91 0.999548
822400000 17875.3 0.779752 2999.77 0.999695
822500000 17875.3 -0.144487 2999.92 0.999427
822600000 17875.3 0.985721 2999.73 0.999695
822700000 17875.3 1.42533 2999.66 0.999764
822800000 17875.3 -0.138896 2999.92 0.999393
822900000 17875.3 -0.294481 2999.95 0.999395
823000000 17875.3 1.06342 2999.72 0.999734
823100000 17875.3 0.618171 2999.79 0.999669
823200000 17875.3 -0.101759 2999.92 0.99946
823300000 17875.3 -0.0156632 2999.9 0.99954
823400000 17875.3 -0.148352 2999.92 0.999375
823500000 17875.3 0.324077 2999.84 0.999535
823600000 17875.3 -0.0267353 2999.9 0.999489
823700000 17875.3 -0.0876487 2999.91 0.999386
823800000 17875.3 0.0958209 2999.88 0.999511
823900000 17875.3 -0.223503 2999.94 0.999382
824000000 17875.3 -0.245514 2999.94 0.999371
824100000 17875.3 -0.218176 2999.93 0.999366
824200000 17875.3 -0.0507295 2999.91 0.999477
824300000 17875.3 -0.185706 2999.93 0.999388
824400000 17875.3 -0.0646218 2999.91 0.999421
824500000 17875.3 -0.346673 2999.96 0.999441
824600000 17875.3 -0.132702 2999.92 0.999456
824700000 17875.3 -0.139019 2999.92 0.999399
824800000 17875.3 -0.194871 2999.93 0.999383
824900000 17875.3 0.7005 2999.78 0.999659
825000000 17875.3 -0.149526 2999.92 0.999383
825100000 17875.3 -0.177125 2999.93 0.999408
825200000 17875.3 -0.162375 2999.93 0.999406
825300000 17875.3 -0.0790302 2999.91 0.999387
825400000 17875.3 0.0471123 2999.89 0.999494
825500000 17875.3 -0.012178 2999.9 0.999568
825600000 17875.3 -0.227192 2999.94 0.999422
825700000 17875.3 1.91741 2999.58 0.999943
825800000 17875.3 -0.191614 2999.93 0.999409
825900000 17875.3 0.270268 2999.85 0.999563
826000000 17875.3 -0.0801237 2999.91 0.999442
826100000 17875.3 0.3715 2999.84 0.999611
826200000 17875.3 0.513187 2999.81 0.999659
826300000 17875.3 0.918712 2999.74 0.999696
826400000 17875.3 -0.216092 2999.93 0.999431
826500000 17875.3 -0.0518064 2999.91 0.999517
826600000 17875.3 -0.205076 2999.93 0.999384
826700000 17875.3 -0.200488 2999.93 0.999374
826800000 17875.3 -0.370232 2999.96 0.999385
826900000 17875.3 -0.197417 2999.93 0.999383
827000000 17875.3 0.0207266 2999.89 0.999454
827100000 17875.3 0.494801 2999.82 0.999628
827200000 17875.3 -0.182174 2999.93 0.999371
827300000 17875.3 0.184691 2999.87 0.999581
827400000 17875.3 -0.144294 2999.92 0.999375
827500000 17875.3 0.231816 2999.86 0.999579
827600000 17875.3 0.388134 2999.83 0.999558
827700000 17875.3 1.16092 2999.7 0.999816
827800000 17875.3 -0.236372 2999.94 0.999374
827900000 17875.3 -0.143034 2999.92 0.999382
828000000 17875.3 -0.185368 2999.93 0.999473
828100000 17875.3 -0.293664 2999.95 0.999432
828200000 17875.3 0.175658 2999.87 0.999501
828300000 17875.3 -0.117499 2999.92 0.999463
828400000 17875.3 -0.112365 2999.92 0.999381
828500000 17875.3 1.26952 2999.69 0.99982
828600000 17875.3 0.402644 2999.83 0.999571
828700000 17875.3 -0.126258 2999.92 0.999385
828800000 17875.3 0.834046 2999.76 0.999701
828900000 17875.3 -0.0764742 2999.91 0.999426
829000000 17875.3 -0.23986 2999.94 0.999379
829100000 17875.3 -0.238216 2999.94 0.999388
829200000 17875.3 1.0834 2999.72 0.999811
829300000 17875.3 0.135515 2999.88 0.999536
829400000 17875.3 -0.267811 2999.94 0.999383
829500000 17875.3 0.3542 2999.84 0.999547
829600000 17875.3 -0.172678 2999.93 0.999383
829700000 17875.3 -0.287402 2999.95 0.999386
829800000 17875.3 -0.148623 2999.92 0.999378
829900000 17875.3 0.312604 2999.85 0.999636
830000000 17875.3 -0.0908671 2999.91 0.999425
830100000 17875.3 -0.119279 2999.92 0.999385
830200000 17875.3 0.229903 2999.86 0.999578
830300000 17875.3 -0.110781 2999.92 0.999398
830400000 17875.3 0.664988 2999.79 0.999625
830500000 17875.3 0.95288 2999.74 0.99969
830600000 17875.3 -0.0788806 2999.91 0.999515
830700000 17875.3 -0.151543 2999.92 0.999371
830800000 17875.3 -0.0625806 2999.91 0.999513
830900000 17875.3 0.865228 2999.75 0.999694
831000000 17875.3 0.0871091 2999.88 0.999521
831100000 17875.3 -0.167464 2999.93 0.999416
831200000 17875.3 -0.0345505 2999.9 0.999488
831300000 17875.3 -0.231213 2999.94 0.999398
831400000 17875.3 -0.0625408 2999.91 0.999384
831500000 17875.3 -0.123971 2999.92 0.999377
831600000 17875.3 -0.26226 2999.94 0.999372
831700000 17875.3 0.115638 2999.88 0.999533
831800000 17875.3 0.0421653 2999.89 0.999489
831900000 17875.3 0.0816478 2999.88 0.99946
832000000 17875.3 -0.170922 2999.93 0.999389
832100000 17875.3 2.93772 2999.41 1.00007
832200000 17875.3 -0.125503 2999.92 0.999379
832300000 17875.3 -0.218892 2999.93 0.999415
832400000 17875.3 0.0349236 2999.89 0.999483
832500000 17875.3 -0.0489039 2999.91 0.999465
832600000 17875.3 -0.205701 2999.93 0.999372
832700000 17875.3 0.546068 2999.81 0.999599
832800000 17875.3 0.167573 2999.87 0.999518
832900000 17875.3 -0.0211222 2999.9 0.999483
833000000 17875.3 -0.298759 2999.95 0.999386
833100000 17875.3 -0.34595 2999.96 0.999409
833200000 17875.3 3.06602 2999.38 1.00023
833300000 17875.3 -0.0523873 2999.91 0.999447
833400000 17875.3 -0.106759 2999.92 0.999442
833500000 17875.3 -0.0802369 2999.91 0.999384
833600000 17875.3 -0.296725 2999.95 0.999365
833700000 17875.3 0.515576 2999.81 0.9996
833800000 17875.3 -0.137371 2999.92 0.999432
833900000 17875.3 -0.330464 2999.95 0.999421
834000000 17875.3 -0.0943905 2999.91 0.999434
834100000 17875.3 -0.219814 2999.93 0.999377
834200000 17875.3 0.0393301 2999.89 0.999558
834300000 17875.3 -0.443216 2999.97 0.999379
834400000 17875.3 -0.126678 2999.92 0.99941
834500000 17875.3 0.0104715 2999.9 0.999529
834600000 17875.3 -0.082328 2999.91 0.99938
834700000 17875.3 -0.074891 2999.91 0.999382
834800000 17875.3 -0.00776099 2999.9 0.999445
834900000 17875.3 -0.147659 2999.92 0.999396
835000000 17875.3 0.170412 2999.87 0.999525
835100000 17875.3 -0.146951 2999.92 0.999526
835200000 17875.3 -0.324291 2999.95 0.999409
835300000 17875.3 -0.302489 2999.95 0.999397
835400000 17875.3 0.0720918 2999.89 0.999465
835500000 17875.3 2.21552 2999.53 1.00008
835600000 17875.3 -0.105056 2999.92 0.999377
835700000 17875.3 -0.112551 2999.92 0.999388
835800000 17875.3 -0.192982 2999.93 0.999379
835900000 17875.3 -0.0950555 2999.91 0.999463
836000000 17875.3 -0.171796 2999.93 0.999457
836100000 17875.3 -0.22779 2999.94 0.999404
836200000 17875.3 -0.0797195 2999.91 0.999455
836300000 17875.3 -0.150929 2999.92 0.999383
836400000 17875.3 -0.383892 2999.96 0.999376
836500000 17875.3 0.213742 2999.86 0.999537
836600000 17875.3 -0.0318056 2999.9 0.999474
836700000 17875.3 -0.253409 2999.94 0.99942
836800000 17875.3 0.13637 2999.88 0.999504
836900000 17875.3 -0.153663 2999.92 0.999417
837000000 17875.3 -0.315856 2999.95 0.999364
837100000 17875.3 -0.191445 2999.93 0.999436
837200000 17875.3 -0.214523 2999.93 0.999409
837300000 17875.3 0.132787 2999.88 0.999535
837400000 17875.3 0.438788 2999.82 0.999576
837500000 17875.3 2.335 2999.51 1.00003
837600000 17875.3 0.0534942 2999.89 0.999468
837700000 17875.3 -0.255561 2999.94 0.999381
837800000 17875.3 -0.222536 2999.94 0.999403
837900000 17875.3 -0.248644 2999.94 0.999434
838000000 17875.3 -0.062613 2999.91 0.999417
838100000 17875.3 0.0191364 2999.89 0.999499
838200000 17875.3 -0.151475 2999.92 0.999436
838300000 17875.3 -0.133349 2999.92 0.999437
838400000 17875.3 -0.144988 2999.92 0.999379
838500000 17875.3 1.49247 2999.65 0.99985
838600000 17875.3 0.139593 2999.87 0.999557
838700000 17875.3 -0.0767668 2999.91 0.999482
838800000 17875.3 -0.163698 2999.93 0.999374
838900000 17875.3 -0.19069 2999.93 0.999372
839000000 17875.3 0.0225704 2999.89 0.999497
839100000 17875.3 0.535271 2999.81 0.999665
839200000 17875.3 -0.0689455 2999.91 0.999413
839300000 17875.3 -0.0940801 2999.91 0.999468
839400000 17875.3 -0.211791 2999.93 0.999391
839500000 17875.3 -0.212761 2999.93 0.999396
839600000 17875.3 -0.227684 2999.94 0.999407
839700000 17875.3 0.509959 2999.81 0.999635
839800000 17875.3 -0.150999 2999.92 0.999421
839900000 17875.3 0.0189351 2999.89 0.999493
840000000 17875.3 0.350979 2999.84 0.999626
840100000 17875.3 -0.126805 2999.92 0.999393
840200000 17875.3 0.372932 2999.84 0.999544
840300000 17875.3 -0.0508664 2999.91 0.999476
840400000 17875.3 0.117891 2999.88 0.999537
840500000 17875.3 0.0948583 2999.88 0.999537
840600000 17875.3 -0.114449 2999.92 0.999378
840700000 17875.3 -0.223937 2999.94 0.999454
840800000 17875.3 -0.126147 2999.92 0.999379
840900000 17875.3 -0.242722 2999.94 0.999389
841000000 17875.3 -0.154656 2999.92 0.99938
841100000 17875.3 -0.29514 2999.95 0.999376
841200000 17875.3 -0.132505 2999.92 0.999382
841300000 17875.3 -0.161472 2999.93 0.999408
841400000 17875.3 -0.122426 2999.92 0.999376
841500000 17875.3 -0.286445 2999.95 0.999378
841600000 17875.3 -0.135304 2999.92 0.999378
841700000 17875.3 0.304469 2999.85 0.999525
841800000 17875.3 -0.113915 2999.92 0.999448
841900000 17875.3 0.456759 2999.82 0.99963
842000000 17875.3 -0.321618 2999.95 0.999443
842100000 17875.3 -0.0717114 2999.91 0.999383
842200000 17875.3 -0.195097 2999.93 0.999427
842300000 17875.3 -0.152902 2999.92 0.999477
842400000 17875.3 -0.123029 2999.92 0.999501
842500000 17875.3 -0.22339 2999.94 0.999373
842600000 17875.3 -0.362211 2999.96 0.999384
842700000 17875.3 3.49675 2999.31 1.00024
842800000 17875.3 0.163005 2999.87 0.99953
842900000 17875.3 -0.290561 2999.95 0.999361
843000000 17875.3 -0.155543 2999.92 0.999436
843100000 17875.3 0.167518 2999.87 0.999586
843200000 17875.3 0.019769 2999.89 0.99948
843300000 17875.3 -0.0749276 2999.91 0.999487
843400000 17875.3 0.0146625 2999.9 0.999504
843500000 17875.3 -0.317621 2999.95 0.999407
843600000 17875.3 0.0497213 2999.89 0.999482
843700000 17875.3 0.709805 2999.78 0.99965
843800000 17875.3 1.1624 2999.7 0.999718
843900000 17875.3 -0.168928 2999.93 0.999382
844000000 17875.3 -0.187921 2999.93 0.999376
844100000 17875.3 -0.22072 2999.94 0.999408
844200000 17875.3 -0.0172515 2999.9 0.999488
844300000 17875.3 -0.192817 2999.93 0.999444
844400000 17875.3 1.22519 2999.69 0.999756
844500000 17875.3 0.594153 2999.8 0.999616
844600000 17875.3 0.0048155 2999.9 0.999583
844700000 17875.3 -0.347498 2999.96 0.999386
844800000 17875.3 -0.053405 2999.91 0.999501
844900000 17875.3 0.640232 2999.79 0.999634
845000000 17875.3 0.686781 2999.78 0.99962
845100000 17875.3 -0.00362046 2999.9 0.99946
845200000 17875.3 -0.0791935 2999.91 0.999457
845300000 17875.3 -0.226444 2999.94 0.999373
845400000 17875.3 -0.139244 2999.92 0.999422
845500000 17875.3 -0.167329 2999.93 0.999439
845600000 17875.3 -0.122748 2999.92 0.999379
845700000 17875.3 -0.048035 2999.91 0.999445
845800000 17875.3 0.287587 2999.85 0.999594
845900000 17875.3 -0.250472 2999.94 0.99939
846000000 17875.3 -0.119419 2999.92 0.999376
846100000 17875.3 0.924547 2999.74 0.999746
846200000 17875.3 1.17866 2999.7 0.999729
846300000 17875.3 -0.240399 2999.94 0.999438
846400000 17875.3 -0.276427 2999.94 0.99938
846500000 17875.3 -0.206543 2999.93 0.999437
846600000 17875.3 -0.192894 2999.93 0.999385
846700000 17875.3 -0.111044 2999.92 0.999496
846800000 17875.3 0.987342 2999.73 0.999682
846900000 17875.3 0.71121 2999.78 0.999625
847000000 17875.3 -0.0750557 2999.91 0.99939
847100000 17875.3 0.0805336 2999.88 0.999505
847200000 17875.3 0.379727 2999.83 0.999545
847300000 17875.3 -0.281578 2999.95 0.99938
847400000 17875.3 -0.179673 2999.93 0.99939
847500000 17875.3 -0.159858 2999.92 0.999403
847600000 17875.3 -0.110487 2999.92 0.99938
847700000 17875.3 -0.0063614 2999.9 0.999487
847800000 17875.3 0.295984 2999.85 0.999637
847900000 17875.3 1.4787 2999.65 0.999834
848000000 17875.3 -0.0368157 2999.9 0.999388
848100000 17875.3 0.0432356 2999.89 0.999571
848200000 17875.3 0.590631 2999.8 0.999601
848300000 17875.3 0.937041 2999.74 0.999821
848400000 17875.3 -0.252222 2999.94 0.999383
848500000 17875.3 0.327499 2999.84 0.999529
848600000 17875.3 -0.217271 2999.93 0.99939
848700000 17875.3 0.976531 2999.73 0.999698
848800000 17875.3 -0.226758 2999.94 0.99938
848900000 17875.3 0.118461 2999.88 0.999505
849000000 17875.3 0.557226 2999.8 0.999656
849100000 17875.3 0.171594 2999.87 0.999503
849200000 17875.3 0.22064 2999.86 0.999511
849300000 17875.3 -0.167698 2999.93 0.999373
849400000 17875.3 -0.141588 2999.92 0.999408
849500000 17875.3 -0.180149 2999.93 0.9994
849600000 17875.3 -0.402398 2999.97 0.999363
849700000 17875.3 -0.0859047 2999.91 0.999479
849800000 17875.3 1.9542 2999.57 0.999877
849900000 17875.3 0.479843 2999.82 0.999593
850000000 17875.3 -0.231371 2999.94 0.999435
850100000 17875.3 -0.0580576 2999.91 0.999384
850200000 17875.3 -0.177654 2999.93 0.99938
850300000 17875.3 0.0473308 2999.89 0.999504
850400000 17875.3 -0.0919549 2999.91 0.999379
850500000 17875.3 0.0703832 2999.89 0.999497
850600000 17875.3 -0.101956 2999.92 0.999416
850700000 17875.3 0.0589177 2999.89 0.999468
850800000 17875.3 -0.117122 2999.92 0.9994
850900000 17875.3 -0.16633 2999.93 0.999378
851000000 17875.3 -0.107039 2999.92 0.999378
851100000 17875.3 0.121867 2999.88 0.999517
851200000 17875.3 -0.251606 2999.94 0.999392
851300000 17875.3 -0.166797 2999.93 0.999409
851400000 17875.3 0.37568 2999.84 0.999609
851500000 17875.3 -0.0640553 2999.91 0.999385
851600000 17875.3 0.263937 2999.85 0.999596
851700000 17875.3 -0.128726 2999.92 0.999381
851800000 17875.3 0.114546 2999.88 0.999555
851900000 17875.3 -0.113359 2999.92 0.999377
852000000 17875.3 -0.0167977 2999.9 0.999391
852100000 17875.3 -0.0185912 2999.9 0.999391
852200000 17875.3 -0.176587 2999.93 0.999426
852300000 17875.3 0.0766864 2999.89 0.999475
852400000 17875.3 -0.287708 2999.95 0.999363
852500000 17875.3 -0.253805 2999.94 0.999401
852600000 17875.3 -0.193922 2999.93 0.999415
852700000 17875.3 -0.0299983 2999.9 0.999389
852800000 17875.3 0.00465723 2999.9 0.999498
852900000 17875.3 -0.0987552 2999.91 0.999414
853000000 17875.3 0.0647187 2999.89 0.999525
853100000 17875.3 -0.152923 2999.92 0.99938
853200000 17875.3 -0.0819141 2999.91 0.999391
853300000 17875.3 -0.219787 2999.93 0.999384
853400000 17875.3 -0.273613 2999.94 0.999387
853500000 17875.3 -0.228626 2999.94 0.999407
853600000 17875.3 0.277427 2999.85 0.999554
853700000 17875.3 -0.0580044 2999.91 0.999438
853800000 17875.3 0.047904 2999.89 0.999457
853900000 17875.3 -0.236718 2999.94 0.999376
854000000 17875.3 -0.186247 2999.93 0.999371
854100000 17875.3 -0.104979 2999.92 0.999382
854200000 17875.3 0.350722 2999.84 0.999549
854300000 17875.3 -0.254356 2999.94 0.99941
854400000 17875.3 1.02675 2999.73 0.999736
854500000 17875.3 -0.141925 2999.92 0.9994
854600000 17875.3 -0.0741907 2999.91 0.999384
854700000 17875.3 -0.0873763 2999.91 0.999462
854800000 17875.3 -0.121669 2999.92 0.99941
854900000 17875.3 -0.309819 2999.95 0.99941
855000000 17875.3 0.12017 2999.88 0.999525
855100000 17875.3 0.1913 2999.87 0.999537
855200000 17875.3 -0.263713 2999.94 0.999429
855300000 17875.3 0.309645 2999.85 0.999594
855400000 17875.3 0.627078 2999.79 0.999614
855500000 17875.3 -0.0615175 2999.91 0.999527
855600000 17875.3 -0.0594065 2999.91 0.999473
855700000 17875.3 -0.178048 2999.93 0.999383
855800000 17875.3 -0.0767647 2999.91 0.99939
855900000 17875.3 -0.189323 2999.93 0.999382
856000000 17875.3 -0.357565 2999.96 0.999374
856100000 17875.3 -0.309875 2999.95 0.999385
856200000 17875.3 0.108033 2999.88 0.999497
856300000 17875.3 -0.0203945 2999.9 0.99947
856400000 17875.3 0.324962 2999.84 0.999562
856500000 17875.3 -0.151324 2999.92 0.999404
856600000 17875.3 2.42153 2999.49 1.0001
856700000 17875.3 -0.286101 2999.95 0.999378
856800000 17875.3 -0.00644099 2999.9 0.999464
856900000 17875.3 0.0123869 2999.9 0.999485
857000000 17875.3 -0.253388 2999.94 0.999387
857100000 17875.3 -0.197854 2999.93 0.999495
857200000 17875.3 -0.170599 2999.93 0.99937
857300000 17875.3 -0.149481 2999.92 0.999376
857400000 17875.3 0.621364 2999.79 0.999597
857500000 17875.3 -0.136703 2999.92 0.999376
857600000 17875.3 -0.217699 2999.93 0.999377
857700000 17875.3 -0.153563 2999.92 0.999383
857800000 17875.3 1.13066 2999.71 0.99981
857900000 17875.3 -0.212749 2999.93 0.999408
858000000 17875.3 -0.338581 2999.95 0.999378
858100000 17875.3 -0.167279 2999.93 0.999396
858200000 17875.3 0.129794 2999.88 0.999509
858300000 17875.3 -0.210442 2999.93 0.999381
858400000 17875.3 0.413998 2999.83 0.999623
858500000 17875.3 -0.156262 2999.92 0.999381
858600000 17875.3 -0.257222 2999.94 0.999409
858700000 17875.3 2.20734 2999.53 0.999949
858800000 17875.3 -0.240132 2999.94 0.999367
858900000 17875.3 -0.159436 2999.92 0.999438
859000000 17875.3 -0.147943 2999.92 0.999385
859100000 17875.3 0.0953889 2999.88 0.999534
859200000 17875.3 0.187439 2999.87 0.99954
859300000 17875.3 -0.0971311 2999.91 0.999432
859400000 17875.3 0.556356 2999.8 0.999712
859500000 17875.3 -0.21402 2999.93 0.999374
859600000 17875.3 0.283006 2999.85 0.999576
859700000 17875.3 -0.0367407 2999.9 0.999388
859800000 17875.3 -0.130877 2999.92 0.999374
859900000 17875.3 -0.144918 2999.92 0.999501
860000000 17875.3 -0.100052 2999.91 0.999385
860100000 17875.3 0.072693 2999.89 0.999485
860200000 17875.3 -0.110921 2999.92 0.999442
860300000 17875.3 -0.267429 2999.94 0.999393
860400000 17875.3 -0.264973 2999.94 0.999391
860500000 17875.3 -0.0785041 2999.91 0.99946
860600000 17875.3 2.3902 2999.5 1.00005
860700000 17875.3 -0.11421 2999.92 0.999434
860800000 17875.3 -0.242573 2999.94 0.999392
860900000 17875.3 0.737233 2999.77 0.999875
861000000 17875.3 -0.176073 2999.93 0.999458
861100000 17875.3 -0.234856 2999.94 0.999382
861200000 17875.3 -0.166224 2999.93 0.999371
861300000 17875.3 -0.178307 2999.93 0.999421
861400000 17875.3 0.335181 2999.84 0.999656
861500000 17875.3 0.0984429 2999.88 0.999468
861600000 17875.3 0.827322 2999.76 0.999695
861700000 17875.3 -0.328972 2999.95 0.999377
861800000 17875.3 -0.062707 2999.91 0.999385
861900000 17875.3 -0.205812 2999.93 0.999377
862000000 17875.3 0.0665546 2999.89 0.999463
862100000 17875.3 -0.120564 2999.92 0.999468
862200000 17875.3 -0.255757 2999.94 0.999373
862300000 17875.3 -0.0978757 2999.91 0.999445
862400000 17875.3 1.65458 2999.62 0.999924
862500000 17875.3 0.599359 2999.8 0.999731
862600000 17875.3 -0.0854721 2999.91 0.999389
862700000 17875.3 -0.154904 2999.92 0.999384
862800000 17875.3 -0.0397045 2999.9 0.999436
862900000 17875.3 1.14047 2999.71 0.999712
863000000 17875.3 -0.00010607 2999.9 0.999474
863100000 17875.3 1.29907 2999.68 0.999769
863200000 17875.3 -0.15808 2999.92 0.99941
863300000 17875.3 -0.159214 2999.92 0.99942
863400000 17875.3 -0.228149 2999.94 0.99938
863500000 17875.3 0.255315 2999.86 0.999588
863600000 17875.3 -0.106294 2999.92 0.999444
863700000 17875.3 -0.260255 2999.94 0.999372
863800000 17875.3 -0.178476 2999.93 0.999372
863900000 17875.3 0.315733 2999.85 0.999606
864000000 17875.3 -0.0604318 2999.91 0.999537
864100000 17875.3 0.206658 2999.86 0.999594
864200000 17875.3 -0.0409356 2999.9 0.999437
864300000 17875.3 1.53477 2999.64 0.99981
864400000 17875.3 -0.214635 2999.93 0.999385
864500000 17875.3 1.36102 2999.67 0.999923
864600000 17875.3 0.832737 2999.76 0.999693
864700000 17875.3 -0.127706 2999.92 0.999393
864800000 17875.3 -0.131627 2999.92 0.999465
864900000 17875.3 -0.292561 2999.95 0.999387
865000000 17875.3 -0.316719 2999.95 0.999395
865100000 17875.3 0.854512 2999.75 0.999665
865200000 17875.3 -0.0776715 2999.91 0.999382
865300000 17875.3 -0.0997617 2999.91 0.999382
865400000 17875.3 -0.012301 2999.9 0.999461
865500000 17875.3 -0.178641 2999.93 0.999373
865600000 17875.3 1.96498 2999.57 0.999917
865700000 17875.3 -0.0805904 2999.91 0.999383
865800000 17875.3 -0.177233 2999.93 0.999382
865900000 17875.3 0.0237411 2999.89 0.999501
866000000 17875.3 -0.217505 2999.93 0.999371
866100000 17875.3 0.437941 2999.82 0.999626
866200000 17875.3 0.0444188 2999.89 0.999529
866300000 17875.3 -0.185328 2999.93 0.999382
866400000 17875.3 0.1881 2999.87 0.999519
866500000 17875.3 -0.235027 2999.94 0.999379
866600000 17875.3 1.00435 2999.73 0.999739
866700000 17875.3 -0.250572 2999.94 0.999383
866800000 17875.3 -0.211974 2999.93 0.999394
866900000 17875.3 0.116463 2999.88 0.999477
867000000 17875.3 -0.101752 2999.92 0.999481
867100000 17875.3 0.473957 2999.82 0.999687
867200000 17875.3 -0.253432 2999.94 0.99939
867300000 17875.3 -0.118927 2999.92 0.99939
867400000 17875.3 -0.147017 2999.92 0.999376
867500000 17875.3 -0.300672 2999.95 0.999371
867600000 17875.3 -0.176012 2999.93 0.999376
867700000 17875.3 -0.0502331 2999.91 0.999452
867800000 17875.3 -0.274784 2999.94 0.99936
867900000 17875.3 -0.199192 2999.93 0.999402
868000000 17875.3 -0.191056 2999.93 0.999386
868100000 17875.3 1.00179 2999.73 0.999884
868200000 17875.3 -0.178257 2999.93 0.999372
868300000 17875.3 2.41053 2999.49 0.999955
868400000 17875.3 -0.371322 2999.96 0.999366
868500000 17875.3 -0.0761018 2999.91 0.999429
868600000 17875.3 -0.163332 2999.93 0.999384
868700000 17875.3 -0.0543693 2999.91 0.999517
868800000 17875.3 0.190665 2999.87 0.999533
868900000 17875.3 0.310998 2999.85 0.999535
869000000 17875.3 -0.154779 2999.92 0.999372
869100000 17875.3 0.598249 2999.8 0.999817
869200000 17875.3 0.0809495 2999.88 0.999492
869300000 17875.3 -0.278599 2999.94 0.999372
869400000 17875.3 0.274369 2999.85 0.999522
869500000 17875.3 -0.273162 2999.94 0.99938
869600000 17875.3 0.185289 2999.87 0.999555
869700000 17875.3 0.413921 2999.83 0.999626
869800000 17875.3 0.090956 2999.88 0.999499
869900000 17875.3 -0.280129 2999.95 0.999442
870000000 17875.3 -0.093872 2999.91 0.999516
870100000 17875.3 -0.172697 2999.93 0.999471
870200000 17875.3 1.57684 2999.63 0.999808
870300000 17875.3 -0.0390566 2999.9 0.999463
870400000 17875.3 -0.0754025 2999.91 0.999443
870500000 17875.3 -0.0743928 2999.91 0.999418
870600000 17875.3 -0.139172 2999.92 0.999405
870700000 17875.3 -0.160779 2999.93 0.999459
870800000 17875.3 -0.238587 2999.94 0.999368
870900000 17875.3 0.0361214 2999.89 0.999559
871000000 17875.3 -0.246144 2999.94 0.999402
871100000 17875.3 -0.114584 2999.92 0.999417
871200000 17875.3 1.21049 2999.69 0.999746
871300000 17875.3 0.323023 2999.84 0.999592
871400000 17875.3 -0.053149 2999.91 0.999452
871500000 17875.3 1.03821 2999.72 0.999806
871600000 17875.3 -0.186014 2999.93 0.999374
871700000 17875.3 0.190585 2999.87 0.999552
871800000 17875.3 -0.142165 2999.92 0.99941
871900000 17875.3 -0.322702 2999.95 0.999382
872000000 17875.3 -0.171852 2999.93 0.999393
872100000 17875.3 0.609619 2999.8 0.999657
872200000 17875.3 -0.154762 2999.92 0.999391
872300000 17875.3 0.305197 2999.85 0.999525
872400000 17875.3 -0.26626 2999.94 0.999385
872500000 17875.3 1.73384 2999.61 0.999836
872600000 17875.3 -0.272702 2999.94 0.999392
872700000 17875.3 -0.294617 2999.95 0.999386
872800000 17875.3 -0.389362 2999.96 0.999401
872900000 17875.3 1.58392 2999.63 0.999826
873000000 17875.3 -0.0674084 2999.91 0.999382
873100000 17875.3 -0.143683 2999.92 0.999455
873200000 17875.3 -0.18671 2999.93 0.999396
873300000 17875.3 -0.319537 2999.95 0.999442
873400000 17875.3 -0.101658 2999.92 0.99949
873500000 17875.3 -0.296651 2999.95 0.999464
873600000 17875.3 -0.120229 2999.92 0.999422
873700000 17875.3 0.0328375 2999.89 0.999483
873800000 17875.3 -0.226124 2999.94 0.999393
873900000 17875.3 -0.325394 2999.95 0.999469
874000000 17875.3 -0.0443212 2999.91 0.999386
874100000 17875.3 -0.224167 2999.94 0.999436
874200000 17875.3 -0.115248 2999.92 0.999403
874300000 17875.3 0.177822 2999.87 0.999588
874400000 17875.3 -0.0965298 2999.91 0.999381
874500000 17875.3 -0.237915 2999.94 0.999379
874600000 17875.3 -0.198084 2999.93 0.99938
874700000 17875.3 -0.136108 2999.92 0.999421
874800000 17875.3 -0.200935 2999.93 0.99943
874900000 17875.3 0.259035 2999.85 0.999561
875000000 17875.3 -0.142207 2999.92 0.99941
875100000 17875.3 -0.109157 2999.92 0.999481
875200000 17875.3 -0.208369 2999.93 0.999394
875300000 17875.3 -0.15515 2999.92 0.999401
875400000 17875.3 -0.155822 2999.92 0.999406
875500000 17875.3 -0.210349 2999.93 0.999414
875600000 17875.3 -0.205054 2999.93 0.999378
875700000 17875.3 -0.237783 2999.94 0.999408
875800000 17875.3 -0.168291 2999.93 0.999399
875900000 17875.3 0.908436 2999.75 0.999695
876000000 17875.3 -0.26621 2999.94 0.999424
876100000 17875.3 -0.118228 2999.92 0.999379
876200000 17875.3 -0.337952 2999.95 0.999436
876300000 17875.3 -0.167927 2999.93 0.999391
876400000 17875.3 -0.0365946 2999.9 0.99949
876500000 17875.3 -0.168252 2999.93 0.999375
876600000 17875.3 -0.295496 2999.95 0.999518
876700000 17875.3 -0.133566 2999.92 0.999383
876800000 17875.3 0.201454 2999.86 0.99954
876900000 17875.3 -0.0812445 2999.91 0.999492
877000000 17875.3 0.606934 2999.8 0.999607
877100000 17875.3 -0.00333585 2999.9 0.999527
877200000 17875.3 -0.226479 2999.94 0.9994
877300000 17875.3 -0.0413514 2999.91 0.999437
877400000 17875.3 -0.122635 2999.92 0.999381
877500000 17875.3 0.185712 2999.87 0.99959
877600000 17875.3 -0.104445 2999.92 0.999386
877700000 17875.3 -0.248048 2999.94 0.999398
877800000 17875.3 -0.443729 2999.97 0.99935
877900000 17875.3 -0.0664938 2999.91 0.999476
878000000 17875.3 0.0710416 2999.89 0.999536
878100000 17875.3 -0.185435 2999.93 0.999446
878200000 17875.3 -0.202551 2999.93 0.999418
878300000 17875.3 -0.354252 2999.96 0.999404
878400000 17875.3 -0.17424 2999.93 0.999435
878500000 17875.3 -0.0692946 2999.91 0.999489
878600000 17875.3 -0.110176 2999.92 0.999416
878700000 17875.3 -0.257322 2999.94 0.999396
878800000 17875.3 -0.281989 2999.95 0.999378
878900000 17875.3 -0.132981 2999.92 0.999472
879000000 17875.3 1.59016 2999.63 0.999832
879100000 17875.3 -0.17197 2999.93 0.999425
879200000 17875.3 0.0535243 2999.89 0.999488
879300000 17875.3 0.712738 2999.78 0.999639
879400000 17875.3 3.28738 2999.35 1.00043
879500000 17875.3 -0.270107 2999.94 0.999424
879600000 17875.3 -0.187966 2999.93 0.999376
879700000 17875.3 -0.225945 2999.94 0.999504
879800000 17875.3 -0.206278 2999.93 0.99941
879900000 17875.3 -0.0708939 2999.91 0.999383
880000000 17875.3 -0.126632 2999.92 0.999451
880100000 17875.3 -0.125289 2999.92 0.99938
880200000 17875.3 -0.130995 2999.92 0.999376
880300000 17875.3 -0.0756818 2999.91 0.999382
880400000 17875.3 -0.187916 2999.93 0.999456
880500000 17875.3 0.00786329 2999.9 0.999512
880600000 17875.3 0.0776143 2999.89 0.999482
880700000 17875.3 -0.301878 2999.95 0.999403
880800000 17875.3 -0.13205 2999.92 0.999378
880900000 17875.3 0.464353 2999.82 0.999624
881000000 17875.3 0.717519 2999.78 0.999704
881100000 17875.3 -0.102765 2999.92 0.999382
881200000 17875.3 0.989011 2999.73 0.999693
881300000 17875.3 -0.282454 2999.95 0.999406
881400000 17875.3 -0.0531581 2999.91 0.999409
881500000 17875.3 -0.140722 2999.92 0.999418
881600000 17875.3 -0.106828 2999.92 0.999598
881700000 17875.3 -0.218331 2999.93 0.999419
881800000 17875.3 -0.130376 2999.92 0.999521
881900000 17875.3 -0.0593903 2999.91 0.999385
882000000 17875.3 -0.11061 2999.92 0.999382
882100000 17875.3 -0.111008 2999.92 0.999441
882200000 17875.3 0.168934 2999.87 0.999495
882300000 17875.3 -0.183293 2999.93 0.999426
882400000 17875.3 -0.257588 2999.94 0.999408
882500000 17875.3 0.142898 2999.87 0.999501
882600000 17875.3 -0.0675561 2999.91 0.999383
882700000 17875.3 -0.100681 2999.92 0.999395
882800000 17875.3 -0.212762 2999.93 0.999411
882900000 17875.3 -0.307273 2999.95 0.999475
883000000 17875.3 0.249227 2999.86 0.999547
883100000 17875.3 -0.246684 2999.94 0.999411
883200000 17875.3 0.922941 2999.74 0.999743
883300000 17875.3 -0.210872 2999.93 0.999412
883400000 17875.3 -0.209896 2999.93 0.999456
883500000 17875.3 0.722418 2999.78 0.99966
883600000 17875.3 1.07516 2999.72 0.999803
883700000 17875.3 0.71021 2999.78 0.999647
883800000 17875.3 -0.056403 2999.91 0.9995
883900000 17875.3 -0.0750398 2999.91 0.999499
884000000 17875.3 0.0439767 2999.89 0.999484
884100000 17875.3 -0.0119839 2999.9 0.999436
884200000 17875.3 -0.260664 2999.94 0.999415
884300000 17875.3 -0.289001 2999.95 0.999383
884400000 17875.3 -0.231203 2999.94 0.999422
884500000 17875.3 -0.263797 2999.94 0.999425
884600000 17875.3 -0.219309 2999.93 0.999391
884700000 17875.3 1.35782 2999.67 0.999872
884800000 17875.3 -0.152627 2999.92 0.999399
884900000 17875.3 0.545818 2999.81 0.999582
885000000 17875.3 -0.14231 2999.92 0.999376
885100000 17875.3 0.00743949 2999.9 0.999486
885200000 17875.3 -0.133429 2999.92 0.9994
885300000 17875.3 -0.188258 2999.93 0.99941
885400000 17875.3 -0.271302 2999.94 0.999416
885500000 17875.3 -0.134187 2999.92 0.999393
885600000 17875.3 0.0990363 2999.88 0.999539
885700000 17875.3 -0.186103 2999.93 0.999451
885800000 17875.3 -0.0298251 2999.9 0.999428
885900000 17875.3 -0.183114 2999.93 0.999379
886000000 17875.3 0.966774 2999.74 0.999726
886100000 17875.3 -0.152639 2999.92 0.999378
886200000 17875.3 -0.125737 2999.92 0.999378
886300000 17875.3 -0.135913 2999.92 0.99945
886400000 17875.3 -0.177668 2999.93 0.999381
886500000 17875.3 -0.0737931 2999.91 0.999382
886600000 17875.3 -0.10583 2999.92 0.999414
886700000 17875.3 0.236283 2999.86 0.999564
886800000 17875.3 -0.0629344 2999.91 0.999464
886900000 17875.3 0.543168 2999.81 0.999633
887000000 17875.3 1.42232 2999.66 0.999767
887100000 17875.3 -0.218401 2999.93 0.999372
887200000 17875.3 0.108111 2999.88 0.999515
887300000 17875.3 -0.0595171 2999.91 0.999461
887400000 17875.3 -0.197372 2999.93 0.999421
887500000 17875.3 -0.0730104 2999.91 0.999409
887600000 17875.3 -0.251444 2999.94 0.999386
887700000 17875.3 -0.0840338 2999.91 0.999407
887800000 17875.3 0.355344 2999.84 0.999586
887900000 17875.3 -0.250413 2999.94 0.999386
888000000 17875.3 -0.241156 2999.94 0.9994
888100000 17875.3 -0.0972869 2999.91 0.99938
888200000 17875.3 -0.195169 2999.93 0.999371
888300000 17875.3 -0.142894 2999.92 0.99938
888400000 17875.3 0.27845 2999.85 0.999561
888500000 17875.3 -0.112562 2999.92 0.999446
888600000 17875.3 1.99874 2999.56 0.999917
888700000 17875.3 0.233531 2999.86 0.999511
888800000 17875.3 0.508226 2999.81 0.999681
888900000 17875.3 -0.204496 2999.93 0.999387
889000000 17875.3 0.367191 2999.84 0.999595
889100000 17875.3 -0.147508 2999.92 0.999404
889200000 17875.3 -0.127314 2999.92 0.999395
889300000 17875.3 -0.140025 2999.92 0.999386
889400000 17875.3 -0.0202625 2999.9 0.999476
889500000 17875.3 -0.402767 2999.97 0.99939
889600000 17875.3 0.150192 2999.87 0.999535
889700000 17875.3 -0.119142 2999.92 0.999527
889800000 17875.3 0.149268 2999.87 0.999523
889900000 17875.3 -0.0738763 2999.91 0.999383
890000000 17875.3 0.821433 2999.76 0.999661
890100000 17875.3 -0.199641 2999.93 0.999406
890200000 17875.3 -0.14409 2999.92 0.999424
890300000 17875.3 -0.174905 2999.93 0.999425
890400000 17875.3 -0.200538 2999.93 0.999426
890500000 17875.3 0.910239 2999.75 0.999688
890600000 17875.3 -0.21976 2999.93 0.999438
890700000 17875.3 -0.0833605 2999.91 0.999513
890800000 17875.3 -0.153642 2999.92 0.999481
890900000 17875.3 -0.189094 2999.93 0.999473
891000000 17875.3 -0.254242 2999.94 0.99941
891100000 17875.3 -0.165633 2999.93 0.999445
891200000 17875.3 -0.253693 2999.94 0.999371
891300000 17875.3 -0.302417 2999.95 0.999393
891400000 17875.3 -0.243044 2999.94 0.9994
891500000 17875.3 0.273875 2999.85 0.999555
891600000 17875.3 -0.0980086 2999.91 0.999404
891700000 17875.3 -0.115983 2999.92 0.999402
891800000 17875.3 0.715232 2999.78 0.999653
891900000 17875.3 -0.253815 2999.94 0.999376
892000000 17875.3 -0.238121 2999.94 0.999413
892100000 17875.3 -0.300042 2999.95 0.999376
892200000 17875.3 -0.16602 2999.93 0.999381
892300000 17875.3 2.07394 2999.55 1.00001
892400000 17875.3 0.516847 2999.81 0.999681
892500000 17875.3 -0.219921 2999.94 0.999414
892600000 17875.3 -0.254771 2999.94 0.999384
892700000 17875.3 -0.0465122 2999.91 0.999386
892800000 17875.3 -0.336697 2999.95 0.999451
892900000 17875.3 0.0494153 2999.89 0.999579
893000000 17875.3 -0.220259 2999.94 0.999386
893100000 17875.3 0.511842 2999.81 0.999575
893200000 17875.3 1.9665 2999.57 0.999997
893300000 17875.3 -0.0678655 2999.91 0.999386
893400000 17875.3 -0.225321 2999.94 0.9994
893500000 17875.3 0.903886 2999.75 0.999683
893600000 17875.3 -0.0980315 2999.91 0.999432
893700000 17875.3 -0.222456 2999.94 0.999455
893800000 17875.3 3.95842 2999.23 1.00029
893900000 17875.3 -0.307894 2999.95 0.999387
894000000 17875.3 0.17832 2999.87 0.999528
894100000 17875.3 0.662237 2999.79 0.99962
894200000 17875.3 -0.225873 2999.94 0.999392
894300000 17875.3 -0.14466 2999.92 0.999384
894400000 17875.3 -0.157806 2999.92 0.999446
894500000 17875.3 0.0581804 2999.89 0.999522
894600000 17875.3 -0.21904 2999.93 0.999394
894700000 17875.3 -0.245792 2999.94 0.999408
894800000 17875.3 -0.159131 2999.92 0.999461
894900000 17875.3 1.03147 2999.72 0.999693
895000000 17875.3 -0.289381 2999.95 0.999407
895100000 17875.3 -0.0897912 2999.91 0.999383
895200000 17875.3 -0.0894238 2999.91 0.999499
895300000 17875.3 -0.0347159 2999.9 0.999388
895400000 17875.3 0.78414 2999.77 0.999714
895500000 17875.3 -0.162004 2999.93 0.999412
895600000 17875.3 -0.091502 2999.91 0.999402
895700000 17875.3 0.752597 2999.77 0.999639
895800000 17875.3 0.0428783 2999.89 0.999563
895900000 17875.3 -0.200673 2999.93 0.999377
896000000 17875.3 1.05059 2999.72 0.999739
896100000 17875.3 -0.00703914 2999.9 0.999443
896200000 17875.3 0.0150298 2999.9 0.999501
896300000 17875.3 -0.0460898 2999.91 0.999478
896400000 17875.3 0.692425 2999.78 0.999615
896500000 17875.3 -0.0047989 2999.9 0.999505
896600000 17875.3 0.418153 2999.83 0.999595
896700000 17875.3 -0.20511 2999.93 0.999383
896800000 17875.3 -0.204856 2999.93 0.999389
896900000 17875.3 0.107144 2999.88 0.999527
897000000 17875.3 -0.0439687 2999.91 0.999522
897100000 17875.3 -0.18189 2999.93 0.999497
897200000 17875.3 -0.118883 2999.92 0.999385
897300000 17875.3 0.342632 2999.84 0.9996
897400000 17875.3 -0.14654 2999.92 0.999376
897500000 17875.3 -0.200006 2999.93 0.999368
897600000 17875.3 -0.0653272 2999.91 0.999385
897700000 17875.3 -0.0981694 2999.91 0.999402
897800000 17875.3 0.358709 2999.84 0.999554
897900000 17875.3 -0.197073 2999.93 0.999445
898000000 17875.3 -0.175811 2999.93 0.999382
898100000 17875.3 -0.0968687 2999.91 0.999464
898200000 17875.3 -0.119654 2999.92 0.999436
898300000 17875.3 -0.189434 2999.93 0.999368
898400000 17875.3 -0.116912 2999.92 0.999376
898500000 17875.3 -0.162422 2999.93 0.999407
898600000 17875.3 -0.147987 2999.92 0.999371
898700000 17875.3 0.494167 2999.82 0.999684
898800000 17875.3 -0.151842 2999.92 0.999379
898900000 17875.3 -0.0483985 2999.91 0.999421
899000000 17875.3 -0.397381 2999.96 0.999367
899100000 17875.3 -0.17608 2999.93 0.999376
899200000 17875.3 -0.106769 2999.92 0.999512
899300000 17875.3 -0.133918 2999.92 0.99938
899400000 17875.3 4.22289 2999.19 1.00039
899500000 17875.3 0.588892 2999.8 0.9996
899600000 17875.3 -0.121714 2999.92 0.999438
899700000 17875.3 -0.107054 2999.92 0.999438
899800000 17875.3 -0.142263 2999.92 0.999439
899900000 17875.3 -0.176282 2999.93 0.999384
900000000 17875.3 -0.125777 2999.92 0.999382
900100000 17875.3 -0.145728 2999.92 0.999394
900200000 17875.3 -0.31167 2999.95 0.999387
900300000 17875.3 0.445293 2999.82 0.999605
900400000 17875.3 0.367581 2999.84 0.999605
900500000 17875.3 -0.0382188 2999.9 0.999435
900600000 17875.3 1.78691 2999.6 0.999856
900700000 17875.3 -0.158072 2999.92 0.999382
900800000 17875.3 2.74316 2999.44 1.00006
900900000 17875.3 -0.116774 2999.92 0.999436
901000000 17875.3 -0.156169 2999.92 0.999428
901100000 17875.3 -0.134853 2999.92 0.999512
901200000 17875.3 -0.138915 2999.92 0.99939
901300000 17875.3 1.38038 2999.67 0.999763
901400000 17875.3 -0.336135 2999.95 0.999482
901500000 17875.3 -0.520565 2999.99 0.999365
901600000 17875.3 0.785014 2999.77 0.999686
901700000 17875.3 -0.077911 2999.91 0.999483
901800000 17875.3 1.4575 2999.65 0.999946
901900000 17875.3 -0.310712 2999.95 0.999497
902000000 17875.3 -0.38596 2999.96 0.999362
902100000 17875.3 -0.0476567 2999.91 0.99951
902200000 17875.3 -0.485323 2999.98 0.99938
902300000 17875.3 -0.138194 2999.92 0.999478
902400000 17875.3 -0.149011 2999.92 0.999531
902500000 17875.3 -0.295157 2999.95 0.999479
902600000 17875.3 0.0177073 2999.9 0.99958
902700000 17875.3 -0.415609 2999.97 0.99947
902800000 17875.3 -0.399417 2999.97 0.999409
902900000 17875.3 -0.204113 2999.93 0.999451
903000000 17875.3 -0.339008 2999.95 0.99948
903100000 17875.3 -0.359365 2999.96 0.99949
903200000 17875.3 1.5955 2999.63 0.999944
903300000 17875.3 -0.0648283 2999.91 0.999519
903400000 17875.3 -0.357452 2999.96 0.999421
903500000 17875.3 0.590348 2999.8 0.999729
903600000 17875.3 -0.330163 2999.95 0.999454
903700000 17875.3 -0.166386 2999.93 0.999404
903800000 17875.3 0.491622 2999.82 0.999623
903900000 17875.3 -0.0895121 2999.91 0.99938
904000000 17875.3 -0.259401 2999.94 0.999382
904100000 17875.3 0.715271 2999.78 0.999634
904200000 17875.3 -0.288224 2999.95 0.999443
904300000 17875.3 -0.0642151 2999.91 0.999389
904400000 17875.3 -0.0457299 2999.91 0.999487
904500000 17875.3 0.489695 2999.82 0.999635
904600000 17875.3 0.568157 2999.8 0.999654
904700000 17875.3 0.937195 2999.74 0.999779
904800000 17875.3 0.0822206 2999.88 0.999513
904900000 17875.3 -0.375954 2999.96 0.999425
905000000 17875.3 -0.0519439 2999.91 0.999456
905100000 17875.3 -0.312565 2999.95 0.999363
905200000 17875.3 -0.0731045 2999.91 0.999383
905300000 17875.3 -0.237749 2999.94 0.999422
905400000 17875.3 -0.18766 2999.93 0.999378
905500000 17875.3 -0.187523 2999.93 0.999388
905600000 17875.3 0.557392 2999.8 0.999638
905700000 17875.3 -0.0346694 2999.9 0.99947
905800000 17875.3 0.124764 2999.88 0.999503
905900000 17875.3 1.41204 2999.66 0.999868
906000000 17875.3 -0.00904982 2999.9 0.999441
906100000 17875.3 -0.228251 2999.94 0.999404
906200000 17875.3 0.584502 2999.8 0.99971
906300000 17875.3 -0.124522 2999.92 0.999423
906400000 17875.3 -0.112458 2999.92 0.999428
906500000 17875.3 0.0156443 2999.9 0.999518
906600000 17875.3 -0.0849474 2999.91 0.999384
906700000 17875.3 0.201078 2999.86 0.999603
906800000 17875.3 -0.170995 2999.93 0.999396
906900000 17875.3 -0.132557 2999.92 0.999389
907000000 17875.3 -0.123264 2999.92 0.999379
907100000 17875.3 0.0314399 2999.89 0.999464
907200000 17875.3 -0.192688 2999.93 0.999427
907300000 17875.3 -0.0643267 2999.91 0.999466
907400000 17875.3 -0.0846293 2999.91 0.999446
907500000 17875.3 -0.189641 2999.93 0.999419
907600000 17875.3 -0.196836 2999.93 0.999515
907700000 17875.3 -0.231422 2999.94 0.999427
907800000 17875.3 0.225776 2999.86 0.999515
907900000 17875.3 0.274252 2999.85 0.999558
908000000 17875.3 -0.137245 2999.92 0.999462
908100000 17875.3 -0.143019 2999.92 0.999378
908200000 17875.3 0.95407 2999.74 0.999678
908300000 17875.3 0.286424 2999.85 0.999588
908400000 17875.3 0.925752 2999.74 0.999722
908500000 17875.3 0.143589 2999.87 0.999596
908600000 17875.3 0.640681 2999.79 0.999614
908700000 17875.3 -0.149144 2999.92 0.999405
908800000 17875.3 -0.233849 2999.94 0.999377
908900000 17875.3 -0.0572636 2999.91 0.999386
909000000 17875.3 -0.15191 2999.92 0.999376
909100000 17875.3 -0.00789516 2999.9 0.999562
909200000 17875.3 -0.0699377 2999.91 0.999446
909300000 17875.3 -0.132254 2999.92 0.999376
909400000 17875.3 0.0262973 2999.89 0.999535
909500000 17875.3 -0.1441 2999.92 0.99939
909600000 17875.3 1.0915 2999.71 0.999765
909700000 17875.3 0.0827711 2999.88 0.999524
909800000 17875.3 0.451253 2999.82 0.99958
909900000 17875.3 -0.179213 2999.93 0.99944
910000000 17875.3 0.168726 2999.87 0.999608
910100000 17875.3 0.202235 2999.86 0.999543
910200000 17875.3 -0.254313 2999.94 0.999421
910300000 17875.3 -0.0495349 2999.91 0.999385
910400000 17875.3 -0.0734505 2999.91 0.999454
910500000 17875.3 -0.0493332 2999.91 0.999439
910600000 17875.3 -0.395794 2999.96 0.999368
910700000 17875.3 -0.199806 2999.93 0.999424
910800000 17875.3 -0.207626 2999.93 0.999377
910900000 17875.3 -0.21129 2999.93 0.999434
911000000 17875.3 -0.0993338 2999.91 0.999381
911100000 17875.3 -0.230893 2999.94 0.999416
911200000 17875.3 -0.188243 2999.93 0.999406
911300000 17875.3 -0.24276 2999.94 0.999429
911400000 17875.3 -0.143553 2999.92 0.999383
911500000 17875.3 -0.11571 2999.92 0.999497
911600000 17875.3 -0.208274 2999.93 0.999403
911700000 17875.3 0.534157 2999.81 0.999633
911800000 17875.3 -0.201142 2999.93 0.999457
911900000 17875.3 0.142678 2999.87 0.999534
912000000 17875.3 -0.128083 2999.92 0.999459
912100000 17875.3 -0.235918 2999.94 0.999455
912200000 17875.3 0.599117 2999.8 0.999693
912300000 17875.3 -0.20599 2999.93 0.999368
912400000 17875.3 2.64327 2999.45 1.00016
912500000 17875.3 -0.112875 2999.92 0.999382
912600000 17875.3 -0.302711 2999.95 0.999366
912700000 17875.3 -0.15167 2999.92 0.999391
912800000 17875.3 -0.123903 2999.92 0.999448
912900000 17875.3 -0.175071 2999.93 0.999476
913000000 17875.3 -0.127388 2999.92 0.999401
913100000 17875.3 0.212732 2999.86 0.999594
913200000 17875.3 0.00402357 2999.9 0.999438
913300000 17875.3 1.52193 2999.64 0.999834
913400000 17875.3 -0.353825 2999.96 0.999454
913500000 17875.3 -0.180193 2999.93 0.999444
913600000 17875.3 -0.115279 2999.92 0.999388
913700000 17875.3 -0.0942868 2999.91 0.999394
913800000 17875.3 -0.0845488 2999.91 0.999416
913900000 17875.3 -0.0879228 2999.91 0.999418
914000000 17875.3 0.716063 2999.78 0.999642
914100000 17875.3 -0.0997233 2999.91 0.999464
914200000 17875.3 0.124418 2999.88 0.999523
914300000 17875.3 0.0447466 2999.89 0.999476
914400000 17875.3 -0.126002 2999.92 0.999392
914500000 17875.3 -0.138126 2999.92 0.99945
914600000 17875.3 0.70892 2999.78 0.999703
914700000 17875.3 1.50864 2999.64 0.999854
914800000 17875.3 -0.184903 2999.93 0.999417
914900000 17875.3 -0.0731924 2999.91 0.999456
915000000 17875.3 -0.145762 2999.92 0.999384
915100000 17875.3 -0.0474496 2999.91 0.999435
915200000 17875.3 -0.0695353 2999.91 0.999446
915300000 17875.3 -0.122858 2999.92 0.999388
915400000 17875.3 0.313385 2999.85 0.999523
915500000 17875.3 0.276376 2999.85 0.999545
915600000 17875.3 0.0237721 2999.89 0.999449
915700000 17875.3 -0.169418 2999.93 0.999464
915800000 17875.3 -0.0709073 2999.91 0.999383
915900000 17875.3 -0.320612 2999.95 0.999492
916000000 17875.3 -0.178499 2999.93 0.999381
916100000 17875.3 0.00270326 2999.9 0.999498
916200000 17875.3 -0.245471 2999.94 0.999402
916300000 17875.3 1.13779 2999.71 0.999741
916400000 17875.3 -0.299957 2999.95 0.999381
916500000 17875.3 -0.0977544 2999.91 0.999442
916600000 17875.3 -0.0952718 2999.91 0.999461
916700000 17875.3 0.555858 2999.8 0.999601
916800000 17875.3 -0.177989 2999.93 0.999385
916900000 17875.3 -0.0806452 2999.91 0.999384
917000000 17875.3 -0.0279887 2999.9 0.999485
917100000 17875.3 -0.225865 2999.94 0.999379
917200000 17875.3 0.317022 2999.84 0.999541
917300000 17875.3 -0.24626 2999.94 0.999408
917400000 17875.3 -0.273512 2999.94 0.999391
917500000 17875.3 -0.0822643 2999.91 0.99938
917600000 17875.3 -0.254686 2999.94 0.999424
917700000 17875.3 -0.224828 2999.94 0.999423
917800000 17875.3 0.527458 2999.81 0.999616
917900000 17875.3 0.417728 2999.83 0.99956
918000000 17875.3 1.39242 2999.66 0.999849
918100000 17875.3 -0.168841 2999.93 0.999413
918200000 17875.3 -0.22591 2999.94 0.999383
918300000 17875.3 -0.213209 2999.93 0.999416
918400000 17875.3 1.01378 2999.73 0.99975
918500000 17875.3 -0.0341798 2999.9 0.999495
918600000 17875.3 0.45603 2999.82 0.999569
918700000 17875.3 0.61214 2999.8 0.999653
918800000 17875.3 1.49606 2999.65 0.999804
918900000 17875.3 0.452791 2999.82 0.999594
919000000 17875.3 0.0349559 2999.89 0.999492
919100000 17875.3 -0.221654 2999.94 0.999374
919200000 17875.3 -0.247782 2999.94 0.999439
919300000 17875.3 -0.24878 2999.94 0.999384
919400000 17875.3 -0.256629 2999.94 0.999385
919500000 17875.3 -0.104454 2999.92 0.999385
919600000 17875.3 -0.123109 2999.92 0.999431
919700000 17875.3 0.037631 2999.89 0.999512
919800000 17875.3 -0.0887422 2999.91 0.999382
919900000 17875.3 -0.246768 2999.94 0.999387
920000000 17875.3 -0.278484 2999.94 0.99937
920100000 17875.3 0.00828698 2999.9 0.999497
920200000 17875.3 -0.207575 2999.93 0.999397
920300000 17875.3 -0.133532 2999.92 0.99941
920400000 17875.3 -0.210542 2999.93 0.999376
920500000 17875.3 -0.121539 2999.92 0.999382
920600000 17875.3 -0.12023 2999.92 0.999384
920700000 17875.3 -0.204999 2999.93 0.999382
920800000 17875.3 -0.287342 2999.95 0.99949
920900000 17875.3 -0.163944 2999.93 0.999394
921000000 17875.3 0.146985 2999.87 0.999551
921100000 17875.3 0.0938957 2999.88 0.999526
921200000 17875.3 0.575391 2999.8 0.999691
921300000 17875.3 -0.202738 2999.93 0.999396
921400000 17875.3 -0.109661 2999.92 0.999469
921500000 17875.3 -0.0164229 2999.9 0.999463
921600000 17875.3 0.540693 2999.81 0.999578
921700000 17875.3 -0.145549 2999.92 0.999398
921800000 17875.3 -0.327717 2999.95 0.999409
921900000 17875.3 -0.195715 2999.93 0.999439
922000000 17875.3 0.234952 2999.86 0.999563
922100000 17875.3 -0.234326 2999.94 0.999492
922200000 17875.3 -0.294125 2999.95 0.999436
922300000 17875.3 -0.17966 2999.93 0.999372
922400000 17875.3 -0.228048 2999.94 0.999404
922500000 17875.3 -0.178289 2999.93 0.999421
922600000 17875.3 -0.362002 2999.96 0.999392
922700000 17875.3 0.863375 2999.75 0.99965
922800000 17875.3 -0.0209925 2999.9 0.99944
922900000 17875.3 -0.173126 2999.93 0.999373
923000000 17875.3 -0.307503 2999.95 0.999467
923100000 17875.3 -0.295487 2999.95 0.999393
923200000 17875.3 -0.0468402 2999.91 0.999387
923300000 17875.3 0.137346 2999.88 0.999476
923400000 17875.3 -0.227847 2999.94 0.999404
923500000 17875.3 0.518418 2999.81 0.999596
923600000 17875.3 0.338527 2999.84 0.999552
923700000 17875.3 0.99146 2999.73 0.99989
923800000 17875.3 2.73619 2999.44 1.00002
923900000 17875.3 -0.256625 2999.94 0.999381
924000000 17875.3 -0.0449746 2999.91 0.999387
924100000 17875.3 -0.136809 2999.92 0.999424
924200000 17875.3 -0.217127 2999.93 0.999386
924300000 17875.3 -0.0885383 2999.91 0.999446
924400000 17875.3 0.390029 2999.83 0.999647
924500000 17875.3 0.647097 2999.79 0.999673
924600000 17875.3 -0.182728 2999.93 0.999378
924700000 17875.3 -0.154864 2999.92 0.999374
924800000 17875.3 1.07514 2999.72 0.999741
924900000 17875.3 0.0614664 2999.89 0.999548
925000000 17875.3 -0.412588 2999.97 0.999406
925100000 17875.3 -0.3753 2999.96 0.999363
925200000 17875.3 -0.222479 2999.94 0.999381
925300000 17875.3 0.86249 2999.75 0.999722
925400000 17875.3 0.598733 2999.8 0.999599
925500000 17875.3 -0.154816 2999.92 0.999386
925600000 17875.3 -0.1185 2999.92 0.999383
925700000 17875.3 -0.205605 2999.93 0.999399
925800000 17875.3 -0.0497235 2999.91 0.99955
925900000 17875.3 -0.0720968 2999.91 0.999386
926000000 17875.3 -0.223192 2999.94 0.999491
926100000 17875.3 2.68626 2999.45 1.00001
926200000 17875.3 1.18099 2999.7 0.999756
926300000 17875.3 0.749677 2999.77 0.999636
926400000 17875.3 -0.121909 2999.92 0.999493
926500000 17875.3 0.465331 2999.82 0.999629
926600000 17875.3 -0.323281 2999.95 0.999394
926700000 17875.3 -0.0743124 2999.91 0.999469
926800000 17875.3 0.591857 2999.8 0.999676
926900000 17875.3 -0.258652 2999.94 0.999406
927000000 17875.3 -0.213993 2999.93 0.999497
927100000 17875.3 0.759604 2999.77 0.99963
927200000 17875.3 -0.0123264 2999.9 0.999473
927300000 17875.3 -0.149791 2999.92 0.999377
927400000 17875.3 -0.0687704 2999.91 0.999471
927500000 17875.3 0.153839 2999.87 0.999524
927600000 17875.3 -0.137927 2999.92 0.999386
927700000 17875.3 0.253525 2999.86 0.999571
927800000 17875.3 -0.165281 2999.93 0.999475
927900000 17875.3 -0.134086 2999.92 0.999461
928000000 17875.3 -0.10122 2999.92 0.999379
928100000 17875.3 -0.151262 2999.92 0.999377
928200000 17875.3 -0.213623 2999.93 0.999394
928300000 17875.3 -0.197866 2999.93 0.999385
928400000 17875.3 -0.0212296 2999.9 0.999452
928500000 17875.3 -0.159091 2999.92 0.999428
928600000 17875.3 -0.136484 2999.92 0.999381
928700000 17875.3 0.309337 2999.85 0.999562
928800000 17875.3 -0.42819 2999.97 0.999443
928900000 17875.3 -0.194954 2999.93 0.999415
929000000 17875.3 0.0848201 2999.88 0.999532
929100000 17875.3 1.33624 2999.67 0.999776
929200000 17875.3 -0.343022 2999.96 0.999404
929300000 17875.3 -0.131243 2999.92 0.999381
929400000 17875.3 -0.401014 2999.97 0.999395
929500000 17875.3 0.0738276 2999.89 0.999482
929600000 17875.3 0.230227 2999.86 0.999564
929700000 17875.3 1.19678 2999.7 0.99972
929800000 17875.3 -0.23502 2999.94 0.999429
929900000 17875.3 1.00936 2999.73 0.999688
930000000 17875.3 -0.125733 2999.92 0.999427
930100000 17875.3 -0.18635 2999.93 0.999403
930200000 17875.3 0.405037 2999.83 0.999597
930300000 17875.3 0.936491 2999.74 0.999759
930400000 17875.3 -0.111744 2999.92 0.999409
930500000 17875.3 -0.200416 2999.93 0.999394
930600000 17875.3 0.293566 2999.85 0.999571
930700000 17875.3 0.762537 2999.77 0.999641
930800000 17875.3 0.858964 2999.75 0.999758
930900000 17875.3 -0.27986 2999.95 0.999448
931000000 17875.3 -0.169568 2999.93 0.999395
931100000 17875.3 -0.306449 2999.95 0.999386
931200000 17875.3 -0.192237 2999.93 0.999391
931300000 17875.3 -0.238801 2999.94 0.999406
931400000 17875.3 -0.259323 2999.94 0.999382
931500000 17875.3 -0.14149 2999.92 0.999379
931600000 17875.3 -0.351403 2999.96 0.999394
931700000 17875.3 -0.179844 2999.93 0.99943
931800000 17875.3 0.0470526 2999.89 0.999472
931900000 17875.3 3.45211 2999.32 1.00015
932000000 17875.3 -0.414857 2999.97 0.999384
932100000 17875.3 -0.0961846 2999.91 0.999406
932200000 17875.3 -0.152548 2999.92 0.999413
932300000 17875.3 -0.13264 2999.92 0.999417
932400000 17875.3 -0.121948 2999.92 0.999386
932500000 17875.3 0.21033 2999.86 0.999535
932600000 17875.3 -0.106491 2999.92 0.99938
932700000 17875.3 2.29174 2999.51 0.99994
932800000 17875.3 0.192779 2999.87 0.999578
932900000 17875.3 -0.214263 2999.93 0.999372
933000000 17875.3 1.30131 2999.68 0.999853
933100000 17875.3 0.373725 2999.84 0.999584
933200000 17875.3 -0.259713 2999.94 0.999412
933300000 17875.3 1.02626 2999.73 0.999833
933400000 17875.3 -0.355561 2999.96 0.999371
933500000 17875.3 0.024989 2999.89 0.999514
933600000 17875.3 1.41225 2999.66 0.999865
933700000 17875.3 -0.040701 2999.9 0.999388
933800000 17875.3 0.258046 2999.85 0.999574
933900000 17875.3 -0.199361 2999.93 0.999382
934000000 17875.3 0.113322 2999.88 0.999622
934100000 17875.3 0.0423157 2999.89 0.999468
934200000 17875.3 0.126752 2999.88 0.999515
934300000 17875.3 0.140122 2999.87 0.999485
934400000 17875.3 -0.306954 2999.95 0.999417
934500000 17875.3 -0.302515 2999.95 0.99939
934600000 17875.3 0.31511 2999.85 0.999568
934700000 17875.3 1.47628 2999.65 0.999932
934800000 17875.3 -0.205985 2999.93 0.99938
934900000 17875.3 -0.147013 2999.92 0.999386
935000000 17875.3 -0.212072 2999.93 0.999375
935100000 17875.3 -0.185726 2999.93 0.999469
935200000 17875.3 -0.345883 2999.96 0.999432
935300000 17875.3 -0.326131 2999.95 0.999398
935400000 17875.3 0.321518 2999.84 0.999572
935500000 17875.3 -0.0986829 2999.91 0.999465
935600000 17875.3 -0.105392 2999.92 0.999432
935700000 17875.3 0.599641 2999.8 0.999686
935800000 17875.3 0.252571 2999.86 0.999592
935900000 17875.3 0.265566 2999.85 0.999652
936000000 17875.3 0.0914882 2999.88 0.999509
936100000 17875.3 -0.299045 2999.95 0.999389
936200000 17875.3 -0.172252 2999.93 0.999521
936300000 17875.3 -0.229491 2999.94 0.999383
936400000 17875.3 -0.150443 2999.92 0.999385
936500000 17875.3 0.258023 2999.85 0.999529
936600000 17875.3 -0.214896 2999.93 0.999369
936700000 17875.3 -0.0426759 2999.91 0.999476
936800000 17875.3 -0.295257 2999.95 0.999406
936900000 17875.3 -0.0822442 2999.91 0.999476
937000000 17875.3 -0.285171 2999.95 0.999435
937100000 17875.3 1.47402 2999.65 0.999882
937200000 17875.3 -0.163631 2999.93 0.999375
937300000 17875.3 -0.293423 2999.95 0.999439
937400000 17875.3 -0.106767 2999.92 0.999505
937500000 17875.3 -0.204693 2999.93 0.999436
937600000 17875.3 1.33829 2999.67 0.999837
937700000 17875.3 4.82247 2999.09 1.00045
937800000 17875.3 -0.317218 2999.95 0.999384
937900000 17875.3 -0.145928 2999.92 0.999399
938000000 17875.3 0.426057 2999.83 0.999564
938100000 17875.3 -0.351737 2999.96 0.999364
938200000 17875.3 0.469182 2999.82 0.999701
938300000 17875.3 -0.134507 2999.92 0.999415
938400000 17875.3 -0.142427 2999.92 0.999391
938500000 17875.3 0.332621 2999.84 0.999619
938600000 17875.3 -0.199141 2999.93 0.999422
938700000 17875.3 0.999324 2999.73 0.999678
938800000 17875.3 0.439226 2999.82 0.999655
938900000 17875.3 -0.173674 2999.93 0.999384
939000000 17875.3 -0.312103 2999.95 0.999406
939100000 17875.3 -0.137288 2999.92 0.999409
939200000 17875.3 -0.286667 2999.95 0.999393
939300000 17875.3 0.160322 2999.87 0.999503
939400000 17875.3 0.386594 2999.83 0.999662
939500000 17875.3 -0.216547 2999.93 0.999372
939600000 17875.3 0.0777309 2999.89 0.999487
939700000 17875.3 -0.213227 2999.93 0.99943
939800000 17875.3 -0.091431 2999.91 0.999489
939900000 17875.3 -0.0888298 2999.91 0.999394
940000000 17875.3 -0.224939 2999.94 0.999423
940100000 17875.3 -0.115897 2999.92 0.999381
940200000 17875.3 -0.166999 2999.93 0.999372
940300000 17875.3 -0.0842552 2999.91 0.999383
940400000 17875.3 -0.214892 2999.93 0.999415
940500000 17875.3 0.278146 2999.85 0.999538
940600000 17875.3 -0.00772192 2999.9 0.999496
940700000 17875.3 -0.255749 2999.94 0.999451
940800000 17875.3 -0.180642 2999.93 0.99938
940900000 17875.3 -0.327609 2999.95 0.999446
941000000 17875.3 5.04943 2999.05 1.00055
941100000 17875.3 -0.341236 2999.96 0.99938
941200000 17875.3 0.272852 2999.85 0.999565
941300000 17875.3 -0.0590055 2999.91 0.999385
941400000 17875.3 -0.16553 2999.93 0.999397
941500000 17875.3 -0.221298 2999.94 0.999378
941600000 17875.3 0.437605 2999.82 0.999572
941700000 17875.3 -0.201337 2999.93 0.99945
941800000 17875.3 0.000188328 2999.9 0.99944
941900000 17875.3 -0.324917 2999.95 0.999409
942000000 17875.3 -0.235326 2999.94 0.999401
942100000 17875.3 -0.127467 2999.92 0.999375
942200000 17875.3 0.353126 2999.84 0.999573
942300000 17875.3 -0.229254 2999.94 0.999375
942400000 17875.3 -0.304309 2999.95 0.999386
942500000 17875.3 -0.286593 2999.95 0.999389
942600000 17875.3 -0.142434 2999.92 0.999377
942700000 17875.3 -0.241053 2999.94 0.999419
942800000 17875.3 0.209013 2999.86 0.99956
942900000 17875.3 0.190698 2999.87 0.999558
943000000 17875.3 -0.503442 2999.98 0.999413
943100000 17875.3 -0.185263 2999.93 0.999373
943200000 17875.3 -0.130789 2999.92 0.999409
943300000 17875.3 -0.153947 2999.92 0.999386
943400000 17875.3 -0.236594 2999.94 0.999444
943500000 17875.3 -0.279125 2999.94 0.999407
943600000 17875.3 -0.164714 2999.93 0.99937
943700000 17875.3 -0.0560235 2999.91 0.999435
943800000 17875.3 0.456777 2999.82 0.999612
943900000 17875.3 -0.128015 2999.92 0.999473
944000000 17875.3 -0.306173 2999.95 0.999383
944100000 17875.3 -0.105594 2999.92 0.999454
944200000 17875.3 -0.00678644 2999.9 0.999566
944300000 17875.3 -0.159269 2999.92 0.999373
944400000 17875.3 -0.167223 2999.93 0.999446
944500000 17875.3 -0.116407 2999.92 0.999407
944600000 17875.3 -0.014096 2999.9 0.999465
944700000 17875.3 -0.194605 2999.93 0.999484
944800000 17875.3 -0.070192 2999.91 0.999415
944900000 17875.3 0.266328 2999.85 0.999559
945000000 17875.3 -0.191422 2999.93 0.999374
945100000 17875.3 -0.0725754 2999.91 0.999419
945200000 17875.3 0.375069 2999.84 0.999637
945300000 17875.3 -0.110037 2999.92 0.999485
945400000 17875.3 0.0303318 2999.89 0.999542
945500000 17875.3 -0.158247 2999.92 0.999464
945600000 17875.3 -0.134532 2999.92 0.999425
945700000 17875.3 -0.170028 2999.93 0.999446
945800000 17875.3 -0.219115 2999.93 0.99938
945900000 17875.3 -0.105314 2999.92 0.999383
946000000 17875.3 -0.255524 2999.94 0.999471
946100000 17875.3 0.525679 2999.81 0.999717
946200000 17875.3 -0.162326 2999.93 0.999412
946300000 17875.3 -0.175864 2999.93 0.999445
946400000 17875.3 -0.122985 2999.92 0.999455
946500000 17875.3 -0.121096 2999.92 0.99947
946600000 17875.3 -0.0860854 2999.91 0.999381
946700000 17875.3 -0.186484 2999.93 0.999385
946800000 17875.3 -0.133668 2999.92 0.999383
946900000 17875.3 1.94464 2999.57 1.0001
947000000 17875.3 -0.168658 2999.93 0.999398
947100000 17875.3 -0.0602982 2999.91 0.999468
947200000 17875.3 0.539302 2999.81 0.999682
947300000 17875.3 -0.269449 2999.94 0.999403
947400000 17875.3 0.234251 2999.86 0.999545
947500000 17875.3 -0.172327 2999.93 0.999404
947600000 17875.3 2.46769 2999.48 1.00006
947700000 17875.3 0.0220447 2999.89 0.999518
947800000 17875.3 -0.168215 2999.93 0.999377
947900000 17875.3 -0.0836741 2999.91 0.999381
948000000 17875.3 1.61217 2999.63 0.999827
948100000 17875.3 0.709041 2999.78 0.999632
948200000 17875.3 -0.332209 2999.95 0.999409
948300000 17875.3 -0.138241 2999.92 0.999372
948400000 17875.3 -0.0456586 2999.91 0.999386
948500000 17875.3 -0.0848025 2999.91 0.99941
948600000 17875.3 -0.27247 2999.94 0.999418
948700000 17875.3 -0.167086 2999.93 0.999404
948800000 17875.3 -0.0469358 2999.91 0.999527
948900000 17875.3 0.679377 2999.78 0.999622
949000000 17875.3 0.040306 2999.89 0.999455
949100000 17875.3 0.0157555 2999.9 0.999532
949200000 17875.3 -0.0801843 2999.91 0.999382
949300000 17875.3 -0.104632 2999.92 0.999399
949400000 17875.3 -0.102485 2999.92 0.999393
949500000 17875.3 -0.0806956 2999.91 0.999388
949600000 17875.3 -0.180408 2999.93 0.99939
949700000 17875.3 -0.241322 2999.94 0.999372
949800000 17875.3 0.135774 2999.88 0.999505
949900000 17875.3 0.503071 2999.81 0.999631
950000000 17875.3 -0.286804 2999.95 0.99947
950100000 17875.3 -0.246126 2999.94 0.999375
950200000 17875.3 0.0792027 2999.88 0.999496
950300000 17875.3 -0.152812 2999.92 0.999432
950400000 17875.3 1.52392 2999.64 0.999885
950500000 17875.3 -0.0309428 2999.9 0.999492
950600000 17875.3 -0.137585 2999.92 0.999378
950700000 17875.3 -0.199695 2999.93 0.999387
950800000 17875.3 -0.16555 2999.93 0.99946
950900000 17875.3 -0.14985 2999.92 0.999372
951000000 17875.3 -0.14694 2999.92 0.999377
951100000 17875.3 1.60195 2999.63 0.999855
951200000 17875.3 -0.0184432 2999.9 0.999515
951300000 17875.3 -0.0968122 2999.91 0.999498
951400000 17875.3 -0.278698 2999.94 0.999408
951500000 17875.3 -0.227077 2999.94 0.999403
951600000 17875.3 0.887877 2999.75 0.999754
951700000 17875.3 -0.142807 2999.92 0.999384
951800000 17875.3 0.458642 2999.82 0.999597
951900000 17875.3 0.257555 2999.85 0.999541
952000000 17875.3 0.785092 2999.77 0.999741
952100000 17875.3 -0.124297 2999.92 0.99941
952200000 17875.3 -0.211535 2999.93 0.999372
952300000 17875.3 -0.307965 2999.95 0.999365
952400000 17875.3 -0.177496 2999.93 0.999429
952500000 17875.3 -0.135997 2999.92 0.999425
952600000 17875.3 0.142823 2999.87 0.999593
952700000 17875.3 -0.159556 2999.92 0.999395
952800000 17875.3 -0.296442 2999.95 0.999399
952900000 17875.3 -0.194984 2999.93 0.999444
953000000 17875.3 -0.205999 2999.93 0.999446
953100000 17875.3 -0.147268 2999.92 0.999403
953200000 17875.3 0.386152 2999.83 0.999596
953300000 17875.3 0.0710539 2999.89 0.9995
953400000 17875.3 -0.108993 2999.92 0.999516
953500000 17875.3 -0.244897 2999.94 0.999379
953600000 17875.3 -0.221993 2999.94 0.999415
953700000 17875.3 -0.102417 2999.92 0.999383
953800000 17875.3 0.12596 2999.88 0.999507
953900000 17875.3 -0.12615 2999.92 0.999479
954000000 17875.3 -0.189071 2999.93 0.9994
954100000 17875.3 -0.152226 2999.92 0.999414
954200000 17875.3 0.407479 2999.83 0.999641
954300000 17875.3 0.159581 2999.87 0.999576
954400000 17875.3 0.506994 2999.81 0.999609
954500000 17875.3 -0.104631 2999.92 0.999454
954600000 17875.3 -0.130336 2999.92 0.999408
954700000 17875.3 0.273938 2999.85 0.999536
954800000 17875.3 -0.197193 2999.93 0.999385
954900000 17875.3 0.234391 2999.86 0.99952
955000000 17875.3 -0.140792 2999.92 0.999402
955100000 17875.3 0.49019 2999.82 0.999724
955200000 17875.3 -0.184686 2999.93 0.999378
955300000 17875.3 -0.289898 2999.95 0.999381
955400000 17875.3 2.28078 2999.52 0.999932
955500000 17875.3 -0.186227 2999.93 0.999386
955600000 17875.3 -0.295137 2999.95 0.999437
955700000 17875.3 -0.276824 2999.94 0.999374
955800000 17875.3 -0.105904 2999.92 0.999428
955900000 17875.3 0.317468 2999.84 0.999541
956000000 17875.3 1.08457 2999.72 0.999733
956100000 17875.3 -0.0433549 2999.91 0.999388
956200000 17875.3 -0.180823 2999.93 0.999457
956300000 17875.3 0.186353 2999.87 0.999557
956400000 17875.3 -0.0893096 2999.91 0.999382
956500000 17875.3 -0.144069 2999.92 0.999374
956600000 17875.3 0.844636 2999.76 0.999732
956700000 17875.3 0.39892 2999.83 0.999565
956800000 17875.3 -0.370166 2999.96 0.999413
956900000 17875.3 -0.121377 2999.92 0.999388
957000000 17875.3 -0.145139 2999.92 0.999374
957100000 17875.3 0.410939 2999.83 0.999635
957200000 17875.3 -0.309993 2999.95 0.999384
957300000 17875.3 -0.193476 2999.93 0.999493
957400000 17875.3 -0.303143 2999.95 0.999466
957500000 17875.3 -0.249614 2999.94 0.999425
957600000 17875.3 -0.0964525 2999.91 0.999402
957700000 17875.3 0.0560159 2999.89 0.999469
957800000 17875.3 -0.102674 2999.92 0.999424
957900000 17875.3 -0.137155 2999.92 0.999374
958000000 17875.3 0.17525 2999.87 0.9996
958100000 17875.3 -0.0244213 2999.9 0.99944
958200000 17875.3 0.0817234 2999.88 0.999617
958300000 17875.3 -0.184015 2999.93 0.999459
958400000 17875.3 0.0853972 2999.88 0.999497
958500000 17875.3 0.50536 2999.81 0.999699
958600000 17875.3 -0.153905 2999.92 0.999418
958700000 17875.3 1.50279 2999.65 0.999845
958800000 17875.3 1.02374 2999.73 0.999727
958900000 17875.3 0.910947 2999.75 0.999658
959000000 17875.3 0.0519094 2999.89 0.999468
959100000 17875.3 0.128829 2999.88 0.999535
959200000 17875.3 -0.272974 2999.94 0.999382
959300000 17875.3 -0.10589 2999.92 0.999428
959400000 17875.3 -0.229215 2999.94 0.99938
959500000 17875.3 0.189511 2999.87 0.999551
959600000 17875.3 3.65777 2999.28 1.0004
959700000 17875.3 0.953243 2999.74 0.999761
959800000 17875.3 -0.174913 2999.93 0.999377
959900000 17875.3 -0.153315 2999.92 0.999381
960000000 17875.3 -0.186112 2999.93 0.999389
960100000 17875.3 -0.327916 2999.95 0.999478
960200000 17875.3 0.00508747 2999.9 0.999488
960300000 17875.3 0.399766 2999.83 0.999599
960400000 17875.3 -0.263328 2999.94 0.999399
960500000 17875.3 -0.0576362 2999.91 0.999502
960600000 17875.3 -0.29254 2999.95 0.999357
960700000 17875.3 -0.317115 2999.95 0.999366
960800000 17875.3 -0.133571 2999.92 0.999465
960900000 17875.3 0.929974 2999.74 0.999744
961000000 17875.3 -0.330306 2999.95 0.999383
961100000 17875.3 0.472518 2999.82 0.999587
961200000 17875.3 -0.1444 2999.92 0.999381
961300000 17875.3 -0.116812 2999.92 0.999383
961400000 17875.3 -0.158828 2999.92 0.999386
961500000 17875.3 -0.216489 2999.93 0.999416
961600000 17875.3 -0.178652 2999.93 0.999395
961700000 17875.3 0.651109 2999.79 0.999649
961800000 17875.3 -0.0466386 2999.91 0.999386
961900000 17875.3 -0.251781 2999.94 0.999428
962000000 17875.3 -0.298901 2999.95 0.999487
962100000 17875.3 -0.125876 2999.92 0.999493
962200000 17875.3 -0.432544 2999.97 0.999374
962300000 17875.3 1.15536 2999.7 0.999841
962400000 17875.3 0.205756 2999.86 0.999522
962500000 17875.3 -0.26732 2999.94 0.999404
962600000 17875.3 0.318388 2999.84 0.999554
962700000 17875.3 1.88534 2999.58 1.00006
962800000 17875.3 1.06947 2999.72 0.999781
962900000 17875.3 -0.277376 2999.94 0.999385
963000000 17875.3 0.0655504 2999.89 0.999618
963100000 17875.3 0.0639633 2999.89 0.999542
963200000 17875.3 -0.199428 2999.93 0.999389
963300000 17875.3 -0.213211 2999.93 0.99937
963400000 17875.3 0.196837 2999.87 0.999528
963500000 17875.3 -0.240009 2999.94 0.9994
963600000 17875.3 0.104148 2999.88 0.999522
963700000 17875.3 -0.120171 2999.92 0.999436
963800000 17875.3 -0.0616732 2999.91 0.999387
963900000 17875.3 0.450048 2999.82 0.999677
964000000 17875.3 0.240396 2999.86 0.999574
964100000 17875.3 0.500577 2999.81 0.999621
964200000 17875.3 0.237618 2999.86 0.999543
964300000 17875.3 -0.213347 2999.93 0.999372
964400000 17875.3 -0.122251 2999.92 0.999375
964500000 17875.3 -0.161722 2999.93 0.999544
964600000 17875.3 0.503806 2999.81 0.999683
964700000 17875.3 0.316926 2999.84 0.999542
964800000 17875.3 -0.266209 2999.94 0.99939
964900000 17875.3 -0.167452 2999.93 0.999375
965000000 17875.3 -0.240996 2999.94 0.999382
965100000 17875.3 0.0312775 2999.89 0.999445
965200000 17875.3 0.181439 2999.87 0.999539
965300000 17875.3 -0.175915 2999.93 0.999375
965400000 17875.3 -0.0927475 2999.91 0.9994
965500000 17875.3 -0.0311122 2999.9 0.999559
965600000 17875.3 -0.153852 2999.92 0.999375
965700000 17875.3 -0.154322 2999.92 0.999381
965800000 17875.3 -0.0639746 2999.91 0.999478
965900000 17875.3 1.08927 2999.72 0.999911
966000000 17875.3 -0.128507 2999.92 0.99943
966100000 17875.3 2.2824 2999.52 0.99996
966200000 17875.3 -0.0380586 2999.9 0.999498
966300000 17875.3 0.0223942 2999.89 0.999508
966400000 17875.3 0.00741193 2999.9 0.999465
966500000 17875.3 0.063644 2999.89 0.99947
966600000 17875.3 -0.120227 2999.92 0.999377
966700000 17875.3 0.0474158 2999.89 0.999494
966800000 17875.3 -0.205912 2999.93 0.999398
966900000 17875.3 0.0411672 2999.89 0.999446
967000000 17875.3 0.53417 2999.81 0.999659
967100000 17875.3 -0.0952654 2999.91 0.999383
967200000 17875.3 -0.114421 2999.92 0.999402
967300000 17875.3 -0.323568 2999.95 0.999453
967400000 17875.3 -0.207566 2999.93 0.999466
967500000 17875.3 0.304532 2999.85 0.999557
967600000 17875.3 -0.264695 2999.94 0.999376
967700000 17875.3 0.823634 2999.76 0.999698
967800000 17875.3 0.114951 2999.88 0.99947
967900000 17875.3 -0.232913 2999.94 0.999523
968000000 17875.3 -0.00599136 2999.9 0.999473
968100000 17875.3 -0.102308 2999.92 0.999413
968200000 17875.3 0.00475382 2999.9 0.99951
968300000 17875.3 0.112885 2999.88 0.999536
968400000 17875.3 0.909341 2999.75 0.999716
968500000 17875.3 -0.0388113 2999.9 0.999424
968600000 17875.3 -0.0897524 2999.91 0.999415
968700000 17875.3 0.0699413 2999.89 0.999506
968800000 17875.3 0.886982 2999.75 0.999714
968900000 17875.3 -0.201861 2999.93 0.99939
969000000 17875.3 -0.158994 2999.92 0.9994
969100000 17875.3 -0.085947 2999.91 0.999409
969200000 17875.3 2.5994 2999.46 1.00007
969300000 17875.3 -0.174297 2999.93 0.999381
969400000 17875.3 -0.217386 2999.93 0.999406
969500000 17875.3 0.609228 2999.8 0.999669
969600000 17875.3 0.65449 2999.79 0.999645
969700000 17875.3 -0.124765 2999.92 0.999377
969800000 17875.3 -0.1304 2999.92 0.999379
969900000 17875.3 0.112328 2999.88 0.999575
970000000 17875.3 -0.0584814 2999.91 0.999412
970100000 17875.3 0.688615 2999.78 0.999708
970200000 17875.3 0.235605 2999.86 0.999549
970300000 17875.3 0.0725603 2999.89 0.99955
970400000 17875.3 -0.079397 2999.91 0.999382
970500000 17875.3 -0.0927597 2999.91 0.999432
970600000 17875.3 -0.216281 2999.93 0.999389
970700000 17875.3 -0.145728 2999.92 0.999426
970800000 17875.3 -0.0196278 2999.9 0.999442
970900000 17875.3 0.0141292 2999.9 0.999494
971000000 17875.3 1.24838 2999.69 0.999766
971100000 17875.3 -0.0138029 2999.9 0.999476
971200000 17875.3 -0.215423 2999.93 0.999446
971300000 17875.3 -0.151659 2999.92 0.999374
971400000 17875.3 -0.18273 2999.93 0.999421
971500000 17875.3 -0.137912 2999.92 0.999374
971600000 17875.3 -0.0734369 2999.91 0.999383
971700000 17875.3 -0.180277 2999.93 0.999379
971800000 17875.3 -0.345075 2999.96 0.9994
971900000 17875.3 0.385043 2999.83 0.999606
972000000 17875.3 -0.209488 2999.93 0.999383
972100000 17875.3 -0.118404 2999.92 0.999383
972200000 17875.3 -0.122329 2999.92 0.999377
972300000 17875.3 -0.141327 2999.92 0.999428
972400000 17875.3 -0.302574 2999.95 0.999377
972500000 17875.3 -0.0620865 2999.91 0.999383
972600000 17875.3 0.234568 2999.86 0.999595
972700000 17875.3 -0.116431 2999.92 0.999375
972800000 17875.3 0.145228 2999.87 0.99953
972900000 17875.3 -0.149605 2999.92 0.999378
973000000 17875.3 0.334501 2999.84 0.999588
973100000 17875.3 0.0829611 2999.88 0.999561
973200000 17875.3 -0.0323545 2999.9 0.999467
973300000 17875.3 -0.166739 2999.93 0.999377
973400000 17875.3 0.324658 2999.84 0.999567
973500000 17875.3 0.0115179 2999.9 0.999478
973600000 17875.3 1.67815 2999.62 0.999818
973700000 17875.3 1.66629 2999.62 0.999895
973800000 17875.3 -0.16196 2999.93 0.999413
973900000 17875.3 0.598528 2999.8 0.999695
974000000 17875.3 0.0453683 2999.89 0.999525
974100000 17875.3 0.441402 2999.82 0.99957
974200000 17875.3 0.147355 2999.87 0.999555
974300000 17875.3 -0.340496 2999.96 0.999414
974400000 17875.3 -0.182449 2999.93 0.999427
974500000 17875.3 -0.164487 2999.93 0.99945
974600000 17875.3 -0.132637 2999.92 0.999455
974700000 17875.3 0.444497 2999.82 0.999588
974800000 17875.3 0.441507 2999.82 0.999578
974900000 17875.3 -0.221106 2999.94 0.999474
975000000 17875.3 -0.182117 2999.93 0.999394
975100000 17875.3 -0.178872 2999.93 0.999404
975200000 17875.3 2.0165 2999.56 0.999888
975300000 17875.3 -0.0713022 2999.91 0.99945
975400000 17875.3 -0.272126 2999.94 0.999371
975500000 17875.3 -0.0220519 2999.9 0.999502
975600000 17875.3 2.85417 2999.42 1.00019
975700000 17875.3 -0.184321 2999.93 0.999396
975800000 17875.3 1.19834 2999.7 0.999845
975900000 17875.3 0.0245264 2999.89 0.999504
976000000 17875.3 -0.361798 2999.96 0.999386
976100000 17875.3 0.999401 2999.73 0.999751
976200000 17875.3 -0.313902 2999.95 0.999374
976300000 17875.3 -0.238224 2999.94 0.999382
976400000 17875.3 -0.192655 2999.93 0.999375
976500000 17875.3 1.4498 2999.65 0.999841
976600000 17875.3 -0.281118 2999.95 0.999417
976700000 17875.3 0.181935 2999.87 0.999521
976800000 17875.3 0.0585168 2999.89 0.999501
976900000 17875.3 0.712626 2999.78 0.999819
977000000 17875.3 -0.226553 2999.94 0.999458
977100000 17875.3 -0.300432 2999.95 0.999436
977200000 17875.3 -0.379897 2999.96 0.999427
977300000 17875.3 -0.035216 2999.9 0.999388
977400000 17875.3 -0.221004 2999.94 0.999408
977500000 17875.3 -0.118658 2999.92 0.99938
977600000 17875.3 -0.27488 2999.94 0.9994
977700000 17875.3 0.599874 2999.8 0.999614
977800000 17875.3 -0.110687 2999.92 0.99944
977900000 17875.3 -0.279448 2999.95 0.999401
978000000 17875.3 -0.268283 2999.94 0.999424
978100000 17875.3 0.636189 2999.79 0.999641
978200000 17875.3 -0.0903154 2999.91 0.999446
978300000 17875.3 -0.231167 2999.94 0.99938
978400000 17875.3 -0.373257 2999.96 0.999385
978500000 17875.3 -0.13344 2999.92 0.999382
978600000 17875.3 -0.193244 2999.93 0.99945
978700000 17875.3 0.0324712 2999.89 0.999552
978800000 17875.3 -0.347008 2999.96 0.999392
978900000 17875.3 0.449662 2999.82 0.999625
979000000 17875.3 -0.335503 2999.95 0.999419
979100000 17875.3 -0.114951 2999.92 0.999378
979200000 17875.3 -0.0698268 2999.91 0.999472
979300000 17875.3 -0.234792 2999.94 0.99939
979400000 17875.3 0.655108 2999.79 0.999652
979500000 17875.3 -0.0824902 2999.91 0.999442
979600000 17875.3 -0.0417806 2999.91 0.999479
979700000 17875.3 -0.131311 2999.92 0.999382
979800000 17875.3 -0.168775 2999.93 0.999392
979900000 17875.3 0.132606 2999.88 0.999511
980000000 17875.3 -0.166197 2999.93 0.999472
980100000 17875.3 1.18549 2999.7 0.999821
980200000 17875.3 -0.198785 2999.93 0.99941
980300000 17875.3 0.203634 2999.86 0.999512
980400000 17875.3 0.0106744 2999.9 0.999463
980500000 17875.3 -0.100112 2999.91 0.999383
980600000 17875.3 -0.319284 2999.95 0.999374
980700000 17875.3 -0.110985 2999.92 0.999385
980800000 17875.3 -0.16005 2999.92 0.999416
980900000 17875.3 0.201812 2999.86 0.999589
981000000 17875.3 -0.117907 2999.92 0.999376
981100000 17875.3 0.522581 2999.81 0.999736
981200000 17875.3 -0.159735 2999.92 0.999383
981300000 17875.3 0.0779043 2999.89 0.999521
981400000 17875.3 -0.217989 2999.93 0.99951
981500000 17875.3 1.2294 2999.69 0.999838
981600000 17875.3 -0.129016 2999.92 0.999379
981700000 17875.3 0.566629 2999.8 0.999689
981800000 17875.3 -0.197802 2999.93 0.999422
981900000 17875.3 -0.142993 2999.92 0.999382
982000000 17875.3 1.11935 2999.71 0.999815
982100000 17875.3 -0.0817095 2999.91 0.999426
982200000 17875.3 -0.205177 2999.93 0.999418
982300000 17875.3 0.210991 2999.86 0.999567
982400000 17875.3 -0.121015 2999.92 0.999427
982500000 17875.3 -0.271193 2999.94 0.999392
982600000 17875.3 2.8356 2999.42 1.00006
982700000 17875.3 -0.211696 2999.93 0.999375
982800000 17875.3 0.704619 2999.78 0.999736
982900000 17875.3 -0.262222 2999.94 0.999377
983000000 17875.3 -0.329135 2999.95 0.999357
983100000 17875.3 -0.0158283 2999.9 0.999459
983200000 17875.3 1.22348 2999.69 0.999797
983300000 17875.3 -0.0745855 2999.91 0.999426
983400000 17875.3 -0.185738 2999.93 0.999403
983500000 17875.3 -0.111409 2999.92 0.999386
983600000 17875.3 -0.0359459 2999.9 0.999388
983700000 17875.3 -0.079748 2999.91 0.999384
983800000 17875.3 -0.210706 2999.93 0.999431
983900000 17875.3 -0.310449 2999.95 0.999387
984000000 17875.3 -0.0822969 2999.91 0.999383
984100000 17875.3 -0.201487 2999.93 0.999416
984200000 17875.3 -0.386375 2999.96 0.999382
984300000 17875.3 -0.253363 2999.94 0.999391
984400000 17875.3 0.891865 2999.75 0.999669
984500000 17875.3 0.575066 2999.8 0.999605
984600000 17875.3 0.0548552 2999.89 0.999463
984700000 17875.3 -0.211114 2999.93 0.999409
984800000 17875.3 0.280967 2999.85 0.999593
984900000 17875.3 -0.261348 2999.94 0.999404
985000000 17875.3 -0.136309 2999.92 0.999373
985100000 17875.3 -0.282205 2999.95 0.999385
985200000 17875.3 0.944227 2999.74 0.999763
985300000 17875.3 -0.116496 2999.92 0.999445
985400000 17875.3 0.145348 2999.87 0.999646
985500000 17875.3 0.605277 2999.8 0.999643
985600000 17875.3 -0.0960202 2999.91 0.999412
985700000 17875.3 -0.236015 2999.94 0.99939
985800000 17875.3 -0.0548253 2999.91 0.999385
985900000 17875.3 -0.136182 2999.92 0.999386
986000000 17875.3 -0.136535 2999.92 0.999377
986100000 17875.3 -0.355599 2999.96 0.999441
986200000 17875.3 -0.266 2999.94 0.999372
986300000 17875.3 0.56064 2999.8 0.999602
986400000 17875.3 0.0456321 2999.89 0.999473
986500000 17875.3 0.155724 2999.87 0.999592
986600000 17875.3 -0.394004 2999.96 0.999371
986700000 17875.3 -0.116138 2999.92 0.99948
986800000 17875.3 -0.29797 2999.95 0.999386
986900000 17875.3 -0.16826 2999.93 0.999377
987000000 17875.3 1.13452 2999.71 0.999708
987100000 17875.3 -0.105704 2999.92 0.999483
987200000 17875.3 0.0759746 2999.89 0.999591
987300000 17875.3 -0.255701 2999.94 0.999405
987400000 17875.3 -0.188295 2999.93 0.999384
987500000 17875.3 1.74533 2999.61 0.999932
987600000 17875.3 -0.169981 2999.93 0.999426
987700000 17875.3 -0.232428 2999.94 0.999385
987800000 17875.3 -0.203714 2999.93 0.99941
987900000 17875.3 -0.349696 2999.96 0.999423
988000000 17875.3 -0.111001 2999.92 0.999457
988100000 17875.3 -0.374239 2999.96 0.999411
988200000 17875.3 0.0377661 2999.89 0.999499
988300000 17875.3 -0.224209 2999.94 0.999382
988400000 17875.3 0.875827 2999.75 0.999703
988500000 17875.3 0.351258 2999.84 0.999541
988600000 17875.3 -0.153227 2999.92 0.99941
988700000 17875.3 -0.282327 2999.95 0.999365
988800000 17875.3 -0.226096 2999.94 0.999391
988900000 17875.3 2.94871 2999.4 1.00014
989000000 17875.3 1.87131 2999.58 0.999865
989100000 17875.3 -0.458737 2999.98 0.999399
989200000 17875.3 -0.136179 2999.92 0.99942
989300000 17875.3 -0.209598 2999.93 0.999469
989400000 17875.3 -0.196028 2999.93 0.999367
989500000 17875.3 0.691371 2999.78 0.999735
989600000 17875.3 -0.163751 2999.93 0.999439
989700000 17875.3 -0.119207 2999.92 0.999381
989800000 17875.3 -0.20937 2999.93 0.999409
989900000 17875.3 1.37693 2999.67 0.999875
990000000 17875.3 -0.185285 2999.93 0.999426
990100000 17875.3 -0.100861 2999.92 0.999377
990200000 17875.3 -0.143329 2999.92 0.999382
990300000 17875.3 -0.129884 2999.92 0.999452
990400000 17875.3 0.161947 2999.87 0.999519
990500000 17875.3 -0.180415 2999.93 0.999394
990600000 17875.3 0.288092 2999.85 0.999523
990700000 17875.3 0.217296 2999.86 0.999624
990800000 17875.3 -0.188533 2999.93 0.999474
990900000 17875.3 -0.188302 2999.93 0.999416
991000000 17875.3 -0.286913 2999.95 0.999374
991100000 17875.3 -0.188945 2999.93 0.999384
991200000 17875.3 -0.13312 2999.92 0.999373
991300000 17875.3 -0.209262 2999.93 0.99939
991400000 17875.3 -0.00726017 2999.9 0.999476
991500000 17875.3 0.018605 2999.89 0.999454
991600000 17875.3 1.6455 2999.62 0.99984
991700000 17875.3 -0.180723 2999.93 0.999372
991800000 17875.3 -0.219914 2999.93 0.999418
991900000 17875.3 -0.143538 2999.92 0.999449
992000000 17875.3 -0.104222 2999.92 0.999381
992100000 17875.3 -0.162063 2999.93 0.999392
992200000 17875.3 -0.145883 2999.92 0.999459
992300000 17875.3 -0.181881 2999.93 0.999377
992400000 17875.3 -0.429223 2999.97 0.999389
992500000 17875.3 -0.0985486 2999.91 0.999381
992600000 17875.3 -0.16928 2999.93 0.999372
992700000 17875.3 -0.0773839 2999.91 0.999384
992800000 17875.3 -0.281536 2999.95 0.999436
992900000 17875.3 -0.130285 2999.92 0.999384
993000000 17875.3 -0.130381 2999.92 0.999408
993100000 17875.3 -0.17033 2999.93 0.999373
993200000 17875.3 -0.183075 2999.93 0.999373
993300000 17875.3 -0.125031 2999.92 0.999464
993400000 17875.3 -0.144997 2999.92 0.999393
993500000 17875.3 0.912505 2999.74 0.999813
993600000 17875.3 -0.0295879 2999.9 0.999535
993700000 17875.3 -0.0966511 2999.91 0.999378
993800000 17875.3 -0.0196824 2999.9 0.999501
993900000 17875.3 -0.118098 2999.92 0.999483
994000000 17875.3 -0.158666 2999.92 0.999373
994100000 17875.3 0.0427815 2999.89 0.999479
994200000 17875.3 -0.17508 2999.93 0.999417
994300000 17875.3 0.371824 2999.84 0.999554
994400000 17875.3 -0.215503 2999.93 0.999411
994500000 17875.3 -0.0244717 2999.9 0.999518
994600000 17875.3 0.17594 2999.87 0.999602
994700000 17875.3 -0.22409 2999.94 0.999384
994800000 17875.3 -0.243803 2999.94 0.99942
994900000 17875.3 0.592062 2999.8 0.999605
995000000 17875.3 -0.186295 2999.93 0.999384
995100000 17875.3 -0.114355 2999.92 0.999487
995200000 17875.3 -0.186824 2999.93 0.999377
995300000 17875.3 0.0839869 2999.88 0.999589
995400000 17875.3 -0.116038 2999.92 0.999432
995500000 17875.3 -0.0843894 2999.91 0.999382
995600000 17875.3 -0.200713 2999.93 0.999402
995700000 17875.3 -0.197292 2999.93 0.999426
995800000 17875.3 -0.239768 2999.94 0.999391
995900000 17875.3 2.5027 2999.48 0.999998
996000000 17875.3 -0.187828 2999.93 0.999394
996100000 17875.3 -0.220523 2999.94 0.999371
996200000 17875.3 -0.211758 2999.93 0.999381
996300000 17875.3 0.242497 2999.86 0.999539
996400000 17875.3 -0.402679 2999.97 0.999458
996500000 17875.3 0.247678 2999.86 0.999603
996600000 17875.3 -0.3334 2999.95 0.9994
996700000 17875.3 0.0533071 2999.89 0.999488
996800000 17875.3 0.0798039 2999.88 0.999472
996900000 17875.3 -0.16977 2999.93 0.99943
997000000 17875.3 0.307606 2999.85 0.999585
997100000 17875.3 0.782129 2999.77 0.999657
997200000 17875.3 1.10251 2999.71 0.999755
997300000 17875.3 2.86674 2999.42 1.0001
997400000 17875.3 -0.0659419 2999.91 0.999386
997500000 17875.3 -0.0728258 2999.91 0.999383
997600000 17875.3 -0.107704 2999.92 0.999431
997700000 17875.3 -0.341357 2999.96 0.999365
997800000 17875.3 -0.168694 2999.93 0.999383
997900000 17875.3 0.00514382 2999.9 0.999468
998000000 17875.3 0.383658 2999.83 0.999614
998100000 17875.3 0.556252 2999.8 0.999702
998200000 17875.3 -0.118354 2999.92 0.999414
998300000 17875.3 -0.201086 2999.93 0.999392
998400000 17875.3 0.124302 2999.88 0.999522
998500000 17875.3 -0.146446 2999.92 0.999412
998600000 17875.3 -0.233643 2999.94 0.999377
998700000 17875.3 -0.232129 2999.94 0.999416
998800000 17875.3 0.169728 2999.87 0.999529
998900000 17875.3 -0.135367 2999.92 0.99941
999000000 17875.3 -0.158069 2999.92 0.999462
999100000 17875.3 -0.204027 2999.93 0.999403
999200000 17875.3 0.206845 2999.86 0.999524
999300000 17875.3 -0.250599 2999.94 0.999406
999400000 17875.3 -0.152207 2999.92 0.99937
999500000 17875.3 -0.20571 2999.93 0.999431
999600000 17875.3 -0.0738228 2999.91 0.999385
999700000 17875.3 0.273529 2999.85 0.999603
999800000 17875.3 -0.113522 2999.92 0.99948
999900000 17875.3 -0.284425 2999.95 0.999377
1000000000 17875.3 1.0025 2999.73 0.999761
1000100000 17875.3 -0.136808 2999.92 0.999412
1000200000 17875.3 -0.0960236 2999.91 0.999439
1000300000 17875.3 -0.25552 2999.94 0.999544
1000400000 17875.3 -0.0392158 2999.9 0.999493
1000500000 17875.3 0.042684 2999.89 0.999493
1000600000 17875.3 -0.182533 2999.93 0.999371
1000700000 17875.3 -0.216445 2999.93 0.999416
1000800000 17875.3 1.6968 2999.61 0.999865
1000900000 17875.3 0.706362 2999.78 0.999654
1001000000 17875.3 0.0108829 2999.9 0.999447
1001100000 17875.3 -0.193985 2999.93 0.999395
1001200000 17875.3 -0.118948 2999.92 0.999381
1001300000 17875.3 0.322685 2999.84 0.999561
1001400000 17875.3 -0.140035 2999.92 0.999428
1001500000 17875.3 0.245099 2999.86 0.999525
1001600000 17875.3 0.688772 2999.78 0.999662
1001700000 17875.3 0.122779 2999.88 0.999526
1001800000 17875.3 -0.0191784 2999.9 0.999456
1001900000 17875.3 -0.122686 2999.92 0.99943
1002000000 17875.3 -0.0658608 2999.91 0.999458
1002100000 17875.3 -0.294955 2999.95 0.999385
1002200000 17875.3 0.217871 2999.86 0.999561
1002300000 17875.3 1.27084 2999.68 0.999827
1002400000 17875.3 -0.227159 2999.94 0.999389
1002500000 17875.3 -0.117269 2999.92 0.999381
1002600000 17875.3 0.788409 2999.77 0.999676
1002700000 17875.3 0.0723138 2999.89 0.999539
1002800000 17875.3 0.0260317 2999.89 0.999476
1002900000 17875.3 -0.00171719 2999.9 0.999458
1003000000 17875.3 0.101753 2999.88 0.999531
1003100000 17875.3 -0.0264083 2999.9 0.999446
1003200000 17875.3 -0.143633 2999.92 0.999381
1003300000 17875.3 -0.123236 2999.92 0.999437
1003400000 17875.3 -0.216523 2999.93 0.999392
1003500000 17875.3 0.903405 2999.75 0.999735
1003600000 17875.3 -0.215093 2999.93 0.99937
1003700000 17875.3 -0.0470683 2999.91 0.999463
1003800000 17875.3 -0.285923 2999.95 0.99937
1003900000 17875.3 -0.0202684 2999.9 0.999509
1004000000 17875.3 -0.174248 2999.93 0.999376
1004100000 17875.3 -0.190054 2999.93 0.999384
1004200000 17875.3 -0.32711 2999.95 0.999392
1004300000 17875.3 -0.249689 2999.94 0.999441
1004400000 17875.3 0.804852 2999.76 0.999683
1004500000 17875.3 -0.181103 2999.93 0.999375
1004600000 17875.3 -0.193534 2999.93 0.999397
1004700000 17875.3 -0.186201 2999.93 0.999437
1004800000 17875.3 1.77848 2999.6 0.999842
1004900000 17875.3 -0.297651 2999.95 0.999358
1005000000 17875.3 0.331692 2999.84 0.999637
1005100000 17875.3 -0.0438724 2999.91 0.999552
1005200000 17875.3 -0.38156 2999.96 0.999384
1005300000 17875.3 1.52362 2999.64 0.999929
1005400000 17875.3 -0.189965 2999.93 0.999474
1005500000 17875.3 -0.0764716 2999.91 0.999487
1005600000 17875.3 -0.0966904 2999.91 0.999382
1005700000 17875.3 -0.0986103 2999.91 0.999457
1005800000 17875.3 1.51508 2999.64 0.999777
1005900000 17875.3 0.41169 2999.83 0.999652
1006000000 17875.3 -0.142726 2999.92 0.999377
1006100000 17875.3 -0.0410719 2999.91 0.999433
1006200000 17875.3 0.0753893 2999.89 0.999496
1006300000 17875.3 -0.324294 2999.95 0.999429
1006400000 17875.3 -0.161927 2999.93 0.999394
1006500000 17875.3 3.82578 2999.26 1.00044
1006600000 17875.3 -0.151772 2999.92 0.999428
1006700000 17875.3 -0.0818568 2999.91 0.999386
1006800000 17875.3 0.293325 2999.85 0.999695
1006900000 17875.3 -0.0917123 2999.91 0.999381
1007000000 17875.3 0.12187 2999.88 0.999505
1007100000 17875.3 -0.329689 2999.95 0.999408
1007200000 17875.3 1.08338 2999.72 0.999763
1007300000 17875.3 -0.159983 2999.92 0.999456
1007400000 17875.3 -0.135187 2999.92 0.999397
1007500000 17875.3 -0.161116 2999.93 0.999417
1007600000 17875.3 -0.196471 2999.93 0.999378
1007700000 17875.3 -0.185171 2999.93 0.999428
1007800000 17875.3 -0.0104439 2999.9 0.999492
1007900000 17875.3 -0.275525 2999.94 0.999373
1008000000 17875.3 -0.123771 2999.92 0.999405
1008100000 17875.3 0.0713775 2999.89 0.999534
1008200000 17875.3 -0.212361 2999.93 0.999384
1008300000 17875.3 -0.130656 2999.92 0.999465
1008400000 17875.3 0.0268667 2999.89 0.999513
1008500000 17875.3 -0.138026 2999.92 0.999396
1008600000 17875.3 -0.152845 2999.92 0.999377
1008700000 17875.3 -0.334716 2999.95 0.999374
1008800000 17875.3 -0.140869 2999.92 0.999379
1008900000 17875.3 -0.0364148 2999.9 0.999389
1009000000 17875.3 -0.115522 2999.92 0.999397
1009100000 17875.3 -0.0920222 2999.91 0.999525
1009200000 17875.3 -0.0799299 2999.91 0.999382
1009300000 17875.3 -0.120985 2999.92 0.999378
1009400000 17875.3 0.0443664 2999.89 0.999485
1009500000 17875.3 -0.0642153 2999.91 0.999433
1009600000 17875.3 -0.144333 2999.92 0.9994
1009700000 17875.3 -0.232929 2999.94 0.99941
1009800000 17875.3 -0.181219 2999.93 0.999381
1009900000 17875.3 -0.162154 2999.93 0.99938
1010000000 17875.3 -0.144051 2999.92 0.999383
1010100000 17875.3 -0.257777 2999.94 0.999383
1010200000 17875.3 -0.0667398 2999.91 0.999384
1010300000 17875.3 0.629779 2999.79 0.999615
1010400000 17875.3 -0.357464 2999.96 0.999447
1010500000 17875.3 -0.216652 2999.93 0.999402
1010600000 17875.3 0.366738 2999.84 0.999596
1010700000 17875.3 -0.155171 2999.92 0.999399
1010800000 17875.3 -0.272653 2999.94 0.999379
1010900000 17875.3 2.38443 2999.5 1.00005
1011000000 17875.3 0.219018 2999.86 0.999625
1011100000 17875.3 -0.0553226 2999.91 0.999517
1011200000 17875.3 -0.151721 2999.92 0.999424
1011300000 17875.3 -0.163869 2999.93 0.999401
1011400000 17875.3 -0.241675 2999.94 0.999378
1011500000 17875.3 -0.115551 2999.92 0.99938
1011600000 17875.3 -0.191173 2999.93 0.999472
1011700000 17875.3 0.879256 2999.75 0.999669
1011800000 17875.3 -0.229683 2999.94 0.999388
1011900000 17875.3 -0.187407 2999.93 0.999378
1012000000 17875.3 2.3185 2999.51 0.999929
1012100000 17875.3 -0.119852 2999.92 0.999493
1012200000 17875.3 -0.134874 2999.92 0.999458
1012300000 17875.3 -0.0590288 2999.91 0.999476
1012400000 17875.3 -0.106499 2999.92 0.999378
1012500000 17875.3 -0.346659 2999.96 0.999416
1012600000 17875.3 1.32889 2999.68 0.999763
1012700000 17875.3 -0.15034 2999.92 0.999379
1012800000 17875.3 0.640283 2999.79 0.999669
1012900000 17875.3 -0.110353 2999.92 0.99939
1013000000 17875.3 -0.103579 2999.92 0.999454
1013100000 17875.3 0.573714 2999.8 0.999687
1013200000 17875.3 -0.148702 2999.92 0.999389
1013300000 17875.3 -0.132044 2999.92 0.999384
1013400000 17875.3 1.99473 2999.56 0.999951
1013500000 17875.3 1.04992 2999.72 0.99974
1013600000 17875.3 -0.245452 2999.94 0.999374
1013700000 17875.3 -0.0400909 2999.9 0.999537
1013800000 17875.3 0.0206937 2999.89 0.999453
1013900000 17875.3 -0.263501 2999.94 0.999399
1014000000 17875.3 -0.174495 2999.93 0.999373
1014100000 17875.3 -0.0828486 2999.91 0.999383
1014200000 17875.3 -0.0669052 2999.91 0.999511
1014300000 17875.3 -0.0467948 2999.91 0.999386
1014400000 17875.3 0.13882 2999.87 0.999566
1014500000 17875.3 -0.287458 2999.95 0.999384
1014600000 17875.3 0.561576 2999.8 0.999725
1014700000 17875.3 -0.207926 2999.93 0.999494
1014800000 17875.3 -0.280842 2999.95 0.999399
1014900000 17875.3 -0.0985275 2999.91 0.999439
1015000000 17875.3 -0.123823 2999.92 0.999451
1015100000 17875.3 -0.054513 2999.91 0.999493
1015200000 17875.3 -0.276537 2999.94 0.999407
1015300000 17875.3 -0.256807 2999.94 0.999378
1015400000 17875.3 -0.191186 2999.93 0.999418
1015500000 17875.3 0.045565 2999.89 0.999549
1015600000 17875.3 -0.278098 2999.94 0.999464
1015700000 17875.3 -0.237349 2999.94 0.999399
1015800000 17875.3 -0.135501 2999.92 0.999465
1015900000 17875.3 -0.293536 2999.95 0.999374
1016000000 17875.3 -0.0928743 2999.91 0.99951
1016100000 17875.3 0.20323 2999.86 0.999505
1016200000 17875.3 -0.235873 2999.94 0.999421
1016300000 17875.3 1.89909 2999.58 0.99995
1016400000 17875.3 -0.137116 2999.92 0.999453
1016500000 17875.3 -0.088335 2999.91 0.999381
1016600000 17875.3 -0.200607 2999.93 0.99944
1016700000 17875.3 -0.0818311 2999.91 0.999486
1016800000 17875.3 1.52251 2999.64 0.999909
1016900000 17875.3 0.0313145 2999.89 0.999472
1017000000 17875.3 -0.237103 2999.94 0.999403
1017100000 17875.3 -0.0737522 2999.91 0.999385
1017200000 17875.3 -0.155075 2999.92 0.999376
1017300000 17875.3 0.0818349 2999.88 0.999548
1017400000 17875.3 0.201698 2999.86 0.999597
1017500000 17875.3 -0.243359 2999.94 0.999401
1017600000 17875.3 0.321275 2999.84 0.99964
1017700000 17875.3 -0.082422 2999.91 0.999381
1017800000 17875.3 -0.101903 2999.92 0.999434
1017900000 17875.3 0.516885 2999.81 0.999632
1018000000 17875.3 -0.255496 2999.94 0.999399
1018100000 17875.3 -0.111609 2999.92 0.999391
1018200000 17875.3 -0.139022 2999.92 0.999387
1018300000 17875.3 0.077193 2999.89 0.999557
1018400000 17875.3 0.322858 2999.84 0.999592
1018500000 17875.3 -0.2044 2999.93 0.999381
1018600000 17875.3 1.27413 2999.68 0.999812
1018700000 17875.3 0.0643504 2999.89 0.999552
1018800000 17875.3 -0.236821 2999.94 0.999437
1018900000 17875.3 -0.227552 2999.94 0.999449
1019000000 17875.3 -0.164077 2999.93 0.999376
1019100000 17875.3 -0.139971 2999.92 0.999443
1019200000 17875.3 -0.0146733 2999.9 0.999495
1019300000 17875.3 -0.155871 2999.92 0.999423
1019400000 17875.3 -0.12582 2999.92 0.999434
1019500000 17875.3 0.922391 2999.74 0.999736
1019600000 17875.3 -0.32111 2999.95 0.999413
1019700000 17875.3 -0.205551 2999.93 0.999382
1019800000 17875.3 0.624003 2999.79 0.999604
1019900000 17875.3 0.0501492 2999.89 0.999533
1020000000 17875.3 1.87688 2999.58 0.999936
1020100000 17875.3 -0.20177 2999.93 0.999375
1020200000 17875.3 0.0998665 2999.88 0.999468
1020300000 17875.3 -0.0993116 2999.91 0.999383
1020400000 17875.3 -0.226788 2999.94 0.999413
1020500000 17875.3 -0.016747 2999.9 0.99954
1020600000 17875.3 -0.303589 2999.95 0.999379
1020700000 17875.3 1.1447 2999.71 0.999766
1020800000 17875.3 0.453376 2999.82 0.999679
1020900000 17875.3 -0.0741237 2999.91 0.999432
1021000000 17875.3 0.0895433 2999.88 0.999488
1021100000 17875.3 -0.456895 2999.97 0.999366
1021200000 17875.3 -0.19785 2999.93 0.999477
1021300000 17875.3 -0.151469 2999.92 0.999379
1021400000 17875.3 -0.122338 2999.92 0.999432
1021500000 17875.3 -0.225516 2999.94 0.999412
1021600000 17875.3 -0.173705 2999.93 0.999373
1021700000 17875.3 -0.158561 2999.92 0.999441
1021800000 17875.3 -0.21125 2999.93 0.99939
1021900000 17875.3 -0.0316859 2999.9 0.999389
1022000000 17875.3 -0.179038 2999.93 0.999398
1022100000 17875.3 -0.0953505 2999.91 0.999387
1022200000 17875.3 -0.175367 2999.93 0.999395
1022300000 17875.3 -0.195879 2999.93 0.999384
1022400000 17875.3 -0.296253 2999.95 0.999377
1022500000 17875.3 2.91741 2999.41 1.00011
1022600000 17875.3 -0.156761 2999.92 0.999391
1022700000 17875.3 0.0388034 2999.89 0.999451
1022800000 17875.3 -0.368724 2999.96 0.999411
1022900000 17875.3 0.883175 2999.75 0.999774
1023000000 17875.3 -0.149744 2999.92 0.999382
1023100000 17875.3 -0.267608 2999.94 0.999409
1023200000 17875.3 0.595919 2999.8 0.999604
1023300000 17875.3 -0.26492 2999.94 0.999409
1023400000 17875.3 -0.157146 2999.92 0.999384
1023500000 17875.3 -0.103952 2999.92 0.999394
1023600000 17875.3 -0.297232 2999.95 0.99937
1023700000 17875.3 -0.173642 2999.93 0.999444
1023800000 17875.3 -0.188922 2999.93 0.999433
1023900000 17875.3 1.85619 2999.59 0.999967
1024000000 17875.3 -0.0346916 2999.9 0.999506
1024100000 17875.3 1.49754 2999.65 0.999788
1024200000 17875.3 -0.122394 2999.92 0.999387
1024300000 17875.3 -0.362892 2999.96 0.999372
1024400000 17875.3 -0.109839 2999.92 0.999418
1024500000 17875.3 -0.1739 2999.93 0.999376
1024600000 17875.3 -0.219176 2999.93 0.999393
1024700000 17875.3 -0.0256979 2999.9 0.999467
1024800000 17875.3 -0.152055 2999.92 0.999369
1024900000 17875.3 -0.179237 2999.93 0.999422
1025000000 17875.3 0.0752768 2999.89 0.999522
1025100000 17875.3 -0.210975 2999.93 0.999391
1025200000 17875.3 -0.149097 2999.92 0.999385
1025300000 17875.3 -0.129023 2999.92 0.999508
1025400000 17875.3 -0.202546 2999.93 0.999417
1025500000 17875.3 -0.18265 2999.93 0.999367
1025600000 17875.3 -0.326924 2999.95 0.999397
1025700000 17875.3 -0.200706 2999.93 0.999385
1025800000 17875.3 0.152832 2999.87 0.999522
1025900000 17875.3 -0.17906 2999.93 0.99948
1026000000 17875.3 -0.0292598 2999.9 0.999389
1026100000 17875.3 -0.102587 2999.92 0.999407
1026200000 17875.3 -0.292243 2999.95 0.999369
1026300000 17875.3 -0.151688 2999.92 0.999394
1026400000 17875.3 -0.107844 2999.92 0.999376
1026500000 17875.3 -0.128737 2999.92 0.999395
1026600000 17875.3 0.679368 2999.78 0.999657
1026700000 17875.3 0.077951 2999.89 0.999551
1026800000 17875.3 0.492124 2999.82 0.999619
1026900000 17875.3 -0.138115 2999.92 0.999394
1027000000 17875.3 -0.322193 2999.95 0.999415
1027100000 17875.3 -0.237909 2999.94 0.999387
1027200000 17875.3 -0.0570815 2999.91 0.999386
1027300000 17875.3 0.0448639 2999.89 0.999483
1027400000 17875.3 -0.127468 2999.92 0.999385
1027500000 17875.3 -0.295899 2999.95 0.999419
1027600000 17875.3 -0.279953 2999.95 0.999384
1027700000 17875.3 -0.0255273 2999.9 0.999462
1027800000 17875.3 -0.148618 2999.92 0.99939
1027900000 17875.3 -0.212683 2999.93 0.999417
1028000000 17875.3 0.1019 2999.88 0.999578
1028100000 17875.3 0.811248 2999.76 0.99969
1028200000 17875.3 -0.123994 2999.92 0.999383
1028300000 17875.3 -0.290477 2999.95 0.999411
1028400000 17875.3 0.538066 2999.81 0.999665
1028500000 17875.3 4.82296 2999.09 1.00069
1028600000 17875.3 1.1759 2999.7 0.99978
1028700000 17875.3 -0.131011 2999.92 0.99941
1028800000 17875.3 -0.149494 2999.92 0.999377
1028900000 17875.3 0.030371 2999.89 0.99948
1029000000 17875.3 0.054158 2999.89 0.999559
1029100000 17875.3 0.277032 2999.85 0.999623
1029200000 17875.3 0.0525689 2999.89 0.999481
1029300000 17875.3 -0.1467 2999.92 0.999381
1029400000 17875.3 -0.148287 2999.92 0.999414
1029500000 17875.3 -0.0498085 2999.91 0.999476
1029600000 17875.3 -0.138436 2999.92 0.999381
1029700000 17875.3 -0.232959 2999.94 0.999373
1029800000 17875.3 -0.110734 2999.92 0.999386
1029900000 17875.3 -0.149127 2999.92 0.999385
1030000000 17875.3 0.434067 2999.83 0.999581
1030100000 17875.3 -0.122075 2999.92 0.999387
1030200000 17875.3 0.652847 2999.79 0.999634
1030300000 17875.3 -0.125949 2999.92 0.999546
1030400000 17875.3 -0.255279 2999.94 0.999396
1030500000 17875.3 -0.194789 2999.93 0.99938
1030600000 17875.3 -0.256941 2999.94 0.999412
1030700000 17875.3 -0.119264 2999.92 0.999413
1030800000 17875.3 -0.147157 2999.92 0.999377
1030900000 17875.3 -0.0898139 2999.91 0.999386
1031000000 17875.3 -0.0731673 2999.91 0.999391
1031100000 17875.3 0.0305499 2999.89 0.999525
1031200000 17875.3 -0.224481 2999.94 0.99938
1031300000 17875.3 -0.0945064 2999.91 0.999472
1031400000 17875.3 0.0673824 2999.89 0.999551
1031500000 17875.3 -0.347049 2999.96 0.999376
1031600000 17875.3 -0.217234 2999.93 0.999387
1031700000 17875.3 -0.135971 2999.92 0.999376
1031800000 17875.3 1.7775 2999.6 0.999862
1031900000 17875.3 -0.0971639 2999.91 0.999385
1032000000 17875.3 0.00429724 2999.9 0.999537
1032100000 17875.3 -0.20015 2999.93 0.999393
1032200000 17875.3 -0.217143 2999.93 0.999378
1032300000 17875.3 -0.132271 2999.92 0.99949
1032400000 17875.3 0.747823 2999.77 0.999675
1032500000 17875.3 -0.154115 2999.92 0.999379
1032600000 17875.3 0.196894 2999.87 0.999648
1032700000 17875.3 0.419928 2999.83 0.999577
1032800000 17875.3 -0.287872 2999.95 0.999404
1032900000 17875.3 -0.112207 2999.92 0.999378
1033000000 17875.3 -0.00446045 2999.9 0.999531
1033100000 17875.3 -0.190331 2999.93 0.999378
1033200000 17875.3 3.51872 2999.31 1.00028
1033300000 17875.3 1.80459 2999.6 0.99983
1033400000 17875.3 -0.133916 2999.92 0.999397
1033500000 17875.3 -0.129614 2999.92 0.999459
1033600000 17875.3 -0.239317 2999.94 0.999429
1033700000 17875.3 -0.154173 2999.92 0.999386
1033800000 17875.3 -0.334925 2999.95 0.999395
1033900000 17875.3 0.106006 2999.88 0.999523
1034000000 17875.3 2.0332 2999.56 1.00001
1034100000 17875.3 0.16339 2999.87 0.9995
1034200000 17875.3 -0.182013 2999.93 0.999378
1034300000 17875.3 -0.258193 2999.94 0.999388
1034400000 17875.3 -0.253684 2999.94 0.999404
1034500000 17875.3 -0.0560259 2999.91 0.999385
1034600000 17875.3 -0.14789 2999.92 0.999384
1034700000 17875.3 -0.3063 2999.95 0.999447
1034800000 17875.3 -0.309696 2999.95 0.999398
1034900000 17875.3 -0.37546 2999.96 0.999396
1035000000 17875.3 -0.152085 2999.92 0.999381
1035100000 17875.3 -0.0322201 2999.9 0.999436
1035200000 17875.3 -0.118591 2999.92 0.999379
1035300000 17875.3 -0.270906 2999.94 0.999362
1035400000 17875.3 -0.0939702 2999.91 0.999391
1035500000 17875.3 -0.308983 2999.95 0.999392
1035600000 17875.3 0.0903664 2999.88 0.999496
1035700000 17875.3 -0.212097 2999.93 0.999386
1035800000 17875.3 -0.0898692 2999.91 0.999506
1035900000 17875.3 0.546682 2999.81 0.999589
1036000000 17875.3 -0.256357 2999.94 0.999371
1036100000 17875.3 -0.162427 2999.93 0.999378
1036200000 17875.3 0.646374 2999.79 0.999728
1036300000 17875.3 0.331042 2999.84 0.99954
1036400000 17875.3 -0.185016 2999.93 0.999375
1036500000 17875.3 -0.143143 2999.92 0.999421
1036600000 17875.3 -0.260416 2999.94 0.999468
1036700000 17875.3 -0.140747 2999.92 0.999374
1036800000 17875.3 -0.0714814 2999.91 0.999525
1036900000 17875.3 -0.202554 2999.93 0.999402
1037000000 17875.3 -0.089803 2999.91 0.999432
1037100000 17875.3 -0.262221 2999.94 0.999394
1037200000 17875.3 -0.043815 2999.91 0.999456
1037300000 17875.3 0.454229 2999.82 0.999583
1037400000 17875.3 -0.209537 2999.93 0.999408
1037500000 17875.3 0.00429669 2999.9 0.999498
1037600000 17875.3 -0.0336926 2999.9 0.999543
1037700000 17875.3 -0.136639 2999.92 0.999408
1037800000 17875.3 0.159273 2999.87 0.999494
1037900000 17875.3 -0.0194505 2999.9 0.999391
1038000000 17875.3 -0.132417 2999.92 0.999434
1038100000 17875.3 0.0682105 2999.89 0.999552
1038200000 17875.3 -0.261747 2999.94 0.999434
1038300000 17875.3 -0.36828 2999.96 0.999406
1038400000 17875.3 -0.176748 2999.93 0.999403
1038500000 17875.3 -0.154768 2999.92 0.999463
1038600000 17875.3 -0.313879 2999.95 0.999406
1038700000 17875.3 -0.388736 2999.96 0.999391
1038800000 17875.3 -0.223534 2999.94 0.999383
1038900000 17875.3 3.53267 2999.31 1.00029
1039000000 17875.3 -0.195979 2999.93 0.99938
1039100000 17875.3 1.35843 2999.67 0.999754
1039200000 17875.3 -0.117748 2999.92 0.99938
1039300000 17875.3 -0.081277 2999.91 0.999413
1039400000 17875.3 -0.228053 2999.94 0.999361
1039500000 17875.3 -0.159375 2999.92 0.999375
1039600000 17875.3 1.62549 2999.63 0.999927
1039700000 17875.3 -0.0975053 2999.91 0.999438
1039800000 17875.3 -0.104434 2999.92 0.999428
1039900000 17875.3 -0.189713 2999.93 0.999385
1040000000 17875.3 -0.207839 2999.93 0.999375
1040100000 17875.3 2.84145 2999.42 1.00008
1040200000 17875.3 -0.170733 2999.93 0.999384
1040300000 17875.3 -0.322459 2999.95 0.999429
1040400000 17875.3 0.323714 2999.84 0.999548
1040500000 17875.3 0.426358 2999.83 0.999746
1040600000 17875.3 1.02046 2999.73 0.999698
1040700000 17875.3 -0.205521 2999.93 0.999475
1040800000 17875.3 -0.176598 2999.93 0.999376
1040900000 17875.3 -0.207354 2999.93 0.999369
1041000000 17875.3 0.178276 2999.87 0.999533
1041100000 17875.3 -0.0619437 2999.91 0.999486
1041200000 17875.3 -0.182932 2999.93 0.999375
1041300000 17875.3 -0.196952 2999.93 0.999404
1041400000 17875.3 -0.181017 2999.93 0.999376
1041500000 17875.3 -0.200023 2999.93 0.999386
1041600000 17875.3 -0.0312227 2999.9 0.999494
1041700000 17875.3 0.34366 2999.84 0.999623
1041800000 17875.3 -0.0979034 2999.91 0.999382
1041900000 17875.3 -0.118979 2999.92 0.999418
1042000000 17875.3 -0.112885 2999.92 0.999398
1042100000 17875.3 -0.120614 2999.92 0.999391
1042200000 17875.3 0.438571 2999.82 0.999579
1042300000 17875.3 -0.0347542 2999.9 0.999487
1042400000 17875.3 2.07071 2999.55 1.00003
1042500000 17875.3 0.786471 2999.77 0.999643
1042600000 17875.3 -0.02451 2999.9 0.999513
1042700000 17875.3 -0.186603 2999.93 0.999378
1042800000 17875.3 -0.032889 2999.9 0.999448
1042900000 17875.3 -0.14934 2999.92 0.999467
1043000000 17875.3 -0.158042 2999.92 0.999409
1043100000 17875.3 -0.229157 2999.94 0.999432
1043200000 17875.3 2.79022 2999.43 1.00009
1043300000 17875.3 -0.141197 2999.92 0.999377
1043400000 17875.3 -0.192358 2999.93 0.999384
1043500000 17875.3 -0.0704835 2999.91 0.999386
1043600000 17875.3 0.196866 2999.87 0.999557
1043700000 17875.3 0.156198 2999.87 0.999497
1043800000 17875.3 -0.208493 2999.93 0.999488
1043900000 17875.3 -0.239028 2999.94 0.999392
1044000000 17875.3 -0.063934 2999.91 0.999484
1044100000 17875.3 0.580117 2999.8 0.999706
1044200000 17875.3 -0.216892 2999.93 0.999449
1044300000 17875.3 -0.100103 2999.91 0.999387
1044400000 17875.3 0.447227 2999.82 0.999608
1044500000 17875.3 0.127033 2999.88 0.999551
1044600000 17875.3 -0.16628 2999.93 0.9994
1044700000 17875.3 -0.235877 2999.94 0.999372
1044800000 17875.3 -0.121738 2999.92 0.999413
1044900000 17875.3 -0.101689 2999.92 0.99941
1045000000 17875.3 -0.022304 2999.9 0.999451
1045100000 17875.3 -0.172737 2999.93 0.999377
1045200000 17875.3 -0.374165 2999.96 0.999473
1045300000 17875.3 -0.052731 2999.91 0.999517
1045400000 17875.3 -0.211946 2999.93 0.999378
1045500000 17875.3 0.142914 2999.87 0.999522
1045600000 17875.3 -0.0804109 2999.91 0.999428
1045700000 17875.3 0.00788827 2999.9 0.999509
1045800000 17875.3 -0.192188 2999.93 0.999372
1045900000 17875.3 0.34934 2999.84 0.999581
1046000000 17875.3 -0.224457 2999.94 0.999409
1046100000 17875.3 0.509861 2999.81 0.999614
1046200000 17875.3 3.15688 2999.37 1.00016
1046300000 17875.3 0.0403179 2999.89 0.999481
1046400000 17875.3 -0.119355 2999.92 0.999491
1046500000 17875.3 -0.0857376 2999.91 0.999379
1046600000 17875.3 -0.262638 2999.94 0.999432
1046700000 17875.3 -0.223706 2999.94 0.999376
1046800000 17875.3 -0.136935 2999.92 0.999423
1046900000 17875.3 -0.271178 2999.94 0.999409
1047000000 17875.3 -0.213966 2999.93 0.999393
1047100000 17875.3 -0.0715991 2999.91 0.999382
1047200000 17875.3 0.736301 2999.77 0.999686
1047300000 17875.3 0.0515813 2999.89 0.999531
1047400000 17875.3 -0.23306 2999.94 0.999375
1047500000 17875.3 -0.296606 2999.95 0.999372
1047600000 17875.3 3.30687 2999.34 1.00009
1047700000 17875.3 1.96503 2999.57 0.999979
1047800000 17875.3 0.60502 2999.8 0.999624
1047900000 17875.3 0.204383 2999.86 0.999496
1048000000 17875.3 -0.267827 2999.94 0.999392
1048100000 17875.3 -0.0918462 2999.91 0.999433
1048200000 17875.3 -0.166864 2999.93 0.999431
1048300000 17875.3 0.835589 2999.76 0.99971
1048400000 17875.3 -0.0771263 2999.91 0.999383
1048500000 17875.3 -0.0747224 2999.91 0.99942
1048600000 17875.3 -0.237578 2999.94 0.999372
1048700000 17875.3 -0.265915 2999.94 0.999404
1048800000 17875.3 0.623609 2999.79 0.999658
1048900000 17875.3 -0.325442 2999.95 0.99937
1049000000 17875.3 0.570369 2999.8 0.999609
1049100000 17875.3 -0.0939173 2999.91 0.999447
1049200000 17875.3 0.261553 2999.85 0.999577
1049300000 17875.3 -0.0926865 2999.91 0.999379
1049400000 17875.3 0.89136 2999.75 0.999658
1049500000 17875.3 -0.180473 2999.93 0.999425
1049600000 17875.3 0.165262 2999.87 0.999597
1049700000 17875.3 0.112862 2999.88 0.999523
1049800000 17875.3 -0.248056 2999.94 0.999402
1049900000 17875.3 -0.139018 2999.92 0.999434
1050000000 17875.3 0.159348 2999.87 0.999524
1050100000 17875.3 -0.148074 2999.92 0.999405
1050200000 17875.3 -0.105314 2999.92 0.999381
1050300000 17875.3 -0.0676348 2999.91 0.999382
1050400000 17875.3 -0.271028 2999.94 0.999387
1050500000 17875.3 -0.11804 2999.92 0.999383
1050600000 17875.3 -0.147598 2999.92 0.999442
1050700000 17875.3 1.03163 2999.72 0.999698
1050800000 17875.3 -0.0842031 2999.91 0.999405
1050900000 17875.3 -0.0887272 2999.91 0.999381
1051000000 17875.3 0.743213 2999.77 0.999743
1051100000 17875.3 0.304093 2999.85 0.999549
1051200000 17875.3 -0.228685 2999.94 0.999403
1051300000 17875.3 -0.208954 2999.93 0.999413
1051400000 17875.3 -0.231048 2999.94 0.999385
1051500000 17875.3 -0.243195 2999.94 0.999393
1051600000 17875.3 1.39849 2999.66 0.999764
1051700000 17875.3 -0.154352 2999.92 0.999384
1051800000 17875.3 -0.0912481 2999.91 0.999381
1051900000 17875.3 -0.22331 2999.94 0.999383
1052000000 17875.3 -0.117907 2999.92 0.99943
1052100000 17875.3 -0.21264 2999.93 0.999398
1052200000 17875.3 -0.216246 2999.93 0.999388
1052300000 17875.3 -0.099823 2999.91 0.999402
1052400000 17875.3 -0.298971 2999.95 0.999424
1052500000 17875.3 0.0848974 2999.88 0.999515
1052600000 17875.3 -0.110696 2999.92 0.99938
1052700000 17875.3 0.0230693 2999.89 0.99948
1052800000 17875.3 -0.330787 2999.95 0.999426
1052900000 17875.3 -0.192713 2999.93 0.999396
1053000000 17875.3 -0.2088 2999.93 0.999562
1053100000 17875.3 1.14898 2999.71 0.999809
1053200000 17875.3 0.576531 2999.8 0.999664
1053300000 17875.3 -0.319769 2999.95 0.999388
1053400000 17875.3 -0.228125 2999.94 0.999416
1053500000 17875.3 -0.23739 2999.94 0.999395
1053600000 17875.3 0.958317 2999.74 0.999778
1053700000 17875.3 -0.0116505 2999.9 0.999506
1053800000 17875.3 -0.121464 2999.92 0.999378
1053900000 17875.3 -0.267383 2999.94 0.999386
1054000000 17875.3 1.18909 2999.7 0.999723
1054100000 17875.3 -0.139127 2999.92 0.999382
1054200000 17875.3 -0.19045 2999.93 0.999404
1054300000 17875.3 -0.163886 2999.93 0.999377
1054400000 17875.3 -0.280475 2999.95 0.999398
1054500000 17875.3 -0.162545 2999.93 0.999373
1054600000 17875.3 -0.390838 2999.96 0.999357
1054700000 17875.3 0.0447288 2999.89 0.999542
1054800000 17875.3 -0.233673 2999.94 0.999423
1054900000 17875.3 -0.192468 2999.93 0.999403
1055000000 17875.3 -0.197956 2999.93 0.999382
1055100000 17875.3 -0.124161 2999.92 0.999401
1055200000 17875.3 1.03846 2999.72 0.999709
1055300000 17875.3 -0.187775 2999.93 0.999381
1055400000 17875.3 -0.117676 2999.92 0.999453
1055500000 17875.3 0.430384 2999.83 0.999559
1055600000 17875.3 -0.123143 2999.92 0.999423
1055700000 17875.3 1.35195 2999.67 0.999862
1055800000 17875.3 -0.19021 2999.93 0.999398
1055900000 17875.3 1.41398 2999.66 0.999914
1056000000 17875.3 -0.0733748 2999.91 0.999385
1056100000 17875.3 0.971798 2999.73 0.999734
1056200000 17875.3 -0.226004 2999.94 0.999408
1056300000 17875.3 -0.104682 2999.92 0.99938
1056400000 17875.3 0.719955 2999.78 0.999682
1056500000 17875.3 0.58987 2999.8 0.999652
1056600000 17875.3 -0.321795 2999.95 0.999434
1056700000 17875.3 -0.253151 2999.94 0.999376
1056800000 17875.3 -0.232103 2999.94 0.999377
1056900000 17875.3 0.18443 2999.87 0.999573
1057000000 17875.3 0.311565 2999.85 0.999587
1057100000 17875.3 -0.123777 2999.92 0.999377
1057200000 17875.3 1.47893 2999.65 0.999831
1057300000 17875.3 0.485146 2999.82 0.999621
1057400000 17875.3 -0.248753 2999.94 0.999397
1057500000 17875.3 -0.240649 2999.94 0.999385
1057600000 17875.3 0.0668565 2999.89 0.99953
1057700000 17875.3 -0.159373 2999.92 0.999428
1057800000 17875.3 -0.12333 2999.92 0.999501
1057900000 17875.3 -0.107965 2999.92 0.999388
1058000000 17875.3 -0.208623 2999.93 0.999374
1058100000 17875.3 0.353124 2999.84 0.999644
1058200000 17875.3 -0.0683523 2999.91 0.999416
1058300000 17875.3 0.198968 2999.86 0.999548
1058400000 17875.3 -0.0715606 2999.91 0.999425
1058500000 17875.3 0.240714 2999.86 0.999558
1058600000 17875.3 -0.106977 2999.92 0.999399
1058700000 17875.3 -0.235621 2999.94 0.999412
1058800000 17875.3 1.34426 2999.67 0.99981
1058900000 17875.3 -0.264109 2999.94 0.999384
1059000000 17875.3 -0.295271 2999.95 0.999372
1059100000 17875.3 -0.246306 2999.94 0.999391
1059200000 17875.3 0.171786 2999.87 0.999513
1059300000 17875.3 0.0775839 2999.89 0.999564
1059400000 17875.3 -0.0230844 2999.9 0.99949
1059500000 17875.3 -0.186309 2999.93 0.999377
1059600000 17875.3 -0.293147 2999.95 0.999458
1059700000 17875.3 -0.111356 2999.92 0.999397
1059800000 17875.3 -0.257667 2999.94 0.999435
1059900000 17875.3 -0.349727 2999.96 0.999392
1060000000 17875.3 -0.267371 2999.94 0.999382
1060100000 17875.3 -0.351187 2999.96 0.99942
1060200000 17875.3 -0.188829 2999.93 0.999379
1060300000 17875.3 -0.0515917 2999.91 0.999508
1060400000 17875.3 0.288151 2999.85 0.999547
1060500000 17875.3 1.13413 2999.71 0.999722
1060600000 17875.3 0.017499 2999.9 0.999504
1060700000 17875.3 -0.248172 2999.94 0.999373
1060800000 17875.3 -0.0525389 2999.91 0.99942
1060900000 17875.3 -0.28739 2999.95 0.999433
1061000000 17875.3 -0.165574 2999.93 0.999427
1061100000 17875.3 0.776846 2999.77 0.999759
1061200000 17875.3 -0.2417 2999.94 0.999394
1061300000 17875.3 -0.380938 2999.96 0.999433
1061400000 17875.3 -0.0695809 2999.91 0.999383
1061500000 17875.3 -0.144206 2999.92 0.999379
1061600000 17875.3 -0.113716 2999.92 0.999381
1061700000 17875.3 -0.18923 2999.93 0.999408
1061800000 17875.3 0.103179 2999.88 0.999516
1061900000 17875.3 -0.199617 2999.93 0.999383
1062000000 17875.3 0.991923 2999.73 0.999736
1062100000 17875.3 1.75138 2999.6 0.999914
1062200000 17875.3 -0.156315 2999.92 0.999379
1062300000 17875.3 -0.271155 2999.94 0.999365
1062400000 17875.3 -0.21759 2999.93 0.999369
1062500000 17875.3 -0.0599072 2999.91 0.99952
1062600000 17875.3 -0.0521087 2999.91 0.999546
1062700000 17875.3 -0.202405 2999.93 0.99937
1062800000 17875.3 1.80538 2999.6 0.99986
1062900000 17875.3 0.616757 2999.79 0.99974
1063000000 17875.3 0.188898 2999.87 0.99953
1063100000 17875.3 -0.358117 2999.96 0.999418
1063200000 17875.3 -0.139784 2999.92 0.999392
1063300000 17875.3 0.4079 2999.83 0.999641
1063400000 17875.3 -0.0873621 2999.91 0.999444
1063500000 17875.3 -0.210431 2999.93 0.999374
1063600000 17875.3 -0.381579 2999.96 0.999404
1063700000 17875.3 -0.12903 2999.92 0.999387
1063800000 17875.3 0.0792124 2999.88 0.999507
1063900000 17875.3 -0.257983 2999.94 0.999401
1064000000 17875.3 -0.16759 2999.93 0.999373
1064100000 17875.3 -0.12413 2999.92 0.999412
1064200000 17875.3 -0.00300329 2999.9 0.999474
1064300000 17875.3 0.0170043 2999.9 0.999475
1064400000 17875.3 -0.0637995 2999.91 0.999463
1064500000 17875.3 -0.356074 2999.96 0.999405
1064600000 17875.3 -0.167105 2999.93 0.999436
1064700000 17875.3 -0.167734 2999.93 0.99941
1064800000 17875.3 -0.271104 2999.94 0.999382
1064900000 17875.3 -0.113795 2999.92 0.999503
1065000000 17875.3 -0.116006 2999.92 0.999379
1065100000 17875.3 0.200614 2999.86 0.999582
1065200000 17875.3 -0.0223552 2999.9 0.999457
1065300000 17875.3 -0.120867 2999.92 0.999412
1065400000 17875.3 -0.0529204 2999.91 0.999472
1065500000 17875.3 -0.124678 2999.92 0.999437
1065600000 17875.3 -0.2448 2999.94 0.99939
1065700000 17875.3 -0.0872972 2999.91 0.999453
1065800000 17875.3 0.719403 2999.78 0.999768
1065900000 17875.3 -0.158295 2999.92 0.999385
1066000000 17875.3 -0.386767 2999.96 0.999372
1066100000 17875.3 -0.0624569 2999.91 0.999387
1066200000 17875.3 -0.0443825 2999.91 0.999458
1066300000 17875.3 -0.214492 2999.93 0.999397
1066400000 17875.3 0.0607414 2999.89 0.999494
1066500000 17875.3 -0.251322 2999.94 0.999473
1066600000 17875.3 -0.277412 2999.94 0.999392
1066700000 17875.3 -0.140005 2999.92 0.99938
1066800000 17875.3 -0.130778 2999.92 0.999383
1066900000 17875.3 -0.258497 2999.94 0.999379
1067000000 17875.3 -0.146938 2999.92 0.999451
1067100000 17875.3 -0.183883 2999.93 0.999375
1067200000 17875.3 -0.204179 2999.93 0.999466
1067300000 17875.3 0.150196 2999.87 0.999523
1067400000 17875.3 -0.264241 2999.94 0.999417
1067500000 17875.3 -0.13304 2999.92 0.999378
1067600000 17875.3 -0.0258567 2999.9 0.999448
1067700000 17875.3 -0.165007 2999.93 0.999458
1067800000 17875.3 0.780355 2999.77 0.999632
1067900000 17875.3 -0.283498 2999.95 0.999384
1068000000 17875.3 -0.156366 2999.92 0.999377
1068100000 17875.3 -0.138851 2999.92 0.999383
1068200000 17875.3 0.044253 2999.89 0.99951
1068300000 17875.3 -0.221122 2999.94 0.999375
1068400000 17875.3 -0.132713 2999.92 0.999439
1068500000 17875.3 -0.219479 2999.93 0.999394
1068600000 17875.3 -0.11142 2999.92 0.999378
1068700000 17875.3 0.39868 2999.83 0.999565
1068800000 17875.3 -0.0361133 2999.9 0.999488
1068900000 17875.3 -0.260649 2999.94 0.999397
1069000000 17875.3 -0.0658778 2999.91 0.999478
1069100000 17875.3 -0.370345 2999.96 0.999383
1069200000 17875.3 -0.168772 2999.93 0.999419
1069300000 17875.3 -0.0823054 2999.91 0.999437
1069400000 17875.3 -0.297109 2999.95 0.9994
1069500000 17875.3 0.223608 2999.86 0.999642
1069600000 17875.3 -0.177904 2999.93 0.999397
1069700000 17875.3 -0.193299 2999.93 0.999378
1069800000 17875.3 -0.301044 2999.95 0.999387
1069900000 17875.3 -0.0578792 2999.91 0.999509
1070000000 17875.3 0.131031 2999.88 0.999539
1070100000 17875.3 -0.0866062 2999.91 0.999381
1070200000 17875.3 0.651213 2999.79 0.999674
1070300000 17875.3 -0.118426 2999.92 0.999432
1070400000 17875.3 -0.025822 2999.9 0.999495
1070500000 17875.3 2.98503 2999.4 1.0001
1070600000 17875.3 -0.13988 2999.92 0.999381
1070700000 17875.3 -0.0650834 2999.91 0.999449
1070800000 17875.3 -0.20845 2999.93 0.999375
1070900000 17875.3 0.0575515 2999.89 0.999509
1071000000 17875.3 -0.0656031 2999.91 0.999417
1071100000 17875.3 -0.239176 2999.94 0.999441
1071200000 17875.3 -0.176024 2999.93 0.999374
1071300000 17875.3 -0.348548 2999.96 0.999407
1071400000 17875.3 -0.352908 2999.96 0.999369
1071500000 17875.3 -0.157223 2999.92 0.999401
1071600000 17875.3 -0.255516 2999.94 0.999423
1071700000 17875.3 -0.0328543 2999.9 0.999473
1071800000 17875.3 -0.32098 2999.95 0.999396
1071900000 17875.3 -0.146789 2999.92 0.999377
1072000000 17875.3 -0.315461 2999.95 0.999381
1072100000 17875.3 -0.224464 2999.94 0.999463
1072200000 17875.3 -0.130777 2999.92 0.999476
1072300000 17875.3 -0.202964 2999.93 0.999459
1072400000 17875.3 -0.131471 2999.92 0.999484
1072500000 17875.3 -0.17446 2999.93 0.999399
1072600000 17875.3 -0.0520866 2999.91 0.999441
1072700000 17875.3 -0.0884384 2999.91 0.999403
1072800000 17875.3 0.0392189 2999.89 0.999492
1072900000 17875.3 -0.2096 2999.93 0.999397
1073000000 17875.3 0.11167 2999.88 0.99951
1073100000 17875.3 -0.159323 2999.92 0.999371
1073200000 17875.3 -0.104174 2999.92 0.999381
1073300000 17875.3 -0.335432 2999.95 0.999411
1073400000 17875.3 -0.198152 2999.93 0.99938
1073500000 17875.3 0.16251 2999.87 0.999562
1073600000 17875.3 -0.0453551 2999.91 0.999424
1073700000 17875.3 0.320713 2999.84 0.999537
1073800000 17875.3 -0.0240487 2999.9 0.999447
1073900000 17875.3 -0.297251 2999.95 0.999371
1074000000 17875.3 -0.337129 2999.95 0.99939
1074100000 17875.3 -0.0633857 2999.91 0.999385
1074200000 17875.3 -0.157922 2999.92 0.99938
1074300000 17875.3 -0.0817038 2999.91 0.99944
1074400000 17875.3 0.0460988 2999.89 0.999478
1074500000 17875.3 -0.124406 2999.92 0.999404
1074600000 17875.3 -0.276448 2999.94 0.999415
1074700000 17875.3 0.564167 2999.8 0.999627
1074800000 17875.3 -0.203035 2999.93 0.999386
1074900000 17875.3 -0.174857 2999.93 0.999389
1075000000 17875.3 -0.238056 2999.94 0.999391
1075100000 17875.3 0.907257 2999.75 0.999698
1075200000 17875.3 -0.0471335 2999.91 0.999387
1075300000 17875.3 1.18803 2999.7 0.999793
1075400000 17875.3 -0.174875 2999.93 0.999404
1075500000 17875.3 -0.199906 2999.93 0.999448
1075600000 17875.3 -0.282768 2999.95 0.999437
1075700000 17875.3 0.472026 2999.82 0.99964
1075800000 17875.3 -0.274534 2999.94 0.999455
1075900000 17875.3 -0.230359 2999.94 0.999386
1076000000 17875.3 0.518448 2999.81 0.999574
1076100000 17875.3 -0.252474 2999.94 0.999406
1076200000 17875.3 -0.0860421 2999.91 0.999392
1076300000 17875.3 0.386456 2999.83 0.999735
1076400000 17875.3 -0.294083 2999.95 0.999422
1076500000 17875.3 -0.130347 2999.92 0.99943
1076600000 17875.3 -0.159195 2999.92 0.999426
1076700000 17875.3 -0.183216 2999.93 0.999403
1076800000 17875.3 -0.295089 2999.95 0.999417
1076900000 17875.3 -0.172981 2999.93 0.99947
1077000000 17875.3 -0.162381 2999.93 0.999378
1077100000 17875.3 -0.101506 2999.92 0.999409
1077200000 17875.3 -0.0258826 2999.9 0.99939
1077300000 17875.3 -0.124917 2999.92 0.999403
1077400000 17875.3 0.32329 2999.84 0.999605
1077500000 17875.3 2.28714 2999.51 0.999927
1077600000 17875.3 -0.0867774 2999.91 0.999384
1077700000 17875.3 2.3764 2999.5 1.00001
1077800000 17875.3 -0.204909 2999.93 0.999372
1077900000 17875.3 0.677528 2999.78 0.999641
1078000000 17875.3 0.559465 2999.8 0.999594
1078100000 17875.3 -0.223011 2999.94 0.999431
1078200000 17875.3 0.641277 2999.79 0.999665
1078300000 17875.3 -0.137007 2999.92 0.999379
1078400000 17875.3 0.806035 2999.76 0.999776
1078500000 17875.3 0.546663 2999.81 0.999711
1078600000 17875.3 0.44942 2999.82 0.999645
1078700000 17875.3 -0.278062 2999.94 0.999386
1078800000 17875.3 -0.120018 2999.92 0.999383
1078900000 17875.3 -0.24584 2999.94 0.99938
1079000000 17875.3 -0.226296 2999.94 0.999402
1079100000 17875.3 -0.190965 2999.93 0.999399
1079200000 17875.3 -0.13746 2999.92 0.999431
1079300000 17875.3 -0.158754 2999.92 0.999401
1079400000 17875.3 -0.171629 2999.93 0.999382
1079500000 17875.3 -0.19973 2999.93 0.99937
1079600000 17875.3 -0.18663 2999.93 0.999386
1079700000 17875.3 1.44969 2999.65 0.999774
1079800000 17875.3 0.0212927 2999.89 0.999485
1079900000 17875.3 -0.325175 2999.95 0.999391
1080000000 17875.3 -0.169073 2999.93 0.999378
1080100000 17875.3 0.18297 2999.87 0.999507
1080200000 17875.3 -0.0673196 2999.91 0.999385
1080300000 17875.3 -0.247826 2999.94 0.999417
1080400000 17875.3 -0.271981 2999.94 0.999371
1080500000 17875.3 -0.274292 2999.94 0.999398
1080600000 17875.3 -0.0713032 2999.91 0.999444
1080700000 17875.3 0.56062 2999.8 0.999641
1080800000 17875.3 0.590318 2999.8 0.999643
1080900000 17875.3 0.0340891 2999.89 0.999448
1081000000 17875.3 -0.340273 2999.96 0.999391
1081100000 17875.3 -0.233917 2999.94 0.999388
1081200000 17875.3 -0.0882306 2999.91 0.999414
1081300000 17875.3 -0.226183 2999.94 0.999473
1081400000 17875.3 -0.186375 2999.93 0.999409
1081500000 17875.3 -0.2563 2999.94 0.999366
1081600000 17875.3 -0.291723 2999.95 0.9994
1081700000 17875.3 0.060041 2999.89 0.999521
1081800000 17875.3 0.0517915 2999.89 0.999506
1081900000 17875.3 1.21328 2999.69 0.999772
1082000000 17875.3 4.38983 2999.16 1.00047
1082100000 17875.3 -0.246955 2999.94 0.999371
1082200000 17875.3 1.09236 2999.71 0.999772
1082300000 17875.3 -0.265324 2999.94 0.999369
1082400000 17875.3 3.69691 2999.28 1.00027
1082500000 17875.3 0.349144 2999.84 0.999536
1082600000 17875.3 -0.526542 2999.99 0.999364
1082700000 17875.3 0.500074 2999.81 0.999623
1082800000 17875.3 0.152506 2999.87 0.999508
1082900000 17875.3 -0.165648 2999.93 0.999374
1083000000 17875.3 -0.247189 2999.94 0.999401
1083100000 17875.3 0.93462 2999.74 0.99976
1083200000 17875.3 0.275511 2999.85 0.99957
1083300000 17875.3 -0.235167 2999.94 0.999367
1083400000 17875.3 -0.0397657 2999.9 0.999453
1083500000 17875.3 -0.242058 2999.94 0.999379
1083600000 17875.3 -0.191264 2999.93 0.999382
1083700000 17875.3 0.110958 2999.88 0.99954
1083800000 17875.3 -0.177819 2999.93 0.999382
1083900000 17875.3 0.0465912 2999.89 0.999488
1084000000 17875.3 -0.0703985 2999.91 0.999385
1084100000 17875.3 -0.00557767 2999.9 0.999448
1084200000 17875.3 -0.15102 2999.92 0.999426
1084300000 17875.3 0.115026 2999.88 0.999505
1084400000 17875.3 0.557908 2999.8 0.999606
1084500000 17875.3 -0.232323 2999.94 0.999398
1084600000 17875.3 -0.298507 2999.95 0.999438
1084700000 17875.3 -0.0607511 2999.91 0.999384
1084800000 17875.3 0.853658 2999.75 0.999708
1084900000 17875.3 0.0969673 2999.88 0.999579
1085000000 17875.3 -0.209028 2999.93 0.999415
1085100000 17875.3 -0.106029 2999.92 0.999422
1085200000 17875.3 -0.0904056 2999.91 0.999458
1085300000 17875.3 -0.246873 2999.94 0.999435
1085400000 17875.3 0.0545158 2999.89 0.99947
1085500000 17875.3 0.193804 2999.87 0.99953
1085600000 17875.3 0.0109271 2999.9 0.999445
1085700000 17875.3 -0.176567 2999.93 0.999465
1085800000 17875.3 -0.300499 2999.95 0.999411
1085900000 17875.3 -0.154393 2999.92 0.999396
1086000000 17875.3 0.147092 2999.87 0.999486
1086100000 17875.3 0.0507243 2999.89 0.999571
1086200000 17875.3 -0.408202 2999.97 0.999437
1086300000 17875.3 -0.0466639 2999.91 0.999387
1086400000 17875.3 1.46975 2999.65 0.999848
1086500000 17875.3 -0.212045 2999.93 0.9994
1086600000 17875.3 -0.0916877 2999.91 0.99949
1086700000 17875.3 -0.100429 2999.91 0.999418
1086800000 17875.3 -0.0443291 2999.91 0.999436
1086900000 17875.3 1.1344 2999.71 0.999783
1087000000 17875.3 -0.176721 2999.93 0.99942
1087100000 17875.3 -0.0398946 2999.9 0.999557
1087200000 17875.3 0.181962 2999.87 0.999517
1087300000 17875.3 -0.245777 2999.94 0.999382
1087400000 17875.3 -0.173591 2999.93 0.999383
1087500000 17875.3 -0.193493 2999.93 0.999372
1087600000 17875.3 -0.125436 2999.92 0.999376
1087700000 17875.3 -0.202788 2999.93 0.999475
1087800000 17875.3 -0.276232 2999.94 0.999402
1087900000 17875.3 -0.066894 2999.91 0.99952
1088000000 17875.3 0.0762913 2999.89 0.99952
1088100000 17875.3 -0.0989589 2999.91 0.999446
1088200000 17875.3 -0.302932 2999.95 0.999409
1088300000 17875.3 1.40758 2999.66 0.999755
1088400000 17875.3 0.152372 2999.87 0.999527
1088500000 17875.3 3.71848 2999.27 1.00038
1088600000 17875.3 -0.0711601 2999.91 0.999443
1088700000 17875.3 -0.0268968 2999.9 0.999462
1088800000 17875.3 -0.22719 2999.94 0.99937
1088900000 17875.3 -0.137232 2999.92 0.999381
1089000000 17875.3 2.69222 2999.45 1.00011
1089100000 17875.3 0.104304 2999.88 0.999518
1089200000 17875.3 -0.183781 2999.93 0.999382
1089300000 17875.3 -0.0447181 2999.91 0.999387
1089400000 17875.3 -0.0932262 2999.91 0.999437
1089500000 17875.3 -0.130442 2999.92 0.999378
1089600000 17875.3 -0.175126 2999.93 0.999389
1089700000 17875.3 -0.318303 2999.95 0.999372
1089800000 17875.3 -0.195033 2999.93 0.999376
1089900000 17875.3 0.0371236 2999.89 0.99948
1090000000 17875.3 -0.130317 2999.92 0.999432
1090100000 17875.3 -0.127893 2999.92 0.999426
1090200000 17875.3 1.51429 2999.64 0.999902
1090300000 17875.3 -0.139873 2999.92 0.999518
1090400000 17875.3 -0.166062 2999.93 0.999414
1090500000 17875.3 -0.11976 2999.92 0.99938
1090600000 17875.3 0.284716 2999.85 0.999596
1090700000 17875.3 -0.147483 2999.92 0.999447
1090800000 17875.3 -0.148799 2999.92 0.999376
1090900000 17875.3 -0.0811769 2999.91 0.999493
1091000000 17875.3 -0.0686659 2999.91 0.99943
1091100000 17875.3 -0.230097 2999.94 0.999373
1091200000 17875.3 -0.197309 2999.93 0.999425
1091300000 17875.3 -0.135099 2999.92 0.999428
1091400000 17875.3 -0.100855 2999.92 0.999459
1091500000 17875.3 0.545705 2999.81 0.999648
1091600000 17875.3 -0.189903 2999.93 0.999382
1091700000 17875.3 2.77852 2999.43 1.00004
1091800000 17875.3 -0.215807 2999.93 0.999396
1091900000 17875.3 -0.0316638 2999.9 0.999432
1092000000 17875.3 0.3803 2999.83 0.999589
1092100000 17875.3 -0.287376 2999.95 0.999401
1092200000 17875.3 0.032359 2999.89 0.999498
1092300000 17875.3 -0.295296 2999.95 0.999395
1092400000 17875.3 -0.148866 2999.92 0.999416
1092500000 17875.3 -0.140789 2999.92 0.999401
1092600000 17875.3 -0.169753 2999.93 0.999379
1092700000 17875.3 -0.27566 2999.94 0.999391
1092800000 17875.3 -0.176282 2999.93 0.999426
1092900000 17875.3 -0.11206 2999.92 0.999383
1093000000 17875.3 -0.130401 2999.92 0.999487
1093100000 17875.3 -0.202633 2999.93 0.999441
1093200000 17875.3 -0.0494921 2999.91 0.999386
1093300000 17875.3 -0.0758185 2999.91 0.999382
1093400000 17875.3 -0.169989 2999.93 0.999379
1093500000 17875.3 -0.203013 2999.93 0.999403
1093600000 17875.3 0.673754 2999.79 0.999634
1093700000 17875.3 0.423245 2999.83 0.999609
1093800000 17875.3 -0.0410563 2999.9 0.999568
1093900000 17875.3 -0.0801967 2999.91 0.999391
1094000000 17875.3 1.34899 2999.67 0.999759
1094100000 17875.3 -0.142839 2999.92 0.999403
1094200000 17875.3 -0.122391 2999.92 0.999415
1094300000 17875.3 0.606373 2999.8 0.999654
1094400000 17875.3 -0.124588 2999.92 0.999454
1094500000 17875.3 1.19265 2999.7 0.999763
1094600000 17875.3 -0.363265 2999.96 0.999404
1094700000 17875.3 -0.0107703 2999.9 0.99948
1094800000 17875.3 -0.0415515 2999.91 0.999389
1094900000 17875.3 -0.130326 2999.92 0.999381
1095000000 17875.3 -0.202684 2999.93 0.999371
1095100000 17875.3 -0.359463 2999.96 0.999387
1095200000 17875.3 -0.289147 2999.95 0.999434
1095300000 17875.3 -0.165568 2999.93 0.999376
1095400000 17875.3 -0.202551 2999.93 0.99943
1095500000 17875.3 -0.148074 2999.92 0.999408
1095600000 17875.3 -0.322898 2999.95 0.999373
1095700000 17875.3 -0.0326035 2999.9 0.999389
1095800000 17875.3 -0.1934 2999.93 0.999393
1095900000 17875.3 -0.133099 2999.92 0.999534
1096000000 17875.3 -0.19197 2999.93 0.999373
1096100000 17875.3 -0.227361 2999.94 0.99941
1096200000 17875.3 -0.201691 2999.93 0.9994
1096300000 17875.3 -0.203758 2999.93 0.999371
1096400000 17875.3 2.3075 2999.51 1.00005
1096500000 17875.3 -0.166304 2999.93 0.999375
1096600000 17875.3 -0.0897038 2999.91 0.999379
1096700000 17875.3 0.134507 2999.88 0.99953
1096800000 17875.3 0.198176 2999.86 0.999526
1096900000 17875.3 0.149423 2999.87 0.999516
1097000000 17875.3 -0.17761 2999.93 0.999374
1097100000 17875.3 -0.158309 2999.92 0.999445
1097200000 17875.3 -0.155973 2999.92 0.999393
1097300000 17875.3 -0.18329 2999.93 0.999376
1097400000 17875.3 -0.103762 2999.92 0.999378
1097500000 17875.3 1.20246 2999.7 0.999763
1097600000 17875.3 0.305404 2999.85 0.999563
1097700000 17875.3 0.127811 2999.88 0.999483
1097800000 17875.3 -0.19397 2999.93 0.999382
1097900000 17875.3 -0.114941 2999.92 0.999501
1098000000 17875.3 -0.218105 2999.93 0.99937
1098100000 17875.3 -0.0896577 2999.91 0.999499
1098200000 17875.3 -0.197724 2999.93 0.999395
1098300000 17875.3 -0.0251768 2999.9 0.999472
1098400000 17875.3 -0.173839 2999.93 0.999388
1098500000 17875.3 -0.0356865 2999.9 0.999482
1098600000 17875.3 0.0844298 2999.88 0.999537
1098700000 17875.3 1.56108 2999.64 0.999839
1098800000 17875.3 -0.142102 2999.92 0.999451
1098900000 17875.3 -0.147261 2999.92 0.999396
1099000000 17875.3 -0.0508505 2999.91 0.999386
1099100000 17875.3 -0.236656 2999.94 0.999408
1099200000 17875.3 -0.114508 2999.92 0.999381
1099300000 17875.3 -0.248971 2999.94 0.999405
1099400000 17875.3 -0.227204 2999.94 0.999387
1099500000 17875.3 -0.0655704 2999.91 0.999384
1099600000 17875.3 -0.119581 2999.92 0.999376
1099700000 17875.3 -0.144833 2999.92 0.99945
1099800000 17875.3 -0.188886 2999.93 0.999423
1099900000 17875.3 -0.171355 2999.93 0.99946
1100000000 17875.3 -0.414072 2999.97 0.999433
1100100000 17875.3 1.52668 2999.64 0.999787
1100200000 17875.3 -0.177052 2999.93 0.999428
1100300000 17875.3 -0.266913 2999.94 0.999368
1100400000 17875.3 0.168577 2999.87 0.999511
1100500000 17875.3 -0.0886371 2999.91 0.999465
1100600000 17875.3 -0.0782515 2999.91 0.99962
1100700000 17875.3 0.0240579 2999.89 0.99945
1100800000 17875.3 0.195327 2999.87 0.999511
1100900000 17875.3 -0.219511 2999.93 0.999385
1101000000 17875.3 -0.163573 2999.93 0.999375
1101100000 17875.3 -0.184489 2999.93 0.99939
1101200000 17875.3 0.454991 2999.82 0.999564
1101300000 17875.3 -0.23214 2999.94 0.999416
1101400000 17875.3 0.393886 2999.83 0.999584
1101500000 17875.3 -0.359414 2999.96 0.999376
1101600000 17875.3 -0.105571 2999.92 0.999381
1101700000 17875.3 -0.00907768 2999.9 0.999528
1101800000 17875.3 -0.226807 2999.94 0.999383
1101900000 17875.3 0.0706287 2999.89 0.999556
1102000000 17875.3 -0.190424 2999.93 0.999406
1102100000 17875.3 -0.253794 2999.94 0.999404
1102200000 17875.3 -0.222511 2999.94 0.999466
1102300000 17875.3 0.0235123 2999.89 0.999482
1102400000 17875.3 0.309845 2999.85 0.999547
1102500000 17875.3 0.538484 2999.81 0.999586
1102600000 17875.3 1.35818 2999.67 0.999868
1102700000 17875.3 -0.048359 2999.91 0.999387
1102800000 17875.3 -0.116781 2999.92 0.999401
1102900000 17875.3 -0.0966503 2999.91 0.999439
1103000000 17875.3 1.84376 2999.59 0.999958
1103100000 17875.3 -0.033916 2999.9 0.999456
1103200000 17875.3 1.02345 2999.73 0.999685
1103300000 17875.3 0.139207 2999.87 0.999572
1103400000 17875.3 -0.170188 2999.93 0.999444
1103500000 17875.3 -0.0307931 2999.9 0.999389
1103600000 17875.3 0.262551 2999.85 0.999594
1103700000 17875.3 -0.0682654 2999.91 0.999386
1103800000 17875.3 -0.100533 2999.91 0.999379
1103900000 17875.3 -0.192245 2999.93 0.999368
1104000000 17875.3 -0.0746892 2999.91 0.999384
1104100000 17875.3 0.359992 2999.84 0.999592
1104200000 17875.3 0.219056 2999.86 0.99963
1104300000 17875.3 -0.0836957 2999.91 0.999381
1104400000 17875.3 -0.161192 2999.93 0.999388
1104500000 17875.3 -0.285216 2999.95 0.999459
1104600000 17875.3 -0.0506159 2999.91 0.999486
1104700000 17875.3 -0.245081 2999.94 0.999461
1104800000 17875.3 0.0181145 2999.9 0.999481
1104900000 17875.3 -0.260181 2999.94 0.999383
1105000000 17875.3 0.0277499 2999.89 0.99951
1105100000 17875.3 -0.118431 2999.92 0.999404
1105200000 17875.3 -0.253762 2999.94 0.999411
1105300000 17875.3 -0.16936 2999.93 0.99938
1105400000 17875.3 -0.139655 2999.92 0.999385
1105500000 17875.3 -0.183372 2999.93 0.999388
1105600000 17875.3 -0.207458 2999.93 0.99938
1105700000 17875.3 -0.303717 2999.95 0.999368
1105800000 17875.3 -0.0342272 2999.9 0.999497
1105900000 17875.3 -0.129832 2999.92 0.999414
1106000000 17875.3 0.501583 2999.81 0.999725
1106100000 17875.3 -0.317306 2999.95 0.99943
1106200000 17875.3 -0.228442 2999.94 0.999423
1106300000 17875.3 -0.249408 2999.94 0.999379
1106400000 17875.3 0.134209 2999.88 0.999624
1106500000 17875.3 0.799879 2999.76 0.999685
1106600000 17875.3 -0.300873 2999.95 0.999543
1106700000 17875.3 -0.134843 2999.92 0.999378
1106800000 17875.3 -0.380201 2999.96 0.999382
1106900000 17875.3 -0.180914 2999.93 0.999369
1107000000 17875.3 -0.291447 2999.95 0.999391
1107100000 17875.3 -0.0574571 2999.91 0.999384
1107200000 17875.3 -0.082058 2999.91 0.999522
1107300000 17875.3 -0.310195 2999.95 0.999407
1107400000 17875.3 -0.210108 2999.93 0.999384
1107500000 17875.3 0.362187 2999.84 0.999621
1107600000 17875.3 0.0630563 2999.89 0.999502
1107700000 17875.3 -0.203154 2999.93 0.999394
1107800000 17875.3 -0.150219 2999.92 0.999413
1107900000 17875.3 0.560355 2999.8 0.999613
1108000000 17875.3 0.352658 2999.84 0.999594
1108100000 17875.3 -0.317884 2999.95 0.999391
1108200000 17875.3 -0.241561 2999.94 0.999392
1108300000 17875.3 -0.000179411 2999.9 0.999462
1108400000 17875.3 0.169594 2999.87 0.999502
1108500000 17875.3 1.69407 2999.61 0.999811
1108600000 17875.3 0.179582 2999.87 0.999518
1108700000 17875.3 -0.140162 2999.92 0.999506
1108800000 17875.3 0.329976 2999.84 0.999669
1108900000 17875.3 0.746378 2999.77 0.99967
1109000000 17875.3 -0.339399 2999.96 0.999422
1109100000 17875.3 -0.0672661 2999.91 0.99944
1109200000 17875.3 -0.199094 2999.93 0.999409
1109300000 17875.3 -0.195328 2999.93 0.999372
1109400000 17875.3 1.92144 2999.58 0.999884
1109500000 17875.3 -0.152134 2999.92 0.999428
1109600000 17875.3 -0.127055 2999.92 0.999421
1109700000 17875.3 -0.127394 2999.92 0.99946
1109800000 17875.3 -0.20247 2999.93 0.999411
1109900000 17875.3 -0.0647168 2999.91 0.999431
1110000000 17875.3 0.361808 2999.84 0.999564
1110100000 17875.3 0.0163383 2999.9 0.999468
1110200000 17875.3 -0.226744 2999.94 0.999405
1110300000 17875.3 0.29653 2999.85 0.999569
1110400000 17875.3 1.24858 2999.69 0.999747
1110500000 17875.3 -0.187111 2999.93 0.999373
1110600000 17875.3 -0.229233 2999.94 0.999377
1110700000 17875.3 -0.0224417 2999.9 0.999517
1110800000 17875.3 -0.00995031 2999.9 0.999486
1110900000 17875.3 -0.0260754 2999.9 0.999447
1111000000 17875.3 -0.167534 2999.93 0.999381
1111100000 17875.3 0.45511 2999.82 0.99956
1111200000 17875.3 -0.244202 2999.94 0.99939
1111300000 17875.3 -0.0219519 2999.9 0.999503
1111400000 17875.3 -0.15209 2999.92 0.999388
1111500000 17875.3 -0.0471588 2999.91 0.999433
1111600000 17875.3 -0.107587 2999.92 0.999387
1111700000 17875.3 -0.150427 2999.92 0.999417
1111800000 17875.3 -0.223695 2999.94 0.99946
1111900000 17875.3 0.451084 2999.82 0.999661
1112000000 17875.3 -0.167185 2999.93 0.999374
1112100000 17875.3 0.209025 2999.86 0.999573
1112200000 17875.3 0.624843 2999.79 0.999637
1112300000 17875.3 -0.221636 2999.94 0.999381
1112400000 17875.3 -0.0938233 2999.91 0.999431
1112500000 17875.3 0.758742 2999.77 0.999685
1112600000 17875.3 -0.134195 2999.92 0.999442
1112700000 17875.3 -0.119064 2999.92 0.999476
1112800000 17875.3 -0.186749 2999.93 0.999371
1112900000 17875.3 -0.163562 2999.93 0.999467
1113000000 17875.3 -0.198499 2999.93 0.999376
1113100000 17875.3 1.44334 2999.66 0.999829
1113200000 17875.3 2.46395 2999.48 0.99999
1113300000 17875.3 -0.130709 2999.92 0.999405
1113400000 17875.3 -0.137036 2999.92 0.999379
1113500000 17875.3 -0.119494 2999.92 0.999413
1113600000 17875.3 -0.0975859 2999.91 0.999386
1113700000 17875.3 -0.0988024 2999.91 0.999387
1113800000 17875.3 -0.187293 2999.93 0.999416
1113900000 17875.3 -0.138086 2999.92 0.999455
1114000000 17875.3 -0.266823 2999.94 0.99939
1114100000 17875.3 -0.214928 2999.93 0.999399
1114200000 17875.3 0.219834 2999.86 0.999536
1114300000 17875.3 0.158799 2999.87 0.999517
1114400000 17875.3 -0.321777 2999.95 0.999381
1114500000 17875.3 -0.140502 2999.92 0.999384
1114600000 17875.3 -0.132319 2999.92 0.999397
1114700000 17875.3 -0.127218 2999.92 0.999378
1114800000 17875.3 0.633754 2999.79 0.999694
1114900000 17875.3 0.104118 2999.88 0.999491
1115000000 17875.3 -0.0699807 2999.91 0.999446
1115100000 17875.3 0.828456 2999.76 0.999706
1115200000 17875.3 -0.0203462 2999.9 0.999446
1115300000 17875.3 -0.164952 2999.93 0.999372
1115400000 17875.3 -0.120579 2999.92 0.999381
1115500000 17875.3 -0.128967 2999.92 0.999377
1115600000 17875.3 0.310444 2999.85 0.999629
1115700000 17875.3 0.670753 2999.79 0.999643
1115800000 17875.3 0.114191 2999.88 0.999493
1115900000 17875.3 0.173149 2999.87 0.999512
1116000000 17875.3 0.960269 2999.74 0.999721
1116100000 17875.3 -0.103533 2999.92 0.999375
1116200000 17875.3 0.113676 2999.88 0.999474
1116300000 17875.3 0.581008 2999.8 0.999613
1116400000 17875.3 -0.29991 2999.95 0.999365
1116500000 17875.3 0.264857 2999.85 0.999563
1116600000 17875.3 -0.0982045 2999.91 0.99952
1116700000 17875.3 -0.221125 2999.94 0.9994
1116800000 17875.3 0.387232 2999.83 0.999626
1116900000 17875.3 -0.162977 2999.93 0.999384
1117000000 17875.3 1.03551 2999.72 0.999779
1117100000 17875.3 -0.174007 2999.93 0.999401
1117200000 17875.3 -0.0449776 2999.91 0.999479
1117300000 17875.3 -0.119765 2999.92 0.999406
1117400000 17875.3 0.658311 2999.79 0.99967
1117500000 17875.3 -0.19887 2999.93 0.999417
1117600000 17875.3 -0.124928 2999.92 0.99938
1117700000 17875.3 0.0515666 2999.89 0.999501
1117800000 17875.3 -0.106677 2999.92 0.999457
1117900000 17875.3 -0.197301 2999.93 0.999451
1118000000 17875.3 0.388261 2999.83 0.999584
1118100000 17875.3 0.0395344 2999.89 0.999457
1118200000 17875.3 0.290562 2999.85 0.999567
1118300000 17875.3 -0.204755 2999.93 0.999411
1118400000 17875.3 0.125297 2999.88 0.999556
1118500000 17875.3 0.142575 2999.87 0.99953
1118600000 17875.3 0.297013 2999.85 0.999584
1118700000 17875.3 0.078595 2999.88 0.999502
1118800000 17875.3 0.214143 2999.86 0.999534
1118900000 17875.3 0.44983 2999.82 0.999649
1119000000 17875.3 0.897205 2999.75 0.99968
1119100000 17875.3 -0.115257 2999.92 0.99943
1119200000 17875.3 -0.337013 2999.95 0.999457
1119300000 17875.3 0.828804 2999.76 0.999771
1119400000 17875.3 -0.0991726 2999.91 0.999402
1119500000 17875.3 -0.254841 2999.94 0.999368
1119600000 17875.3 0.140528 2999.87 0.999522
1119700000 17875.3 -0.277331 2999.94 0.999443
1119800000 17875.3 0.417471 2999.83 0.999648
1119900000 17875.3 1.93903 2999.57 0.999915
1120000000 17875.3 -0.192065 2999.93 0.999438
1120100000 17875.3 -0.169139 2999.93 0.999422
1120200000 17875.3 0.506146 2999.81 0.999644
1120300000 17875.3 -0.12434 2999.92 0.999377
1120400000 17875.3 -0.139792 2999.92 0.999509
1120500000 17875.3 -0.209605 2999.93 0.999393
1120600000 17875.3 0.574478 2999.8 0.999683
1120700000 17875.3 0.0327627 2999.89 0.999463
1120800000 17875.3 -0.257078 2999.94 0.999395
1120900000 17875.3 -0.279064 2999.94 0.999391
1121000000 17875.3 -0.0809812 2999.91 0.999382
1121100000 17875.3 0.251937 2999.86 0.999641
1121200000 17875.3 -0.227805 2999.94 0.99938
1121300000 17875.3 -0.0891012 2999.91 0.999382
1121400000 17875.3 0.103948 2999.88 0.99947
1121500000 17875.3 0.00362692 2999.9 0.999515
1121600000 17875.3 2.03311 2999.56 0.999957
1121700000 17875.3 -0.247385 2999.94 0.99939
1121800000 17875.3 0.158863 2999.87 0.999537
1121900000 17875.3 -0.0911463 2999.91 0.99938
1122000000 17875.3 0.395541 2999.83 0.999619
1122100000 17875.3 0.104657 2999.88 0.99953
1122200000 17875.3 -0.160386 2999.93 0.999383
1122300000 17875.3 -0.187922 2999.93 0.999378
1122400000 17875.3 -0.115656 2999.92 0.99938
1122500000 17875.3 -0.162086 2999.93 0.999384
1122600000 17875.3 -0.274438 2999.94 0.999441
1122700000 17875.3 -0.221517 2999.94 0.99942
1122800000 17875.3 0.557382 2999.8 0.999694
1122900000 17875.3 -0.103864 2999.92 0.999401
1123000000 17875.3 -0.202644 2999.93 0.999382
1123100000 17875.3 -0.150872 2999.92 0.999378
1123200000 17875.3 0.248696 2999.86 0.999603
1123300000 17875.3 -0.127622 2999.92 0.999381
1123400000 17875.3 1.6534 2999.62 0.999827
1123500000 17875.3 -0.207957 2999.93 0.999392
1123600000 17875.3 -0.385126 2999.96 0.999407
1123700000 17875.3 0.439627 2999.82 0.9997
1123800000 17875.3 -0.304156 2999.95 0.9994
1123900000 17875.3 -0.294931 2999.95 0.99941
1124000000 17875.3 0.818501 2999.76 0.999717
1124100000 17875.3 1.59146 2999.63 0.999813
1124200000 17875.3 -0.076039 2999.91 0.999406
1124300000 17875.3 -0.0834624 2999.91 0.9995
1124400000 17875.3 -0.421435 2999.97 0.999411
1124500000 17875.3 5.04045 2999.05 1.0004
1124600000 17875.3 0.103384 2999.88 0.999513
1124700000 17875.3 -0.192187 2999.93 0.99941
1124800000 17875.3 0.118798 2999.88 0.999506
1124900000 17875.3 2.09906 2999.55 0.999981
1125000000 17875.3 -0.145089 2999.92 0.999382
1125100000 17875.3 -0.315821 2999.95 0.999375
1125200000 17875.3 -0.162179 2999.93 0.999431
1125300000 17875.3 -0.134619 2999.92 0.999492
1125400000 17875.3 -0.0791927 2999.91 0.999416
1125500000 17875.3 -0.291442 2999.95 0.999419
1125600000 17875.3 -0.0548111 2999.91 0.999385
1125700000 17875.3 -0.136604 2999.92 0.999423
1125800000 17875.3 0.0432411 2999.89 0.999493
1125900000 17875.3 0.0200587 2999.89 0.9995
1126000000 17875.3 -0.218208 2999.93 0.999372
1126100000 17875.3 0.697389 2999.78 0.999725
1126200000 17875.3 0.950388 2999.74 0.999698
1126300000 17875.3 -0.283824 2999.95 0.999379
1126400000 17875.3 -0.0999531 2999.91 0.999452
1126500000 17875.3 -0.187347 2999.93 0.999381
1126600000 17875.3 -0.161449 2999.93 0.999409
1126700000 17875.3 -0.186404 2999.93 0.999371
1126800000 17875.3 0.145153 2999.87 0.999559
1126900000 17875.3 0.143331 2999.87 0.999509
1127000000 17875.3 -0.12423 2999.92 0.99945
1127100000 17875.3 -0.106385 2999.92 0.999385
1127200000 17875.3 -0.13994 2999.92 0.999376
1127300000 17875.3 -0.137458 2999.92 0.999416
1127400000 17875.3 -0.10727 2999.92 0.999457
1127500000 17875.3 -0.207991 2999.93 0.999367
1127600000 17875.3 -0.180488 2999.93 0.99939
1127700000 17875.3 -0.198957 2999.93 0.99939
1127800000 17875.3 1.11229 2999.71 0.999729
1127900000 17875.3 0.747449 2999.77 0.999683
1128000000 17875.3 -0.0998995 2999.91 0.999456
1128100000 17875.3 -0.0379627 2999.9 0.999429
1128200000 17875.3 -0.167684 2999.93 0.999392
1128300000 17875.3 -0.174189 2999.93 0.99938
1128400000 17875.3 -0.184355 2999.93 0.99938
1128500000 17875.3 -0.193287 2999.93 0.999392
1128600000 17875.3 -0.10253 2999.92 0.999411
1128700000 17875.3 -0.274062 2999.94 0.999391
1128800000 17875.3 -0.241589 2999.94 0.999399
1128900000 17875.3 -0.124021 2999.92 0.999376
1129000000 17875.3 -0.111896 2999.92 0.999426
1129100000 17875.3 -0.189667 2999.93 0.999373
1129200000 17875.3 -0.141577 2999.92 0.999384
1129300000 17875.3 0.58768 2999.8 0.999612
1129400000 17875.3 -0.10938 2999.92 0.999434
1129500000 17875.3 -0.266102 2999.94 0.999389
1129600000 17875.3 -0.108423 2999.92 0.999391
1129700000 17875.3 0.815517 2999.76 0.999799
1129800000 17875.3 0.755468 2999.77 0.999716
1129900000 17875.3 -0.272796 2999.94 0.999392
1130000000 17875.3 -0.151267 2999.92 0.99942
1130100000 17875.3 0.486682 2999.82 0.999615
1130200000 17875.3 0.107579 2999.88 0.999542
1130300000 17875.3 -0.136835 2999.92 0.999381
1130400000 17875.3 -0.137583 2999.92 0.999379
1130500000 17875.3 -0.10899 2999.92 0.999394
1130600000 17875.3 0.232551 2999.86 0.999506
1130700000 17875.3 -0.265665 2999.94 0.999389
1130800000 17875.3 0.0649615 2999.89 0.999512
1130900000 17875.3 -0.200184 2999.93 0.999384
1131000000 17875.3 -0.188367 2999.93 0.999414
1131100000 17875.3 -0.275726 2999.94 0.999438
1131200000 17875.3 0.136715 2999.88 0.999485
1131300000 17875.3 -0.130312 2999.92 0.999378
1131400000 17875.3 -0.22611 2999.94 0.999443
1131500000 17875.3 -0.0592759 2999.91 0.999384
1131600000 17875.3 2.0054 2999.56 1
1131700000 17875.3 -0.544667 2999.99 0.999387
1131800000 17875.3 0.0980022 2999.88 0.999554
1131900000 17875.3 -0.307438 2999.95 0.999388
1132000000 17875.3 -0.308622 2999.95 0.999384
1132100000 17875.3 -0.0646545 2999.91 0.999458
1132200000 17875.3 -0.100744 2999.92 0.999378
1132300000 17875.3 1.77001 2999.6 0.999909
1132400000 17875.3 -0.380174 2999.96 0.999394
1132500000 17875.3 -0.185063 2999.93 0.999389
1132600000 17875.3 -0.156548 2999.92 0.999474
1132700000 17875.3 -0.170708 2999.93 0.999393
1132800000 17875.3 0.221025 2999.86 0.99958
1132900000 17875.3 -0.393624 2999.96 0.999363
1133000000 17875.3 -0.0820538 2999.91 0.999417
1133100000 17875.3 -0.177064 2999.93 0.99937
1133200000 17875.3 -0.145808 2999.92 0.99941
1133300000 17875.3 0.0957747 2999.88 0.999545
1133400000 17875.3 -0.301929 2999.95 0.999483
1133500000 17875.3 -0.12035 2999.92 0.999395
1133600000 17875.3 -0.139602 2999.92 0.999387
1133700000 17875.3 -0.110737 2999.92 0.999482
1133800000 17875.3 0.119526 2999.88 0.999557
1133900000 17875.3 -0.169002 2999.93 0.999416
1134000000 17875.3 -0.213313 2999.93 0.999424
1134100000 17875.3 0.430392 2999.83 0.999593
1134200000 17875.3 1.59175 2999.63 0.999866
1134300000 17875.3 -0.20001 2999.93 0.999412
1134400000 17875.3 0.179371 2999.87 0.999611
1134500000 17875.3 -0.313547 2999.95 0.999369
1134600000 17875.3 0.406022 2999.83 0.999635
1134700000 17875.3 0.0229982 2999.89 0.999478
1134800000 17875.3 0.410391 2999.83 0.9996
1134900000 17875.3 -0.0523445 2999.91 0.999384
1135000000 17875.3 -0.0525351 2999.91 0.999476
1135100000 17875.3 -0.0895381 2999.91 0.999408
1135200000 17875.3 -0.341313 2999.96 0.999392
1135300000 17875.3 -0.0655074 2999.91 0.999429
1135400000 17875.3 -0.2338 2999.94 0.999379
1135500000 17875.3 -0.198296 2999.93 0.999464
1135600000 17875.3 0.4115 2999.83 0.999586
1135700000 17875.3 -0.0860497 2999.91 0.999533
1135800000 17875.3 -0.221212 2999.94 0.999395
1135900000 17875.3 0.610527 2999.8 0.999595
1136000000 17875.3 -0.125866 2999.92 0.99941
1136100000 17875.3 -0.297972 2999.95 0.999367
1136200000 17875.3 0.540241 2999.81 0.999684
1136300000 17875.3 0.477478 2999.82 0.999656
1136400000 17875.3 0.639683 2999.79 0.999716
1136500000 17875.3 -0.128392 2999.92 0.999479
1136600000 17875.3 -0.149208 2999.92 0.99943
1136700000 17875.3 -0.132215 2999.92 0.999389
1136800000 17875.3 0.736481 2999.77 0.999697
1136900000 17875.3 -0.0732338 2999.91 0.999382
1137000000 17875.3 -0.235098 2999.94 0.999452
1137100000 17875.3 -0.121441 2999.92 0.999546
1137200000 17875.3 -0.619637 3000 0.999349
1137300000 17875.3 -0.362735 2999.96 0.999425
1137400000 17875.3 -0.333613 2999.95 0.999403
1137500000 17875.3 -0.65491 3000.01 0.999412
1137600000 17875.3 -0.107991 2999.92 0.999476
1137700000 17875.3 -0.359282 2999.96 0.999367
1137800000 17875.3 -0.523366 2999.99 0.999378
1137900000 17875.3 -0.287017 2999.95 0.999397
1138000000 17875.3 1.73003 2999.61 0.999893
1138100000 17875.3 -0.130112 2999.92 0.999454
1138200000 17875.3 -0.196669 2999.93 0.999371
1138300000 17875.3 -0.192604 2999.93 0.999394
1138400000 17875.3 -0.13375 2999.92 0.999424
1138500000 17875.3 -0.328244 2999.95 0.999441
1138600000 17875.3 -0.166677 2999.93 0.999397
1138700000 17875.3 0.112827 2999.88 0.999504
1138800000 17875.3 -0.274152 2999.94 0.999402
1138900000 17875.3 0.289825 2999.85 0.999527
1139000000 17875.3 -0.315723 2999.95 0.999379
1139100000 17875.3 -0.0465645 2999.91 0.999476
1139200000 17875.3 -0.187112 2999.93 0.999376
1139300000 17875.3 -0.175003 2999.93 0.999377
1139400000 17875.3 -0.129099 2999.92 0.999375
1139500000 17875.3 -0.279056 2999.94 0.999422
1139600000 17875.3 -0.171859 2999.93 0.999424
1139700000 17875.3 -0.358063 2999.96 0.999389
1139800000 17875.3 0.0896592 2999.88 0.999506
1139900000 17875.3 -0.148102 2999.92 0.999414
1140000000 17875.3 -0.0230394 2999.9 0.999439
1140100000 17875.3 -0.144723 2999.92 0.999375
1140200000 17875.3 -0.333515 2999.95 0.999415
1140300000 17875.3 -0.273849 2999.94 0.999366
1140400000 17875.3 -0.176144 2999.93 0.999392
1140500000 17875.3 -0.026899 2999.9 0.99939
1140600000 17875.3 -0.293261 2999.95 0.999381
1140700000 17875.3 -0.163184 2999.93 0.999377
1140800000 17875.3 1.27693 2999.68 0.99974
1140900000 17875.3 -0.149106 2999.92 0.999379
1141000000 17875.3 0.394193 2999.83 0.999607
1141100000 17875.3 -0.351127 2999.96 0.999372
1141200000 17875.3 -0.172865 2999.93 0.999377
1141300000 17875.3 -0.20452 2999.93 0.999438
1141400000 17875.3 -0.105831 2999.92 0.999449
1141500000 17875.3 0.262202 2999.85 0.999535
1141600000 17875.3 -0.295158 2999.95 0.999429
1141700000 17875.3 1.64154 2999.62 0.999803
1141800000 17875.3 0.881072 2999.75 0.999651
1141900000 17875.3 0.115055 2999.88 0.999527
1142000000 17875.3 0.316038 2999.85 0.999614
1142100000 17875.3 -0.260252 2999.94 0.999491
1142200000 17875.3 0.979515 2999.73 0.999705
1142300000 17875.3 -0.172219 2999.93 0.999372
1142400000 17875.3 0.672648 2999.79 0.999702
1142500000 17875.3 -0.141383 2999.92 0.999376
1142600000 17875.3 -0.199706 2999.93 0.999373
1142700000 17875.3 0.0190127 2999.89 0.99948
1142800000 17875.3 -0.184295 2999.93 0.99941
1142900000 17875.3 -0.161968 2999.93 0.9994
1143000000 17875.3 0.0899588 2999.88 0.999475
1143100000 17875.3 -0.0943251 2999.91 0.999416
1143200000 17875.3 -0.0970343 2999.91 0.999441
1143300000 17875.3 -0.0170281 2999.9 0.999506
1143400000 17875.3 -0.0012327 2999.9 0.999471
1143500000 17875.3 -0.155941 2999.92 0.999446
1143600000 17875.3 0.485818 2999.82 0.999629
1143700000 17875.3 -0.0608738 2999.91 0.999386
1143800000 17875.3 -0.197719 2999.93 0.999373
1143900000 17875.3 -0.0177787 2999.9 0.999391
1144000000 17875.3 0.848368 2999.76 0.999651
1144100000 17875.3 -0.371665 2999.96 0.999423
1144200000 17875.3 -0.22023 2999.94 0.999393
1144300000 17875.3 0.38395 2999.83 0.999597
1144400000 17875.3 -0.109996 2999.92 0.999383
1144500000 17875.3 -0.16269 2999.93 0.999468
1144600000 17875.3 -0.0269936 2999.9 0.9995
1144700000 17875.3 -0.00602133 2999.9 0.999496
1144800000 17875.3 -0.156417 2999.92 0.999382
1144900000 17875.3 -0.0300015 2999.9 0.999463
1145000000 17875.3 -0.222747 2999.94 0.999375
1145100000 17875.3 -0.234089 2999.94 0.999374
1145200000 17875.3 -0.147547 2999.92 0.999385
1145300000 17875.3 -0.083727 2999.91 0.999383
1145400000 17875.3 0.727421 2999.78 0.999714
1145500000 17875.3 0.364962 2999.84 0.999565
1145600000 17875.3 -0.29474 2999.95 0.999378
1145700000 17875.3 -0.339633 2999.96 0.999446
1145800000 17875.3 -0.158428 2999.92 0.999385
1145900000 17875.3 -0.127239 2999.92 0.999383
1146000000 17875.3 -0.25195 2999.94 0.999363
1146100000 17875.3 0.836321 2999.76 0.999745
1146200000 17875.3 -0.0921154 2999.91 0.999385
1146300000 17875.3 -0.198876 2999.93 0.999418
1146400000 17875.3 -0.188678 2999.93 0.999373
1146500000 17875.3 -0.221359 2999.94 0.99938
1146600000 17875.3 -0.118316 2999.92 0.999422
1146700000 17875.3 -0.150511 2999.92 0.999397
1146800000 17875.3 -0.112325 2999.92 0.999379
1146900000 17875.3 -0.188018 2999.93 0.999379
1147000000 17875.3 -0.15715 2999.92 0.999373
1147100000 17875.3 -0.242525 2999.94 0.999372
1147200000 17875.3 0.913794 2999.74 0.999663
1147300000 17875.3 0.0721537 2999.89 0.999512
1147400000 17875.3 -0.344118 2999.96 0.999403
1147500000 17875.3 -0.145054 2999.92 0.99946
1147600000 17875.3 0.0773468 2999.89 0.999524
1147700000 17875.3 0.539495 2999.81 0.999746
1147800000 17875.3 0.832023 2999.76 0.999664
1147900000 17875.3 0.525334 2999.81 0.999718
1148000000 17875.3 0.055557 2999.89 0.999486
1148100000 17875.3 -0.115204 2999.92 0.99938
1148200000 17875.3 -0.0453897 2999.91 0.999437
1148300000 17875.3 -0.0720452 2999.91 0.999386
1148400000 17875.3 -0.239964 2999.94 0.99937
1148500000 17875.3 0.13267 2999.88 0.999478
1148600000 17875.3 -0.061399 2999.91 0.999468
1148700000 17875.3 0.562632 2999.8 0.999692
1148800000 17875.3 -0.121185 2999.92 0.999376
1148900000 17875.3 0.753551 2999.77 0.99963
1149000000 17875.3 0.144124 2999.87 0.99957
1149100000 17875.3 -0.22936 2999.94 0.999435
1149200000 17875.3 0.158543 2999.87 0.999611
1149300000 17875.3 1.50896 2999.64 0.999874
1149400000 17875.3 -0.0270901 2999.9 0.999458
1149500000 17875.3 -0.0561565 2999.91 0.999386
1149600000 17875.3 0.370556 2999.84 0.99959
1149700000 17875.3 0.798771 2999.76 0.999717
1149800000 17875.3 -0.248553 2999.94 0.999368
1149900000 17875.3 -0.246825 2999.94 0.999412
1150000000 17875.3 -0.193701 2999.93 0.999384
1150100000 17875.3 -0.401537 2999.97 0.999421
1150200000 17875.3 -0.036664 2999.9 0.999447
1150300000 17875.3 0.246204 2999.86 0.999577
1150400000 17875.3 -0.0929187 2999.91 0.999379
1150500000 17875.3 -0.198829 2999.93 0.999403
1150600000 17875.3 0.66604 2999.79 0.999654
1150700000 17875.3 -0.123796 2999.92 0.999379
1150800000 17875.3 2.80467 2999.43 1.00004
1150900000 17875.3 -0.201632 2999.93 0.999383
1151000000 17875.3 -0.255316 2999.94 0.999442
1151100000 17875.3 -0.135174 2999.92 0.999385
1151200000 17875.3 -0.139088 2999.92 0.999384
1151300000 17875.3 0.0665313 2999.89 0.999502
1151400000 17875.3 -0.0963646 2999.91 0.999379
1151500000 17875.3 -0.261074 2999.94 0.999376
1151600000 17875.3 -0.0442361 2999.91 0.999476
1151700000 17875.3 -0.19235 2999.93 0.999411
1151800000 17875.3 -0.252264 2999.94 0.999382
1151900000 17875.3 -0.0728547 2999.91 0.999447
1152000000 17875.3 -0.193708 2999.93 0.999392
1152100000 17875.3 -0.105835 2999.92 0.999397
1152200000 17875.3 -0.292774 2999.95 0.999408
1152300000 17875.3 -0.205879 2999.93 0.999398
1152400000 17875.3 -0.226943 2999.94 0.999373
1152500000 17875.3 -0.173171 2999.93 0.999378
1152600000 17875.3 1.61436 2999.63 0.999795
1152700000 17875.3 -0.192977 2999.93 0.999372
1152800000 17875.3 -0.18701 2999.93 0.999381
1152900000 17875.3 -0.173637 2999.93 0.999372
1153000000 17875.3 0.676383 2999.78 0.999631
1153100000 17875.3 0.666638 2999.79 0.999632
1153200000 17875.3 -0.078994 2999.91 0.999383
1153300000 17875.3 -0.0798496 2999.91 0.999492
1153400000 17875.3 0.894695 2999.75 0.999838
1153500000 17875.3 -0.185861 2999.93 0.999406
1153600000 17875.3 -0.137371 2999.92 0.999373
1153700000 17875.3 -0.131355 2999.92 0.999386
1153800000 17875.3 -0.0604048 2999.91 0.999469
1153900000 17875.3 -0.0708797 2999.91 0.999486
1154000000 17875.3 -0.283888 2999.95 0.999434
1154100000 17875.3 -0.397856 2999.96 0.999376
1154200000 17875.3 -0.198654 2999.93 0.999401
1154300000 17875.3 -0.0874925 2999.91 0.999528
1154400000 17875.3 0.620266 2999.79 0.999705
1154500000 17875.3 -0.221092 2999.94 0.999482
1154600000 17875.3 -0.121615 2999.92 0.999481
1154700000 17875.3 0.962608 2999.74 0.999803
1154800000 17875.3 0.114072 2999.88 0.99952
1154900000 17875.3 0.759329 2999.77 0.999718
1155000000 17875.3 -0.234821 2999.94 0.999416
1155100000 17875.3 -0.00558482 2999.9 0.999518
1155200000 17875.3 -0.146279 2999.92 0.999413
1155300000 17875.3 -0.168524 2999.93 0.999378
1155400000 17875.3 -0.306307 2999.95 0.999424
1155500000 17875.3 0.0404098 2999.89 0.999594
1155600000 17875.3 -0.356205 2999.96 0.999388
1155700000 17875.3 -0.158948 2999.92 0.99938
1155800000 17875.3 -0.319097 2999.95 0.999383
1155900000 17875.3 0.28902 2999.85 0.999591
1156000000 17875.3 0.490765 2999.82 0.999621
1156100000 17875.3 0.00035151 2999.9 0.999476
1156200000 17875.3 -0.165239 2999.93 0.999413
1156300000 17875.3 -0.267016 2999.94 0.999388
1156400000 17875.3 0.0417497 2999.89 0.999556
1156500000 17875.3 -0.0914828 2999.91 0.999437
1156600000 17875.3 -0.137214 2999.92 0.99939
1156700000 17875.3 -0.115709 2999.92 0.999383
1156800000 17875.3 -0.0224698 2999.9 0.999525
1156900000 17875.3 -0.227072 2999.94 0.99937
1157000000 17875.3 -0.139092 2999.92 0.99938
1157100000 17875.3 1.0885 2999.72 0.999697
1157200000 17875.3 -0.30773 2999.95 0.999383
1157300000 17875.3 -0.132431 2999.92 0.999378
1157400000 17875.3 -0.371547 2999.96 0.999368
1157500000 17875.3 0.387222 2999.83 0.999546
1157600000 17875.3 0.310764 2999.85 0.999566
1157700000 17875.3 -0.123258 2999.92 0.999452
1157800000 17875.3 -0.172991 2999.93 0.999395
1157900000 17875.3 0.0203511 2999.89 0.999456
1158000000 17875.3 -0.23434 2999.94 0.99941
1158100000 17875.3 -0.0943433 2999.91 0.99941
1158200000 17875.3 0.571861 2999.8 0.999589
1158300000 17875.3 -0.000801391 2999.9 0.999467
1158400000 17875.3 -0.337409 2999.95 0.999441
1158500000 17875.3 -0.14456 2999.92 0.999442
1158600000 17875.3 -0.130106 2999.92 0.999431
1158700000 17875.3 3.20294 2999.36 1.00017
1158800000 17875.3 -0.235813 2999.94 0.999378
1158900000 17875.3 0.146344 2999.87 0.999571
1159000000 17875.3 -0.339875 2999.96 0.999416
1159100000 17875.3 0.642996 2999.79 0.99971
1159200000 17875.3 -0.271547 2999.94 0.999376
1159300000 17875.3 -0.306205 2999.95 0.999401
1159400000 17875.3 -0.132183 2999.92 0.99941
1159500000 17875.3 3.84435 2999.25 1.00033
1159600000 17875.3 0.135197 2999.88 0.999563
1159700000 17875.3 0.320974 2999.84 0.999531
1159800000 17875.3 -0.290824 2999.95 0.999445
1159900000 17875.3 -0.0483033 2999.91 0.999386
1160000000 17875.3 -0.177966 2999.93 0.999383
1160100000 17875.3 1.65011 2999.62 0.999901
1160200000 17875.3 0.336284 2999.84 0.999578
1160300000 17875.3 -0.135868 2999.92 0.999396
1160400000 17875.3 -0.170389 2999.93 0.999407
1160500000 17875.3 -0.15514 2999.92 0.99938
1160600000 17875.3 0.231942 2999.86 0.999515
1160700000 17875.3 -0.0980028 2999.91 0.999447
1160800000 17875.3 -0.40106 2999.97 0.999453
1160900000 17875.3 -0.112152 2999.92 0.99938
1161000000 17875.3 -0.0198055 2999.9 0.999486
1161100000 17875.3 -0.225625 2999.94 0.999394
1161200000 17875.3 -0.127644 2999.92 0.999384
1161300000 17875.3 -0.0741099 2999.91 0.999387
1161400000 17875.3 -0.275996 2999.94 0.99937
1161500000 17875.3 -0.286638 2999.95 0.999475
1161600000 17875.3 -0.131476 2999.92 0.999391
1161700000 17875.3 -0.292063 2999.95 0.999392
1161800000 17875.3 -0.0869212 2999.91 0.999383
1161900000 17875.3 -0.226118 2999.94 0.99939
1162000000 17875.3 -0.175176 2999.93 0.999409
1162100000 17875.3 -0.173816 2999.93 0.999417
1162200000 17875.3 0.0142587 2999.9 0.999527
1162300000 17875.3 0.187282 2999.87 0.999602
1162400000 17875.3 -0.0936241 2999.91 0.999379
1162500000 17875.3 0.15758 2999.87 0.999497
1162600000 17875.3 -0.100504 2999.91 0.999381
1162700000 17875.3 0.0231795 2999.89 0.999473
1162800000 17875.3 0.0480121 2999.89 0.999487
1162900000 17875.3 0.786429 2999.77 0.99976
1163000000 17875.3 -0.380681 2999.96 0.999389
1163100000 17875.3 -0.17208 2999.93 0.999387
1163200000 17875.3 -0.236632 2999.94 0.999383
1163300000 17875.3 -0.17124 2999.93 0.999384
1163400000 17875.3 -0.139125 2999.92 0.999408
1163500000 17875.3 -0.167226 2999.93 0.999398
1163600000 17875.3 4.30485 2999.18 1.00046
1163700000 17875.3 -0.199681 2999.93 0.999429
1163800000 17875.3 -0.167531 2999.93 0.999487
1163900000 17875.3 -0.117621 2999.92 0.99941
1164000000 17875.3 4.80319 2999.09 1.00034
1164100000 17875.3 0.934567 2999.74 0.99968
1164200000 17875.3 -0.425936 2999.97 0.999393
1164300000 17875.3 0.243703 2999.86 0.999577
1164400000 17875.3 -0.181563 2999.93 0.999432
1164500000 17875.3 -0.359681 2999.96 0.999407
1164600000 17875.3 -0.295982 2999.95 0.999382
1164700000 17875.3 0.139545 2999.87 0.999576
1164800000 17875.3 -0.0517981 2999.91 0.999461
1164900000 17875.3 0.033069 2999.89 0.999509
1165000000 17875.3 1.89708 2999.58 0.999948
1165100000 17875.3 -0.121093 2999.92 0.999411
1165200000 17875.3 -0.0756732 2999.91 0.999475
1165300000 17875.3 -0.223515 2999.94 0.999382
1165400000 17875.3 -0.106872 2999.92 0.99938
1165500000 17875.3 1.50716 2999.65 0.999896
1165600000 17875.3 -0.0305818 2999.9 0.999566
1165700000 17875.3 0.823231 2999.76 0.999682
1165800000 17875.3 0.130397 2999.88 0.999622
1165900000 17875.3 -0.275203 2999.94 0.999384
1166000000 17875.3 -0.159416 2999.92 0.999443
1166100000 17875.3 -0.13866 2999.92 0.999375
1166200000 17875.3 -0.188868 2999.93 0.999464
1166300000 17875.3 1.19551 2999.7 0.999734
1166400000 17875.3 -0.411425 2999.97 0.999368
1166500000 17875.3 -0.487584 2999.98 0.99942
1166600000 17875.3 0.316492 2999.85 0.999633
1166700000 17875.3 1.18 2999.7 0.999762
1166800000 17875.3 -0.168701 2999.93 0.999456
1166900000 17875.3 -0.117699 2999.92 0.999462
1167000000 17875.3 -0.213922 2999.93 0.999402
1167100000 17875.3 0.0475342 2999.89 0.999473
1167200000 17875.3 0.110299 2999.88 0.99956
1167300000 17875.3 -0.218418 2999.93 0.99941
1167400000 17875.3 -0.15583 2999.92 0.999434
1167500000 17875.3 0.0767317 2999.89 0.999513
1167600000 17875.3 -0.139189 2999.92 0.999393
1167700000 17875.3 0.189025 2999.87 0.999498
1167800000 17875.3 0.430515 2999.83 0.999725
1167900000 17875.3 -0.296605 2999.95 0.999413
1168000000 17875.3 -0.144436 2999.92 0.999504
1168100000 17875.3 0.00761412 2999.9 0.999596
1168200000 17875.3 -0.524682 2999.99 0.999373
1168300000 17875.3 0.430477 2999.83 0.999629
1168400000 17875.3 4.24829 2999.19 1.00037
1168500000 17875.3 -0.124372 2999.92 0.999384
1168600000 17875.3 0.130106 2999.88 0.99948
1168700000 17875.3 -0.141308 2999.92 0.999385
1168800000 17875.3 -0.103197 2999.92 0.999393
1168900000 17875.3 -0.146795 2999.92 0.999386
1169000000 17875.3 -0.227006 2999.94 0.999382
1169100000 17875.3 -0.0628602 2999.91 0.999477
1169200000 17875.3 -0.219801 2999.93 0.999378
1169300000 17875.3 -0.143551 2999.92 0.999374
1169400000 17875.3 0.00195964 2999.9 0.999537
1169500000 17875.3 -0.0931658 2999.91 0.99938
1169600000 17875.3 -0.0953587 2999.91 0.999381
1169700000 17875.3 0.356142 2999.84 0.999617
1169800000 17875.3 -0.235305 2999.94 0.999447
1169900000 17875.3 0.466895 2999.82 0.999598
1170000000 17875.3 0.0613117 2999.89 0.999609
1170100000 17875.3 0.852338 2999.76 0.999671
1170200000 17875.3 -0.151219 2999.92 0.999513
1170300000 17875.3 -0.260526 2999.94 0.999379
1170400000 17875.3 -0.124449 2999.92 0.999378
1170500000 17875.3 1.58085 2999.63 0.999877
1170600000 17875.3 0.0352897 2999.89 0.999507
1170700000 17875.3 0.0562786 2999.89 0.999481
1170800000 17875.3 -0.138397 2999.92 0.999376
1170900000 17875.3 0.0804962 2999.88 0.999533
1171000000 17875.3 -0.0782083 2999.91 0.999458
1171100000 17875.3 0.0305582 2999.89 0.999474
1171200000 17875.3 -0.180728 2999.93 0.999371
1171300000 17875.3 -0.0557993 2999.91 0.999575
1171400000 17875.3 0.406091 2999.83 0.9996
1171500000 17875.3 1.00126 2999.73 0.999736
1171600000 17875.3 -0.362409 2999.96 0.999398
1171700000 17875.3 0.644182 2999.79 0.999708
1171800000 17875.3 1.32689 2999.68 0.999789
1171900000 17875.3 0.221597 2999.86 0.999552
1172000000 17875.3 0.76723 2999.77 0.999658
1172100000 17875.3 0.0586445 2999.89 0.999487
1172200000 17875.3 -0.265246 2999.94 0.999407
1172300000 17875.3 -0.236693 2999.94 0.999371
1172400000 17875.3 -0.190803 2999.93 0.999375
1172500000 17875.3 -0.487877 2999.98 0.999377
1172600000 17875.3 -0.236018 2999.94 0.999415
1172700000 17875.3 -0.311967 2999.95 0.999386
1172800000 17875.3 -0.17947 2999.93 0.999393
1172900000 17875.3 -0.343109 2999.96 0.999395
1173000000 17875.3 -0.276487 2999.94 0.999409
1173100000 17875.3 0.158261 2999.87 0.999561
1173200000 17875.3 0.838825 2999.76 0.999658
1173300000 17875.3 0.0236959 2999.89 0.999571
1173400000 17875.3 -0.135749 2999.92 0.999375
1173500000 17875.3 -0.00988267 2999.9 0.999491
1173600000 17875.3 0.722848 2999.78 0.999636
1173700000 17875.3 0.425625 2999.83 0.999587
1173800000 17875.3 -0.134915 2999.92 0.99938
1173900000 17875.3 -0.167086 2999.93 0.99938
1174000000 17875.3 1.45517 2999.65 0.999913
1174100000 17875.3 4.32867 2999.17 1.0004
1174200000 17875.3 0.495037 2999.82 0.999585
1174300000 17875.3 -0.273337 2999.94 0.999365
1174400000 17875.3 0.304288 2999.85 0.999658
1174500000 17875.3 1.45549 2999.65 0.999965
1174600000 17875.3 -0.219791 2999.93 0.999369
1174700000 17875.3 -0.0516197 2999.91 0.999386
1174800000 17875.3 1.34963 2999.67 0.999778
1174900000 17875.3 -0.210006 2999.93 0.999424
1175000000 17875.3 -0.14875 2999.92 0.999386
1175100000 17875.3 -0.164028 2999.93 0.999383
1175200000 17875.3 1.01454 2999.73 0.999827
1175300000 17875.3 -0.19975 2999.93 0.999403
1175400000 17875.3 0.301852 2999.85 0.999609
1175500000 17875.3 0.362526 2999.84 0.999567
1175600000 17875.3 -0.254235 2999.94 0.999376
1175700000 17875.3 -0.265913 2999.94 0.999379
1175800000 17875.3 0.617227 2999.79 0.999674
1175900000 17875.3 -0.216916 2999.93 0.999407
1176000000 17875.3 -0.13777 2999.92 0.999405
1176100000 17875.3 -0.0663842 2999.91 0.999438
1176200000 17875.3 -0.286962 2999.95 0.999369
1176300000 17875.3 -0.0932492 2999.91 0.999384
1176400000 17875.3 -0.130422 2999.92 0.999455
1176500000 17875.3 1.03827 2999.72 0.999756
1176600000 17875.3 -0.0933752 2999.91 0.999385
1176700000 17875.3 -0.0199322 2999.9 0.999391
1176800000 17875.3 -0.105147 2999.92 0.999377
1176900000 17875.3 1.85286 2999.59 0.999859
1177000000 17875.3 -0.137798 2999.92 0.999399
1177100000 17875.3 -0.0279586 2999.9 0.999542
1177200000 17875.3 -0.0909647 2999.91 0.9995
1177300000 17875.3 -0.418663 2999.97 0.99936
1177400000 17875.3 -0.118329 2999.92 0.999424
1177500000 17875.3 -0.269911 2999.94 0.99938
1177600000 17875.3 -0.244372 2999.94 0.999383
1177700000 17875.3 -0.139146 2999.92 0.99938
1177800000 17875.3 0.488679 2999.82 0.999627
1177900000 17875.3 -0.224176 2999.94 0.999484
1178000000 17875.3 -0.0997756 2999.91 0.9994
1178100000 17875.3 -0.232576 2999.94 0.999418
1178200000 17875.3 -0.186484 2999.93 0.999415
1178300000 17875.3 -0.0374356 2999.9 0.999421
1178400000 17875.3 -0.138887 2999.92 0.9994
1178500000 17875.3 -0.123738 2999.92 0.999379
1178600000 17875.3 -0.224684 2999.94 0.999382
1178700000 17875.3 -0.171109 2999.93 0.999393
1178800000 17875.3 0.9494 2999.74 0.999777
1178900000 17875.3 -0.163091 2999.93 0.999376
1179000000 17875.3 0.260391 2999.85 0.999617
1179100000 17875.3 0.887786 2999.75 0.999662
1179200000 17875.3 -0.0351051 2999.9 0.999477
1179300000 17875.3 0.40599 2999.83 0.999601
1179400000 17875.3 -0.113787 2999.92 0.99941
1179500000 17875.3 -0.235563 2999.94 0.999416
1179600000 17875.3 -0.175002 2999.93 0.999425
1179700000 17875.3 -0.118042 2999.92 0.999398
1179800000 17875.3 -0.0673218 2999.91 0.999439
1179900000 17875.3 -0.167036 2999.93 0.999412
1180000000 17875.3 -0.100171 2999.91 0.999377
1180100000 17875.3 -0.184364 2999.93 0.999387
1180200000 17875.3 0.499498 2999.81 0.999654
1180300000 17875.3 6.01692 2998.89 1.0005
1180400000 17875.3 -0.262495 2999.94 0.999395
1180500000 17875.3 0.11757 2999.88 0.999541
1180600000 17875.3 0.358414 2999.84 0.999621
1180700000 17875.3 -0.108445 2999.92 0.99938
1180800000 17875.3 -0.190042 2999.93 0.999373
1180900000 17875.3 0.21116 2999.86 0.999545
1181000000 17875.3 0.383407 2999.83 0.999617
1181100000 17875.3 -0.271398 2999.94 0.999362
1181200000 17875.3 0.720317 2999.78 0.999749
1181300000 17875.3 -0.184016 2999.93 0.9994
1181400000 17875.3 -0.0857468 2999.91 0.999381
1181500000 17875.3 1.08075 2999.72 0.999715
1181600000 17875.3 -0.214588 2999.93 0.999403
1181700000 17875.3 -0.23072 2999.94 0.999395
1181800000 17875.3 -0.271962 2999.94 0.99939
1181900000 17875.3 -0.144442 2999.92 0.999381
1182000000 17875.3 0.141422 2999.87 0.999545
1182100000 17875.3 -0.144559 2999.92 0.99938
1182200000 17875.3 -0.238128 2999.94 0.999377
1182300000 17875.3 0.747901 2999.77 0.99964
1182400000 17875.3 -0.248537 2999.94 0.99937
1182500000 17875.3 2.66868 2999.45 0.99999
1182600000 17875.3 0.0602894 2999.89 0.999505
1182700000 17875.3 -0.325526 2999.95 0.999377
1182800000 17875.3 -0.176197 2999.93 0.999405
1182900000 17875.3 0.314006 2999.85 0.999564
1183000000 17875.3 -0.20181 2999.93 0.999374
1183100000 17875.3 0.483877 2999.82 0.999595
1183200000 17875.3 -0.145466 2999.92 0.999375
1183300000 17875.3 0.934696 2999.74 0.999717
1183400000 17875.3 -0.254331 2999.94 0.999374
1183500000 17875.3 0.255085 2999.86 0.999625
1183600000 17875.3 -0.256291 2999.94 0.999407
1183700000 17875.3 -0.201199 2999.93 0.999366
1183800000 17875.3 -0.148688 2999.92 0.999432
1183900000 17875.3 -0.349963 2999.96 0.999398
1184000000 17875.3 0.235334 2999.86 0.999558
1184100000 17875.3 1.14253 2999.71 0.999852
1184200000 17875.3 0.038334 2999.89 0.999483
1184300000 17875.3 0.19796 2999.86 0.999557
1184400000 17875.3 0.373643 2999.84 0.999681
1184500000 17875.3 -0.171371 2999.93 0.999435
1184600000 17875.3 0.204606 2999.86 0.999542
1184700000 17875.3 -0.186438 2999.93 0.999382
1184800000 17875.3 -0.105199 2999.92 0.999486
1184900000 17875.3 0.887125 2999.75 0.999736
1185000000 17875.3 -0.0636287 2999.91 0.999425
1185100000 17875.3 -0.275221 2999.94 0.999401
1185200000 17875.3 -0.27829 2999.94 0.999385
1185300000 17875.3 -0.213467 2999.93 0.999387
1185400000 17875.3 -0.0555862 2999.91 0.999549
1185500000 17875.3 0.569699 2999.8 0.999608
1185600000 17875.3 -0.0768296 2999.91 0.999481
1185700000 17875.3 -0.147668 2999.92 0.99942
1185800000 17875.3 -0.00150325 2999.9 0.999472
1185900000 17875.3 -0.0333776 2999.9 0.999498
1186000000 17875.3 -0.15475 2999.92 0.999398
1186100000 17875.3 -0.388376 2999.96 0.999424
1186200000 17875.3 -0.132095 2999.92 0.999377
1186300000 17875.3 -0.185237 2999.93 0.999403
1186400000 17875.3 -0.172549 2999.93 0.999428
1186500000 17875.3 -0.275372 2999.94 0.999395
1186600000 17875.3 -0.0895638 2999.91 0.999408
1186700000 17875.3 -0.15794 2999.92 0.999372
1186800000 17875.3 1.28087 2999.68 0.99982
1186900000 17875.3 -0.120223 2999.92 0.999379
1187000000 17875.3 -0.327228 2999.95 0.999378
1187100000 17875.3 0.714635 2999.78 0.999661
1187200000 17875.3 -0.0895053 2999.91 0.999515
1187300000 17875.3 -0.107879 2999.92 0.999404
1187400000 17875.3 -0.0790592 2999.91 0.999385
1187500000 17875.3 0.223567 2999.86 0.999548
1187600000 17875.3 -0.0663702 2999.91 0.999456
1187700000 17875.3 -0.19964 2999.93 0.999378
1187800000 17875.3 -0.126844 2999.92 0.999384
1187900000 17875.3 -0.105221 2999.92 0.999385
1188000000 17875.3 -0.118573 2999.92 0.999377
1188100000 17875.3 -0.176555 2999.93 0.9994
1188200000 17875.3 0.874041 2999.75 0.999714
1188300000 17875.3 -0.192348 2999.93 0.999397
1188400000 17875.3 0.271909 2999.85 0.999528
1188500000 17875.3 -0.110024 2999.92 0.999432
1188600000 17875.3 -0.164758 2999.93 0.999492
1188700000 17875.3 -0.170209 2999.93 0.999404
1188800000 17875.3 -0.193639 2999.93 0.999392
1188900000 17875.3 0.35806 2999.84 0.999596
1189000000 17875.3 1.51668 2999.64 0.999777
1189100000 17875.3 -0.288998 2999.95 0.999449
1189200000 17875.3 -0.131653 2999.92 0.999481
1189300000 17875.3 1.98212 2999.57 1.00001
1189400000 17875.3 0.0425562 2999.89 0.999458
1189500000 17875.3 0.344908 2999.84 0.999545
1189600000 17875.3 -0.314614 2999.95 0.999392
1189700000 17875.3 -0.319684 2999.95 0.999407
1189800000 17875.3 -0.123254 2999.92 0.999375
1189900000 17875.3 -0.300933 2999.95 0.999373
1190000000 17875.3 -0.177564 2999.93 0.99943
1190100000 17875.3 -0.0853007 2999.91 0.999382
1190200000 17875.3 1.0814 2999.72 0.999762
1190300000 17875.3 -0.183 2999.93 0.999433
1190400000 17875.3 -0.177465 2999.93 0.999389
1190500000 17875.3 -0.0754582 2999.91 0.999384
1190600000 17875.3 -0.462891 2999.98 0.999366
1190700000 17875.3 0.0671317 2999.89 0.999484
1190800000 17875.3 0.121579 2999.88 0.999496
1190900000 17875.3 -0.254564 2999.94 0.999369
1191000000 17875.3 -0.323006 2999.95 0.999423
1191100000 17875.3 -0.35182 2999.96 0.999449
1191200000 17875.3 -0.251571 2999.94 0.999427
1191300000 17875.3 0.849522 2999.76 0.999688
1191400000 17875.3 -0.157427 2999.92 0.999399
1191500000 17875.3 5.26298 2999.02 1.00043
1191600000 17875.3 0.694519 2999.78 0.999715
1191700000 17875.3 -0.0440574 2999.91 0.999449
1191800000 17875.3 -0.0612019 2999.91 0.99941
1191900000 17875.3 0.690052 2999.78 0.999698
1192000000 17875.3 -0.422648 2999.97 0.999381
1192100000 17875.3 -0.320552 2999.95 0.999468
1192200000 17875.3 -0.316784 2999.95 0.999454
1192300000 17875.3 -0.180919 2999.93 0.99939
1192400000 17875.3 0.618955 2999.79 0.999642
1192500000 17875.3 -0.182146 2999.93 0.999384
1192600000 17875.3 -0.0845027 2999.91 0.999381
1192700000 17875.3 -0.170867 2999.93 0.99939
1192800000 17875.3 -0.192657 2999.93 0.999434
1192900000 17875.3 -0.266618 2999.94 0.999405
1193000000 17875.3 1.0911 2999.72 0.999706
1193100000 17875.3 -0.159312 2999.92 0.999376
1193200000 17875.3 -0.147045 2999.92 0.999427
1193300000 17875.3 0.512587 2999.81 0.999632
1193400000 17875.3 -0.00785556 2999.9 0.999462
1193500000 17875.3 0.116805 2999.88 0.999582
1193600000 17875.3 -0.0918677 2999.91 0.999427
1193700000 17875.3 -0.0742208 2999.91 0.999383
1193800000 17875.3 -0.263074 2999.94 0.999402
1193900000 17875.3 -0.00236343 2999.9 0.999441
1194000000 17875.3 -0.264049 2999.94 0.999407
1194100000 17875.3 -0.0762214 2999.91 0.999457
1194200000 17875.3 -0.0410718 2999.9 0.999429
1194300000 17875.3 -0.084536 2999.91 0.999467
1194400000 17875.3 -0.288958 2999.95 0.999375
1194500000 17875.3 -0.220631 2999.94 0.999396
1194600000 17875.3 0.791208 2999.77 0.99964
1194700000 17875.3 -0.185174 2999.93 0.999387
1194800000 17875.3 0.017888 2999.9 0.999498
1194900000 17875.3 2.15225 2999.54 0.9999
1195000000 17875.3 0.901341 2999.75 0.999758
1195100000 17875.3 -0.0878751 2999.91 0.999407
1195200000 17875.3 -0.0491341 2999.91 0.999485
1195300000 17875.3 -0.145667 2999.92 0.999379
1195400000 17875.3 0.224048 2999.86 0.999552
1195500000 17875.3 -0.0603213 2999.91 0.999481
1195600000 17875.3 -0.292723 2999.95 0.999383
1195700000 17875.3 -0.270679 2999.94 0.999395
1195800000 17875.3 -0.13754 2999.92 0.99939
1195900000 17875.3 -0.0892894 2999.91 0.999418
1196000000 17875.3 0.508478 2999.81 0.999702
1196100000 17875.3 -0.140502 2999.92 0.999374
1196200000 17875.3 -0.301086 2999.95 0.999371
1196300000 17875.3 0.0978581 2999.88 0.999616
1196400000 17875.3 -0.345384 2999.96 0.999391
1196500000 17875.3 -0.196161 2999.93 0.999439
1196600000 17875.3 -0.102368 2999.92 0.999452
1196700000 17875.3 0.765029 2999.77 0.999629
1196800000 17875.3 -0.00536288 2999.9 0.999542
1196900000 17875.3 -0.177595 2999.93 0.999393
1197000000 17875.3 -0.164291 2999.93 0.999388
1197100000 17875.3 -0.159207 2999.92 0.999383
1197200000 17875.3 0.949498 2999.74 0.99971
1197300000 17875.3 0.102357 2999.88 0.999568
1197400000 17875.3 -0.159625 2999.92 0.999384
1197500000 17875.3 -0.179317 2999.93 0.999389
1197600000 17875.3 0.184498 2999.87 0.999493
1197700000 17875.3 -0.31118 2999.95 0.999373
1197800000 17875.3 1.05212 2999.72 0.999801
1197900000 17875.3 -0.197722 2999.93 0.999376
1198000000 17875.3 -0.0779298 2999.91 0.999479
1198100000 17875.3 -0.131616 2999.92 0.999382
1198200000 17875.3 -0.131318 2999.92 0.999381
1198300000 17875.3 -0.287277 2999.95 0.999379
1198400000 17875.3 -0.202292 2999.93 0.999387
1198500000 17875.3 -0.226696 2999.94 0.999424
1198600000 17875.3 -0.332342 2999.95 0.999423
1198700000 17875.3 -0.120081 2999.92 0.999401
1198800000 17875.3 0.983927 2999.73 0.999786
1198900000 17875.3 -0.210315 2999.93 0.999381
1199000000 17875.3 -0.234915 2999.94 0.999385
1199100000 17875.3 -0.181661 2999.93 0.999397
1199200000 17875.3 -0.150875 2999.92 0.999419
1199300000 17875.3 0.256687 2999.86 0.99953
1199400000 17875.3 -0.235354 2999.94 0.999382
1199500000 17875.3 -0.198339 2999.93 0.999369
1199600000 17875.3 -0.232086 2999.94 0.999408
1199700000 17875.3 1.99842 2999.56 0.999882
1199800000 17875.3 -0.225897 2999.94 0.999374
1199900000 17875.3 -0.457056 2999.97 0.999424
1200000000 17875.3 2.10198 2999.55 0.999928
1200100000 17875.3 1.78321 2999.6 0.999847
1200200000 17875.3 -0.221744 2999.94 0.999395
1200300000 17875.3 -0.0184769 2999.9 0.999555
1200400000 17875.3 -0.14051 2999.92 0.999396
1200500000 17875.3 -0.158917 2999.92 0.999406
1200600000 17875.3 -0.0833695 2999.91 0.999406
1200700000 17875.3 -0.206533 2999.93 0.999396
1200800000 17875.3 -0.10205 2999.92 0.999378
1200900000 17875.3 -0.162724 2999.93 0.999409
1201000000 17875.3 0.157437 2999.87 0.999495
1201100000 17875.3 -0.0889903 2999.91 0.999414
1201200000 17875.3 -0.166132 2999.93 0.999388
1201300000 17875.3 -0.0290143 2999.9 0.999436
1201400000 17875.3 0.346746 2999.84 0.999642
1201500000 17875.3 -0.229059 2999.94 0.999406
1201600000 17875.3 -0.116511 2999.92 0.999459
1201700000 17875.3 0.0404999 2999.89 0.999644
1201800000 17875.3 2.23874 2999.52 0.999935
1201900000 17875.3 -0.25464 2999.94 0.999454
1202000000 17875.3 0.693857 2999.78 0.999672
1202100000 17875.3 0.0151103 2999.9 0.99945
1202200000 17875.3 -0.158154 2999.92 0.999433
1202300000 17875.3 -0.155795 2999.92 0.999459
1202400000 17875.3 -0.204271 2999.93 0.99939
1202500000 17875.3 0.734405 2999.77 0.999657
1202600000 17875.3 -0.129706 2999.92 0.999455
1202700000 17875.3 -0.188268 2999.93 0.999413
1202800000 17875.3 -0.0979625 2999.91 0.999431
1202900000 17875.3 -0.211408 2999.93 0.999383
1203000000 17875.3 -0.225002 2999.94 0.999442
1203100000 17875.3 0.0959525 2999.88 0.999542
1203200000 17875.3 0.0107747 2999.9 0.999464
1203300000 17875.3 -0.115413 2999.92 0.999481
1203400000 17875.3 -0.531944 2999.99 0.999366
1203500000 17875.3 -0.114657 2999.92 0.99939
1203600000 17875.3 0.68156 2999.78 0.999637
1203700000 17875.3 -0.122129 2999.92 0.999447
1203800000 17875.3 -0.127199 2999.92 0.999381
1203900000 17875.3 0.122955 2999.88 0.999515
1204000000 17875.3 0.324475 2999.84 0.999532
1204100000 17875.3 0.430775 2999.83 0.999648
1204200000 17875.3 -0.126428 2999.92 0.999465
1204300000 17875.3 0.00640152 2999.9 0.999491
1204400000 17875.3 -0.178271 2999.93 0.999474
1204500000 17875.3 0.304303 2999.85 0.999622
1204600000 17875.3 0.242005 2999.86 0.999556
1204700000 17875.3 -0.21684 2999.93 0.999424
1204800000 17875.3 -0.0397619 2999.9 0.999429
1204900000 17875.3 0.113808 2999.88 0.999497
1205000000 17875.3 0.958129 2999.74 0.999689
1205100000 17875.3 -0.188389 2999.93 0.999423
1205200000 17875.3 0.153492 2999.87 0.999555
1205300000 17875.3 -0.121235 2999.92 0.999384
1205400000 17875.3 -0.194497 2999.93 0.99939
1205500000 17875.3 0.806281 2999.76 0.999672
1205600000 17875.3 -0.214773 2999.93 0.99937
1205700000 17875.3 -0.19845 2999.93 0.999456
1205800000 17875.3 0.700127 2999.78 0.999651
1205900000 17875.3 -0.211858 2999.93 0.999382
1206000000 17875.3 -0.149798 2999.92 0.999422
1206100000 17875.3 -0.13462 2999.92 0.999406
1206200000 17875.3 -0.0122813 2999.9 0.999508
1206300000 17875.3 -0.0675807 2999.91 0.999507
1206400000 17875.3 0.102284 2999.88 0.999518
1206500000 17875.3 -0.0251025 2999.9 0.99955
1206600000 17875.3 -0.313331 2999.95 0.999364
1206700000 17875.3 -0.200858 2999.93 0.999393
1206800000 17875.3 -0.250208 2999.94 0.999416
1206900000 17875.3 0.170918 2999.87 0.999572
1207000000 17875.3 -0.024293 2999.9 0.999465
1207100000 17875.3 -0.22983 2999.94 0.999436
1207200000 17875.3 -0.0983362 2999.91 0.999383
1207300000 17875.3 -0.243242 2999.94 0.999377
1207400000 17875.3 0.81161 2999.76 0.999724
1207500000 17875.3 -0.0725302 2999.91 0.999482
1207600000 17875.3 0.0665967 2999.89 0.999467
1207700000 17875.3 -0.110545 2999.92 0.999379
1207800000 17875.3 -0.213332 2999.93 0.999371
1207900000 17875.3 -0.13923 2999.92 0.999398
1208000000 17875.3 -0.201598 2999.93 0.999394
1208100000 17875.3 -0.0848483 2999.91 0.999425
1208200000 17875.3 -0.159262 2999.92 0.999375
1208300000 17875.3 0.153407 2999.87 0.99949
1208400000 17875.3 -0.135163 2999.92 0.9994
1208500000 17875.3 -0.193022 2999.93 0.99941
1208600000 17875.3 -0.234893 2999.94 0.999372
1208700000 17875.3 -0.273887 2999.94 0.999414
1208800000 17875.3 0.488299 2999.82 0.999607
1208900000 17875.3 -0.0966433 2999.91 0.999514
1209000000 17875.3 -0.261032 2999.94 0.999371
1209100000 17875.3 -0.44353 2999.97 0.999364
1209200000 17875.3 1.611 2999.63 0.999869
1209300000 17875.3 0.0796052 2999.88 0.9995
1209400000 17875.3 -0.171147 2999.93 0.999447
1209500000 17875.3 -0.31805 2999.95 0.999379
1209600000 17875.3 -0.127817 2999.92 0.999389
1209700000 17875.3 0.0552583 2999.89 0.999497
1209800000 17875.3 -0.0575821 2999.91 0.999469
1209900000 17875.3 0.275215 2999.85 0.999735
1210000000 17875.3 -0.143203 2999.92 0.999376
1210100000 17875.3 0.193866 2999.87 0.999537
1210200000 17875.3 -0.232027 2999.94 0.999395
1210300000 17875.3 0.0363435 2999.89 0.999452
1210400000 17875.3 -0.263531 2999.94 0.999411
1210500000 17875.3 -0.151992 2999.92 0.999385
1210600000 17875.3 -0.193362 2999.93 0.999377
1210700000 17875.3 -0.104478 2999.92 0.999392
1210800000 17875.3 1.74258 2999.61 0.999926
1210900000 17875.3 0.271402 2999.85 0.999601
1211000000 17875.3 0.32468 2999.84 0.999659
1211100000 17875.3 0.298816 2999.85 0.99959
1211200000 17875.3 -0.119315 2999.92 0.999376
1211300000 17875.3 -0.178624 2999.93 0.999469
1211400000 17875.3 0.280375 2999.85 0.999537
1211500000 17875.3 -0.289084 2999.95 0.999383
1211600000 17875.3 -0.100177 2999.91 0.999384
1211700000 17875.3 -0.306736 2999.95 0.999379
1211800000 17875.3 -0.272831 2999.94 0.999428
1211900000 17875.3 -0.118997 2999.92 0.999492
1212000000 17875.3 -0.266164 2999.94 0.999424
1212100000 17875.3 -0.00893373 2999.9 0.999493
1212200000 17875.3 -0.224945 2999.94 0.99943
1212300000 17875.3 -0.233217 2999.94 0.999381
1212400000 17875.3 -0.116419 2999.92 0.999431
1212500000 17875.3 -0.210679 2999.93 0.999398
1212600000 17875.3 0.629642 2999.79 0.999674
1212700000 17875.3 -0.120698 2999.92 0.999433
1212800000 17875.3 0.360223 2999.84 0.999596
1212900000 17875.3 -0.241326 2999.94 0.999375
1213000000 17875.3 -0.18239 2999.93 0.999409
1213100000 17875.3 -0.217287 2999.93 0.999371
1213200000 17875.3 -0.10994 2999.92 0.999404
1213300000 17875.3 -0.157894 2999.92 0.999378
1213400000 17875.3 -0.135129 2999.92 0.99938
1213500000 17875.3 -0.0800498 2999.91 0.999491
1213600000 17875.3 -0.0874379 2999.91 0.999398
1213700000 17875.3 -0.136768 2999.92 0.999437
1213800000 17875.3 -0.145045 2999.92 0.999376
1213900000 17875.3 -0.162148 2999.93 0.999386
1214000000 17875.3 1.90556 2999.58 0.999899
1214100000 17875.3 0.14344 2999.87 0.999542
1214200000 17875.3 -0.180114 2999.93 0.999422
1214300000 17875.3 1.14442 2999.71 0.999757
1214400000 17875.3 -0.210342 2999.93 0.999374
1214500000 17875.3 1.01072 2999.73 0.999694
1214600000 17875.3 -0.124749 2999.92 0.999381
1214700000 17875.3 -0.118166 2999.92 0.99938
1214800000 17875.3 0.366603 2999.84 0.999604
1214900000 17875.3 -0.317618 2999.95 0.999414
1215000000 17875.3 -0.254649 2999.94 0.999424
1215100000 17875.3 -0.173136 2999.93 0.999392
1215200000 17875.3 -0.112871 2999.92 0.99938
1215300000 17875.3 -0.280517 2999.95 0.999466
1215400000 17875.3 -0.108276 2999.92 0.999376
1215500000 17875.3 -0.0684607 2999.91 0.999399
1215600000 17875.3 1.25068 2999.69 0.999793
1215700000 17875.3 -0.151471 2999.92 0.999387
1215800000 17875.3 -0.158688 2999.92 0.999386
1215900000 17875.3 -0.0600478 2999.91 0.999385
1216000000 17875.3 -0.222779 2999.94 0.999401
1216100000 17875.3 -0.146619 2999.92 0.999379
1216200000 17875.3 0.664087 2999.79 0.999642
1216300000 17875.3 -0.200206 2999.93 0.999375
1216400000 17875.3 0.684036 2999.78 0.999783
1216500000 17875.3 -0.215898 2999.93 0.999385
1216600000 17875.3 -0.180197 2999.93 0.999394
1216700000 17875.3 0.802052 2999.76 0.999659
1216800000 17875.3 -0.112166 2999.92 0.999377
1216900000 17875.3 0.393728 2999.83 0.99959
1217000000 17875.3 -0.203527 2999.93 0.999384
1217100000 17875.3 -0.262922 2999.94 0.999415
1217200000 17875.3 -0.369861 2999.96 0.999365
1217300000 17875.3 -0.229983 2999.94 0.999431
1217400000 17875.3 -0.166258 2999.93 0.999392
1217500000 17875.3 -0.00681325 2999.9 0.999506
1217600000 17875.3 -0.142362 2999.92 0.999492
1217700000 17875.3 -0.0894346 2999.91 0.999382
1217800000 17875.3 1.14717 2999.71 0.9998
1217900000 17875.3 -0.129159 2999.92 0.999408
1218000000 17875.3 -0.311393 2999.95 0.999404
1218100000 17875.3 -0.170254 2999.93 0.999382
1218200000 17875.3 -0.111257 2999.92 0.999391
1218300000 17875.3 2.18489 2999.53 0.999902
1218400000 17875.3 -0.154626 2999.92 0.999394
1218500000 17875.3 -0.166077 2999.93 0.999463
1218600000 17875.3 0.618488 2999.79 0.999602
1218700000 17875.3 -0.140738 2999.92 0.999477
1218800000 17875.3 0.0140621 2999.9 0.999494
1218900000 17875.3 0.129267 2999.88 0.999554
1219000000 17875.3 -0.207151 2999.93 0.99937
1219100000 17875.3 4.35755 2999.17 1.00045
1219200000 17875.3 -0.126554 2999.92 0.999436
1219300000 17875.3 -0.062717 2999.91 0.999385
1219400000 17875.3 -0.189078 2999.93 0.999387
1219500000 17875.3 -0.286795 2999.95 0.999415
1219600000 17875.3 4.20071 2999.19 1.00024
1219700000 17875.3 -0.278578 2999.94 0.999376
1219800000 17875.3 0.193055 2999.87 0.999495
1219900000 17875.3 0.807733 2999.76 0.999645
1220000000 17875.3 0.060707 2999.89 0.999502
1220100000 17875.3 1.46479 2999.65 0.999772
1220200000 17875.3 -0.239948 2999.94 0.999423
1220300000 17875.3 0.148764 2999.87 0.999566
1220400000 17875.3 -0.39466 2999.96 0.999394
1220500000 17875.3 -0.223225 2999.94 0.999374
1220600000 17875.3 -0.21206 2999.93 0.999387
1220700000 17875.3 -0.00931559 2999.9 0.999502
1220800000 17875.3 -0.220478 2999.94 0.999391
1220900000 17875.3 0.619737 2999.79 0.999621
1221000000 17875.3 -0.278175 2999.94 0.999422
1221100000 17875.3 -0.212658 2999.93 0.999404
1221200000 17875.3 2.48455 2999.48 1.00007
1221300000 17875.3 -0.202677 2999.93 0.999395
1221400000 17875.3 -0.178144 2999.93 0.999396
1221500000 17875.3 -0.160174 2999.92 0.999375
1221600000 17875.3 -0.222804 2999.94 0.999386
1221700000 17875.3 -0.215289 2999.93 0.999417
1221800000 17875.3 -0.0869567 2999.91 0.999383
1221900000 17875.3 0.206188 2999.86 0.999571
1222000000 17875.3 -0.448098 2999.97 0.999387
1222100000 17875.3 -0.288499 2999.95 0.999419
1222200000 17875.3 3.24278 2999.35 1.00009
1222300000 17875.3 1.46442 2999.65 0.999857
1222400000 17875.3 -0.468133 2999.98 0.99943
1222500000 17875.3 0.233516 2999.86 0.999551
1222600000 17875.3 -0.303879 2999.95 0.999367
1222700000 17875.3 -0.156415 2999.92 0.999384
1222800000 17875.3 -0.197287 2999.93 0.999376
1222900000 17875.3 -0.373893 2999.96 0.999448
1223000000 17875.3 -0.135913 2999.92 0.999395
1223100000 17875.3 0.844816 2999.76 0.999655
1223200000 17875.3 -0.396456 2999.96 0.999472
1223300000 17875.3 -0.277046 2999.94 0.999376
1223400000 17875.3 0.0927881 2999.88 0.999526
1223500000 17875.3 -0.243874 2999.94 0.999426
1223600000 17875.3 0.196914 2999.87 0.999515
1223700000 17875.3 -0.21056 2999.93 0.999374
1223800000 17875.3 -0.167127 2999.93 0.999399
1223900000 17875.3 0.137472 2999.88 0.999485
1224000000 17875.3 -0.0323199 2999.9 0.999472
1224100000 17875.3 -0.0648002 2999.91 0.999385
1224200000 17875.3 4.74049 2999.1 1.00051
1224300000 17875.3 4.36712 2999.17 1.00029
1224400000 17875.3 -0.177166 2999.93 0.999376
1224500000 17875.3 -0.20644 2999.93 0.999481
1224600000 17875.3 -0.162674 2999.93 0.999374
1224700000 17875.3 -0.149952 2999.92 0.999382
1224800000 17875.3 -0.250452 2999.94 0.999386
1224900000 17875.3 1.15078 2999.7 0.999801
1225000000 17875.3 2.94668 2999.4 1.0003
1225100000 17875.3 -0.314962 2999.95 0.999501
1225200000 17875.3 -0.0231724 2999.9 0.999518
1225300000 17875.3 -0.189661 2999.93 0.999383
1225400000 17875.3 0.123315 2999.88 0.999503
1225500000 17875.3 0.831973 2999.76 0.999735
1225600000 17875.3 -0.275734 2999.94 0.999366
1225700000 17875.3 -0.118844 2999.92 0.999474
1225800000 17875.3 0.00562232 2999.9 0.999464
1225900000 17875.3 -0.194045 2999.93 0.999367
1226000000 17875.3 -0.128927 2999.92 0.999378
1226100000 17875.3 -0.0479811 2999.91 0.99946
1226200000 17875.3 -0.259707 2999.94 0.999372
1226300000 17875.3 -0.219891 2999.94 0.999476
1226400000 17875.3 -0.368069 2999.96 0.999402
1226500000 17875.3 0.306525 2999.85 0.999551
1226600000 17875.3 -0.209097 2999.93 0.99938
1226700000 17875.3 -0.088553 2999.91 0.99938
1226800000 17875.3 0.0350564 2999.89 0.999471
1226900000 17875.3 0.203903 2999.86 0.999606
1227000000 17875.3 1.01036 2999.73 0.999727
1227100000 17875.3 -0.157627 2999.92 0.999414
1227200000 17875.3 -0.10047 2999.91 0.999386
1227300000 17875.3 -0.10835 2999.92 0.999414
1227400000 17875.3 -0.381169 2999.96 0.999383
1227500000 17875.3 -0.163348 2999.93 0.999381
1227600000 17875.3 -0.0241581 2999.9 0.99939
1227700000 17875.3 -0.21538 2999.93 0.999394
1227800000 17875.3 -0.183306 2999.93 0.999382
1227900000 17875.3 -0.00174467 2999.9 0.999522
1228000000 17875.3 -0.110508 2999.92 0.999389
1228100000 17875.3 -0.248792 2999.94 0.999454
1228200000 17875.3 -0.282608 2999.95 0.999368
1228300000 17875.3 0.0301391 2999.89 0.999524
1228400000 17875.3 -0.195703 2999.93 0.99937
1228500000 17875.3 -0.0507849 2999.91 0.999505
1228600000 17875.3 -0.134774 2999.92 0.999421
1228700000 17875.3 -0.268879 2999.94 0.999385
1228800000 17875.3 -0.0818662 2999.91 0.999381
1228900000 17875.3 -0.160376 2999.93 0.999372
1229000000 17875.3 -0.225159 2999.94 0.999427
1229100000 17875.3 0.0646999 2999.89 0.999529
1229200000 17875.3 -0.157971 2999.92 0.999436
1229300000 17875.3 -0.0205662 2999.9 0.999497
1229400000 17875.3 -0.143887 2999.92 0.999391
1229500000 17875.3 0.771502 2999.77 0.999703
1229600000 17875.3 0.567921 2999.8 0.999646
1229700000 17875.3 -0.142959 2999.92 0.999441
1229800000 17875.3 -0.134469 2999.92 0.999381
1229900000 17875.3 -0.133021 2999.92 0.999377
1230000000 17875.3 -0.262116 2999.94 0.999454
1230100000 17875.3 -0.00377413 2999.9 0.999559
1230200000 17875.3 -0.347194 2999.96 0.999397
1230300000 17875.3 -0.209551 2999.93 0.999429
1230400000 17875.3 -0.236624 2999.94 0.999369
1230500000 17875.3 -0.174901 2999.93 0.999432
1230600000 17875.3 -0.127244 2999.92 0.999386
1230700000 17875.3 -0.160421 2999.93 0.999384
1230800000 17875.3 -0.281465 2999.95 0.999421
1230900000 17875.3 -0.140295 2999.92 0.999489
1231000000 17875.3 -0.250452 2999.94 0.999381
1231100000 17875.3 -0.144294 2999.92 0.999377
1231200000 17875.3 -0.20024 2999.93 0.999378
1231300000 17875.3 0.122881 2999.88 0.999502
1231400000 17875.3 -0.172612 2999.93 0.999378
1231500000 17875.3 -0.107292 2999.92 0.999393
1231600000 17875.3 -0.235584 2999.94 0.99938
1231700000 17875.3 0.111233 2999.88 0.999547
1231800000 17875.3 0.690493 2999.78 0.999743
1231900000 17875.3 -0.491115 2999.98 0.999397
1232000000 17875.3 -0.0279258 2999.9 0.999478
1232100000 17875.3 -0.190908 2999.93 0.999382
1232200000 17875.3 0.200152 2999.86 0.999531
1232300000 17875.3 -0.142601 2999.92 0.999401
1232400000 17875.3 0.130613 2999.88 0.999549
1232500000 17875.3 1.08413 2999.72 0.999779
1232600000 17875.3 -0.121826 2999.92 0.999387
1232700000 17875.3 -0.145301 2999.92 0.999416
1232800000 17875.3 -0.0966808 2999.91 0.999458
1232900000 17875.3 -0.0587375 2999.91 0.999502
1233000000 17875.3 -0.254812 2999.94 0.99938
1233100000 17875.3 -0.146707 2999.92 0.99942
1233200000 17875.3 0.508602 2999.81 0.999663
1233300000 17875.3 -0.205301 2999.93 0.999388
1233400000 17875.3 -0.0579136 2999.91 0.999445
1233500000 17875.3 0.430088 2999.83 0.999652
1233600000 17875.3 -0.193936 2999.93 0.999367
1233700000 17875.3 -0.208269 2999.93 0.99947
1233800000 17875.3 -0.310795 2999.95 0.999381
1233900000 17875.3 0.326049 2999.84 0.999554
1234000000 17875.3 -0.128621 2999.92 0.999391
1234100000 17875.3 -0.164527 2999.93 0.999414
1234200000 17875.3 -0.149958 2999.92 0.999412
1234300000 17875.3 -0.0172872 2999.9 0.999498
1234400000 17875.3 -0.202234 2999.93 0.999385
1234500000 17875.3 -0.296512 2999.95 0.999472
1234600000 17875.3 -0.290993 2999.95 0.999364
1234700000 17875.3 -0.193028 2999.93 0.999508
1234800000 17875.3 -0.258684 2999.94 0.999485
1234900000 17875.3 0.183018 2999.87 0.999579
1235000000 17875.3 0.112252 2999.88 0.999555
1235100000 17875.3 0.151005 2999.87 0.999482
1235200000 17875.3 -0.251526 2999.94 0.999388
1235300000 17875.3 0.260638 2999.85 0.999554
1235400000 17875.3 -0.0871473 2999.91 0.99948
1235500000 17875.3 -0.0833305 2999.91 0.999383
1235600000 17875.3 -0.140631 2999.92 0.999378
1235700000 17875.3 -0.232917 2999.94 0.999377
1235800000 17875.3 -0.130216 2999.92 0.99954
1235900000 17875.3 1.08949 2999.72 0.999798
1236000000 17875.3 0.503531 2999.81 0.999604
1236100000 17875.3 -0.371247 2999.96 0.999408
1236200000 17875.3 -0.1024 2999.92 0.999408
1236300000 17875.3 2.3973 2999.5 0.999947
1236400000 17875.3 -0.25849 2999.94 0.999378
1236500000 17875.3 -0.359325 2999.96 0.999413
1236600000 17875.3 -0.156653 2999.92 0.999397
1236700000 17875.3 -0.0581879 2999.91 0.999443
1236800000 17875.3 0.192419 2999.87 0.999563
1236900000 17875.3 0.204775 2999.86 0.999501
1237000000 17875.3 0.523716 2999.81 0.999593
1237100000 17875.3 0.669623 2999.79 0.999606
1237200000 17875.3 0.361594 2999.84 0.999649
1237300000 17875.3 -0.124972 2999.92 0.999422
1237400000 17875.3 -0.0916715 2999.91 0.999391
1237500000 17875.3 -0.287938 2999.95 0.999378
1237600000 17875.3 -0.0865867 2999.91 0.999381
1237700000 17875.3 0.275498 2999.85 0.999617
1237800000 17875.3 0.191668 2999.87 0.999502
1237900000 17875.3 -0.217626 2999.93 0.999409
1238000000 17875.3 -0.3248 2999.95 0.99937
1238100000 17875.3 0.0309941 2999.89 0.999491
1238200000 17875.3 -0.123339 2999.92 0.999394
1238300000 17875.3 0.078404 2999.88 0.999492
1238400000 17875.3 0.392805 2999.83 0.999588
1238500000 17875.3 -0.264176 2999.94 0.999392
1238600000 17875.3 -0.231885 2999.94 0.999403
1238700000 17875.3 0.0788978 2999.88 0.999473
1238800000 17875.3 -0.193279 2999.93 0.999413
1238900000 17875.3 -0.0592942 2999.91 0.999415
1239000000 17875.3 0.0476387 2999.89 0.999495
1239100000 17875.3 0.327711 2999.84 0.999596
1239200000 17875.3 -0.226886 2999.94 0.999428
1239300000 17875.3 0.226322 2999.86 0.99955
1239400000 17875.3 0.787644 2999.77 0.999652
1239500000 17875.3 0.611206 2999.8 0.9997
1239600000 17875.3 -0.119786 2999.92 0.99938
1239700000 17875.3 -0.213044 2999.93 0.999399
1239800000 17875.3 0.0647658 2999.89 0.999514
1239900000 17875.3 -0.133848 2999.92 0.999415
1240000000 17875.3 -0.0391481 2999.9 0.999466
1240100000 17875.3 -0.203025 2999.93 0.999408
1240200000 17875.3 -0.162192 2999.93 0.99938
1240300000 17875.3 -0.188462 2999.93 0.99939
1240400000 17875.3 -0.23927 2999.94 0.999403
1240500000 17875.3 -0.237096 2999.94 0.999377
1240600000 17875.3 -0.0394752 2999.9 0.999478
1240700000 17875.3 1.14181 2999.71 0.999737
1240800000 17875.3 1.89725 2999.58 1.00007
1240900000 17875.3 -0.0818842 2999.91 0.999446
1241000000 17875.3 -0.10393 2999.92 0.999495
1241100000 17875.3 -0.225141 2999.94 0.999451
1241200000 17875.3 -0.193918 2999.93 0.999386
1241300000 17875.3 0.949193 2999.74 0.999684
1241400000 17875.3 0.280968 2999.85 0.999571
1241500000 17875.3 -0.0923303 2999.91 0.999504
1241600000 17875.3 -0.288436 2999.95 0.999388
1241700000 17875.3 -0.196688 2999.93 0.999394
1241800000 17875.3 0.0666475 2999.89 0.999467
1241900000 17875.3 -0.238707 2999.94 0.999406
1242000000 17875.3 -0.132432 2999.92 0.999381
1242100000 17875.3 -0.0923768 2999.91 0.999381
1242200000 17875.3 -0.0631594 2999.91 0.999384
1242300000 17875.3 0.654361 2999.79 0.999649
1242400000 17875.3 0.59229 2999.8 0.999717
1242500000 17875.3 3.51315 2999.31 1.00016
1242600000 17875.3 0.425343 2999.83 0.999553
1242700000 17875.3 3.28457 2999.35 1.00008
1242800000 17875.3 -0.219601 2999.93 0.999379
1242900000 17875.3 -0.177563 2999.93 0.999472
1243000000 17875.3 -0.326311 2999.95 0.999397
1243100000 17875.3 -0.392104 2999.96 0.99943
1243200000 17875.3 -0.0667156 2999.91 0.999388
1243300000 17875.3 -0.0771832 2999.91 0.999482
1243400000 17875.3 0.379045 2999.83 0.999632
1243500000 17875.3 -0.0968854 2999.91 0.999398
1243600000 17875.3 -0.244031 2999.94 0.999391
1243700000 17875.3 0.373522 2999.84 0.999613
1243800000 17875.3 -0.0808732 2999.91 0.999384
1243900000 17875.3 -0.223289 2999.94 0.999383
1244000000 17875.3 0.17655 2999.87 0.999499
1244100000 17875.3 1.73386 2999.61 0.999856
1244200000 17875.3 -0.26702 2999.94 0.999375
1244300000 17875.3 -0.127232 2999.92 0.99946
1244400000 17875.3 0.0866231 2999.88 0.99948
1244500000 17875.3 -0.138836 2999.92 0.999384
1244600000 17875.3 -0.313457 2999.95 0.9994
1244700000 17875.3 -0.196468 2999.93 0.999374
1244800000 17875.3 -0.10426 2999.92 0.999511
1244900000 17875.3 -0.185497 2999.93 0.999457
1245000000 17875.3 -0.190294 2999.93 0.999388
1245100000 17875.3 0.270443 2999.85 0.999533
1245200000 17875.3 -0.133 2999.92 0.999384
1245300000 17875.3 -0.3244 2999.95 0.999385
1245400000 17875.3 0.669494 2999.79 0.999634
1245500000 17875.3 0.197484 2999.86 0.99954
1245600000 17875.3 -0.104962 2999.92 0.999415
1245700000 17875.3 -0.106656 2999.92 0.999407
1245800000 17875.3 -0.187129 2999.93 0.999378
1245900000 17875.3 -0.266185 2999.94 0.999366
1246000000 17875.3 -0.120148 2999.92 0.999455
1246100000 17875.3 0.274372 2999.85 0.999562
1246200000 17875.3 -0.289234 2999.95 0.999374
1246300000 17875.3 -0.256429 2999.94 0.999412
1246400000 17875.3 0.425307 2999.83 0.999594
1246500000 17875.3 -0.231173 2999.94 0.999437
1246600000 17875.3 -0.171442 2999.93 0.9994
1246700000 17875.3 0.158287 2999.87 0.999576
1246800000 17875.3 0.491408 2999.82 0.999593
1246900000 17875.3 0.0110982 2999.9 0.999456
1247000000 17875.3 0.428088 2999.83 0.999657
1247100000 17875.3 -0.0640339 2999.91 0.999385
1247200000 17875.3 1.26058 2999.69 0.999776
1247300000 17875.3 -0.199108 2999.93 0.999373
1247400000 17875.3 -0.272286 2999.94 0.999483
1247500000 17875.3 -0.157299 2999.92 0.999389
1247600000 17875.3 0.227928 2999.86 0.999513
1247700000 17875.3 -0.229909 2999.94 0.99938
1247800000 17875.3 -0.105585 2999.92 0.999437
1247900000 17875.3 -0.183697 2999.93 0.999399
1248000000 17875.3 2.35592 2999.5 1.00011
1248100000 17875.3 -0.0945415 2999.91 0.999419
1248200000 17875.3 -0.257035 2999.94 0.999403
1248300000 17875.3 -0.3818 2999.96 0.999375
1248400000 17875.3 -0.269801 2999.94 0.999383
1248500000 17875.3 -0.165499 2999.93 0.999386
1248600000 17875.3 -0.00459357 2999.9 0.999492
1248700000 17875.3 -0.170008 2999.93 0.999384
1248800000 17875.3 -0.14128 2999.92 0.999382
1248900000 17875.3 -0.101992 2999.92 0.999454
1249000000 17875.3 2.07593 2999.55 0.999992
1249100000 17875.3 -0.190653 2999.93 0.999392
1249200000 17875.3 6.50482 2998.81 1.00074
1249300000 17875.3 -0.197395 2999.93 0.999423
1249400000 17875.3 0.359063 2999.84 0.999618
1249500000 17875.3 0.00514006 2999.9 0.999488
1249600000 17875.3 -0.273833 2999.94 0.999397
1249700000 17875.3 0.0587858 2999.89 0.999524
1249800000 17875.3 0.223047 2999.86 0.999515
1249900000 17875.3 -0.310828 2999.95 0.999457
1250000000 17875.3 -0.170392 2999.93 0.999372
1250100000 17875.3 1.23789 2999.69 0.999759
1250200000 17875.3 -0.0977912 2999.91 0.999443
1250300000 17875.3 1.75572 2999.6 0.999882
1250400000 17875.3 1.20835 2999.7 0.99977
1250500000 17875.3 -0.183665 2999.93 0.999436
1250600000 17875.3 -0.182262 2999.93 0.999429
1250700000 17875.3 -0.0854547 2999.91 0.999384
1250800000 17875.3 -0.234383 2999.94 0.999451
1250900000 17875.3 0.0372203 2999.89 0.999487
1251000000 17875.3 0.272107 2999.85 0.99958
1251100000 17875.3 -0.181525 2999.93 0.999388
1251200000 17875.3 -0.321244 2999.95 0.999393
1251300000 17875.3 0.926372 2999.74 0.999677
1251400000 17875.3 0.850579 2999.76 0.99968
1251500000 17875.3 -0.247246 2999.94 0.999378
1251600000 17875.3 -0.177725 2999.93 0.999376
1251700000 17875.3 -0.288363 2999.95 0.999533
1251800000 17875.3 -0.203395 2999.93 0.99945
1251900000 17875.3 -0.168403 2999.93 0.999385
1252000000 17875.3 0.155166 2999.87 0.999543
1252100000 17875.3 -0.114187 2999.92 0.99939
1252200000 17875.3 0.0955539 2999.88 0.999465
1252300000 17875.3 -0.257244 2999.94 0.999371
1252400000 17875.3 -0.173687 2999.93 0.999371
1252500000 17875.3 0.108661 2999.88 0.99953
1252600000 17875.3 -0.0573939 2999.91 0.999386
1252700000 17875.3 1.22071 2999.69 0.99974
1252800000 17875.3 -0.259736 2999.94 0.999368
1252900000 17875.3 0.0987886 2999.88 0.999574
1253000000 17875.3 1.86008 2999.59 0.999975
1253100000 17875.3 0.43939 2999.82 0.999583
1253200000 17875.3 1.14441 2999.71 0.999782
1253300000 17875.3 0.19683 2999.87 0.999571
1253400000 17875.3 -0.0233059 2999.9 0.99956
1253500000 17875.3 -0.195557 2999.93 0.999439
1253600000 17875.3 -0.167977 2999.93 0.999382
1253700000 17875.3 -0.040973 2999.9 0.999387
1253800000 17875.3 -0.111055 2999.92 0.999431
1253900000 17875.3 -0.19917 2999.93 0.999377
1254000000 17875.3 -0.291851 2999.95 0.99937
1254100000 17875.3 -0.0615355 2999.91 0.999512
1254200000 17875.3 -0.100294 2999.91 0.999379
1254300000 17875.3 -0.351014 2999.96 0.99943
1254400000 17875.3 0.523237 2999.81 0.999578
1254500000 17875.3 -0.178653 2999.93 0.999377
1254600000 17875.3 -0.282419 2999.95 0.999385
1254700000 17875.3 1.57378 2999.63 0.999809
1254800000 17875.3 0.529583 2999.81 0.999641
1254900000 17875.3 -0.0366182 2999.9 0.99948
1255000000 17875.3 -0.0920067 2999.91 0.999383
1255100000 17875.3 -0.1018 2999.92 0.999383
1255200000 17875.3 -0.153276 2999.92 0.999381
1255300000 17875.3 -0.1542 2999.92 0.999397
1255400000 17875.3 -0.138188 2999.92 0.999407
1255500000 17875.3 1.31614 2999.68 0.999827
1255600000 17875.3 -0.191088 2999.93 0.999416
1255700000 17875.3 0.969642 2999.74 0.999797
1255800000 17875.3 0.291491 2999.85 0.999585
1255900000 17875.3 -0.0696186 2999.91 0.999385
1256000000 17875.3 0.629432 2999.79 0.999612
1256100000 17875.3 -0.179382 2999.93 0.999371
1256200000 17875.3 -0.0200798 2999.9 0.999391
1256300000 17875.3 -0.16189 2999.93 0.999385
1256400000 17875.3 0.0663329 2999.89 0.999469
1256500000 17875.3 -0.178002 2999.93 0.999394
1256600000 17875.3 -0.0886331 2999.91 0.999429
1256700000 17875.3 0.440781 2999.82 0.999621
1256800000 17875.3 -0.151071 2999.92 0.999392
1256900000 17875.3 -0.182777 2999.93 0.999378
1257000000 17875.3 -0.188339 2999.93 0.999393
1257100000 17875.3 -0.292498 2999.95 0.999378
1257200000 17875.3 0.0638044 2999.89 0.99953
1257300000 17875.3 -0.120884 2999.92 0.999378
1257400000 17875.3 -0.10281 2999.92 0.999465
1257500000 17875.3 1.57587 2999.63 0.999885
1257600000 17875.3 -0.072744 2999.91 0.999484
1257700000 17875.3 -0.175751 2999.93 0.999379
1257800000 17875.3 0.0554147 2999.89 0.999524
1257900000 17875.3 -0.286412 2999.95 0.99943
1258000000 17875.3 0.980643 2999.73 0.999723
1258100000 17875.3 0.0633806 2999.89 0.999472
1258200000 17875.3 -0.109198 2999.92 0.999408
1258300000 17875.3 -0.116116 2999.92 0.999468
1258400000 17875.3 -0.0539323 2999.91 0.999491
1258500000 17875.3 -0.206134 2999.93 0.999367
1258600000 17875.3 1.93226 2999.57 1
1258700000 17875.3 -0.335404 2999.95 0.999391
1258800000 17875.3 -0.221203 2999.94 0.999383
1258900000 17875.3 0.105677 2999.88 0.999576
1259000000 17875.3 -0.211112 2999.93 0.999374
1259100000 17875.3 -0.0805664 2999.91 0.999422
1259200000 17875.3 -0.144264 2999.92 0.999381
1259300000 17875.3 -0.0921318 2999.91 0.999462
1259400000 17875.3 0.143102 2999.87 0.999597
1259500000 17875.3 0.0798704 2999.88 0.999496
1259600000 17875.3 0.683364 2999.78 0.999633
1259700000 17875.3 0.516859 2999.81 0.999645
1259800000 17875.3 0.0867354 2999.88 0.999575
1259900000 17875.3 0.393524 2999.83 0.999593
1260000000 17875.3 -0.0524603 2999.91 0.999461
1260100000 17875.3 -0.330792 2999.95 0.999414
1260200000 17875.3 -0.0627218 2999.91 0.999384
1260300000 17875.3 -0.0432894 2999.91 0.999568
1260400000 17875.3 0.162857 2999.87 0.999527
1260500000 17875.3 -0.221717 2999.94 0.999399
1260600000 17875.3 -0.0575716 2999.91 0.999515
1260700000 17875.3 -0.188475 2999.93 0.999369
1260800000 17875.3 -0.136158 2999.92 0.999459
1260900000 17875.3 -0.0918339 2999.91 0.999559
1261000000 17875.3 -0.149612 2999.92 0.999411
1261100000 17875.3 1.14583 2999.71 0.999734
1261200000 17875.3 0.189987 2999.87 0.999582
1261300000 17875.3 -0.325902 2999.95 0.999369
1261400000 17875.3 -0.0749576 2999.91 0.999383
1261500000 17875.3 0.451585 2999.82 0.999636
1261600000 17875.3 0.816446 2999.76 0.999723
1261700000 17875.3 -0.12684 2999.92 0.999475
1261800000 17875.3 -0.076067 2999.91 0.999389
1261900000 17875.3 -0.276518 2999.94 0.999416
1262000000 17875.3 0.0675616 2999.89 0.999518
1262100000 17875.3 -0.092283 2999.91 0.999443
1262200000 17875.3 0.143605 2999.87 0.999533
1262300000 17875.3 0.106476 2999.88 0.999548
1262400000 17875.3 -0.0258142 2999.9 0.999535
1262500000 17875.3 -0.0183197 2999.9 0.999452
1262600000 17875.3 -0.115332 2999.92 0.999452
1262700000 17875.3 2.87388 2999.42 1.00003
1262800000 17875.3 1.55089 2999.64 0.999987
1262900000 17875.3 -0.161027 2999.93 0.999423
1263000000 17875.3 -0.145412 2999.92 0.999383
1263100000 17875.3 -0.195807 2999.93 0.999414
1263200000 17875.3 -0.244781 2999.94 0.999385
1263300000 17875.3 -0.0323717 2999.9 0.999451
1263400000 17875.3 5.21499 2999.02 1.00064
1263500000 17875.3 -0.214923 2999.93 0.999374
1263600000 17875.3 0.0990063 2999.88 0.999486
1263700000 17875.3 0.565021 2999.8 0.99959
1263800000 17875.3 -0.29321 2999.95 0.999367
1263900000 17875.3 -0.225932 2999.94 0.999407
1264000000 17875.3 1.41775 2999.66 0.999783
1264100000 17875.3 -0.275014 2999.94 0.999473
1264200000 17875.3 0.0830912 2999.88 0.999507
1264300000 17875.3 1.72316 2999.61 0.999833
1264400000 17875.3 -0.256211 2999.94 0.999387
1264500000 17875.3 2.21314 2999.53 0.999916
1264600000 17875.3 -0.177422 2999.93 0.999387
1264700000 17875.3 -0.139975 2999.92 0.999405
1264800000 17875.3 -0.184815 2999.93 0.999376
1264900000 17875.3 -0.291783 2999.95 0.999375
1265000000 17875.3 -0.227177 2999.94 0.999393
1265100000 17875.3 -0.0581694 2999.91 0.999451
1265200000 17875.3 -0.0262493 2999.9 0.999446
1265300000 17875.3 -0.251301 2999.94 0.999406
1265400000 17875.3 0.16707 2999.87 0.999523
1265500000 17875.3 -0.148219 2999.92 0.999426
1265600000 17875.3 -0.0747511 2999.91 0.999426
1265700000 17875.3 0.118882 2999.88 0.999476
1265800000 17875.3 0.619015 2999.79 0.999599
1265900000 17875.3 -0.201378 2999.93 0.999368
1266000000 17875.3 0.559716 2999.8 0.999614
1266100000 17875.3 -0.121302 2999.92 0.999415
1266200000 17875.3 -0.259441 2999.94 0.999375
1266300000 17875.3 -0.279698 2999.95 0.999512
1266400000 17875.3 -0.190377 2999.93 0.999439
1266500000 17875.3 -0.130178 2999.92 0.999378
1266600000 17875.3 0.727205 2999.78 0.999667
1266700000 17875.3 -0.0840811 2999.91 0.999384
1266800000 17875.3 -0.105535 2999.92 0.999439
1266900000 17875.3 -0.30912 2999.95 0.99949
1267000000 17875.3 -0.185222 2999.93 0.999386
1267100000 17875.3 0.539808 2999.81 0.999656
1267200000 17875.3 -0.157043 2999.92 0.999376
1267300000 17875.3 0.0101656 2999.9 0.999465
1267400000 17875.3 -0.103162 2999.92 0.999379
1267500000 17875.3 -0.122113 2999.92 0.99939
1267600000 17875.3 0.872137 2999.75 0.999719
1267700000 17875.3 0.0450293 2999.89 0.999482
1267800000 17875.3 -0.108603 2999.92 0.999417
1267900000 17875.3 -0.0875443 2999.91 0.999421
1268000000 17875.3 2.54009 2999.47 1.00007
1268100000 17875.3 -0.148868 2999.92 0.999383
1268200000 17875.3 -0.155787 2999.92 0.999393
1268300000 17875.3 -0.24506 2999.94 0.999434
1268400000 17875.3 -0.0734828 2999.91 0.999426
1268500000 17875.3 -0.256843 2999.94 0.999414
1268600000 17875.3 -0.0535696 2999.91 0.999491
1268700000 17875.3 -0.152398 2999.92 0.999444
1268800000 17875.3 0.246969 2999.86 0.999638
1268900000 17875.3 0.234075 2999.86 0.999612
1269000000 17875.3 -0.382006 2999.96 0.999396
1269100000 17875.3 -0.0797262 2999.91 0.999498
1269200000 17875.3 0.122999 2999.88 0.999542
1269300000 17875.3 0.351116 2999.84 0.999607
1269400000 17875.3 0.177676 2999.87 0.999539
1269500000 17875.3 -0.21361 2999.93 0.99948
1269600000 17875.3 -0.203639 2999.93 0.999373
1269700000 17875.3 -0.123131 2999.92 0.999376
1269800000 17875.3 -0.322906 2999.95 0.999414
1269900000 17875.3 0.63373 2999.79 0.999638
1270000000 17875.3 -0.0706468 2999.91 0.999381
1270100000 17875.3 -0.12172 2999.92 0.999411
1270200000 17875.3 -0.29338 2999.95 0.999407
1270300000 17875.3 0.0463101 2999.89 0.999543
1270400000 17875.3 0.0582239 2999.89 0.999506
1270500000 17875.3 0.0740233 2999.89 0.999481
1270600000 17875.3 -0.168906 2999.93 0.999385
1270700000 17875.3 1.12459 2999.71 0.99981
1270800000 17875.3 -0.305137 2999.95 0.999465
1270900000 17875.3 -0.165486 2999.93 0.999374
1271000000 17875.3 0.0530672 2999.89 0.99948
1271100000 17875.3 0.369519 2999.84 0.999651
1271200000 17875.3 0.462028 2999.82 0.999655
1271300000 17875.3 0.665875 2999.79 0.999631
1271400000 17875.3 0.448427 2999.82 0.999557
1271500000 17875.3 -0.0134992 2999.9 0.99951
1271600000 17875.3 -0.00571453 2999.9 0.999554
1271700000 17875.3 0.392836 2999.83 0.999714
1271800000 17875.3 -0.146457 2999.92 0.999382
1271900000 17875.3 -0.281283 2999.95 0.999386
1272000000 17875.3 -0.00238084 2999.9 0.999435
1272100000 17875.3 -0.285044 2999.95 0.999476
1272200000 17875.3 -0.392908 2999.96 0.999402
1272300000 17875.3 1.2867 2999.68 0.999737
1272400000 17875.3 4.98543 2999.06 1.0004
1272500000 17875.3 0.00218782 2999.9 0.999491
1272600000 17875.3 -0.171039 2999.93 0.999373
1272700000 17875.3 -0.197445 2999.93 0.999383
1272800000 17875.3 0.975747 2999.73 0.999737
1272900000 17875.3 -0.0666852 2999.91 0.999384
1273000000 17875.3 -0.184107 2999.93 0.999383
1273100000 17875.3 3.40743 2999.33 1.00027
1273200000 17875.3 -0.202409 2999.93 0.999407
1273300000 17875.3 -0.0447222 2999.91 0.999438
1273400000 17875.3 -0.00489232 2999.9 0.999539
1273500000 17875.3 -0.0591021 2999.91 0.999436
1273600000 17875.3 -0.274391 2999.94 0.999377
1273700000 17875.3 -0.202273 2999.93 0.999452
1273800000 17875.3 -0.127946 2999.92 0.999377
1273900000 17875.3 -0.125511 2999.92 0.999379
1274000000 17875.3 -0.327183 2999.95 0.999375
1274100000 17875.3 -0.162803 2999.93 0.999402
1274200000 17875.3 -0.384675 2999.96 0.999468
1274300000 17875.3 -0.182344 2999.93 0.999395
1274400000 17875.3 -0.268622 2999.94 0.999374
1274500000 17875.3 -0.240343 2999.94 0.999438
1274600000 17875.3 0.385729 2999.83 0.999666
1274700000 17875.3 1.0048 2999.73 0.999684
1274800000 17875.3 -0.326885 2999.95 0.99938
1274900000 17875.3 -0.111496 2999.92 0.999387
1275000000 17875.3 0.660199 2999.79 0.999614
1275100000 17875.3 -0.169177 2999.93 0.999377
1275200000 17875.3 -0.0949278 2999.91 0.999382
1275300000 17875.3 0.830892 2999.76 0.999713
1275400000 17875.3 0.308559 2999.85 0.99958
1275500000 17875.3 0.368123 2999.84 0.999551
1275600000 17875.3 -0.127569 2999.92 0.999401
1275700000 17875.3 -0.177456 2999.93 0.999378
1275800000 17875.3 -0.158197 2999.92 0.999395
1275900000 17875.3 1.01293 2999.73 0.99973
1276000000 17875.3 -0.221521 2999.94 0.999428
1276100000 17875.3 -0.20473 2999.93 0.999465
1276200000 17875.3 1.31771 2999.68 0.999823
1276300000 17875.3 0.063583 2999.89 0.999496
1276400000 17875.3 0.729621 2999.78 0.999673
1276500000 17875.3 -0.303912 2999.95 0.999381
1276600000 17875.3 0.0236182 2999.89 0.999498
1276700000 17875.3 0.0603488 2999.89 0.999578
1276800000 17875.3 0.398507 2999.83 0.999591
1276900000 17875.3 -0.241354 2999.94 0.999455
1277000000 17875.3 -0.322767 2999.95 0.999356
1277100000 17875.3 2.97071 2999.4 1.00008
1277200000 17875.3 -0.0223293 2999.9 0.999452
1277300000 17875.3 -0.188742 2999.93 0.999387
1277400000 17875.3 0.827198 2999.76 0.999707
1277500000 17875.3 -0.108828 2999.92 0.999388
1277600000 17875.3 -0.2317 2999.94 0.999462
1277700000 17875.3 0.0356236 2999.89 0.999482
1277800000 17875.3 0.195693 2999.87 0.999509
1277900000 17875.3 0.341285 2999.84 0.999621
1278000000 17875.3 -0.232317 2999.94 0.999408
1278100000 17875.3 -0.251252 2999.94 0.999396
1278200000 17875.3 1.26979 2999.69 0.999751
1278300000 17875.3 -0.0603341 2999.91 0.999544
1278400000 17875.3 0.0264379 2999.89 0.999507
1278500000 17875.3 -0.132637 2999.92 0.999428
1278600000 17875.3 -0.0706307 2999.91 0.999524
1278700000 17875.3 -0.372106 2999.96 0.999375
1278800000 17875.3 0.107611 2999.88 0.999486
1278900000 17875.3 0.915755 2999.74 0.999788
1279000000 17875.3 -0.104047 2999.92 0.999425
1279100000 17875.3 0.686281 2999.78 0.999636
1279200000 17875.3 1.32415 2999.68 0.999831
1279300000 17875.3 1.13077 2999.71 0.999745
1279400000 17875.3 -0.185766 2999.93 0.999461
1279500000 17875.3 1.79346 2999.6 1.00011
1279600000 17875.3 -0.107648 2999.92 0.999379
1279700000 17875.3 -0.069703 2999.91 0.999384
1279800000 17875.3 0.18653 2999.87 0.999539
1279900000 17875.3 -0.176982 2999.93 0.999435
1280000000 17875.3 -0.169585 2999.93 0.999378
1280100000 17875.3 0.00240062 2999.9 0.999519
1280200000 17875.3 -0.139571 2999.92 0.999377
1280300000 17875.3 -0.242073 2999.94 0.99938
1280400000 17875.3 0.687563 2999.78 0.999641
1280500000 17875.3 -0.416204 2999.97 0.999381
1280600000 17875.3 -0.135182 2999.92 0.999412
1280700000 17875.3 -0.22282 2999.94 0.999416
1280800000 17875.3 -0.0928413 2999.91 0.999384
1280900000 17875.3 -0.230612 2999.94 0.999392
1281000000 17875.3 -0.0275974 2999.9 0.999431
1281100000 17875.3 0.0679555 2999.89 0.999528
1281200000 17875.3 -0.252041 2999.94 0.999408
1281300000 17875.3 -0.406615 2999.97 0.999401
1281400000 17875.3 -0.17571 2999.93 0.999377
1281500000 17875.3 3.4432 2999.32 1.00022
1281600000 17875.3 -0.0223219 2999.9 0.99956
1281700000 17875.3 -0.00835331 2999.9 0.999576
1281800000 17875.3 -0.151295 2999.92 0.99939
1281900000 17875.3 0.441216 2999.82 0.999637
1282000000 17875.3 -0.114003 2999.92 0.99947
1282100000 17875.3 -0.311718 2999.95 0.999378
1282200000 17875.3 0.167386 2999.87 0.999518
1282300000 17875.3 -0.156047 2999.92 0.999402
1282400000 17875.3 -0.198603 2999.93 0.999372
1282500000 17875.3 -0.283724 2999.95 0.999445
1282600000 17875.3 -0.0868474 2999.91 0.999468
1282700000 17875.3 -0.113918 2999.92 0.999382
1282800000 17875.3 0.623717 2999.79 0.999675
1282900000 17875.3 -0.18174 2999.93 0.999383
1283000000 17875.3 0.156284 2999.87 0.999614
1283100000 17875.3 0.185586 2999.87 0.999542
1283200000 17875.3 -0.116003 2999.92 0.999453
1283300000 17875.3 -0.236866 2999.94 0.999417
1283400000 17875.3 0.0559798 2999.89 0.999519
1283500000 17875.3 -0.155529 2999.92 0.999394
1283600000 17875.3 -0.291152 2999.95 0.99943
1283700000 17875.3 -0.269693 2999.94 0.999386
1283800000 17875.3 0.0835924 2999.88 0.999501
1283900000 17875.3 -0.105122 2999.92 0.999385
1284000000 17875.3 -0.120265 2999.92 0.999474
1284100000 17875.3 -0.343714 2999.96 0.999377
1284200000 17875.3 0.811606 2999.76 0.999663
1284300000 17875.3 0.570062 2999.8 0.999629
1284400000 17875.3 -0.113655 2999.92 0.999417
1284500000 17875.3 -0.172613 2999.93 0.999375
1284600000 17875.3 -0.159414 2999.92 0.999445
1284700000 17875.3 -0.188319 2999.93 0.999423
1284800000 17875.3 -0.100626 2999.91 0.999436
1284900000 17875.3 -0.0937205 2999.91 0.999509
1285000000 17875.3 -0.237001 2999.94 0.999441
1285100000 17875.3 0.104801 2999.88 0.999524
1285200000 17875.3 -0.250273 2999.94 0.999372
1285300000 17875.3 -0.157667 2999.92 0.999441
1285400000 17875.3 -0.167772 2999.93 0.999377
1285500000 17875.3 -0.304865 2999.95 0.999372
1285600000 17875.3 0.198 2999.86 0.999522
1285700000 17875.3 -0.060626 2999.91 0.999435
1285800000 17875.3 -0.160286 2999.93 0.999389
1285900000 17875.3 -0.0957836 2999.91 0.999379
1286000000 17875.3 -0.159642 2999.92 0.999374
1286100000 17875.3 0.047186 2999.89 0.999524
1286200000 17875.3 -0.148628 2999.92 0.999425
1286300000 17875.3 -0.209161 2999.93 0.999428
1286400000 17875.3 -0.0677061 2999.91 0.999476
1286500000 17875.3 1.87593 2999.58 0.999963
1286600000 17875.3 -0.109326 2999.92 0.999404
1286700000 17875.3 -0.211746 2999.93 0.999417
1286800000 17875.3 -0.203985 2999.93 0.999377
1286900000 17875.3 -0.171994 2999.93 0.999374
1287000000 17875.3 0.839206 2999.76 0.999662
1287100000 17875.3 -0.14507 2999.92 0.999374
1287200000 17875.3 -0.0832469 2999.91 0.999386
1287300000 17875.3 -0.110347 2999.92 0.999402
1287400000 17875.3 -0.050483 2999.91 0.999478
1287500000 17875.3 -0.125594 2999.92 0.999375
1287600000 17875.3 -0.171393 2999.93 0.99939
1287700000 17875.3 -0.12505 2999.92 0.999461
1287800000 17875.3 1.63466 2999.62 0.999858
1287900000 17875.3 -0.0817717 2999.91 0.999433
1288000000 17875.3 0.328916 2999.84 0.999571
1288100000 17875.3 0.759829 2999.77 0.999672
1288200000 17875.3 -0.1402 2999.92 0.999377
1288300000 17875.3 -0.421177 2999.97 0.999446
1288400000 17875.3 -0.18919 2999.93 0.999398
1288500000 17875.3 -0.321996 2999.95 0.999422
1288600000 17875.3 0.643818 2999.79 0.99969
1288700000 17875.3 -0.249372 2999.94 0.999399
1288800000 17875.3 -0.285341 2999.95 0.999395
1288900000 17875.3 -0.177188 2999.93 0.999385
1289000000 17875.3 -0.19206 2999.93 0.99939
1289100000 17875.3 0.127755 2999.88 0.999549
1289200000 17875.3 -0.193931 2999.93 0.999399
1289300000 17875.3 -0.197852 2999.93 0.999441
1289400000 17875.3 -0.272782 2999.94 0.999405
1289500000 17875.3 0.298118 2999.85 0.99957
1289600000 17875.3 0.734087 2999.77 0.999677
1289700000 17875.3 0.62146 2999.79 0.999631
1289800000 17875.3 0.462706 2999.82 0.999594
1289900000 17875.3 -0.205046 2999.93 0.999388
1290000000 17875.3 -0.226761 2999.94 0.999391
1290100000 17875.3 0.559561 2999.8 0.999614
1290200000 17875.3 -0.139041 2999.92 0.999492
1290300000 17875.3 0.140861 2999.87 0.999482
1290400000 17875.3 -0.00525176 2999.9 0.999453
1290500000 17875.3 -0.299291 2999.95 0.999363
1290600000 17875.3 -0.31301 2999.95 0.999368
1290700000 17875.3 -0.146096 2999.92 0.999384
1290800000 17875.3 0.728352 2999.78 0.999689
1290900000 17875.3 -0.0869248 2999.91 0.999383
1291000000 17875.3 -0.117102 2999.92 0.99942
1291100000 17875.3 -0.174115 2999.93 0.999406
1291200000 17875.3 -0.155749 2999.92 0.999384
1291300000 17875.3 0.412212 2999.83 0.999614
1291400000 17875.3 1.11455 2999.71 0.999718
1291500000 17875.3 0.512103 2999.81 0.999587
1291600000 17875.3 -0.193979 2999.93 0.999397
1291700000 17875.3 0.938298 2999.74 0.999768
1291800000 17875.3 -0.210181 2999.93 0.999384
1291900000 17875.3 0.516865 2999.81 0.999686
1292000000 17875.3 -0.134026 2999.92 0.999379
1292100000 17875.3 -0.240848 2999.94 0.9994
1292200000 17875.3 -0.246974 2999.94 0.999376
1292300000 17875.3 -0.398573 2999.96 0.999365
1292400000 17875.3 0.497677 2999.81 0.999593
1292500000 17875.3 -0.0490591 2999.91 0.999386
1292600000 17875.3 -0.230274 2999.94 0.999381
1292700000 17875.3 -0.17733 2999.93 0.9994
1292800000 17875.3 -0.26876 2999.94 0.999407
1292900000 17875.3 -0.146522 2999.92 0.99938
1293000000 17875.3 0.0517169 2999.89 0.999505
1293100000 17875.3 0.528784 2999.81 0.999587
1293200000 17875.3 0.095319 2999.88 0.999509
1293300000 17875.3 0.0521808 2999.89 0.999479
1293400000 17875.3 -0.0162993 2999.9 0.999511
1293500000 17875.3 -0.213984 2999.93 0.999381
1293600000 17875.3 -0.112269 2999.92 0.999449
1293700000 17875.3 -0.182592 2999.93 0.99944
1293800000 17875.3 -0.235466 2999.94 0.999424
1293900000 17875.3 -0.134683 2999.92 0.999376
1294000000 17875.3 0.0621891 2999.89 0.999581
1294100000 17875.3 -0.0901341 2999.91 0.999395
1294200000 17875.3 -0.155104 2999.92 0.999401
1294300000 17875.3 -0.0795354 2999.91 0.999383
1294400000 17875.3 -0.109219 2999.92 0.999389
1294500000 17875.3 -0.165326 2999.93 0.999425
1294600000 17875.3 -0.118012 2999.92 0.999383
1294700000 17875.3 0.606796 2999.8 0.999709
1294800000 17875.3 -0.192593 2999.93 0.999424
1294900000 17875.3 -0.142947 2999.92 0.99941
1295000000 17875.3 -0.00658355 2999.9 0.999482
1295100000 17875.3 -0.277515 2999.94 0.999382
1295200000 17875.3 -0.200643 2999.93 0.999422
1295300000 17875.3 0.141634 2999.87 0.999532
1295400000 17875.3 3.48074 2999.31 1.00026
1295500000 17875.3 -0.23526 2999.94 0.999475
1295600000 17875.3 -0.0543142 2999.91 0.999385
1295700000 17875.3 -0.161294 2999.93 0.999376
1295800000 17875.3 -0.124775 2999.92 0.999461
1295900000 17875.3 -0.0386507 2999.9 0.999438
1296000000 17875.3 -0.161804 2999.93 0.999375
1296100000 17875.3 -0.238613 2999.94 0.999395
1296200000 17875.3 -0.168115 2999.93 0.999377
1296300000 17875.3 -0.0462385 2999.91 0.999387
1296400000 17875.3 -0.130385 2999.92 0.99938
1296500000 17875.3 -0.250449 2999.94 0.99937
1296600000 17875.3 1.17135 2999.7 0.999903
1296700000 17875.3 0.246895 2999.86 0.999556
1296800000 17875.3 -0.434546 2999.97 0.999395
1296900000 17875.3 -0.197556 2999.93 0.99945
1297000000 17875.3 0.323144 2999.84 0.999554
1297100000 17875.3 -0.307372 2999.95 0.999393
1297200000 17875.3 -0.262876 2999.94 0.999432
1297300000 17875.3 0.294208 2999.85 0.999609
1297400000 17875.3 -0.145768 2999.92 0.999415
1297500000 17875.3 -0.280855 2999.95 0.999372
1297600000 17875.3 -0.160305 2999.93 0.999377
1297700000 17875.3 -0.0707922 2999.91 0.999418
1297800000 17875.3 -0.186163 2999.93 0.999416
1297900000 17875.3 0.10993 2999.88 0.999485
1298000000 17875.3 0.398487 2999.83 0.999574
1298100000 17875.3 0.504632 2999.81 0.999599
1298200000 17875.3 -0.297412 2999.95 0.999382
1298300000 17875.3 -0.176049 2999.93 0.999404
1298400000 17875.3 -0.0641881 2999.91 0.999476
1298500000 17875.3 -0.0824263 2999.91 0.999383
1298600000 17875.3 0.547131 2999.81 0.9996
1298700000 17875.3 0.318038 2999.84 0.999534
1298800000 17875.3 -0.198906 2999.93 0.999417
1298900000 17875.3 -0.230397 2999.94 0.999428
1299000000 17875.3 -0.116552 2999.92 0.999379
1299100000 17875.3 -0.195323 2999.93 0.999394
1299200000 17875.3 -0.130459 2999.92 0.999377
1299300000 17875.3 -0.0438349 2999.91 0.99948
1299400000 17875.3 -0.0584141 2999.91 0.999386
1299500000 17875.3 -0.119011 2999.92 0.999431
1299600000 17875.3 -0.123186 2999.92 0.999433
1299700000 17875.3 0.910137 2999.75 0.999762
1299800000 17875.3 0.00881838 2999.9 0.999492
1299900000 17875.3 1.44435 2999.66 0.999785
1300000000 17875.3 0.30459 2999.85 0.999582
1300100000 17875.3 0.0944481 2999.88 0.999508
1300200000 17875.3 -0.202584 2999.93 0.999413
1300300000 17875.3 1.93565 2999.57 1.00006
1300400000 17875.3 -0.0639128 2999.91 0.999545
1300500000 17875.3 -0.180815 2999.93 0.999385
1300600000 17875.3 -0.192089 2999.93 0.999447
1300700000 17875.3 0.165179 2999.87 0.999522
1300800000 17875.3 -0.264642 2999.94 0.999401
1300900000 17875.3 -0.0174703 2999.9 0.999489
1301000000 17875.3 -0.241259 2999.94 0.999393
1301100000 17875.3 -0.144104 2999.92 0.999402
1301200000 17875.3 -0.242679 2999.94 0.999374
1301300000 17875.3 0.636385 2999.79 0.999673
1301400000 17875.3 0.674796 2999.78 0.99965
1301500000 17875.3 -0.0636658 2999.91 0.999384
1301600000 17875.3 2.43071 2999.49 0.999941
1301700000 17875.3 -0.115311 2999.92 0.99942
1301800000 17875.3 -0.0346056 2999.9 0.999467
1301900000 17875.3 -0.243126 2999.94 0.99939
1302000000 17875.3 -0.189347 2999.93 0.999384
1302100000 17875.3 -0.010563 2999.9 0.999447
1302200000 17875.3 -0.175939 2999.93 0.999381
1302300000 17875.3 -0.0668385 2999.91 0.999479
1302400000 17875.3 -0.197123 2999.93 0.999502
1302500000 17875.3 -0.242481 2999.94 0.999392
1302600000 17875.3 -0.162697 2999.93 0.999378
1302700000 17875.3 0.504361 2999.81 0.999632
1302800000 17875.3 -0.247957 2999.94 0.999409
1302900000 17875.3 -0.417456 2999.97 0.999376
1303000000 17875.3 0.673449 2999.79 0.999665
1303100000 17875.3 0.0849875 2999.88 0.999581
1303200000 17875.3 -0.0671271 2999.91 0.999383
1303300000 17875.3 0.384825 2999.83 0.999614
1303400000 17875.3 1.59372 2999.63 0.999798
1303500000 17875.3 -0.160904 2999.93 0.999379
1303600000 17875.3 0.809458 2999.76 0.999694
1303700000 17875.3 -0.0894996 2999.91 0.999431
1303800000 17875.3 -0.264157 2999.94 0.999433
1303900000 17875.3 0.600193 2999.8 0.99964
1304000000 17875.3 -0.120313 2999.92 0.999389
1304100000 17875.3 1.4592 2999.65 0.999809
1304200000 17875.3 0.0314096 2999.89 0.999519
1304300000 17875.3 -0.00196844 2999.9 0.999451
1304400000 17875.3 -0.377191 2999.96 0.99948
1304500000 17875.3 -0.269464 2999.94 0.999387
1304600000 17875.3 -0.110931 2999.92 0.999378
1304700000 17875.3 0.0267523 2999.89 0.999483
1304800000 17875.3 -0.204597 2999.93 0.999381
1304900000 17875.3 -0.0867677 2999.91 0.9994
1305000000 17875.3 0.125966 2999.88 0.999497
1305100000 17875.3 -0.346885 2999.96 0.999384
1305200000 17875.3 -0.133944 2999.92 0.999417
1305300000 17875.3 -0.0760769 2999.91 0.999385
1305400000 17875.3 0.0440975 2999.89 0.999476
1305500000 17875.3 -0.133385 2999.92 0.999463
1305600000 17875.3 0.349843 2999.84 0.999563
1305700000 17875.3 -0.134516 2999.92 0.99939
1305800000 17875.3 -0.359896 2999.96 0.999388
1305900000 17875.3 -0.156305 2999.92 0.99937
1306000000 17875.3 -0.239292 2999.94 0.999365
1306100000 17875.3 -0.252132 2999.94 0.999391
1306200000 17875.3 0.0724474 2999.89 0.999524
1306300000 17875.3 -0.0401009 2999.9 0.99948
1306400000 17875.3 -0.424041 2999.97 0.999414
1306500000 17875.3 0.303876 2999.85 0.999565
1306600000 17875.3 -0.150398 2999.92 0.999379
1306700000 17875.3 -0.113285 2999.92 0.999481
1306800000 17875.3 -0.0524369 2999.91 0.999385
1306900000 17875.3 -0.259982 2999.94 0.999436
1307000000 17875.3 -0.328688 2999.95 0.999418
1307100000 17875.3 0.724756 2999.78 0.999769
1307200000 17875.3 -0.186528 2999.93 0.999379
1307300000 17875.3 -0.132024 2999.92 0.999378
1307400000 17875.3 0.266882 2999.85 0.999565
1307500000 17875.3 0.0918562 2999.88 0.999604
1307600000 17875.3 0.0547706 2999.89 0.99946
1307700000 17875.3 0.00845517 2999.9 0.999458
1307800000 17875.3 -0.285094 2999.95 0.999405
1307900000 17875.3 -0.170834 2999.93 0.99946
1308000000 17875.3 -0.226162 2999.94 0.9994
1308100000 17875.3 -0.10835 2999.92 0.999382
1308200000 17875.3 -0.222906 2999.94 0.999422
1308300000 17875.3 -0.233637 2999.94 0.999375
1308400000 17875.3 0.303991 2999.85 0.999594
1308500000 17875.3 -0.22052 2999.94 0.999389
1308600000 17875.3 -0.0572087 2999.91 0.999445
1308700000 17875.3 -0.222762 2999.94 0.999373
1308800000 17875.3 -0.208014 2999.93 0.999368
1308900000 17875.3 -0.167517 2999.93 0.999382
1309000000 17875.3 0.176811 2999.87 0.999494
1309100000 17875.3 -0.234274 2999.94 0.999381
1309200000 17875.3 -0.324567 2999.95 0.999397
1309300000 17875.3 -0.14417 2999.92 0.999439
1309400000 17875.3 -0.185072 2999.93 0.999424
1309500000 17875.3 -0.144496 2999.92 0.999409
1309600000 17875.3 -0.204427 2999.93 0.999394
1309700000 17875.3 0.53067 2999.81 0.999623
1309800000 17875.3 0.500412 2999.81 0.999619
1309900000 17875.3 -0.079467 2999.91 0.999427
1310000000 17875.3 -0.299927 2999.95 0.999398
1310100000 17875.3 -0.147504 2999.92 0.999376
1310200000 17875.3 -0.0795315 2999.91 0.999439
1310300000 17875.3 0.870274 2999.75 0.999656
1310400000 17875.3 -0.132871 2999.92 0.999439
1310500000 17875.3 -0.345036 2999.96 0.999402
1310600000 17875.3 0.468531 2999.82 0.999626
1310700000 17875.3 1.14151 2999.71 0.999846
1310800000 17875.3 9.44472e-05 2999.9 0.999538
1310900000 17875.3 0.149232 2999.87 0.999566
1311000000 17875.3 0.985514 2999.73 0.999675
1311100000 17875.3 -0.194336 2999.93 0.999384
1311200000 17875.3 -0.136617 2999.92 0.999399
1311300000 17875.3 -0.0320609 2999.9 0.999471
1311400000 17875.3 -0.12934 2999.92 0.99938
1311500000 17875.3 -0.1236 2999.92 0.999421
1311600000 17875.3 -0.0165782 2999.9 0.999392
1311700000 17875.3 -0.233873 2999.94 0.999373
1311800000 17875.3 -0.128415 2999.92 0.999422
1311900000 17875.3 -0.0993413 2999.91 0.999378
1312000000 17875.3 0.651695 2999.79 0.999638
1312100000 17875.3 -0.379623 2999.96 0.999397
1312200000 17875.3 -0.300881 2999.95 0.999425
1312300000 17875.3 -0.247526 2999.94 0.999415
1312400000 17875.3 -0.313932 2999.95 0.999374
1312500000 17875.3 -0.159486 2999.92 0.99939
1312600000 17875.3 -0.151069 2999.92 0.999441
1312700000 17875.3 -0.0413497 2999.91 0.99943
1312800000 17875.3 1.52453 2999.64 0.999822
1312900000 17875.3 -0.248778 2999.94 0.999459
1313000000 17875.3 -0.193554 2999.93 0.999446
1313100000 17875.3 -0.324912 2999.95 0.999378
1313200000 17875.3 -0.0154289 2999.9 0.999539
1313300000 17875.3 0.834079 2999.76 0.999668
1313400000 17875.3 -0.266148 2999.94 0.999381
1313500000 17875.3 -0.270267 2999.94 0.99939
1313600000 17875.3 -0.134052 2999.92 0.999472
1313700000 17875.3 -0.242963 2999.94 0.999405
1313800000 17875.3 -0.1506 2999.92 0.999427
1313900000 17875.3 0.187974 2999.87 0.9996
1314000000 17875.3 -0.182866 2999.93 0.999383
1314100000 17875.3 0.43178 2999.83 0.999701
1314200000 17875.3 0.211902 2999.86 0.999533
1314300000 17875.3 -0.268038 2999.94 0.999405
1314400000 17875.3 -0.214879 2999.93 0.999423
1314500000 17875.3 -0.109276 2999.92 0.999387
1314600000 17875.3 1.109 2999.71 0.999743
1314700000 17875.3 -0.162429 2999.93 0.999439
1314800000 17875.3 -0.170246 2999.93 0.99937
1314900000 17875.3 -0.176281 2999.93 0.99945
1315000000 17875.3 0.220785 2999.86 0.999721
1315100000 17875.3 1.06622 2999.72 0.999761
1315200000 17875.3 0.316447 2999.84 0.999608
1315300000 17875.3 0.0742755 2999.89 0.999548
1315400000 17875.3 -0.266708 2999.94 0.999372
1315500000 17875.3 -0.262964 2999.94 0.999395
1315600000 17875.3 2.29976 2999.51 1.00001
1315700000 17875.3 -0.189512 2999.93 0.999384
1315800000 17875.3 -0.116345 2999.92 0.999383
1315900000 17875.3 0.880709 2999.75 0.999676
1316000000 17875.3 -0.134969 2999.92 0.9994
1316100000 17875.3 -0.220672 2999.94 0.999381
1316200000 17875.3 -0.0974849 2999.91 0.999385
1316300000 17875.3 -0.281416 2999.95 0.999394
1316400000 17875.3 -0.164209 2999.93 0.999373
1316500000 17875.3 -0.182705 2999.93 0.999419
1316600000 17875.3 -0.0242131 2999.9 0.999522
1316700000 17875.3 -0.305731 2999.95 0.999423
1316800000 17875.3 -0.277579 2999.94 0.999389
1316900000 17875.3 -0.166749 2999.93 0.999403
1317000000 17875.3 0.226863 2999.86 0.999616
1317100000 17875.3 -0.303079 2999.95 0.999465
1317200000 17875.3 0.768682 2999.77 0.999709
1317300000 17875.3 -0.242237 2999.94 0.999372
1317400000 17875.3 -0.213361 2999.93 0.999379
1317500000 17875.3 -0.3418 2999.96 0.999406
1317600000 17875.3 -0.0730321 2999.91 0.999433
1317700000 17875.3 -0.170621 2999.93 0.999434
1317800000 17875.3 -0.405885 2999.97 0.999392
1317900000 17875.3 0.693368 2999.78 0.999805
1318000000 17875.3 0.519349 2999.81 0.999606
1318100000 17875.3 -0.159546 2999.92 0.999394
1318200000 17875.3 0.452932 2999.82 0.999591
1318300000 17875.3 -0.201658 2999.93 0.99939
1318400000 17875.3 -0.150605 2999.92 0.999381
1318500000 17875.3 -0.117196 2999.92 0.999379
1318600000 17875.3 -0.144121 2999.92 0.999371
1318700000 17875.3 -0.0155365 2999.9 0.999458
1318800000 17875.3 -0.211822 2999.93 0.999402
1318900000 17875.3 -0.182791 2999.93 0.999454
1319000000 17875.3 -0.0820831 2999.91 0.999385
1319100000 17875.3 -0.161224 2999.93 0.999376
1319200000 17875.3 -0.157809 2999.92 0.99939
1319300000 17875.3 0.133513 2999.88 0.999499
1319400000 17875.3 -0.238734 2999.94 0.99939
1319500000 17875.3 -0.189553 2999.93 0.999376
1319600000 17875.3 6.74429e-05 2999.9 0.999489
1319700000 17875.3 -0.222435 2999.94 0.999373
1319800000 17875.3 -0.22118 2999.94 0.999375
1319900000 17875.3 -0.281408 2999.95 0.999393
1320000000 17875.3 -0.0523479 2999.91 0.999385
1320100000 17875.3 0.209637 2999.86 0.999539
1320200000 17875.3 1.00434 2999.73 0.999796
1320300000 17875.3 -0.17729 2999.93 0.999449
1320400000 17875.3 -0.0560092 2999.91 0.999467
1320500000 17875.3 -0.158134 2999.92 0.999461
1320600000 17875.3 -0.118042 2999.92 0.999379
1320700000 17875.3 -0.00575439 2999.9 0.99949
1320800000 17875.3 0.911282 2999.75 0.999736
1320900000 17875.3 -0.22031 2999.94 0.999379
1321000000 17875.3 -0.247106 2999.94 0.999488
1321100000 17875.3 -0.227323 2999.94 0.999421
1321200000 17875.3 -0.0796653 2999.91 0.999432
1321300000 17875.3 0.958597 2999.74 0.999801
1321400000 17875.3 -0.394565 2999.96 0.999433
1321500000 17875.3 -0.191303 2999.93 0.999393
1321600000 17875.3 1.0231 2999.73 0.999728
1321700000 17875.3 1.06245 2999.72 0.999734
1321800000 17875.3 -0.225426 2999.94 0.999455
1321900000 17875.3 -0.133282 2999.92 0.999403
1322000000 17875.3 -0.0119673 2999.9 0.999454
1322100000 17875.3 -0.0831739 2999.91 0.999382
1322200000 17875.3 -0.161639 2999.93 0.999424
1322300000 17875.3 -0.210039 2999.93 0.999377
1322400000 17875.3 -0.202553 2999.93 0.999414
1322500000 17875.3 -0.11086 2999.92 0.999612
1322600000 17875.3 -0.33139 2999.95 0.999381
1322700000 17875.3 0.480439 2999.82 0.999626
1322800000 17875.3 -0.0817717 2999.91 0.999419
1322900000 17875.3 -0.161327 2999.93 0.999387
1323000000 17875.3 0.0863841 2999.88 0.999503
1323100000 17875.3 -0.265513 2999.94 0.999375
1323200000 17875.3 0.389933 2999.83 0.999638
1323300000 17875.3 -0.124752 2999.92 0.999441
1323400000 17875.3 -0.137449 2999.92 0.999444
1323500000 17875.3 -0.141536 2999.92 0.999383
1323600000 17875.3 0.697653 2999.78 0.99972
1323700000 17875.3 -0.244581 2999.94 0.999387
1323800000 17875.3 -0.100888 2999.92 0.999391
1323900000 17875.3 -0.213529 2999.93 0.999411
1324000000 17875.3 -0.0456194 2999.91 0.999462
1324100000 17875.3 -0.127364 2999.92 0.99953
1324200000 17875.3 -0.0353836 2999.9 0.999449
1324300000 17875.3 0.00466651 2999.9 0.999602
1324400000 17875.3 -0.218274 2999.93 0.999389
1324500000 17875.3 -0.259942 2999.94 0.999361
1324600000 17875.3 -0.0458166 2999.91 0.999439
1324700000 17875.3 -0.252542 2999.94 0.999381
1324800000 17875.3 -0.198044 2999.93 0.999376
1324900000 17875.3 -0.246383 2999.94 0.999387
1325000000 17875.3 -0.183506 2999.93 0.999419
1325100000 17875.3 -0.0988662 2999.91 0.999398
1325200000 17875.3 0.0582104 2999.89 0.999457
1325300000 17875.3 -0.29992 2999.95 0.999377
1325400000 17875.3 0.403654 2999.83 0.999551
1325500000 17875.3 -0.249194 2999.94 0.999364
1325600000 17875.3 -0.152871 2999.92 0.999417
1325700000 17875.3 -0.0946837 2999.91 0.999449
1325800000 17875.3 0.230714 2999.86 0.999585
1325900000 17875.3 0.487508 2999.82 0.999601
1326000000 17875.3 1.67223 2999.62 0.999902
1326100000 17875.3 2.68916 2999.45 1.00006
1326200000 17875.3 -0.257801 2999.94 0.999411
1326300000 17875.3 -0.0272054 2999.9 0.99939
1326400000 17875.3 0.937021 2999.74 0.999711
1326500000 17875.3 -0.128795 2999.92 0.999379
1326600000 17875.3 0.302829 2999.85 0.999536
1326700000 17875.3 -0.111949 2999.92 0.999388
1326800000 17875.3 -0.052704 2999.91 0.999632
1326900000 17875.3 -0.0389274 2999.9 0.999449
1327000000 17875.3 -0.210777 2999.93 0.99937
1327100000 17875.3 -0.36215 2999.96 0.999448
1327200000 17875.3 -0.0300133 2999.9 0.999499
1327300000 17875.3 -0.00861773 2999.9 0.999448
1327400000 17875.3 0.153184 2999.87 0.999549
1327500000 17875.3 -0.258296 2999.94 0.999423
1327600000 17875.3 0.401579 2999.83 0.999601
1327700000 17875.3 -0.0969649 2999.91 0.999379
1327800000 17875.3 -0.223775 2999.94 0.999377
1327900000 17875.3 -0.125709 2999.92 0.999375
1328000000 17875.3 -0.299323 2999.95 0.999372
1328100000 17875.3 -0.137627 2999.92 0.999391
1328200000 17875.3 -0.195072 2999.93 0.999371
1328300000 17875.3 -0.1451 2999.92 0.999425
1328400000 17875.3 -0.120823 2999.92 0.999381
1328500000 17875.3 -0.244401 2999.94 0.999373
1328600000 17875.3 -0.304706 2999.95 0.999453
1328700000 17875.3 0.50007 2999.81 0.999582
1328800000 17875.3 1.42938 2999.66 0.999825
1328900000 17875.3 0.207265 2999.86 0.99951
1329000000 17875.3 -0.225306 2999.94 0.999381
1329100000 17875.3 0.252726 2999.86 0.999564
1329200000 17875.3 -0.182907 2999.93 0.999402
1329300000 17875.3 -0.0871487 2999.91 0.999382
1329400000 17875.3 -0.271671 2999.94 0.999406
1329500000 17875.3 0.627586 2999.79 0.999615
1329600000 17875.3 -0.0273655 2999.9 0.999455
1329700000 17875.3 0.0105018 2999.9 0.999546
1329800000 17875.3 -0.10892 2999.92 0.999502
1329900000 17875.3 0.0628254 2999.89 0.999495
1330000000 17875.3 -0.138562 2999.92 0.999378
1330100000 17875.3 -0.150982 2999.92 0.999437
1330200000 17875.3 -0.0286543 2999.9 0.999489
1330300000 17875.3 0.406587 2999.83 0.999601
1330400000 17875.3 0.657333 2999.79 0.99969
1330500000 17875.3 -0.0203065 2999.9 0.999479
1330600000 17875.3 -0.295951 2999.95 0.99938
1330700000 17875.3 -0.485642 2999.98 0.999424
1330800000 17875.3 -0.277568 2999.94 0.999375
1330900000 17875.3 -0.187158 2999.93 0.999373
1331000000 17875.3 -0.302638 2999.95 0.999422
1331100000 17875.3 0.0357371 2999.89 0.999505
1331200000 17875.3 -0.0276417 2999.9 0.999503
1331300000 17875.3 -0.0798773 2999.91 0.999382
1331400000 17875.3 -0.155697 2999.92 0.9994
1331500000 17875.3 -0.196983 2999.93 0.999385
1331600000 17875.3 -0.255608 2999.94 0.999371
1331700000 17875.3 0.259417 2999.85 0.999613
1331800000 17875.3 -0.0481918 2999.91 0.999385
1331900000 17875.3 2.91516 2999.41 1.00014
1332000000 17875.3 -0.0260906 2999.9 0.999437
1332100000 17875.3 -0.104918 2999.92 0.999383
1332200000 17875.3 1.11195 2999.71 0.999724
1332300000 17875.3 -0.267993 2999.94 0.99944
1332400000 17875.3 -0.298825 2999.95 0.999368
1332500000 17875.3 -0.112703 2999.92 0.999378
1332600000 17875.3 -0.0415404 2999.91 0.99947
1332700000 17875.3 0.0706905 2999.89 0.999515
1332800000 17875.3 -0.259173 2999.94 0.999427
1332900000 17875.3 0.0391024 2999.89 0.999495
1333000000 17875.3 -0.291053 2999.95 0.999401
1333100000 17875.3 -0.309009 2999.95 0.999372
1333200000 17875.3 -0.125507 2999.92 0.99938
1333300000 17875.3 -0.228103 2999.94 0.999376
1333400000 17875.3 -0.167814 2999.93 0.9994
1333500000 17875.3 -0.372851 2999.96 0.999496
1333600000 17875.3 -0.140373 2999.92 0.999415
1333700000 17875.3 3.67052 2999.28 1.00027
1333800000 17875.3 0.210199 2999.86 0.999545
1333900000 17875.3 -0.159062 2999.92 0.999449
1334000000 17875.3 -0.0692741 2999.91 0.999491
1334100000 17875.3 -0.198937 2999.93 0.999451
1334200000 17875.3 0.942603 2999.74 0.999788
1334300000 17875.3 -0.165775 2999.93 0.99946
1334400000 17875.3 -0.172306 2999.93 0.999389
1334500000 17875.3 -0.269651 2999.94 0.999407
1334600000 17875.3 -0.162958 2999.93 0.999388
1334700000 17875.3 0.0766064 2999.89 0.999525
1334800000 17875.3 2.9484 2999.4 1.0001
1334900000 17875.3 1.363 2999.67 0.999765
1335000000 17875.3 1.00474 2999.73 0.999714
1335100000 17875.3 -0.290281 2999.95 0.999373
1335200000 17875.3 0.0773142 2999.89 0.999537
1335300000 17875.3 2.48465 2999.48 1.00012
1335400000 17875.3 -0.552884 2999.99 0.999422
1335500000 17875.3 0.116448 2999.88 0.99949
1335600000 17875.3 0.564787 2999.8 0.99972
1335700000 17875.3 -0.264998 2999.94 0.999392
1335800000 17875.3 -0.0758392 2999.91 0.999411
1335900000 17875.3 -0.314841 2999.95 0.999393
1336000000 17875.3 -0.232396 2999.94 0.999398
1336100000 17875.3 -0.190959 2999.93 0.9994
1336200000 17875.3 -0.18651 2999.93 0.999374
1336300000 17875.3 -0.246195 2999.94 0.999392
1336400000 17875.3 -0.16956 2999.93 0.999432
1336500000 17875.3 -0.157323 2999.92 0.999379
1336600000 17875.3 0.062834 2999.89 0.999482
1336700000 17875.3 -0.193028 2999.93 0.99938
1336800000 17875.3 -0.312628 2999.95 0.999419
1336900000 17875.3 -0.15361 2999.92 0.999398
1337000000 17875.3 -0.192723 2999.93 0.999373
1337100000 17875.3 0.717098 2999.78 0.999662
1337200000 17875.3 0.752274 2999.77 0.999656
1337300000 17875.3 -0.016353 2999.9 0.999483
1337400000 17875.3 0.800274 2999.76 0.999744
1337500000 17875.3 -0.159314 2999.92 0.999385
1337600000 17875.3 -0.174071 2999.93 0.999444
1337700000 17875.3 -0.255097 2999.94 0.999404
1337800000 17875.3 -0.110131 2999.92 0.999378
1337900000 17875.3 0.636433 2999.79 0.999671
1338000000 17875.3 -0.0728421 2999.91 0.999447
1338100000 17875.3 -0.1303 2999.92 0.999455
1338200000 17875.3 -0.111323 2999.92 0.999442
1338300000 17875.3 -0.228245 2999.94 0.999411
1338400000 17875.3 -0.251602 2999.94 0.99937
1338500000 17875.3 3.46926 2999.32 1.00024
1338600000 17875.3 -0.153214 2999.92 0.999378
1338700000 17875.3 1.19519 2999.7 0.999833
1338800000 17875.3 -0.268726 2999.94 0.999388
1338900000 17875.3 1.6093 2999.63 0.999803
1339000000 17875.3 -0.209851 2999.93 0.999391
1339100000 17875.3 -0.199772 2999.93 0.999378
1339200000 17875.3 -0.191937 2999.93 0.999388
1339300000 17875.3 -0.106705 2999.92 0.999412
1339400000 17875.3 -0.103577 2999.92 0.99938
1339500000 17875.3 0.00991344 2999.9 0.999625
1339600000 17875.3 1.38022 2999.67 0.999795
1339700000 17875.3 -0.320363 2999.95 0.999371
1339800000 17875.3 0.0200824 2999.89 0.999485
1339900000 17875.3 1.61687 2999.63 0.999893
1340000000 17875.3 0.741564 2999.77 0.999695
1340100000 17875.3 0.679554 2999.78 0.999699
1340200000 17875.3 -0.141182 2999.92 0.9995
1340300000 17875.3 -0.407414 2999.97 0.999385
1340400000 17875.3 -0.199795 2999.93 0.99938
1340500000 17875.3 -0.141048 2999.92 0.999386
1340600000 17875.3 3.0178 2999.39 1.00006
1340700000 17875.3 -0.157681 2999.92 0.999391
1340800000 17875.3 0.188798 2999.87 0.999522
1340900000 17875.3 -0.0143213 2999.9 0.999392
1341000000 17875.3 -0.0662398 2999.91 0.999501
1341100000 17875.3 -0.18702 2999.93 0.99938
1341200000 17875.3 -0.155692 2999.92 0.999379
1341300000 17875.3 2.93909 2999.4 1.0001
1341400000 17875.3 -0.132142 2999.92 0.999381
1341500000 17875.3 -0.0280782 2999.9 0.999458
1341600000 17875.3 -0.10802 2999.92 0.999424
1341700000 17875.3 0.900025 2999.75 0.999741
1341800000 17875.3 -0.179493 2999.93 0.999401
1341900000 17875.3 2.07501 2999.55 0.99988
1342000000 17875.3 -0.154402 2999.92 0.999445
1342100000 17875.3 -0.254658 2999.94 0.999399
1342200000 17875.3 0.486616 2999.82 0.999619
1342300000 17875.3 0.478215 2999.82 0.999658
1342400000 17875.3 -0.220502 2999.94 0.99939
1342500000 17875.3 -0.104416 2999.92 0.999469
1342600000 17875.3 0.745593 2999.77 0.999652
1342700000 17875.3 -0.0716808 2999.91 0.999429
1342800000 17875.3 0.166718 2999.87 0.999487
1342900000 17875.3 -0.139988 2999.92 0.999375
1343000000 17875.3 0.0356209 2999.89 0.999615
1343100000 17875.3 0.01134 2999.9 0.999442
1343200000 17875.3 -0.240942 2999.94 0.999375
1343300000 17875.3 -0.406049 2999.97 0.999366
1343400000 17875.3 3.82591 2999.26 1.00023
1343500000 17875.3 -0.0820682 2999.91 0.999419
1343600000 17875.3 -0.145828 2999.92 0.999372
1343700000 17875.3 0.108043 2999.88 0.999529
1343800000 17875.3 -0.142651 2999.92 0.999397
1343900000 17875.3 -0.0236564 2999.9 0.99939
1344000000 17875.3 -0.335452 2999.95 0.999408
1344100000 17875.3 -0.232426 2999.94 0.999416
1344200000 17875.3 0.0081712 2999.9 0.999509
1344300000 17875.3 -0.203777 2999.93 0.999386
1344400000 17875.3 -0.225302 2999.94 0.999389
1344500000 17875.3 -0.0998203 2999.91 0.999404
1344600000 17875.3 0.484851 2999.82 0.99958
1344700000 17875.3 -0.270719 2999.94 0.999393
1344800000 17875.3 -0.0281493 2999.9 0.999462
1344900000 17875.3 0.422931 2999.83 0.999567
1345000000 17875.3 -0.147684 2999.92 0.999406
1345100000 17875.3 -0.0922937 2999.91 0.999478
1345200000 17875.3 -0.241117 2999.94 0.99937
1345300000 17875.3 0.592117 2999.8 0.999643
1345400000 17875.3 -0.11263 2999.92 0.999378
1345500000 17875.3 -0.167441 2999.93 0.999394
1345600000 17875.3 -0.175983 2999.93 0.999424
1345700000 17875.3 -0.147634 2999.92 0.999377
1345800000 17875.3 -0.303242 2999.95 0.999422
1345900000 17875.3 -0.186957 2999.93 0.999402
1346000000 17875.3 -0.00358127 2999.9 0.999482
1346100000 17875.3 0.264501 2999.85 0.999567
1346200000 17875.3 -0.0944521 2999.91 0.99943
1346300000 17875.3 -0.0665299 2999.91 0.999543
1346400000 17875.3 -0.182897 2999.93 0.99938
1346500000 17875.3 -0.16182 2999.93 0.99938
1346600000 17875.3 0.266017 2999.85 0.999583
1346700000 17875.3 0.725587 2999.78 0.999632
1346800000 17875.3 -0.114915 2999.92 0.999383
1346900000 17875.3 0.376252 2999.83 0.999558
1347000000 17875.3 -0.240855 2999.94 0.999372
1347100000 17875.3 0.00201341 2999.9 0.999509
1347200000 17875.3 0.554822 2999.81 0.999661
1347300000 17875.3 -0.0836893 2999.91 0.999406
1347400000 17875.3 -0.30149 2999.95 0.999411
1347500000 17875.3 -0.151769 2999.92 0.999397
1347600000 17875.3 -0.117817 2999.92 0.999384
1347700000 17875.3 -0.303201 2999.95 0.999401
1347800000 17875.3 1.17001 2999.7 0.999811
1347900000 17875.3 0.34042 2999.84 0.999618
1348000000 17875.3 -0.219998 2999.94 0.999382
1348100000 17875.3 -0.211171 2999.93 0.999389
1348200000 17875.3 1.50403 2999.65 0.999842
1348300000 17875.3 -0.162901 2999.93 0.999396
1348400000 17875.3 -0.0954543 2999.91 0.99938
1348500000 17875.3 -0.0719959 2999.91 0.999383
1348600000 17875.3 -0.329324 2999.95 0.999409
1348700000 17875.3 -0.182611 2999.93 0.999485
1348800000 17875.3 -0.0694808 2999.91 0.999382
1348900000 17875.3 -0.162834 2999.93 0.999374
1349000000 17875.3 -0.0613611 2999.91 0.999489
1349100000 17875.3 0.0596794 2999.89 0.999505
1349200000 17875.3 0.707489 2999.78 0.999759
1349300000 17875.3 0.343682 2999.84 0.999696
1349400000 17875.3 -0.0847331 2999.91 0.999382
1349500000 17875.3 1.35587 2999.67 0.999923
1349600000 17875.3 0.173371 2999.87 0.999573
1349700000 17875.3 -0.284802 2999.95 0.999376
1349800000 17875.3 -0.144162 2999.92 0.999381
1349900000 17875.3 -0.10208 2999.92 0.999425
1350000000 17875.3 -0.152345 2999.92 0.999389
1350100000 17875.3 -0.110307 2999.92 0.99938
1350200000 17875.3 -0.0658652 2999.91 0.999424
1350300000 17875.3 0.0740607 2999.89 0.999545
1350400000 17875.3 0.152203 2999.87 0.999485
1350500000 17875.3 -0.224154 2999.94 0.999444
1350600000 17875.3 -0.263377 2999.94 0.999372
1350700000 17875.3 2.26839 2999.52 1.00009
1350800000 17875.3 0.607635 2999.8 0.999617
1350900000 17875.3 -0.279925 2999.95 0.999444
1351000000 17875.3 1.62664 2999.62 0.999908
1351100000 17875.3 2.28536 2999.51 1.0001
1351200000 17875.3 0.0338159 2999.89 0.999514
1351300000 17875.3 -0.117806 2999.92 0.999441
1351400000 17875.3 -0.0434171 2999.91 0.999484
1351500000 17875.3 -0.0670682 2999.91 0.999463
1351600000 17875.3 -0.128561 2999.92 0.999447
1351700000 17875.3 3.34423 2999.34 1.00016
1351800000 17875.3 -0.103264 2999.92 0.999465
1351900000 17875.3 -0.270602 2999.94 0.999401
1352000000 17875.3 -0.066214 2999.91 0.999383
1352100000 17875.3 -0.238007 2999.94 0.999495
1352200000 17875.3 -0.169625 2999.93 0.999388
1352300000 17875.3 0.376215 2999.83 0.9996
1352400000 17875.3 -0.147869 2999.92 0.999445
1352500000 17875.3 -0.128152 2999.92 0.999438
1352600000 17875.3 0.259784 2999.85 0.999578
1352700000 17875.3 -0.25719 2999.94 0.999463
1352800000 17875.3 0.31742 2999.84 0.999536
1352900000 17875.3 0.699684 2999.78 0.999645
1353000000 17875.3 -0.0912718 2999.91 0.999417
1353100000 17875.3 -0.197449 2999.93 0.999381
1353200000 17875.3 0.722584 2999.78 0.999647
1353300000 17875.3 -0.416437 2999.97 0.999374
1353400000 17875.3 -0.333088 2999.95 0.999372
1353500000 17875.3 0.118001 2999.88 0.999489
1353600000 17875.3 0.537108 2999.81 0.999626
1353700000 17875.3 -0.39866 2999.97 0.9994
1353800000 17875.3 -0.327118 2999.95 0.999411
1353900000 17875.3 -0.158759 2999.92 0.999426
1354000000 17875.3 0.315163 2999.85 0.999538
1354100000 17875.3 0.766947 2999.77 0.999733
1354200000 17875.3 -0.297265 2999.95 0.999406
1354300000 17875.3 -0.016629 2999.9 0.999532
1354400000 17875.3 -0.193559 2999.93 0.999382
1354500000 17875.3 -0.290999 2999.95 0.999366
1354600000 17875.3 -0.335434 2999.95 0.999385
1354700000 17875.3 -0.145111 2999.92 0.999426
1354800000 17875.3 -0.181494 2999.93 0.999455
1354900000 17875.3 1.24705 2999.69 0.999819
1355000000 17875.3 0.144241 2999.87 0.999558
1355100000 17875.3 0.410894 2999.83 0.999557
1355200000 17875.3 -0.0864202 2999.91 0.99938
1355300000 17875.3 -0.0534037 2999.91 0.999465
1355400000 17875.3 -0.118053 2999.92 0.999376
1355500000 17875.3 -0.213124 2999.93 0.99938
1355600000 17875.3 -0.221223 2999.94 0.999404
1355700000 17875.3 -0.142045 2999.92 0.999377
1355800000 17875.3 -0.231669 2999.94 0.999429
1355900000 17875.3 -0.141548 2999.92 0.999409
1356000000 17875.3 2.72691 2999.44 1.00004
1356100000 17875.3 -0.178765 2999.93 0.999405
1356200000 17875.3 -0.0844462 2999.91 0.999381
1356300000 17875.3 -0.411146 2999.97 0.999384
1356400000 17875.3 0.0395572 2999.89 0.999499
1356500000 17875.3 -0.133181 2999.92 0.999414
1356600000 17875.3 -0.102607 2999.92 0.999484
1356700000 17875.3 0.354929 2999.84 0.999542
1356800000 17875.3 0.507605 2999.81 0.99973
1356900000 17875.3 -0.0625227 2999.91 0.999505
1357000000 17875.3 -0.234256 2999.94 0.999417
1357100000 17875.3 -0.266322 2999.94 0.999413
1357200000 17875.3 -0.0386773 2999.9 0.999453
1357300000 17875.3 -0.523763 2999.99 0.999428
1357400000 17875.3 0.969175 2999.74 0.999675
1357500000 17875.3 -0.0993487 2999.91 0.999379
1357600000 17875.3 -0.0680042 2999.91 0.999383
1357700000 17875.3 -0.342751 2999.96 0.999405
1357800000 17875.3 -0.154573 2999.92 0.999388
1357900000 17875.3 0.136223 2999.88 0.999542
1358000000 17875.3 -0.182741 2999.93 0.999406
1358100000 17875.3 1.0237 2999.73 0.999831
1358200000 17875.3 0.270585 2999.85 0.999551
1358300000 17875.3 -0.237905 2999.94 0.999396
1358400000 17875.3 -0.362872 2999.96 0.999389
1358500000 17875.3 -0.378456 2999.96 0.999377
1358600000 17875.3 -0.162311 2999.93 0.999469
1358700000 17875.3 -0.109821 2999.92 0.999378
1358800000 17875.3 1.02382 2999.73 0.999934
1358900000 17875.3 -0.155396 2999.92 0.999393
1359000000 17875.3 -0.153903 2999.92 0.999486
1359100000 17875.3 0.302653 2999.85 0.999601
1359200000 17875.3 0.316683 2999.84 0.999538
1359300000 17875.3 0.502699 2999.81 0.999594
1359400000 17875.3 0.692094 2999.78 0.999671
1359500000 17875.3 -0.28755 2999.95 0.999367
1359600000 17875.3 -0.165508 2999.93 0.999516
1359700000 17875.3 1.2997 2999.68 0.999877
1359800000 17875.3 0.178925 2999.87 0.999535
1359900000 17875.3 -0.119146 2999.92 0.999516
1360000000 17875.3 -0.236518 2999.94 0.999444
1360100000 17875.3 -0.167618 2999.93 0.999381
1360200000 17875.3 -0.153276 2999.92 0.999406
1360300000 17875.3 -0.107052 2999.92 0.999379
1360400000 17875.3 0.39814 2999.83 0.999647
1360500000 17875.3 -0.161998 2999.93 0.999395
1360600000 17875.3 1.28539 2999.68 0.999849
1360700000 17875.3 -0.297286 2999.95 0.999376
1360800000 17875.3 0.266597 2999.85 0.99957
1360900000 17875.3 0.0944991 2999.88 0.999532
1361000000 17875.3 -0.0308971 2999.9 0.999465
1361100000 17875.3 -0.150259 2999.92 0.999419
1361200000 17875.3 0.84955 2999.76 0.999647
1361300000 17875.3 -0.0950672 2999.91 0.999379
1361400000 17875.3 -0.115191 2999.92 0.999492
1361500000 17875.3 -0.217955 2999.93 0.999413
1361600000 17875.3 -0.0692957 2999.91 0.999469
1361700000 17875.3 -0.183627 2999.93 0.999386
1361800000 17875.3 0.000219329 2999.9 0.999562
1361900000 17875.3 1.51295 2999.64 0.999886
1362000000 17875.3 -0.162776 2999.93 0.99941
1362100000 17875.3 -0.260299 2999.94 0.999394
1362200000 17875.3 -0.23106 2999.94 0.999428
1362300000 17875.3 -0.208388 2999.93 0.99944
1362400000 17875.3 -0.148513 2999.92 0.999397
1362500000 17875.3 0.0311747 2999.89 0.999474
1362600000 17875.3 0.628119 2999.79 0.999663
1362700000 17875.3 -0.251172 2999.94 0.999372
1362800000 17875.3 -0.186389 2999.93 0.999379
1362900000 17875.3 -0.322039 2999.95 0.999406
1363000000 17875.3 -0.055827 2999.91 0.999536
1363100000 17875.3 -0.0873951 2999.91 0.999444
1363200000 17875.3 -0.101673 2999.92 0.99947
1363300000 17875.3 -0.0621664 2999.91 0.999385
1363400000 17875.3 0.83367 2999.76 0.999702
1363500000 17875.3 0.00795763 2999.9 0.999482
1363600000 17875.3 -0.223597 2999.94 0.999397
1363700000 17875.3 -0.0430654 2999.91 0.999462
1363800000 17875.3 -0.310989 2999.95 0.999408
1363900000 17875.3 0.0679369 2999.89 0.999483
1364000000 17875.3 -0.150242 2999.92 0.999388
1364100000 17875.3 -0.130062 2999.92 0.99938
1364200000 17875.3 -0.0388944 2999.9 0.999492
1364300000 17875.3 -0.198265 2999.93 0.999375
1364400000 17875.3 1.53422 2999.64 0.999782
1364500000 17875.3 -0.456261 2999.97 0.999463
1364600000 17875.3 -0.186134 2999.93 0.999382
1364700000 17875.3 -0.0784613 2999.91 0.99947
1364800000 17875.3 -0.228573 2999.94 0.999367
1364900000 17875.3 -0.269921 2999.94 0.999372
1365000000 17875.3 -0.0318965 2999.9 0.999489
1365100000 17875.3 -0.166082 2999.93 0.999372
1365200000 17875.3 0.271388 2999.85 0.999577
1365300000 17875.3 -0.331515 2999.95 0.9994
1365400000 17875.3 -0.222137 2999.94 0.999425
1365500000 17875.3 -0.278087 2999.94 0.99938
1365600000 17875.3 -0.152825 2999.92 0.999386
1365700000 17875.3 -0.365451 2999.96 0.999366
1365800000 17875.3 -0.0516296 2999.91 0.999463
1365900000 17875.3 -0.104795 2999.92 0.999506
1366000000 17875.3 -0.169047 2999.93 0.999374
1366100000 17875.3 -0.163942 2999.93 0.999414
1366200000 17875.3 -0.105124 2999.92 0.999384
1366300000 17875.3 -0.206711 2999.93 0.999502
1366400000 17875.3 -0.23032 2999.94 0.999424
1366500000 17875.3 -0.107652 2999.92 0.999497
1366600000 17875.3 -0.118367 2999.92 0.999422
1366700000 17875.3 -0.380802 2999.96 0.999383
1366800000 17875.3 -0.0967382 2999.91 0.999426
1366900000 17875.3 -0.384739 2999.96 0.999371
1367000000 17875.3 -0.119186 2999.92 0.999395
1367100000 17875.3 -0.294811 2999.95 0.999423
1367200000 17875.3 -0.0752038 2999.91 0.999441
1367300000 17875.3 -0.203953 2999.93 0.99939
1367400000 17875.3 -0.131838 2999.92 0.999447
1367500000 17875.3 -0.0390763 2999.9 0.999475
1367600000 17875.3 -0.135461 2999.92 0.999446
1367700000 17875.3 -0.154761 2999.92 0.999426
1367800000 17875.3 0.85415 2999.75 0.999665
1367900000 17875.3 -0.341649 2999.96 0.999378
1368000000 17875.3 -0.217391 2999.93 0.999387
1368100000 17875.3 -0.0674971 2999.91 0.999488
1368200000 17875.3 -0.153805 2999.92 0.999384
1368300000 17875.3 -0.147548 2999.92 0.999421
1368400000 17875.3 0.991393 2999.73 0.999712
1368500000 17875.3 0.0844991 2999.88 0.999501
1368600000 17875.3 -0.126851 2999.92 0.999381
1368700000 17875.3 -0.135083 2999.92 0.999379
1368800000 17875.3 -0.0491544 2999.91 0.999497
1368900000 17875.3 -0.10254 2999.92 0.99938
1369000000 17875.3 -0.0866421 2999.91 0.999469
1369100000 17875.3 0.0912264 2999.88 0.999483
1369200000 17875.3 -0.10868 2999.92 0.999397
1369300000 17875.3 0.571921 2999.8 0.99964
1369400000 17875.3 0.443989 2999.82 0.999601
1369500000 17875.3 -0.0248434 2999.9 0.999447
1369600000 17875.3 -0.0905422 2999.91 0.99938
1369700000 17875.3 -0.157041 2999.92 0.999396
1369800000 17875.3 -0.214606 2999.93 0.999386
1369900000 17875.3 -0.268894 2999.94 0.999374
1370000000 17875.3 -0.0732856 2999.91 0.999384
1370100000 17875.3 1.4186 2999.66 0.999909
1370200000 17875.3 0.0764791 2999.89 0.999539
1370300000 17875.3 0.548156 2999.81 0.999767
1370400000 17875.3 0.998281 2999.73 0.999684
1370500000 17875.3 0.804514 2999.76 0.999681
1370600000 17875.3 -0.224054 2999.94 0.999419
1370700000 17875.3 -0.0782711 2999.91 0.999382
1370800000 17875.3 -0.332479 2999.95 0.999414
1370900000 17875.3 -0.326024 2999.95 0.999492
1371000000 17875.3 -0.237345 2999.94 0.999392
1371100000 17875.3 0.200772 2999.86 0.999508
1371200000 17875.3 -0.174591 2999.93 0.99938
1371300000 17875.3 -0.152335 2999.92 0.999413
1371400000 17875.3 -0.034144 2999.9 0.999459
1371500000 17875.3 -0.178348 2999.93 0.999488
1371600000 17875.3 0.069136 2999.89 0.999475
1371700000 17875.3 0.942756 2999.74 0.999726
1371800000 17875.3 -0.201291 2999.93 0.999383
1371900000 17875.3 -0.244783 2999.94 0.999386
1372000000 17875.3 -0.0924051 2999.91 0.999489
1372100000 17875.3 -0.148911 2999.92 0.999406
1372200000 17875.3 -0.168326 2999.93 0.999438
1372300000 17875.3 -0.121586 2999.92 0.999417
1372400000 17875.3 0.150265 2999.87 0.999587
1372500000 17875.3 1.85549 2999.59 0.999988
1372600000 17875.3 -0.281264 2999.95 0.999389
1372700000 17875.3 -0.120114 2999.92 0.999449
1372800000 17875.3 1.88054 2999.58 0.999877
1372900000 17875.3 -0.220001 2999.94 0.999412
1373000000 17875.3 -0.166598 2999.93 0.999447
1373100000 17875.3 -0.0708556 2999.91 0.9994
1373200000 17875.3 -0.268913 2999.94 0.999475
1373300000 17875.3 -0.311442 2999.95 0.999455
1373400000 17875.3 -0.0979684 2999.91 0.999381
1373500000 17875.3 -0.270362 2999.94 0.999442
1373600000 17875.3 0.884124 2999.75 0.999697
1373700000 17875.3 -0.195465 2999.93 0.999418
1373800000 17875.3 -0.333331 2999.95 0.999416
1373900000 17875.3 -0.295748 2999.95 0.999391
1374000000 17875.3 0.0474024 2999.89 0.999579
1374100000 17875.3 0.192809 2999.87 0.999554
1374200000 17875.3 -0.273317 2999.94 0.999425
1374300000 17875.3 -0.113057 2999.92 0.999407
1374400000 17875.3 -0.244992 2999.94 0.999417
1374500000 17875.3 -0.21727 2999.93 0.999422
1374600000 17875.3 0.53347 2999.81 0.999636
1374700000 17875.3 0.208066 2999.86 0.999665
1374800000 17875.3 0.0962299 2999.88 0.999498
1374900000 17875.3 -0.199374 2999.93 0.999373
1375000000 17875.3 -0.205379 2999.93 0.999435
1375100000 17875.3 0.663816 2999.79 0.999664
1375200000 17875.3 0.237347 2999.86 0.999555
1375300000 17875.3 -0.116334 2999.92 0.999379
1375400000 17875.3 1.05296 2999.72 0.99979
1375500000 17875.3 -0.186157 2999.93 0.999388
1375600000 17875.3 -0.345246 2999.96 0.999411
1375700000 17875.3 -0.18509 2999.93 0.999376
1375800000 17875.3 -0.255535 2999.94 0.999444
1375900000 17875.3 -0.282761 2999.95 0.999372
1376000000 17875.3 -0.257139 2999.94 0.999463
1376100000 17875.3 0.18877 2999.87 0.999564
1376200000 17875.3 0.265738 2999.85 0.999617
1376300000 17875.3 -0.205621 2999.93 0.999373
1376400000 17875.3 -0.209018 2999.93 0.999408
1376500000 17875.3 -0.165017 2999.93 0.999376
1376600000 17875.3 -0.121779 2999.92 0.999379
1376700000 17875.3 -0.264285 2999.94 0.999375
1376800000 17875.3 -0.182214 2999.93 0.999405
1376900000 17875.3 -0.216082 2999.93 0.999459
1377000000 17875.3 -0.103289 2999.92 0.999441
1377100000 17875.3 -0.0558259 2999.91 0.999385
1377200000 17875.3 0.640399 2999.79 0.999786
1377300000 17875.3 2.41938 2999.49 1.00003
1377400000 17875.3 -0.162731 2999.93 0.99943
1377500000 17875.3 1.18433 2999.7 0.999796
1377600000 17875.3 0.50156 2999.81 0.999635
1377700000 17875.3 1.27538 2999.68 0.999883
1377800000 17875.3 0.0852905 2999.88 0.999476
1377900000 17875.3 0.0940914 2999.88 0.999488
1378000000 17875.3 -0.044349 2999.91 0.999497
1378100000 17875.3 0.822982 2999.76 0.999677
1378200000 17875.3 -0.192353 2999.93 0.999369
1378300000 17875.3 -0.128241 2999.92 0.99938
1378400000 17875.3 -0.205787 2999.93 0.999384
1378500000 17875.3 -0.219293 2999.93 0.999378
1378600000 17875.3 -0.180939 2999.93 0.999371
1378700000 17875.3 -0.383728 2999.96 0.999432
1378800000 17875.3 -0.175606 2999.93 0.999444
1378900000 17875.3 -0.1501 2999.92 0.999399
1379000000 17875.3 0.167751 2999.87 0.999486
1379100000 17875.3 -0.186151 2999.93 0.999381
1379200000 17875.3 -0.2205 2999.94 0.999394
1379300000 17875.3 -0.342961 2999.96 0.999362
1379400000 17875.3 0.489938 2999.82 0.999612
1379500000 17875.3 -0.24007 2999.94 0.999376
1379600000 17875.3 0.149795 2999.87 0.999517
1379700000 17875.3 0.275314 2999.85 0.999623
1379800000 17875.3 -0.0942587 2999.91 0.999423
1379900000 17875.3 -0.22389 2999.94 0.99944
1380000000 17875.3 1.60132 2999.63 0.999802
1380100000 17875.3 -0.139761 2999.92 0.99939
1380200000 17875.3 -0.280721 2999.95 0.999377
1380300000 17875.3 -0.00451564 2999.9 0.999453
1380400000 17875.3 -0.150125 2999.92 0.999384
1380500000 17875.3 -0.331338 2999.95 0.999401
1380600000 17875.3 -0.0714824 2999.91 0.999472
1380700000 17875.3 -0.0791889 2999.91 0.999414
1380800000 17875.3 -0.372381 2999.96 0.999397
1380900000 17875.3 -0.120117 2999.92 0.999452
1381000000 17875.3 -0.207825 2999.93 0.999378
1381100000 17875.3 -0.115833 2999.92 0.999377
1381200000 17875.3 -0.29271 2999.95 0.999372
1381300000 17875.3 -0.292666 2999.95 0.999366
1381400000 17875.3 0.2272 2999.86 0.999548
1381500000 17875.3 0.485427 2999.82 0.999697
1381600000 17875.3 0.187674 2999.87 0.999558
1381700000 17875.3 -0.274812 2999.94 0.999378
1381800000 17875.3 0.411785 2999.83 0.999602
1381900000 17875.3 -0.0904071 2999.91 0.999404
1382000000 17875.3 -0.0985368 2999.91 0.999407
1382100000 17875.3 -0.181206 2999.93 0.999426
1382200000 17875.3 -0.328669 2999.95 0.999421
1382300000 17875.3 -0.192145 2999.93 0.999391
1382400000 17875.3 -0.322033 2999.95 0.9994
1382500000 17875.3 0.164086 2999.87 0.999523
1382600000 17875.3 -0.0487595 2999.91 0.999388
1382700000 17875.3 -0.317748 2999.95 0.999366
1382800000 17875.3 0.184864 2999.87 0.999531
1382900000 17875.3 -0.0993772 2999.91 0.999396
1383000000 17875.3 -0.176926 2999.93 0.999375
1383100000 17875.3 -0.235196 2999.94 0.999389
1383200000 17875.3 -0.357077 2999.96 0.999387
1383300000 17875.3 0.23948 2999.86 0.999581
1383400000 17875.3 -0.244594 2999.94 0.999375
1383500000 17875.3 0.0202769 2999.89 0.999544
1383600000 17875.3 -0.159387 2999.92 0.999405
1383700000 17875.3 -0.319214 2999.95 0.999411
1383800000 17875.3 0.123474 2999.88 0.999594
1383900000 17875.3 0.44255 2999.82 0.99962
1384000000 17875.3 0.222211 2999.86 0.999578
1384100000 17875.3 -0.209295 2999.93 0.999437
1384200000 17875.3 -0.252794 2999.94 0.999377
1384300000 17875.3 -0.117237 2999.92 0.999378
1384400000 17875.3 -0.246876 2999.94 0.999397
1384500000 17875.3 -0.308947 2999.95 0.9994
1384600000 17875.3 -0.0805004 2999.91 0.999428
1384700000 17875.3 0.689568 2999.78 0.999613
1384800000 17875.3 -0.354743 2999.96 0.99938
1384900000 17875.3 0.0620484 2999.89 0.99951
1385000000 17875.3 -0.273814 2999.94 0.999389
1385100000 17875.3 -0.19527 2999.93 0.999368
1385200000 17875.3 -0.171312 2999.93 0.999404
1385300000 17875.3 -0.0968807 2999.91 0.99939
1385400000 17875.3 -0.184368 2999.93 0.999409
1385500000 17875.3 0.137173 2999.88 0.999523
1385600000 17875.3 -0.205211 2999.93 0.99937
1385700000 17875.3 0.46367 2999.82 0.999662
1385800000 17875.3 -0.024606 2999.9 0.99939
1385900000 17875.3 -0.103524 2999.92 0.999433
1386000000 17875.3 -0.14325 2999.92 0.999447
1386100000 17875.3 -0.18525 2999.93 0.999391
1386200000 17875.3 -0.200312 2999.93 0.999416
1386300000 17875.3 1.1966 2999.7 0.99976
1386400000 17875.3 -0.311463 2999.95 0.999398
1386500000 17875.3 -0.171233 2999.93 0.999389
1386600000 17875.3 0.720193 2999.78 0.999624
1386700000 17875.3 -0.200149 2999.93 0.999439
1386800000 17875.3 0.0641043 2999.89 0.99953
1386900000 17875.3 -0.175471 2999.93 0.999374
1387000000 17875.3 -0.277435 2999.94 0.999415
1387100000 17875.3 0.332326 2999.84 0.999601
1387200000 17875.3 1.21454 2999.69 0.99972
1387300000 17875.3 -0.0267745 2999.9 0.999474
1387400000 17875.3 -0.25589 2999.94 0.999368
1387500000 17875.3 3.26579 2999.35 1.0002
1387600000 17875.3 -0.156202 2999.92 0.999377
1387700000 17875.3 0.0308312 2999.89 0.999487
1387800000 17875.3 -0.136218 2999.92 0.999434
1387900000 17875.3 -0.0632612 2999.91 0.999471
1388000000 17875.3 0.0546139 2999.89 0.999488
1388100000 17875.3 0.116141 2999.88 0.999561
1388200000 17875.3 -0.137488 2999.92 0.999381
1388300000 17875.3 -0.208391 2999.93 0.999366
1388400000 17875.3 0.289005 2999.85 0.999607
1388500000 17875.3 -0.252894 2999.94 0.999431
1388600000 17875.3 0.770156 2999.77 0.999682
1388700000 17875.3 0.775195 2999.77 0.999736
1388800000 17875.3 0.700248 2999.78 0.999782
1388900000 17875.3 -0.260336 2999.94 0.99938
1389000000 17875.3 0.772113 2999.77 0.999638
1389100000 17875.3 0.521989 2999.81 0.999614
1389200000 17875.3 -0.201668 2999.93 0.99938
1389300000 17875.3 0.126044 2999.88 0.999534
1389400000 17875.3 0.502723 2999.81 0.999613
1389500000 17875.3 0.0431599 2999.89 0.999468
1389600000 17875.3 -0.359753 2999.96 0.999467
1389700000 17875.3 -0.178461 2999.93 0.999446
1389800000 17875.3 -0.176138 2999.93 0.999384
1389900000 17875.3 0.732458 2999.78 0.999665
1390000000 17875.3 -0.249589 2999.94 0.999411
1390100000 17875.3 -0.280872 2999.95 0.999383
1390200000 17875.3 -0.200377 2999.93 0.999388
1390300000 17875.3 -0.0379201 2999.9 0.999484
1390400000 17875.3 -0.118184 2999.92 0.999384
1390500000 17875.3 -0.225572 2999.94 0.999404
1390600000 17875.3 -0.144812 2999.92 0.999373
1390700000 17875.3 0.668763 2999.79 0.999654
1390800000 17875.3 -0.193318 2999.93 0.999379
1390900000 17875.3 0.00913698 2999.9 0.999446
1391000000 17875.3 -0.185697 2999.93 0.999373
1391100000 17875.3 -0.10187 2999.92 0.999404
1391200000 17875.3 -0.139795 2999.92 0.999419
1391300000 17875.3 -0.198295 2999.93 0.999411
1391400000 17875.3 -0.111956 2999.92 0.999432
1391500000 17875.3 0.0277389 2999.89 0.99949
1391600000 17875.3 -0.197052 2999.93 0.999376
1391700000 17875.3 -0.153099 2999.92 0.999402
1391800000 17875.3 1.57631 2999.63 0.999814
1391900000 17875.3 -0.26659 2999.94 0.99943
1392000000 17875.3 0.496151 2999.81 0.999611
1392100000 17875.3 -0.206451 2999.93 0.999413
1392200000 17875.3 0.715142 2999.78 0.999664
1392300000 17875.3 -0.0813087 2999.91 0.999453
1392400000 17875.3 1.03278 2999.72 0.999755
1392500000 17875.3 0.808118 2999.76 0.999642
1392600000 17875.3 0.496559 2999.81 0.999664
1392700000 17875.3 -0.16062 2999.93 0.999413
1392800000 17875.3 -0.36203 2999.96 0.999398
1392900000 17875.3 1.08146 2999.72 0.999778
1393000000 17875.3 -0.139439 2999.92 0.999384
1393100000 17875.3 -0.225188 2999.94 0.999376
1393200000 17875.3 0.293975 2999.85 0.999552
1393300000 17875.3 -0.353848 2999.96 0.999388
1393400000 17875.3 -0.182211 2999.93 0.999378
1393500000 17875.3 -0.289199 2999.95 0.999396
1393600000 17875.3 0.210446 2999.86 0.999524
1393700000 17875.3 -0.16889 2999.93 0.999414
1393800000 17875.3 0.313519 2999.85 0.999617
1393900000 17875.3 0.216888 2999.86 0.999569
1394000000 17875.3 0.762625 2999.77 0.99973
1394100000 17875.3 0.470485 2999.82 0.999571
1394200000 17875.3 -0.182084 2999.93 0.9994
1394300000 17875.3 -0.169676 2999.93 0.999422
1394400000 17875.3 0.985347 2999.73 0.999675
1394500000 17875.3 0.202997 2999.86 0.999531
1394600000 17875.3 -0.113314 2999.92 0.999419
1394700000 17875.3 -0.202649 2999.93 0.999423
1394800000 17875.3 -0.226856 2999.94 0.999376
1394900000 17875.3 -0.0857218 2999.91 0.999383
1395000000 17875.3 -0.217594 2999.93 0.999385
1395100000 17875.3 0.278509 2999.85 0.999605
1395200000 17875.3 -0.110974 2999.92 0.999376
1395300000 17875.3 -0.0289928 2999.9 0.999468
1395400000 17875.3 -0.154469 2999.92 0.999395
1395500000 17875.3 0.919564 2999.74 0.999766
1395600000 17875.3 -0.181493 2999.93 0.999384
1395700000 17875.3 -0.232067 2999.94 0.999377
1395800000 17875.3 -0.0189819 2999.9 0.999536
1395900000 17875.3 -0.0197076 2999.9 0.999502
1396000000 17875.3 0.282309 2999.85 0.999585
1396100000 17875.3 2.45541 2999.49 1.00007
1396200000 17875.3 -0.138822 2999.92 0.999445
1396300000 17875.3 -0.0573633 2999.91 0.999386
1396400000 17875.3 -0.167664 2999.93 0.999401
1396500000 17875.3 -0.190522 2999.93 0.99942
1396600000 17875.3 -0.19064 2999.93 0.999382
1396700000 17875.3 -0.183031 2999.93 0.999402
1396800000 17875.3 -0.142291 2999.92 0.999442
1396900000 17875.3 -0.215724 2999.93 0.999384
1397000000 17875.3 0.491815 2999.82 0.999675
1397100000 17875.3 0.978224 2999.73 0.999687
1397200000 17875.3 2.1575 2999.54 0.999909
1397300000 17875.3 2.16781 2999.53 1.00004
1397400000 17875.3 -0.173376 2999.93 0.999384
1397500000 17875.3 -0.20104 2999.93 0.99937
1397600000 17875.3 -0.0639489 2999.91 0.999463
1397700000 17875.3 -0.0523675 2999.91 0.999385
1397800000 17875.3 0.819395 2999.76 0.999651
1397900000 17875.3 -0.155439 2999.92 0.999439
1398000000 17875.3 0.652407 2999.79 0.999695
1398100000 17875.3 -0.141022 2999.92 0.999402
1398200000 17875.3 -0.324148 2999.95 0.999432
1398300000 17875.3 0.761201 2999.77 0.99974
1398400000 17875.3 1.92887 2999.57 1.00009
1398500000 17875.3 0.642659 2999.79 0.999639
1398600000 17875.3 -0.204903 2999.93 0.99939
1398700000 17875.3 1.41083 2999.66 0.999876
1398800000 17875.3 -0.220887 2999.94 0.999384
1398900000 17875.3 -0.0930335 2999.91 0.999431
1399000000 17875.3 -0.21537 2999.93 0.999379
1399100000 17875.3 -0.183062 2999.93 0.999407
1399200000 17875.3 -0.103588 2999.92 0.99939
1399300000 17875.3 2.94579 2999.4 1.00004
1399400000 17875.3 -0.215267 2999.93 0.999445
1399500000 17875.3 -0.169098 2999.93 0.999374
1399600000 17875.3 -0.118118 2999.92 0.99938
1399700000 17875.3 -0.0520255 2999.91 0.999458
1399800000 17875.3 -0.164692 2999.93 0.999452
1399900000 17875.3 -0.110463 2999.92 0.999378
1400000000 17875.3 -0.24154 2999.94 0.999398
1400100000 17875.3 0.918495 2999.74 0.99975
1400200000 17875.3 0.161277 2999.87 0.999586
1400300000 17875.3 -0.216401 2999.93 0.999387
1400400000 17875.3 -0.198181 2999.93 0.999452
1400500000 17875.3 -0.130615 2999.92 0.999457
1400600000 17875.3 -0.0650496 2999.91 0.999418
1400700000 17875.3 -0.234328 2999.94 0.999426
1400800000 17875.3 -0.21047 2999.93 0.999407
1400900000 17875.3 -0.172473 2999.93 0.999387
1401000000 17875.3 -0.12135 2999.92 0.999379
1401100000 17875.3 -0.0638441 2999.91 0.999384
1401200000 17875.3 0.295126 2999.85 0.999539
1401300000 17875.3 -0.14686 2999.92 0.999514
1401400000 17875.3 -0.18842 2999.93 0.999381
1401500000 17875.3 -0.187721 2999.93 0.99939
1401600000 17875.3 -0.12706 2999.92 0.999381
1401700000 17875.3 -0.257719 2999.94 0.999393
1401800000 17875.3 -0.11746 2999.92 0.999402
1401900000 17875.3 -0.257322 2999.94 0.999365
1402000000 17875.3 0.233173 2999.86 0.999552
1402100000 17875.3 -0.166926 2999.93 0.999374
1402200000 17875.3 -0.051905 2999.91 0.999474
1402300000 17875.3 2.10181 2999.55 1.00001
1402400000 17875.3 -0.188748 2999.93 0.999405
1402500000 17875.3 -0.154619 2999.92 0.999408
1402600000 17875.3 -0.0686994 2999.91 0.999427
1402700000 17875.3 -0.0718437 2999.91 0.999444
1402800000 17875.3 -0.0972151 2999.91 0.99941
1402900000 17875.3 0.173405 2999.87 0.999588
1403000000 17875.3 -0.0691586 2999.91 0.999413
1403100000 17875.3 -0.12385 2999.92 0.999401
1403200000 17875.3 -0.17829 2999.93 0.9994
1403300000 17875.3 0.09855 2999.88 0.999506
1403400000 17875.3 -0.0803282 2999.91 0.999412
1403500000 17875.3 1.76931 2999.6 0.999919
1403600000 17875.3 -0.0404391 2999.9 0.999488
1403700000 17875.3 -0.106961 2999.92 0.999406
1403800000 17875.3 0.255999 2999.86 0.999593
1403900000 17875.3 -0.210897 2999.93 0.999379
1404000000 17875.3 0.25323 2999.86 0.999536
1404100000 17875.3 -0.0337083 2999.9 0.999419
1404200000 17875.3 1.71816 2999.61 0.99987
1404300000 17875.3 -0.198986 2999.93 0.999391
1404400000 17875.3 -0.00153954 2999.9 0.999546
1404500000 17875.3 -0.121625 2999.92 0.999439
1404600000 17875.3 -0.0789117 2999.91 0.999381
1404700000 17875.3 1.21915 2999.69 0.999757
1404800000 17875.3 -0.157623 2999.92 0.999383
1404900000 17875.3 -0.137953 2999.92 0.999398
1405000000 17875.3 -0.0132422 2999.9 0.999456
1405100000 17875.3 -0.238895 2999.94 0.999446
1405200000 17875.3 1.28621 2999.68 0.99976
1405300000 17875.3 -0.134132 2999.92 0.999442
1405400000 17875.3 -0.195827 2999.93 0.999411
1405500000 17875.3 0.0747386 2999.89 0.999487
1405600000 17875.3 -0.333289 2999.95 0.999392
1405700000 17875.3 -0.184476 2999.93 0.999413
1405800000 17875.3 -0.0210675 2999.9 0.999472
1405900000 17875.3 0.305978 2999.85 0.999606
1406000000 17875.3 -0.212524 2999.93 0.999418
1406100000 17875.3 0.0313864 2999.89 0.99957
1406200000 17875.3 1.64895 2999.62 0.999813
1406300000 17875.3 -0.0761818 2999.91 0.999437
1406400000 17875.3 0.0643502 2999.89 0.999483
1406500000 17875.3 -0.198729 2999.93 0.999391
1406600000 17875.3 0.827236 2999.76 0.99973
1406700000 17875.3 0.308068 2999.85 0.999529
1406800000 17875.3 -0.285373 2999.95 0.999379
1406900000 17875.3 -0.185055 2999.93 0.999394
1407000000 17875.3 -0.000399795 2999.9 0.999468
1407100000 17875.3 -0.128297 2999.92 0.9994
1407200000 17875.3 0.0235794 2999.89 0.999516
1407300000 17875.3 -0.121777 2999.92 0.999443
1407400000 17875.3 -0.0532189 2999.91 0.999387
1407500000 17875.3 -0.0756562 2999.91 0.999468
1407600000 17875.3 -0.333785 2999.95 0.999383
1407700000 17875.3 -0.206913 2999.93 0.99938
1407800000 17875.3 -0.10504 2999.92 0.999447
1407900000 17875.3 0.0876571 2999.88 0.999481
1408000000 17875.3 0.162775 2999.87 0.999585
1408100000 17875.3 -0.215341 2999.93 0.999372
1408200000 17875.3 -0.201764 2999.93 0.999387
1408300000 17875.3 0.246673 2999.86 0.999585
1408400000 17875.3 1.41535 2999.66 0.999817
1408500000 17875.3 -0.157338 2999.92 0.999419
1408600000 17875.3 0.9194 2999.74 0.999672
1408700000 17875.3 1.42827 2999.66 0.999822
1408800000 17875.3 0.41912 2999.83 0.999592
1408900000 17875.3 -0.29888 2999.95 0.999382
1409000000 17875.3 -0.189215 2999.93 0.99938
1409100000 17875.3 -0.0932199 2999.91 0.99938
1409200000 17875.3 -0.0619624 2999.91 0.99954
1409300000 17875.3 -0.133603 2999.92 0.999383
1409400000 17875.3 -0.0353547 2999.9 0.999388
1409500000 17875.3 2.74917 2999.44 1.00001
1409600000 17875.3 -0.18118 2999.93 0.999374
1409700000 17875.3 0.306069 2999.85 0.999529
1409800000 17875.3 0.0589167 2999.89 0.999471
1409900000 17875.3 -0.117522 2999.92 0.999421
1410000000 17875.3 -0.149912 2999.92 0.999406
1410100000 17875.3 -0.318158 2999.95 0.999379
1410200000 17875.3 -0.34198 2999.96 0.999414
1410300000 17875.3 0.339129 2999.84 0.999553
1410400000 17875.3 -0.160758 2999.93 0.999429
1410500000 17875.3 0.0396049 2999.89 0.999479
1410600000 17875.3 -0.197797 2999.93 0.999456
1410700000 17875.3 -0.00114405 2999.9 0.999454
1410800000 17875.3 -0.29767 2999.95 0.999362
1410900000 17875.3 0.512405 2999.81 0.999576
1411000000 17875.3 -0.132553 2999.92 0.999384
1411100000 17875.3 -0.271391 2999.94 0.99941
1411200000 17875.3 -0.193786 2999.93 0.999418
1411300000 17875.3 -0.124553 2999.92 0.999391
1411400000 17875.3 -0.0832808 2999.91 0.999467
1411500000 17875.3 -0.264241 2999.94 0.999365
1411600000 17875.3 -0.129789 2999.92 0.999381
1411700000 17875.3 -0.165622 2999.93 0.999432
1411800000 17875.3 -0.219291 2999.93 0.999422
1411900000 17875.3 0.392208 2999.83 0.999638
1412000000 17875.3 -0.157477 2999.92 0.999443
1412100000 17875.3 0.124562 2999.88 0.99948
1412200000 17875.3 -0.241252 2999.94 0.999402
1412300000 17875.3 -0.235841 2999.94 0.999407
1412400000 17875.3 -0.0997814 2999.91 0.999458
1412500000 17875.3 0.0334445 2999.89 0.99951
1412600000 17875.3 -0.115793 2999.92 0.999393
1412700000 17875.3 -0.209161 2999.93 0.999392
1412800000 17875.3 -0.186363 2999.93 0.999413
1412900000 17875.3 0.836241 2999.76 0.999744
1413000000 17875.3 -0.400357 2999.97 0.999395
1413100000 17875.3 0.644037 2999.79 0.999721
1413200000 17875.3 -0.277067 2999.94 0.99938
1413300000 17875.3 0.163364 2999.87 0.999588
1413400000 17875.3 0.0581023 2999.89 0.999481
1413500000 17875.3 -0.113189 2999.92 0.999454
1413600000 17875.3 -0.126093 2999.92 0.999449
1413700000 17875.3 -0.11472 2999.92 0.99938
1413800000 17875.3 -0.24868 2999.94 0.999434
1413900000 17875.3 -0.263088 2999.94 0.999424
1414000000 17875.3 -0.226485 2999.94 0.999436
1414100000 17875.3 1.69057 2999.61 0.999865
1414200000 17875.3 -0.0774784 2999.91 0.999428
1414300000 17875.3 -0.405777 2999.97 0.999436
1414400000 17875.3 -0.037931 2999.9 0.999388
1414500000 17875.3 -0.0400921 2999.9 0.99954
1414600000 17875.3 -0.178108 2999.93 0.99941
1414700000 17875.3 0.286499 2999.85 0.999541
1414800000 17875.3 0.153047 2999.87 0.999553
1414900000 17875.3 0.235473 2999.86 0.999676
1415000000 17875.3 -0.184345 2999.93 0.999371
1415100000 17875.3 -0.0983576 2999.91 0.99949
1415200000 17875.3 -0.062653 2999.91 0.999436
1415300000 17875.3 -0.322491 2999.95 0.999397
1415400000 17875.3 -0.0720448 2999.91 0.999469
1415500000 17875.3 -0.220846 2999.94 0.999453
1415600000 17875.3 -0.234789 2999.94 0.999401
1415700000 17875.3 0.12303 2999.88 0.999542
1415800000 17875.3 -0.427996 2999.97 0.999437
1415900000 17875.3 -0.203322 2999.93 0.999427
1416000000 17875.3 -0.176934 2999.93 0.999375
1416100000 17875.3 -0.0848944 2999.91 0.999387
1416200000 17875.3 1.07525 2999.72 0.999757
1416300000 17875.3 -0.0768596 2999.91 0.999479
1416400000 17875.3 -0.111198 2999.92 0.999408
1416500000 17875.3 -0.209834 2999.93 0.999396
1416600000 17875.3 -0.283277 2999.95 0.99937
1416700000 17875.3 -0.25501 2999.94 0.999385
1416800000 17875.3 -0.251888 2999.94 0.99938
1416900000 17875.3 -0.0646026 2999.91 0.999456
1417000000 17875.3 0.223928 2999.86 0.999564
1417100000 17875.3 0.237378 2999.86 0.999571
1417200000 17875.3 -0.23365 2999.94 0.999382
1417300000 17875.3 0.0512346 2999.89 0.999558
1417400000 17875.3 -0.18569 2999.93 0.999426
1417500000 17875.3 -0.242035 2999.94 0.999389
1417600000 17875.3 -0.120144 2999.92 0.999433
1417700000 17875.3 1.09176 2999.71 0.99978
1417800000 17875.3 -0.306668 2999.95 0.999372
1417900000 17875.3 -0.0414017 2999.91 0.999387
1418000000 17875.3 0.412912 2999.83 0.999595
1418100000 17875.3 0.11927 2999.88 0.999517
1418200000 17875.3 -0.297056 2999.95 0.999376
1418300000 17875.3 0.304058 2999.85 0.999564
1418400000 17875.3 -0.0761162 2999.91 0.999494
1418500000 17875.3 -0.154878 2999.92 0.999411
1418600000 17875.3 -0.291273 2999.95 0.999396
1418700000 17875.3 -0.0750304 2999.91 0.999404
1418800000 17875.3 -0.127083 2999.92 0.999375
1418900000 17875.3 0.236537 2999.86 0.999517
1419000000 17875.3 -0.352727 2999.96 0.999442
1419100000 17875.3 -0.0216075 2999.9 0.999466
1419200000 17875.3 -0.112596 2999.92 0.999401
1419300000 17875.3 -0.15149 2999.92 0.999397
1419400000 17875.3 0.478442 2999.82 0.999584
1419500000 17875.3 0.358506 2999.84 0.999576
1419600000 17875.3 -0.0561868 2999.91 0.999385
1419700000 17875.3 -0.138401 2999.92 0.999439
1419800000 17875.3 -0.114193 2999.92 0.99938
1419900000 17875.3 -0.26386 2999.94 0.999384
1420000000 17875.3 -0.13767 2999.92 0.999373
1420100000 17875.3 -0.0313767 2999.9 0.999489
1420200000 17875.3 -0.105776 2999.92 0.999377
1420300000 17875.3 0.336072 2999.84 0.999577
1420400000 17875.3 0.467336 2999.82 0.999658
1420500000 17875.3 -0.181668 2999.93 0.999382
1420600000 17875.3 0.0924638 2999.88 0.999513
1420700000 17875.3 -0.172196 2999.93 0.9994
1420800000 17875.3 -0.193515 2999.93 0.999453
1420900000 17875.3 2.20296 2999.53 0.999999
1421000000 17875.3 -0.364981 2999.96 0.999408
1421100000 17875.3 -0.193913 2999.93 0.999423
1421200000 17875.3 0.0497192 2999.89 0.999472
1421300000 17875.3 -0.113657 2999.92 0.999442
1421400000 17875.3 0.792426 2999.77 0.999704
1421500000 17875.3 0.781745 2999.77 0.999689
1421600000 17875.3 -0.139562 2999.92 0.999374
1421700000 17875.3 -0.109264 2999.92 0.999376
1421800000 17875.3 -0.297614 2999.95 0.999408
1421900000 17875.3 0.039069 2999.89 0.99951
1422000000 17875.3 -0.216866 2999.93 0.999412
1422100000 17875.3 -0.189716 2999.93 0.999379
1422200000 17875.3 0.0187516 2999.89 0.999457
1422300000 17875.3 -0.254694 2999.94 0.999374
1422400000 17875.3 -0.0967918 2999.91 0.999379
1422500000 17875.3 -0.0692327 2999.91 0.999387
1422600000 17875.3 -0.150522 2999.92 0.999384
1422700000 17875.3 -0.0345755 2999.9 0.999447
1422800000 17875.3 -0.0381475 2999.9 0.999425
1422900000 17875.3 -0.0619211 2999.91 0.999383
1423000000 17875.3 -0.209779 2999.93 0.999401
1423100000 17875.3 -0.0985071 2999.91 0.999379
1423200000 17875.3 -0.253546 2999.94 0.999365
1423300000 17875.3 0.307746 2999.85 0.99958
1423400000 17875.3 0.163961 2999.87 0.999523
1423500000 17875.3 -0.0213032 2999.9 0.999487
1423600000 17875.3 -0.056599 2999.91 0.999388
1423700000 17875.3 -0.208212 2999.93 0.999444
1423800000 17875.3 -0.303052 2999.95 0.999367
1423900000 17875.3 -0.2121 2999.93 0.999402
1424000000 17875.3 -0.189097 2999.93 0.999369
1424100000 17875.3 -0.231336 2999.94 0.999448
1424200000 17875.3 1.78653 2999.6 0.999835
1424300000 17875.3 -0.205953 2999.93 0.999427
1424400000 17875.3 -0.123587 2999.92 0.999433
1424500000 17875.3 -0.164461 2999.93 0.999424
1424600000 17875.3 -0.151775 2999.92 0.999393
1424700000 17875.3 -0.218157 2999.93 0.999389
1424800000 17875.3 -0.213236 2999.93 0.999397
1424900000 17875.3 0.852324 2999.76 0.999679
1425000000 17875.3 0.219116 2999.86 0.999556
1425100000 17875.3 0.984252 2999.73 0.999697
1425200000 17875.3 0.0852123 2999.88 0.999469
1425300000 17875.3 -0.218126 2999.93 0.999392
1425400000 17875.3 -0.0723134 2999.91 0.999439
1425500000 17875.3 -0.140631 2999.92 0.999406
1425600000 17875.3 -0.16258 2999.93 0.999443
1425700000 17875.3 -0.232648 2999.94 0.999365
1425800000 17875.3 2.50391 2999.48 0.999964
1425900000 17875.3 -0.192485 2999.93 0.999491
1426000000 17875.3 -0.208467 2999.93 0.99942
1426100000 17875.3 0.275937 2999.85 0.999573
1426200000 17875.3 -0.294681 2999.95 0.999402
1426300000 17875.3 0.0592058 2999.89 0.999482
1426400000 17875.3 -0.049582 2999.91 0.999386
1426500000 17875.3 -0.14561 2999.92 0.999402
1426600000 17875.3 -0.313063 2999.95 0.999408
1426700000 17875.3 -0.203715 2999.93 0.999374
1426800000 17875.3 -0.0443524 2999.91 0.999454
1426900000 17875.3 1.38077 2999.67 0.999908
1427000000 17875.3 -0.0902653 2999.91 0.999414
1427100000 17875.3 -0.114471 2999.92 0.999375
1427200000 17875.3 -0.13802 2999.92 0.999442
1427300000 17875.3 0.512866 2999.81 0.999605
1427400000 17875.3 -0.338289 2999.95 0.999394
1427500000 17875.3 -0.3055 2999.95 0.99941
1427600000 17875.3 -0.444837 2999.97 0.99941
1427700000 17875.3 0.303612 2999.85 0.999568
1427800000 17875.3 -0.135897 2999.92 0.999376
1427900000 17875.3 0.047748 2999.89 0.999543
1428000000 17875.3 -0.188312 2999.93 0.999379
1428100000 17875.3 -0.123283 2999.92 0.999437
1428200000 17875.3 0.0246403 2999.89 0.999586
1428300000 17875.3 1.17646 2999.7 0.999718
1428400000 17875.3 -0.171331 2999.93 0.99943
1428500000 17875.3 -0.173582 2999.93 0.999371
1428600000 17875.3 -0.160601 2999.93 0.999372
1428700000 17875.3 -0.171085 2999.93 0.999387
1428800000 17875.3 -0.251492 2999.94 0.99941
1428900000 17875.3 -0.205903 2999.93 0.999392
1429000000 17875.3 -0.197193 2999.93 0.999436
1429100000 17875.3 -0.144222 2999.92 0.999374
1429200000 17875.3 0.187013 2999.87 0.999499
1429300000 17875.3 1.22484 2999.69 0.999723
1429400000 17875.3 0.14279 2999.87 0.999507
1429500000 17875.3 0.257019 2999.85 0.99953
1429600000 17875.3 -0.187462 2999.93 0.9994
1429700000 17875.3 -0.101073 2999.92 0.999461
1429800000 17875.3 0.421779 2999.83 0.999563
1429900000 17875.3 -0.0609188 2999.91 0.999385
1430000000 17875.3 0.0408138 2999.89 0.99951
1430100000 17875.3 -0.118466 2999.92 0.999422
1430200000 17875.3 -0.137224 2999.92 0.999412
1430300000 17875.3 0.115898 2999.88 0.999479
1430400000 17875.3 3.10063 2999.38 1.0001
1430500000 17875.3 -0.123443 2999.92 0.999376
1430600000 17875.3 0.273161 2999.85 0.99958
1430700000 17875.3 -0.273816 2999.94 0.999369
1430800000 17875.3 -0.0823361 2999.91 0.999526
1430900000 17875.3 0.244503 2999.86 0.999602
1431000000 17875.3 -0.211773 2999.93 0.999382
1431100000 17875.3 -0.0613264 2999.91 0.999385
1431200000 17875.3 1.46162 2999.65 0.999877
1431300000 17875.3 0.258045 2999.85 0.999522
1431400000 17875.3 -0.166985 2999.93 0.999385
1431500000 17875.3 0.184517 2999.87 0.999574
1431600000 17875.3 -0.323786 2999.95 0.999389
1431700000 17875.3 -0.0903831 2999.91 0.999387
1431800000 17875.3 -0.355213 2999.96 0.999369
1431900000 17875.3 1.37506 2999.67 0.999816
1432000000 17875.3 -0.150493 2999.92 0.999375
1432100000 17875.3 0.719143 2999.78 0.999644
1432200000 17875.3 0.111902 2999.88 0.999512
1432300000 17875.3 -0.207738 2999.93 0.999397
1432400000 17875.3 -0.253836 2999.94 0.999388
1432500000 17875.3 -0.059522 2999.91 0.999384
1432600000 17875.3 1.10269 2999.71 0.999745
1432700000 17875.3 -0.247412 2999.94 0.999407
1432800000 17875.3 -0.164587 2999.93 0.999397
1432900000 17875.3 0.0254415 2999.89 0.999454
1433000000 17875.3 -0.306109 2999.95 0.999372
1433100000 17875.3 0.351845 2999.84 0.999685
1433200000 17875.3 -0.260026 2999.94 0.999368
1433300000 17875.3 -0.340738 2999.96 0.999372
1433400000 17875.3 -0.0581688 2999.91 0.999385
1433500000 17875.3 0.561863 2999.8 0.999643
1433600000 17875.3 -0.336707 2999.95 0.999373
1433700000 17875.3 0.436323 2999.82 0.999666
1433800000 17875.3 -0.187248 2999.93 0.999496
1433900000 17875.3 -0.266732 2999.94 0.999367
1434000000 17875.3 -0.1804 2999.93 0.999403
1434100000 17875.3 -0.194649 2999.93 0.999367
1434200000 17875.3 -0.221724 2999.94 0.999399
1434300000 17875.3 -0.210483 2999.93 0.999387
1434400000 17875.3 -0.118113 2999.92 0.999375
1434500000 17875.3 -0.228257 2999.94 0.999379
1434600000 17875.3 0.0339921 2999.89 0.999559
1434700000 17875.3 0.0520317 2999.89 0.99955
1434800000 17875.3 -0.163221 2999.93 0.999399
1434900000 17875.3 -0.136823 2999.92 0.999374
1435000000 17875.3 -0.13953 2999.92 0.999382
1435100000 17875.3 -0.187999 2999.93 0.999498
1435200000 17875.3 0.648485 2999.79 0.999636
1435300000 17875.3 1.59733 2999.63 0.999862
1435400000 17875.3 -0.314198 2999.95 0.999394
1435500000 17875.3 -0.198563 2999.93 0.999434
1435600000 17875.3 -0.146929 2999.92 0.999372
1435700000 17875.3 -0.264335 2999.94 0.999367
1435800000 17875.3 0.156236 2999.87 0.999486
1435900000 17875.3 0.433294 2999.83 0.99959
1436000000 17875.3 -0.0837756 2999.91 0.999413
1436100000 17875.3 0.268917 2999.85 0.99954
1436200000 17875.3 0.105776 2999.88 0.999579
1436300000 17875.3 0.0436214 2999.89 0.999495
1436400000 17875.3 0.491072 2999.82 0.99961
1436500000 17875.3 0.146057 2999.87 0.999484
1436600000 17875.3 -0.294606 2999.95 0.999373
1436700000 17875.3 -0.247817 2999.94 0.999385
1436800000 17875.3 -0.114653 2999.92 0.999377
1436900000 17875.3 -0.292915 2999.95 0.999402
1437000000 17875.3 -0.0735785 2999.91 0.999391
1437100000 17875.3 0.508056 2999.81 0.999573
1437200000 17875.3 -0.404549 2999.97 0.999365
1437300000 17875.3 0.000969144 2999.9 0.999495
1437400000 17875.3 -0.145699 2999.92 0.999377
1437500000 17875.3 0.866366 2999.75 0.999651
1437600000 17875.3 0.482051 2999.82 0.999647
1437700000 17875.3 0.479604 2999.82 0.999579
1437800000 17875.3 -0.00151073 2999.9 0.999489
1437900000 17875.3 -0.111982 2999.92 0.99946
1438000000 17875.3 -0.17006 2999.93 0.999416
1438100000 17875.3 -0.128218 2999.92 0.999412
1438200000 17875.3 -0.0227414 2999.9 0.999465
1438300000 17875.3 -0.209598 2999.93 0.999367
1438400000 17875.3 -0.154001 2999.92 0.999374
1438500000 17875.3 -0.251947 2999.94 0.99941
1438600000 17875.3 -0.318807 2999.95 0.999414
1438700000 17875.3 -0.06601 2999.91 0.999466
1438800000 17875.3 -0.0224553 2999.9 0.999511
1438900000 17875.3 -0.138138 2999.92 0.999391
1439000000 17875.3 -0.185503 2999.93 0.999416
1439100000 17875.3 0.220168 2999.86 0.999603
1439200000 17875.3 0.70396 2999.78 0.999621
1439300000 17875.3 -0.416779 2999.97 0.999373
1439400000 17875.3 0.0643124 2999.89 0.999504
1439500000 17875.3 -0.11906 2999.92 0.9995
1439600000 17875.3 -0.432395 2999.97 0.999403
1439700000 17875.3 -0.140591 2999.92 0.999526
1439800000 17875.3 0.759446 2999.77 0.999703
1439900000 17875.3 -0.191836 2999.93 0.99942
1440000000 17875.3 -0.227389 2999.94 0.999402
1440100000 17875.3 0.149354 2999.87 0.999554
1440200000 17875.3 -0.120737 2999.92 0.999381
1440300000 17875.3 -0.144632 2999.92 0.999429
1440400000 17875.3 -0.200561 2999.93 0.999372
1440500000 17875.3 -0.151375 2999.92 0.999388
1440600000 17875.3 -0.279136 2999.94 0.999407
1440700000 17875.3 -0.00696474 2999.9 0.999466
1440800000 17875.3 -0.0915146 2999.91 0.999421
1440900000 17875.3 -0.253084 2999.94 0.999441
1441000000 17875.3 -0.12734 2999.92 0.999382
1441100000 17875.3 -0.118248 2999.92 0.999377
1441200000 17875.3 0.136266 2999.88 0.999588
1441300000 17875.3 -0.038376 2999.9 0.999388
1441400000 17875.3 -0.17377 2999.93 0.999379
1441500000 17875.3 -0.114292 2999.92 0.999443
1441600000 17875.3 -0.135749 2999.92 0.999463
1441700000 17875.3 0.636208 2999.79 0.999712
1441800000 17875.3 -0.19989 2999.93 0.999395
1441900000 17875.3 -0.115401 2999.92 0.999385
1442000000 17875.3 -0.229845 2999.94 0.999422
1442100000 17875.3 -0.178819 2999.93 0.999405
1442200000 17875.3 -0.185201 2999.93 0.999387
1442300000 17875.3 -0.161856 2999.93 0.999452
1442400000 17875.3 0.0606758 2999.89 0.999478
1442500000 17875.3 -0.142754 2999.92 0.999383
1442600000 17875.3 0.411605 2999.83 0.999719
1442700000 17875.3 -0.179708 2999.93 0.99938
1442800000 17875.3 -0.0348922 2999.9 0.999447
1442900000 17875.3 -0.167101 2999.93 0.999373
1443000000 17875.3 -0.178755 2999.93 0.999381
1443100000 17875.3 -0.185148 2999.93 0.999455
1443200000 17875.3 0.0285499 2999.89 0.999505
1443300000 17875.3 -0.253792 2999.94 0.999388
1443400000 17875.3 -0.0784103 2999.91 0.99939
1443500000 17875.3 0.381379 2999.83 0.99959
1443600000 17875.3 0.0838368 2999.88 0.999605
1443700000 17875.3 0.824013 2999.76 0.999857
1443800000 17875.3 -0.189397 2999.93 0.99942
1443900000 17875.3 -0.313261 2999.95 0.999374
1444000000 17875.3 1.08624 2999.72 0.999695
1444100000 17875.3 -0.142323 2999.92 0.999376
1444200000 17875.3 -0.133796 2999.92 0.999375
1444300000 17875.3 0.578375 2999.8 0.999606
1444400000 17875.3 0.0228201 2999.89 0.99947
1444500000 17875.3 0.821446 2999.76 0.999712
1444600000 17875.3 0.720782 2999.78 0.999683
1444700000 17875.3 0.0694747 2999.89 0.99949
1444800000 17875.3 -0.409907 2999.97 0.999358
1444900000 17875.3 -0.0803272 2999.91 0.999502
1445000000 17875.3 -0.0753103 2999.91 0.999383
1445100000 17875.3 -0.273541 2999.94 0.999451
1445200000 17875.3 -0.124814 2999.92 0.999386
1445300000 17875.3 0.0485441 2999.89 0.999489
1445400000 17875.3 -0.243749 2999.94 0.999398
1445500000 17875.3 0.235324 2999.86 0.999626
1445600000 17875.3 -0.113961 2999.92 0.999378
1445700000 17875.3 0.405697 2999.83 0.99955
1445800000 17875.3 0.177102 2999.87 0.999513
1445900000 17875.3 -0.151014 2999.92 0.999381
1446000000 17875.3 0.0304331 2999.89 0.999508
1446100000 17875.3 -0.232898 2999.94 0.999441
1446200000 17875.3 1.14024 2999.71 0.999743
1446300000 17875.3 -0.194978 2999.93 0.999448
1446400000 17875.3 1.10579 2999.71 0.999827
1446500000 17875.3 -0.074595 2999.91 0.999471
1446600000 17875.3 -0.287163 2999.95 0.999453
1446700000 17875.3 -0.147093 2999.92 0.999389
1446800000 17875.3 0.101308 2999.88 0.999549
1446900000 17875.3 -0.174322 2999.93 0.999417
1447000000 17875.3 -0.292011 2999.95 0.9994
1447100000 17875.3 0.284747 2999.85 0.999615
1447200000 17875.3 -0.0937221 2999.91 0.999381
1447300000 17875.3 -0.157053 2999.92 0.999397
1447400000 17875.3 -0.12296 2999.92 0.999487
1447500000 17875.3 -0.160586 2999.93 0.999405
1447600000 17875.3 -0.26473 2999.94 0.99937
1447700000 17875.3 -0.0483762 2999.91 0.999502
1447800000 17875.3 -0.0657556 2999.91 0.999413
1447900000 17875.3 0.0135823 2999.9 0.999578
1448000000 17875.3 -0.168031 2999.93 0.999379
1448100000 17875.3 -0.140003 2999.92 0.999446
1448200000 17875.3 -0.169633 2999.93 0.999369
1448300000 17875.3 -0.228943 2999.94 0.999427
1448400000 17875.3 -0.175127 2999.93 0.999376
1448500000 17875.3 -0.206682 2999.93 0.999379
1448600000 17875.3 -0.24533 2999.94 0.99939
1448700000 17875.3 -0.16006 2999.92 0.999425
1448800000 17875.3 -0.144684 2999.92 0.999432
1448900000 17875.3 -0.220117 2999.94 0.999379
1449000000 17875.3 0.0954805 2999.88 0.999528
1449100000 17875.3 0.324858 2999.84 0.999608
1449200000 17875.3 0.9806 2999.73 0.999779
1449300000 17875.3 -0.0700975 2999.91 0.999489
1449400000 17875.3 2.60574 2999.46 1.00002
1449500000 17875.3 -0.0722512 2999.91 0.999404
1449600000 17875.3 0.410067 2999.83 0.999677
1449700000 17875.3 -0.245406 2999.94 0.999427
1449800000 17875.3 -0.0257799 2999.9 0.999499
1449900000 17875.3 -0.054926 2999.91 0.999495
1450000000 17875.3 0.202652 2999.86 0.999619
1450100000 17875.3 -0.0643246 2999.91 0.999436
1450200000 17875.3 -0.436667 2999.97 0.99939
1450300000 17875.3 -0.136994 2999.92 0.999434
1450400000 17875.3 -0.00204813 2999.9 0.999472
1450500000 17875.3 -0.0706006 2999.91 0.999385
1450600000 17875.3 -0.13968 2999.92 0.999376
1450700000 17875.3 -0.176526 2999.93 0.999373
1450800000 17875.3 -0.239521 2999.94 0.999516
1450900000 17875.3 -0.0574381 2999.91 0.99945
1451000000 17875.3 0.149887 2999.87 0.999541
1451100000 17875.3 -0.149991 2999.92 0.999396
1451200000 17875.3 -0.11236 2999.92 0.999384
1451300000 17875.3 -0.0554336 2999.91 0.999421
1451400000 17875.3 -0.110997 2999.92 0.999385
1451500000 17875.3 -0.232332 2999.94 0.999455
1451600000 17875.3 -0.0749727 2999.91 0.999461
1451700000 17875.3 -0.173427 2999.93 0.999409
1451800000 17875.3 0.168959 2999.87 0.999497
1451900000 17875.3 -0.0753655 2999.91 0.999386
1452000000 17875.3 -0.131143 2999.92 0.999523
1452100000 17875.3 -0.130788 2999.92 0.999479
1452200000 17875.3 -0.12283 2999.92 0.999379
1452300000 17875.3 4.03064 2999.22 1.00035
1452400000 17875.3 -0.0333168 2999.9 0.999518
1452500000 17875.3 -0.288477 2999.95 0.999408
1452600000 17875.3 -0.148792 2999.92 0.999459
1452700000 17875.3 -0.131086 2999.92 0.999417
1452800000 17875.3 0.372226 2999.84 0.999615
1452900000 17875.3 0.624426 2999.79 0.999617
1453000000 17875.3 -0.255402 2999.94 0.999394
1453100000 17875.3 -0.120833 2999.92 0.999523
1453200000 17875.3 -0.310082 2999.95 0.999421
1453300000 17875.3 -0.222721 2999.94 0.999376
1453400000 17875.3 -0.193483 2999.93 0.999377
1453500000 17875.3 -0.184871 2999.93 0.999386
1453600000 17875.3 1.70863 2999.61 0.999947
1453700000 17875.3 -0.062021 2999.91 0.999529
1453800000 17875.3 -0.16127 2999.93 0.999388
1453900000 17875.3 -0.136368 2999.92 0.999375
1454000000 17875.3 -0.257089 2999.94 0.999385
1454100000 17875.3 0.0410199 2999.89 0.999448
1454200000 17875.3 -0.161042 2999.93 0.999495
1454300000 17875.3 -0.202261 2999.93 0.999376
1454400000 17875.3 -0.20018 2999.93 0.999492
1454500000 17875.3 -0.202685 2999.93 0.999406
1454600000 17875.3 -0.111862 2999.92 0.999397
1454700000 17875.3 -0.260161 2999.94 0.999415
1454800000 17875.3 0.691907 2999.78 0.999667
1454900000 17875.3 -0.228442 2999.94 0.999368
1455000000 17875.3 0.388386 2999.83 0.999598
1455100000 17875.3 0.0231204 2999.89 0.999568
1455200000 17875.3 -0.00990338 2999.9 0.99949
1455300000 17875.3 -0.0601432 2999.91 0.999384
1455400000 17875.3 -0.0638175 2999.91 0.999465
1455500000 17875.3 -0.207986 2999.93 0.999379
1455600000 17875.3 -0.27615 2999.94 0.99938
1455700000 17875.3 1.71853 2999.61 0.999821
1455800000 17875.3 0.746256 2999.77 0.999642
1455900000 17875.3 -0.114354 2999.92 0.999435
1456000000 17875.3 -0.208127 2999.93 0.999402
1456100000 17875.3 0.0106633 2999.9 0.999483
1456200000 17875.3 0.782839 2999.77 0.999672
1456300000 17875.3 0.422756 2999.83 0.99958
1456400000 17875.3 -0.142505 2999.92 0.99943
1456500000 17875.3 -0.234166 2999.94 0.999374
1456600000 17875.3 -0.171458 2999.93 0.999382
1456700000 17875.3 -0.153536 2999.92 0.999439
1456800000 17875.3 2.80201 2999.43 1.00009
1456900000 17875.3 0.24403 2999.86 0.999555
1457000000 17875.3 -0.0809953 2999.91 0.999382
1457100000 17875.3 -0.176023 2999.93 0.999429
1457200000 17875.3 0.234643 2999.86 0.999548
1457300000 17875.3 0.364516 2999.84 0.999626
1457400000 17875.3 -0.167203 2999.93 0.999413
1457500000 17875.3 0.000609437 2999.9 0.999496
1457600000 17875.3 -0.180582 2999.93 0.999389
1457700000 17875.3 0.13724 2999.88 0.99953
1457800000 17875.3 0.832366 2999.76 0.999688
1457900000 17875.3 -0.224105 2999.94 0.999383
1458000000 17875.3 -0.11293 2999.92 0.999429
1458100000 17875.3 -0.200112 2999.93 0.999396
1458200000 17875.3 -0.170466 2999.93 0.999417
1458300000 17875.3 0.899182 2999.75 0.999706
1458400000 17875.3 0.130332 2999.88 0.999572
1458500000 17875.3 -0.176785 2999.93 0.999379
1458600000 17875.3 -0.204952 2999.93 0.999375
1458700000 17875.3 -0.107051 2999.92 0.999485
1458800000 17875.3 0.466791 2999.82 0.999575
1458900000 17875.3 -0.148614 2999.92 0.999376
1459000000 17875.3 -0.225893 2999.94 0.999372
1459100000 17875.3 -0.152199 2999.92 0.999382
1459200000 17875.3 -0.0869218 2999.91 0.999382
1459300000 17875.3 -0.0526812 2999.91 0.999385
1459400000 17875.3 0.122057 2999.88 0.999556
1459500000 17875.3 -0.0913225 2999.91 0.999456
1459600000 17875.3 -0.0348762 2999.9 0.999431
1459700000 17875.3 0.68645 2999.78 0.999629
1459800000 17875.3 -0.00674551 2999.9 0.999483
1459900000 17875.3 -0.146438 2999.92 0.999381
1460000000 17875.3 -0.145803 2999.92 0.999389
1460100000 17875.3 -0.387879 2999.96 0.999376
1460200000 17875.3 0.0247924 2999.89 0.999542
1460300000 17875.3 -0.235873 2999.94 0.999443
1460400000 17875.3 -0.0436536 2999.91 0.999506
1460500000 17875.3 -0.0809592 2999.91 0.999531
1460600000 17875.3 -0.180978 2999.93 0.999383
1460700000 17875.3 -0.0611409 2999.91 0.999477
1460800000 17875.3 -0.202139 2999.93 0.999382
1460900000 17875.3 -0.213176 2999.93 0.999367
1461000000 17875.3 -0.212707 2999.93 0.99943
1461100000 17875.3 0.339357 2999.84 0.99959
1461200000 17875.3 -0.355092 2999.96 0.999401
1461300000 17875.3 0.776323 2999.77 0.99973
1461400000 17875.3 -0.267247 2999.94 0.999364
1461500000 17875.3 0.392177 2999.83 0.999562
1461600000 17875.3 -0.0683326 2999.91 0.999443
1461700000 17875.3 -0.14302 2999.92 0.99948
1461800000 17875.3 -0.218394 2999.93 0.999409
1461900000 17875.3 0.475445 2999.82 0.999604
1462000000 17875.3 -0.244787 2999.94 0.999383
1462100000 17875.3 -0.0925819 2999.91 0.999385
1462200000 17875.3 -0.191129 2999.93 0.99945
1462300000 17875.3 -0.142285 2999.92 0.999464
1462400000 17875.3 -0.193558 2999.93 0.999427
1462500000 17875.3 0.345489 2999.84 0.999617
1462600000 17875.3 0.126722 2999.88 0.999539
1462700000 17875.3 -0.247591 2999.94 0.999378
1462800000 17875.3 -0.193449 2999.93 0.999384
1462900000 17875.3 -0.32483 2999.95 0.999372
1463000000 17875.3 -0.279493 2999.95 0.999381
1463100000 17875.3 0.444395 2999.82 0.999565
1463200000 17875.3 -0.092417 2999.91 0.999533
1463300000 17875.3 -0.0915448 2999.91 0.999432
1463400000 17875.3 -0.150408 2999.92 0.999422
1463500000 17875.3 -0.416252 2999.97 0.999394
1463600000 17875.3 -0.215967 2999.93 0.999393
1463700000 17875.3 0.893694 2999.75 0.999697
1463800000 17875.3 0.275051 2999.85 0.999604
1463900000 17875.3 -0.21936 2999.93 0.999409
1464000000 17875.3 -0.27254 2999.94 0.999373
1464100000 17875.3 -0.228607 2999.94 0.999378
1464200000 17875.3 0.0775883 2999.89 0.999487
1464300000 17875.3 0.0577834 2999.89 0.999474
1464400000 17875.3 0.225432 2999.86 0.999535
1464500000 17875.3 0.126327 2999.88 0.999487
1464600000 17875.3 -0.088554 2999.91 0.999387
1464700000 17875.3 -0.165351 2999.93 0.999406
1464800000 17875.3 -0.171026 2999.93 0.999412
1464900000 17875.3 -0.151817 2999.92 0.999385
1465000000 17875.3 1.45971 2999.65 0.999957
1465100000 17875.3 -0.147277 2999.92 0.999392
1465200000 17875.3 -0.0655175 2999.91 0.999495
1465300000 17875.3 -0.231925 2999.94 0.999397
1465400000 17875.3 -0.112735 2999.92 0.999408
1465500000 17875.3 1.19994 2999.7 0.999827
1465600000 17875.3 0.00139308 2999.9 0.99951
1465700000 17875.3 -0.09536 2999.91 0.999381
1465800000 17875.3 -0.142868 2999.92 0.9994
1465900000 17875.3 -0.1049 2999.92 0.999509
1466000000 17875.3 -0.160123 2999.92 0.999374
1466100000 17875.3 -0.15364 2999.92 0.999375
1466200000 17875.3 -0.142965 2999.92 0.999392
1466300000 17875.3 -0.0876916 2999.91 0.999401
1466400000 17875.3 0.495186 2999.82 0.999628
1466500000 17875.3 -0.0941145 2999.91 0.999381
1466600000 17875.3 0.108451 2999.88 0.999518
1466700000 17875.3 -0.0464951 2999.91 0.999457
1466800000 17875.3 -0.22918 2999.94 0.999395
1466900000 17875.3 -0.0828107 2999.91 0.999404
1467000000 17875.3 -0.232736 2999.94 0.999401
1467100000 17875.3 1.33167 2999.67 0.999786
1467200000 17875.3 -0.0729745 2999.91 0.999417
1467300000 17875.3 -0.146088 2999.92 0.9994
1467400000 17875.3 0.726549 2999.78 0.999621
1467500000 17875.3 -0.00672558 2999.9 0.999492
1467600000 17875.3 0.873011 2999.75 0.999838
1467700000 17875.3 0.000922503 2999.9 0.999446
1467800000 17875.3 1.75629 2999.6 0.999891
1467900000 17875.3 0.265408 2999.85 0.999525
1468000000 17875.3 0.391765 2999.83 0.999632
1468100000 17875.3 -0.18398 2999.93 0.999438
1468200000 17875.3 2.69777 2999.45 0.999996
1468300000 17875.3 -0.21928 2999.93 0.999373
1468400000 17875.3 -0.218829 2999.93 0.999439
1468500000 17875.3 -0.182138 2999.93 0.999372
1468600000 17875.3 0.652605 2999.79 0.999664
1468700000 17875.3 -0.180536 2999.93 0.99938
1468800000 17875.3 -0.246356 2999.94 0.999387
1468900000 17875.3 -0.13394 2999.92 0.999384
1469000000 17875.3 0.842176 2999.76 0.99977
1469100000 17875.3 -0.211076 2999.93 0.999389
1469200000 17875.3 0.455669 2999.82 0.999609
1469300000 17875.3 -0.117899 2999.92 0.999535
1469400000 17875.3 0.0163383 2999.9 0.999489
1469500000 17875.3 -0.218876 2999.93 0.999376
1469600000 17875.3 -0.176382 2999.93 0.999426
1469700000 17875.3 2.50107 2999.48 1.0001
1469800000 17875.3 -0.0882101 2999.91 0.999415
1469900000 17875.3 -0.123677 2999.92 0.999385
1470000000 17875.3 -0.132992 2999.92 0.999377
1470100000 17875.3 -0.213512 2999.93 0.999376
1470200000 17875.3 -0.17706 2999.93 0.999395
1470300000 17875.3 -0.177421 2999.93 0.999396
1470400000 17875.3 0.0535234 2999.89 0.999509
1470500000 17875.3 0.165705 2999.87 0.999564
1470600000 17875.3 1.89008 2999.58 0.999851
1470700000 17875.3 -0.194703 2999.93 0.999384
1470800000 17875.3 0.674247 2999.78 0.999709
1470900000 17875.3 -0.128744 2999.92 0.999429
1471000000 17875.3 -0.24394 2999.94 0.999379
1471100000 17875.3 -0.126286 2999.92 0.999422
1471200000 17875.3 -0.136486 2999.92 0.999375
1471300000 17875.3 -0.12357 2999.92 0.999379
1471400000 17875.3 0.964709 2999.74 0.999709
1471500000 17875.3 -0.303196 2999.95 0.999365
1471600000 17875.3 -0.129976 2999.92 0.999403
1471700000 17875.3 -0.328614 2999.95 0.999396
1471800000 17875.3 -0.16519 2999.93 0.999379
1471900000 17875.3 1.13086 2999.71 0.999751
1472000000 17875.3 -0.221736 2999.94 0.999404
1472100000 17875.3 -0.164252 2999.93 0.99937
1472200000 17875.3 -0.124604 2999.92 0.999379
1472300000 17875.3 0.286979 2999.85 0.999544
1472400000 17875.3 -0.0892345 2999.91 0.999445
1472500000 17875.3 0.0222119 2999.89 0.999468
1472600000 17875.3 -0.0752882 2999.91 0.999398
1472700000 17875.3 -0.136658 2999.92 0.999396
1472800000 17875.3 -0.157802 2999.92 0.999433
1472900000 17875.3 0.0897537 2999.88 0.999541
1473000000 17875.3 -0.169804 2999.93 0.99937
1473100000 17875.3 -0.232085 2999.94 0.999433
1473200000 17875.3 -0.178329 2999.93 0.99938
1473300000 17875.3 0.843605 2999.76 0.999794
1473400000 17875.3 0.28203 2999.85 0.999613
1473500000 17875.3 -0.158781 2999.92 0.999458
1473600000 17875.3 -0.150413 2999.92 0.999373
1473700000 17875.3 -0.153368 2999.92 0.999381
1473800000 17875.3 0.830616 2999.76 0.999696
1473900000 17875.3 0.134203 2999.88 0.999575
1474000000 17875.3 -0.0991325 2999.91 0.999378
1474100000 17875.3 -0.281351 2999.95 0.999421
1474200000 17875.3 -0.128257 2999.92 0.999468
1474300000 17875.3 -0.240489 2999.94 0.999373
1474400000 17875.3 -0.288487 2999.95 0.999411
1474500000 17875.3 -0.193673 2999.93 0.999426
1474600000 17875.3 -0.200746 2999.93 0.999384
1474700000 17875.3 4.14672 2999.2 1.00027
1474800000 17875.3 -0.309267 2999.95 0.999388
1474900000 17875.3 -0.144666 2999.92 0.999433
1475000000 17875.3 -0.0429984 2999.91 0.999387
1475100000 17875.3 -0.0604083 2999.91 0.999424
1475200000 17875.3 -0.239017 2999.94 0.99938
1475300000 17875.3 -0.137088 2999.92 0.999502
1475400000 17875.3 0.128592 2999.88 0.999523
1475500000 17875.3 -0.150768 2999.92 0.999441
1475600000 17875.3 0.392118 2999.83 0.999591
1475700000 17875.3 -0.29307 2999.95 0.999381
1475800000 17875.3 0.137842 2999.87 0.99949
1475900000 17875.3 0.227222 2999.86 0.999574
1476000000 17875.3 0.28377 2999.85 0.999615
1476100000 17875.3 -0.313129 2999.95 0.999392
1476200000 17875.3 0.472085 2999.82 0.999574
1476300000 17875.3 -0.0897591 2999.91 0.999384
1476400000 17875.3 -0.0689345 2999.91 0.999465
1476500000 17875.3 -0.0544873 2999.91 0.999445
1476600000 17875.3 -0.197345 2999.93 0.999431
1476700000 17875.3 -0.176413 2999.93 0.999432
1476800000 17875.3 -0.00615811 2999.9 0.999453
1476900000 17875.3 -0.0838835 2999.91 0.99938
1477000000 17875.3 -0.119067 2999.92 0.999444
1477100000 17875.3 -0.13032 2999.92 0.99939
1477200000 17875.3 -0.282778 2999.95 0.999396
1477300000 17875.3 -0.0982013 2999.91 0.999557
1477400000 17875.3 -0.173473 2999.93 0.99937
1477500000 17875.3 0.245652 2999.86 0.999604
1477600000 17875.3 -0.252328 2999.94 0.999381
1477700000 17875.3 -0.140254 2999.92 0.999392
1477800000 17875.3 0.425651 2999.83 0.999608
1477900000 17875.3 0.531306 2999.81 0.999643
1478000000 17875.3 -0.224023 2999.94 0.999391
1478100000 17875.3 1.12093 2999.71 0.999852
1478200000 17875.3 -0.121056 2999.92 0.999423
1478300000 17875.3 0.801609 2999.76 0.999647
1478400000 17875.3 -0.185416 2999.93 0.999454
1478500000 17875.3 0.782425 2999.77 0.999682
1478600000 17875.3 -0.183457 2999.93 0.999423
1478700000 17875.3 -0.210903 2999.93 0.999378
1478800000 17875.3 0.134495 2999.88 0.999568
1478900000 17875.3 -0.212986 2999.93 0.999381
1479000000 17875.3 -0.22297 2999.94 0.99937
1479100000 17875.3 -0.222129 2999.94 0.999411
1479200000 17875.3 -0.186848 2999.93 0.999398
1479300000 17875.3 -0.151897 2999.92 0.999383
1479400000 17875.3 -0.221886 2999.94 0.999428
1479500000 17875.3 1.25804 2999.69 0.999818
1479600000 17875.3 0.807084 2999.76 0.99968
1479700000 17875.3 -0.0327899 2999.9 0.999484
1479800000 17875.3 0.301557 2999.85 0.999625
1479900000 17875.3 0.681865 2999.78 0.999736
1480000000 17875.3 -0.210282 2999.93 0.999399
1480100000 17875.3 -0.144231 2999.92 0.999372
1480200000 17875.3 -0.156661 2999.92 0.999376
1480300000 17875.3 0.330777 2999.84 0.999541
1480400000 17875.3 -0.307945 2999.95 0.999489
1480500000 17875.3 0.0569088 2999.89 0.999587
1480600000 17875.3 -0.243116 2999.94 0.999394
1480700000 17875.3 1.60413 2999.63 0.999934
1480800000 17875.3 -0.158118 2999.92 0.999412
1480900000 17875.3 -0.164336 2999.93 0.999401
1481000000 17875.3 -0.212645 2999.93 0.999458
1481100000 17875.3 -0.215447 2999.93 0.999377
1481200000 17875.3 -0.0755303 2999.91 0.999469
1481300000 17875.3 -0.156372 2999.92 0.999406
1481400000 17875.3 -0.300885 2999.95 0.999401
1481500000 17875.3 -0.113134 2999.92 0.999425
1481600000 17875.3 0.154029 2999.87 0.999572
1481700000 17875.3 0.0091049 2999.9 0.999505
1481800000 17875.3 -0.26798 2999.94 0.999369
1481900000 17875.3 -0.207022 2999.93 0.999374
1482000000 17875.3 -0.32654 2999.95 0.999406
1482100000 17875.3 -0.305731 2999.95 0.999378
1482200000 17875.3 -0.113719 2999.92 0.999399
1482300000 17875.3 -0.174677 2999.93 0.999414
1482400000 17875.3 -0.109284 2999.92 0.999473
1482500000 17875.3 -0.207557 2999.93 0.999436
1482600000 17875.3 -0.148872 2999.92 0.999378
1482700000 17875.3 -0.0377217 2999.9 0.999467
1482800000 17875.3 -0.20047 2999.93 0.999404
1482900000 17875.3 -0.123638 2999.92 0.99945
1483000000 17875.3 -0.264548 2999.94 0.999449
1483100000 17875.3 -0.0478573 2999.91 0.999387
1483200000 17875.3 -0.156572 2999.92 0.999431
1483300000 17875.3 -0.00666047 2999.9 0.99951
1483400000 17875.3 -0.0120212 2999.9 0.999469
1483500000 17875.3 -0.209788 2999.93 0.999472
1483600000 17875.3 -0.160555 2999.93 0.999378
1483700000 17875.3 -0.115578 2999.92 0.999391
1483800000 17875.3 0.0328178 2999.89 0.99951
1483900000 17875.3 -0.114483 2999.92 0.999456
1484000000 17875.3 0.00650318 2999.9 0.999457
1484100000 17875.3 -0.167461 2999.93 0.999387
1484200000 17875.3 -0.184729 2999.93 0.999374
1484300000 17875.3 0.423425 2999.83 0.999594
1484400000 17875.3 -0.151435 2999.92 0.999381
1484500000 17875.3 -0.324161 2999.95 0.999405
1484600000 17875.3 -0.175917 2999.93 0.999471
1484700000 17875.3 -0.178522 2999.93 0.999404
1484800000 17875.3 -0.0406474 2999.9 0.999517
1484900000 17875.3 -0.0703392 2999.91 0.999383
1485000000 17875.3 -0.0999889 2999.91 0.999383
1485100000 17875.3 -0.289046 2999.95 0.999393
1485200000 17875.3 0.569531 2999.8 0.999712
1485300000 17875.3 1.07006 2999.72 0.999884
1485400000 17875.3 -0.198825 2999.93 0.999454
1485500000 17875.3 2.0168 2999.56 1.00002
1485600000 17875.3 2.12611 2999.54 0.9999
1485700000 17875.3 1.33695 2999.67 0.999783
1485800000 17875.3 0.160118 2999.87 0.999523
1485900000 17875.3 0.138322 2999.87 0.999546
1486000000 17875.3 1.07841 2999.72 0.999745
1486100000 17875.3 -0.102477 2999.92 0.999401
1486200000 17875.3 -0.313415 2999.95 0.99949
1486300000 17875.3 -0.19658 2999.93 0.999373
1486400000 17875.3 -0.131157 2999.92 0.999378
1486500000 17875.3 0.215091 2999.86 0.999574
1486600000 17875.3 -0.322143 2999.95 0.999411
1486700000 17875.3 -0.282548 2999.95 0.999377
1486800000 17875.3 -0.210592 2999.93 0.999432
1486900000 17875.3 -0.186686 2999.93 0.999428
1487000000 17875.3 -0.2068 2999.93 0.999373
1487100000 17875.3 -0.154894 2999.92 0.999381
1487200000 17875.3 -0.256159 2999.94 0.999359
1487300000 17875.3 -0.183393 2999.93 0.999393
1487400000 17875.3 -0.155368 2999.92 0.999378
1487500000 17875.3 0.0544405 2999.89 0.999616
1487600000 17875.3 0.287318 2999.85 0.999563
1487700000 17875.3 0.249925 2999.86 0.99964
1487800000 17875.3 0.631137 2999.79 0.999602
1487900000 17875.3 0.391631 2999.83 0.999546
1488000000 17875.3 -0.179817 2999.93 0.999519
1488100000 17875.3 -0.129988 2999.92 0.999447
1488200000 17875.3 0.406365 2999.83 0.999548
1488300000 17875.3 -0.134267 2999.92 0.999377
1488400000 17875.3 -0.0480162 2999.91 0.999386
1488500000 17875.3 -0.278584 2999.94 0.999444
1488600000 17875.3 -0.275706 2999.94 0.999384
1488700000 17875.3 1.0713 2999.72 0.999751
1488800000 17875.3 -0.25338 2999.94 0.99941
1488900000 17875.3 -0.0372148 2999.9 0.999389
1489000000 17875.3 -0.115409 2999.92 0.999386
1489100000 17875.3 -0.176888 2999.93 0.999431
1489200000 17875.3 -0.082798 2999.91 0.999411
1489300000 17875.3 0.748198 2999.77 0.999725
1489400000 17875.3 -0.292095 2999.95 0.999376
1489500000 17875.3 -0.200625 2999.93 0.999422
1489600000 17875.3 -0.0587313 2999.91 0.999494
1489700000 17875.3 0.474484 2999.82 0.99962
1489800000 17875.3 -0.106089 2999.92 0.999464
1489900000 17875.3 -0.160711 2999.93 0.999395
1490000000 17875.3 -0.439647 2999.97 0.999377
1490100000 17875.3 -0.247216 2999.94 0.99948
1490200000 17875.3 -0.279049 2999.94 0.999381
1490300000 17875.3 -0.162844 2999.93 0.999406
1490400000 17875.3 -0.257467 2999.94 0.999419
1490500000 17875.3 -0.163835 2999.93 0.999374
1490600000 17875.3 0.342945 2999.84 0.999587
1490700000 17875.3 -0.14436 2999.92 0.999386
1490800000 17875.3 -0.120786 2999.92 0.999377
1490900000 17875.3 -0.287712 2999.95 0.99941
1491000000 17875.3 -0.104841 2999.92 0.99945
1491100000 17875.3 -0.0525034 2999.91 0.99942
1491200000 17875.3 1.02967 2999.73 0.999772
1491300000 17875.3 -0.244634 2999.94 0.999377
1491400000 17875.3 -0.0788892 2999.91 0.999463
1491500000 17875.3 -0.17329 2999.93 0.999411
1491600000 17875.3 0.121084 2999.88 0.999532
1491700000 17875.3 0.181088 2999.87 0.999498
1491800000 17875.3 -0.187692 2999.93 0.999388
1491900000 17875.3 0.256149 2999.86 0.999533
1492000000 17875.3 0.189903 2999.87 0.999549
1492100000 17875.3 -0.225756 2999.94 0.999384
1492200000 17875.3 -0.105379 2999.92 0.999427
1492300000 17875.3 -0.186206 2999.93 0.999407
1492400000 17875.3 0.123841 2999.88 0.999505
1492500000 17875.3 -0.17502 2999.93 0.9994
1492600000 17875.3 -0.0306617 2999.9 0.999447
1492700000 17875.3 -0.0358476 2999.9 0.999388
1492800000 17875.3 -0.137217 2999.92 0.999401
1492900000 17875.3 -0.154556 2999.92 0.999381
1493000000 17875.3 -0.0932286 2999.91 0.999498
1493100000 17875.3 0.249289 2999.86 0.999555
1493200000 17875.3 0.0377962 2999.89 0.999464
1493300000 17875.3 -0.184724 2999.93 0.999392
1493400000 17875.3 1.34965 2999.67 0.999827
1493500000 17875.3 2.57481 2999.47 1.00001
1493600000 17875.3 -0.119817 2999.92 0.999402
1493700000 17875.3 -0.159047 2999.92 0.999414
1493800000 17875.3 -0.292428 2999.95 0.999382
1493900000 17875.3 0.176856 2999.87 0.99954
1494000000 17875.3 0.207617 2999.86 0.999533
1494100000 17875.3 -0.281843 2999.95 0.999529
1494200000 17875.3 1.21511 2999.69 0.999898
1494300000 17875.3 0.0359891 2999.89 0.999549
1494400000 17875.3 0.0522493 2999.89 0.999498
1494500000 17875.3 -0.290596 2999.95 0.999395
1494600000 17875.3 -0.172489 2999.93 0.999388
1494700000 17875.3 -0.309674 2999.95 0.999382
1494800000 17875.3 -0.328349 2999.95 0.999454
1494900000 17875.3 1.42502 2999.66 0.999766
1495000000 17875.3 -0.0245332 2999.9 0.999471
1495100000 17875.3 -0.300926 2999.95 0.999416
1495200000 17875.3 0.336133 2999.84 0.999528
1495300000 17875.3 -0.168845 2999.93 0.999369
1495400000 17875.3 -0.0583298 2999.91 0.99942
1495500000 17875.3 -0.182198 2999.93 0.999416
1495600000 17875.3 -0.207524 2999.93 0.9994
1495700000 17875.3 -0.163728 2999.93 0.999414
1495800000 17875.3 -0.0750928 2999.91 0.999382
1495900000 17875.3 -0.219914 2999.94 0.999379
1496000000 17875.3 -0.0786421 2999.91 0.999473
1496100000 17875.3 -0.20214 2999.93 0.999388
1496200000 17875.3 -0.246311 2999.94 0.999398
1496300000 17875.3 -0.194202 2999.93 0.999397
1496400000 17875.3 -0.225464 2999.94 0.999395
1496500000 17875.3 0.0750556 2999.89 0.999493
1496600000 17875.3 0.301689 2999.85 0.999617
1496700000 17875.3 -0.0674114 2999.91 0.999442
1496800000 17875.3 -0.149374 2999.92 0.999423
1496900000 17875.3 4.18813 2999.2 1.00029
1497000000 17875.3 -0.147341 2999.92 0.999412
1497100000 17875.3 -0.0412658 2999.91 0.999387
1497200000 17875.3 -0.161898 2999.93 0.9994
1497300000 17875.3 -0.223136 2999.94 0.999415
1497400000 17875.3 -0.209879 2999.93 0.999373
1497500000 17875.3 -0.293111 2999.95 0.999387
1497600000 17875.3 -0.120615 2999.92 0.999379
1497700000 17875.3 -0.172628 2999.93 0.999372
1497800000 17875.3 -0.0563471 2999.91 0.999442
1497900000 17875.3 -0.234777 2999.94 0.999437
1498000000 17875.3 -0.150385 2999.92 0.99947
1498100000 17875.3 -0.311128 2999.95 0.999399
1498200000 17875.3 0.350634 2999.84 0.999593
1498300000 17875.3 -0.322428 2999.95 0.999394
1498400000 17875.3 0.510231 2999.81 0.999711
1498500000 17875.3 -0.299106 2999.95 0.999377
1498600000 17875.3 -0.149916 2999.92 0.9994
1498700000 17875.3 0.108878 2999.88 0.999581
1498800000 17875.3 1.04669 2999.72 0.999756
1498900000 17875.3 -0.0141235 2999.9 0.999478
1499000000 17875.3 -0.102806 2999.92 0.999488
1499100000 17875.3 0.733219 2999.78 0.999677
1499200000 17875.3 -0.277967 2999.94 0.999394
1499300000 17875.3 -0.118042 2999.92 0.999422
1499400000 17875.3 -0.113075 2999.92 0.999378
1499500000 17875.3 0.54004 2999.81 0.999646
1499600000 17875.3 -0.225446 2999.94 0.999371
1499700000 17875.3 -0.0628052 2999.91 0.999461
1499800000 17875.3 -0.196689 2999.93 0.9994
1499900000 17875.3 -0.23528 2999.94 0.999396
1500000000 17875.3 -0.0874313 2999.91 0.999381
1500100000 17875.3 -0.109437 2999.92 0.999404
1500200000 17875.3 0.391999 2999.83 0.999554
1500300000 17875.3 0.0203739 2999.89 0.999454
1500400000 17875.3 1.35763 2999.67 0.999752
1500500000 17875.3 -0.112823 2999.92 0.999479
1500600000 17875.3 -0.0560479 2999.91 0.999465
1500700000 17875.3 -0.245397 2999.94 0.999369
1500800000 17875.3 -0.398657 2999.96 0.999393
1500900000 17875.3 -0.250613 2999.94 0.999372
1501000000 17875.3 -0.122759 2999.92 0.999375
1501100000 17875.3 -0.180226 2999.93 0.999384
1501200000 17875.3 -0.129013 2999.92 0.999381
1501300000 17875.3 -0.13638 2999.92 0.999381
1501400000 17875.3 0.0436997 2999.89 0.999502
1501500000 17875.3 -0.149984 2999.92 0.999372
1501600000 17875.3 0.23047 2999.86 0.999619
1501700000 17875.3 0.15595 2999.87 0.999542
1501800000 17875.3 -0.0634951 2999.91 0.999384
1501900000 17875.3 -0.172766 2999.93 0.999384
1502000000 17875.3 -0.172814 2999.93 0.999416
1502100000 17875.3 -0.208762 2999.93 0.999401
1502200000 17875.3 -0.164005 2999.93 0.999383
1502300000 17875.3 -0.153799 2999.92 0.999423
1502400000 17875.3 -0.201388 2999.93 0.999398
1502500000 17875.3 -0.203682 2999.93 0.999397
1502600000 17875.3 0.931401 2999.74 0.999688
1502700000 17875.3 0.0463841 2999.89 0.999467
1502800000 17875.3 -0.243727 2999.94 0.99939
1502900000 17875.3 0.125908 2999.88 0.999493
1503000000 17875.3 1.28732 2999.68 0.999768
1503100000 17875.3 -0.121363 2999.92 0.999456
1503200000 17875.3 0.393237 2999.83 0.999637
1503300000 17875.3 -0.18171 2999.93 0.999377
1503400000 17875.3 0.28986 2999.85 0.999529
1503500000 17875.3 -0.0745316 2999.91 0.999441
1503600000 17875.3 -0.201668 2999.93 0.99941
1503700000 17875.3 -0.114497 2999.92 0.999447
1503800000 17875.3 -0.0461359 2999.91 0.999464
1503900000 17875.3 -0.10735 2999.92 0.999385
1504000000 17875.3 -0.147343 2999.92 0.999387
1504100000 17875.3 0.748703 2999.77 0.999772
1504200000 17875.3 0.423525 2999.83 0.999646
1504300000 17875.3 -0.204635 2999.93 0.999391
1504400000 17875.3 -0.218283 2999.93 0.99941
1504500000 17875.3 0.254088 2999.86 0.999567
1504600000 17875.3 -0.223181 2999.94 0.999407
1504700000 17875.3 -0.238567 2999.94 0.999407
1504800000 17875.3 -0.18806 2999.93 0.999378
1504900000 17875.3 0.479268 2999.82 0.999606
1505000000 17875.3 -0.246932 2999.94 0.999389
1505100000 17875.3 2.65674 2999.45 1.00006
1505200000 17875.3 -0.0383841 2999.9 0.999506
1505300000 17875.3 -0.068698 2999.91 0.999457
1505400000 17875.3 -0.409074 2999.97 0.999414
1505500000 17875.3 0.00436578 2999.9 0.999454
1505600000 17875.3 -0.256588 2999.94 0.999436
1505700000 17875.3 -0.0756503 2999.91 0.999448
1505800000 17875.3 0.420659 2999.83 0.999566
1505900000 17875.3 -0.277623 2999.94 0.999364
1506000000 17875.3 0.250122 2999.86 0.999551
1506100000 17875.3 -0.194216 2999.93 0.999417
1506200000 17875.3 -0.00474575 2999.9 0.999505
1506300000 17875.3 -0.132476 2999.92 0.999405
1506400000 17875.3 -0.194372 2999.93 0.999432
1506500000 17875.3 -0.0888277 2999.91 0.999381
1506600000 17875.3 -0.0150033 2999.9 0.999516
1506700000 17875.3 -0.221818 2999.94 0.999428
1506800000 17875.3 -0.0910885 2999.91 0.999469
1506900000 17875.3 -0.123848 2999.92 0.99938
1507000000 17875.3 -0.406746 2999.97 0.999435
1507100000 17875.3 -0.178996 2999.93 0.9994
1507200000 17875.3 -0.167387 2999.93 0.999412
1507300000 17875.3 -0.39376 2999.96 0.999382
1507400000 17875.3 -0.226199 2999.94 0.99937
1507500000 17875.3 0.293616 2999.85 0.999588
1507600000 17875.3 -0.193234 2999.93 0.999431
1507700000 17875.3 -0.267535 2999.94 0.999379
1507800000 17875.3 1.82388 2999.59 0.99988
1507900000 17875.3 0.8918 2999.75 0.999695
1508000000 17875.3 -0.183931 2999.93 0.999469
1508100000 17875.3 -0.178919 2999.93 0.999447
1508200000 17875.3 -0.161218 2999.93 0.999398
1508300000 17875.3 -0.0863779 2999.91 0.999387
1508400000 17875.3 -0.0674673 2999.91 0.999384
1508500000 17875.3 -0.157213 2999.92 0.999426
1508600000 17875.3 -0.081282 2999.91 0.999534
1508700000 17875.3 0.0145651 2999.9 0.999458
1508800000 17875.3 0.177696 2999.87 0.999555
1508900000 17875.3 -0.174194 2999.93 0.999382
1509000000 17875.3 -0.162835 2999.93 0.999429
1509100000 17875.3 -0.0548811 2999.91 0.999453
1509200000 17875.3 -0.0522555 2999.91 0.999464
1509300000 17875.3 -0.0153176 2999.9 0.999502
1509400000 17875.3 -0.143449 2999.92 0.999465
1509500000 17875.3 -0.261716 2999.94 0.999371
1509600000 17875.3 -0.226559 2999.94 0.999393
1509700000 17875.3 -0.21164 2999.93 0.999396
1509800000 17875.3 0.0499773 2999.89 0.999452
1509900000 17875.3 -0.0536804 2999.91 0.999439
1510000000 17875.3 -0.257862 2999.94 0.999423
1510100000 17875.3 -0.167926 2999.93 0.999381
1510200000 17875.3 0.917511 2999.74 0.999698
1510300000 17875.3 -0.198527 2999.93 0.99937
1510400000 17875.3 -0.320662 2999.95 0.999376
1510500000 17875.3 0.138885 2999.87 0.999522
1510600000 17875.3 0.265628 2999.85 0.999547
1510700000 17875.3 -0.17866 2999.93 0.999417
1510800000 17875.3 0.090761 2999.88 0.999515
1510900000 17875.3 -0.104014 2999.92 0.999477
1511000000 17875.3 0.325269 2999.84 0.999532
1511100000 17875.3 0.1864 2999.87 0.999549
1511200000 17875.3 0.117676 2999.88 0.999483
1511300000 17875.3 0.0732378 2999.89 0.999498
1511400000 17875.3 0.83578 2999.76 0.999708
1511500000 17875.3 -0.00950781 2999.9 0.999477
1511600000 17875.3 0.480336 2999.82 0.999632
1511700000 17875.3 0.391107 2999.83 0.999582
1511800000 17875.3 -0.234276 2999.94 0.999416
1511900000 17875.3 -0.0505432 2999.91 0.999386
1512000000 17875.3 -0.280706 2999.95 0.999421
1512100000 17875.3 -0.278582 2999.94 0.999373
1512200000 17875.3 -0.234456 2999.94 0.999369
1512300000 17875.3 -0.25474 2999.94 0.999397
1512400000 17875.3 -0.249563 2999.94 0.99942
1512500000 17875.3 0.145643 2999.87 0.99958
1512600000 17875.3 0.637332 2999.79 0.999609
1512700000 17875.3 1.2202 2999.69 0.999841
1512800000 17875.3 -0.289579 2999.95 0.999401
1512900000 17875.3 -0.247873 2999.94 0.999473
1513000000 17875.3 0.459511 2999.82 0.999643
1513100000 17875.3 -0.00424868 2999.9 0.999456
1513200000 17875.3 0.27422 2999.85 0.999572
1513300000 17875.3 -0.350655 2999.96 0.999428
1513400000 17875.3 0.506136 2999.81 0.999667
1513500000 17875.3 -0.165437 2999.93 0.999408
1513600000 17875.3 -0.0799972 2999.91 0.999383
1513700000 17875.3 1.69467 2999.61 0.999883
1513800000 17875.3 -0.101199 2999.92 0.999408
1513900000 17875.3 -0.190887 2999.93 0.999382
1514000000 17875.3 -0.17164 2999.93 0.999377
1514100000 17875.3 -0.0881823 2999.91 0.999384
1514200000 17875.3 -0.237411 2999.94 0.999456
1514300000 17875.3 -0.0462167 2999.91 0.999427
1514400000 17875.3 -0.078233 2999.91 0.999496
1514500000 17875.3 0.0615882 2999.89 0.999609
1514600000 17875.3 0.854604 2999.75 0.999718
1514700000 17875.3 -0.256149 2999.94 0.999434
1514800000 17875.3 -0.280617 2999.95 0.99939
1514900000 17875.3 0.232531 2999.86 0.999586
1515000000 17875.3 0.322982 2999.84 0.99955
1515100000 17875.3 -0.206548 2999.93 0.999378
1515200000 17875.3 -0.391036 2999.96 0.999408
1515300000 17875.3 0.645291 2999.79 0.999603
1515400000 17875.3 0.647864 2999.79 0.999663
1515500000 17875.3 -0.157481 2999.92 0.999449
1515600000 17875.3 -0.210318 2999.93 0.999439
1515700000 17875.3 -0.310773 2999.95 0.999397
1515800000 17875.3 0.0808815 2999.88 0.99948
1515900000 17875.3 -0.260784 2999.94 0.999367
1516000000 17875.3 -0.213429 2999.93 0.999427
1516100000 17875.3 -0.0619026 2999.91 0.999433
1516200000 17875.3 -0.106326 2999.92 0.99938
1516300000 17875.3 -0.188593 2999.93 0.999414
1516400000 17875.3 -0.138358 2999.92 0.999382
1516500000 17875.3 -0.0990428 2999.91 0.99938
1516600000 17875.3 1.38149 2999.67 0.999776
1516700000 17875.3 -0.164587 2999.93 0.999452
1516800000 17875.3 -0.18004 2999.93 0.999378
1516900000 17875.3 0.363654 2999.84 0.999542
1517000000 17875.3 0.053508 2999.89 0.999462
1517100000 17875.3 0.405814 2999.83 0.999606
1517200000 17875.3 0.319883 2999.84 0.999639
1517300000 17875.3 -0.246682 2999.94 0.999391
1517400000 17875.3 1.64435 2999.62 0.999844
1517500000 17875.3 -0.169103 2999.93 0.999431
1517600000 17875.3 -0.02122 2999.9 0.999448
1517700000 17875.3 -0.0983922 2999.91 0.999454
1517800000 17875.3 0.352524 2999.84 0.999561
1517900000 17875.3 0.816705 2999.76 0.999708
1518000000 17875.3 -0.0596847 2999.91 0.999469
1518100000 17875.3 -0.168211 2999.93 0.999416
1518200000 17875.3 0.299983 2999.85 0.999537
1518300000 17875.3 -0.194715 2999.93 0.999399
1518400000 17875.3 0.412207 2999.83 0.999632
1518500000 17875.3 -0.220081 2999.94 0.999371
1518600000 17875.3 -0.215207 2999.93 0.999394
1518700000 17875.3 -0.204948 2999.93 0.9994
1518800000 17875.3 0.950898 2999.74 0.999817
1518900000 17875.3 1.21289 2999.69 0.999838
1519000000 17875.3 0.0251384 2999.89 0.999533
1519100000 17875.3 0.0117694 2999.9 0.999496
1519200000 17875.3 1.2648 2999.69 0.999798
1519300000 17875.3 -0.376625 2999.96 0.999451
1519400000 17875.3 -0.111815 2999.92 0.999386
1519500000 17875.3 -0.121539 2999.92 0.999383
1519600000 17875.3 -0.0737343 2999.91 0.999382
1519700000 17875.3 -0.177989 2999.93 0.999386
1519800000 17875.3 -0.213835 2999.93 0.999393
1519900000 17875.3 -0.122908 2999.92 0.999496
1520000000 17875.3 -0.138009 2999.92 0.999432
1520100000 17875.3 -0.351405 2999.96 0.999379
1520200000 17875.3 0.055438 2999.89 0.999495
1520300000 17875.3 -0.158402 2999.92 0.999401
1520400000 17875.3 -0.0857713 2999.91 0.999388
1520500000 17875.3 -0.180456 2999.93 0.999382
1520600000 17875.3 -0.370637 2999.96 0.999371
1520700000 17875.3 -0.213762 2999.93 0.999386
1520800000 17875.3 -0.174135 2999.93 0.999493
1520900000 17875.3 -0.159175 2999.92 0.999422
1521000000 17875.3 -0.317156 2999.95 0.99942
1521100000 17875.3 -0.182852 2999.93 0.999435
1521200000 17875.3 -0.0951246 2999.91 0.999384
1521300000 17875.3 -0.174155 2999.93 0.999398
1521400000 17875.3 -0.102623 2999.92 0.999454
1521500000 17875.3 -0.0412085 2999.91 0.999387
1521600000 17875.3 -0.253915 2999.94 0.999401
1521700000 17875.3 2.01683 2999.56 0.999876
1521800000 17875.3 -0.146356 2999.92 0.999392
1521900000 17875.3 0.902278 2999.75 0.999773
1522000000 17875.3 0.419386 2999.83 0.999558
1522100000 17875.3 -0.228458 2999.94 0.999444
1522200000 17875.3 -0.170414 2999.93 0.999432
1522300000 17875.3 -0.140289 2999.92 0.999383
1522400000 17875.3 -0.227517 2999.94 0.999396
1522500000 17875.3 -0.148735 2999.92 0.999404
1522600000 17875.3 0.0888716 2999.88 0.999496
1522700000 17875.3 0.264455 2999.85 0.999601
1522800000 17875.3 -0.173606 2999.93 0.999372
1522900000 17875.3 -0.244485 2999.94 0.999393
1523000000 17875.3 -0.0489747 2999.91 0.999386
1523100000 17875.3 1.05701 2999.72 0.999797
1523200000 17875.3 0.396495 2999.83 0.999585
1523300000 17875.3 -0.25821 2999.94 0.999419
1523400000 17875.3 2.83683 2999.42 1.0002
1523500000 17875.3 3.23058 2999.36 1.0003
1523600000 17875.3 1.22461 2999.69 0.999749
1523700000 17875.3 -0.120448 2999.92 0.999407
1523800000 17875.3 -0.0935948 2999.91 0.99944
1523900000 17875.3 0.263314 2999.85 0.999539
1524000000 17875.3 0.443053 2999.82 0.999564
1524100000 17875.3 -0.12188 2999.92 0.999378
1524200000 17875.3 0.31433 2999.85 0.999582
1524300000 17875.3 -0.0939274 2999.91 0.999413
1524400000 17875.3 -0.213464 2999.93 0.999384
1524500000 17875.3 0.330239 2999.84 0.999605
1524600000 17875.3 -0.0651382 2999.91 0.999382
1524700000 17875.3 -0.235193 2999.94 0.999386
1524800000 17875.3 -0.175092 2999.93 0.999393
1524900000 17875.3 -0.176066 2999.93 0.999449
1525000000 17875.3 0.858491 2999.75 0.999791
1525100000 17875.3 -0.151242 2999.92 0.999453
1525200000 17875.3 -0.223254 2999.94 0.999392
1525300000 17875.3 -0.273114 2999.94 0.999415
1525400000 17875.3 -0.347129 2999.96 0.999394
1525500000 17875.3 -0.231526 2999.94 0.999378
1525600000 17875.3 -0.193379 2999.93 0.999373
1525700000 17875.3 -0.119863 2999.92 0.999377
1525800000 17875.3 -0.117682 2999.92 0.999388
1525900000 17875.3 -0.0784305 2999.91 0.99949
1526000000 17875.3 -0.0707208 2999.91 0.999415
1526100000 17875.3 -0.035023 2999.9 0.999388
1526200000 17875.3 -0.190204 2999.93 0.999401
1526300000 17875.3 -0.140598 2999.92 0.999374
1526400000 17875.3 -0.3458 2999.96 0.999378
1526500000 17875.3 0.117257 2999.88 0.999522
1526600000 17875.3 -0.149056 2999.92 0.999382
1526700000 17875.3 1.86379 2999.59 0.999919
1526800000 17875.3 -0.197855 2999.93 0.999436
1526900000 17875.3 -0.220794 2999.94 0.999382
1527000000 17875.3 0.633756 2999.79 0.99961
1527100000 17875.3 -0.0827815 2999.91 0.999455
1527200000 17875.3 -0.29574 2999.95 0.99937
1527300000 17875.3 -0.17121 2999.93 0.999382
1527400000 17875.3 -0.189606 2999.93 0.999526
1527500000 17875.3 -0.133286 2999.92 0.999383
1527600000 17875.3 0.335833 2999.84 0.999621
1527700000 17875.3 0.211574 2999.86 0.999563
1527800000 17875.3 0.0569998 2999.89 0.999472
1527900000 17875.3 -0.347734 2999.96 0.99939
1528000000 17875.3 -0.0960546 2999.91 0.999384
1528100000 17875.3 0.0246965 2999.89 0.999496
1528200000 17875.3 0.0346309 2999.89 0.9995
1528300000 17875.3 0.233567 2999.86 0.999536
1528400000 17875.3 -0.0946538 2999.91 0.999385
1528500000 17875.3 -0.207061 2999.93 0.999402
1528600000 17875.3 -0.191098 2999.93 0.999377
1528700000 17875.3 0.821693 2999.76 0.99972
1528800000 17875.3 -0.437927 2999.97 0.99938
1528900000 17875.3 -0.343182 2999.96 0.999431
1529000000 17875.3 -0.25074 2999.94 0.999393
1529100000 17875.3 0.1914 2999.87 0.9995
1529200000 17875.3 0.0235312 2999.89 0.999556
1529300000 17875.3 1.46829 2999.65 0.999813
1529400000 17875.3 -0.119666 2999.92 0.999377
1529500000 17875.3 2.97487 2999.4 1.00015
1529600000 17875.3 -0.143379 2999.92 0.999377
1529700000 17875.3 1.18617 2999.7 0.999772
1529800000 17875.3 -0.206078 2999.93 0.99937
1529900000 17875.3 -0.197049 2999.93 0.999375
1530000000 17875.3 0.11415 2999.88 0.999545
1530100000 17875.3 -0.0894913 2999.91 0.999398
1530200000 17875.3 -0.198508 2999.93 0.999391
1530300000 17875.3 -0.0705238 2999.91 0.999387
1530400000 17875.3 -0.160382 2999.93 0.999416
1530500000 17875.3 -0.188884 2999.93 0.99943
1530600000 17875.3 0.00147875 2999.9 0.999498
1530700000 17875.3 -0.0448328 2999.91 0.999545
1530800000 17875.3 -0.286487 2999.95 0.999396
1530900000 17875.3 1.67 2999.62 0.999954
1531000000 17875.3 -0.14232 2999.92 0.99941
1531100000 17875.3 -0.103798 2999.92 0.999394
1531200000 17875.3 -0.146719 2999.92 0.999375
1531300000 17875.3 -0.160385 2999.93 0.999399
1531400000 17875.3 -0.176481 2999.93 0.99937
1531500000 17875.3 -0.173373 2999.93 0.999418
1531600000 17875.3 -0.210677 2999.93 0.999492
1531700000 17875.3 0.143653 2999.87 0.999551
1531800000 17875.3 -0.167562 2999.93 0.999383
1531900000 17875.3 -0.28956 2999.95 0.999439
1532000000 17875.3 1.69984 2999.61 0.999921
1532100000 17875.3 -0.239662 2999.94 0.9994
1532200000 17875.3 0.251136 2999.86 0.999545
1532300000 17875.3 -0.219509 2999.93 0.999395
1532400000 17875.3 0.894825 2999.75 0.999763
1532500000 17875.3 -0.273085 2999.94 0.999389
1532600000 17875.3 -0.0681709 2999.91 0.999382
1532700000 17875.3 0.776489 2999.77 0.999655
1532800000 17875.3 -0.258623 2999.94 0.999366
1532900000 17875.3 -0.018175 2999.9 0.999484
1533000000 17875.3 -0.193882 2999.93 0.999426
1533100000 17875.3 -0.141423 2999.92 0.999393
1533200000 17875.3 0.0203801 2999.89 0.999486
1533300000 17875.3 -0.162996 2999.93 0.999462
1533400000 17875.3 -0.210103 2999.93 0.999376
1533500000 17875.3 -0.178596 2999.93 0.999375
1533600000 17875.3 0.390861 2999.83 0.999613
1533700000 17875.3 0.16118 2999.87 0.999537
1533800000 17875.3 0.814909 2999.76 0.99975
1533900000 17875.3 -0.142379 2999.92 0.999373
1534000000 17875.3 -0.0546318 2999.91 0.999509
1534100000 17875.3 -0.118823 2999.92 0.999378
1534200000 17875.3 0.00473545 2999.9 0.999496
1534300000 17875.3 -0.269419 2999.94 0.999381
1534400000 17875.3 -0.1295 2999.92 0.999377
1534500000 17875.3 -0.283481 2999.95 0.999395
1534600000 17875.3 -0.119114 2999.92 0.999391
1534700000 17875.3 0.00766384 2999.9 0.999469
1534800000 17875.3 0.137229 2999.88 0.999518
1534900000 17875.3 -0.07208 2999.91 0.999385
1535000000 17875.3 -0.0800889 2999.91 0.999382
1535100000 17875.3 0.313295 2999.85 0.999525
1535200000 17875.3 -0.165508 2999.93 0.999376
1535300000 17875.3 -0.215654 2999.93 0.999458
1535400000 17875.3 0.164823 2999.87 0.999495
1535500000 17875.3 -0.136547 2999.92 0.999378
1535600000 17875.3 -0.29026 2999.95 0.9994
1535700000 17875.3 -0.313287 2999.95 0.999407
1535800000 17875.3 -0.191067 2999.93 0.999481
1535900000 17875.3 -0.116083 2999.92 0.999385
1536000000 17875.3 -0.251377 2999.94 0.999381
1536100000 17875.3 -0.103957 2999.92 0.99941
1536200000 17875.3 0.184481 2999.87 0.999529
1536300000 17875.3 1.03089 2999.73 0.999748
1536400000 17875.3 0.213617 2999.86 0.9996
1536500000 17875.3 -0.224838 2999.94 0.999388
1536600000 17875.3 -0.222752 2999.94 0.999374
1536700000 17875.3 -0.0901915 2999.91 0.999415
1536800000 17875.3 0.475104 2999.82 0.999617
1536900000 17875.3 -0.133686 2999.92 0.999472
1537000000 17875.3 0.115836 2999.88 0.9995
1537100000 17875.3 -0.234246 2999.94 0.999369
1537200000 17875.3 -0.0545742 2999.91 0.999387
1537300000 17875.3 0.0409169 2999.89 0.999498
1537400000 17875.3 -0.102461 2999.92 0.999395
1537500000 17875.3 -0.236538 2999.94 0.999369
1537600000 17875.3 -0.0706862 2999.91 0.999433
1537700000 17875.3 -0.20351 2999.93 0.999423
1537800000 17875.3 -0.111203 2999.92 0.999389
1537900000 17875.3 0.551862 2999.81 0.99964
1538000000 17875.3 -0.253571 2999.94 0.999375
1538100000 17875.3 -0.185841 2999.93 0.999373
1538200000 17875.3 -0.0773849 2999.91 0.999448
1538300000 17875.3 -0.0901603 2999.91 0.999382
1538400000 17875.3 3.1775 2999.36 1.00014
1538500000 17875.3 -0.0047099 2999.9 0.999448
1538600000 17875.3 0.151128 2999.87 0.999514
1538700000 17875.3 0.385054 2999.83 0.999638
1538800000 17875.3 0.701894 2999.78 0.999704
1538900000 17875.3 -0.204949 2999.93 0.999375
1539000000 17875.3 0.222182 2999.86 0.999512
1539100000 17875.3 -0.139553 2999.92 0.999376
1539200000 17875.3 -0.0391405 2999.9 0.999439
1539300000 17875.3 -0.296062 2999.95 0.999398
1539400000 17875.3 0.100151 2999.88 0.999532
1539500000 17875.3 -0.232221 2999.94 0.999381
1539600000 17875.3 -0.213179 2999.93 0.999378
1539700000 17875.3 -0.0770399 2999.91 0.999381
1539800000 17875.3 1.25434 2999.69 0.999794
1539900000 17875.3 -0.122117 2999.92 0.999386
1540000000 17875.3 -0.158968 2999.92 0.999411
1540100000 17875.3 0.468626 2999.82 0.999603
1540200000 17875.3 -0.226118 2999.94 0.999458
1540300000 17875.3 -0.180169 2999.93 0.99937
1540400000 17875.3 0.253577 2999.86 0.999529
1540500000 17875.3 -0.092289 2999.91 0.999453
1540600000 17875.3 -0.252653 2999.94 0.999465
1540700000 17875.3 -0.181842 2999.93 0.999371
1540800000 17875.3 0.455827 2999.82 0.999616
1540900000 17875.3 0.106333 2999.88 0.999512
1541000000 17875.3 -0.0514268 2999.91 0.999536
1541100000 17875.3 0.249989 2999.86 0.999512
1541200000 17875.3 -0.136547 2999.92 0.999391
1541300000 17875.3 -0.156902 2999.92 0.99938
1541400000 17875.3 -0.0944116 2999.91 0.999425
1541500000 17875.3 1.44618 2999.66 0.999774
1541600000 17875.3 0.104258 2999.88 0.99952
1541700000 17875.3 -0.159077 2999.92 0.999381
1541800000 17875.3 -0.318835 2999.95 0.999378
1541900000 17875.3 -0.210363 2999.93 0.999415
1542000000 17875.3 0.901332 2999.75 0.999715
1542100000 17875.3 -0.242762 2999.94 0.999459
1542200000 17875.3 -0.304969 2999.95 0.99936
1542300000 17875.3 -0.0724767 2999.91 0.999384
1542400000 17875.3 0.0328198 2999.89 0.999505
1542500000 17875.3 -0.223101 2999.94 0.999387
1542600000 17875.3 -0.278192 2999.94 0.999437
1542700000 17875.3 -0.238822 2999.94 0.999393
1542800000 17875.3 0.0913321 2999.88 0.999536
1542900000 17875.3 -0.182151 2999.93 0.999398
1543000000 17875.3 -0.238821 2999.94 0.999396
1543100000 17875.3 -0.140973 2999.92 0.999375
1543200000 17875.3 2.06278 2999.55 0.999914
1543300000 17875.3 0.572974 2999.8 0.999634
1543400000 17875.3 0.400239 2999.83 0.999549
1543500000 17875.3 0.291799 2999.85 0.999588
1543600000 17875.3 0.922235 2999.74 0.999783
1543700000 17875.3 2.68004 2999.45 1.00002
1543800000 17875.3 1.14627 2999.71 0.999704
1543900000 17875.3 -0.336565 2999.95 0.999386
1544000000 17875.3 -0.205675 2999.93 0.999368
1544100000 17875.3 -0.164212 2999.93 0.999374
1544200000 17875.3 -0.216219 2999.93 0.999474
1544300000 17875.3 1.45441 2999.65 0.999849
1544400000 17875.3 0.795269 2999.76 0.999643
1544500000 17875.3 -0.107406 2999.92 0.999431
1544600000 17875.3 0.167146 2999.87 0.999561
1544700000 17875.3 0.566356 2999.8 0.999703
1544800000 17875.3 0.347733 2999.84 0.999618
1544900000 17875.3 -0.0893306 2999.91 0.999384
1545000000 17875.3 -0.254169 2999.94 0.999448
1545100000 17875.3 -0.0871085 2999.91 0.999431
1545200000 17875.3 -0.23646 2999.94 0.999443
1545300000 17875.3 -0.207905 2999.93 0.999382
1545400000 17875.3 -0.209579 2999.93 0.999396
1545500000 17875.3 -0.208119 2999.93 0.99938
1545600000 17875.3 -0.0688828 2999.91 0.999435
1545700000 17875.3 -0.153031 2999.92 0.999391
1545800000 17875.3 -0.0104899 2999.9 0.999456
1545900000 17875.3 0.109829 2999.88 0.999501
1546000000 17875.3 -0.149998 2999.92 0.999388
1546100000 17875.3 -0.150864 2999.92 0.999408
1546200000 17875.3 -0.309367 2999.95 0.999387
1546300000 17875.3 -0.295272 2999.95 0.999424
1546400000 17875.3 -0.120958 2999.92 0.999379
1546500000 17875.3 -0.26202 2999.94 0.999375
1546600000 17875.3 -0.174719 2999.93 0.999439
1546700000 17875.3 -0.0474542 2999.91 0.999433
1546800000 17875.3 -0.268086 2999.94 0.999373
1546900000 17875.3 0.148634 2999.87 0.99952
1547000000 17875.3 -0.0698741 2999.91 0.999382
1547100000 17875.3 0.360252 2999.84 0.999606
1547200000 17875.3 -0.19937 2999.93 0.999425
1547300000 17875.3 0.394215 2999.83 0.999651
1547400000 17875.3 -0.159392 2999.92 0.999374
1547500000 17875.3 -0.192179 2999.93 0.999453
1547600000 17875.3 -0.166364 2999.93 0.99937
1547700000 17875.3 0.395147 2999.83 0.999615
1547800000 17875.3 -0.141557 2999.92 0.999448
1547900000 17875.3 -0.18761 2999.93 0.999395
1548000000 17875.3 0.22869 2999.86 0.999611
1548100000 17875.3 -0.343308 2999.96 0.999411
1548200000 17875.3 -0.255874 2999.94 0.999402
1548300000 17875.3 -0.125014 2999.92 0.999378
1548400000 17875.3 -0.339939 2999.96 0.999394
1548500000 17875.3 -0.286731 2999.95 0.999365
1548600000 17875.3 -0.221638 2999.94 0.999383
1548700000 17875.3 0.337844 2999.84 0.999573
1548800000 17875.3 -0.100542 2999.91 0.999432
1548900000 17875.3 -0.17209 2999.93 0.999419
1549000000 17875.3 -0.20679 2999.93 0.999416
1549100000 17875.3 -0.198515 2999.93 0.999385
1549200000 17875.3 -0.276439 2999.94 0.999438
1549300000 17875.3 -0.109067 2999.92 0.999477
1549400000 17875.3 0.165929 2999.87 0.999556
1549500000 17875.3 -0.142671 2999.92 0.999375
1549600000 17875.3 -0.201849 2999.93 0.999368
1549700000 17875.3 -0.0884842 2999.91 0.999465
1549800000 17875.3 -0.133483 2999.92 0.999382
1549900000 17875.3 -0.0886035 2999.91 0.999384
1550000000 17875.3 -0.162907 2999.93 0.999387
1550100000 17875.3 -0.139928 2999.92 0.999398
1550200000 17875.3 0.0626633 2999.89 0.999476
1550300000 17875.3 -0.348647 2999.96 0.999392
1550400000 17875.3 -0.171421 2999.93 0.999377
1550500000 17875.3 -0.228366 2999.94 0.99941
1550600000 17875.3 -0.278882 2999.94 0.9994
1550700000 17875.3 -0.0629547 2999.91 0.999465
1550800000 17875.3 -0.0130218 2999.9 0.99945
1550900000 17875.3 -0.272671 2999.94 0.999376
1551000000 17875.3 1.35457 2999.67 0.999887
1551100000 17875.3 -0.274713 2999.94 0.99943
1551200000 17875.3 -0.12471 2999.92 0.999376
1551300000 17875.3 -0.218815 2999.93 0.999379
1551400000 17875.3 -0.0897317 2999.91 0.99946
1551500000 17875.3 -0.274023 2999.94 0.999377
1551600000 17875.3 -0.121711 2999.92 0.99939
1551700000 17875.3 -0.0379712 2999.9 0.999508
1551800000 17875.3 -0.298373 2999.95 0.999406
1551900000 17875.3 0.145644 2999.87 0.999564
1552000000 17875.3 -0.204565 2999.93 0.999373
1552100000 17875.3 -0.0327531 2999.9 0.999476
1552200000 17875.3 -0.184738 2999.93 0.999402
1552300000 17875.3 -0.216916 2999.93 0.999427
1552400000 17875.3 0.0678836 2999.89 0.999539
1552500000 17875.3 0.42759 2999.83 0.999597
1552600000 17875.3 -0.0663681 2999.91 0.999383
1552700000 17875.3 0.105914 2999.88 0.999533
1552800000 17875.3 0.00530108 2999.9 0.999493
1552900000 17875.3 0.434292 2999.83 0.999661
1553000000 17875.3 -0.0213775 2999.9 0.999456
1553100000 17875.3 -0.0978109 2999.91 0.999379
1553200000 17875.3 -0.005125 2999.9 0.999453
1553300000 17875.3 -0.17461 2999.93 0.999373
1553400000 17875.3 -0.212246 2999.93 0.999395
1553500000 17875.3 -0.075281 2999.91 0.999519
1553600000 17875.3 -0.173389 2999.93 0.999392
1553700000 17875.3 -0.102843 2999.92 0.999445
1553800000 17875.3 -0.172926 2999.93 0.999383
1553900000 17875.3 0.195742 2999.87 0.999534
1554000000 17875.3 0.0166389 2999.9 0.999474
1554100000 17875.3 0.96288 2999.74 0.999711
1554200000 17875.3 0.412353 2999.83 0.999551
1554300000 17875.3 -0.0170523 2999.9 0.999466
1554400000 17875.3 -0.22157 2999.94 0.999392
1554500000 17875.3 -0.205549 2999.93 0.999473
1554600000 17875.3 0.0583505 2999.89 0.999589
1554700000 17875.3 -0.114579 2999.92 0.999462
1554800000 17875.3 -0.168195 2999.93 0.999369
1554900000 17875.3 0.550937 2999.81 0.999766
1555000000 17875.3 -0.0771887 2999.91 0.999457
1555100000 17875.3 0.869365 2999.75 0.999692
1555200000 17875.3 0.0291537 2999.89 0.999515
1555300000 17875.3 -0.204048 2999.93 0.999402
1555400000 17875.3 -0.135488 2999.92 0.999405
1555500000 17875.3 0.0659075 2999.89 0.999543
1555600000 17875.3 0.358829 2999.84 0.999592
1555700000 17875.3 0.729233 2999.78 0.999708
1555800000 17875.3 0.071971 2999.89 0.999471
1555900000 17875.3 0.349832 2999.84 0.999544
1556000000 17875.3 -0.177673 2999.93 0.9994
1556100000 17875.3 0.536625 2999.81 0.999773
1556200000 17875.3 -0.0945533 2999.91 0.999425
1556300000 17875.3 -0.117961 2999.92 0.999383
1556400000 17875.3 -0.190889 2999.93 0.999385
1556500000 17875.3 0.663125 2999.79 0.999714
1556600000 17875.3 -0.148251 2999.92 0.999378
1556700000 17875.3 -0.171536 2999.93 0.999388
1556800000 17875.3 -0.161634 2999.93 0.999382
1556900000 17875.3 -0.151322 2999.92 0.999446
1557000000 17875.3 0.333744 2999.84 0.999585
1557100000 17875.3 0.286886 2999.85 0.999541
1557200000 17875.3 -0.0834122 2999.91 0.999385
1557300000 17875.3 0.687838 2999.78 0.999711
1557400000 17875.3 -0.143859 2999.92 0.999375
1557500000 17875.3 -0.221429 2999.94 0.999443
1557600000 17875.3 -0.0970941 2999.91 0.999399
1557700000 17875.3 1.31596 2999.68 0.999745
1557800000 17875.3 0.21459 2999.86 0.999543
1557900000 17875.3 -0.0242172 2999.9 0.99939
1558000000 17875.3 0.0460855 2999.89 0.999512
1558100000 17875.3 -0.173186 2999.93 0.999389
1558200000 17875.3 -0.0114171 2999.9 0.999392
1558300000 17875.3 2.95447 2999.4 1.00014
1558400000 17875.3 -0.365134 2999.96 0.999372
1558500000 17875.3 -0.166913 2999.93 0.999408
1558600000 17875.3 -0.39104 2999.96 0.99941
1558700000 17875.3 2.23252 2999.52 0.999998
1558800000 17875.3 0.227194 2999.86 0.999523
1558900000 17875.3 -0.262343 2999.94 0.999372
1559000000 17875.3 -0.144184 2999.92 0.999409
1559100000 17875.3 -0.187044 2999.93 0.999507
1559200000 17875.3 -0.182967 2999.93 0.999385
1559300000 17875.3 0.244554 2999.86 0.999526
1559400000 17875.3 0.221882 2999.86 0.99955
1559500000 17875.3 -0.0132578 2999.9 0.999469
1559600000 17875.3 -0.225702 2999.94 0.999382
1559700000 17875.3 -0.210483 2999.93 0.999386
1559800000 17875.3 -0.287299 2999.95 0.999404
1559900000 17875.3 -0.146588 2999.92 0.999397
1560000000 17875.3 1.01405 2999.73 0.999778
1560100000 17875.3 -0.120048 2999.92 0.999434
1560200000 17875.3 -0.208585 2999.93 0.99941
1560300000 17875.3 -0.189822 2999.93 0.999403
1560400000 17875.3 -0.112286 2999.92 0.999468
1560500000 17875.3 -0.211949 2999.93 0.999367
1560600000 17875.3 -0.342432 2999.96 0.999421
1560700000 17875.3 0.0792971 2999.88 0.999542
1560800000 17875.3 -0.00243536 2999.9 0.999456
1560900000 17875.3 -0.0684401 2999.91 0.999447
1561000000 17875.3 -0.254008 2999.94 0.999406
1561100000 17875.3 4.7651 2999.1 1.00047
1561200000 17875.3 -0.157623 2999.92 0.999392
1561300000 17875.3 0.945205 2999.74 0.999667
1561400000 17875.3 -0.131307 2999.92 0.999382
1561500000 17875.3 -0.323566 2999.95 0.999423
1561600000 17875.3 -0.249402 2999.94 0.999409
1561700000 17875.3 -0.214262 2999.93 0.999376
1561800000 17875.3 -0.0637252 2999.91 0.999461
1561900000 17875.3 -0.222252 2999.94 0.999376
1562000000 17875.3 0.223867 2999.86 0.999513
1562100000 17875.3 -0.126895 2999.92 0.999463
1562200000 17875.3 1.46581 2999.65 0.999798
1562300000 17875.3 -0.111132 2999.92 0.999446
1562400000 17875.3 -0.208461 2999.93 0.999403
1562500000 17875.3 0.534165 2999.81 0.999668
1562600000 17875.3 0.936974 2999.74 0.999718
1562700000 17875.3 -0.159563 2999.92 0.99938
1562800000 17875.3 -0.225814 2999.94 0.999407
1562900000 17875.3 -0.120955 2999.92 0.999385
1563000000 17875.3 -0.225811 2999.94 0.999391
1563100000 17875.3 -0.195176 2999.93 0.999386
1563200000 17875.3 -0.367089 2999.96 0.999376
1563300000 17875.3 -0.192363 2999.93 0.999438
1563400000 17875.3 -0.161687 2999.93 0.999466
1563500000 17875.3 -0.117162 2999.92 0.999395
1563600000 17875.3 -0.181738 2999.93 0.999377
1563700000 17875.3 0.318291 2999.84 0.999531
1563800000 17875.3 0.0622898 2999.89 0.999524
1563900000 17875.3 0.406604 2999.83 0.999596
1564000000 17875.3 -0.137687 2999.92 0.999395
1564100000 17875.3 0.0162582 2999.9 0.999497
1564200000 17875.3 -0.210751 2999.93 0.999388
1564300000 17875.3 -0.115851 2999.92 0.999391
1564400000 17875.3 -0.0999315 2999.91 0.999445
1564500000 17875.3 -0.13544 2999.92 0.999386
1564600000 17875.3 0.247587 2999.86 0.999548
1564700000 17875.3 -0.114026 2999.92 0.99941
1564800000 17875.3 -0.145755 2999.92 0.999377
1564900000 17875.3 -0.143458 2999.92 0.999378
1565000000 17875.3 -0.233189 2999.94 0.999377
1565100000 17875.3 0.421262 2999.83 0.999591
1565200000 17875.3 -0.159357 2999.92 0.999378
1565300000 17875.3 -0.161279 2999.93 0.999429
1565400000 17875.3 -0.102656 2999.92 0.999523
1565500000 17875.3 -0.221072 2999.94 0.999381
1565600000 17875.3 -0.151841 2999.92 0.999387
1565700000 17875.3 0.436851 2999.82 0.999564
1565800000 17875.3 -0.12889 2999.92 0.999412
1565900000 17875.3 -0.146908 2999.92 0.999383
1566000000 17875.3 -0.00911746 2999.9 0.999489
1566100000 17875.3 -0.13233 2999.92 0.999382
1566200000 17875.3 1.62814 2999.62 0.999852
1566300000 17875.3 -0.0480783 2999.91 0.999489
1566400000 17875.3 -0.188814 2999.93 0.999381
1566500000 17875.3 -0.165591 2999.93 0.999464
1566600000 17875.3 0.0526788 2999.89 0.999572
1566700000 17875.3 -0.0767978 2999.91 0.999433
1566800000 17875.3 -0.100339 2999.91 0.999381
1566900000 17875.3 0.637179 2999.79 0.999681
1567000000 17875.3 -0.0328334 2999.9 0.999441
1567100000 17875.3 -0.137903 2999.92 0.999376
1567200000 17875.3 0.302196 2999.85 0.999554
1567300000 17875.3 -0.201393 2999.93 0.99938
1567400000 17875.3 -0.256756 2999.94 0.999453
1567500000 17875.3 -0.111183 2999.92 0.999435
1567600000 17875.3 -0.236589 2999.94 0.999368
1567700000 17875.3 -0.0843488 2999.91 0.99938
1567800000 17875.3 0.201159 2999.86 0.999558
1567900000 17875.3 -0.114991 2999.92 0.999378
1568000000 17875.3 -0.193323 2999.93 0.999417
1568100000 17875.3 -0.24497 2999.94 0.999383
1568200000 17875.3 -0.28907 2999.95 0.999457
1568300000 17875.3 -0.195927 2999.93 0.999438
1568400000 17875.3 0.836924 2999.76 0.999718
1568500000 17875.3 0.322079 2999.84 0.999528
1568600000 17875.3 -0.34664 2999.96 0.999415
1568700000 17875.3 0.35956 2999.84 0.999566
1568800000 17875.3 0.769961 2999.77 0.9997
1568900000 17875.3 -0.209122 2999.93 0.999401
1569000000 17875.3 0.340904 2999.84 0.999543
1569100000 17875.3 -0.149984 2999.92 0.99938
1569200000 17875.3 -0.188793 2999.93 0.999406
1569300000 17875.3 -0.0657789 2999.91 0.999524
1569400000 17875.3 0.027409 2999.89 0.999465
1569500000 17875.3 -0.165851 2999.93 0.999383
1569600000 17875.3 -0.225458 2999.94 0.999401
1569700000 17875.3 -0.14463 2999.92 0.999392
1569800000 17875.3 -0.216558 2999.93 0.999378
1569900000 17875.3 -0.128385 2999.92 0.999374
1570000000 17875.3 -0.300895 2999.95 0.99936
1570100000 17875.3 0.287484 2999.85 0.999547
1570200000 17875.3 -0.225042 2999.94 0.999413
1570300000 17875.3 0.410622 2999.83 0.999592
1570400000 17875.3 1.14781 2999.71 0.999798
1570500000 17875.3 -0.188184 2999.93 0.999382
1570600000 17875.3 -0.118864 2999.92 0.999462
1570700000 17875.3 -0.314895 2999.95 0.999411
1570800000 17875.3 -0.264062 2999.94 0.999371
1570900000 17875.3 0.608641 2999.8 0.999678
1571000000 17875.3 -0.0838506 2999.91 0.999438
1571100000 17875.3 -0.164729 2999.93 0.999513
1571200000 17875.3 -0.165663 2999.93 0.999377
1571300000 17875.3 -0.119961 2999.92 0.999405
1571400000 17875.3 -0.177197 2999.93 0.999376
1571500000 17875.3 -0.220893 2999.94 0.999379
1571600000 17875.3 -0.296001 2999.95 0.999373
1571700000 17875.3 -0.335913 2999.95 0.999412
1571800000 17875.3 -0.158674 2999.92 0.999386
1571900000 17875.3 -0.238134 2999.94 0.999426
1572000000 17875.3 1.07244 2999.72 0.999766
1572100000 17875.3 -0.0949042 2999.91 0.999399
1572200000 17875.3 0.123698 2999.88 0.999565
1572300000 17875.3 -0.370785 2999.96 0.999408
1572400000 17875.3 -0.0665764 2999.91 0.999492
1572500000 17875.3 -0.0700437 2999.91 0.999434
1572600000 17875.3 -0.0838582 2999.91 0.999385
1572700000 17875.3 -0.0709581 2999.91 0.999465
1572800000 17875.3 -0.0709744 2999.91 0.999432
1572900000 17875.3 -0.204703 2999.93 0.999411
1573000000 17875.3 -0.242108 2999.94 0.999377
1573100000 17875.3 -0.240212 2999.94 0.999416
1573200000 17875.3 -0.143151 2999.92 0.99942
1573300000 17875.3 -0.316354 2999.95 0.99938
1573400000 17875.3 -0.16081 2999.93 0.999373
1573500000 17875.3 -0.216177 2999.93 0.999458
1573600000 17875.3 -0.153457 2999.92 0.999441
1573700000 17875.3 0.512383 2999.81 0.999702
1573800000 17875.3 -0.0746192 2999.91 0.999382
1573900000 17875.3 -0.0904321 2999.91 0.99938
1574000000 17875.3 0.550807 2999.81 0.99959
1574100000 17875.3 -0.0999895 2999.91 0.999379
1574200000 17875.3 -0.0520074 2999.91 0.99942
1574300000 17875.3 -0.135738 2999.92 0.999376
1574400000 17875.3 3.41166 2999.33 1.00011
1574500000 17875.3 -0.0895818 2999.91 0.999414
1574600000 17875.3 0.0626264 2999.89 0.999546
1574700000 17875.3 -0.229537 2999.94 0.999387
1574800000 17875.3 -0.123435 2999.92 0.999376
1574900000 17875.3 -0.0813807 2999.91 0.999525
1575000000 17875.3 -0.098036 2999.91 0.999422
1575100000 17875.3 0.392719 2999.83 0.999674
1575200000 17875.3 0.214731 2999.86 0.999519
1575300000 17875.3 -0.143225 2999.92 0.999394
1575400000 17875.3 0.721795 2999.78 0.999638
1575500000 17875.3 0.903643 2999.75 0.999738
1575600000 17875.3 0.784896 2999.77 0.999658
1575700000 17875.3 -0.00116481 2999.9 0.999464
1575800000 17875.3 0.100938 2999.88 0.999541
1575900000 17875.3 -0.058341 2999.91 0.999415
1576000000 17875.3 0.890259 2999.75 0.999725
1576100000 17875.3 0.460649 2999.82 0.999589
1576200000 17875.3 -0.029475 2999.9 0.999449
1576300000 17875.3 -0.143076 2999.92 0.999392
1576400000 17875.3 -0.109229 2999.92 0.999382
1576500000 17875.3 -0.0825138 2999.91 0.999549
1576600000 17875.3 -0.277318 2999.94 0.999388
1576700000 17875.3 0.133425 2999.88 0.999509
1576800000 17875.3 0.816645 2999.76 0.999762
1576900000 17875.3 -0.321677 2999.95 0.999405
1577000000 17875.3 -0.138936 2999.92 0.999396
1577100000 17875.3 0.270058 2999.85 0.99956
1577200000 17875.3 -0.256814 2999.94 0.999394
1577300000 17875.3 -0.240227 2999.94 0.999392
1577400000 17875.3 -0.0969662 2999.91 0.999394
1577500000 17875.3 1.09172 2999.71 0.999739
1577600000 17875.3 0.209227 2999.86 0.999623
1577700000 17875.3 0.874537 2999.75 0.999665
1577800000 17875.3 1.2886 2999.68 0.999888
1577900000 17875.3 -0.27701 2999.94 0.999401
1578000000 17875.3 0.191191 2999.87 0.99957
1578100000 17875.3 -0.331679 2999.95 0.999414
1578200000 17875.3 -0.237142 2999.94 0.999384
1578300000 17875.3 -0.0874289 2999.91 0.999489
1578400000 17875.3 0.0761716 2999.89 0.999471
1578500000 17875.3 2.15355 2999.54 0.999938
1578600000 17875.3 -0.204423 2999.93 0.999388
1578700000 17875.3 -0.195557 2999.93 0.999447
1578800000 17875.3 -0.132709 2999.92 0.999379
1578900000 17875.3 -0.206709 2999.93 0.999381
1579000000 17875.3 0.0426777 2999.89 0.999472
1579100000 17875.3 -0.115931 2999.92 0.999386
1579200000 17875.3 -0.387683 2999.96 0.9994
1579300000 17875.3 0.0126068 2999.9 0.999466
1579400000 17875.3 -0.08315 2999.91 0.999416
1579500000 17875.3 -0.241483 2999.94 0.999421
1579600000 17875.3 -0.220602 2999.94 0.999379
1579700000 17875.3 -0.0829781 2999.91 0.999428
1579800000 17875.3 -0.200718 2999.93 0.999387
1579900000 17875.3 -0.241554 2999.94 0.999417
1580000000 17875.3 -0.189459 2999.93 0.999386
1580100000 17875.3 -0.0596022 2999.91 0.999384
1580200000 17875.3 0.226438 2999.86 0.999523
1580300000 17875.3 0.00409664 2999.9 0.999547
1580400000 17875.3 0.00795896 2999.9 0.999559
1580500000 17875.3 2.14724 2999.54 0.999943
1580600000 17875.3 0.381456 2999.83 0.999619
1580700000 17875.3 -0.10407 2999.92 0.999523
1580800000 17875.3 -0.0640954 2999.91 0.999472
1580900000 17875.3 -0.265456 2999.94 0.999426
1581000000 17875.3 -0.153749 2999.92 0.999375
1581100000 17875.3 0.33853 2999.84 0.99954
1581200000 17875.3 -0.0892172 2999.91 0.999457
1581300000 17875.3 -0.199761 2999.93 0.999449
1581400000 17875.3 0.498819 2999.81 0.999572
1581500000 17875.3 -0.168536 2999.93 0.999452
1581600000 17875.3 -0.207282 2999.93 0.999455
1581700000 17875.3 -0.419628 2999.97 0.999413
1581800000 17875.3 0.114698 2999.88 0.999501
1581900000 17875.3 0.0354 2999.89 0.999474
1582000000 17875.3 -0.118821 2999.92 0.999379
1582100000 17875.3 0.383472 2999.83 0.999622
1582200000 17875.3 -0.153749 2999.92 0.99938
1582300000 17875.3 -0.210564 2999.93 0.999446
1582400000 17875.3 -0.205282 2999.93 0.999409
1582500000 17875.3 1.12243 2999.71 0.999787
1582600000 17875.3 -0.108803 2999.92 0.999379
1582700000 17875.3 -0.199633 2999.93 0.999507
1582800000 17875.3 2.77824 2999.43 1.00001
1582900000 17875.3 0.0762908 2999.89 0.999503
1583000000 17875.3 -0.27416 2999.94 0.999393
1583100000 17875.3 0.684028 2999.78 0.999699
1583200000 17875.3 -0.288234 2999.95 0.999434
1583300000 17875.3 -0.0649451 2999.91 0.999384
1583400000 17875.3 2.6488 2999.45 1
1583500000 17875.3 -0.200476 2999.93 0.99941
1583600000 17875.3 -0.258526 2999.94 0.99943
1583700000 17875.3 5.24853 2999.02 1.00039
1583800000 17875.3 2.23575 2999.52 1.00007
1583900000 17875.3 0.0298914 2999.89 0.999565
1584000000 17875.3 -0.174205 2999.93 0.999373
1584100000 17875.3 -0.109166 2999.92 0.999412
1584200000 17875.3 1.02294 2999.73 0.999713
1584300000 17875.3 -0.176333 2999.93 0.999389
1584400000 17875.3 -0.26679 2999.94 0.999451
1584500000 17875.3 0.195345 2999.87 0.999576
1584600000 17875.3 -0.269714 2999.94 0.999371
1584700000 17875.3 -0.188371 2999.93 0.999394
1584800000 17875.3 -0.127809 2999.92 0.999496
1584900000 17875.3 -0.0995455 2999.91 0.999478
1585000000 17875.3 -0.119728 2999.92 0.999378
1585100000 17875.3 -0.100717 2999.92 0.999383
1585200000 17875.3 2.53428 2999.47 1.00017
1585300000 17875.3 -0.187783 2999.93 0.999401
1585400000 17875.3 -0.126784 2999.92 0.999381
1585500000 17875.3 -0.156965 2999.92 0.999397
1585600000 17875.3 -0.329548 2999.95 0.999408
1585700000 17875.3 -0.145883 2999.92 0.999404
1585800000 17875.3 -0.0890145 2999.91 0.99938
1585900000 17875.3 0.656804 2999.79 0.99962
1586000000 17875.3 -0.141352 2999.92 0.999374
1586100000 17875.3 -0.133203 2999.92 0.999372
1586200000 17875.3 -0.159552 2999.92 0.999379
1586300000 17875.3 0.484799 2999.82 0.999712
1586400000 17875.3 -0.0266558 2999.9 0.999429
1586500000 17875.3 0.254927 2999.86 0.999613
1586600000 17875.3 -0.193528 2999.93 0.999383
1586700000 17875.3 0.0111835 2999.9 0.99945
1586800000 17875.3 -0.315621 2999.95 0.999383
1586900000 17875.3 -0.118417 2999.92 0.999427
1587000000 17875.3 0.268519 2999.85 0.999611
1587100000 17875.3 -0.221431 2999.94 0.999405
1587200000 17875.3 0.80644 2999.76 0.999651
1587300000 17875.3 -0.0493172 2999.91 0.999466
1587400000 17875.3 0.379411 2999.83 0.999648
1587500000 17875.3 -0.269639 2999.94 0.999433
1587600000 17875.3 -0.111719 2999.92 0.99938
1587700000 17875.3 2.39459 2999.5 1.0001
1587800000 17875.3 -0.172837 2999.93 0.999429
1587900000 17875.3 -0.121064 2999.92 0.99945
1588000000 17875.3 -0.0322729 2999.9 0.99939
1588100000 17875.3 -0.217347 2999.93 0.999437
1588200000 17875.3 -0.139529 2999.92 0.99943
1588300000 17875.3 -0.256039 2999.94 0.999391
1588400000 17875.3 -0.077834 2999.91 0.999385
1588500000 17875.3 -0.188855 2999.93 0.999421
1588600000 17875.3 -0.267935 2999.94 0.999468
1588700000 17875.3 -0.28918 2999.95 0.999413
1588800000 17875.3 -0.133972 2999.92 0.999387
1588900000 17875.3 -0.168064 2999.93 0.999442
1589000000 17875.3 0.198745 2999.86 0.999535
1589100000 17875.3 0.318083 2999.84 0.999583
1589200000 17875.3 -0.194386 2999.93 0.999396
1589300000 17875.3 0.599054 2999.8 0.99962
1589400000 17875.3 0.0462395 2999.89 0.999499
1589500000 17875.3 -0.172086 2999.93 0.999401
1589600000 17875.3 -0.316591 2999.95 0.999388
1589700000 17875.3 -0.104208 2999.92 0.999379
1589800000 17875.3 -0.111284 2999.92 0.999473
1589900000 17875.3 1.52816 2999.64 0.999862
1590000000 17875.3 0.150536 2999.87 0.99951
1590100000 17875.3 2.93941 2999.4 1.00015
1590200000 17875.3 -0.0527004 2999.91 0.999449
1590300000 17875.3 -0.299202 2999.95 0.999474
1590400000 17875.3 -0.133817 2999.92 0.999416
1590500000 17875.3 -0.306702 2999.95 0.99938
1590600000 17875.3 -0.127803 2999.92 0.999376
1590700000 17875.3 -0.137479 2999.92 0.999376
1590800000 17875.3 -0.230921 2999.94 0.99939
1590900000 17875.3 -0.181494 2999.93 0.999376
1591000000 17875.3 -0.171105 2999.93 0.999384
1591100000 17875.3 -0.16946 2999.93 0.999401
1591200000 17875.3 0.654532 2999.79 0.999806
1591300000 17875.3 -0.122623 2999.92 0.999406
1591400000 17875.3 -0.0300161 2999.9 0.999479
1591500000 17875.3 0.224632 2999.86 0.99961
1591600000 17875.3 0.192762 2999.87 0.999497
1591700000 17875.3 0.0101126 2999.9 0.999472
1591800000 17875.3 -0.263711 2999.94 0.999377
1591900000 17875.3 -0.17421 2999.93 0.999388
1592000000 17875.3 0.168263 2999.87 0.999592
1592100000 17875.3 -0.0193017 2999.9 0.999494
1592200000 17875.3 -0.0269937 2999.9 0.999516
1592300000 17875.3 0.205896 2999.86 0.999569
1592400000 17875.3 1.19915 2999.7 0.999913
1592500000 17875.3 -0.106769 2999.92 0.999468
1592600000 17875.3 -0.289195 2999.95 0.999424
1592700000 17875.3 -0.042128 2999.91 0.999387
1592800000 17875.3 -0.199972 2999.93 0.999389
1592900000 17875.3 -0.118184 2999.92 0.999379
1593000000 17875.3 0.0292425 2999.89 0.999535
1593100000 17875.3 -0.101346 2999.92 0.999377
1593200000 17875.3 -0.147005 2999.92 0.999417
1593300000 17875.3 0.0282151 2999.89 0.999535
1593400000 17875.3 -0.153168 2999.92 0.999399
1593500000 17875.3 -0.213082 2999.93 0.999414
1593600000 17875.3 -0.162965 2999.93 0.999386
1593700000 17875.3 0.0246527 2999.89 0.99947
1593800000 17875.3 0.509781 2999.81 0.999598
1593900000 17875.3 0.799232 2999.76 0.999637
1594000000 17875.3 0.826088 2999.76 0.999749
1594100000 17875.3 -0.397193 2999.96 0.999393
1594200000 17875.3 -0.135178 2999.92 0.999407
1594300000 17875.3 0.0422253 2999.89 0.999492
1594400000 17875.3 -0.196613 2999.93 0.999387
1594500000 17875.3 0.0250329 2999.89 0.999474
1594600000 17875.3 0.0135319 2999.9 0.999446
1594700000 17875.3 -0.152966 2999.92 0.999408
1594800000 17875.3 -0.110528 2999.92 0.999402
1594900000 17875.3 0.0355741 2999.89 0.999532
1595000000 17875.3 -0.120795 2999.92 0.999435
1595100000 17875.3 -0.237978 2999.94 0.999385
1595200000 17875.3 -0.197927 2999.93 0.99939
1595300000 17875.3 1.93118 2999.57 0.999878
1595400000 17875.3 -0.256944 2999.94 0.999498
1595500000 17875.3 -0.0246815 2999.9 0.999494
1595600000 17875.3 -0.260526 2999.94 0.999431
1595700000 17875.3 -0.145079 2999.92 0.999382
1595800000 17875.3 0.577555 2999.8 0.999656
1595900000 17875.3 0.687141 2999.78 0.999689
1596000000 17875.3 0.319183 2999.84 0.999603
1596100000 17875.3 -0.183358 2999.93 0.999471
1596200000 17875.3 -0.133695 2999.92 0.999375
1596300000 17875.3 -0.190076 2999.93 0.999382
1596400000 17875.3 -0.0925845 2999.91 0.999384
1596500000 17875.3 -0.0513998 2999.91 0.999448
1596600000 17875.3 -0.160043 2999.92 0.999375
1596700000 17875.3 -0.108493 2999.92 0.999382
1596800000 17875.3 -0.0870248 2999.91 0.999456
1596900000 17875.3 -0.179461 2999.93 0.999374
1597000000 17875.3 0.0188924 2999.89 0.999475
1597100000 17875.3 -0.165259 2999.93 0.999399
1597200000 17875.3 -0.357879 2999.96 0.999368
1597300000 17875.3 0.0194189 2999.89 0.999455
1597400000 17875.3 -0.133001 2999.92 0.999389
1597500000 17875.3 -0.167518 2999.93 0.999484
1597600000 17875.3 -0.148465 2999.92 0.999465
1597700000 17875.3 -0.0594331 2999.91 0.999384
1597800000 17875.3 0.374503 2999.84 0.999649
1597900000 17875.3 0.1362 2999.88 0.999516
1598000000 17875.3 -0.0820635 2999.91 0.999428
1598100000 17875.3 0.0386671 2999.89 0.999592
1598200000 17875.3 0.313779 2999.85 0.99956
1598300000 17875.3 -0.127531 2999.92 0.999421
1598400000 17875.3 -0.134984 2999.92 0.999373
1598500000 17875.3 -0.0539831 2999.91 0.999466
1598600000 17875.3 -0.0413031 2999.91 0.999387
1598700000 17875.3 0.040085 2999.89 0.999578
1598800000 17875.3 0.109905 2999.88 0.999477
1598900000 17875.3 -0.0619437 2999.91 0.999468
1599000000 17875.3 1.99417 2999.56 1.00009
1599100000 17875.3 0.560169 2999.8 0.999628
1599200000 17875.3 -0.175137 2999.93 0.999383
1599300000 17875.3 -0.164707 2999.93 0.999369
1599400000 17875.3 -0.249663 2999.94 0.999384
1599500000 17875.3 0.45705 2999.82 0.999686
1599600000 17875.3 -0.242296 2999.94 0.999467
1599700000 17875.3 -0.0431717 2999.91 0.999387
1599800000 17875.3 -0.206313 2999.93 0.999371
1599900000 17875.3 -0.0496177 2999.91 0.999432
1600000000 17875.3 0.764633 2999.77 0.999687
1600100000 17875.3 -0.0157798 2999.9 0.999392
1600200000 17875.3 0.425984 2999.83 0.999593
1600300000 17875.3 1.8662 2999.58 0.999869
1600400000 17875.3 -0.256247 2999.94 0.99943
1600500000 17875.3 -0.0743513 2999.91 0.999519
1600600000 17875.3 0.128622 2999.88 0.999514
1600700000 17875.3 -0.190595 2999.93 0.999498
1600800000 17875.3 -0.102288 2999.92 0.999389
1600900000 17875.3 -0.0335207 2999.9 0.999497
1601000000 17875.3 -0.0807186 2999.91 0.999382
1601100000 17875.3 2.05613 2999.55 1.00001
1601200000 17875.3 -0.0377472 2999.9 0.99953
1601300000 17875.3 0.123664 2999.88 0.999507
1601400000 17875.3 -0.259584 2999.94 0.999401
1601500000 17875.3 -0.0820991 2999.91 0.999465
1601600000 17875.3 0.26502 2999.85 0.999524
1601700000 17875.3 0.368567 2999.84 0.99956
1601800000 17875.3 -0.292718 2999.95 0.999396
1601900000 17875.3 -0.311603 2999.95 0.999389
1602000000 17875.3 -0.171182 2999.93 0.99937
1602100000 17875.3 -0.291425 2999.95 0.999412
1602200000 17875.3 -0.241834 2999.94 0.99938
1602300000 17875.3 0.733392 2999.78 0.99975
1602400000 17875.3 -0.266661 2999.94 0.999384
1602500000 17875.3 -0.176793 2999.93 0.999391
1602600000 17875.3 0.0553371 2999.89 0.999463
1602700000 17875.3 -0.0672558 2999.91 0.999467
1602800000 17875.3 -0.184084 2999.93 0.99937
1602900000 17875.3 0.165182 2999.87 0.999571
1603000000 17875.3 -0.200357 2999.93 0.999385
1603100000 17875.3 0.431552 2999.83 0.999596
1603200000 17875.3 -0.234838 2999.94 0.999421
1603300000 17875.3 -0.104519 2999.92 0.999482
1603400000 17875.3 0.218571 2999.86 0.999534
1603500000 17875.3 -0.171977 2999.93 0.999419
1603600000 17875.3 0.453962 2999.82 0.999581
1603700000 17875.3 1.33635 2999.67 0.99979
1603800000 17875.3 -0.175044 2999.93 0.999388
1603900000 17875.3 -0.206907 2999.93 0.9994
1604000000 17875.3 -0.187127 2999.93 0.999455
1604100000 17875.3 -0.131798 2999.92 0.999386
1604200000 17875.3 -0.265421 2999.94 0.999375
1604300000 17875.3 1.64842 2999.62 0.999881
1604400000 17875.3 1.47508 2999.65 0.999804
1604500000 17875.3 0.759767 2999.77 0.999689
1604600000 17875.3 -0.234411 2999.94 0.999385
1604700000 17875.3 -0.166267 2999.93 0.999445
1604800000 17875.3 0.0745676 2999.89 0.999516
1604900000 17875.3 -0.0206456 2999.9 0.999459
1605000000 17875.3 -0.275532 2999.94 0.999436
1605100000 17875.3 -0.172122 2999.93 0.999379
1605200000 17875.3 -0.146438 2999.92 0.999409
1605300000 17875.3 0.685737 2999.78 0.99966
1605400000 17875.3 -0.0641967 2999.91 0.99945
1605500000 17875.3 -0.319029 2999.95 0.999415
1605600000 17875.3 -0.337266 2999.95 0.999461
1605700000 17875.3 -0.345826 2999.96 0.999376
1605800000 17875.3 -0.215146 2999.93 0.999368
1605900000 17875.3 0.0159283 2999.9 0.999501
1606000000 17875.3 -0.105168 2999.92 0.999379
1606100000 17875.3 -0.206574 2999.93 0.999463
1606200000 17875.3 -0.208102 2999.93 0.999392
1606300000 17875.3 -0.252294 2999.94 0.999413
1606400000 17875.3 -0.283597 2999.95 0.999412
1606500000 17875.3 -0.251121 2999.94 0.999402
1606600000 17875.3 -0.391881 2999.96 0.999392
1606700000 17875.3 0.797608 2999.76 0.999784
1606800000 17875.3 -0.316549 2999.95 0.999365
1606900000 17875.3 0.968967 2999.74 0.99984
1607000000 17875.3 -0.0608748 2999.91 0.99949
1607100000 17875.3 0.00276045 2999.9 0.999488
1607200000 17875.3 -0.115561 2999.92 0.999404
1607300000 17875.3 1.48316 2999.65 0.99988
1607400000 17875.3 -0.303769 2999.95 0.999367
1607500000 17875.3 0.169381 2999.87 0.999537
1607600000 17875.3 -0.0279145 2999.9 0.999554
1607700000 17875.3 -0.269956 2999.94 0.999455
1607800000 17875.3 -0.183582 2999.93 0.999425
1607900000 17875.3 0.463584 2999.82 0.99962
1608000000 17875.3 -0.133624 2999.92 0.999466
1608100000 17875.3 -0.240344 2999.94 0.999376
1608200000 17875.3 0.00926023 2999.9 0.999521
1608300000 17875.3 -0.124818 2999.92 0.999449
1608400000 17875.3 0.132298 2999.88 0.999618
1608500000 17875.3 -0.0916628 2999.91 0.999405
1608600000 17875.3 0.948024 2999.74 0.999687
1608700000 17875.3 1.04456 2999.72 0.9997
1608800000 17875.3 -0.261585 2999.94 0.999419
1608900000 17875.3 2.77607 2999.43 1.0002
1609000000 17875.3 -0.122777 2999.92 0.999383
1609100000 17875.3 -0.0477115 2999.91 0.999434
1609200000 17875.3 0.197956 2999.86 0.999638
1609300000 17875.3 0.325188 2999.84 0.999574
1609400000 17875.3 1.57975 2999.63 0.999885
1609500000 17875.3 -0.215415 2999.93 0.999405
1609600000 17875.3 -0.353926 2999.96 0.999378
1609700000 17875.3 -0.0274541 2999.9 0.999489
1609800000 17875.3 0.0452515 2999.89 0.999466
1609900000 17875.3 0.850072 2999.76 0.999674
1610000000 17875.3 -0.0589606 2999.91 0.999387
1610100000 17875.3 -0.146462 2999.92 0.999417
1610200000 17875.3 0.0491164 2999.89 0.999568
1610300000 17875.3 -0.256804 2999.94 0.999367
1610400000 17875.3 -0.0714418 2999.91 0.999477
1610500000 17875.3 -0.132462 2999.92 0.999381
1610600000 17875.3 -0.169548 2999.93 0.999372
1610700000 17875.3 -0.128128 2999.92 0.999433
1610800000 17875.3 -0.131248 2999.92 0.999453
1610900000 17875.3 0.295609 2999.85 0.999536
1611000000 17875.3 -0.270882 2999.94 0.999377
1611100000 17875.3 -0.14363 2999.92 0.999381
1611200000 17875.3 -0.159187 2999.92 0.999408
1611300000 17875.3 -0.265358 2999.94 0.999381
1611400000 17875.3 0.66463 2999.79 0.999632
1611500000 17875.3 -0.108914 2999.92 0.999433
1611600000 17875.3 -0.164168 2999.93 0.999379
1611700000 17875.3 -0.0298224 2999.9 0.999457
1611800000 17875.3 0.240749 2999.86 0.999541
1611900000 17875.3 -0.225785 2999.94 0.999394
1612000000 17875.3 1.47839 2999.65 0.999851
1612100000 17875.3 -0.05744 2999.91 0.999435
1612200000 17875.3 -0.17902 2999.93 0.999431
1612300000 17875.3 0.187225 2999.87 0.99957
1612400000 17875.3 -0.101409 2999.92 0.999386
1612500000 17875.3 -0.0644507 2999.91 0.999466
1612600000 17875.3 -0.184918 2999.93 0.999396
1612700000 17875.3 0.0838104 2999.88 0.999495
1612800000 17875.3 1.03943 2999.72 0.999694
1612900000 17875.3 0.300461 2999.85 0.99957
1613000000 17875.3 -0.165882 2999.93 0.99944
1613100000 17875.3 0.453016 2999.82 0.999557
1613200000 17875.3 -0.058557 2999.91 0.999386
1613300000 17875.3 0.871274 2999.75 0.999778
1613400000 17875.3 -0.193192 2999.93 0.999374
1613500000 17875.3 0.0457419 2999.89 0.999511
1613600000 17875.3 2.07644 2999.55 0.999964
1613700000 17875.3 0.207935 2999.86 0.999563
1613800000 17875.3 1.80102 2999.6 0.999843
1613900000 17875.3 -0.191224 2999.93 0.999402
1614000000 17875.3 0.822747 2999.76 0.999681
1614100000 17875.3 -0.103776 2999.92 0.999433
1614200000 17875.3 -0.264268 2999.94 0.999372
1614300000 17875.3 0.472653 2999.82 0.999586
1614400000 17875.3 -0.025214 2999.9 0.999477
1614500000 17875.3 0.215852 2999.86 0.999522
1614600000 17875.3 -0.257202 2999.94 0.999386
1614700000 17875.3 0.0252425 2999.89 0.999455
1614800000 17875.3 0.0367641 2999.89 0.999487
1614900000 17875.3 0.113482 2999.88 0.999542
1615000000 17875.3 0.0996781 2999.88 0.999497
1615100000 17875.3 0.695154 2999.78 0.999672
1615200000 17875.3 -0.221778 2999.94 0.999367
1615300000 17875.3 -0.126289 2999.92 0.999415
1615400000 17875.3 -0.428918 2999.97 0.999383
1615500000 17875.3 -0.112951 2999.92 0.999378
1615600000 17875.3 -0.168428 2999.93 0.999386
1615700000 17875.3 -0.0133021 2999.9 0.99947
1615800000 17875.3 -0.0951503 2999.91 0.999395
1615900000 17875.3 0.0921855 2999.88 0.999527
1616000000 17875.3 0.287371 2999.85 0.999571
1616100000 17875.3 -0.155415 2999.92 0.999392
1616200000 17875.3 -0.0916717 2999.91 0.999449
1616300000 17875.3 -0.150412 2999.92 0.999414
1616400000 17875.3 -0.207854 2999.93 0.999425
1616500000 17875.3 -0.203701 2999.93 0.999416
1616600000 17875.3 -0.125168 2999.92 0.999437
1616700000 17875.3 1.37492 2999.67 0.99985
1616800000 17875.3 -0.101118 2999.92 0.999477
1616900000 17875.3 -0.0821483 2999.91 0.999457
1617000000 17875.3 -0.156067 2999.92 0.999381
1617100000 17875.3 -0.303678 2999.95 0.999381
1617200000 17875.3 0.4757 2999.82 0.999592
1617300000 17875.3 2.14183 2999.54 0.999928
1617400000 17875.3 0.424008 2999.83 0.99964
1617500000 17875.3 -0.151595 2999.92 0.999442
1617600000 17875.3 -0.113606 2999.92 0.999453
1617700000 17875.3 -0.231624 2999.94 0.999369
1617800000 17875.3 -0.204622 2999.93 0.999375
1617900000 17875.3 -0.340842 2999.96 0.999503
1618000000 17875.3 0.521414 2999.81 0.999657
1618100000 17875.3 0.496406 2999.81 0.999595
1618200000 17875.3 -0.141123 2999.92 0.999377
1618300000 17875.3 -0.206212 2999.93 0.999394
1618400000 17875.3 -0.318037 2999.95 0.99943
1618500000 17875.3 -0.239542 2999.94 0.99938
1618600000 17875.3 0.496368 2999.81 0.99959
1618700000 17875.3 -0.165804 2999.93 0.999393
1618800000 17875.3 -0.0605083 2999.91 0.999445
1618900000 17875.3 -0.2084 2999.93 0.999448
1619000000 17875.3 0.108752 2999.88 0.9996
1619100000 17875.3 -0.220178 2999.94 0.999444
1619200000 17875.3 -0.203312 2999.93 0.999423
1619300000 17875.3 -0.00256842 2999.9 0.999517
1619400000 17875.3 -0.222599 2999.94 0.99943
1619500000 17875.3 0.0568258 2999.89 0.999562
1619600000 17875.3 -0.13186 2999.92 0.999473
1619700000 17875.3 -0.270281 2999.94 0.999401
1619800000 17875.3 -0.118802 2999.92 0.999379
1619900000 17875.3 -0.187347 2999.93 0.999379
1620000000 17875.3 0.714644 2999.78 0.999711
1620100000 17875.3 -0.137492 2999.92 0.999397
1620200000 17875.3 -0.202634 2999.93 0.999397
1620300000 17875.3 -0.112511 2999.92 0.999387
1620400000 17875.3 -0.131692 2999.92 0.999396
1620500000 17875.3 -0.313799 2999.95 0.999396
1620600000 17875.3 -0.112416 2999.92 0.999406
1620700000 17875.3 -0.253344 2999.94 0.999401
1620800000 17875.3 0.094556 2999.88 0.999545
1620900000 17875.3 -0.259851 2999.94 0.999453
1621000000 17875.3 -0.130836 2999.92 0.999385
1621100000 17875.3 0.0384682 2999.89 0.999462
1621200000 17875.3 -0.206187 2999.93 0.999384
1621300000 17875.3 -0.300776 2999.95 0.999383
1621400000 17875.3 0.250243 2999.86 0.999593
1621500000 17875.3 0.189759 2999.87 0.999552
1621600000 17875.3 -0.0998953 2999.91 0.999381
1621700000 17875.3 -0.229197 2999.94 0.999394
1621800000 17875.3 -0.122235 2999.92 0.999377
1621900000 17875.3 -0.321222 2999.95 0.999416
1622000000 17875.3 -0.0734535 2999.91 0.999406
1622100000 17875.3 1.0191 2999.73 0.999734
1622200000 17875.3 0.264039 2999.85 0.999622
1622300000 17875.3 0.118707 2999.88 0.99958
1622400000 17875.3 -0.303178 2999.95 0.999389
1622500000 17875.3 2.79259 2999.43 1.00021
1622600000 17875.3 -0.325343 2999.95 0.999412
1622700000 17875.3 -0.136877 2999.92 0.99938
1622800000 17875.3 -0.144119 2999.92 0.999376
1622900000 17875.3 0.517711 2999.81 0.999635
1623000000 17875.3 -0.219889 2999.94 0.999402
1623100000 17875.3 0.0404527 2999.89 0.999508
1623200000 17875.3 -0.155229 2999.92 0.999403
1623300000 17875.3 -0.160739 2999.93 0.999376
1623400000 17875.3 -0.219937 2999.94 0.999409
1623500000 17875.3 -0.1608 2999.93 0.999373
1623600000 17875.3 -0.145828 2999.92 0.999384
1623700000 17875.3 -0.156155 2999.92 0.999439
1623800000 17875.3 -0.224867 2999.94 0.999381
1623900000 17875.3 -0.14997 2999.92 0.999393
1624000000 17875.3 0.0425263 2999.89 0.999469
1624100000 17875.3 -0.0674617 2999.91 0.999502
1624200000 17875.3 0.0263462 2999.89 0.999474
1624300000 17875.3 -0.100908 2999.92 0.999419
1624400000 17875.3 -0.316831 2999.95 0.999419
1624500000 17875.3 0.537887 2999.81 0.999709
1624600000 17875.3 -0.133356 2999.92 0.999379
1624700000 17875.3 0.184077 2999.87 0.999621
1624800000 17875.3 -0.153043 2999.92 0.999388
1624900000 17875.3 -0.0794833 2999.91 0.999444
1625000000 17875.3 0.812464 2999.76 0.999674
1625100000 17875.3 -0.0688288 2999.91 0.999439
1625200000 17875.3 0.0774832 2999.89 0.999474
1625300000 17875.3 -0.123224 2999.92 0.999382
1625400000 17875.3 -0.17001 2999.93 0.999395
1625500000 17875.3 -0.00109599 2999.9 0.999507
1625600000 17875.3 0.0588597 2999.89 0.999504
1625700000 17875.3 -0.13559 2999.92 0.999376
1625800000 17875.3 -0.224665 2999.94 0.999394
1625900000 17875.3 0.262784 2999.85 0.99952
1626000000 17875.3 -0.201714 2999.93 0.999376
1626100000 17875.3 0.0622958 2999.89 0.999583
1626200000 17875.3 0.296722 2999.85 0.999587
1626300000 17875.3 -0.0942029 2999.91 0.999428
1626400000 17875.3 1.36838 2999.67 0.999794
1626500000 17875.3 0.394162 2999.83 0.999586
1626600000 17875.3 -0.146486 2999.92 0.999376
1626700000 17875.3 1.2143 2999.69 0.999749
1626800000 17875.3 0.44251 2999.82 0.999564
1626900000 17875.3 -0.218399 2999.93 0.999369
1627000000 17875.3 0.207664 2999.86 0.999574
1627100000 17875.3 -0.133522 2999.92 0.999381
1627200000 17875.3 -0.217313 2999.93 0.999467
1627300000 17875.3 -0.314176 2999.95 0.999561
1627400000 17875.3 -0.306987 2999.95 0.999396
1627500000 17875.3 -0.150861 2999.92 0.999526
1627600000 17875.3 -0.223174 2999.94 0.999378
1627700000 17875.3 -0.200404 2999.93 0.999381
1627800000 17875.3 -0.291301 2999.95 0.999387
1627900000 17875.3 0.228225 2999.86 0.999574
1628000000 17875.3 -0.244597 2999.94 0.999447
1628100000 17875.3 0.29626 2999.85 0.999595
1628200000 17875.3 1.29602 2999.68 0.999828
1628300000 17875.3 -0.181551 2999.93 0.999375
1628400000 17875.3 0.119973 2999.88 0.999494
1628500000 17875.3 -0.148665 2999.92 0.999406
1628600000 17875.3 0.339264 2999.84 0.999597
1628700000 17875.3 -0.172067 2999.93 0.999373
1628800000 17875.3 0.470461 2999.82 0.999619
1628900000 17875.3 -0.151489 2999.92 0.999407
1629000000 17875.3 -0.179173 2999.93 0.999434
1629100000 17875.3 -0.365829 2999.96 0.999392
1629200000 17875.3 0.255675 2999.86 0.999623
1629300000 17875.3 -0.237205 2999.94 0.999425
1629400000 17875.3 -0.221874 2999.94 0.999417
1629500000 17875.3 0.239559 2999.86 0.999611
1629600000 17875.3 -0.20215 2999.93 0.99938
1629700000 17875.3 -0.122435 2999.92 0.999456
1629800000 17875.3 -0.357242 2999.96 0.999477
1629900000 17875.3 -0.156829 2999.92 0.999422
1630000000 17875.3 -0.114584 2999.92 0.999388
1630100000 17875.3 -0.278411 2999.94 0.999379
1630200000 17875.3 0.00796111 2999.9 0.999531
1630300000 17875.3 -0.159415 2999.92 0.99938
1630400000 17875.3 0.438604 2999.82 0.999564
1630500000 17875.3 -0.0930312 2999.91 0.999443
1630600000 17875.3 -0.0864731 2999.91 0.999382
1630700000 17875.3 -0.0599173 2999.91 0.999443
1630800000 17875.3 1.51718 2999.64 0.999809
1630900000 17875.3 0.0410221 2999.89 0.999464
1631000000 17875.3 -0.185871 2999.93 0.999379
1631100000 17875.3 -0.20235 2999.93 0.999374
1631200000 17875.3 0.510241 2999.81 0.999668
1631300000 17875.3 2.14128 2999.54 1.00002
1631400000 17875.3 -0.126805 2999.92 0.99939
1631500000 17875.3 -0.164935 2999.93 0.99938
1631600000 17875.3 2.4719 2999.48 1.00003
1631700000 17875.3 -0.0389084 2999.9 0.999511
1631800000 17875.3 0.0699011 2999.89 0.999469
1631900000 17875.3 0.193351 2999.87 0.999595
1632000000 17875.3 -0.217544 2999.93 0.999374
1632100000 17875.3 -0.26806 2999.94 0.999372
1632200000 17875.3 -0.0888698 2999.91 0.999434
1632300000 17875.3 0.369083 2999.84 0.999614
1632400000 17875.3 -0.39901 2999.97 0.999463
1632500000 17875.3 -0.0978413 2999.91 0.999452
1632600000 17875.3 -0.18172 2999.93 0.999407
1632700000 17875.3 0.292065 2999.85 0.999563
1632800000 17875.3 -0.283077 2999.95 0.999387
1632900000 17875.3 -0.206829 2999.93 0.999395
1633000000 17875.3 3.20921 2999.36 1.0001
1633100000 17875.3 0.892443 2999.75 0.999684
1633200000 17875.3 0.350951 2999.84 0.999549
1633300000 17875.3 1.2019 2999.7 0.999812
1633400000 17875.3 1.33681 2999.67 0.999815
1633500000 17875.3 -0.205197 2999.93 0.999383
1633600000 17875.3 0.325705 2999.84 0.999526
1633700000 17875.3 -0.125597 2999.92 0.999395
1633800000 17875.3 -0.135889 2999.92 0.999443
1633900000 17875.3 -0.0798068 2999.91 0.999381
1634000000 17875.3 -0.130375 2999.92 0.999384
1634100000 17875.3 -0.0691682 2999.91 0.999384
1634200000 17875.3 1.37393 2999.67 0.999779
1634300000 17875.3 -0.152521 2999.92 0.999544
1634400000 17875.3 0.670555 2999.79 0.999678
1634500000 17875.3 -0.205237 2999.93 0.999372
1634600000 17875.3 -0.281253 2999.95 0.999404
1634700000 17875.3 -0.269984 2999.94 0.999404
1634800000 17875.3 0.18701 2999.87 0.999542
1634900000 17875.3 -0.197672 2999.93 0.999374
1635000000 17875.3 -0.10141 2999.92 0.999398
1635100000 17875.3 -0.0734069 2999.91 0.999383
1635200000 17875.3 -0.295417 2999.95 0.99943
1635300000 17875.3 0.476506 2999.82 0.999622
1635400000 17875.3 -0.197106 2999.93 0.999367
1635500000 17875.3 0.946267 2999.74 0.999677
1635600000 17875.3 -0.239391 2999.94 0.999409
1635700000 17875.3 -0.0471966 2999.91 0.999515
1635800000 17875.3 -0.0993416 2999.91 0.999377
1635900000 17875.3 0.0514719 2999.89 0.99949
1636000000 17875.3 -0.304285 2999.95 0.999386
1636100000 17875.3 -0.130507 2999.92 0.999381
1636200000 17875.3 -0.048307 2999.91 0.999473
1636300000 17875.3 -0.156526 2999.92 0.999389
1636400000 17875.3 -0.255942 2999.94 0.99939
1636500000 17875.3 0.301593 2999.85 0.999529
1636600000 17875.3 -0.131527 2999.92 0.999376
1636700000 17875.3 -0.185564 2999.93 0.999391
1636800000 17875.3 0.684729 2999.78 0.999622
1636900000 17875.3 0.551823 2999.81 0.999646
1637000000 17875.3 -0.244172 2999.94 0.999366
1637100000 17875.3 0.284575 2999.85 0.9996
1637200000 17875.3 -0.0234276 2999.9 0.999453
1637300000 17875.3 0.722628 2999.78 0.999617
1637400000 17875.3 0.0220584 2999.89 0.999448
1637500000 17875.3 -0.151992 2999.92 0.999396
1637600000 17875.3 0.039667 2999.89 0.999511
1637700000 17875.3 -0.124795 2999.92 0.999381
1637800000 17875.3 1.58089 2999.63 0.99989
1637900000 17875.3 -0.191235 2999.93 0.99939
1638000000 17875.3 -0.100428 2999.91 0.999401
1638100000 17875.3 1.38737 2999.67 0.999944
1638200000 17875.3 0.0284567 2999.89 0.99963
1638300000 17875.3 -0.0663408 2999.91 0.999387
1638400000 17875.3 -0.221913 2999.94 0.999406
1638500000 17875.3 0.159564 2999.87 0.999518
1638600000 17875.3 -0.106858 2999.92 0.999384
1638700000 17875.3 0.0977222 2999.88 0.999479
1638800000 17875.3 -0.35346 2999.96 0.999396
1638900000 17875.3 -0.0686141 2999.91 0.999449
1639000000 17875.3 -0.156158 2999.92 0.999397
1639100000 17875.3 -0.133007 2999.92 0.999433
1639200000 17875.3 -0.0872829 2999.91 0.999448
1639300000 17875.3 -0.172249 2999.93 0.999379
1639400000 17875.3 -0.135042 2999.92 0.999376
1639500000 17875.3 -0.203864 2999.93 0.999399
1639600000 17875.3 1.40376 2999.66 0.999796
1639700000 17875.3 -0.181868 2999.93 0.999396
1639800000 17875.3 1.77741 2999.6 0.999894
1639900000 17875.3 -0.173142 2999.93 0.999414
1640000000 17875.3 -0.230775 2999.94 0.999391
1640100000 17875.3 -0.195781 2999.93 0.999367
1640200000 17875.3 0.151515 2999.87 0.999605
1640300000 17875.3 0.528107 2999.81 0.999578
1640400000 17875.3 2.0896 2999.55 0.999895
1640500000 17875.3 0.843019 2999.76 0.999717
1640600000 17875.3 -0.328089 2999.95 0.999384
1640700000 17875.3 -0.197106 2999.93 0.99944
1640800000 17875.3 -0.175578 2999.93 0.999382
1640900000 17875.3 -0.158496 2999.92 0.999413
1641000000 17875.3 -0.0841652 2999.91 0.999469
1641100000 17875.3 0.153989 2999.87 0.99954
1641200000 17875.3 -0.409724 2999.97 0.999413
1641300000 17875.3 0.143722 2999.87 0.999484
1641400000 17875.3 -0.309431 2999.95 0.999381
1641500000 17875.3 -0.226719 2999.94 0.99938
1641600000 17875.3 -0.253666 2999.94 0.999375
1641700000 17875.3 0.956767 2999.74 0.999737
1641800000 17875.3 -0.1701 2999.93 0.999381
1641900000 17875.3 1.37999 2999.67 0.999868
1642000000 17875.3 -0.245117 2999.94 0.999371
1642100000 17875.3 -0.154173 2999.92 0.999407
1642200000 17875.3 -0.157543 2999.92 0.999373
1642300000 17875.3 2.2138 2999.53 1.00009
1642400000 17875.3 -0.243114 2999.94 0.999374
1642500000 17875.3 2.57417 2999.47 1.00014
1642600000 17875.3 0.0332782 2999.89 0.999461
1642700000 17875.3 -0.112214 2999.92 0.999458
1642800000 17875.3 6.17697 2998.86 1.0006
1642900000 17875.3 1.62094 2999.63 0.99985
1643000000 17875.3 0.182098 2999.87 0.999521
1643100000 17875.3 0.023688 2999.89 0.999463
1643200000 17875.3 -0.235301 2999.94 0.999388
1643300000 17875.3 0.00427066 2999.9 0.999439
1643400000 17875.3 0.053704 2999.89 0.999544
1643500000 17875.3 0.349183 2999.84 0.999572
1643600000 17875.3 -0.48015 2999.98 0.999398
1643700000 17875.3 -0.185368 2999.93 0.999384
1643800000 17875.3 -0.162419 2999.93 0.999375
1643900000 17875.3 -0.0160892 2999.9 0.999481
1644000000 17875.3 0.0712647 2999.89 0.999509
1644100000 17875.3 -0.245273 2999.94 0.999477
1644200000 17875.3 -0.0284936 2999.9 0.999493
1644300000 17875.3 0.423917 2999.83 0.999626
1644400000 17875.3 -0.0658511 2999.91 0.999415
1644500000 17875.3 1.51629 2999.64 0.9998
1644600000 17875.3 -0.148808 2999.92 0.999403
1644700000 17875.3 -0.1878 2999.93 0.999372
1644800000 17875.3 0.832526 2999.76 0.99964
1644900000 17875.3 -0.239432 2999.94 0.999371
1645000000 17875.3 0.934278 2999.74 0.999748
1645100000 17875.3 1.64359 2999.62 0.999983
1645200000 17875.3 -0.252 2999.94 0.999391
1645300000 17875.3 -0.055483 2999.91 0.999519
1645400000 17875.3 -0.276353 2999.94 0.999472
1645500000 17875.3 -0.248022 2999.94 0.999483
1645600000 17875.3 -0.276349 2999.94 0.999422
1645700000 17875.3 -0.242509 2999.94 0.999422
1645800000 17875.3 0.302087 2999.85 0.999586
1645900000 17875.3 -0.198165 2999.93 0.999423
1646000000 17875.3 0.165127 2999.87 0.99951
1646100000 17875.3 -0.145156 2999.92 0.999402
1646200000 17875.3 -0.042684 2999.91 0.999436
1646300000 17875.3 2.81031 2999.43 1.00024
1646400000 17875.3 -0.285037 2999.95 0.999385
1646500000 17875.3 2.58355 2999.46 1.00011
1646600000 17875.3 0.102142 2999.88 0.999509
1646700000 17875.3 -0.256886 2999.94 0.999464
1646800000 17875.3 -0.218888 2999.93 0.999424
1646900000 17875.3 -0.358598 2999.96 0.999402
1647000000 17875.3 -0.193893 2999.93 0.99941
1647100000 17875.3 -0.108058 2999.92 0.999382
1647200000 17875.3 -0.148325 2999.92 0.999385
1647300000 17875.3 -0.0351641 2999.9 0.999473
1647400000 17875.3 0.495864 2999.81 0.99967
1647500000 17875.3 1.18121 2999.7 0.999747
1647600000 17875.3 -0.147727 2999.92 0.999396
1647700000 17875.3 0.391455 2999.83 0.999645
1647800000 17875.3 -0.246397 2999.94 0.999365
1647900000 17875.3 0.517889 2999.81 0.999608
1648000000 17875.3 0.219008 2999.86 0.999514
1648100000 17875.3 0.842049 2999.76 0.99974
1648200000 17875.3 -0.294726 2999.95 0.999377
1648300000 17875.3 0.269045 2999.85 0.999559
1648400000 17875.3 -0.177673 2999.93 0.999371
1648500000 17875.3 0.41612 2999.83 0.999599
1648600000 17875.3 0.574934 2999.8 0.999632
1648700000 17875.3 -0.236689 2999.94 0.999422
1648800000 17875.3 -0.282332 2999.95 0.999387
1648900000 17875.3 -0.262224 2999.94 0.999403
1649000000 17875.3 -0.119459 2999.92 0.999381
1649100000 17875.3 -0.164157 2999.93 0.999415
1649200000 17875.3 -0.157073 2999.92 0.999405
1649300000 17875.3 0.826973 2999.76 0.999643
1649400000 17875.3 -0.195404 2999.93 0.999451
1649500000 17875.3 -0.0537749 2999.91 0.999473
1649600000 17875.3 -0.182654 2999.93 0.999447
1649700000 17875.3 0.0669629 2999.89 0.999479
1649800000 17875.3 -0.237813 2999.94 0.999456
1649900000 17875.3 -0.122704 2999.92 0.999465
1650000000 17875.3 -0.0805562 2999.91 0.999449
1650100000 17875.3 0.351201 2999.84 0.999725
1650200000 17875.3 -0.112842 2999.92 0.999411
1650300000 17875.3 -0.01925 2999.9 0.999391
1650400000 17875.3 0.298487 2999.85 0.999534
1650500000 17875.3 -0.0927142 2999.91 0.999381
1650600000 17875.3 0.0384574 2999.89 0.999495
1650700000 17875.3 -0.190466 2999.93 0.999383
1650800000 17875.3 -0.0606481 2999.91 0.999384
1650900000 17875.3 -0.265738 2999.94 0.999414
1651000000 17875.3 -0.115497 2999.92 0.999409
1651100000 17875.3 -0.12791 2999.92 0.999395
1651200000 17875.3 -0.101102 2999.92 0.99938
1651300000 17875.3 -0.101037 2999.92 0.999449
1651400000 17875.3 0.0239622 2999.89 0.999468
1651500000 17875.3 -0.202432 2999.93 0.999383
1651600000 17875.3 6.32375 2998.84 1.00056
1651700000 17875.3 0.0559326 2999.89 0.999582
1651800000 17875.3 -0.360434 2999.96 0.999392
1651900000 17875.3 -0.145113 2999.92 0.999402
1652000000 17875.3 -0.00132954 2999.9 0.999562
1652100000 17875.3 0.179745 2999.87 0.999507
1652200000 17875.3 0.178657 2999.87 0.999519
1652300000 17875.3 -0.10082 2999.92 0.999378
1652400000 17875.3 -0.21523 2999.93 0.999399
1652500000 17875.3 -0.186158 2999.93 0.999389
1652600000 17875.3 -0.110121 2999.92 0.999528
1652700000 17875.3 0.136019 2999.88 0.999546
1652800000 17875.3 -0.124655 2999.92 0.999379
1652900000 17875.3 -0.226807 2999.94 0.999404
1653000000 17875.3 -0.272113 2999.94 0.999413
1653100000 17875.3 -0.149639 2999.92 0.999416
1653200000 17875.3 -0.183488 2999.93 0.999424
1653300000 17875.3 -0.142439 2999.92 0.99945
1653400000 17875.3 -0.0867832 2999.91 0.999394
1653500000 17875.3 -0.0696807 2999.91 0.999478
1653600000 17875.3 -0.194595 2999.93 0.999377
1653700000 17875.3 -0.192478 2999.93 0.999387
1653800000 17875.3 0.120613 2999.88 0.999489
1653900000 17875.3 1.73204 2999.61 0.999854
1654000000 17875.3 0.552623 2999.81 0.999604
1654100000 17875.3 -0.157177 2999.92 0.999467
1654200000 17875.3 -0.386301 2999.96 0.999424
1654300000 17875.3 -0.141464 2999.92 0.999416
1654400000 17875.3 -0.0878085 2999.91 0.999382
1654500000 17875.3 -0.174161 2999.93 0.999377
1654600000 17875.3 -0.212242 2999.93 0.999415
1654700000 17875.3 0.0374303 2999.89 0.99953
1654800000 17875.3 -0.168355 2999.93 0.999397
1654900000 17875.3 0.814465 2999.76 0.999649
1655000000 17875.3 -0.156053 2999.92 0.999441
1655100000 17875.3 0.14021 2999.87 0.999503
1655200000 17875.3 -0.110498 2999.92 0.999445
1655300000 17875.3 -0.0628132 2999.91 0.999476
1655400000 17875.3 0.596556 2999.8 0.999615
1655500000 17875.3 -0.242973 2999.94 0.999376
1655600000 17875.3 -0.191089 2999.93 0.999404
1655700000 17875.3 -0.140201 2999.92 0.999376
1655800000 17875.3 -0.254641 2999.94 0.999371
1655900000 17875.3 0.014697 2999.9 0.999517
1656000000 17875.3 -0.0721685 2999.91 0.99946
1656100000 17875.3 4.02666 2999.22 1.00023
1656200000 17875.3 -0.3089 2999.95 0.999387
1656300000 17875.3 -0.136291 2999.92 0.999373
1656400000 17875.3 -0.131082 2999.92 0.999377
1656500000 17875.3 -0.218518 2999.93 0.99945
1656600000 17875.3 1.27645 2999.68 0.999813
1656700000 17875.3 -0.151924 2999.92 0.999431
1656800000 17875.3 -0.207546 2999.93 0.999374
1656900000 17875.3 -0.155246 2999.92 0.999381
1657000000 17875.3 -0.154675 2999.92 0.999455
1657100000 17875.3 -0.234209 2999.94 0.999373
1657200000 17875.3 -0.18324 2999.93 0.999472
1657300000 17875.3 0.193715 2999.87 0.999519
1657400000 17875.3 -0.0633003 2999.91 0.99947
1657500000 17875.3 0.00798993 2999.9 0.999571
1657600000 17875.3 0.68153 2999.78 0.999669
1657700000 17875.3 -0.0208524 2999.9 0.999502
1657800000 17875.3 -0.28229 2999.95 0.999365
1657900000 17875.3 -0.215161 2999.93 0.999392
1658000000 17875.3 0.100521 2999.88 0.999498
1658100000 17875.3 0.689884 2999.78 0.999621
1658200000 17875.3 0.00256163 2999.9 0.9995
1658300000 17875.3 -0.103795 2999.92 0.999382
1658400000 17875.3 -0.138253 2999.92 0.999427
1658500000 17875.3 0.143379 2999.87 0.999517
1658600000 17875.3 0.0943624 2999.88 0.99955
1658700000 17875.3 0.0551918 2999.89 0.99946
1658800000 17875.3 -0.120479 2999.92 0.999391
1658900000 17875.3 -0.109124 2999.92 0.999393
1659000000 17875.3 -0.226459 2999.94 0.999413
1659100000 17875.3 -0.0388415 2999.9 0.99953
1659200000 17875.3 -0.141938 2999.92 0.999409
1659300000 17875.3 -0.0613423 2999.91 0.999385
1659400000 17875.3 -0.186414 2999.93 0.999375
1659500000 17875.3 -0.217447 2999.93 0.999424
1659600000 17875.3 -0.164131 2999.93 0.999429
1659700000 17875.3 -0.147736 2999.92 0.999382
1659800000 17875.3 1.15833 2999.7 0.999773
1659900000 17875.3 -0.0665261 2999.91 0.999464
1660000000 17875.3 -0.279924 2999.95 0.999397
1660100000 17875.3 0.212504 2999.86 0.999664
1660200000 17875.3 -0.187291 2999.93 0.999397
1660300000 17875.3 -0.136956 2999.92 0.999503
1660400000 17875.3 2.10575 2999.54 0.999907
1660500000 17875.3 -0.191136 2999.93 0.999388
1660600000 17875.3 -0.160317 2999.93 0.999403
1660700000 17875.3 -0.219128 2999.93 0.999421
1660800000 17875.3 -0.0290269 2999.9 0.999389
1660900000 17875.3 1.34437 2999.67 0.999774
1661000000 17875.3 -0.321707 2999.95 0.999468
1661100000 17875.3 -0.184125 2999.93 0.999372
1661200000 17875.3 -0.0487982 2999.91 0.999386
1661300000 17875.3 0.970322 2999.74 0.999875
1661400000 17875.3 0.521036 2999.81 0.999673
1661500000 17875.3 0.212809 2999.86 0.999576
1661600000 17875.3 -0.173404 2999.93 0.999381
1661700000 17875.3 -0.218941 2999.93 0.999433
1661800000 17875.3 -0.330181 2999.95 0.999462
1661900000 17875.3 -0.120051 2999.92 0.999429
1662000000 17875.3 -0.213108 2999.93 0.999394
1662100000 17875.3 0.85684 2999.75 0.999678
1662200000 17875.3 0.22383 2999.86 0.999568
1662300000 17875.3 -0.286645 2999.95 0.999379
1662400000 17875.3 0.340727 2999.84 0.999548
1662500000 17875.3 -0.266186 2999.94 0.999389
1662600000 17875.3 0.870411 2999.75 0.999669
1662700000 17875.3 -0.0947574 2999.91 0.999478
1662800000 17875.3 -0.0975035 2999.91 0.999379
1662900000 17875.3 -0.0634996 2999.91 0.999496
1663000000 17875.3 -0.200819 2999.93 0.999383
1663100000 17875.3 -0.0419196 2999.91 0.999468
1663200000 17875.3 -0.150366 2999.92 0.999379
1663300000 17875.3 -0.1194 2999.92 0.999389
1663400000 17875.3 -0.228287 2999.94 0.999376
1663500000 17875.3 -0.201168 2999.93 0.999382
1663600000 17875.3 -0.0393749 2999.9 0.99945
1663700000 17875.3 -0.126421 2999.92 0.999379
1663800000 17875.3 -0.0314033 2999.9 0.999435
1663900000 17875.3 0.314228 2999.85 0.999652
1664000000 17875.3 -0.180728 2999.93 0.999409
1664100000 17875.3 -0.210141 2999.93 0.999375
1664200000 17875.3 -0.104427 2999.92 0.999382
1664300000 17875.3 2.09915 2999.55 1.00001
1664400000 17875.3 -0.261807 2999.94 0.999423
1664500000 17875.3 -0.157651 2999.92 0.999453
1664600000 17875.3 -0.257269 2999.94 0.999392
1664700000 17875.3 -0.237157 2999.94 0.999411
1664800000 17875.3 -0.238597 2999.94 0.999381
1664900000 17875.3 -0.106592 2999.92 0.999407
1665000000 17875.3 0.157015 2999.87 0.999488
1665100000 17875.3 -0.162746 2999.93 0.999376
1665200000 17875.3 -0.252386 2999.94 0.999391
1665300000 17875.3 -0.114921 2999.92 0.999492
1665400000 17875.3 -0.224409 2999.94 0.999406
1665500000 17875.3 -0.0543381 2999.91 0.999465
1665600000 17875.3 -0.0605811 2999.91 0.999385
1665700000 17875.3 0.00331712 2999.9 0.999486
1665800000 17875.3 0.307451 2999.85 0.99959
1665900000 17875.3 0.19451 2999.87 0.999508
1666000000 17875.3 -0.040972 2999.9 0.999465
1666100000 17875.3 -0.28759 2999.95 0.999446
1666200000 17875.3 -0.305149 2999.95 0.999413
1666300000 17875.3 -0.135991 2999.92 0.999375
1666400000 17875.3 -0.127368 2999.92 0.999409
1666500000 17875.3 -0.370387 2999.96 0.999369
1666600000 17875.3 -0.123342 2999.92 0.999396
1666700000 17875.3 1.14458 2999.71 0.999849
1666800000 17875.3 0.533449 2999.81 0.999585
1666900000 17875.3 -0.090935 2999.91 0.999453
1667000000 17875.3 -0.196729 2999.93 0.999392
1667100000 17875.3 -0.289118 2999.95 0.999427
1667200000 17875.3 0.672012 2999.79 0.999731
1667300000 17875.3 -0.174164 2999.93 0.999473
1667400000 17875.3 -0.139948 2999.92 0.999373
1667500000 17875.3 0.0371217 2999.89 0.999496
1667600000 17875.3 -0.183649 2999.93 0.99937
1667700000 17875.3 -0.122152 2999.92 0.999447
1667800000 17875.3 -0.181777 2999.93 0.999375
1667900000 17875.3 -0.189906 2999.93 0.999372
1668000000 17875.3 -0.156206 2999.92 0.999453
1668100000 17875.3 -0.170529 2999.93 0.999424
1668200000 17875.3 1.45397 2999.65 0.999773
1668300000 17875.3 -0.259697 2999.94 0.99943
1668400000 17875.3 -0.362127 2999.96 0.999432
1668500000 17875.3 -0.0861022 2999.91 0.999442
1668600000 17875.3 -0.0232201 2999.9 0.999495
1668700000 17875.3 -0.241431 2999.94 0.999439
1668800000 17875.3 -0.0246434 2999.9 0.999445
1668900000 17875.3 0.598734 2999.8 0.999657
1669000000 17875.3 -0.127506 2999.92 0.999417
1669100000 17875.3 -0.342703 2999.96 0.99943
1669200000 17875.3 0.388809 2999.83 0.999681
1669300000 17875.3 -0.139743 2999.92 0.999525
1669400000 17875.3 0.268739 2999.85 0.999564
1669500000 17875.3 -0.229263 2999.94 0.999372
1669600000 17875.3 -0.162995 2999.93 0.999378
1669700000 17875.3 -0.186868 2999.93 0.999386
1669800000 17875.3 -0.228423 2999.94 0.999463
1669900000 17875.3 -0.0957988 2999.91 0.999456
1670000000 17875.3 -0.15691 2999.92 0.999375
1670100000 17875.3 0.499472 2999.81 0.999579
1670200000 17875.3 0.664947 2999.79 0.999684
1670300000 17875.3 -0.250354 2999.94 0.999368
1670400000 17875.3 -0.183806 2999.93 0.999464
1670500000 17875.3 0.748501 2999.77 0.999631
1670600000 17875.3 -0.1351 2999.92 0.999376
1670700000 17875.3 -0.155578 2999.92 0.999456
1670800000 17875.3 -0.175077 2999.93 0.999461
1670900000 17875.3 -0.339291 2999.96 0.999382
1671000000 17875.3 0.766384 2999.77 0.999664
1671100000 17875.3 2.8471 2999.42 1.00001
1671200000 17875.3 -0.155778 2999.92 0.999501
1671300000 17875.3 -0.128742 2999.92 0.999423
1671400000 17875.3 0.354824 2999.84 0.999559
1671500000 17875.3 -0.11743 2999.92 0.999399
1671600000 17875.3 0.408564 2999.83 0.999728
1671700000 17875.3 -0.02664 2999.9 0.999436
1671800000 17875.3 0.235439 2999.86 0.999522
1671900000 17875.3 0.702508 2999.78 0.999653
1672000000 17875.3 -0.145683 2999.92 0.999458
1672100000 17875.3 -0.136826 2999.92 0.999376
1672200000 17875.3 -0.0319888 2999.9 0.99952
1672300000 17875.3 -0.211009 2999.93 0.999381
1672400000 17875.3 -0.302473 2999.95 0.999398
1672500000 17875.3 -0.156915 2999.92 0.999382
1672600000 17875.3 1.52542 2999.64 0.999796
1672700000 17875.3 -0.250842 2999.94 0.999439
1672800000 17875.3 -0.110069 2999.92 0.99938
1672900000 17875.3 -0.189371 2999.93 0.999385
1673000000 17875.3 0.204761 2999.86 0.999631
1673100000 17875.3 -0.0130533 2999.9 0.999448
1673200000 17875.3 0.0393303 2999.89 0.999452
1673300000 17875.3 -0.067167 2999.91 0.999417
1673400000 17875.3 -0.297765 2999.95 0.999374
1673500000 17875.3 -0.00383843 2999.9 0.99948
1673600000 17875.3 -0.138657 2999.92 0.999393
1673700000 17875.3 -0.0409163 2999.9 0.999461
1673800000 17875.3 0.641803 2999.79 0.999691
1673900000 17875.3 -0.24189 2999.94 0.99939
1674000000 17875.3 0.403962 2999.83 0.999673
1674100000 17875.3 -0.199108 2999.93 0.999445
1674200000 17875.3 0.493101 2999.82 0.999662
1674300000 17875.3 -0.21721 2999.93 0.999397
1674400000 17875.3 -0.0192635 2999.9 0.999437
1674500000 17875.3 -0.323553 2999.95 0.999366
1674600000 17875.3 0.641198 2999.79 0.999665
1674700000 17875.3 3.55456 2999.3 1.00034
1674800000 17875.3 0.0151764 2999.9 0.999463
1674900000 17875.3 0.821548 2999.76 0.999651
1675000000 17875.3 0.181766 2999.87 0.999534
1675100000 17875.3 0.310244 2999.85 0.999528
1675200000 17875.3 0.0555388 2999.89 0.999466
1675300000 17875.3 -0.116382 2999.92 0.999455
1675400000 17875.3 -0.0452259 2999.91 0.999433
1675500000 17875.3 -0.189058 2999.93 0.999464
1675600000 17875.3 -0.241585 2999.94 0.999391
1675700000 17875.3 -0.0835593 2999.91 0.999534
1675800000 17875.3 -0.287025 2999.95 0.999409
1675900000 17875.3 -0.213319 2999.93 0.999394
1676000000 17875.3 -0.189049 2999.93 0.999406
1676100000 17875.3 1.26324 2999.69 0.999837
1676200000 17875.3 -0.280892 2999.95 0.9994
1676300000 17875.3 -0.0393634 2999.9 0.999431
1676400000 17875.3 -0.248684 2999.94 0.999411
1676500000 17875.3 -0.153296 2999.92 0.999392
1676600000 17875.3 0.156092 2999.87 0.99956
1676700000 17875.3 -0.210651 2999.93 0.999373
1676800000 17875.3 0.0493016 2999.89 0.99954
1676900000 17875.3 -0.185524 2999.93 0.999376
1677000000 17875.3 -0.209799 2999.93 0.999457
1677100000 17875.3 1.50857 2999.64 0.99983
1677200000 17875.3 0.245656 2999.86 0.999584
1677300000 17875.3 -0.227743 2999.94 0.999397
1677400000 17875.3 0.273294 2999.85 0.999516
1677500000 17875.3 0.176792 2999.87 0.999527
1677600000 17875.3 -0.0719757 2999.91 0.999383
1677700000 17875.3 -0.0662276 2999.91 0.999473
1677800000 17875.3 -0.276048 2999.94 0.999385
1677900000 17875.3 -0.224399 2999.94 0.999405
1678000000 17875.3 -0.395326 2999.96 0.999417
1678100000 17875.3 -0.282478 2999.95 0.999381
1678200000 17875.3 0.45611 2999.82 0.999622
1678300000 17875.3 0.470633 2999.82 0.999662
1678400000 17875.3 -0.152087 2999.92 0.999379
1678500000 17875.3 0.224054 2999.86 0.999551
1678600000 17875.3 -0.0970098 2999.91 0.999401
1678700000 17875.3 -0.0966178 2999.91 0.999413
1678800000 17875.3 -0.0937893 2999.91 0.999489
1678900000 17875.3 -0.102715 2999.92 0.999389
1679000000 17875.3 7.02763 2998.72 1.00064
1679100000 17875.3 0.943302 2999.74 0.999715
1679200000 17875.3 -0.158814 2999.92 0.999392
1679300000 17875.3 -0.0897054 2999.91 0.999434
1679400000 17875.3 -0.174801 2999.93 0.999373
1679500000 17875.3 -0.0802029 2999.91 0.999426
1679600000 17875.3 0.0771781 2999.89 0.999504
1679700000 17875.3 -0.323772 2999.95 0.999419
1679800000 17875.3 0.103367 2999.88 0.9995
1679900000 17875.3 -0.207124 2999.93 0.999407
1680000000 17875.3 -0.0541063 2999.91 0.999521
1680100000 17875.3 -0.222094 2999.94 0.999467
1680200000 17875.3 0.373631 2999.84 0.999656
1680300000 17875.3 -0.247532 2999.94 0.999372
1680400000 17875.3 -0.102124 2999.92 0.999379
1680500000 17875.3 -0.357792 2999.96 0.999451
1680600000 17875.3 -0.242667 2999.94 0.999383
1680700000 17875.3 -0.240335 2999.94 0.999405
1680800000 17875.3 -0.141733 2999.92 0.999436
1680900000 17875.3 -0.144377 2999.92 0.999435
1681000000 17875.3 -0.209735 2999.93 0.999403
1681100000 17875.3 -0.0793456 2999.91 0.999383
1681200000 17875.3 2.0758 2999.55 0.999989
1681300000 17875.3 -0.123427 2999.92 0.999387
1681400000 17875.3 -0.228153 2999.94 0.999381
1681500000 17875.3 0.2304 2999.86 0.999618
1681600000 17875.3 0.472809 2999.82 0.999653
1681700000 17875.3 0.173382 2999.87 0.999487
1681800000 17875.3 0.465182 2999.82 0.999569
1681900000 17875.3 -0.19357 2999.93 0.999378
1682000000 17875.3 -0.0853048 2999.91 0.999393
1682100000 17875.3 -0.323567 2999.95 0.999412
1682200000 17875.3 0.648855 2999.79 0.999695
1682300000 17875.3 -0.206578 2999.93 0.999486
1682400000 17875.3 -0.394397 2999.96 0.999382
1682500000 17875.3 -0.167405 2999.93 0.999418
1682600000 17875.3 -0.354263 2999.96 0.999382
1682700000 17875.3 0.724182 2999.78 0.9998
1682800000 17875.3 -0.0947647 2999.91 0.999378
1682900000 17875.3 -0.192291 2999.93 0.999442
1683000000 17875.3 -0.121428 2999.92 0.999446
1683100000 17875.3 -0.0853636 2999.91 0.999418
1683200000 17875.3 -0.22764 2999.94 0.99943
1683300000 17875.3 -0.152784 2999.92 0.999396
1683400000 17875.3 0.726785 2999.78 0.999676
1683500000 17875.3 0.705772 2999.78 0.999623
1683600000 17875.3 1.27309 2999.68 0.999827
1683700000 17875.3 -0.218205 2999.93 0.999382
1683800000 17875.3 -0.305906 2999.95 0.999381
1683900000 17875.3 -0.332943 2999.95 0.999383
1684000000 17875.3 -0.204303 2999.93 0.999365
1684100000 17875.3 -0.115313 2999.92 0.999379
1684200000 17875.3 0.997844 2999.73 0.999723
1684300000 17875.3 -0.327339 2999.95 0.999387
1684400000 17875.3 -0.268685 2999.94 0.999369
1684500000 17875.3 0.245519 2999.86 0.999584
1684600000 17875.3 -0.349363 2999.96 0.999458
1684700000 17875.3 -0.26918 2999.94 0.99946
1684800000 17875.3 1.57747 2999.63 1.00002
1684900000 17875.3 0.821078 2999.76 0.999658
1685000000 17875.3 -0.0943329 2999.91 0.999383
1685100000 17875.3 2.47315 2999.48 1.0001
1685200000 17875.3 -0.0832756 2999.91 0.999405
1685300000 17875.3 -0.0717775 2999.91 0.999481
1685400000 17875.3 -0.045974 2999.91 0.999386
1685500000 17875.3 1.46982 2999.65 0.999808
1685600000 17875.3 -0.158445 2999.92 0.999383
1685700000 17875.3 -0.139035 2999.92 0.999379
1685800000 17875.3 0.769727 2999.77 0.999688
1685900000 17875.3 0.660889 2999.79 0.999686
1686000000 17875.3 0.188893 2999.87 0.99955
1686100000 17875.3 1.5362 2999.64 0.999894
1686200000 17875.3 0.27412 2999.85 0.999521
1686300000 17875.3 -0.107375 2999.92 0.999419
1686400000 17875.3 -0.131788 2999.92 0.99938
1686500000 17875.3 -0.136256 2999.92 0.999409
1686600000 17875.3 0.0656918 2999.89 0.999582
1686700000 17875.3 0.17965 2999.87 0.999522
1686800000 17875.3 -0.148209 2999.92 0.999409
1686900000 17875.3 -0.140296 2999.92 0.999507
1687000000 17875.3 0.504574 2999.81 0.999571
1687100000 17875.3 -0.0667308 2999.91 0.999445
1687200000 17875.3 1.29923 2999.68 0.999799
1687300000 17875.3 -0.134135 2999.92 0.999382
1687400000 17875.3 0.316029 2999.85 0.999535
1687500000 17875.3 -0.219257 2999.93 0.999396
1687600000 17875.3 -0.167818 2999.93 0.99943
1687700000 17875.3 0.0784636 2999.88 0.99948
1687800000 17875.3 -0.203047 2999.93 0.999371
1687900000 17875.3 -0.212397 2999.93 0.999445
1688000000 17875.3 -0.110556 2999.92 0.999378
1688100000 17875.3 -0.0694057 2999.91 0.999384
1688200000 17875.3 -0.19596 2999.93 0.99946
1688300000 17875.3 3.41806 2999.32 1.00036
1688400000 17875.3 -0.150088 2999.92 0.999401
1688500000 17875.3 1.17929 2999.7 0.99972
1688600000 17875.3 -0.104343 2999.92 0.999439
1688700000 17875.3 0.0858859 2999.88 0.999499
1688800000 17875.3 -0.209525 2999.93 0.9994
1688900000 17875.3 0.880128 2999.75 0.999715
1689000000 17875.3 -0.0434698 2999.91 0.999422
1689100000 17875.3 2.00839 2999.56 0.999909
1689200000 17875.3 -0.175815 2999.93 0.999381
1689300000 17875.3 -0.227107 2999.94 0.999442
1689400000 17875.3 -0.154535 2999.92 0.999491
1689500000 17875.3 0.775191 2999.77 0.999726
1689600000 17875.3 -0.118212 2999.92 0.999412
1689700000 17875.3 -0.233518 2999.94 0.999389
1689800000 17875.3 -0.231993 2999.94 0.99942
1689900000 17875.3 -0.185336 2999.93 0.999385
1690000000 17875.3 0.933581 2999.74 0.999818
1690100000 17875.3 0.200875 2999.86 0.99953
1690200000 17875.3 -0.143924 2999.92 0.999411
1690300000 17875.3 -0.0347941 2999.9 0.999469
1690400000 17875.3 -0.206185 2999.93 0.999375
1690500000 17875.3 -0.233149 2999.94 0.99939
1690600000 17875.3 0.0340587 2999.89 0.999571
1690700000 17875.3 -0.155484 2999.92 0.999377
1690800000 17875.3 0.407675 2999.83 0.999577
1690900000 17875.3 -0.259816 2999.94 0.999425
1691000000 17875.3 -0.546043 2999.99 0.99939
1691100000 17875.3 -0.164697 2999.93 0.99941
1691200000 17875.3 0.280002 2999.85 0.999538
1691300000 17875.3 -0.0681586 2999.91 0.999383
1691400000 17875.3 -0.290057 2999.95 0.99938
1691500000 17875.3 -0.133758 2999.92 0.999377
1691600000 17875.3 -0.0880025 2999.91 0.999398
1691700000 17875.3 -0.195875 2999.93 0.999374
1691800000 17875.3 -0.111471 2999.92 0.999376
1691900000 17875.3 -0.241434 2999.94 0.99941
1692000000 17875.3 -0.0899023 2999.91 0.99938
1692100000 17875.3 -0.0778548 2999.91 0.999384
1692200000 17875.3 -0.148404 2999.92 0.999378
1692300000 17875.3 0.278883 2999.85 0.999581
1692400000 17875.3 0.15377 2999.87 0.999495
1692500000 17875.3 -0.0525789 2999.91 0.999443
1692600000 17875.3 0.0722015 2999.89 0.999566
1692700000 17875.3 -0.102366 2999.92 0.999433
1692800000 17875.3 -0.288491 2999.95 0.999365
1692900000 17875.3 -0.329285 2999.95 0.999381
1693000000 17875.3 -0.185869 2999.93 0.999411
1693100000 17875.3 0.302939 2999.85 0.999538
1693200000 17875.3 0.168193 2999.87 0.999513
1693300000 17875.3 0.883728 2999.75 0.999702
1693400000 17875.3 -0.360083 2999.96 0.999361
1693500000 17875.3 1.78991 2999.6 0.99999
1693600000 17875.3 -0.0609205 2999.91 0.999422
1693700000 17875.3 -0.168676 2999.93 0.99938
1693800000 17875.3 0.733414 2999.78 0.999627
1693900000 17875.3 -0.157011 2999.92 0.99937
1694000000 17875.3 -0.0581717 2999.91 0.999497
1694100000 17875.3 1.05074 2999.72 0.999828
1694200000 17875.3 -0.218389 2999.93 0.999428
1694300000 17875.3 -0.215058 2999.93 0.999372
1694400000 17875.3 -0.157752 2999.92 0.999384
1694500000 17875.3 0.567503 2999.8 0.999631
1694600000 17875.3 0.310229 2999.85 0.999574
1694700000 17875.3 0.473096 2999.82 0.999619
1694800000 17875.3 -0.151215 2999.92 0.999415
1694900000 17875.3 -0.222093 2999.94 0.999372
1695000000 17875.3 -0.0915858 2999.91 0.999379
1695100000 17875.3 -0.138113 2999.92 0.999498
1695200000 17875.3 -0.123462 2999.92 0.999427
1695300000 17875.3 -0.176362 2999.93 0.999377
1695400000 17875.3 -0.352268 2999.96 0.999426
1695500000 17875.3 -0.104983 2999.92 0.999381
1695600000 17875.3 -0.0476015 2999.91 0.999452
1695700000 17875.3 0.297279 2999.85 0.99956
1695800000 17875.3 1.00635 2999.73 0.999817
1695900000 17875.3 -0.0817604 2999.91 0.999384
1696000000 17875.3 -0.151645 2999.92 0.999376
1696100000 17875.3 0.19999 2999.86 0.999552
1696200000 17875.3 0.0252239 2999.89 0.99946
1696300000 17875.3 0.188104 2999.87 0.999492
1696400000 17875.3 -0.228286 2999.94 0.999387
1696500000 17875.3 -0.0806294 2999.91 0.999415
1696600000 17875.3 -0.356959 2999.96 0.999394
1696700000 17875.3 -0.0646253 2999.91 0.999461
1696800000 17875.3 0.23825 2999.86 0.999526
1696900000 17875.3 -0.0748715 2999.91 0.999426
1697000000 17875.3 -0.181477 2999.93 0.999397
1697100000 17875.3 0.299169 2999.85 0.999592
1697200000 17875.3 -0.127597 2999.92 0.999406
1697300000 17875.3 -0.0338163 2999.9 0.999494
1697400000 17875.3 -0.139253 2999.92 0.999431
1697500000 17875.3 -0.171508 2999.93 0.999375
1697600000 17875.3 -0.170789 2999.93 0.999385
1697700000 17875.3 0.158658 2999.87 0.99957
1697800000 17875.3 0.372661 2999.84 0.99961
1697900000 17875.3 1.17271 2999.7 0.999871
1698000000 17875.3 -0.0567394 2999.91 0.999422
1698100000 17875.3 0.17416 2999.87 0.999549
1698200000 17875.3 1.16934 2999.7 0.999796
1698300000 17875.3 -0.206476 2999.93 0.999375
1698400000 17875.3 0.341307 2999.84 0.999533
1698500000 17875.3 0.385066 2999.83 0.999591
1698600000 17875.3 -0.296737 2999.95 0.999555
1698700000 17875.3 0.173869 2999.87 0.999496
1698800000 17875.3 0.538025 2999.81 0.999638
1698900000 17875.3 -0.340943 2999.96 0.999419
1699000000 17875.3 0.319383 2999.84 0.999574
1699100000 17875.3 -0.164316 2999.93 0.99942
1699200000 17875.3 -0.146968 2999.92 0.999386
1699300000 17875.3 -0.0962584 2999.91 0.999381
1699400000 17875.3 -0.32368 2999.95 0.999415
1699500000 17875.3 -0.166718 2999.93 0.99943
1699600000 17875.3 -0.152698 2999.92 0.999412
1699700000 17875.3 -0.187253 2999.93 0.999375
1699800000 17875.3 0.684422 2999.78 0.999731
1699900000 17875.3 -0.209887 2999.93 0.99937
1700000000 17875.3 -0.304237 2999.95 0.999365
1700100000 17875.3 0.842141 2999.76 0.99972
1700200000 17875.3 -0.0926135 2999.91 0.999382
1700300000 17875.3 0.177123 2999.87 0.999511
1700400000 17875.3 -0.217732 2999.93 0.999395
1700500000 17875.3 0.0220817 2999.89 0.999529
1700600000 17875.3 0.556079 2999.8 0.999597
1700700000 17875.3 -0.0438546 2999.91 0.999431
1700800000 17875.3 -0.0852915 2999.91 0.999501
1700900000 17875.3 -0.256765 2999.94 0.999428
1701000000 17875.3 0.234392 2999.86 0.999553
1701100000 17875.3 -0.350176 2999.96 0.999408
1701200000 17875.3 -0.162132 2999.93 0.999432
1701300000 17875.3 -0.121418 2999.92 0.999387
1701400000 17875.3 -0.306412 2999.95 0.99939
1701500000 17875.3 -0.17368 2999.93 0.99938
1701600000 17875.3 -0.101373 2999.92 0.999399
1701700000 17875.3 0.191368 2999.87 0.999587
1701800000 17875.3 -0.178399 2999.93 0.999386
1701900000 17875.3 1.59647 2999.63 0.999872
1702000000 17875.3 -0.136356 2999.92 0.999402
1702100000 17875.3 0.375044 2999.84 0.999555
1702200000 17875.3 -0.360012 2999.96 0.99939
1702300000 17875.3 1.40567 2999.66 0.999872
1702400000 17875.3 -0.27265 2999.94 0.999442
1702500000 17875.3 1.40272 2999.66 0.999801
1702600000 17875.3 0.0846422 2999.88 0.999535
1702700000 17875.3 -0.296108 2999.95 0.999426
1702800000 17875.3 -0.400066 2999.97 0.999428
1702900000 17875.3 -0.217655 2999.93 0.999437
1703000000 17875.3 -0.0898812 2999.91 0.999381
1703100000 17875.3 -0.356013 2999.96 0.999371
1703200000 17875.3 -0.316699 2999.95 0.999378
1703300000 17875.3 -0.231751 2999.94 0.999504
1703400000 17875.3 -0.146293 2999.92 0.999437
1703500000 17875.3 0.824123 2999.76 0.999671
1703600000 17875.3 -0.151795 2999.92 0.999439
1703700000 17875.3 -0.15251 2999.92 0.999427
1703800000 17875.3 -0.295717 2999.95 0.999397
1703900000 17875.3 0.148235 2999.87 0.999522
1704000000 17875.3 -0.114136 2999.92 0.99945
1704100000 17875.3 -0.170303 2999.93 0.999408
1704200000 17875.3 -0.309399 2999.95 0.999387
1704300000 17875.3 -0.209259 2999.93 0.999397
1704400000 17875.3 -0.153817 2999.92 0.999415
1704500000 17875.3 -0.121002 2999.92 0.999381
1704600000 17875.3 -0.0899817 2999.91 0.999411
1704700000 17875.3 -0.0495582 2999.91 0.999509
1704800000 17875.3 -0.317622 2999.95 0.999391
1704900000 17875.3 -0.0604345 2999.91 0.999384
1705000000 17875.3 0.509163 2999.81 0.999622
1705100000 17875.3 0.244016 2999.86 0.999593
1705200000 17875.3 -0.0926787 2999.91 0.999382
1705300000 17875.3 1.24196 2999.69 0.999862
1705400000 17875.3 -0.233306 2999.94 0.999403
1705500000 17875.3 -0.0989385 2999.91 0.999446
1705600000 17875.3 -0.218976 2999.93 0.999416
1705700000 17875.3 -0.152746 2999.92 0.999386
1705800000 17875.3 -0.126695 2999.92 0.999387
1705900000 17875.3 -0.162602 2999.93 0.999373
1706000000 17875.3 -0.292715 2999.95 0.999405
1706100000 17875.3 -0.135926 2999.92 0.999435
1706200000 17875.3 0.618673 2999.79 0.999719
1706300000 17875.3 -0.0784277 2999.91 0.999383
1706400000 17875.3 -0.218921 2999.93 0.999387
1706500000 17875.3 -0.140577 2999.92 0.999457
1706600000 17875.3 -0.240422 2999.94 0.999406
1706700000 17875.3 -0.259901 2999.94 0.99939
1706800000 17875.3 -0.216725 2999.93 0.999418
1706900000 17875.3 -0.165489 2999.93 0.999403
1707000000 17875.3 -0.118685 2999.92 0.999417
1707100000 17875.3 2.95308 2999.4 1.00009
1707200000 17875.3 0.0616777 2999.89 0.999559
1707300000 17875.3 -0.144491 2999.92 0.999509
1707400000 17875.3 -0.0354246 2999.9 0.99945
1707500000 17875.3 0.0363947 2999.89 0.999489
1707600000 17875.3 -0.0899928 2999.91 0.99938
1707700000 17875.3 0.74394 2999.77 0.999744
1707800000 17875.3 0.746613 2999.77 0.999636
1707900000 17875.3 -0.0222029 2999.9 0.999435
1708000000 17875.3 -0.0230368 2999.9 0.999433
1708100000 17875.3 0.0750669 2999.89 0.99949
1708200000 17875.3 -0.130875 2999.92 0.999446
1708300000 17875.3 -0.173458 2999.93 0.999373
1708400000 17875.3 -0.16641 2999.93 0.999386
1708500000 17875.3 0.305876 2999.85 0.999645
1708600000 17875.3 1.4603 2999.65 0.999849
1708700000 17875.3 -0.186825 2999.93 0.999427
1708800000 17875.3 -0.105772 2999.92 0.999382
1708900000 17875.3 -0.18923 2999.93 0.999375
1709000000 17875.3 0.654716 2999.79 0.999811
1709100000 17875.3 0.366063 2999.84 0.999687
1709200000 17875.3 -0.195057 2999.93 0.999393
1709300000 17875.3 -0.0582682 2999.91 0.999494
1709400000 17875.3 -0.208682 2999.93 0.999383
1709500000 17875.3 2.83526 2999.42 1.00005
1709600000 17875.3 -0.205115 2999.93 0.999375
1709700000 17875.3 0.0948884 2999.88 0.999481
1709800000 17875.3 -0.0353756 2999.9 0.999469
1709900000 17875.3 -0.175642 2999.93 0.99943
1710000000 17875.3 0.545199 2999.81 0.999666
1710100000 17875.3 -0.120331 2999.92 0.999407
1710200000 17875.3 0.164127 2999.87 0.999546
1710300000 17875.3 -0.0800024 2999.91 0.999381
1710400000 17875.3 -0.046358 2999.91 0.99944
1710500000 17875.3 -0.226148 2999.94 0.999385
1710600000 17875.3 -0.171845 2999.93 0.999383
1710700000 17875.3 -0.13327 2999.92 0.999395
1710800000 17875.3 -0.24538 2999.94 0.99941
1710900000 17875.3 -0.21519 2999.93 0.999476
1711000000 17875.3 -0.169018 2999.93 0.999437
1711100000 17875.3 0.316517 2999.84 0.99957
1711200000 17875.3 -0.241279 2999.94 0.999377
1711300000 17875.3 -0.253721 2999.94 0.999404
1711400000 17875.3 -0.114921 2999.92 0.999444
1711500000 17875.3 -0.120905 2999.92 0.999428
1711600000 17875.3 1.67169 2999.62 0.999844
1711700000 17875.3 -0.0289527 2999.9 0.999484
1711800000 17875.3 -0.111968 2999.92 0.999461
1711900000 17875.3 -0.049069 2999.91 0.999386
1712000000 17875.3 -0.143578 2999.92 0.999485
1712100000 17875.3 -0.269532 2999.94 0.99941
1712200000 17875.3 -0.128282 2999.92 0.999391
1712300000 17875.3 -0.329907 2999.95 0.999413
1712400000 17875.3 0.248688 2999.86 0.999583
1712500000 17875.3 0.1623 2999.87 0.999565
1712600000 17875.3 -0.319698 2999.95 0.999388
1712700000 17875.3 -0.158148 2999.92 0.999439
1712800000 17875.3 -0.102975 2999.92 0.999381
1712900000 17875.3 -0.128163 2999.92 0.999445
1713000000 17875.3 1.00895 2999.73 0.999711
1713100000 17875.3 -0.0581344 2999.91 0.999461
1713200000 17875.3 -0.149532 2999.92 0.999372
1713300000 17875.3 -0.089625 2999.91 0.999449
1713400000 17875.3 0.175289 2999.87 0.999495
1713500000 17875.3 -0.249412 2999.94 0.999371
1713600000 17875.3 -0.172251 2999.93 0.99939
1713700000 17875.3 -0.135373 2999.92 0.99938
1713800000 17875.3 0.0787543 2999.88 0.999534
1713900000 17875.3 -0.454335 2999.97 0.99938
1714000000 17875.3 -0.672821 3000.01 0.999391
1714100000 17875.3 -0.390924 2999.96 0.999463
1714200000 17875.3 0.931984 2999.74 0.999823
1714300000 17875.3 -0.323729 2999.95 0.999395
1714400000 17875.3 -0.435192 2999.97 0.999386
1714500000 17875.3 0.13919 2999.87 0.999568
1714600000 17875.3 -0.313961 2999.95 0.999391
1714700000 17875.3 -0.109645 2999.92 0.99938
1714800000 17875.3 -0.105727 2999.92 0.999435
1714900000 17875.3 -0.23595 2999.94 0.999412
1715000000 17875.3 1.63998 2999.62 0.999832
1715100000 17875.3 -0.215988 2999.93 0.99946
1715200000 17875.3 -0.181143 2999.93 0.999379
1715300000 17875.3 -0.26264 2999.94 0.999367
1715400000 17875.3 0.101382 2999.88 0.999627
1715500000 17875.3 -0.269263 2999.94 0.99942
1715600000 17875.3 0.616974 2999.79 0.999667
1715700000 17875.3 -0.142067 2999.92 0.999408
1715800000 17875.3 -0.168029 2999.93 0.999394
1715900000 17875.3 0.0424286 2999.89 0.999507
1716000000 17875.3 0.0480539 2999.89 0.999529
1716100000 17875.3 -0.132043 2999.92 0.999426
1716200000 17875.3 0.160579 2999.87 0.999564
1716300000 17875.3 -0.268662 2999.94 0.999406
1716400000 17875.3 -0.0875157 2999.91 0.999386
1716500000 17875.3 -0.265031 2999.94 0.99937
1716600000 17875.3 0.125256 2999.88 0.999531
1716700000 17875.3 0.752801 2999.77 0.999698
1716800000 17875.3 -0.205832 2999.93 0.999417
1716900000 17875.3 -0.311803 2999.95 0.999455
1717000000 17875.3 -0.158236 2999.92 0.999381
1717100000 17875.3 -0.32829 2999.95 0.999458
1717200000 17875.3 -0.255626 2999.94 0.999432
1717300000 17875.3 -0.212769 2999.93 0.999379
1717400000 17875.3 -0.243224 2999.94 0.999417
1717500000 17875.3 -0.0255433 2999.9 0.999389
1717600000 17875.3 0.349055 2999.84 0.999543
1717700000 17875.3 -0.244369 2999.94 0.999432
1717800000 17875.3 -0.231429 2999.94 0.999391
1717900000 17875.3 0.030126 2999.89 0.999502
1718000000 17875.3 -0.109715 2999.92 0.999394
1718100000 17875.3 -0.220323 2999.94 0.999375
1718200000 17875.3 -0.112725 2999.92 0.999471
1718300000 17875.3 -0.106429 2999.92 0.999382
1718400000 17875.3 -0.144579 2999.92 0.999426
1718500000 17875.3 0.459637 2999.82 0.999602
1718600000 17875.3 -0.240071 2999.94 0.999372
1718700000 17875.3 -0.212107 2999.93 0.999411
1718800000 17875.3 0.232967 2999.86 0.999556
1718900000 17875.3 -0.139283 2999.92 0.99938
1719000000 17875.3 1.7758 2999.6 0.999859
1719100000 17875.3 -0.121364 2999.92 0.999379
1719200000 17875.3 -0.0956105 2999.91 0.999461
1719300000 17875.3 -0.263667 2999.94 0.999374
1719400000 17875.3 -0.210432 2999.93 0.999452
1719500000 17875.3 -0.174159 2999.93 0.999411
1719600000 17875.3 -0.283682 2999.95 0.999408
1719700000 17875.3 -0.0283236 2999.9 0.999477
1719800000 17875.3 1.75907 2999.6 0.999832
1719900000 17875.3 -0.204742 2999.93 0.99941
1720000000 17875.3 -0.240871 2999.94 0.999374
1720100000 17875.3 -0.0568055 2999.91 0.999385
1720200000 17875.3 -0.277166 2999.94 0.999421
1720300000 17875.3 -0.293604 2999.95 0.999502
1720400000 17875.3 -0.227924 2999.94 0.999374
1720500000 17875.3 0.0865775 2999.88 0.999507
1720600000 17875.3 1.08255 2999.72 0.999764
1720700000 17875.3 -0.157605 2999.92 0.999395
1720800000 17875.3 -0.0758961 2999.91 0.999383
1720900000 17875.3 1.64518 2999.62 1.00001
1721000000 17875.3 0.0891065 2999.88 0.999472
1721100000 17875.3 -0.275844 2999.94 0.999377
1721200000 17875.3 0.0736561 2999.89 0.99955
1721300000 17875.3 2.7237 2999.44 1.00004
1721400000 17875.3 0.0643024 2999.89 0.999525
1721500000 17875.3 -0.147026 2999.92 0.99938
1721600000 17875.3 -0.182548 2999.93 0.999376
1721700000 17875.3 -0.197232 2999.93 0.999479
1721800000 17875.3 -0.0911506 2999.91 0.999435
1721900000 17875.3 -0.265236 2999.94 0.999368
1722000000 17875.3 0.987948 2999.73 0.999843
1722100000 17875.3 1.194 2999.7 0.999784
1722200000 17875.3 -0.124279 2999.92 0.999378
1722300000 17875.3 -0.0882888 2999.91 0.999382
1722400000 17875.3 -0.107166 2999.92 0.99939
1722500000 17875.3 -0.417868 2999.97 0.999377
1722600000 17875.3 0.160129 2999.87 0.999576
1722700000 17875.3 0.301097 2999.85 0.999594
1722800000 17875.3 -0.17813 2999.93 0.999394
1722900000 17875.3 -0.0991035 2999.91 0.999379
1723000000 17875.3 -0.0925141 2999.91 0.999379
1723100000 17875.3 -0.280769 2999.95 0.99937
1723200000 17875.3 -0.224674 2999.94 0.999439
1723300000 17875.3 -0.369993 2999.96 0.999371
1723400000 17875.3 -0.0174644 2999.9 0.999496
1723500000 17875.3 0.155943 2999.87 0.999521
1723600000 17875.3 0.891344 2999.75 0.999817
1723700000 17875.3 -0.0888296 2999.91 0.99938
1723800000 17875.3 -0.101756 2999.92 0.999493
1723900000 17875.3 -0.0844211 2999.91 0.99946
1724000000 17875.3 -0.117008 2999.92 0.999377
1724100000 17875.3 0.270878 2999.85 0.999589
1724200000 17875.3 -0.219379 2999.93 0.999428
1724300000 17875.3 -0.354228 2999.96 0.99937
1724400000 17875.3 -0.15274 2999.92 0.999417
1724500000 17875.3 0.40022 2999.83 0.999551
1724600000 17875.3 -0.174028 2999.93 0.999375
1724700000 17875.3 -0.268278 2999.94 0.999384
1724800000 17875.3 -0.0671275 2999.91 0.999451
1724900000 17875.3 0.454339 2999.82 0.999588
1725000000 17875.3 -0.0473503 2999.91 0.999446
1725100000 17875.3 -0.202373 2999.93 0.999404
1725200000 17875.3 -0.107491 2999.92 0.999378
1725300000 17875.3 0.422632 2999.83 0.999598
1725400000 17875.3 2.92761 2999.41 1.00017
1725500000 17875.3 -0.142105 2999.92 0.999376
1725600000 17875.3 0.565238 2999.8 0.999681
1725700000 17875.3 -0.135932 2999.92 0.999426
1725800000 17875.3 -0.182789 2999.93 0.999423
1725900000 17875.3 0.102772 2999.88 0.9995
1726000000 17875.3 -0.137451 2999.92 0.999383
1726100000 17875.3 -0.112665 2999.92 0.999378
1726200000 17875.3 -0.108837 2999.92 0.999381
1726300000 17875.3 -0.112764 2999.92 0.999407
1726400000 17875.3 -0.12523 2999.92 0.999379
1726500000 17875.3 -0.247884 2999.94 0.999408
1726600000 17875.3 0.845455 2999.76 0.999755
1726700000 17875.3 -0.0976769 2999.91 0.999398
1726800000 17875.3 0.0176577 2999.9 0.999507
1726900000 17875.3 0.237046 2999.86 0.999627
1727000000 17875.3 -0.0970854 2999.91 0.999468
1727100000 17875.3 -0.168333 2999.93 0.999399
1727200000 17875.3 -0.290933 2999.95 0.999387
1727300000 17875.3 0.22132 2999.86 0.999508
1727400000 17875.3 -0.15979 2999.92 0.999448
1727500000 17875.3 -0.274653 2999.94 0.999437
1727600000 17875.3 4.12388e-05 2999.9 0.999498
1727700000 17875.3 -0.140172 2999.92 0.999381
1727800000 17875.3 0.660184 2999.79 0.999609
1727900000 17875.3 -0.161721 2999.93 0.999377
1728000000 17875.3 -0.204581 2999.93 0.99944
1728100000 17875.3 -0.134397 2999.92 0.999405
1728200000 17875.3 -0.126385 2999.92 0.99938
1728300000 17875.3 -0.250529 2999.94 0.999395
1728400000 17875.3 -0.233117 2999.94 0.999369
1728500000 17875.3 0.382385 2999.83 0.999645
1728600000 17875.3 -0.389738 2999.96 0.999505
1728700000 17875.3 -0.240706 2999.94 0.99939
1728800000 17875.3 0.566566 2999.8 0.999672
1728900000 17875.3 -0.202068 2999.93 0.999376
1729000000 17875.3 -0.232584 2999.94 0.999466
1729100000 17875.3 0.144772 2999.87 0.999547
1729200000 17875.3 0.582902 2999.8 0.99961
1729300000 17875.3 0.203593 2999.86 0.999588
1729400000 17875.3 0.311193 2999.85 0.999643
1729500000 17875.3 -0.171495 2999.93 0.99944
1729600000 17875.3 -0.170297 2999.93 0.999404
1729700000 17875.3 -0.0934942 2999.91 0.999464
1729800000 17875.3 -0.143918 2999.92 0.999385
1729900000 17875.3 1.94161 2999.57 0.999869
1730000000 17875.3 0.396263 2999.83 0.999546
1730100000 17875.3 -0.268533 2999.94 0.999396
1730200000 17875.3 -0.0997604 2999.91 0.999404
1730300000 17875.3 -0.16378 2999.93 0.99942
1730400000 17875.3 0.106632 2999.88 0.999477
1730500000 17875.3 -0.109669 2999.92 0.99941
1730600000 17875.3 -0.259531 2999.94 0.999368
1730700000 17875.3 -0.123631 2999.92 0.999622
1730800000 17875.3 -0.10364 2999.92 0.999498
1730900000 17875.3 -0.134629 2999.92 0.999394
1731000000 17875.3 -0.0364811 2999.9 0.999546
1731100000 17875.3 -0.20922 2999.93 0.999381
1731200000 17875.3 0.16307 2999.87 0.999565
1731300000 17875.3 -0.195175 2999.93 0.999413
1731400000 17875.3 -0.173963 2999.93 0.999389
1731500000 17875.3 0.0324703 2999.89 0.999461
1731600000 17875.3 -0.101095 2999.92 0.999471
1731700000 17875.3 -0.167071 2999.93 0.999381
1731800000 17875.3 -0.141334 2999.92 0.999412
1731900000 17875.3 0.0182646 2999.9 0.999489
1732000000 17875.3 0.259487 2999.85 0.999592
1732100000 17875.3 -0.0561765 2999.91 0.999466
1732200000 17875.3 -0.223425 2999.94 0.999373
1732300000 17875.3 -0.0929656 2999.91 0.999418
1732400000 17875.3 -0.283182 2999.95 0.999394
1732500000 17875.3 -0.269379 2999.94 0.999394
1732600000 17875.3 -0.0933184 2999.91 0.999473
1732700000 17875.3 -0.259136 2999.94 0.999389
1732800000 17875.3 -0.0832917 2999.91 0.999382
1732900000 17875.3 0.0224347 2999.89 0.999539
1733000000 17875.3 0.10491 2999.88 0.999501
1733100000 17875.3 -0.300401 2999.95 0.999379
1733200000 17875.3 0.263489 2999.85 0.99957
1733300000 17875.3 -0.0453298 2999.91 0.999483
1733400000 17875.3 -0.183089 2999.93 0.999408
1733500000 17875.3 -0.153737 2999.92 0.999382
1733600000 17875.3 -0.318004 2999.95 0.999393
1733700000 17875.3 0.148098 2999.87 0.999511
1733800000 17875.3 0.139632 2999.87 0.999541
1733900000 17875.3 -0.103113 2999.92 0.999378
1734000000 17875.3 1.08018 2999.72 0.999837
1734100000 17875.3 -0.183772 2999.93 0.99939
1734200000 17875.3 -0.148734 2999.92 0.999376
1734300000 17875.3 -0.0386133 2999.9 0.999438
1734400000 17875.3 -0.2336 2999.94 0.99939
1734500000 17875.3 -0.152082 2999.92 0.999443
1734600000 17875.3 -0.118796 2999.92 0.999383
1734700000 17875.3 -0.246831 2999.94 0.999429
1734800000 17875.3 -0.111091 2999.92 0.999383
1734900000 17875.3 -0.157512 2999.92 0.999387
1735000000 17875.3 -0.260445 2999.94 0.999392
1735100000 17875.3 0.361189 2999.84 0.99957
1735200000 17875.3 0.239056 2999.86 0.999543
1735300000 17875.3 0.369992 2999.84 0.999621
1735400000 17875.3 1.22827 2999.69 0.999795
1735500000 17875.3 -0.192554 2999.93 0.999388
1735600000 17875.3 -0.158999 2999.92 0.999379
1735700000 17875.3 0.254542 2999.86 0.999613
1735800000 17875.3 -0.23013 2999.94 0.999385
1735900000 17875.3 -0.289057 2999.95 0.999397
1736000000 17875.3 -0.174548 2999.93 0.999387
1736100000 17875.3 -0.367623 2999.96 0.999404
1736200000 17875.3 0.553247 2999.81 0.999635
1736300000 17875.3 -0.27288 2999.94 0.999379
1736400000 17875.3 0.540674 2999.81 0.999597
1736500000 17875.3 0.0988883 2999.88 0.999582
1736600000 17875.3 -0.26543 2999.94 0.999415
1736700000 17875.3 -0.213707 2999.93 0.999379
1736800000 17875.3 -0.148125 2999.92 0.999477
1736900000 17875.3 -0.143861 2999.92 0.999377
1737000000 17875.3 -0.104964 2999.92 0.999381
1737100000 17875.3 -0.15147 2999.92 0.999371
1737200000 17875.3 0.423055 2999.83 0.999651
1737300000 17875.3 -0.222102 2999.94 0.999378
1737400000 17875.3 -0.126091 2999.92 0.999383
1737500000 17875.3 0.124002 2999.88 0.999573
1737600000 17875.3 -0.151091 2999.92 0.999383
1737700000 17875.3 0.769936 2999.77 0.999709
1737800000 17875.3 0.250915 2999.86 0.999516
1737900000 17875.3 -0.408986 2999.97 0.99939
1738000000 17875.3 -0.174377 2999.93 0.999394
1738100000 17875.3 0.753075 2999.77 0.999666
1738200000 17875.3 1.09812 2999.71 0.999762
1738300000 17875.3 -0.147412 2999.92 0.999375
1738400000 17875.3 0.776058 2999.77 0.999734
1738500000 17875.3 -0.3043 2999.95 0.99938
1738600000 17875.3 -0.0999454 2999.91 0.999381
1738700000 17875.3 -0.108387 2999.92 0.99946
1738800000 17875.3 -0.0643786 2999.91 0.999384
1738900000 17875.3 -0.126137 2999.92 0.999428
1739000000 17875.3 -0.266248 2999.94 0.999377
1739100000 17875.3 0.0264071 2999.89 0.999459
1739200000 17875.3 1.46902 2999.65 0.999813
1739300000 17875.3 0.468866 2999.82 0.999668
1739400000 17875.3 0.0683324 2999.89 0.999467
1739500000 17875.3 -0.0212896 2999.9 0.999449
1739600000 17875.3 -0.219541 2999.93 0.999496
1739700000 17875.3 -0.240858 2999.94 0.999429
1739800000 17875.3 -0.213425 2999.93 0.999402
1739900000 17875.3 0.0966349 2999.88 0.999509
1740000000 17875.3 -0.103967 2999.92 0.999382
1740100000 17875.3 -0.107975 2999.92 0.999393
1740200000 17875.3 -0.182135 2999.93 0.99938
1740300000 17875.3 -0.130479 2999.92 0.999402
1740400000 17875.3 -0.0949359 2999.91 0.999465
1740500000 17875.3 0.174813 2999.87 0.999488
1740600000 17875.3 2.34466 2999.5 1
1740700000 17875.3 -0.160762 2999.93 0.999409
1740800000 17875.3 -0.153243 2999.92 0.999383
1740900000 17875.3 -0.122581 2999.92 0.999445
1741000000 17875.3 -0.0281721 2999.9 0.999428
1741100000 17875.3 1.51072 2999.64 0.999867
1741200000 17875.3 -0.177065 2999.93 0.999498
1741300000 17875.3 -0.00475971 2999.9 0.999449
1741400000 17875.3 -0.173159 2999.93 0.999374
1741500000 17875.3 -0.215865 2999.93 0.999427
1741600000 17875.3 0.835606 2999.76 0.999792
1741700000 17875.3 -0.221058 2999.94 0.999372
1741800000 17875.3 0.158985 2999.87 0.999491
1741900000 17875.3 0.388795 2999.83 0.999622
1742000000 17875.3 0.144022 2999.87 0.999545
1742100000 17875.3 -0.311881 2999.95 0.999414
1742200000 17875.3 1.30931 2999.68 0.999737
1742300000 17875.3 -0.206511 2999.93 0.999396
1742400000 17875.3 0.324709 2999.84 0.999588
1742500000 17875.3 -0.120767 2999.92 0.999396
1742600000 17875.3 0.215856 2999.86 0.999542
1742700000 17875.3 -0.091803 2999.91 0.999536
1742800000 17875.3 -0.0921578 2999.91 0.999388
1742900000 17875.3 -0.0376302 2999.9 0.999428
1743000000 17875.3 0.826822 2999.76 0.999644
1743100000 17875.3 -0.247253 2999.94 0.999445
1743200000 17875.3 0.766946 2999.77 0.999656
1743300000 17875.3 -0.205783 2999.93 0.999369
1743400000 17875.3 -0.177642 2999.93 0.99941
1743500000 17875.3 -0.0754679 2999.91 0.999383
1743600000 17875.3 0.507551 2999.81 0.999675
1743700000 17875.3 -0.0351495 2999.9 0.999528
1743800000 17875.3 0.227008 2999.86 0.999558
1743900000 17875.3 -0.268671 2999.94 0.999418
1744000000 17875.3 -0.138972 2999.92 0.999376
1744100000 17875.3 -0.278041 2999.94 0.999373
1744200000 17875.3 -0.149569 2999.92 0.999416
1744300000 17875.3 -0.124436 2999.92 0.999398
1744400000 17875.3 -0.19823 2999.93 0.99938
1744500000 17875.3 -0.0781529 2999.91 0.999497
1744600000 17875.3 0.441719 2999.82 0.999561
1744700000 17875.3 0.144905 2999.87 0.999567
1744800000 17875.3 -0.222579 2999.94 0.999433
1744900000 17875.3 -0.185616 2999.93 0.999425
1745000000 17875.3 -0.185131 2999.93 0.999396
1745100000 17875.3 -0.00531281 2999.9 0.999464
1745200000 17875.3 -0.0350377 2999.9 0.999388
1745300000 17875.3 1.04862 2999.72 0.99972
1745400000 17875.3 0.394672 2999.83 0.999608
1745500000 17875.3 -0.175169 2999.93 0.999382
1745600000 17875.3 -0.294995 2999.95 0.999386
1745700000 17875.3 -0.245111 2999.94 0.999369
1745800000 17875.3 -0.196957 2999.93 0.999382
1745900000 17875.3 0.00178648 2999.9 0.999536
1746000000 17875.3 -0.171119 2999.93 0.999377
1746100000 17875.3 -0.190599 2999.93 0.999445
1746200000 17875.3 0.929294 2999.74 0.999666
1746300000 17875.3 -0.289238 2999.95 0.999395
1746400000 17875.3 0.319121 2999.84 0.999589
1746500000 17875.3 -0.0893033 2999.91 0.999389
1746600000 17875.3 0.0955047 2999.88 0.999485
1746700000 17875.3 -0.0776457 2999.91 0.999438
1746800000 17875.3 1.2152 2999.69 0.999807
1746900000 17875.3 0.420367 2999.83 0.999616
1747000000 17875.3 -0.249658 2999.94 0.999385
1747100000 17875.3 -0.0975524 2999.91 0.999383
1747200000 17875.3 -0.0596247 2999.91 0.999384
1747300000 17875.3 0.23823 2999.86 0.999561
1747400000 17875.3 -0.149371 2999.92 0.999424
1747500000 17875.3 0.329205 2999.84 0.999576
1747600000 17875.3 -0.286789 2999.95 0.999384
1747700000 17875.3 -0.229671 2999.94 0.99941
1747800000 17875.3 -0.197608 2999.93 0.999426
1747900000 17875.3 0.380933 2999.83 0.999623
1748000000 17875.3 -0.205403 2999.93 0.9994
1748100000 17875.3 4.32989 2999.17 1.00044
1748200000 17875.3 1.56989 2999.63 0.999861
1748300000 17875.3 -0.0639321 2999.91 0.999428
1748400000 17875.3 -0.237803 2999.94 0.999394
1748500000 17875.3 -0.205416 2999.93 0.999385
1748600000 17875.3 0.424141 2999.83 0.999598
1748700000 17875.3 -0.0726121 2999.91 0.999382
1748800000 17875.3 -0.0607096 2999.91 0.999447
1748900000 17875.3 -0.11071 2999.92 0.999384
1749000000 17875.3 -0.228141 2999.94 0.999372
1749100000 17875.3 -0.100638 2999.91 0.99938
1749200000 17875.3 0.472594 2999.82 0.999634
1749300000 17875.3 -0.145076 2999.92 0.999391
1749400000 17875.3 0.00098547 2999.9 0.999544
1749500000 17875.3 -0.167052 2999.93 0.999419
1749600000 17875.3 -0.203481 2999.93 0.999377
1749700000 17875.3 -0.0621719 2999.91 0.999475
1749800000 17875.3 -0.0978145 2999.91 0.999388
1749900000 17875.3 -0.13559 2999.92 0.999418
1750000000 17875.3 0.0115161 2999.9 0.999553
1750100000 17875.3 0.214139 2999.86 0.999539
1750200000 17875.3 -0.183989 2999.93 0.999372
1750300000 17875.3 -0.287393 2999.95 0.999435
1750400000 17875.3 -0.150108 2999.92 0.999418
1750500000 17875.3 0.651218 2999.79 0.999637
1750600000 17875.3 0.868591 2999.75 0.999656
1750700000 17875.3 -0.104048 2999.92 0.999378
1750800000 17875.3 -0.122804 2999.92 0.999441
1750900000 17875.3 -0.237749 2999.94 0.999375
1751000000 17875.3 -0.0837604 2999.91 0.999391
1751100000 17875.3 -0.06972 2999.91 0.999384
1751200000 17875.3 0.645611 2999.79 0.999687
1751300000 17875.3 0.289936 2999.85 0.99953
1751400000 17875.3 -0.239128 2999.94 0.999378
1751500000 17875.3 -0.323217 2999.95 0.999398
1751600000 17875.3 0.517283 2999.81 0.999779
1751700000 17875.3 0.258365 2999.85 0.999515
1751800000 17875.3 0.544361 2999.81 0.999689
1751900000 17875.3 -0.00700606 2999.9 0.999528
1752000000 17875.3 0.0507472 2999.89 0.999456
1752100000 17875.3 -0.150552 2999.92 0.999459
1752200000 17875.3 1.11602 2999.71 0.999706
1752300000 17875.3 -0.113613 2999.92 0.999383
1752400000 17875.3 -0.215619 2999.93 0.999368
1752500000 17875.3 -0.35176 2999.96 0.999392
1752600000 17875.3 -0.227911 2999.94 0.999382
1752700000 17875.3 -0.184613 2999.93 0.999383
1752800000 17875.3 -0.185844 2999.93 0.999376
1752900000 17875.3 -0.164033 2999.93 0.99938
1753000000 17875.3 0.42501 2999.83 0.999631
1753100000 17875.3 1.42251 2999.66 0.999766
1753200000 17875.3 -0.0718478 2999.91 0.999488
1753300000 17875.3 0.488995 2999.82 0.999688
1753400000 17875.3 -0.0458436 2999.91 0.999388
1753500000 17875.3 0.302923 2999.85 0.999563
1753600000 17875.3 -0.148123 2999.92 0.999408
1753700000 17875.3 -0.133732 2999.92 0.99943
1753800000 17875.3 1.76966 2999.6 0.999851
1753900000 17875.3 -0.0449895 2999.91 0.999387
1754000000 17875.3 0.231353 2999.86 0.999545
1754100000 17875.3 -0.0220122 2999.9 0.999437
1754200000 17875.3 -0.273426 2999.94 0.999375
1754300000 17875.3 -0.0838409 2999.91 0.999429
1754400000 17875.3 -0.256878 2999.94 0.99942
1754500000 17875.3 -0.0621451 2999.91 0.999423
1754600000 17875.3 -0.249891 2999.94 0.999477
1754700000 17875.3 0.16748 2999.87 0.999563
1754800000 17875.3 -0.239924 2999.94 0.999408
1754900000 17875.3 -0.0322444 2999.9 0.999437
1755000000 17875.3 -0.156308 2999.92 0.999379
1755100000 17875.3 4.24386 2999.19 1.00035
1755200000 17875.3 -0.19968 2999.93 0.999387
1755300000 17875.3 -0.0710572 2999.91 0.999384
1755400000 17875.3 0.828141 2999.76 0.999691
1755500000 17875.3 0.201385 2999.86 0.999549
1755600000 17875.3 -0.328388 2999.95 0.999387
1755700000 17875.3 0.164419 2999.87 0.999553
1755800000 17875.3 -0.0965374 2999.91 0.999425
1755900000 17875.3 0.201011 2999.86 0.999551
1756000000 17875.3 0.430212 2999.83 0.999575
1756100000 17875.3 2.613 2999.46 1.00013
1756200000 17875.3 -0.312861 2999.95 0.99939
1756300000 17875.3 -0.168711 2999.93 0.999471
1756400000 17875.3 -0.260362 2999.94 0.999466
1756500000 17875.3 -0.276416 2999.94 0.999377
1756600000 17875.3 -0.0619855 2999.91 0.999384
1756700000 17875.3 -0.17043 2999.93 0.999453
1756800000 17875.3 -0.153458 2999.92 0.999379
1756900000 17875.3 -0.503066 2999.98 0.999449
1757000000 17875.3 -0.51434 2999.98 0.999405
1757100000 17875.3 -0.328813 2999.95 0.999451
1757200000 17875.3 -0.437044 2999.97 0.999384
1757300000 17875.3 -0.466126 2999.98 0.999379
1757400000 17875.3 -0.13591 2999.92 0.999507
1757500000 17875.3 -0.304907 2999.95 0.999363
1757600000 17875.3 -0.489405 2999.98 0.999475
1757700000 17875.3 -0.218835 2999.93 0.999428
1757800000 17875.3 0.167931 2999.87 0.999617
1757900000 17875.3 0.0514043 2999.89 0.999452
1758000000 17875.3 -0.105171 2999.92 0.999396
1758100000 17875.3 0.492608 2999.82 0.999675
1758200000 17875.3 -0.217813 2999.93 0.999454
1758300000 17875.3 0.100503 2999.88 0.999472
1758400000 17875.3 -0.198167 2999.93 0.999457
1758500000 17875.3 -0.16681 2999.93 0.999408
1758600000 17875.3 3.0513 2999.39 1.00009
1758700000 17875.3 0.186766 2999.87 0.999535
1758800000 17875.3 -0.0552388 2999.91 0.99946
1758900000 17875.3 -0.314706 2999.95 0.999397
1759000000 17875.3 -0.206856 2999.93 0.99941
1759100000 17875.3 -0.203823 2999.93 0.999383
1759200000 17875.3 -0.0427415 2999.91 0.999466
1759300000 17875.3 -0.155265 2999.92 0.99939
1759400000 17875.3 -0.149475 2999.92 0.999419
1759500000 17875.3 -0.321853 2999.95 0.999422
1759600000 17875.3 -0.189968 2999.93 0.999413
1759700000 17875.3 -0.358003 2999.96 0.999399
1759800000 17875.3 -0.210875 2999.93 0.999376
1759900000 17875.3 -0.145972 2999.92 0.999422
1760000000 17875.3 -0.185973 2999.93 0.999378
1760100000 17875.3 -0.260387 2999.94 0.999426
1760200000 17875.3 -0.121083 2999.92 0.999425
1760300000 17875.3 -0.200411 2999.93 0.999385
1760400000 17875.3 -0.117489 2999.92 0.999424
1760500000 17875.3 0.143348 2999.87 0.999561
1760600000 17875.3 -0.317927 2999.95 0.999393
1760700000 17875.3 -0.147163 2999.92 0.999388
1760800000 17875.3 -0.248482 2999.94 0.999378
1760900000 17875.3 0.285496 2999.85 0.999592
1761000000 17875.3 0.11413 2999.88 0.999514
1761100000 17875.3 -0.049403 2999.91 0.999471
1761200000 17875.3 -0.207785 2999.93 0.999394
1761300000 17875.3 2.18305 2999.53 0.999941
1761400000 17875.3 -0.0893781 2999.91 0.999461
1761500000 17875.3 -0.12558 2999.92 0.999424
1761600000 17875.3 0.018058 2999.9 0.999511
1761700000 17875.3 -0.0735966 2999.91 0.999382
1761800000 17875.3 0.291236 2999.85 0.999545
1761900000 17875.3 -0.209595 2999.93 0.99938
1762000000 17875.3 -0.160288 2999.93 0.999377
1762100000 17875.3 -0.166141 2999.93 0.99949
1762200000 17875.3 2.47239 2999.48 1.00007
1762300000 17875.3 -0.291055 2999.95 0.999371
1762400000 17875.3 -0.141571 2999.92 0.999382
1762500000 17875.3 -0.0760226 2999.91 0.999382
1762600000 17875.3 -0.374583 2999.96 0.999382
1762700000 17875.3 -0.176285 2999.93 0.999371
1762800000 17875.3 0.658734 2999.79 0.99963
1762900000 17875.3 0.140848 2999.87 0.999503
1763000000 17875.3 1.02173 2999.73 0.999791
1763100000 17875.3 0.622273 2999.79 0.999654
1763200000 17875.3 -0.304835 2999.95 0.999428
1763300000 17875.3 -0.220311 2999.94 0.999372
1763400000 17875.3 -0.180428 2999.93 0.999386
1763500000 17875.3 1.36831 2999.67 0.999951
1763600000 17875.3 -0.342623 2999.96 0.999397
1763700000 17875.3 -0.463582 2999.98 0.999368
1763800000 17875.3 -0.14267 2999.92 0.999413
1763900000 17875.3 -0.174257 2999.93 0.999376
1764000000 17875.3 -0.0475308 2999.91 0.999387
1764100000 17875.3 0.0792117 2999.88 0.999511
1764200000 17875.3 -0.0256913 2999.9 0.999487
1764300000 17875.3 -0.168429 2999.93 0.999419
1764400000 17875.3 -0.226593 2999.94 0.999417
1764500000 17875.3 -0.220329 2999.94 0.999391
1764600000 17875.3 -0.203148 2999.93 0.999428
1764700000 17875.3 -0.0293912 2999.9 0.999488
1764800000 17875.3 -0.188675 2999.93 0.999393
1764900000 17875.3 -0.272063 2999.94 0.999395
1765000000 17875.3 -0.0241234 2999.9 0.999495
1765100000 17875.3 -0.129383 2999.92 0.999376
1765200000 17875.3 -0.0776929 2999.91 0.99938
1765300000 17875.3 -0.0314972 2999.9 0.999436
1765400000 17875.3 -0.160165 2999.92 0.999383
1765500000 17875.3 -0.177711 2999.93 0.999409
1765600000 17875.3 -0.134202 2999.92 0.999417
1765700000 17875.3 -0.0128093 2999.9 0.999451
1765800000 17875.3 -0.139415 2999.92 0.999472
1765900000 17875.3 -0.0457632 2999.91 0.999441
1766000000 17875.3 -0.0882214 2999.91 0.999407
1766100000 17875.3 0.517757 2999.81 0.999627
1766200000 17875.3 -0.257271 2999.94 0.999395
1766300000 17875.3 -0.29054 2999.95 0.999406
1766400000 17875.3 -0.109894 2999.92 0.999378
1766500000 17875.3 -0.0513247 2999.91 0.999429
1766600000 17875.3 0.570268 2999.8 0.999639
1766700000 17875.3 -0.179843 2999.93 0.999427
1766800000 17875.3 -0.213118 2999.93 0.999403
1766900000 17875.3 0.953792 2999.74 0.999684
1767000000 17875.3 0.84575 2999.76 0.999742
1767100000 17875.3 0.722205 2999.78 0.99966
1767200000 17875.3 -0.132248 2999.92 0.999406
1767300000 17875.3 -0.196004 2999.93 0.999442
1767400000 17875.3 -0.0944839 2999.91 0.999468
1767500000 17875.3 -0.0961665 2999.91 0.999394
1767600000 17875.3 0.157483 2999.87 0.999569
1767700000 17875.3 -0.124394 2999.92 0.99946
1767800000 17875.3 -0.197944 2999.93 0.999397
1767900000 17875.3 -0.275697 2999.94 0.999395
1768000000 17875.3 0.363681 2999.84 0.999651
1768100000 17875.3 -0.122532 2999.92 0.999379
1768200000 17875.3 -0.216324 2999.93 0.999383
1768300000 17875.3 0.137516 2999.88 0.999537
1768400000 17875.3 0.620057 2999.79 0.999636
1768500000 17875.3 1.34544 2999.67 0.999781
1768600000 17875.3 -0.165607 2999.93 0.999393
1768700000 17875.3 -0.221271 2999.94 0.999376
1768800000 17875.3 -0.28379 2999.95 0.999404
1768900000 17875.3 -0.192057 2999.93 0.999473
1769000000 17875.3 -0.151729 2999.92 0.999401
1769100000 17875.3 -0.116518 2999.92 0.999385
1769200000 17875.3 0.106906 2999.88 0.99947
1769300000 17875.3 -0.0579477 2999.91 0.999409
1769400000 17875.3 -0.190065 2999.93 0.999375
1769500000 17875.3 -0.25535 2999.94 0.999374
1769600000 17875.3 -0.147946 2999.92 0.999375
1769700000 17875.3 -0.174684 2999.93 0.999411
1769800000 17875.3 0.394623 2999.83 0.999653
1769900000 17875.3 -0.0959861 2999.91 0.999386
1770000000 17875.3 -0.185957 2999.93 0.999418
1770100000 17875.3 0.156787 2999.87 0.99949
1770200000 17875.3 -0.293432 2999.95 0.999372
1770300000 17875.3 -0.0700361 2999.91 0.999383
1770400000 17875.3 -0.189635 2999.93 0.999433
1770500000 17875.3 -0.271304 2999.94 0.999375
1770600000 17875.3 -0.259475 2999.94 0.999412
1770700000 17875.3 -0.0860548 2999.91 0.999381
1770800000 17875.3 -0.215348 2999.93 0.999387
1770900000 17875.3 0.563791 2999.8 0.999632
1771000000 17875.3 -0.0761916 2999.91 0.999454
1771100000 17875.3 -0.0586727 2999.91 0.99942
1771200000 17875.3 -0.0712562 2999.91 0.999404
1771300000 17875.3 -0.167845 2999.93 0.999474
1771400000 17875.3 -0.0309922 2999.9 0.99942
1771500000 17875.3 1.16463 2999.7 0.999995
1771600000 17875.3 -0.0234119 2999.9 0.999436
1771700000 17875.3 0.448867 2999.82 0.999599
1771800000 17875.3 0.0544344 2999.89 0.999577
1771900000 17875.3 -0.152115 2999.92 0.999428
1772000000 17875.3 -0.230686 2999.94 0.999398
1772100000 17875.3 0.417266 2999.83 0.999618
1772200000 17875.3 -0.144246 2999.92 0.999393
1772300000 17875.3 -0.106406 2999.92 0.999379
1772400000 17875.3 -0.105551 2999.92 0.999425
1772500000 17875.3 -0.203805 2999.93 0.999415
1772600000 17875.3 -0.163798 2999.93 0.99939
1772700000 17875.3 -0.122625 2999.92 0.999412
1772800000 17875.3 -0.175525 2999.93 0.999378
1772900000 17875.3 0.818423 2999.76 0.999717
1773000000 17875.3 -0.281691 2999.95 0.999392
1773100000 17875.3 -0.0947915 2999.91 0.999474
1773200000 17875.3 0.854803 2999.75 0.999757
1773300000 17875.3 -0.0838312 2999.91 0.999419
1773400000 17875.3 -0.190905 2999.93 0.999395
1773500000 17875.3 -0.0477018 2999.91 0.999462
1773600000 17875.3 0.101046 2999.88 0.999631
1773700000 17875.3 -0.181115 2999.93 0.999405
1773800000 17875.3 -0.0933138 2999.91 0.99938
1773900000 17875.3 -0.175451 2999.93 0.999421
1774000000 17875.3 -0.236521 2999.94 0.99948
1774100000 17875.3 0.373414 2999.84 0.999556
1774200000 17875.3 -0.182286 2999.93 0.999469
1774300000 17875.3 0.953126 2999.74 0.999666
1774400000 17875.3 -0.107585 2999.92 0.99944
1774500000 17875.3 -0.178068 2999.93 0.999385
1774600000 17875.3 0.048327 2999.89 0.999516
1774700000 17875.3 -0.146319 2999.92 0.999489
1774800000 17875.3 -0.303127 2999.95 0.999409
1774900000 17875.3 -0.0409755 2999.9 0.999387
1775000000 17875.3 -0.117889 2999.92 0.999413
1775100000 17875.3 -0.379423 2999.96 0.99937
1775200000 17875.3 0.0257912 2999.89 0.99948
1775300000 17875.3 0.68159 2999.78 0.999617
1775400000 17875.3 -0.341704 2999.96 0.999443
1775500000 17875.3 -0.203485 2999.93 0.999464
1775600000 17875.3 -0.231214 2999.94 0.999379
1775700000 17875.3 0.560023 2999.8 0.999586
1775800000 17875.3 -0.267283 2999.94 0.99941
1775900000 17875.3 2.01084 2999.56 0.999957
1776000000 17875.3 -0.156008 2999.92 0.999374
1776100000 17875.3 -0.20788 2999.93 0.999384
1776200000 17875.3 -0.165438 2999.93 0.999392
1776300000 17875.3 -0.133305 2999.92 0.999376
1776400000 17875.3 0.302066 2999.85 0.999529
1776500000 17875.3 0.755909 2999.77 0.999802
1776600000 17875.3 -0.137203 2999.92 0.999382
1776700000 17875.3 0.187579 2999.87 0.999503
1776800000 17875.3 -0.373006 2999.96 0.999413
1776900000 17875.3 -0.110152 2999.92 0.999413
1777000000 17875.3 -0.124538 2999.92 0.999379
1777100000 17875.3 0.0690525 2999.89 0.999478
1777200000 17875.3 0.625848 2999.79 0.999733
1777300000 17875.3 0.212715 2999.86 0.99955
1777400000 17875.3 -0.19666 2999.93 0.99939
1777500000 17875.3 -0.17671 2999.93 0.999388
1777600000 17875.3 -0.114429 2999.92 0.999375
1777700000 17875.3 -0.180741 2999.93 0.999446
1777800000 17875.3 -0.309403 2999.95 0.999372
1777900000 17875.3 -0.142401 2999.92 0.999375
1778000000 17875.3 0.189809 2999.87 0.999512
1778100000 17875.3 0.22203 2999.86 0.999566
1778200000 17875.3 -0.105937 2999.92 0.99941
1778300000 17875.3 -0.181807 2999.93 0.999411
1778400000 17875.3 -0.175154 2999.93 0.999376
1778500000 17875.3 -0.186533 2999.93 0.999392
1778600000 17875.3 0.539291 2999.81 0.999606
1778700000 17875.3 0.0492638 2999.89 0.999513
1778800000 17875.3 0.323218 2999.84 0.999575
1778900000 17875.3 -0.153133 2999.92 0.999392
1779000000 17875.3 -0.126967 2999.92 0.999377
1779100000 17875.3 0.626312 2999.79 0.999733
1779200000 17875.3 0.370877 2999.84 0.999606
1779300000 17875.3 0.146839 2999.87 0.999511
1779400000 17875.3 0.65793 2999.79 0.999662
1779500000 17875.3 -0.356506 2999.96 0.999419
1779600000 17875.3 -0.333977 2999.95 0.999371
1779700000 17875.3 -0.242325 2999.94 0.999381
1779800000 17875.3 -0.0612852 2999.91 0.999462
1779900000 17875.3 0.0071288 2999.9 0.999519
1780000000 17875.3 -0.20067 2999.93 0.99941
1780100000 17875.3 -0.18726 2999.93 0.999403
1780200000 17875.3 -0.399542 2999.97 0.999379
1780300000 17875.3 0.246946 2999.86 0.999656
1780400000 17875.3 -0.191002 2999.93 0.999379
1780500000 17875.3 -0.12797 2999.92 0.999431
1780600000 17875.3 -0.129949 2999.92 0.999379
1780700000 17875.3 0.0644934 2999.89 0.99951
1780800000 17875.3 -0.211468 2999.93 0.99941
1780900000 17875.3 -0.196994 2999.93 0.99938
1781000000 17875.3 -0.170428 2999.93 0.99942
1781100000 17875.3 -0.129591 2999.92 0.999429
1781200000 17875.3 -0.161869 2999.93 0.999464
1781300000 17875.3 -0.00944037 2999.9 0.999467
1781400000 17875.3 0.373825 2999.84 0.999567
1781500000 17875.3 0.0956449 2999.88 0.999551
1781600000 17875.3 -0.197727 2999.93 0.999378
1781700000 17875.3 -0.321471 2999.95 0.999422
1781800000 17875.3 0.184695 2999.87 0.99953
1781900000 17875.3 0.726308 2999.78 0.999647
1782000000 17875.3 -0.189924 2999.93 0.999379
1782100000 17875.3 0.758288 2999.77 0.999717
1782200000 17875.3 0.650169 2999.79 0.999679
1782300000 17875.3 -0.0993443 2999.91 0.999447
1782400000 17875.3 -0.222323 2999.94 0.999393
1782500000 17875.3 -0.111547 2999.92 0.999379
1782600000 17875.3 -0.157277 2999.92 0.999388
1782700000 17875.3 0.645445 2999.79 0.999709
1782800000 17875.3 -0.133258 2999.92 0.999378
1782900000 17875.3 -0.0247513 2999.9 0.99945
1783000000 17875.3 0.462796 2999.82 0.999631
1783100000 17875.3 0.403925 2999.83 0.999647
1783200000 17875.3 -0.170883 2999.93 0.999427
1783300000 17875.3 -0.140192 2999.92 0.99938
1783400000 17875.3 -0.262776 2999.94 0.999406
1783500000 17875.3 -0.0732518 2999.91 0.999434
1783600000 17875.3 -0.270373 2999.94 0.999375
1783700000 17875.3 0.338069 2999.84 0.999541
1783800000 17875.3 -0.136583 2999.92 0.9994
1783900000 17875.3 -0.220962 2999.94 0.999386
1784000000 17875.3 -0.09584 2999.91 0.999382
1784100000 17875.3 -0.0227761 2999.9 0.999448
1784200000 17875.3 -0.133394 2999.92 0.999456
1784300000 17875.3 -0.187114 2999.93 0.999441
1784400000 17875.3 -0.245742 2999.94 0.999383
1784500000 17875.3 -0.144066 2999.92 0.999407
1784600000 17875.3 -0.144162 2999.92 0.999379
1784700000 17875.3 -0.208918 2999.93 0.999411
1784800000 17875.3 -0.153493 2999.92 0.999421
1784900000 17875.3 -0.303301 2999.95 0.999387
1785000000 17875.3 -0.119685 2999.92 0.999407
1785100000 17875.3 0.0931545 2999.88 0.999476
1785200000 17875.3 -0.16778 2999.93 0.999374
1785300000 17875.3 -0.279418 2999.94 0.999403
1785400000 17875.3 -0.172714 2999.93 0.999385
1785500000 17875.3 1.79927 2999.6 0.999832
1785600000 17875.3 -0.000735191 2999.9 0.999482
1785700000 17875.3 -0.286618 2999.95 0.999415
1785800000 17875.3 0.116151 2999.88 0.999498
1785900000 17875.3 1.28593 2999.68 0.999855
1786000000 17875.3 -0.431287 2999.97 0.999419
1786100000 17875.3 0.0342635 2999.89 0.999507
1786200000 17875.3 -0.237267 2999.94 0.999375
1786300000 17875.3 -0.183435 2999.93 0.999432
1786400000 17875.3 -0.0292762 2999.9 0.999482
1786500000 17875.3 -0.222625 2999.94 0.999416
1786600000 17875.3 0.274053 2999.85 0.999645
1786700000 17875.3 -0.256464 2999.94 0.999373
1786800000 17875.3 -0.169048 2999.93 0.999397
1786900000 17875.3 -0.345396 2999.96 0.999399
1787000000 17875.3 -0.141519 2999.92 0.999381
1787100000 17875.3 0.277374 2999.85 0.999587
1787200000 17875.3 -0.213583 2999.93 0.999392
1787300000 17875.3 -0.106249 2999.92 0.999382
1787400000 17875.3 -0.149207 2999.92 0.999419
1787500000 17875.3 0.407981 2999.83 0.999613
1787600000 17875.3 0.584682 2999.8 0.999606
1787700000 17875.3 0.357735 2999.84 0.999543
1787800000 17875.3 -0.125498 2999.92 0.999377
1787900000 17875.3 0.260095 2999.85 0.999573
1788000000 17875.3 -0.158839 2999.92 0.999394
1788100000 17875.3 -0.171263 2999.93 0.999376
1788200000 17875.3 0.0893213 2999.88 0.999588
1788300000 17875.3 -0.22472 2999.94 0.999366
1788400000 17875.3 -0.249313 2999.94 0.999403
1788500000 17875.3 0.0119427 2999.9 0.99949
1788600000 17875.3 0.373452 2999.84 0.999549
1788700000 17875.3 -0.102323 2999.92 0.999449
1788800000 17875.3 1.28732 2999.68 0.999985
1788900000 17875.3 -0.241448 2999.94 0.999378
1789000000 17875.3 -0.130952 2999.92 0.999442
1789100000 17875.3 0.84842 2999.76 0.999829
1789200000 17875.3 -0.271025 2999.94 0.999397
1789300000 17875.3 -0.0574545 2999.91 0.999384
1789400000 17875.3 -0.152472 2999.92 0.999415
1789500000 17875.3 -0.0908622 2999.91 0.999381
1789600000 17875.3 1.19101 2999.7 0.999792
1789700000 17875.3 1.28795 2999.68 0.999894
1789800000 17875.3 -0.136622 2999.92 0.999378
1789900000 17875.3 -0.10217 2999.92 0.999379
1790000000 17875.3 -0.118378 2999.92 0.999432
1790100000 17875.3 -0.228816 2999.94 0.999411
1790200000 17875.3 -0.270198 2999.94 0.999363
1790300000 17875.3 0.814989 2999.76 0.99964
1790400000 17875.3 2.34617 2999.5 0.999977
1790500000 17875.3 -0.235937 2999.94 0.999412
1790600000 17875.3 -0.0509 2999.91 0.999455
1790700000 17875.3 -0.17441 2999.93 0.999417
1790800000 17875.3 -0.25921 2999.94 0.999386
1790900000 17875.3 0.286811 2999.85 0.999563
1791000000 17875.3 0.178974 2999.87 0.999557
1791100000 17875.3 -0.139231 2999.92 0.999389
1791200000 17875.3 3.2794 2999.35 1.0003
1791300000 17875.3 -0.106017 2999.92 0.999414
1791400000 17875.3 1.53355 2999.64 0.999825
1791500000 17875.3 -0.321718 2999.95 0.99939
1791600000 17875.3 -0.212195 2999.93 0.999385
1791700000 17875.3 4.89529 2999.08 1.00052
1791800000 17875.3 0.0910795 2999.88 0.999537
1791900000 17875.3 1.41869 2999.66 0.999788
1792000000 17875.3 1.35441 2999.67 0.999764
1792100000 17875.3 4.64436 2999.12 1.00039
1792200000 17875.3 -0.171875 2999.93 0.999389
1792300000 17875.3 -0.131715 2999.92 0.9994
1792400000 17875.3 0.520022 2999.81 0.99965
1792500000 17875.3 -0.156569 2999.92 0.999428
1792600000 17875.3 -0.208557 2999.93 0.999368
1792700000 17875.3 0.652901 2999.79 0.999614
1792800000 17875.3 0.0441717 2999.89 0.999478
1792900000 17875.3 0.207516 2999.86 0.999503
1793000000 17875.3 -0.12028 2999.92 0.999393
1793100000 17875.3 -0.281744 2999.95 0.999366
1793200000 17875.3 -0.219338 2999.93 0.999479
1793300000 17875.3 -0.0958511 2999.91 0.999405
1793400000 17875.3 -0.258288 2999.94 0.9994
1793500000 17875.3 -0.060768 2999.91 0.999453
1793600000 17875.3 -0.437024 2999.97 0.999375
1793700000 17875.3 -0.170984 2999.93 0.999376
1793800000 17875.3 -0.0710864 2999.91 0.999415
1793900000 17875.3 1.0501 2999.72 0.999756
1794000000 17875.3 -0.105008 2999.92 0.999399
1794100000 17875.3 -0.0975279 2999.91 0.999431
1794200000 17875.3 0.672444 2999.79 0.999696
1794300000 17875.3 -0.185199 2999.93 0.999449
1794400000 17875.3 0.466974 2999.82 0.999611
1794500000 17875.3 -0.269394 2999.94 0.999398
1794600000 17875.3 -0.00729517 2999.9 0.999627
1794700000 17875.3 0.449984 2999.82 0.999649
1794800000 17875.3 -0.225074 2999.94 0.999384
1794900000 17875.3 -0.172754 2999.93 0.99944
1795000000 17875.3 -0.0598047 2999.91 0.999447
1795100000 17875.3 -0.0724412 2999.91 0.999385
1795200000 17875.3 0.444011 2999.82 0.999639
1795300000 17875.3 1.13121 2999.71 0.999826
1795400000 17875.3 -0.060584 2999.91 0.999444
1795500000 17875.3 0.911092 2999.75 0.999677
1795600000 17875.3 -0.260403 2999.94 0.999401
1795700000 17875.3 1.33207 2999.67 0.999781
1795800000 17875.3 -0.0334714 2999.9 0.999485
1795900000 17875.3 -0.123152 2999.92 0.999493
1796000000 17875.3 -0.301596 2999.95 0.999387
1796100000 17875.3 -0.155514 2999.92 0.999396
1796200000 17875.3 1.38388 2999.67 0.999758
1796300000 17875.3 -0.102672 2999.92 0.999507
1796400000 17875.3 -0.191814 2999.93 0.999382
1796500000 17875.3 -0.280046 2999.95 0.999417
1796600000 17875.3 -0.276751 2999.94 0.999393
1796700000 17875.3 -0.315036 2999.95 0.999402
1796800000 17875.3 -0.178301 2999.93 0.999443
1796900000 17875.3 -0.14779 2999.92 0.999392
1797000000 17875.3 -0.221049 2999.94 0.999377
1797100000 17875.3 -0.330656 2999.95 0.999366
1797200000 17875.3 0.0376703 2999.89 0.999522
1797300000 17875.3 -0.102082 2999.92 0.99945
1797400000 17875.3 -0.162232 2999.93 0.99946
1797500000 17875.3 0.0204781 2999.89 0.99946
1797600000 17875.3 -0.293471 2999.95 0.999385
1797700000 17875.3 -0.0536258 2999.91 0.999429
1797800000 17875.3 0.751654 2999.77 0.999676
1797900000 17875.3 0.156406 2999.87 0.999504
1798000000 17875.3 -0.0545963 2999.91 0.999442
1798100000 17875.3 -0.0302821 2999.9 0.999514
1798200000 17875.3 0.233176 2999.86 0.999625
1798300000 17875.3 -0.1167 2999.92 0.999448
1798400000 17875.3 2.06785 2999.55 0.99997
1798500000 17875.3 -0.190294 2999.93 0.999527
1798600000 17875.3 -0.0934594 2999.91 0.999379
1798700000 17875.3 -0.194134 2999.93 0.999377
1798800000 17875.3 -0.261006 2999.94 0.999379
1798900000 17875.3 -0.23766 2999.94 0.999435
1799000000 17875.3 -0.105821 2999.92 0.999386
1799100000 17875.3 0.12681 2999.88 0.999573
1799200000 17875.3 8.78933 2998.42 1.00109
1799300000 17875.3 -0.0990307 2999.91 0.999429
1799400000 17875.3 -0.259035 2999.94 0.999384
1799500000 17875.3 -0.205923 2999.93 0.999382
1799600000 17875.3 -0.293733 2999.95 0.999379
1799700000 17875.3 -0.252302 2999.94 0.999372
1799800000 17875.3 -0.159583 2999.92 0.999376
1799900000 17875.3 -0.100026 2999.91 0.999381
1800000000 17875.3 -0.390164 2999.96 0.999381
1800100000 17875.3 0.0992553 2999.88 0.999489
1800200000 17875.3 -0.221858 2999.94 0.999409
1800300000 17875.3 -0.234692 2999.94 0.999383
1800400000 17875.3 -0.247581 2999.94 0.999368
1800500000 17875.3 -0.182451 2999.93 0.999376
1800600000 17875.3 0.395549 2999.83 0.999604
1800700000 17875.3 -0.10717 2999.92 0.999406
1800800000 17875.3 0.561133 2999.8 0.999646
1800900000 17875.3 1.00798 2999.73 0.999791
1801000000 17875.3 -0.142147 2999.92 0.999445
1801100000 17875.3 -0.0948881 2999.91 0.999504
1801200000 17875.3 -0.196698 2999.93 0.999384
1801300000 17875.3 -0.204347 2999.93 0.999434
1801400000 17875.3 -0.0649342 2999.91 0.999384
1801500000 17875.3 -0.291644 2999.95 0.999403
1801600000 17875.3 -0.177445 2999.93 0.9994
1801700000 17875.3 -0.21744 2999.93 0.999406
1801800000 17875.3 -0.126141 2999.92 0.999393
1801900000 17875.3 -0.277513 2999.94 0.999374
1802000000 17875.3 -0.199784 2999.93 0.999374
1802100000 17875.3 -0.223173 2999.94 0.999456
1802200000 17875.3 -0.145838 2999.92 0.99939
1802300000 17875.3 -0.215593 2999.93 0.999393
1802400000 17875.3 -0.0494953 2999.91 0.999386
1802500000 17875.3 -0.192394 2999.93 0.999538
1802600000 17875.3 -0.159728 2999.92 0.999469
1802700000 17875.3 -0.393058 2999.96 0.999366
1802800000 17875.3 0.0335183 2999.89 0.999568
1802900000 17875.3 -0.149714 2999.92 0.999441
1803000000 17875.3 -0.196032 2999.93 0.999368
1803100000 17875.3 2.19797 2999.53 0.999969
1803200000 17875.3 0.0531263 2999.89 0.999554
1803300000 17875.3 -0.177209 2999.93 0.999377
1803400000 17875.3 -0.174814 2999.93 0.999472
1803500000 17875.3 -0.17281 2999.93 0.999381
1803600000 17875.3 -0.2304 2999.94 0.999374
1803700000 17875.3 0.0720866 2999.89 0.999488
1803800000 17875.3 0.285952 2999.85 0.999553
1803900000 17875.3 -0.187954 2999.93 0.999369
1804000000 17875.3 -0.153925 2999.92 0.99939
1804100000 17875.3 -0.299911 2999.95 0.999391
1804200000 17875.3 -0.0167673 2999.9 0.999508
1804300000 17875.3 -0.152379 2999.92 0.999385
1804400000 17875.3 0.416612 2999.83 0.999603
1804500000 17875.3 0.0184959 2999.89 0.999481
1804600000 17875.3 0.354397 2999.84 0.999548
1804700000 17875.3 -0.189715 2999.93 0.999377
1804800000 17875.3 0.868944 2999.75 0.999658
1804900000 17875.3 -0.137707 2999.92 0.999499
1805000000 17875.3 -0.352775 2999.96 0.999401
1805100000 17875.3 0.430603 2999.83 0.999577
1805200000 17875.3 -0.206238 2999.93 0.999372
1805300000 17875.3 0.283878 2999.85 0.999604
1805400000 17875.3 0.459322 2999.82 0.999569
1805500000 17875.3 -0.253326 2999.94 0.999422
1805600000 17875.3 0.922054 2999.74 0.999682
1805700000 17875.3 -0.124621 2999.92 0.999376
1805800000 17875.3 0.675685 2999.78 0.999648
1805900000 17875.3 -0.190159 2999.93 0.999426
1806000000 17875.3 -0.0632498 2999.91 0.999419
1806100000 17875.3 0.0894334 2999.88 0.999514
1806200000 17875.3 -0.0238988 2999.9 0.999428
1806300000 17875.3 -0.0955326 2999.91 0.999406
1806400000 17875.3 -0.140169 2999.92 0.999465
1806500000 17875.3 -0.227714 2999.94 0.999378
1806600000 17875.3 -0.176143 2999.93 0.99941
1806700000 17875.3 -0.209774 2999.93 0.999378
1806800000 17875.3 -0.259899 2999.94 0.999368
1806900000 17875.3 -0.179747 2999.93 0.999395
1807000000 17875.3 0.201236 2999.86 0.999518
1807100000 17875.3 0.252742 2999.86 0.999645
1807200000 17875.3 2.05054 2999.55 0.999968
1807300000 17875.3 -0.00768234 2999.9 0.99953
1807400000 17875.3 0.497783 2999.81 0.999603
1807500000 17875.3 0.624774 2999.79 0.999683
1807600000 17875.3 -0.219298 2999.93 0.999403
1807700000 17875.3 -0.310416 2999.95 0.999439
1807800000 17875.3 0.119331 2999.88 0.999568
1807900000 17875.3 -0.149875 2999.92 0.999382
1808000000 17875.3 0.573525 2999.8 0.999685
1808100000 17875.3 -0.0871026 2999.91 0.999407
1808200000 17875.3 -0.179189 2999.93 0.999411
1808300000 17875.3 -0.107926 2999.92 0.999454
1808400000 17875.3 -0.157782 2999.92 0.999403
1808500000 17875.3 -0.222031 2999.94 0.999409
1808600000 17875.3 0.0250428 2999.89 0.999489
1808700000 17875.3 -0.077661 2999.91 0.999487
1808800000 17875.3 -0.26107 2999.94 0.999432
1808900000 17875.3 -0.204443 2999.93 0.999418
1809000000 17875.3 0.263606 2999.85 0.999571
1809100000 17875.3 -0.145041 2999.92 0.999382
1809200000 17875.3 -0.15007 2999.92 0.99941
1809300000 17875.3 -0.372446 2999.96 0.9994
1809400000 17875.3 -0.209383 2999.93 0.999393
1809500000 17875.3 -0.129581 2999.92 0.999409
1809600000 17875.3 -0.125472 2999.92 0.999398
1809700000 17875.3 -0.190376 2999.93 0.999401
1809800000 17875.3 1.53862 2999.64 0.999826
1809900000 17875.3 -0.15744 2999.92 0.999459
1810000000 17875.3 -0.0807735 2999.91 0.99943
1810100000 17875.3 -0.219574 2999.93 0.999463
1810200000 17875.3 0.872654 2999.75 0.999673
1810300000 17875.3 0.0813719 2999.88 0.9997
1810400000 17875.3 -0.387537 2999.96 0.99942
1810500000 17875.3 1.30624 2999.68 0.999886
1810600000 17875.3 0.257068 2999.85 0.999574
1810700000 17875.3 0.762017 2999.77 0.999664
1810800000 17875.3 0.00933177 2999.9 0.99947
1810900000 17875.3 -0.0859969 2999.91 0.999383
1811000000 17875.3 -0.081592 2999.91 0.999383
1811100000 17875.3 -0.176121 2999.93 0.999369
1811200000 17875.3 -0.404638 2999.97 0.999386
1811300000 17875.3 -0.131793 2999.92 0.999378
1811400000 17875.3 -0.191091 2999.93 0.999425
1811500000 17875.3 -0.107313 2999.92 0.999379
1811600000 17875.3 -0.177879 2999.93 0.999374
1811700000 17875.3 -0.338856 2999.95 0.999386
1811800000 17875.3 -0.162542 2999.93 0.999391
1811900000 17875.3 -0.104398 2999.92 0.99938
1812000000 17875.3 -0.0328359 2999.9 0.99947
1812100000 17875.3 -0.212063 2999.93 0.999385
1812200000 17875.3 -0.145415 2999.92 0.999496
1812300000 17875.3 0.383364 2999.83 0.999572
1812400000 17875.3 0.142339 2999.87 0.999508
1812500000 17875.3 -0.134135 2999.92 0.99938
1812600000 17875.3 -0.0799116 2999.91 0.999385
1812700000 17875.3 -0.0922426 2999.91 0.999422
1812800000 17875.3 -0.10325 2999.92 0.999386
1812900000 17875.3 -0.165341 2999.93 0.999387
1813000000 17875.3 -0.317608 2999.95 0.999385
1813100000 17875.3 -0.150527 2999.92 0.999374
1813200000 17875.3 0.236238 2999.86 0.999599
1813300000 17875.3 -0.129057 2999.92 0.99942
1813400000 17875.3 -0.081955 2999.91 0.999456
1813500000 17875.3 0.0364474 2999.89 0.999504
1813600000 17875.3 -0.202004 2999.93 0.999396
1813700000 17875.3 -0.0527942 2999.91 0.999445
1813800000 17875.3 -0.117761 2999.92 0.999388
1813900000 17875.3 -0.13544 2999.92 0.999409
1814000000 17875.3 0.208705 2999.86 0.999546
1814100000 17875.3 -0.299578 2999.95 0.9994
1814200000 17875.3 -0.145531 2999.92 0.999378
1814300000 17875.3 0.0898482 2999.88 0.999462
1814400000 17875.3 -0.190688 2999.93 0.999371
1814500000 17875.3 -0.169154 2999.93 0.999453
1814600000 17875.3 -0.0678594 2999.91 0.999432
1814700000 17875.3 -0.183994 2999.93 0.999384
1814800000 17875.3 -0.0290878 2999.9 0.99939
1814900000 17875.3 -0.139433 2999.92 0.999377
1815000000 17875.3 -0.229884 2999.94 0.999433
1815100000 17875.3 -0.354243 2999.96 0.999383
1815200000 17875.3 -0.0707196 2999.91 0.999472
1815300000 17875.3 -0.272253 2999.94 0.99946
1815400000 17875.3 0.302882 2999.85 0.999561
1815500000 17875.3 -0.140997 2999.92 0.999485
1815600000 17875.3 -0.176137 2999.93 0.999387
1815700000 17875.3 -0.20264 2999.93 0.999369
1815800000 17875.3 0.318887 2999.84 0.999538
1815900000 17875.3 0.561164 2999.8 0.999591
1816000000 17875.3 -0.154351 2999.92 0.999402
1816100000 17875.3 -0.130622 2999.92 0.999467
1816200000 17875.3 -0.112108 2999.92 0.999515
1816300000 17875.3 -0.0955448 2999.91 0.999432
1816400000 17875.3 0.77498 2999.77 0.99968
1816500000 17875.3 -0.00144668 2999.9 0.999536
1816600000 17875.3 0.489794 2999.82 0.999574
1816700000 17875.3 -0.134707 2999.92 0.999376
1816800000 17875.3 -0.354003 2999.96 0.999392
1816900000 17875.3 -0.230156 2999.94 0.999373
1817000000 17875.3 2.83773 2999.42 1.00001
1817100000 17875.3 -0.197618 2999.93 0.999371
1817200000 17875.3 -0.179729 2999.93 0.999375
1817300000 17875.3 1.57139 2999.63 0.999816
1817400000 17875.3 -0.138685 2999.92 0.999452
1817500000 17875.3 -0.21256 2999.93 0.999394
1817600000 17875.3 -0.0739656 2999.91 0.999488
1817700000 17875.3 0.955963 2999.74 0.9997
1817800000 17875.3 0.0504955 2999.89 0.999459
1817900000 17875.3 1.28546 2999.68 0.999789
1818000000 17875.3 0.0292879 2999.89 0.999527
1818100000 17875.3 -0.19038 2999.93 0.999382
1818200000 17875.3 -0.24652 2999.94 0.999388
1818300000 17875.3 0.265516 2999.85 0.999546
1818400000 17875.3 0.0688573 2999.89 0.999558
1818500000 17875.3 -0.195081 2999.93 0.999371
1818600000 17875.3 -0.109604 2999.92 0.999447
1818700000 17875.3 -0.101826 2999.92 0.999398
1818800000 17875.3 1.71924 2999.61 0.999827
1818900000 17875.3 0.00980169 2999.9 0.999447
1819000000 17875.3 1.40804 2999.66 0.999758
1819100000 17875.3 -0.117267 2999.92 0.999418
1819200000 17875.3 -0.120558 2999.92 0.999389
1819300000 17875.3 -0.0993625 2999.91 0.999457
1819400000 17875.3 0.615755 2999.79 0.999695
1819500000 17875.3 -0.0872303 2999.91 0.999387
1819600000 17875.3 0.529782 2999.81 0.999643
1819700000 17875.3 -0.282665 2999.95 0.999405
1819800000 17875.3 0.104622 2999.88 0.999546
1819900000 17875.3 -0.0448512 2999.91 0.999449
1820000000 17875.3 -0.153726 2999.92 0.999424
1820100000 17875.3 0.46344 2999.82 0.99959
1820200000 17875.3 -0.289441 2999.95 0.999415
1820300000 17875.3 -0.214871 2999.93 0.999372
1820400000 17875.3 -0.166566 2999.93 0.999425
1820500000 17875.3 -0.08649 2999.91 0.999381
1820600000 17875.3 -0.0965489 2999.91 0.999488
1820700000 17875.3 -0.382726 2999.96 0.999386
1820800000 17875.3 -0.420336 2999.97 0.999373
1820900000 17875.3 -0.565619 2999.99 0.999449
1821000000 17875.3 -0.400182 2999.97 0.999462
1821100000 17875.3 -0.430839 2999.97 0.999392
1821200000 17875.3 0.129982 2999.88 0.999545
1821300000 17875.3 -0.473012 2999.98 0.999412
1821400000 17875.3 -0.575199 2999.99 0.999384
1821500000 17875.3 -0.660529 3000.01 0.999423
1821600000 17875.3 -0.518051 2999.99 0.99942
1821700000 17875.3 -0.150099 2999.92 0.999479
1821800000 17875.3 -0.173584 2999.93 0.999402
1821900000 17875.3 1.65088 2999.62 0.999888
1822000000 17875.3 -0.240939 2999.94 0.999396
1822100000 17875.3 -0.365242 2999.96 0.9994
1822200000 17875.3 -0.11405 2999.92 0.999381
1822300000 17875.3 0.963212 2999.74 0.999703
1822400000 17875.3 -0.266318 2999.94 0.999365
1822500000 17875.3 -0.147696 2999.92 0.99942
1822600000 17875.3 -0.238656 2999.94 0.999384
1822700000 17875.3 -0.0318702 2999.9 0.999463
1822800000 17875.3 0.800678 2999.76 0.9997
1822900000 17875.3 -0.285599 2999.95 0.999392
1823000000 17875.3 -0.141422 2999.92 0.99949
1823100000 17875.3 -0.228561 2999.94 0.999378
1823200000 17875.3 0.116824 2999.88 0.999474
1823300000 17875.3 -0.184263 2999.93 0.999386
1823400000 17875.3 -0.233085 2999.94 0.999378
1823500000 17875.3 0.167233 2999.87 0.999533
1823600000 17875.3 -0.0594582 2999.91 0.999465
1823700000 17875.3 -0.109594 2999.92 0.999381
1823800000 17875.3 -0.126097 2999.92 0.999376
1823900000 17875.3 0.894086 2999.75 0.999736
1824000000 17875.3 -0.214409 2999.93 0.999383
1824100000 17875.3 -0.190981 2999.93 0.999442
1824200000 17875.3 -0.168976 2999.93 0.999427
1824300000 17875.3 -0.109964 2999.92 0.999422
1824400000 17875.3 -0.176536 2999.93 0.999462
1824500000 17875.3 1.10526 2999.71 0.99987
1824600000 17875.3 -0.301303 2999.95 0.999399
1824700000 17875.3 -0.250019 2999.94 0.99938
1824800000 17875.3 0.714202 2999.78 0.999642
1824900000 17875.3 -0.257403 2999.94 0.999366
1825000000 17875.3 1.08652 2999.72 0.999814
1825100000 17875.3 -0.188902 2999.93 0.999378
1825200000 17875.3 0.762549 2999.77 0.999649
1825300000 17875.3 0.578976 2999.8 0.999604
1825400000 17875.3 0.0556286 2999.89 0.999489
1825500000 17875.3 -0.0404234 2999.9 0.999466
1825600000 17875.3 -0.0230583 2999.9 0.999474
1825700000 17875.3 -0.0795825 2999.91 0.999382
1825800000 17875.3 -0.141029 2999.92 0.999438
1825900000 17875.3 -0.376744 2999.96 0.999422
1826000000 17875.3 -0.304373 2999.95 0.999367
1826100000 17875.3 -0.226514 2999.94 0.999384
1826200000 17875.3 -0.261715 2999.94 0.999376
1826300000 17875.3 0.906442 2999.75 0.999694
1826400000 17875.3 0.111557 2999.88 0.999513
1826500000 17875.3 -0.00134565 2999.9 0.999434
1826600000 17875.3 -0.262587 2999.94 0.999398
1826700000 17875.3 -0.16745 2999.93 0.999382
1826800000 17875.3 -0.138462 2999.92 0.999451
1826900000 17875.3 0.162211 2999.87 0.999564
1827000000 17875.3 -0.382521 2999.96 0.999394
1827100000 17875.3 -0.20564 2999.93 0.999443
1827200000 17875.3 -0.0684617 2999.91 0.999603
1827300000 17875.3 0.0394416 2999.89 0.999466
1827400000 17875.3 4.10244 2999.21 1.00026
1827500000 17875.3 -0.0680752 2999.91 0.999435
1827600000 17875.3 -0.255062 2999.94 0.999394
1827700000 17875.3 -0.182599 2999.93 0.999378
1827800000 17875.3 -0.101819 2999.92 0.999456
1827900000 17875.3 -0.0841605 2999.91 0.999449
1828000000 17875.3 -0.14468 2999.92 0.999384
1828100000 17875.3 0.595094 2999.8 0.999599
1828200000 17875.3 0.569716 2999.8 0.999603
1828300000 17875.3 0.0609641 2999.89 0.999472
1828400000 17875.3 1.00805 2999.73 0.999722
1828500000 17875.3 -0.216143 2999.93 0.999381
1828600000 17875.3 -0.093377 2999.91 0.999529
1828700000 17875.3 0.360309 2999.84 0.999562
1828800000 17875.3 -0.258666 2999.94 0.999466
1828900000 17875.3 -0.173865 2999.93 0.999378
1829000000 17875.3 -0.226766 2999.94 0.999395
1829100000 17875.3 -0.183628 2999.93 0.999378
1829200000 17875.3 -0.184345 2999.93 0.999418
1829300000 17875.3 -0.119607 2999.92 0.999377
1829400000 17875.3 -0.305647 2999.95 0.999447
1829500000 17875.3 -0.166494 2999.93 0.99939
1829600000 17875.3 -0.115569 2999.92 0.999377
1829700000 17875.3 -0.0667905 2999.91 0.999382
1829800000 17875.3 0.406984 2999.83 0.999583
1829900000 17875.3 0.380545 2999.83 0.999585
1830000000 17875.3 -0.200931 2999.93 0.999401
1830100000 17875.3 -0.066639 2999.91 0.999455
1830200000 17875.3 0.812479 2999.76 0.999818
1830300000 17875.3 0.0977199 2999.88 0.999468
1830400000 17875.3 -0.168518 2999.93 0.999495
1830500000 17875.3 -0.165954 2999.93 0.99943
1830600000 17875.3 1.76143 2999.6 0.999821
1830700000 17875.3 -0.0410938 2999.9 0.999491
1830800000 17875.3 0.700668 2999.78 0.999714
1830900000 17875.3 1.97556 2999.57 0.999954
1831000000 17875.3 -0.23517 2999.94 0.999374
1831100000 17875.3 -0.232785 2999.94 0.999472
1831200000 17875.3 -0.393237 2999.96 0.999427
1831300000 17875.3 -0.0943754 2999.91 0.999411
1831400000 17875.3 -0.240604 2999.94 0.999373
1831500000 17875.3 -0.163822 2999.93 0.999424
1831600000 17875.3 -0.124796 2999.92 0.999376
1831700000 17875.3 -0.103385 2999.92 0.999414
1831800000 17875.3 -0.131191 2999.92 0.999378
1831900000 17875.3 0.266283 2999.85 0.999604
1832000000 17875.3 -0.31513 2999.95 0.999465
1832100000 17875.3 0.983217 2999.73 0.999716
1832200000 17875.3 -0.243544 2999.94 0.999387
1832300000 17875.3 0.243407 2999.86 0.999603
1832400000 17875.3 -0.269209 2999.94 0.999381
1832500000 17875.3 -0.0575164 2999.91 0.999459
1832600000 17875.3 -0.211603 2999.93 0.999427
1832700000 17875.3 -0.238136 2999.94 0.999474
1832800000 17875.3 -0.202686 2999.93 0.999415
1832900000 17875.3 0.82753 2999.76 0.999691
1833000000 17875.3 -0.352038 2999.96 0.99937
1833100000 17875.3 -0.150112 2999.92 0.999406
1833200000 17875.3 -0.104106 2999.92 0.999379
1833300000 17875.3 -0.0634972 2999.91 0.999494
1833400000 17875.3 0.420696 2999.83 0.999633
1833500000 17875.3 -0.0759917 2999.91 0.999426
1833600000 17875.3 -0.2017 2999.93 0.99939
1833700000 17875.3 -0.219258 2999.93 0.999403
1833800000 17875.3 -0.0971234 2999.91 0.999379
1833900000 17875.3 -0.0695697 2999.91 0.999515
1834000000 17875.3 -0.142263 2999.92 0.999422
1834100000 17875.3 -0.21509 2999.93 0.999412
1834200000 17875.3 -0.243413 2999.94 0.999381
1834300000 17875.3 -0.343268 2999.96 0.999381
1834400000 17875.3 -0.128093 2999.92 0.999377
1834500000 17875.3 0.455301 2999.82 0.99959
1834600000 17875.3 -0.248162 2999.94 0.99937
1834700000 17875.3 -0.120318 2999.92 0.999384
1834800000 17875.3 -0.232734 2999.94 0.999397
1834900000 17875.3 -0.240307 2999.94 0.999372
1835000000 17875.3 -0.134354 2999.92 0.999384
1835100000 17875.3 -0.173579 2999.93 0.999382
1835200000 17875.3 0.428698 2999.83 0.999609
1835300000 17875.3 -0.125399 2999.92 0.999382
1835400000 17875.3 0.00467979 2999.9 0.999537
1835500000 17875.3 -0.141451 2999.92 0.99944
1835600000 17875.3 -0.139829 2999.92 0.999429
1835700000 17875.3 -0.304742 2999.95 0.999385
1835800000 17875.3 2.01779 2999.56 0.999873
1835900000 17875.3 -0.165736 2999.93 0.999381
1836000000 17875.3 -0.0912121 2999.91 0.999382
1836100000 17875.3 -0.162259 2999.93 0.999382
1836200000 17875.3 -0.251195 2999.94 0.999429
1836300000 17875.3 0.153502 2999.87 0.999504
1836400000 17875.3 -0.224275 2999.94 0.99943
1836500000 17875.3 -0.0231694 2999.9 0.999391
1836600000 17875.3 -0.210027 2999.93 0.999384
1836700000 17875.3 -0.178011 2999.93 0.999387
1836800000 17875.3 0.273073 2999.85 0.999552
1836900000 17875.3 1.01341 2999.73 0.999701
1837000000 17875.3 -0.144794 2999.92 0.999436
1837100000 17875.3 -0.0276386 2999.9 0.999483
1837200000 17875.3 -0.0584568 2999.91 0.999385
1837300000 17875.3 -0.315157 2999.95 0.999414
1837400000 17875.3 -0.121946 2999.92 0.999406
1837500000 17875.3 0.103905 2999.88 0.999492
1837600000 17875.3 -0.190988 2999.93 0.999373
1837700000 17875.3 -0.0889809 2999.91 0.999488
1837800000 17875.3 1.62177 2999.63 0.999803
1837900000 17875.3 -0.151858 2999.92 0.999373
1838000000 17875.3 -0.254669 2999.94 0.999412
1838100000 17875.3 -0.113515 2999.92 0.999386
1838200000 17875.3 -0.12416 2999.92 0.999427
1838300000 17875.3 -0.395331 2999.96 0.999372
1838400000 17875.3 -0.0037747 2999.9 0.999534
1838500000 17875.3 -0.157815 2999.92 0.999378
1838600000 17875.3 0.524997 2999.81 0.999637
1838700000 17875.3 -0.14282 2999.92 0.999447
1838800000 17875.3 -0.0195897 2999.9 0.999466
1838900000 17875.3 0.30953 2999.85 0.999579
1839000000 17875.3 0.148533 2999.87 0.999606
1839100000 17875.3 0.392135 2999.83 0.999573
1839200000 17875.3 -0.0793213 2999.91 0.999382
1839300000 17875.3 -0.0110976 2999.9 0.999465
1839400000 17875.3 -0.168886 2999.93 0.999413
1839500000 17875.3 0.00919745 2999.9 0.999506
1839600000 17875.3 -0.24131 2999.94 0.999379
1839700000 17875.3 -0.12364 2999.92 0.999377
1839800000 17875.3 -0.199531 2999.93 0.999368
1839900000 17875.3 0.633365 2999.79 0.999721
1840000000 17875.3 0.734283 2999.77 0.999775
1840100000 17875.3 -0.279882 2999.95 0.999372
1840200000 17875.3 0.795945 2999.76 0.999726
1840300000 17875.3 0.0401154 2999.89 0.999541
1840400000 17875.3 -0.0412917 2999.91 0.999484
1840500000 17875.3 0.158278 2999.87 0.999498
1840600000 17875.3 -0.178458 2999.93 0.999424
1840700000 17875.3 -0.220129 2999.94 0.999383
1840800000 17875.3 -0.124263 2999.92 0.999396
1840900000 17875.3 0.00343935 2999.9 0.999493
1841000000 17875.3 -0.182391 2999.93 0.999423
1841100000 17875.3 -0.125493 2999.92 0.999383
1841200000 17875.3 -0.0383747 2999.9 0.999493
1841300000 17875.3 -0.0801043 2999.91 0.999381
1841400000 17875.3 0.55788 2999.8 0.999673
1841500000 17875.3 0.211228 2999.86 0.999575
1841600000 17875.3 -0.189647 2999.93 0.999418
1841700000 17875.3 0.0897903 2999.88 0.999519
1841800000 17875.3 0.0108318 2999.9 0.999514
1841900000 17875.3 0.513696 2999.81 0.999629
1842000000 17875.3 -0.166642 2999.93 0.999386
1842100000 17875.3 1.28804 2999.68 0.999859
1842200000 17875.3 -0.172344 2999.93 0.99946
1842300000 17875.3 0.323287 2999.84 0.999551
1842400000 17875.3 -0.224867 2999.94 0.999387
1842500000 17875.3 -0.252425 2999.94 0.999371
1842600000 17875.3 -0.227415 2999.94 0.999399
1842700000 17875.3 -0.0679876 2999.91 0.99947
1842800000 17875.3 -0.128193 2999.92 0.99947
1842900000 17875.3 -0.0790265 2999.91 0.999446
1843000000 17875.3 -0.201941 2999.93 0.999444
1843100000 17875.3 2.5695 2999.47 1.00011
1843200000 17875.3 0.573739 2999.8 0.999678
1843300000 17875.3 -0.174682 2999.93 0.999488
1843400000 17875.3 -0.184631 2999.93 0.999386
1843500000 17875.3 0.106724 2999.88 0.999514
1843600000 17875.3 -0.150052 2999.92 0.999373
1843700000 17875.3 0.694164 2999.78 0.999617
1843800000 17875.3 -0.024517 2999.9 0.999465
1843900000 17875.3 -0.248943 2999.94 0.999404
1844000000 17875.3 -0.206073 2999.93 0.999407
1844100000 17875.3 -0.0930409 2999.91 0.999448
1844200000 17875.3 -0.0840587 2999.91 0.999409
1844300000 17875.3 -0.177918 2999.93 0.999378
1844400000 17875.3 -0.307147 2999.95 0.999419
1844500000 17875.3 -0.135852 2999.92 0.99942
1844600000 17875.3 -0.0595837 2999.91 0.99944
1844700000 17875.3 -0.356119 2999.96 0.999379
1844800000 17875.3 -0.161217 2999.93 0.999385
1844900000 17875.3 0.605257 2999.8 0.999693
1845000000 17875.3 -0.192616 2999.93 0.999371
1845100000 17875.3 0.0109181 2999.9 0.999454
1845200000 17875.3 -0.227755 2999.94 0.999372
1845300000 17875.3 -0.177867 2999.93 0.999393
1845400000 17875.3 -0.00191582 2999.9 0.999457
1845500000 17875.3 -0.153094 2999.92 0.999375
1845600000 17875.3 0.749518 2999.77 0.9997
1845700000 17875.3 0.00754286 2999.9 0.999448
1845800000 17875.3 0.0388613 2999.89 0.999554
1845900000 17875.3 1.64888 2999.62 0.999819
1846000000 17875.3 -0.141744 2999.92 0.999375
1846100000 17875.3 -0.226218 2999.94 0.999384
1846200000 17875.3 0.0781746 2999.88 0.999483
1846300000 17875.3 -0.24361 2999.94 0.999421
1846400000 17875.3 -0.205005 2999.93 0.999411
1846500000 17875.3 -0.155796 2999.92 0.999385
1846600000 17875.3 1.66198 2999.62 0.9999
1846700000 17875.3 -0.0406933 2999.9 0.999388
1846800000 17875.3 -0.142947 2999.92 0.99943
1846900000 17875.3 0.0634204 2999.89 0.999504
1847000000 17875.3 -0.203338 2999.93 0.99938
1847100000 17875.3 -0.0239625 2999.9 0.999437
1847200000 17875.3 0.174566 2999.87 0.999552
1847300000 17875.3 0.139977 2999.87 0.999513
1847400000 17875.3 4.03004 2999.22 1.00021
1847500000 17875.3 -0.224797 2999.94 0.999397
1847600000 17875.3 -0.222674 2999.94 0.999419
1847700000 17875.3 1.55325 2999.64 0.999855
1847800000 17875.3 -0.0270335 2999.9 0.99944
1847900000 17875.3 -0.170616 2999.93 0.999389
1848000000 17875.3 -0.295987 2999.95 0.999458
1848100000 17875.3 -0.137104 2999.92 0.999408
1848200000 17875.3 0.677882 2999.78 0.999752
1848300000 17875.3 0.45409 2999.82 0.999631
1848400000 17875.3 -0.096987 2999.91 0.999385
1848500000 17875.3 -0.205553 2999.93 0.999394
1848600000 17875.3 0.987196 2999.73 0.999747
1848700000 17875.3 -0.0847554 2999.91 0.999432
1848800000 17875.3 0.173397 2999.87 0.999523
1848900000 17875.3 -0.279556 2999.95 0.999382
1849000000 17875.3 -0.162037 2999.93 0.999373
1849100000 17875.3 -0.393368 2999.96 0.999378
1849200000 17875.3 -0.240245 2999.94 0.999423
1849300000 17875.3 0.141348 2999.87 0.999487
1849400000 17875.3 -0.201958 2999.93 0.999392
1849500000 17875.3 -0.229222 2999.94 0.99937
1849600000 17875.3 -0.19336 2999.93 0.999432
1849700000 17875.3 -0.197971 2999.93 0.999421
1849800000 17875.3 -0.131619 2999.92 0.999409
1849900000 17875.3 0.970199 2999.74 0.999717
1850000000 17875.3 -0.111131 2999.92 0.999398
1850100000 17875.3 -0.360339 2999.96 0.999367
1850200000 17875.3 1.19574 2999.7 0.999785
1850300000 17875.3 -0.182229 2999.93 0.999421
1850400000 17875.3 0.441136 2999.82 0.999634
1850500000 17875.3 -0.0837344 2999.91 0.999439
1850600000 17875.3 1.24577 2999.69 0.999882
1850700000 17875.3 0.995371 2999.73 0.999762
1850800000 17875.3 1.11236 2999.71 0.999836
1850900000 17875.3 -0.193696 2999.93 0.999386
1851000000 17875.3 -0.0642201 2999.91 0.999383
1851100000 17875.3 -0.197835 2999.93 0.99938
1851200000 17875.3 0.22105 2999.86 0.999555
1851300000 17875.3 0.0347113 2999.89 0.999478
1851400000 17875.3 -0.172401 2999.93 0.999382
1851500000 17875.3 -0.203026 2999.93 0.999446
1851600000 17875.3 -0.144269 2999.92 0.999377
1851700000 17875.3 0.163053 2999.87 0.9995
1851800000 17875.3 -0.179499 2999.93 0.9995
1851900000 17875.3 2.46449 2999.48 1.00023
1852000000 17875.3 -0.326031 2999.95 0.9994
1852100000 17875.3 0.680285 2999.78 0.999694
1852200000 17875.3 -0.244244 2999.94 0.999426
1852300000 17875.3 -0.205221 2999.93 0.999369
1852400000 17875.3 0.383205 2999.83 0.999621
1852500000 17875.3 -0.226868 2999.94 0.999401
1852600000 17875.3 -0.294812 2999.95 0.999414
1852700000 17875.3 0.870148 2999.75 0.999705
1852800000 17875.3 0.766481 2999.77 0.999642
1852900000 17875.3 0.0557665 2999.89 0.999507
1853000000 17875.3 -0.0307485 2999.9 0.999491
1853100000 17875.3 3.99983 2999.23 1.00035
1853200000 17875.3 0.0399701 2999.89 0.99954
1853300000 17875.3 -0.173992 2999.93 0.999438
1853400000 17875.3 -0.137249 2999.92 0.999469
1853500000 17875.3 -0.154164 2999.92 0.999414
1853600000 17875.3 -0.1407 2999.92 0.999389
1853700000 17875.3 -0.275785 2999.94 0.999396
1853800000 17875.3 0.273927 2999.85 0.999527
1853900000 17875.3 -0.00693404 2999.9 0.999509
1854000000 17875.3 -0.202884 2999.93 0.999395
1854100000 17875.3 0.477978 2999.82 0.999638
1854200000 17875.3 1.70077 2999.61 0.99988
1854300000 17875.3 -0.398219 2999.96 0.999383
1854400000 17875.3 -0.304171 2999.95 0.999373
1854500000 17875.3 -0.315239 2999.95 0.999405
1854600000 17875.3 -0.287787 2999.95 0.999376
1854700000 17875.3 -0.138724 2999.92 0.999396
1854800000 17875.3 -0.0908244 2999.91 0.999442
1854900000 17875.3 -0.0546388 2999.91 0.999429
1855000000 17875.3 0.155464 2999.87 0.999489
1855100000 17875.3 -0.16217 2999.93 0.999392
1855200000 17875.3 -0.348672 2999.96 0.999498
1855300000 17875.3 -0.309076 2999.95 0.999365
1855400000 17875.3 -0.129111 2999.92 0.999471
1855500000 17875.3 -0.0503728 2999.91 0.999385
1855600000 17875.3 -0.30319 2999.95 0.999378
1855700000 17875.3 -0.068783 2999.91 0.999448
1855800000 17875.3 -0.185283 2999.93 0.999401
1855900000 17875.3 -0.177007 2999.93 0.99952
1856000000 17875.3 -0.261663 2999.94 0.99938
1856100000 17875.3 -0.16414 2999.93 0.999444
1856200000 17875.3 -0.270778 2999.94 0.999373
1856300000 17875.3 0.150438 2999.87 0.999507
1856400000 17875.3 0.111771 2999.88 0.999585
1856500000 17875.3 -0.138319 2999.92 0.999395
1856600000 17875.3 -0.298569 2999.95 0.999414
1856700000 17875.3 0.28145 2999.85 0.999657
1856800000 17875.3 -0.0906947 2999.91 0.99938
1856900000 17875.3 1.36504 2999.67 0.999807
1857000000 17875.3 0.0238796 2999.89 0.999455
1857100000 17875.3 -0.0697669 2999.91 0.999432
1857200000 17875.3 -0.0226553 2999.9 0.999507
1857300000 17875.3 -0.131138 2999.92 0.999382
1857400000 17875.3 2.01487 2999.56 0.99993
1857500000 17875.3 -0.129022 2999.92 0.999375
1857600000 17875.3 -0.0948752 2999.91 0.99938
1857700000 17875.3 -0.256544 2999.94 0.999375
1857800000 17875.3 -0.0732358 2999.91 0.999404
1857900000 17875.3 -0.297858 2999.95 0.99938
1858000000 17875.3 -0.0304055 2999.9 0.999469
1858100000 17875.3 -0.182683 2999.93 0.99942
1858200000 17875.3 1.71865 2999.61 0.999872
1858300000 17875.3 0.0609844 2999.89 0.999525
1858400000 17875.3 -0.198864 2999.93 0.999385
1858500000 17875.3 1.83756 2999.59 0.999893
1858600000 17875.3 2.56593 2999.47 1.00016
1858700000 17875.3 -0.198282 2999.93 0.999428
1858800000 17875.3 0.833883 2999.76 0.999803
1858900000 17875.3 -0.100382 2999.91 0.999382
1859000000 17875.3 -0.0357783 2999.9 0.999388
1859100000 17875.3 0.0455548 2999.89 0.999477
1859200000 17875.3 -0.0404707 2999.9 0.999439
1859300000 17875.3 0.057344 2999.89 0.999514
1859400000 17875.3 -0.145466 2999.92 0.999432
1859500000 17875.3 -0.155563 2999.92 0.99939
1859600000 17875.3 -0.268463 2999.94 0.999403
1859700000 17875.3 -0.12448 2999.92 0.999379
1859800000 17875.3 -0.155204 2999.92 0.999445
1859900000 17875.3 -0.199474 2999.93 0.999397
1860000000 17875.3 -0.278355 2999.94 0.999439
1860100000 17875.3 -0.171678 2999.93 0.999382
1860200000 17875.3 -0.22321 2999.94 0.999393
1860300000 17875.3 -0.0697014 2999.91 0.999451
1860400000 17875.3 -0.239214 2999.94 0.999415
1860500000 17875.3 -0.164762 2999.93 0.999375
1860600000 17875.3 -0.184898 2999.93 0.999379
1860700000 17875.3 0.681499 2999.78 0.999672
1860800000 17875.3 0.471926 2999.82 0.99966
1860900000 17875.3 -0.12802 2999.92 0.999386
1861000000 17875.3 1.03649 2999.72 0.999772
1861100000 17875.3 -0.0741621 2999.91 0.999387
1861200000 17875.3 -0.28062 2999.95 0.999384
1861300000 17875.3 -0.176435 2999.93 0.99939
1861400000 17875.3 -0.234844 2999.94 0.9994
1861500000 17875.3 1.33787 2999.67 0.999896
1861600000 17875.3 -0.252134 2999.94 0.999416
1861700000 17875.3 -0.100638 2999.91 0.999511
1861800000 17875.3 0.401244 2999.83 0.999638
1861900000 17875.3 0.116826 2999.88 0.999487
1862000000 17875.3 -0.199956 2999.93 0.999405
1862100000 17875.3 -0.128483 2999.92 0.999389
1862200000 17875.3 0.201097 2999.86 0.999549
1862300000 17875.3 -0.115991 2999.92 0.999389
1862400000 17875.3 -0.123137 2999.92 0.999382
1862500000 17875.3 0.0212011 2999.89 0.999452
1862600000 17875.3 0.33877 2999.84 0.999561
1862700000 17875.3 -0.320126 2999.95 0.999376
1862800000 17875.3 -0.288338 2999.95 0.999382
1862900000 17875.3 0.303664 2999.85 0.999587
1863000000 17875.3 -0.249979 2999.94 0.999405
1863100000 17875.3 -0.26445 2999.94 0.999367
1863200000 17875.3 -0.137974 2999.92 0.999384
1863300000 17875.3 -0.269396 2999.94 0.999397
1863400000 17875.3 0.25782 2999.85 0.99959
1863500000 17875.3 0.303917 2999.85 0.999563
1863600000 17875.3 -0.205642 2999.93 0.999397
1863700000 17875.3 -0.0709402 2999.91 0.999382
1863800000 17875.3 -0.0800818 2999.91 0.99938
1863900000 17875.3 -0.080982 2999.91 0.999383
1864000000 17875.3 -0.289756 2999.95 0.999374
1864100000 17875.3 -0.00649205 2999.9 0.999505
1864200000 17875.3 -0.20359 2999.93 0.999451
1864300000 17875.3 -0.429588 2999.97 0.999359
1864400000 17875.3 -0.314902 2999.95 0.999384
1864500000 17875.3 0.0748178 2999.89 0.999531
1864600000 17875.3 -0.153091 2999.92 0.999376
1864700000 17875.3 -0.162842 2999.93 0.999433
1864800000 17875.3 -0.100478 2999.91 0.999474
1864900000 17875.3 -0.209267 2999.93 0.999397
1865000000 17875.3 0.671107 2999.79 0.999676
1865100000 17875.3 -0.0753096 2999.91 0.999451
1865200000 17875.3 -0.102081 2999.92 0.999434
1865300000 17875.3 -0.160347 2999.93 0.999397
1865400000 17875.3 -0.0852951 2999.91 0.999466
1865500000 17875.3 -0.00178446 2999.9 0.999514
1865600000 17875.3 -0.163055 2999.93 0.99938
1865700000 17875.3 0.104078 2999.88 0.999515
1865800000 17875.3 0.17062 2999.87 0.999519
1865900000 17875.3 0.259727 2999.85 0.999534
1866000000 17875.3 -0.342433 2999.96 0.999391
1866100000 17875.3 -0.163916 2999.93 0.999441
1866200000 17875.3 0.0644276 2999.89 0.999541
1866300000 17875.3 0.906121 2999.75 0.999736
1866400000 17875.3 -0.0534143 2999.91 0.999385
1866500000 17875.3 -0.188386 2999.93 0.999436
1866600000 17875.3 -0.20251 2999.93 0.999443
1866700000 17875.3 0.225218 2999.86 0.999508
1866800000 17875.3 -0.164809 2999.93 0.999387
1866900000 17875.3 1.19862 2999.7 0.99984
1867000000 17875.3 -0.222957 2999.94 0.999431
1867100000 17875.3 -0.193294 2999.93 0.999373
1867200000 17875.3 -0.020711 2999.9 0.999482
1867300000 17875.3 -0.378624 2999.96 0.999463
1867400000 17875.3 -0.0892722 2999.91 0.999382
1867500000 17875.3 0.438071 2999.82 0.999561
1867600000 17875.3 0.545914 2999.81 0.999629
1867700000 17875.3 -0.0827178 2999.91 0.999379
1867800000 17875.3 -0.125923 2999.92 0.999467
1867900000 17875.3 -0.291938 2999.95 0.999408
1868000000 17875.3 -0.217607 2999.93 0.999402
1868100000 17875.3 0.667295 2999.79 0.999684
1868200000 17875.3 -0.170929 2999.93 0.999485
1868300000 17875.3 -0.153944 2999.92 0.99939
1868400000 17875.3 -0.261995 2999.94 0.999488
1868500000 17875.3 0.0582231 2999.89 0.9995
1868600000 17875.3 -0.0329327 2999.9 0.999492
1868700000 17875.3 -0.0481248 2999.91 0.999388
1868800000 17875.3 -0.247054 2999.94 0.999366
1868900000 17875.3 -0.0619824 2999.91 0.999388
1869000000 17875.3 -0.0874788 2999.91 0.999381
1869100000 17875.3 -0.1581 2999.92 0.999383
1869200000 17875.3 -0.222311 2999.94 0.999385
1869300000 17875.3 -0.166997 2999.93 0.999385
1869400000 17875.3 -0.165961 2999.93 0.999401
1869500000 17875.3 -0.169897 2999.93 0.99939
1869600000 17875.3 -0.0636075 2999.91 0.99949
1869700000 17875.3 -0.144685 2999.92 0.999381
1869800000 17875.3 -0.10815 2999.92 0.99941
1869900000 17875.3 0.219103 2999.86 0.99954
1870000000 17875.3 -0.0779328 2999.91 0.999421
1870100000 17875.3 -0.306509 2999.95 0.999403
1870200000 17875.3 -0.230459 2999.94 0.999388
1870300000 17875.3 -0.0953238 2999.91 0.999377
1870400000 17875.3 -0.224109 2999.94 0.999405
1870500000 17875.3 -0.116509 2999.92 0.999429
1870600000 17875.3 -0.106381 2999.92 0.999483
1870700000 17875.3 -0.152552 2999.92 0.999458
1870800000 17875.3 0.533155 2999.81 0.999591
1870900000 17875.3 0.716549 2999.78 0.999673
1871000000 17875.3 -0.0589161 2999.91 0.999453
1871100000 17875.3 -0.0369977 2999.9 0.999434
1871200000 17875.3 0.422137 2999.83 0.999677
1871300000 17875.3 0.197181 2999.87 0.999505
1871400000 17875.3 -0.229298 2999.94 0.999372
1871500000 17875.3 1.64472 2999.62 0.999835
1871600000 17875.3 -0.210524 2999.93 0.99939
1871700000 17875.3 -0.249822 2999.94 0.999395
1871800000 17875.3 0.636879 2999.79 0.999656
1871900000 17875.3 0.0115452 2999.9 0.999488
1872000000 17875.3 -0.300361 2999.95 0.999415
1872100000 17875.3 -0.137339 2999.92 0.999375
1872200000 17875.3 0.149227 2999.87 0.9995
1872300000 17875.3 0.39562 2999.83 0.999543
1872400000 17875.3 -0.113674 2999.92 0.999378
1872500000 17875.3 -0.193288 2999.93 0.999406
1872600000 17875.3 -0.276572 2999.94 0.999379
1872700000 17875.3 -0.168452 2999.93 0.99938
1872800000 17875.3 -0.187822 2999.93 0.999402
1872900000 17875.3 0.0663146 2999.89 0.999656
1873000000 17875.3 -0.277233 2999.94 0.999362
1873100000 17875.3 -0.319982 2999.95 0.999369
1873200000 17875.3 0.00187091 2999.9 0.999468
1873300000 17875.3 -0.169665 2999.93 0.999378
1873400000 17875.3 -0.239367 2999.94 0.999406
1873500000 17875.3 -0.0631946 2999.91 0.999486
1873600000 17875.3 -0.0588232 2999.91 0.999454
1873700000 17875.3 -0.160032 2999.92 0.999375
1873800000 17875.3 -0.103743 2999.92 0.999485
1873900000 17875.3 -0.146946 2999.92 0.999446
1874000000 17875.3 -0.159343 2999.92 0.99942
1874100000 17875.3 0.242814 2999.86 0.999544
1874200000 17875.3 -0.0434133 2999.91 0.999506
1874300000 17875.3 -0.0593495 2999.91 0.999387
1874400000 17875.3 -0.114637 2999.92 0.999382
1874500000 17875.3 -0.0630809 2999.91 0.999439
1874600000 17875.3 0.307165 2999.85 0.999533
1874700000 17875.3 0.375572 2999.84 0.999548
1874800000 17875.3 0.204884 2999.86 0.999573
1874900000 17875.3 -0.189505 2999.93 0.999373
1875000000 17875.3 -0.131445 2999.92 0.999478
1875100000 17875.3 3.0708 2999.38 1.00009
1875200000 17875.3 -0.168027 2999.93 0.999384
1875300000 17875.3 -0.157541 2999.92 0.999388
1875400000 17875.3 -0.179402 2999.93 0.999433
1875500000 17875.3 -0.0875448 2999.91 0.999379
1875600000 17875.3 -0.0413431 2999.91 0.999441
1875700000 17875.3 -0.0698278 2999.91 0.999385
1875800000 17875.3 0.0433109 2999.89 0.999493
1875900000 17875.3 0.0562364 2999.89 0.999484
1876000000 17875.3 0.205366 2999.86 0.999531
1876100000 17875.3 -0.0937956 2999.91 0.999425
1876200000 17875.3 -0.0953667 2999.91 0.999383
1876300000 17875.3 0.584321 2999.8 0.999714
1876400000 17875.3 0.513177 2999.81 0.999604
1876500000 17875.3 -0.165026 2999.93 0.999399
1876600000 17875.3 0.729518 2999.78 0.999686
1876700000 17875.3 -0.154157 2999.92 0.99938
1876800000 17875.3 -0.226016 2999.94 0.999386
1876900000 17875.3 -0.201335 2999.93 0.999444
1877000000 17875.3 1.49501 2999.65 0.999817
1877100000 17875.3 -0.236593 2999.94 0.999401
1877200000 17875.3 2.22068 2999.53 1.00002
1877300000 17875.3 -0.158367 2999.92 0.999377
1877400000 17875.3 -0.287441 2999.95 0.999391
1877500000 17875.3 -0.176013 2999.93 0.999397
1877600000 17875.3 0.686897 2999.78 0.999668
1877700000 17875.3 0.391181 2999.83 0.999593
1877800000 17875.3 1.06971 2999.72 0.999701
1877900000 17875.3 -0.133627 2999.92 0.999385
1878000000 17875.3 -0.306667 2999.95 0.999399
1878100000 17875.3 -0.172149 2999.93 0.999409
1878200000 17875.3 0.0701172 2999.89 0.999524
1878300000 17875.3 -0.0781421 2999.91 0.999387
1878400000 17875.3 -0.222024 2999.94 0.999415
1878500000 17875.3 -0.187263 2999.93 0.999401
1878600000 17875.3 -0.199749 2999.93 0.999399
1878700000 17875.3 1.5207 2999.64 0.999927
1878800000 17875.3 -0.1375 2999.92 0.999407
1878900000 17875.3 -0.160373 2999.93 0.999381
1879000000 17875.3 -0.127668 2999.92 0.999435
1879100000 17875.3 -0.217674 2999.93 0.999372
1879200000 17875.3 -0.117146 2999.92 0.999406
1879300000 17875.3 -0.0687984 2999.91 0.999384
1879400000 17875.3 -0.00727591 2999.9 0.999538
1879500000 17875.3 -0.117349 2999.92 0.999389
1879600000 17875.3 -0.229467 2999.94 0.999412
1879700000 17875.3 -0.185051 2999.93 0.999394
1879800000 17875.3 -0.195947 2999.93 0.999404
1879900000 17875.3 -0.301307 2999.95 0.999365
1880000000 17875.3 -0.168232 2999.93 0.999383
1880100000 17875.3 -0.0764154 2999.91 0.999382
1880200000 17875.3 0.134226 2999.88 0.999575
1880300000 17875.3 0.0213867 2999.89 0.999606
1880400000 17875.3 -0.273001 2999.94 0.999421
1880500000 17875.3 -0.211163 2999.93 0.99938
1880600000 17875.3 -0.236424 2999.94 0.999388
1880700000 17875.3 -0.161406 2999.93 0.999378
1880800000 17875.3 -0.22625 2999.94 0.999383
1880900000 17875.3 0.399069 2999.83 0.999543
1881000000 17875.3 -0.193699 2999.93 0.999384
1881100000 17875.3 -0.0771168 2999.91 0.999383
1881200000 17875.3 0.21363 2999.86 0.99961
1881300000 17875.3 -0.144528 2999.92 0.999462
1881400000 17875.3 -0.123232 2999.92 0.999377
1881500000 17875.3 0.96947 2999.74 0.999793
1881600000 17875.3 0.020574 2999.89 0.999513
1881700000 17875.3 0.693399 2999.78 0.99969
1881800000 17875.3 -0.130847 2999.92 0.999381
1881900000 17875.3 2.08431 2999.55 0.999887
1882000000 17875.3 0.201042 2999.86 0.999545
1882100000 17875.3 0.294678 2999.85 0.999528
1882200000 17875.3 1.27962 2999.68 0.999806
1882300000 17875.3 1.68998 2999.61 0.999817
1882400000 17875.3 -0.305405 2999.95 0.999402
1882500000 17875.3 -0.0755712 2999.91 0.999413
1882600000 17875.3 -0.281687 2999.95 0.999367
1882700000 17875.3 -0.23249 2999.94 0.999418
1882800000 17875.3 0.155394 2999.87 0.999523
1882900000 17875.3 0.00502333 2999.9 0.999522
1883000000 17875.3 0.211112 2999.86 0.999577
1883100000 17875.3 -0.133303 2999.92 0.999381
1883200000 17875.3 -0.213071 2999.93 0.99938
1883300000 17875.3 -0.125468 2999.92 0.99938
1883400000 17875.3 -0.139813 2999.92 0.999379
1883500000 17875.3 -0.247507 2999.94 0.999468
1883600000 17875.3 -0.249856 2999.94 0.999396
1883700000 17875.3 -0.189992 2999.93 0.999382
1883800000 17875.3 -0.0927337 2999.91 0.999385
1883900000 17875.3 -0.314499 2999.95 0.999439
1884000000 17875.3 -0.287681 2999.95 0.999375
1884100000 17875.3 0.84276 2999.76 0.999689
1884200000 17875.3 0.00342051 2999.9 0.999477
1884300000 17875.3 0.172934 2999.87 0.99954
1884400000 17875.3 -0.00774795 2999.9 0.99947
1884500000 17875.3 0.466782 2999.82 0.999634
1884600000 17875.3 -0.370165 2999.96 0.99939
1884700000 17875.3 -0.175461 2999.93 0.999378
1884800000 17875.3 0.175011 2999.87 0.999565
1884900000 17875.3 -0.132136 2999.92 0.999432
1885000000 17875.3 -0.17193 2999.93 0.999439
1885100000 17875.3 1.06494 2999.72 0.999688
1885200000 17875.3 -0.00827328 2999.9 0.999471
1885300000 17875.3 0.100517 2999.88 0.999543
1885400000 17875.3 -0.203539 2999.93 0.999371
1885500000 17875.3 -0.0464717 2999.91 0.999525
1885600000 17875.3 -0.24768 2999.94 0.999409
1885700000 17875.3 0.515335 2999.81 0.999613
1885800000 17875.3 0.0238689 2999.89 0.999484
1885900000 17875.3 -0.13175 2999.92 0.999443
1886000000 17875.3 -0.188365 2999.93 0.999405
1886100000 17875.3 -0.159583 2999.92 0.999385
1886200000 17875.3 -0.208933 2999.93 0.999382
1886300000 17875.3 2.44735 2999.49 1.00016
1886400000 17875.3 -0.0436236 2999.91 0.999427
1886500000 17875.3 -0.138977 2999.92 0.999406
1886600000 17875.3 -0.069394 2999.91 0.999403
1886700000 17875.3 -0.108336 2999.92 0.999442
1886800000 17875.3 -0.230622 2999.94 0.999381
1886900000 17875.3 0.1207 2999.88 0.999564
1887000000 17875.3 0.524142 2999.81 0.99969
1887100000 17875.3 -0.226612 2999.94 0.999384
1887200000 17875.3 -0.249062 2999.94 0.999377
1887300000 17875.3 0.320702 2999.84 0.999621
1887400000 17875.3 -0.159627 2999.92 0.999465
1887500000 17875.3 -0.340118 2999.96 0.999377
1887600000 17875.3 -0.10215 2999.92 0.99938
1887700000 17875.3 -0.193164 2999.93 0.999402
1887800000 17875.3 -0.0352342 2999.9 0.999438
1887900000 17875.3 -0.102833 2999.92 0.999459
1888000000 17875.3 -0.0891876 2999.91 0.99938
1888100000 17875.3 0.797961 2999.76 0.99968
1888200000 17875.3 -0.091367 2999.91 0.999435
1888300000 17875.3 -0.0498711 2999.91 0.99946
1888400000 17875.3 0.0376559 2999.89 0.999458
1888500000 17875.3 0.372343 2999.84 0.99957
1888600000 17875.3 -0.1129 2999.92 0.999432
1888700000 17875.3 -0.0932194 2999.91 0.999381
1888800000 17875.3 -0.0773196 2999.91 0.999412
1888900000 17875.3 0.294594 2999.85 0.999542
1889000000 17875.3 -0.0939794 2999.91 0.999459
1889100000 17875.3 -0.123614 2999.92 0.999378
1889200000 17875.3 0.0638259 2999.89 0.999522
1889300000 17875.3 -0.191064 2999.93 0.999375
1889400000 17875.3 0.230999 2999.86 0.999536
1889500000 17875.3 -0.221227 2999.94 0.999383
1889600000 17875.3 1.29905 2999.68 0.999759
1889700000 17875.3 -0.291315 2999.95 0.999474
1889800000 17875.3 -0.073543 2999.91 0.999383
1889900000 17875.3 -0.0868671 2999.91 0.999385
1890000000 17875.3 0.23092 2999.86 0.999522
1890100000 17875.3 0.403802 2999.83 0.999595
1890200000 17875.3 -0.0901535 2999.91 0.999383
1890300000 17875.3 0.122289 2999.88 0.999528
1890400000 17875.3 0.155479 2999.87 0.999489
1890500000 17875.3 -0.194589 2999.93 0.99937
1890600000 17875.3 -0.169098 2999.93 0.999382
1890700000 17875.3 -0.219519 2999.93 0.999417
1890800000 17875.3 -0.174365 2999.93 0.999434
1890900000 17875.3 -0.129054 2999.92 0.999405
1891000000 17875.3 -0.156197 2999.92 0.999374
1891100000 17875.3 0.309735 2999.85 0.999656
1891200000 17875.3 -0.0452817 2999.91 0.999456
1891300000 17875.3 0.515582 2999.81 0.999636
1891400000 17875.3 -0.333717 2999.95 0.999398
1891500000 17875.3 -0.28103 2999.95 0.999378
1891600000 17875.3 0.278913 2999.85 0.999591
1891700000 17875.3 0.507753 2999.81 0.999639
1891800000 17875.3 -0.0233625 2999.9 0.999472
1891900000 17875.3 -0.20112 2999.93 0.999376
1892000000 17875.3 -0.223574 2999.94 0.999388
1892100000 17875.3 -0.121934 2999.92 0.999417
1892200000 17875.3 0.0313322 2999.89 0.999464
1892300000 17875.3 -0.34122 2999.96 0.999393
1892400000 17875.3 -0.217092 2999.93 0.999392
1892500000 17875.3 -0.0567585 2999.91 0.999517
1892600000 17875.3 0.0137544 2999.9 0.999482
1892700000 17875.3 -0.0461095 2999.91 0.999476
1892800000 17875.3 -0.169855 2999.93 0.999384
1892900000 17875.3 -0.0711673 2999.91 0.999456
1893000000 17875.3 0.110712 2999.88 0.999506
1893100000 17875.3 -0.301229 2999.95 0.9994
1893200000 17875.3 -0.263124 2999.94 0.999368
1893300000 17875.3 -0.125035 2999.92 0.999378
1893400000 17875.3 0.634902 2999.79 0.999663
1893500000 17875.3 0.724851 2999.78 0.999663
1893600000 17875.3 -0.089924 2999.91 0.999383
1893700000 17875.3 -0.191515 2999.93 0.99938
1893800000 17875.3 -0.200034 2999.93 0.99939
1893900000 17875.3 1.04268 2999.72 0.999683
1894000000 17875.3 1.24876 2999.69 0.99985
1894100000 17875.3 -0.138324 2999.92 0.999383
1894200000 17875.3 0.897484 2999.75 0.999776
1894300000 17875.3 -0.164743 2999.93 0.999389
1894400000 17875.3 0.338057 2999.84 0.999575
1894500000 17875.3 0.898445 2999.75 0.999703
1894600000 17875.3 -0.159912 2999.92 0.999382
1894700000 17875.3 1.90225 2999.58 0.999996
1894800000 17875.3 0.250045 2999.86 0.999532
1894900000 17875.3 -0.0921002 2999.91 0.999387
1895000000 17875.3 -0.170155 2999.93 0.999383
1895100000 17875.3 -0.214756 2999.93 0.999468
1895200000 17875.3 -0.118383 2999.92 0.999387
1895300000 17875.3 0.0882478 2999.88 0.99957
1895400000 17875.3 -0.178273 2999.93 0.999391
1895500000 17875.3 0.465307 2999.82 0.999675
1895600000 17875.3 1.99158 2999.56 0.999972
1895700000 17875.3 -0.243062 2999.94 0.999413
1895800000 17875.3 -0.112004 2999.92 0.999448
1895900000 17875.3 -0.0384135 2999.9 0.999389
1896000000 17875.3 0.231944 2999.86 0.999604
1896100000 17875.3 -0.275898 2999.94 0.999399
1896200000 17875.3 -0.17221 2999.93 0.999394
1896300000 17875.3 -0.183769 2999.93 0.999393
1896400000 17875.3 -0.140062 2999.92 0.999402
1896500000 17875.3 0.200238 2999.86 0.999543
1896600000 17875.3 -0.215394 2999.93 0.999381
1896700000 17875.3 -0.106154 2999.92 0.999406
1896800000 17875.3 -0.189536 2999.93 0.999375
1896900000 17875.3 -0.254285 2999.94 0.99937
1897000000 17875.3 -0.142242 2999.92 0.999388
1897100000 17875.3 -0.214536 2999.93 0.999389
1897200000 17875.3 -0.239481 2999.94 0.999391
1897300000 17875.3 -0.246817 2999.94 0.999387
1897400000 17875.3 1.62769 2999.62 1.00002
1897500000 17875.3 0.417997 2999.83 0.999657
1897600000 17875.3 0.488919 2999.82 0.999579
1897700000 17875.3 0.222932 2999.86 0.999604
1897800000 17875.3 1.26343 2999.69 0.999796
1897900000 17875.3 0.138208 2999.87 0.999523
1898000000 17875.3 -0.233081 2999.94 0.999408
1898100000 17875.3 -0.18173 2999.93 0.999376
1898200000 17875.3 -0.02818 2999.9 0.999455
1898300000 17875.3 0.641463 2999.79 0.999669
1898400000 17875.3 0.176031 2999.87 0.999577
1898500000 17875.3 -0.341429 2999.96 0.999393
1898600000 17875.3 0.266442 2999.85 0.999583
1898700000 17875.3 -0.181999 2999.93 0.999375
1898800000 17875.3 0.339126 2999.84 0.999552
1898900000 17875.3 0.409175 2999.83 0.999702
1899000000 17875.3 0.993229 2999.73 0.999754
1899100000 17875.3 0.27219 2999.85 0.999602
1899200000 17875.3 0.106782 2999.88 0.999482
1899300000 17875.3 -0.221469 2999.94 0.999408
1899400000 17875.3 -0.0386745 2999.9 0.999387
1899500000 17875.3 0.751833 2999.77 0.999654
1899600000 17875.3 0.816791 2999.76 0.999722
1899700000 17875.3 -0.0715095 2999.91 0.999493
1899800000 17875.3 -0.33698 2999.95 0.999399
1899900000 17875.3 -0.118065 2999.92 0.99938
1900000000 17875.3 -0.131535 2999.92 0.999398
1900100000 17875.3 -0.338602 2999.95 0.999429
1900200000 17875.3 -0.0664436 2999.91 0.999384
1900300000 17875.3 -0.174011 2999.93 0.999372
1900400000 17875.3 0.622918 2999.79 0.999669
1900500000 17875.3 0.614082 2999.8 0.99965
1900600000 17875.3 -0.0978477 2999.91 0.99938
1900700000 17875.3 0.0909793 2999.88 0.99954
1900800000 17875.3 -0.195314 2999.93 0.999385
1900900000 17875.3 -0.197955 2999.93 0.999382
1901000000 17875.3 -0.244737 2999.94 0.999383
1901100000 17875.3 -0.202044 2999.93 0.999375
1901200000 17875.3 -0.355988 2999.96 0.999386
1901300000 17875.3 -0.168492 2999.93 0.999401
1901400000 17875.3 0.874922 2999.75 0.99979
1901500000 17875.3 -0.346559 2999.96 0.999373
1901600000 17875.3 -0.358511 2999.96 0.999477
1901700000 17875.3 -0.177594 2999.93 0.999393
1901800000 17875.3 -0.0964468 2999.91 0.999386
1901900000 17875.3 0.893691 2999.75 0.99976
1902000000 17875.3 -0.202825 2999.93 0.999494
1902100000 17875.3 0.653826 2999.79 0.999698
1902200000 17875.3 -0.250045 2999.94 0.99937
1902300000 17875.3 0.275516 2999.85 0.999573
1902400000 17875.3 -0.120712 2999.92 0.999377
1902500000 17875.3 -0.152555 2999.92 0.999406
1902600000 17875.3 2.09842 2999.55 0.999999
1902700000 17875.3 0.116925 2999.88 0.999492
1902800000 17875.3 -0.175484 2999.93 0.999386
1902900000 17875.3 -0.149593 2999.92 0.99938
1903000000 17875.3 -0.138966 2999.92 0.999377
1903100000 17875.3 0.484682 2999.82 0.999678
1903200000 17875.3 0.0157658 2999.9 0.999507
1903300000 17875.3 -0.126611 2999.92 0.999379
1903400000 17875.3 -0.204651 2999.93 0.999381
1903500000 17875.3 1.43885 2999.66 0.999761
1903600000 17875.3 -0.250232 2999.94 0.999384
1903700000 17875.3 0.420581 2999.83 0.999577
1903800000 17875.3 -0.068381 2999.91 0.999424
1903900000 17875.3 -0.196105 2999.93 0.999455
1904000000 17875.3 -0.184494 2999.93 0.999379
1904100000 17875.3 -0.0159033 2999.9 0.999537
1904200000 17875.3 -0.165666 2999.93 0.999374
1904300000 17875.3 -0.132143 2999.92 0.999467
1904400000 17875.3 -0.109869 2999.92 0.999505
1904500000 17875.3 -0.042553 2999.91 0.999445
1904600000 17875.3 -0.0111911 2999.9 0.999527
1904700000 17875.3 -0.267378 2999.94 0.999387
1904800000 17875.3 1.44044 2999.66 0.999828
1904900000 17875.3 -0.205303 2999.93 0.99939
1905000000 17875.3 -0.188483 2999.93 0.999388
1905100000 17875.3 -0.117426 2999.92 0.999516
1905200000 17875.3 -0.292069 2999.95 0.999435
1905300000 17875.3 -0.247192 2999.94 0.999407
1905400000 17875.3 0.707329 2999.78 0.999713
1905500000 17875.3 -0.176211 2999.93 0.999423
1905600000 17875.3 0.0428924 2999.89 0.999464
1905700000 17875.3 -0.0152624 2999.9 0.999453
1905800000 17875.3 -0.166156 2999.93 0.999422
1905900000 17875.3 -0.16846 2999.93 0.999394
1906000000 17875.3 -0.0488627 2999.91 0.999421
1906100000 17875.3 0.0672978 2999.89 0.999519
1906200000 17875.3 -0.222417 2999.94 0.999383
1906300000 17875.3 0.465292 2999.82 0.999681
1906400000 17875.3 -0.201475 2999.93 0.999397
1906500000 17875.3 0.0675521 2999.89 0.999499
1906600000 17875.3 -0.199837 2999.93 0.999379
1906700000 17875.3 -0.151902 2999.92 0.999402
1906800000 17875.3 0.13007 2999.88 0.999477
1906900000 17875.3 -0.182221 2999.93 0.99937
1907000000 17875.3 -0.24865 2999.94 0.999383
1907100000 17875.3 -0.038359 2999.9 0.999468
1907200000 17875.3 -0.148389 2999.92 0.999391
1907300000 17875.3 -0.0553421 2999.91 0.999429
1907400000 17875.3 -0.283287 2999.95 0.99938
1907500000 17875.3 -0.20974 2999.93 0.999427
1907600000 17875.3 -0.148601 2999.92 0.999391
1907700000 17875.3 -0.113879 2999.92 0.999406
1907800000 17875.3 -0.164125 2999.93 0.999384
1907900000 17875.3 -0.0586756 2999.91 0.999412
1908000000 17875.3 0.540213 2999.81 0.999647
1908100000 17875.3 -0.253247 2999.94 0.999367
1908200000 17875.3 -0.183415 2999.93 0.999419
1908300000 17875.3 0.346315 2999.84 0.999557
1908400000 17875.3 -0.22042 2999.94 0.999376
1908500000 17875.3 0.19056 2999.87 0.999582
1908600000 17875.3 -0.265097 2999.94 0.999409
1908700000 17875.3 -0.224722 2999.94 0.999392
1908800000 17875.3 -0.303384 2999.95 0.999382
1908900000 17875.3 -0.150865 2999.92 0.999402
1909000000 17875.3 -0.209624 2999.93 0.999429
1909100000 17875.3 -0.172982 2999.93 0.999492
1909200000 17875.3 -0.179364 2999.93 0.999377
1909300000 17875.3 -0.242555 2999.94 0.999382
1909400000 17875.3 -0.090884 2999.91 0.99938
1909500000 17875.3 -0.104994 2999.92 0.999425
1909600000 17875.3 -0.161721 2999.93 0.999452
1909700000 17875.3 -0.32349 2999.95 0.999387
1909800000 17875.3 -0.250355 2999.94 0.999375
1909900000 17875.3 0.979797 2999.73 0.999681
1910000000 17875.3 -0.0587307 2999.91 0.999388
1910100000 17875.3 -0.0164238 2999.9 0.999541
1910200000 17875.3 3.8842 2999.25 1.0003
1910300000 17875.3 -0.0387193 2999.9 0.999486
1910400000 17875.3 0.013872 2999.9 0.999486
1910500000 17875.3 -0.207691 2999.93 0.999387
1910600000 17875.3 -0.18476 2999.93 0.999404
1910700000 17875.3 -0.18385 2999.93 0.999434
1910800000 17875.3 -0.233178 2999.94 0.999431
1910900000 17875.3 0.556844 2999.8 0.999603
1911000000 17875.3 0.984521 2999.73 0.99982
1911100000 17875.3 -0.386889 2999.96 0.999397
1911200000 17875.3 -0.197354 2999.93 0.999403
1911300000 17875.3 -0.254537 2999.94 0.999471
1911400000 17875.3 -0.195126 2999.93 0.999446
1911500000 17875.3 -0.349058 2999.96 0.999372
1911600000 17875.3 -0.0966889 2999.91 0.999436
1911700000 17875.3 -0.275297 2999.94 0.999373
1911800000 17875.3 0.751677 2999.77 0.999623
1911900000 17875.3 0.406776 2999.83 0.999577
1912000000 17875.3 -0.0867204 2999.91 0.999384
1912100000 17875.3 -0.18316 2999.93 0.999423
1912200000 17875.3 -0.167967 2999.93 0.999435
1912300000 17875.3 -0.000697414 2999.9 0.999538
1912400000 17875.3 0.186886 2999.87 0.99963
1912500000 17875.3 0.432264 2999.83 0.999624
1912600000 17875.3 -0.164697 2999.93 0.999496
1912700000 17875.3 -0.176902 2999.93 0.999396
1912800000 17875.3 -0.115205 2999.92 0.999375
1912900000 17875.3 0.299739 2999.85 0.999543
1913000000 17875.3 -0.0865471 2999.91 0.999388
1913100000 17875.3 0.09099 2999.88 0.999488
1913200000 17875.3 -0.211873 2999.93 0.999406
1913300000 17875.3 -0.205329 2999.93 0.999376
1913400000 17875.3 -0.209188 2999.93 0.999376
1913500000 17875.3 -0.16956 2999.93 0.999403
1913600000 17875.3 -0.250332 2999.94 0.999386
1913700000 17875.3 0.263196 2999.85 0.999558
1913800000 17875.3 0.873264 2999.75 0.999811
1913900000 17875.3 0.582856 2999.8 0.999603
1914000000 17875.3 -0.18691 2999.93 0.999379
1914100000 17875.3 0.475681 2999.82 0.99967
1914200000 17875.3 -0.12359 2999.92 0.999382
1914300000 17875.3 -0.205073 2999.93 0.999381
1914400000 17875.3 -0.0547816 2999.91 0.999447
1914500000 17875.3 -0.16551 2999.93 0.999427
1914600000 17875.3 0.472095 2999.82 0.999602
1914700000 17875.3 0.0937352 2999.88 0.999504
1914800000 17875.3 0.508703 2999.81 0.999641
1914900000 17875.3 -0.111586 2999.92 0.999384
1915000000 17875.3 0.318478 2999.84 0.99957
1915100000 17875.3 -0.0825942 2999.91 0.999419
1915200000 17875.3 -0.243559 2999.94 0.999413
1915300000 17875.3 -0.205992 2999.93 0.99943
1915400000 17875.3 -0.276743 2999.94 0.999384
1915500000 17875.3 -0.0222264 2999.9 0.999493
1915600000 17875.3 -0.206711 2999.93 0.999431
1915700000 17875.3 -0.208648 2999.93 0.999397
1915800000 17875.3 -0.189704 2999.93 0.999379
1915900000 17875.3 -0.09828 2999.91 0.999381
1916000000 17875.3 -0.240071 2999.94 0.999384
1916100000 17875.3 -0.0994675 2999.91 0.99938
1916200000 17875.3 0.560539 2999.8 0.999611
1916300000 17875.3 -0.191866 2999.93 0.999413
1916400000 17875.3 0.450769 2999.82 0.999613
1916500000 17875.3 -0.2441 2999.94 0.999414
1916600000 17875.3 -0.228622 2999.94 0.999389
1916700000 17875.3 -0.129129 2999.92 0.999438
1916800000 17875.3 -0.192387 2999.93 0.999418
1916900000 17875.3 -0.220271 2999.94 0.999402
1917000000 17875.3 -0.101677 2999.92 0.999464
1917100000 17875.3 -0.242074 2999.94 0.999452
1917200000 17875.3 -0.0356096 2999.9 0.999464
1917300000 17875.3 0.54791 2999.81 0.999586
1917400000 17875.3 -0.127786 2999.92 0.999408
1917500000 17875.3 -0.237541 2999.94 0.999384
1917600000 17875.3 -0.2228 2999.94 0.999388
1917700000 17875.3 -0.25734 2999.94 0.999382
1917800000 17875.3 -0.164002 2999.93 0.999381
1917900000 17875.3 0.791216 2999.77 0.999707
1918000000 17875.3 0.031789 2999.89 0.999523
1918100000 17875.3 1.0776 2999.72 0.999756
1918200000 17875.3 1.10885 2999.71 0.999802
1918300000 17875.3 -0.19885 2999.93 0.999431
1918400000 17875.3 -0.259678 2999.94 0.999416
1918500000 17875.3 -0.338955 2999.95 0.99939
1918600000 17875.3 -0.216131 2999.93 0.999395
1918700000 17875.3 -0.161976 2999.93 0.999448
1918800000 17875.3 -0.0947764 2999.91 0.999454
1918900000 17875.3 0.338369 2999.84 0.99958
1919000000 17875.3 -0.057787 2999.91 0.999454
1919100000 17875.3 0.378091 2999.83 0.999564
1919200000 17875.3 1.64615 2999.62 0.999882
1919300000 17875.3 -0.0782017 2999.91 0.999454
1919400000 17875.3 0.505185 2999.81 0.999626
1919500000 17875.3 -0.246179 2999.94 0.999397
1919600000 17875.3 -0.171109 2999.93 0.999384
1919700000 17875.3 -0.271307 2999.94 0.999383
1919800000 17875.3 -0.100643 2999.91 0.999435
1919900000 17875.3 -0.0273572 2999.9 0.999461
1920000000 17875.3 0.00134814 2999.9 0.999491
1920100000 17875.3 0.526679 2999.81 0.999671
1920200000 17875.3 1.27633 2999.68 0.999871
1920300000 17875.3 -0.133204 2999.92 0.999376
1920400000 17875.3 0.237019 2999.86 0.999546
1920500000 17875.3 0.410475 2999.83 0.999549
1920600000 17875.3 -0.200598 2999.93 0.999373
1920700000 17875.3 -0.299386 2999.95 0.999369
1920800000 17875.3 -0.187123 2999.93 0.999386
1920900000 17875.3 -0.334498 2999.95 0.999394
1921000000 17875.3 0.178475 2999.87 0.999541
1921100000 17875.3 -0.0194223 2999.9 0.999442
1921200000 17875.3 0.89341 2999.75 0.999706
1921300000 17875.3 -0.218996 2999.93 0.999401
1921400000 17875.3 -0.203869 2999.93 0.999393
1921500000 17875.3 -0.113981 2999.92 0.99938
1921600000 17875.3 -0.174975 2999.93 0.999519
1921700000 17875.3 -0.131401 2999.92 0.999403
1921800000 17875.3 -0.201413 2999.93 0.999436
1921900000 17875.3 0.0714769 2999.89 0.999463
1922000000 17875.3 -0.243265 2999.94 0.99938
1922100000 17875.3 -0.176112 2999.93 0.999422
1922200000 17875.3 0.234918 2999.86 0.999692
1922300000 17875.3 -0.24232 2999.94 0.999413
1922400000 17875.3 -0.112601 2999.92 0.999464
1922500000 17875.3 1.99673 2999.56 0.999968
1922600000 17875.3 -0.172737 2999.93 0.999387
1922700000 17875.3 -0.114976 2999.92 0.999381
1922800000 17875.3 -0.49328 2999.98 0.99938
1922900000 17875.3 -0.097608 2999.91 0.999452
1923000000 17875.3 -0.127788 2999.92 0.999379
1923100000 17875.3 -0.324511 2999.95 0.999391
1923200000 17875.3 -0.21213 2999.93 0.999398
1923300000 17875.3 -0.235036 2999.94 0.999422
1923400000 17875.3 0.174302 2999.87 0.999639
1923500000 17875.3 0.733428 2999.78 0.99965
1923600000 17875.3 -0.109982 2999.92 0.999381
1923700000 17875.3 -0.210847 2999.93 0.999377
1923800000 17875.3 0.308689 2999.85 0.999724
1923900000 17875.3 -0.18756 2999.93 0.999451
1924000000 17875.3 -0.215475 2999.93 0.999392
1924100000 17875.3 -0.0891939 2999.91 0.99944
1924200000 17875.3 -0.139182 2999.92 0.999379
1924300000 17875.3 -0.149657 2999.92 0.999468
1924400000 17875.3 -0.0182096 2999.9 0.999551
1924500000 17875.3 -0.207234 2999.93 0.99938
1924600000 17875.3 0.427238 2999.83 0.999676
1924700000 17875.3 -0.139902 2999.92 0.999379
1924800000 17875.3 -0.188922 2999.93 0.999375
1924900000 17875.3 -0.0954845 2999.91 0.999389
1925000000 17875.3 -0.103677 2999.92 0.999432
1925100000 17875.3 -0.132368 2999.92 0.999386
1925200000 17875.3 0.25624 2999.86 0.999604
1925300000 17875.3 0.147078 2999.87 0.999515
1925400000 17875.3 -0.232365 2999.94 0.999382
1925500000 17875.3 -0.225559 2999.94 0.99939
1925600000 17875.3 -0.316965 2999.95 0.999367
1925700000 17875.3 -0.234938 2999.94 0.999388
1925800000 17875.3 -0.221783 2999.94 0.999389
1925900000 17875.3 -0.187691 2999.93 0.999452
1926000000 17875.3 -0.222406 2999.94 0.99939
1926100000 17875.3 -0.110731 2999.92 0.999448
1926200000 17875.3 0.668573 2999.79 0.999705
1926300000 17875.3 -0.151523 2999.92 0.999403
1926400000 17875.3 1.97155 2999.57 0.999901
1926500000 17875.3 -0.353896 2999.96 0.999383
1926600000 17875.3 -0.0152777 2999.9 0.999457
1926700000 17875.3 1.12881 2999.71 0.999713
1926800000 17875.3 -0.190867 2999.93 0.999396
1926900000 17875.3 -0.127724 2999.92 0.999417
1927000000 17875.3 0.304455 2999.85 0.999575
1927100000 17875.3 -0.157295 2999.92 0.999427
1927200000 17875.3 -0.22317 2999.94 0.999373
1927300000 17875.3 -0.125328 2999.92 0.9994
1927400000 17875.3 -0.296386 2999.95 0.999429
1927500000 17875.3 0.80275 2999.76 0.999721
1927600000 17875.3 1.03404 2999.72 0.999839
1927700000 17875.3 -0.237291 2999.94 0.999382
1927800000 17875.3 0.323762 2999.84 0.99956
1927900000 17875.3 -0.0385727 2999.9 0.999387
1928000000 17875.3 -0.11928 2999.92 0.999436
1928100000 17875.3 -0.238869 2999.94 0.999499
1928200000 17875.3 -0.0696588 2999.91 0.999478
1928300000 17875.3 0.0728713 2999.89 0.999543
1928400000 17875.3 0.61586 2999.79 0.999602
1928500000 17875.3 0.0798308 2999.88 0.9995
1928600000 17875.3 -0.141547 2999.92 0.999474
1928700000 17875.3 -0.0185173 2999.9 0.999479
1928800000 17875.3 -0.310447 2999.95 0.999396
1928900000 17875.3 0.158639 2999.87 0.999564
1929000000 17875.3 -0.174231 2999.93 0.999377
1929100000 17875.3 -0.0807789 2999.91 0.999391
1929200000 17875.3 -0.0625116 2999.91 0.999418
1929300000 17875.3 2.04242 2999.56 0.999922
1929400000 17875.3 0.0289025 2999.89 0.999484
1929500000 17875.3 1.37633 2999.67 0.999775
1929600000 17875.3 -0.172813 2999.93 0.999394
1929700000 17875.3 -0.127921 2999.92 0.999379
1929800000 17875.3 -0.151681 2999.92 0.999379
1929900000 17875.3 -0.126084 2999.92 0.999424
1930000000 17875.3 0.167527 2999.87 0.999529
1930100000 17875.3 0.0187907 2999.89 0.999496
1930200000 17875.3 -0.0942792 2999.91 0.999432
1930300000 17875.3 0.132082 2999.88 0.999488
1930400000 17875.3 2.27179 2999.52 0.99993
1930500000 17875.3 -0.166262 2999.93 0.999436
1930600000 17875.3 -0.00903981 2999.9 0.999459
1930700000 17875.3 0.285531 2999.85 0.999558
1930800000 17875.3 -0.0875549 2999.91 0.999423
1930900000 17875.3 -0.175982 2999.93 0.999371
1931000000 17875.3 -0.180166 2999.93 0.999415
1931100000 17875.3 -0.268201 2999.94 0.999419
1931200000 17875.3 0.0214291 2999.89 0.999454
1931300000 17875.3 0.910117 2999.75 0.999758
1931400000 17875.3 0.23618 2999.86 0.999612
1931500000 17875.3 -0.153132 2999.92 0.999395
1931600000 17875.3 -0.0666711 2999.91 0.999448
1931700000 17875.3 0.0357572 2999.89 0.999516
1931800000 17875.3 -0.15466 2999.92 0.999428
1931900000 17875.3 -0.0267109 2999.9 0.999485
1932000000 17875.3 0.213831 2999.86 0.999514
1932100000 17875.3 4.30557 2999.18 1.00041
1932200000 17875.3 -0.216862 2999.93 0.999399
1932300000 17875.3 -0.121721 2999.92 0.999402
1932400000 17875.3 2.59377 2999.46 0.999988
1932500000 17875.3 -0.14924 2999.92 0.999375
1932600000 17875.3 -0.15766 2999.92 0.999435
1932700000 17875.3 -0.131186 2999.92 0.999394
1932800000 17875.3 -0.189742 2999.93 0.999396
1932900000 17875.3 -0.161272 2999.93 0.999376
1933000000 17875.3 -0.224093 2999.94 0.999375
1933100000 17875.3 -0.196609 2999.93 0.999403
1933200000 17875.3 -0.189333 2999.93 0.999389
1933300000 17875.3 -0.256407 2999.94 0.999373
1933400000 17875.3 0.115869 2999.88 0.999517
1933500000 17875.3 -0.160423 2999.93 0.999369
1933600000 17875.3 -0.0920964 2999.91 0.999463
1933700000 17875.3 -0.239688 2999.94 0.999375
1933800000 17875.3 -0.178794 2999.93 0.999401
1933900000 17875.3 -0.178365 2999.93 0.999395
1934000000 17875.3 -0.337081 2999.95 0.999381
1934100000 17875.3 -0.153705 2999.92 0.99938
1934200000 17875.3 -0.210606 2999.93 0.999381
1934300000 17875.3 -0.210598 2999.93 0.99939
1934400000 17875.3 -0.135631 2999.92 0.999377
1934500000 17875.3 -0.324365 2999.95 0.999423
1934600000 17875.3 0.496529 2999.81 0.999574
1934700000 17875.3 -0.118545 2999.92 0.999418
1934800000 17875.3 -0.00194165 2999.9 0.99945
1934900000 17875.3 -0.201953 2999.93 0.999377
1935000000 17875.3 0.61535 2999.79 0.999711
1935100000 17875.3 0.073903 2999.89 0.99952
1935200000 17875.3 -0.291798 2999.95 0.999374
1935300000 17875.3 0.170676 2999.87 0.9995
1935400000 17875.3 -0.235789 2999.94 0.999359
1935500000 17875.3 -0.199363 2999.93 0.999382
1935600000 17875.3 0.0899092 2999.88 0.999511
1935700000 17875.3 -0.289877 2999.95 0.999394
1935800000 17875.3 -0.193656 2999.93 0.999486
1935900000 17875.3 -0.112153 2999.92 0.999378
1936000000 17875.3 -0.28279 2999.95 0.999372
1936100000 17875.3 1.37521 2999.67 0.999891
1936200000 17875.3 -0.276231 2999.94 0.99941
1936300000 17875.3 1.14449 2999.71 0.999719
1936400000 17875.3 -0.0863181 2999.91 0.999531
1936500000 17875.3 -0.136091 2999.92 0.999379
1936600000 17875.3 -0.240687 2999.94 0.999385
1936700000 17875.3 0.273177 2999.85 0.999515
1936800000 17875.3 -0.15622 2999.92 0.999373
1936900000 17875.3 0.02181 2999.89 0.999459
1937000000 17875.3 -0.0470593 2999.91 0.999448
1937100000 17875.3 0.175642 2999.87 0.999507
1937200000 17875.3 -0.174643 2999.93 0.999374
1937300000 17875.3 0.0512582 2999.89 0.999474
1937400000 17875.3 -0.192936 2999.93 0.999425
1937500000 17875.3 -0.126682 2999.92 0.999375
1937600000 17875.3 1.0522 2999.72 0.999784
1937700000 17875.3 -0.270023 2999.94 0.999388
1937800000 17875.3 -0.134191 2999.92 0.999381
1937900000 17875.3 -0.0809732 2999.91 0.999457
1938000000 17875.3 -0.14935 2999.92 0.99942
1938100000 17875.3 -0.155307 2999.92 0.999383
1938200000 17875.3 -0.13763 2999.92 0.999384
1938300000 17875.3 -0.178602 2999.93 0.999393
1938400000 17875.3 -0.243594 2999.94 0.999384
1938500000 17875.3 -0.203158 2999.93 0.99939
1938600000 17875.3 -0.15808 2999.92 0.999373
1938700000 17875.3 1.16028 2999.7 0.999865
1938800000 17875.3 1.02177 2999.73 0.999742
1938900000 17875.3 -0.157382 2999.92 0.999409
1939000000 17875.3 -0.15493 2999.92 0.999372
1939100000 17875.3 -0.175248 2999.93 0.999427
1939200000 17875.3 -0.0813909 2999.91 0.999446
1939300000 17875.3 -0.238997 2999.94 0.999441
1939400000 17875.3 -0.19234 2999.93 0.999458
1939500000 17875.3 0.604926 2999.8 0.999598
1939600000 17875.3 -0.13804 2999.92 0.999381
1939700000 17875.3 0.00820573 2999.9 0.999473
1939800000 17875.3 -0.0728901 2999.91 0.999383
1939900000 17875.3 -0.214257 2999.93 0.999371
1940000000 17875.3 -0.24839 2999.94 0.999416
1940100000 17875.3 -0.192218 2999.93 0.999392
1940200000 17875.3 -0.266448 2999.94 0.999413
1940300000 17875.3 -0.0907409 2999.91 0.999504
1940400000 17875.3 1.56177 2999.64 0.999824
1940500000 17875.3 -0.231836 2999.94 0.999406
1940600000 17875.3 -0.221056 2999.94 0.999411
1940700000 17875.3 0.0521731 2999.89 0.999521
1940800000 17875.3 0.238373 2999.86 0.999612
1940900000 17875.3 -0.125093 2999.92 0.999394
1941000000 17875.3 -0.115185 2999.92 0.999379
1941100000 17875.3 1.02962 2999.73 0.999801
1941200000 17875.3 -0.213957 2999.93 0.999369
1941300000 17875.3 -0.117677 2999.92 0.999377
1941400000 17875.3 -0.27146 2999.94 0.999411
1941500000 17875.3 -0.208977 2999.93 0.999384
1941600000 17875.3 1.93534 2999.57 0.999907
1941700000 17875.3 -0.126417 2999.92 0.999385
1941800000 17875.3 2.06299 2999.55 0.999875
1941900000 17875.3 -0.392758 2999.96 0.999383
1942000000 17875.3 -0.149845 2999.92 0.99938
1942100000 17875.3 -0.250908 2999.94 0.99944
1942200000 17875.3 4.98473 2999.06 1.00034
1942300000 17875.3 -0.105615 2999.92 0.999381
1942400000 17875.3 0.991086 2999.73 0.999695
1942500000 17875.3 0.29747 2999.85 0.999572
1942600000 17875.3 -0.119579 2999.92 0.99939
1942700000 17875.3 -0.382206 2999.96 0.99939
1942800000 17875.3 -0.0225732 2999.9 0.999494
1942900000 17875.3 -0.073255 2999.91 0.999429
1943000000 17875.3 -0.0128667 2999.9 0.999513
1943100000 17875.3 -0.202131 2999.93 0.99938
1943200000 17875.3 0.00543363 2999.9 0.999455
1943300000 17875.3 -0.275468 2999.94 0.999373
1943400000 17875.3 -0.0876339 2999.91 0.999477
1943500000 17875.3 -0.333634 2999.95 0.999375
1943600000 17875.3 0.165187 2999.87 0.99949
1943700000 17875.3 -0.110695 2999.92 0.999464
1943800000 17875.3 -0.0175929 2999.9 0.999391
1943900000 17875.3 -0.156967 2999.92 0.999466
1944000000 17875.3 -0.134901 2999.92 0.999421
1944100000 17875.3 -0.116345 2999.92 0.999413
1944200000 17875.3 1.03369 2999.72 0.999766
1944300000 17875.3 -0.258772 2999.94 0.999393
1944400000 17875.3 -0.0226821 2999.9 0.999525
1944500000 17875.3 2.4491 2999.49 1
1944600000 17875.3 0.558574 2999.8 0.999721
1944700000 17875.3 -0.210912 2999.93 0.999488
1944800000 17875.3 -0.114652 2999.92 0.999385
1944900000 17875.3 -0.0590825 2999.91 0.999384
1945000000 17875.3 0.664218 2999.79 0.999701
1945100000 17875.3 1.73234 2999.61 1.00009
1945200000 17875.3 -0.405675 2999.97 0.999383
1945300000 17875.3 -0.116672 2999.92 0.999458
1945400000 17875.3 -0.457518 2999.97 0.999383
1945500000 17875.3 -0.388498 2999.96 0.999416
1945600000 17875.3 -0.235539 2999.94 0.999458
1945700000 17875.3 -0.085365 2999.91 0.999417
1945800000 17875.3 -0.00467795 2999.9 0.999478
1945900000 17875.3 -0.248359 2999.94 0.999378
1946000000 17875.3 -0.20581 2999.93 0.999386
1946100000 17875.3 -0.0531983 2999.91 0.999418
1946200000 17875.3 0.0264419 2999.89 0.999534
1946300000 17875.3 -0.0633226 2999.91 0.999493
1946400000 17875.3 -0.141832 2999.92 0.999373
1946500000 17875.3 -0.106467 2999.92 0.999381
1946600000 17875.3 0.131316 2999.88 0.999495
1946700000 17875.3 0.0188028 2999.89 0.999517
1946800000 17875.3 -0.208061 2999.93 0.999406
1946900000 17875.3 -0.15942 2999.92 0.999377
1947000000 17875.3 0.864437 2999.75 0.999661
1947100000 17875.3 0.311467 2999.85 0.99958
1947200000 17875.3 -0.00791433 2999.9 0.999466
1947300000 17875.3 -0.147568 2999.92 0.99938
1947400000 17875.3 -0.0617458 2999.91 0.999514
1947500000 17875.3 -0.224687 2999.94 0.999403
1947600000 17875.3 -0.10614 2999.92 0.999424
1947700000 17875.3 0.826056 2999.76 0.999685
1947800000 17875.3 0.8775 2999.75 0.999787
1947900000 17875.3 -0.247239 2999.94 0.999374
1948000000 17875.3 -0.0568282 2999.91 0.999537
1948100000 17875.3 -0.251929 2999.94 0.999439
1948200000 17875.3 -0.171541 2999.93 0.999394
1948300000 17875.3 -0.253977 2999.94 0.999384
1948400000 17875.3 -0.174469 2999.93 0.999395
1948500000 17875.3 -0.383846 2999.96 0.999387
1948600000 17875.3 0.614085 2999.8 0.999637
1948700000 17875.3 -0.0999668 2999.91 0.999422
1948800000 17875.3 -0.0427035 2999.91 0.999466
1948900000 17875.3 0.406718 2999.83 0.999591
1949000000 17875.3 -0.173664 2999.93 0.999387
1949100000 17875.3 -0.128713 2999.92 0.999378
1949200000 17875.3 -0.102238 2999.92 0.999385
1949300000 17875.3 0.443645 2999.82 0.99957
1949400000 17875.3 -0.146743 2999.92 0.999405
1949500000 17875.3 -0.0960737 2999.91 0.999384
1949600000 17875.3 0.334327 2999.84 0.999584
1949700000 17875.3 -0.354305 2999.96 0.999409
1949800000 17875.3 -0.251649 2999.94 0.999378
1949900000 17875.3 -0.194818 2999.93 0.999505
1950000000 17875.3 -0.143141 2999.92 0.999514
1950100000 17875.3 -0.181497 2999.93 0.999459
1950200000 17875.3 0.52742 2999.81 0.999629
1950300000 17875.3 -0.215153 2999.93 0.999393
1950400000 17875.3 -0.247235 2999.94 0.999438
1950500000 17875.3 -0.00497243 2999.9 0.999566
1950600000 17875.3 -0.194038 2999.93 0.999409
1950700000 17875.3 -0.215769 2999.93 0.999379
1950800000 17875.3 -0.227764 2999.94 0.999385
1950900000 17875.3 2.70985 2999.44 1.00026
1951000000 17875.3 -0.222168 2999.94 0.999397
1951100000 17875.3 -0.167622 2999.93 0.999407
1951200000 17875.3 -0.0873983 2999.91 0.999397
1951300000 17875.3 -0.14054 2999.92 0.999401
1951400000 17875.3 -0.195429 2999.93 0.999443
1951500000 17875.3 0.916613 2999.74 0.999692
1951600000 17875.3 0.570236 2999.8 0.999622
1951700000 17875.3 -0.0916697 2999.91 0.999379
1951800000 17875.3 -0.260299 2999.94 0.999378
1951900000 17875.3 0.0479421 2999.89 0.999476
1952000000 17875.3 0.202078 2999.86 0.999529
1952100000 17875.3 0.587435 2999.8 0.999651
1952200000 17875.3 -0.144927 2999.92 0.999408
1952300000 17875.3 0.422138 2999.83 0.999594
1952400000 17875.3 -0.144824 2999.92 0.999375
1952500000 17875.3 -0.33607 2999.95 0.999368
1952600000 17875.3 0.0231301 2999.89 0.99946
1952700000 17875.3 1.17365 2999.7 0.999799
1952800000 17875.3 -0.1484 2999.92 0.999436
1952900000 17875.3 0.193291 2999.87 0.999508
1953000000 17875.3 -0.196938 2999.93 0.999369
1953100000 17875.3 3.63637 2999.29 1.00027
1953200000 17875.3 -0.333309 2999.95 0.999381
1953300000 17875.3 0.398932 2999.83 0.999561
1953400000 17875.3 -0.0960423 2999.91 0.999524
1953500000 17875.3 0.957265 2999.74 0.999699
1953600000 17875.3 -0.170567 2999.93 0.99938
1953700000 17875.3 -0.0319275 2999.9 0.999442
1953800000 17875.3 -0.291324 2999.95 0.999391
1953900000 17875.3 0.171314 2999.87 0.999606
1954000000 17875.3 -0.137534 2999.92 0.999383
1954100000 17875.3 -0.199704 2999.93 0.999386
1954200000 17875.3 -0.125042 2999.92 0.999383
1954300000 17875.3 -0.169758 2999.93 0.999388
1954400000 17875.3 -0.110806 2999.92 0.999387
1954500000 17875.3 0.337349 2999.84 0.999589
1954600000 17875.3 -0.196259 2999.93 0.999376
1954700000 17875.3 -0.134808 2999.92 0.999381
1954800000 17875.3 0.0975238 2999.88 0.999547
1954900000 17875.3 -0.172726 2999.93 0.999518
1955000000 17875.3 -0.0973656 2999.91 0.999501
1955100000 17875.3 -0.139556 2999.92 0.999415
1955200000 17875.3 -0.2822 2999.95 0.999388
1955300000 17875.3 -0.141718 2999.92 0.999401
1955400000 17875.3 1.68349 2999.62 1.00009
1955500000 17875.3 -0.198698 2999.93 0.999381
1955600000 17875.3 -0.133724 2999.92 0.999462
1955700000 17875.3 0.0277536 2999.89 0.999541
1955800000 17875.3 -0.255079 2999.94 0.999483
1955900000 17875.3 -0.272157 2999.94 0.999401
1956000000 17875.3 -0.0517604 2999.91 0.999443
1956100000 17875.3 -0.115989 2999.92 0.999393
1956200000 17875.3 -0.151616 2999.92 0.999379
1956300000 17875.3 -0.139862 2999.92 0.999395
1956400000 17875.3 -0.186943 2999.93 0.99939
1956500000 17875.3 -0.117977 2999.92 0.999375
1956600000 17875.3 1.44844 2999.66 0.999764
1956700000 17875.3 -0.176474 2999.93 0.999374
1956800000 17875.3 0.0665452 2999.89 0.999524
1956900000 17875.3 -0.216853 2999.93 0.999389
1957000000 17875.3 1.04178 2999.72 0.999788
1957100000 17875.3 -0.0707659 2999.91 0.999439
1957200000 17875.3 0.0130458 2999.9 0.99949
1957300000 17875.3 -0.154827 2999.92 0.999386
1957400000 17875.3 0.514326 2999.81 0.999626
1957500000 17875.3 -0.153797 2999.92 0.999419
1957600000 17875.3 -0.146594 2999.92 0.999376
1957700000 17875.3 -0.264769 2999.94 0.999373
1957800000 17875.3 1.14391 2999.71 0.999731
1957900000 17875.3 0.611487 2999.8 0.999624
1958000000 17875.3 -0.186186 2999.93 0.999376
1958100000 17875.3 -0.291612 2999.95 0.999394
1958200000 17875.3 -0.0948452 2999.91 0.999415
1958300000 17875.3 -0.180797 2999.93 0.999453
1958400000 17875.3 -0.204246 2999.93 0.999375
1958500000 17875.3 -0.241952 2999.94 0.999427
1958600000 17875.3 -0.217685 2999.93 0.999407
1958700000 17875.3 -0.1487 2999.92 0.999379
1958800000 17875.3 1.84939 2999.59 0.999975
1958900000 17875.3 -0.210237 2999.93 0.999374
1959000000 17875.3 2.96721 2999.4 1.00008
1959100000 17875.3 -0.218845 2999.93 0.999422
1959200000 17875.3 -0.294868 2999.95 0.999378
1959300000 17875.3 1.08926 2999.72 0.999809
1959400000 17875.3 -0.134165 2999.92 0.999496
1959500000 17875.3 -0.311799 2999.95 0.999382
1959600000 17875.3 -0.16899 2999.93 0.99937
1959700000 17875.3 0.584222 2999.8 0.999619
1959800000 17875.3 -0.215637 2999.93 0.999457
1959900000 17875.3 0.370778 2999.84 0.99954
1960000000 17875.3 -0.330659 2999.95 0.999451
1960100000 17875.3 -0.295637 2999.95 0.999403
1960200000 17875.3 -0.0918309 2999.91 0.999379
1960300000 17875.3 -0.189316 2999.93 0.999384
1960400000 17875.3 1.03006 2999.73 0.999775
1960500000 17875.3 0.612902 2999.8 0.999707
1960600000 17875.3 0.185657 2999.87 0.999544
1960700000 17875.3 -0.0354593 2999.9 0.99944
1960800000 17875.3 -0.271551 2999.94 0.999455
1960900000 17875.3 0.283214 2999.85 0.999639
1961000000 17875.3 0.765823 2999.77 0.999666
1961100000 17875.3 0.970751 2999.74 0.999704
1961200000 17875.3 -0.159234 2999.92 0.999381
1961300000 17875.3 -0.16673 2999.93 0.999423
1961400000 17875.3 -0.113299 2999.92 0.999381
1961500000 17875.3 0.461538 2999.82 0.999661
1961600000 17875.3 0.614743 2999.79 0.999649
1961700000 17875.3 -0.233083 2999.94 0.999368
1961800000 17875.3 -0.125869 2999.92 0.999451
1961900000 17875.3 0.369543 2999.84 0.999568
1962000000 17875.3 -0.272182 2999.94 0.999439
1962100000 17875.3 -0.270547 2999.94 0.999379
1962200000 17875.3 1.18954 2999.7 0.999729
1962300000 17875.3 -0.202703 2999.93 0.999414
1962400000 17875.3 0.129952 2999.88 0.999505
1962500000 17875.3 0.0128452 2999.9 0.999501
1962600000 17875.3 -0.206622 2999.93 0.999388
1962700000 17875.3 0.0722768 2999.89 0.999482
1962800000 17875.3 0.770814 2999.77 0.99968
1962900000 17875.3 -0.0304063 2999.9 0.999437
1963000000 17875.3 -0.0582619 2999.91 0.999488
1963100000 17875.3 1.73504 2999.61 0.999819
1963200000 17875.3 -0.127123 2999.92 0.999376
1963300000 17875.3 -0.126468 2999.92 0.999379
1963400000 17875.3 0.333035 2999.84 0.999553
1963500000 17875.3 2.04012 2999.56 0.999913
1963600000 17875.3 -0.0563749 2999.91 0.999385
1963700000 17875.3 0.0937393 2999.88 0.99955
1963800000 17875.3 0.0289077 2999.89 0.999548
1963900000 17875.3 -0.188148 2999.93 0.999366
1964000000 17875.3 0.174499 2999.87 0.999596
1964100000 17875.3 -0.183607 2999.93 0.999389
1964200000 17875.3 -0.178747 2999.93 0.99937
1964300000 17875.3 -0.0775697 2999.91 0.999445
1964400000 17875.3 0.706825 2999.78 0.999617
1964500000 17875.3 0.805455 2999.76 0.999698
1964600000 17875.3 -0.120679 2999.92 0.999379
1964700000 17875.3 0.449651 2999.82 0.999683
1964800000 17875.3 -0.210295 2999.93 0.999471
1964900000 17875.3 0.0174398 2999.9 0.999481
1965000000 17875.3 -0.00875938 2999.9 0.999529
1965100000 17875.3 -0.0399464 2999.9 0.999498
1965200000 17875.3 0.342249 2999.84 0.999672
1965300000 17875.3 1.94917 2999.57 0.999941
1965400000 17875.3 -0.23665 2999.94 0.999409
1965500000 17875.3 -0.119648 2999.92 0.999438
1965600000 17875.3 -0.203232 2999.93 0.999397
1965700000 17875.3 -0.168222 2999.93 0.999375
1965800000 17875.3 -0.111706 2999.92 0.999384
1965900000 17875.3 -0.218326 2999.93 0.999395
1966000000 17875.3 -0.154287 2999.92 0.999402
1966100000 17875.3 0.0941283 2999.88 0.999488
1966200000 17875.3 -0.115767 2999.92 0.999448
1966300000 17875.3 -0.0957881 2999.91 0.99942
1966400000 17875.3 -0.213685 2999.93 0.999402
1966500000 17875.3 -0.195875 2999.93 0.999374
1966600000 17875.3 -0.271092 2999.94 0.999411
1966700000 17875.3 -0.0888767 2999.91 0.999381
1966800000 17875.3 -0.16112 2999.93 0.999442
1966900000 17875.3 -0.200165 2999.93 0.999398
1967000000 17875.3 -0.273747 2999.94 0.999367
1967100000 17875.3 -0.294391 2999.95 0.999399
1967200000 17875.3 -0.040377 2999.9 0.999451
1967300000 17875.3 -0.130523 2999.92 0.999376
1967400000 17875.3 -0.129237 2999.92 0.999435
1967500000 17875.3 0.0148155 2999.9 0.999547
1967600000 17875.3 0.724876 2999.78 0.999625
1967700000 17875.3 -0.233138 2999.94 0.99943
1967800000 17875.3 -0.188202 2999.93 0.999388
1967900000 17875.3 -0.0908504 2999.91 0.999389
1968000000 17875.3 0.29038 2999.85 0.999624
1968100000 17875.3 -0.0105147 2999.9 0.999453
1968200000 17875.3 2.48013 2999.48 1.00009
1968300000 17875.3 0.212618 2999.86 0.999557
1968400000 17875.3 -0.20321 2999.93 0.999395
1968500000 17875.3 -0.117777 2999.92 0.999388
1968600000 17875.3 0.939062 2999.74 0.999669
1968700000 17875.3 0.0210437 2999.89 0.999534
1968800000 17875.3 -0.166703 2999.93 0.999433
1968900000 17875.3 0.742972 2999.77 0.99967
1969000000 17875.3 -0.228526 2999.94 0.999461
1969100000 17875.3 -0.264778 2999.94 0.999444
1969200000 17875.3 0.662509 2999.79 0.999658
1969300000 17875.3 -0.267592 2999.94 0.999387
1969400000 17875.3 -0.122424 2999.92 0.999378
1969500000 17875.3 -0.184814 2999.93 0.99942
1969600000 17875.3 -0.352007 2999.96 0.999415
1969700000 17875.3 0.0362032 2999.89 0.999481
1969800000 17875.3 -0.197726 2999.93 0.999385
1969900000 17875.3 -0.208186 2999.93 0.99937
1970000000 17875.3 1.70619 2999.61 0.99986
1970100000 17875.3 0.240027 2999.86 0.999583
1970200000 17875.3 -0.0921786 2999.91 0.999437
1970300000 17875.3 -0.0789936 2999.91 0.999501
1970400000 17875.3 0.0694683 2999.89 0.999498
1970500000 17875.3 -0.0792553 2999.91 0.999439
1970600000 17875.3 0.453306 2999.82 0.999577
1970700000 17875.3 -0.233502 2999.94 0.999437
1970800000 17875.3 1.7309 2999.61 0.999887
1970900000 17875.3 -0.0776189 2999.91 0.999408
1971000000 17875.3 0.375148 2999.84 0.999551
1971100000 17875.3 -0.435748 2999.97 0.999389
1971200000 17875.3 -0.175721 2999.93 0.999427
1971300000 17875.3 -0.111233 2999.92 0.999443
1971400000 17875.3 -0.24629 2999.94 0.999384
1971500000 17875.3 0.18873 2999.87 0.999546
1971600000 17875.3 -0.134124 2999.92 0.999387
1971700000 17875.3 0.11557 2999.88 0.999482
1971800000 17875.3 -0.185883 2999.93 0.999373
1971900000 17875.3 -0.205192 2999.93 0.999382
1972000000 17875.3 -0.356414 2999.96 0.999368
1972100000 17875.3 -0.0649839 2999.91 0.99948
1972200000 17875.3 0.703977 2999.78 0.999632
1972300000 17875.3 0.0243742 2999.89 0.999469
1972400000 17875.3 -0.0546431 2999.91 0.999469
1972500000 17875.3 -0.217722 2999.93 0.999431
1972600000 17875.3 0.06245 2999.89 0.999547
1972700000 17875.3 -0.385938 2999.96 0.999402
1972800000 17875.3 -0.16574 2999.93 0.999377
1972900000 17875.3 -0.192673 2999.93 0.999416
1973000000 17875.3 -0.332247 2999.95 0.999405
1973100000 17875.3 0.0331417 2999.89 0.99949
1973200000 17875.3 -0.304728 2999.95 0.999377
1973300000 17875.3 -0.133301 2999.92 0.999378
1973400000 17875.3 -0.109536 2999.92 0.99947
1973500000 17875.3 -0.0402361 2999.9 0.999388
1973600000 17875.3 -0.155545 2999.92 0.999392
1973700000 17875.3 -0.271792 2999.94 0.9994
1973800000 17875.3 0.837284 2999.76 0.999713
1973900000 17875.3 0.586194 2999.8 0.999662
1974000000 17875.3 -0.233088 2999.94 0.999373
1974100000 17875.3 -0.220896 2999.94 0.999423
1974200000 17875.3 -0.148432 2999.92 0.999417
1974300000 17875.3 2.35496 2999.5 0.99999
1974400000 17875.3 -0.192943 2999.93 0.999445
1974500000 17875.3 -0.339972 2999.96 0.999415
1974600000 17875.3 0.211458 2999.86 0.999595
1974700000 17875.3 -0.17605 2999.93 0.999386
1974800000 17875.3 0.545649 2999.81 0.999706
1974900000 17875.3 0.211906 2999.86 0.999595
1975000000 17875.3 -0.0928105 2999.91 0.999381
1975100000 17875.3 0.187052 2999.87 0.999522
1975200000 17875.3 -0.112153 2999.92 0.999472
1975300000 17875.3 -0.0716695 2999.91 0.999501
1975400000 17875.3 0.0134383 2999.9 0.999521
1975500000 17875.3 -0.389758 2999.96 0.999412
1975600000 17875.3 -0.112784 2999.92 0.99944
1975700000 17875.3 1.27429 2999.68 0.999769
1975800000 17875.3 -0.155322 2999.92 0.999376
1975900000 17875.3 -0.225799 2999.94 0.999417
1976000000 17875.3 0.610665 2999.8 0.999643
1976100000 17875.3 -0.19361 2999.93 0.999436
1976200000 17875.3 -0.317222 2999.95 0.99945
1976300000 17875.3 -0.216666 2999.93 0.999374
1976400000 17875.3 -0.180941 2999.93 0.999543
1976500000 17875.3 1.47539 2999.65 0.999911
1976600000 17875.3 0.265628 2999.85 0.999536
1976700000 17875.3 0.0338646 2999.89 0.999479
1976800000 17875.3 1.19123 2999.7 0.999784
1976900000 17875.3 0.645825 2999.79 0.999708
1977000000 17875.3 -0.115564 2999.92 0.999385
1977100000 17875.3 -0.182777 2999.93 0.999399
1977200000 17875.3 -0.21233 2999.93 0.999398
1977300000 17875.3 -0.199777 2999.93 0.999426
1977400000 17875.3 -0.157381 2999.92 0.999392
1977500000 17875.3 -0.232545 2999.94 0.999387
1977600000 17875.3 0.142026 2999.87 0.999487
1977700000 17875.3 0.993409 2999.73 0.9997
1977800000 17875.3 -0.151957 2999.92 0.999381
1977900000 17875.3 -0.153925 2999.92 0.999414
1978000000 17875.3 -0.204473 2999.93 0.999381
1978100000 17875.3 -0.272575 2999.94 0.99945
1978200000 17875.3 -0.326746 2999.95 0.999414
1978300000 17875.3 -0.184841 2999.93 0.999374
1978400000 17875.3 0.0817103 2999.88 0.999518
1978500000 17875.3 1.27399 2999.68 0.999763
1978600000 17875.3 -0.170766 2999.93 0.999376
1978700000 17875.3 0.25451 2999.86 0.999573
1978800000 17875.3 -0.27679 2999.94 0.999478
1978900000 17875.3 0.0478588 2999.89 0.999474
1979000000 17875.3 -0.0592049 2999.91 0.999385
1979100000 17875.3 0.110785 2999.88 0.999572
1979200000 17875.3 -0.183642 2999.93 0.999395
1979300000 17875.3 -0.189012 2999.93 0.999369
1979400000 17875.3 0.158515 2999.87 0.999489
1979500000 17875.3 -0.301046 2999.95 0.999395
1979600000 17875.3 0.474098 2999.82 0.999604
1979700000 17875.3 0.341129 2999.84 0.99954
1979800000 17875.3 0.392704 2999.83 0.999614
1979900000 17875.3 -0.0327233 2999.9 0.999497
1980000000 17875.3 0.221893 2999.86 0.999521
1980100000 17875.3 0.439327 2999.82 0.999588
1980200000 17875.3 0.47019 2999.82 0.999621
1980300000 17875.3 -0.118273 2999.92 0.999495
1980400000 17875.3 -0.202068 2999.93 0.999375
1980500000 17875.3 -0.0700539 2999.91 0.999381
1980600000 17875.3 0.0988677 2999.88 0.999588
1980700000 17875.3 -0.109771 2999.92 0.999381
1980800000 17875.3 0.276609 2999.85 0.999583
1980900000 17875.3 -0.167729 2999.93 0.999397
1981000000 17875.3 0.246369 2999.86 0.999523
1981100000 17875.3 0.740878 2999.77 0.999694
1981200000 17875.3 -0.277879 2999.94 0.99937
1981300000 17875.3 -0.168383 2999.93 0.999373
1981400000 17875.3 4.12899 2999.21 1.00023
1981500000 17875.3 -0.233278 2999.94 0.999435
1981600000 17875.3 -0.194329 2999.93 0.999431
1981700000 17875.3 -0.16055 2999.93 0.999405
1981800000 17875.3 -0.177482 2999.93 0.999374
1981900000 17875.3 -0.298902 2999.95 0.999384
1982000000 17875.3 0.0985135 2999.88 0.999528
1982100000 17875.3 -0.183443 2999.93 0.999391
1982200000 17875.3 -0.216281 2999.93 0.999369
1982300000 17875.3 -0.372832 2999.96 0.999403
1982400000 17875.3 -0.207382 2999.93 0.999399
1982500000 17875.3 -0.097757 2999.91 0.999439
1982600000 17875.3 0.0695711 2999.89 0.999492
1982700000 17875.3 0.132241 2999.88 0.999547
1982800000 17875.3 -0.0505781 2999.91 0.999455
1982900000 17875.3 1.00827 2999.73 0.999743
1983000000 17875.3 -0.0478325 2999.91 0.999451
1983100000 17875.3 0.0826661 2999.88 0.999468
1983200000 17875.3 1.36327 2999.67 0.999962
1983300000 17875.3 -0.14238 2999.92 0.999388
1983400000 17875.3 0.108423 2999.88 0.999496
1983500000 17875.3 -0.142586 2999.92 0.999377
1983600000 17875.3 -0.211409 2999.93 0.999377
1983700000 17875.3 0.0641961 2999.89 0.999478
1983800000 17875.3 -0.186087 2999.93 0.999457
1983900000 17875.3 0.0409525 2999.89 0.999555
1984000000 17875.3 -0.287265 2999.95 0.999424
1984100000 17875.3 -0.212867 2999.93 0.999389
1984200000 17875.3 -0.32203 2999.95 0.999389
1984300000 17875.3 -0.0799985 2999.91 0.999432
1984400000 17875.3 -0.284547 2999.95 0.999395
1984500000 17875.3 -0.0202271 2999.9 0.999599
1984600000 17875.3 -0.288602 2999.95 0.999372
1984700000 17875.3 -0.278643 2999.94 0.999379
1984800000 17875.3 -0.32256 2999.95 0.999532
1984900000 17875.3 -0.373561 2999.96 0.999371
1985000000 17875.3 -0.462516 2999.98 0.999377
1985100000 17875.3 -0.157572 2999.92 0.999388
1985200000 17875.3 -0.132822 2999.92 0.999498
1985300000 17875.3 -0.143393 2999.92 0.999388
1985400000 17875.3 0.370057 2999.84 0.999617
1985500000 17875.3 0.582681 2999.8 0.999655
1985600000 17875.3 -0.284376 2999.95 0.999395
1985700000 17875.3 -0.14934 2999.92 0.999389
1985800000 17875.3 -0.283716 2999.95 0.999482
1985900000 17875.3 -0.148586 2999.92 0.999466
1986000000 17875.3 2.6866 2999.45 1.00013
1986100000 17875.3 0.817777 2999.76 0.999646
1986200000 17875.3 -0.0876801 2999.91 0.99938
1986300000 17875.3 -0.228264 2999.94 0.999385
1986400000 17875.3 -0.198438 2999.93 0.999374
1986500000 17875.3 3.29526 2999.35 1.00026
1986600000 17875.3 0.159198 2999.87 0.999624
1986700000 17875.3 -0.145034 2999.92 0.999462
1986800000 17875.3 0.0495549 2999.89 0.999453
1986900000 17875.3 -0.0683747 2999.91 0.999382
1987000000 17875.3 -0.215869 2999.93 0.999378
1987100000 17875.3 -0.221905 2999.94 0.999395
1987200000 17875.3 0.263787 2999.85 0.999546
1987300000 17875.3 0.253795 2999.86 0.999526
1987400000 17875.3 -0.206045 2999.93 0.999389
1987500000 17875.3 -0.262435 2999.94 0.999408
1987600000 17875.3 2.11092 2999.54 1.00001
1987700000 17875.3 -0.117087 2999.92 0.999379
1987800000 17875.3 0.909091 2999.75 0.99966
1987900000 17875.3 -0.22284 2999.94 0.999381
1988000000 17875.3 -0.144668 2999.92 0.999433
1988100000 17875.3 -0.252031 2999.94 0.999447
1988200000 17875.3 -0.18656 2999.93 0.999442
1988300000 17875.3 0.194091 2999.87 0.999516
1988400000 17875.3 -0.0490742 2999.91 0.999509
1988500000 17875.3 0.0201554 2999.89 0.999457
1988600000 17875.3 0.145641 2999.87 0.999655
1988700000 17875.3 -0.209698 2999.93 0.999367
1988800000 17875.3 0.753309 2999.77 0.999752
1988900000 17875.3 -0.233862 2999.94 0.999426
1989000000 17875.3 -0.220749 2999.94 0.999452
1989100000 17875.3 -0.181914 2999.93 0.999395
1989200000 17875.3 1.14907 2999.71 0.999809
1989300000 17875.3 -0.134277 2999.92 0.999439
1989400000 17875.3 -0.11087 2999.92 0.999414
1989500000 17875.3 -0.112273 2999.92 0.999515
1989600000 17875.3 -0.118605 2999.92 0.999475
1989700000 17875.3 0.132659 2999.88 0.999482
1989800000 17875.3 -0.102292 2999.92 0.999383
1989900000 17875.3 -0.129249 2999.92 0.999431
1990000000 17875.3 -0.0675972 2999.91 0.999385
1990100000 17875.3 0.807536 2999.76 0.999654
1990200000 17875.3 1.04236 2999.72 0.999699
1990300000 17875.3 -0.281505 2999.95 0.99937
1990400000 17875.3 -0.0913099 2999.91 0.999421
1990500000 17875.3 -0.177362 2999.93 0.999419
1990600000 17875.3 -0.166305 2999.93 0.999377
1990700000 17875.3 0.0633296 2999.89 0.999533
1990800000 17875.3 0.214931 2999.86 0.999551
1990900000 17875.3 -0.132607 2999.92 0.999379
1991000000 17875.3 -0.216422 2999.93 0.999412
1991100000 17875.3 -0.202365 2999.93 0.999392
1991200000 17875.3 -0.129666 2999.92 0.999376
1991300000 17875.3 0.0481043 2999.89 0.999554
1991400000 17875.3 -0.134754 2999.92 0.999378
1991500000 17875.3 -0.247929 2999.94 0.999428
1991600000 17875.3 -0.206888 2999.93 0.999409
1991700000 17875.3 -0.130223 2999.92 0.999385
1991800000 17875.3 -0.0586564 2999.91 0.999495
1991900000 17875.3 0.798343 2999.76 0.999685
1992000000 17875.3 -0.174393 2999.93 0.999499
1992100000 17875.3 -0.190315 2999.93 0.999413
1992200000 17875.3 -0.108615 2999.92 0.9994
1992300000 17875.3 -0.214784 2999.93 0.999445
1992400000 17875.3 0.166617 2999.87 0.99956
1992500000 17875.3 -0.146146 2999.92 0.999381
1992600000 17875.3 -0.140101 2999.92 0.999434
1992700000 17875.3 -0.0103277 2999.9 0.999448
1992800000 17875.3 -0.150106 2999.92 0.99942
1992900000 17875.3 -0.178809 2999.93 0.999408
1993000000 17875.3 -0.142907 2999.92 0.999481
1993100000 17875.3 1.67306 2999.62 0.999831
1993200000 17875.3 -0.0982725 2999.91 0.99939
1993300000 17875.3 0.17536 2999.87 0.999519
1993400000 17875.3 -0.136986 2999.92 0.999493
1993500000 17875.3 0.63495 2999.79 0.999655
1993600000 17875.3 -0.205238 2999.93 0.999404
1993700000 17875.3 0.797079 2999.76 0.999644
1993800000 17875.3 -0.30776 2999.95 0.999398
1993900000 17875.3 0.00749133 2999.9 0.999495
1994000000 17875.3 -0.196304 2999.93 0.999371
1994100000 17875.3 0.762769 2999.77 0.999668
1994200000 17875.3 -0.0907711 2999.91 0.99938
1994300000 17875.3 -0.080243 2999.91 0.999478
1994400000 17875.3 -0.170583 2999.93 0.999409
1994500000 17875.3 -0.0333774 2999.9 0.999462
1994600000 17875.3 -0.0688162 2999.91 0.999382
1994700000 17875.3 -0.0418504 2999.91 0.999559
1994800000 17875.3 -0.157745 2999.92 0.99943
1994900000 17875.3 0.291495 2999.85 0.999588
1995000000 17875.3 -0.213908 2999.93 0.99938
1995100000 17875.3 -0.158646 2999.92 0.999385
1995200000 17875.3 -0.0877311 2999.91 0.999379
1995300000 17875.3 -0.0981362 2999.91 0.999458
1995400000 17875.3 -0.327968 2999.95 0.999419
1995500000 17875.3 0.237985 2999.86 0.999553
1995600000 17875.3 -0.289652 2999.95 0.999457
1995700000 17875.3 -0.221476 2999.94 0.999396
1995800000 17875.3 -0.112367 2999.92 0.999439
1995900000 17875.3 -0.149107 2999.92 0.999386
1996000000 17875.3 0.534283 2999.81 0.999673
1996100000 17875.3 -0.129372 2999.92 0.999382
1996200000 17875.3 -0.0478616 2999.91 0.999471
1996300000 17875.3 -0.175593 2999.93 0.999425
1996400000 17875.3 -0.24776 2999.94 0.99937
1996500000 17875.3 0.588927 2999.8 0.999677
1996600000 17875.3 -0.271183 2999.94 0.999381
1996700000 17875.3 -0.215158 2999.93 0.999418
1996800000 17875.3 0.0543518 2999.89 0.999458
1996900000 17875.3 -0.283254 2999.95 0.999379
1997000000 17875.3 -0.160515 2999.93 0.999371
1997100000 17875.3 2.06447 2999.55 0.999971
1997200000 17875.3 0.242315 2999.86 0.999549
1997300000 17875.3 0.395305 2999.83 0.999583
1997400000 17875.3 -0.130242 2999.92 0.999386
1997500000 17875.3 0.912779 2999.74 0.999706
1997600000 17875.3 0.100074 2999.88 0.999499
1997700000 17875.3 0.529477 2999.81 0.999586
1997800000 17875.3 -0.234159 2999.94 0.999377
1997900000 17875.3 -0.14685 2999.92 0.999373
1998000000 17875.3 -0.104786 2999.92 0.999447
1998100000 17875.3 -0.0482283 2999.91 0.999442
1998200000 17875.3 -0.128538 2999.92 0.999375
1998300000 17875.3 -0.173168 2999.93 0.999405
1998400000 17875.3 -0.343954 2999.96 0.999378
1998500000 17875.3 0.00392189 2999.9 0.999439
1998600000 17875.3 -0.180447 2999.93 0.99939
1998700000 17875.3 0.688361 2999.78 0.999695
1998800000 17875.3 -0.285632 2999.95 0.999416
1998900000 17875.3 0.651672 2999.79 0.999796
1999000000 17875.3 -0.210345 2999.93 0.999377
1999100000 17875.3 -0.167486 2999.93 0.999558
1999200000 17875.3 -0.0449514 2999.91 0.999462
1999300000 17875.3 -0.231849 2999.94 0.999421
1999400000 17875.3 -0.0161578 2999.9 0.99949
1999500000 17875.3 -0.298365 2999.95 0.999389
1999600000 17875.3 0.140375 2999.87 0.999607
1999700000 17875.3 0.129752 2999.88 0.999499
1999800000 17875.3 -0.0973633 2999.91 0.999439
1999900000 17875.3 -0.087505 2999.91 0.999384
2000000000 17875.3 -0.122194 2999.92 0.999379
