# Time-averaged data for fix AveAll
# TimeStep v_TotEn v_PotEn c_T c_P
100000 29793.7 0.0745931 5000.06 0.999613
200000 29793.7 -0.0377055 5000.08 0.999564
300000 29793.7 -0.0836693 5000.09 0.999578
400000 29793.7 -0.075515 5000.09 0.999562
500000 29793.7 -0.194777 5000.11 0.99957
600000 29793.7 -0.213575 5000.11 0.999572
700000 29793.7 -0.111961 5000.1 0.999581
800000 29793.7 -0.323111 5000.13 0.999552
900000 29793.7 -0.0736921 5000.09 0.999603
1000000 29793.7 -0.0877721 5000.09 0.999561
1100000 29793.7 -0.143055 5000.1 0.999561
1200000 29793.7 4.40847 4999.34 1.00009
1300000 29793.7 0.80205 4999.94 0.999726
1400000 29793.7 -0.151259 5000.1 0.999562
1500000 29793.7 1.06438 4999.9 0.99978
1600000 29793.7 -0.184376 5000.11 0.999563
1700000 29793.7 -0.183923 5000.11 0.999568
1800000 29793.7 0.379083 5000.01 0.999655
1900000 29793.7 -0.198236 5000.11 0.999561
2000000 29793.7 -0.156388 5000.1 0.999558
2100000 29793.7 1.44388 4999.84 0.999851
2200000 29793.7 -0.0334316 5000.08 0.999565
2300000 29793.7 -0.0775273 5000.09 0.999562
2400000 29793.7 4.12825 4999.38 1.00012
2500000 29793.7 0.522062 4999.99 0.999702
2600000 29793.7 -0.107811 5000.1 0.999559
2700000 29793.7 -0.156349 5000.1 0.999554
2800000 29793.7 0.157717 5000.05 0.99964
2900000 29793.7 0.770988 4999.95 0.999715
3000000 29793.7 -0.0462078 5000.09 0.999564
3100000 29793.7 0.34465 5000.02 0.999659
3200000 29793.7 -0.075022 5000.09 0.999561
3300000 29793.7 -0.202969 5000.11 0.999564
3400000 29793.7 0.200114 5000.04 0.999645
3500000 29793.7 -0.162198 5000.1 0.999582
3600000 29793.7 0.749954 4999.95 0.999751
3700000 29793.7 -0.124959 5000.1 0.999564
3800000 29793.7 0.612333 4999.97 0.999706
3900000 29793.7 -0.278269 5000.12 0.99957
4000000 29793.7 -0.147213 5000.1 0.999558
4100000 29793.7 1.33846 4999.85 0.999848
4200000 29793.7 -0.0118642 5000.08 0.999567
4300000 29793.7 0.189631 5000.05 0.999636
4400000 29793.7 0.224384 5000.04 0.999631
4500000 29793.7 -0.157215 5000.1 0.999575
4600000 29793.7 -0.166382 5000.11 0.999571
4700000 29793.7 -0.153025 5000.1 0.999563
4800000 29793.7 -0.187902 5000.11 0.999582
4900000 29793.7 0.868173 4999.93 0.999736
5000000 29793.7 -0.162429 5000.1 0.999567
5100000 29793.7 -0.155254 5000.1 0.999564
5200000 29793.7 -0.0285529 5000.08 0.999566
5300000 29793.7 -0.026515 5000.08 0.999566
5400000 29793.7 -0.146262 5000.1 0.999566
5500000 29793.7 -0.0726138 5000.09 0.999607
5600000 29793.7 -0.0747076 5000.09 0.999582
5700000 29793.7 -0.0930274 5000.09 0.99956
5800000 29793.7 -0.13876 5000.1 0.999569
5900000 29793.7 -0.0673943 5000.09 0.999567
6000000 29793.7 -0.121568 5000.1 0.999581
6100000 29793.7 -0.103646 5000.09 0.999569
6200000 29793.7 -0.0913679 5000.09 0.999561
6300000 29793.7 0.682625 4999.96 0.999697
6400000 29793.7 -0.0993959 5000.09 0.999559
6500000 29793.7 -0.158125 5000.1 0.999558
6600000 29793.7 -0.0470078 5000.09 0.999578
6700000 29793.7 -0.0839217 5000.09 0.999575
6800000 29793.7 -0.0723842 5000.09 0.999577
6900000 29793.7 -0.0139552 5000.08 0.999567
7000000 29793.7 -0.0851277 5000.09 0.99956
7100000 29793.7 -0.0842061 5000.09 0.99956
7200000 29793.7 -0.248296 5000.12 0.999584
7300000 29793.7 0.0252945 5000.07 0.999607
7400000 29793.7 -0.052476 5000.09 0.999564
7500000 29793.7 -0.216067 5000.11 0.999556
7600000 29793.7 0.389889 5000.01 0.999693
7700000 29793.7 -0.00528803 5000.08 0.999602
7800000 29793.7 -0.0868541 5000.09 0.999562
7900000 29793.7 -0.132307 5000.1 0.999569
8000000 29793.7 -0.103376 5000.09 0.99958
8100000 29793.7 -0.126024 5000.1 0.999569
8200000 29793.7 -0.0601331 5000.09 0.999578
8300000 29793.7 -0.0354776 5000.08 0.999565
8400000 29793.7 1.0323 4999.9 0.999795
8500000 29793.7 1.4147 4999.84 0.999819
8600000 29793.7 1.58352 4999.81 0.999847
8700000 29793.7 -0.0381437 5000.08 0.999564
8800000 29793.7 -0.0274532 5000.08 0.9996
8900000 29793.7 -0.0626615 5000.09 0.999563
9000000 29793.7 -0.0652116 5000.09 0.999562
9100000 29793.7 -0.259767 5000.12 0.999586
9200000 29793.7 1.54853 4999.82 0.999809
9300000 29793.7 -0.0853042 5000.09 0.999579
9400000 29793.7 -0.150885 5000.1 0.999575
9500000 29793.7 -0.204517 5000.11 0.999565
9600000 29793.7 0.319663 5000.02 0.999662
9700000 29793.7 0.187458 5000.05 0.999657
9800000 29793.7 -0.14962 5000.1 0.99956
9900000 29793.7 -0.0622038 5000.09 0.999563
10000000 29793.7 1.96491 4999.75 0.999858
10100000 29793.7 -0.152162 5000.1 0.999566
10200000 29793.7 -0.0956858 5000.09 0.999561
10300000 29793.7 0.00496257 5000.08 0.999595
10400000 29793.7 -0.151122 5000.1 0.999582
10500000 29793.7 0.126479 5000.06 0.999632
10600000 29793.7 -0.0731344 5000.09 0.999568
10700000 29793.7 -0.0562123 5000.09 0.999565
10800000 29793.7 -0.0773673 5000.09 0.999563
10900000 29793.7 -0.209706 5000.11 0.999578
11000000 29793.7 -0.126181 5000.1 0.999563
11100000 29793.7 0.46614 5000 0.999682
11200000 29793.7 -0.0181091 5000.08 0.999567
11300000 29793.7 -0.0643085 5000.09 0.999574
11400000 29793.7 0.262097 5000.03 0.999654
11500000 29793.7 -0.210934 5000.11 0.999561
11600000 29793.7 -0.0313398 5000.08 0.999598
11700000 29793.7 -0.00606026 5000.08 0.999568
11800000 29793.7 -0.0367155 5000.08 0.999592
11900000 29793.7 0.778416 4999.95 0.999743
12000000 29793.7 -0.0926625 5000.09 0.999608
12100000 29793.7 -0.149234 5000.1 0.999565
12200000 29793.7 -0.116049 5000.1 0.999561
12300000 29793.7 1.04416 4999.9 0.999786
12400000 29793.7 -0.0538707 5000.09 0.999581
12500000 29793.7 0.243738 5000.04 0.999657
12600000 29793.7 -0.010092 5000.08 0.999614
12700000 29793.7 0.0258746 5000.07 0.999598
12800000 29793.7 -0.157939 5000.1 0.999584
12900000 29793.7 -0.152454 5000.1 0.999559
13000000 29793.7 0.735185 4999.95 0.999706
13100000 29793.7 -0.0907336 5000.09 0.999559
13200000 29793.7 -0.0190319 5000.08 0.999567
13300000 29793.7 -0.0798082 5000.09 0.999561
13400000 29793.7 0.0249605 5000.07 0.999598
13500000 29793.7 -0.0631085 5000.09 0.999563
13600000 29793.7 0.175284 5000.05 0.999632
13700000 29793.7 -0.0689385 5000.09 0.999563
13800000 29793.7 -0.072816 5000.09 0.999563
13900000 29793.7 -0.113931 5000.1 0.999572
14000000 29793.7 0.00785326 5000.08 0.99964
14100000 29793.7 8.67981 4998.62 1.00061
14200000 29793.7 -0.0100711 5000.08 0.999567
14300000 29793.7 0.00122015 5000.08 0.999618
14400000 29793.7 -0.129062 5000.1 0.999564
14500000 29793.7 -0.0990547 5000.09 0.999561
14600000 29793.7 -0.120077 5000.1 0.999594
14700000 29793.7 0.646437 4999.97 0.999696
14800000 29793.7 -0.122863 5000.1 0.999564
14900000 29793.7 -0.12586 5000.1 0.999571
15000000 29793.7 -0.279123 5000.12 0.999578
15100000 29793.7 -0.288744 5000.13 0.999576
15200000 29793.7 -0.0151834 5000.08 0.999628
15300000 29793.7 0.300255 5000.03 0.999644
15400000 29793.7 -0.105286 5000.1 0.999576
15500000 29793.7 2.71534 4999.62 0.999943
15600000 29793.7 -0.114051 5000.1 0.999566
15700000 29793.7 0.184839 5000.05 0.999662
15800000 29793.7 -0.137028 5000.1 0.999573
15900000 29793.7 -0.186009 5000.11 0.999588
16000000 29793.7 -0.15777 5000.1 0.99958
16100000 29793.7 -0.135013 5000.1 0.999558
16200000 29793.7 0.0818286 5000.06 0.999606
16300000 29793.7 -0.377056 5000.14 0.999562
16400000 29793.7 -0.0838653 5000.09 0.999566
16500000 29793.7 -0.158139 5000.1 0.999569
16600000 29793.7 -0.122218 5000.1 0.999576
16700000 29793.7 0.00642572 5000.08 0.999595
16800000 29793.7 -0.0795897 5000.09 0.999562
16900000 29793.7 0.29325 5000.03 0.999642
17000000 29793.7 0.481194 5000 0.999683
17100000 29793.7 0.0631994 5000.07 0.999624
17200000 29793.7 -0.0297482 5000.08 0.999601
17300000 29793.7 -0.0999545 5000.09 0.999561
17400000 29793.7 1.24123 4999.87 0.999766
17500000 29793.7 -0.0959092 5000.09 0.999573
17600000 29793.7 -0.13702 5000.1 0.999574
17700000 29793.7 -0.0217747 5000.08 0.999587
17800000 29793.7 -0.0813724 5000.09 0.999579
17900000 29793.7 -0.116194 5000.1 0.999561
18000000 29793.7 -0.0787084 5000.09 0.999573
18100000 29793.7 1.95257 4999.75 0.999902
18200000 29793.7 -0.11767 5000.1 0.999559
18300000 29793.7 -0.16038 5000.1 0.999562
18400000 29793.7 -0.0794424 5000.09 0.999562
18500000 29793.7 2.09072 4999.73 0.999879
18600000 29793.7 0.00652803 5000.08 0.999612
18700000 29793.7 0.605055 4999.98 0.999747
18800000 29793.7 0.121431 5000.06 0.999642
18900000 29793.7 -0.0264227 5000.08 0.999611
19000000 29793.7 -0.102481 5000.09 0.99956
19100000 29793.7 -0.163665 5000.1 0.999571
19200000 29793.7 0.13661 5000.05 0.999622
19300000 29793.7 -0.0518206 5000.09 0.999583
19400000 29793.7 -0.145979 5000.1 0.999581
19500000 29793.7 -0.168744 5000.11 0.999567
19600000 29793.7 -0.123657 5000.1 0.999567
19700000 29793.7 -0.138002 5000.1 0.999609
19800000 29793.7 0.90467 4999.93 0.999738
19900000 29793.7 -0.152801 5000.1 0.999573
20000000 29793.7 0.135918 5000.05 0.999616
20100000 29793.7 1.248 4999.87 0.999814
20200000 29793.7 6.13022 4999.05 1.00024
20300000 29793.7 -0.130907 5000.1 0.999575
20400000 29793.7 -0.155321 5000.1 0.999594
20500000 29793.7 -0.070413 5000.09 0.999562
20600000 29793.7 -0.0789927 5000.09 0.999561
20700000 29793.7 0.00726748 5000.08 0.999604
20800000 29793.7 -0.0262807 5000.08 0.999566
20900000 29793.7 -0.291836 5000.13 0.999567
21000000 29793.7 -0.0933744 5000.09 0.999562
21100000 29793.7 -0.0318127 5000.08 0.999566
21200000 29793.7 -0.132296 5000.1 0.999594
21300000 29793.7 -0.187065 5000.11 0.999571
21400000 29793.7 -0.179877 5000.11 0.99956
21500000 29793.7 -0.139399 5000.1 0.999564
21600000 29793.7 2.2363 4999.7 0.999879
21700000 29793.7 -0.174041 5000.11 0.999572
21800000 29793.7 -0.110028 5000.1 0.999561
21900000 29793.7 1.46983 4999.83 0.999817
22000000 29793.7 0.118575 5000.06 0.999635
22100000 29793.7 -0.0628223 5000.09 0.999595
22200000 29793.7 -0.237361 5000.12 0.999568
22300000 29793.7 -0.151453 5000.1 0.999594
22400000 29793.7 -0.0600431 5000.09 0.999587
22500000 29793.7 -0.150576 5000.1 0.999577
22600000 29793.7 0.149512 5000.05 0.999629
22700000 29793.7 -0.0469584 5000.09 0.999591
22800000 29793.7 0.419967 5000.01 0.999664
22900000 29793.7 0.314587 5000.02 0.999671
23000000 29793.7 -0.121223 5000.1 0.999566
23100000 29793.7 -0.022833 5000.08 0.999566
23200000 29793.7 3.04955 4999.57 0.999959
23300000 29793.7 -0.120312 5000.1 0.999561
23400000 29793.7 0.1477 5000.05 0.999622
23500000 29793.7 -0.110766 5000.1 0.999577
23600000 29793.7 -0.116928 5000.1 0.999561
23700000 29793.7 0.305188 5000.03 0.999644
23800000 29793.7 1.2072 4999.87 0.999837
23900000 29793.7 -0.0916556 5000.09 0.99957
24000000 29793.7 1.97327 4999.75 0.999871
24100000 29793.7 0.226905 5000.04 0.999633
24200000 29793.7 -0.140865 5000.1 0.99959
24300000 29793.7 -0.0482049 5000.09 0.999565
24400000 29793.7 1.56949 4999.81 0.999804
24500000 29793.7 0.271668 5000.03 0.999655
24600000 29793.7 -0.126989 5000.1 0.999572
24700000 29793.7 -0.0890246 5000.09 0.999561
24800000 29793.7 -0.0300482 5000.08 0.999592
24900000 29793.7 -0.0350933 5000.08 0.999565
25000000 29793.7 -0.166512 5000.11 0.999577
25100000 29793.7 0.338718 5000.02 0.999687
25200000 29793.7 -0.0970018 5000.09 0.999575
25300000 29793.7 0.836823 4999.94 0.999721
25400000 29793.7 -0.13552 5000.1 0.999565
25500000 29793.7 -0.0738237 5000.09 0.99957
25600000 29793.7 -0.164771 5000.11 0.99958
25700000 29793.7 0.230351 5000.04 0.99965
25800000 29793.7 -0.0974733 5000.09 0.999571
25900000 29793.7 -0.065967 5000.09 0.999563
26000000 29793.7 -0.0516762 5000.09 0.999602
26100000 29793.7 -0.217905 5000.11 0.99957
26200000 29793.7 -0.00443736 5000.08 0.999568
26300000 29793.7 -0.127967 5000.1 0.999564
26400000 29793.7 -0.112093 5000.1 0.999564
26500000 29793.7 -0.0585305 5000.09 0.999563
26600000 29793.7 -0.171416 5000.11 0.999568
26700000 29793.7 -0.0437309 5000.08 0.999564
26800000 29793.7 0.00114395 5000.08 0.999592
26900000 29793.7 -0.0880193 5000.09 0.999562
27000000 29793.7 -0.0929302 5000.09 0.999588
27100000 29793.7 -0.143555 5000.1 0.99958
27200000 29793.7 -0.143792 5000.1 0.999557
27300000 29793.7 4.0794 4999.39 1.00007
27400000 29793.7 -0.0242189 5000.08 0.999627
27500000 29793.7 -0.240122 5000.12 0.999584
27600000 29793.7 2.36465 4999.68 0.999936
27700000 29793.7 0.635083 4999.97 0.999738
27800000 29793.7 -0.13178 5000.1 0.999559
27900000 29793.7 -0.0702979 5000.09 0.999562
28000000 29793.7 -0.0609076 5000.09 0.999597
28100000 29793.7 -0.0763842 5000.09 0.999564
28200000 29793.7 -0.0584519 5000.09 0.99958
28300000 29793.7 -0.0248439 5000.08 0.999602
28400000 29793.7 -0.0980787 5000.09 0.99956
28500000 29793.7 -0.0602844 5000.09 0.999574
28600000 29793.7 0.681728 4999.96 0.999744
28700000 29793.7 -0.246751 5000.12 0.999595
28800000 29793.7 -0.162566 5000.1 0.999558
28900000 29793.7 -0.228295 5000.12 0.999627
29000000 29793.7 0.78148 4999.95 0.999725
29100000 29793.7 -0.135903 5000.1 0.999568
29200000 29793.7 0.449717 5000 0.999689
29300000 29793.7 0.290756 5000.03 0.999653
29400000 29793.7 -0.116562 5000.1 0.999559
29500000 29793.7 0.420914 5000.01 0.999706
29600000 29793.7 -0.0811618 5000.09 0.999562
29700000 29793.7 -0.288248 5000.13 0.999573
29800000 29793.7 -0.0578266 5000.09 0.999562
29900000 29793.7 -0.120673 5000.1 0.999559
30000000 29793.7 0.0951328 5000.06 0.999621
30100000 29793.7 1.47234 4999.83 0.999797
30200000 29793.7 -0.0623628 5000.09 0.999567
30300000 29793.7 -0.138406 5000.1 0.999576
30400000 29793.7 -0.0865558 5000.09 0.999563
30500000 29793.7 -0.148087 5000.1 0.999562
30600000 29793.7 0.127184 5000.06 0.999617
30700000 29793.7 -0.0599331 5000.09 0.999563
30800000 29793.7 -0.183781 5000.11 0.99956
30900000 29793.7 0.388363 5000.01 0.99968
31000000 29793.7 -0.106517 5000.1 0.99956
31100000 29793.7 -0.0602411 5000.09 0.999619
31200000 29793.7 -0.0597414 5000.09 0.999583
31300000 29793.7 -0.2294 5000.12 0.999567
31400000 29793.7 -0.177811 5000.11 0.999563
31500000 29793.7 -0.00557741 5000.08 0.999593
31600000 29793.7 1.19656 4999.88 0.999772
31700000 29793.7 -0.0638611 5000.09 0.999582
31800000 29793.7 -0.173545 5000.11 0.999566
31900000 29793.7 -0.18367 5000.11 0.999578
32000000 29793.7 0.465153 5000 0.999672
32100000 29793.7 0.430578 5000.01 0.999682
32200000 29793.7 -0.0403659 5000.08 0.999609
32300000 29793.7 -0.200731 5000.11 0.999583
32400000 29793.7 -0.0988751 5000.09 0.999596
32500000 29793.7 -0.00704115 5000.08 0.999568
32600000 29793.7 1.28532 4999.86 0.999877
32700000 29793.7 -0.0788378 5000.09 0.999565
32800000 29793.7 -0.192607 5000.11 0.999558
32900000 29793.7 1.295 4999.86 0.999773
33000000 29793.7 -0.272415 5000.12 0.999581
33100000 29793.7 -0.180112 5000.11 0.999571
33200000 29793.7 -0.164891 5000.11 0.999561
33300000 29793.7 -0.0599365 5000.09 0.999597
33400000 29793.7 -0.155867 5000.1 0.999564
33500000 29793.7 -0.059183 5000.09 0.999567
33600000 29793.7 0.303065 5000.03 0.999675
33700000 29793.7 -0.0644323 5000.09 0.999562
33800000 29793.7 -0.0708411 5000.09 0.999582
33900000 29793.7 -0.0232761 5000.08 0.999592
34000000 29793.7 0.598298 4999.98 0.999729
34100000 29793.7 0.155779 5000.05 0.999641
34200000 29793.7 0.126105 5000.06 0.999633
34300000 29793.7 -0.166448 5000.11 0.999559
34400000 29793.7 -0.097962 5000.09 0.999559
34500000 29793.7 -0.145668 5000.1 0.999594
34600000 29793.7 -0.170935 5000.11 0.99956
34700000 29793.7 -0.0877436 5000.09 0.999563
34800000 29793.7 -0.0924349 5000.09 0.999572
34900000 29793.7 0.268899 5000.03 0.999664
35000000 29793.7 0.943704 4999.92 0.99975
35100000 29793.7 -0.0278297 5000.08 0.999592
35200000 29793.7 -0.0503128 5000.09 0.999564
35300000 29793.7 0.0671126 5000.07 0.999623
35400000 29793.7 0.232882 5000.04 0.999715
35500000 29793.7 -0.0811957 5000.09 0.999562
35600000 29793.7 -0.126523 5000.1 0.999563
35700000 29793.7 -0.0886087 5000.09 0.999564
35800000 29793.7 0.157896 5000.05 0.999687
35900000 29793.7 0.402723 5000.01 0.999669
36000000 29793.7 -0.0720952 5000.09 0.999578
36100000 29793.7 0.121602 5000.06 0.999654
36200000 29793.7 -0.127583 5000.1 0.999561
36300000 29793.7 -0.0735102 5000.09 0.999564
36400000 29793.7 -0.101648 5000.09 0.999562
36500000 29793.7 -0.0342616 5000.08 0.999614
36600000 29793.7 1.64584 4999.8 0.999828
36700000 29793.7 -0.130442 5000.1 0.999579
36800000 29793.7 -0.0686827 5000.09 0.999593
36900000 29793.7 -0.110933 5000.1 0.999583
37000000 29793.7 -0.00957283 5000.08 0.999567
37100000 29793.7 -0.0361511 5000.08 0.999565
37200000 29793.7 0.0983281 5000.06 0.999618
37300000 29793.7 -0.0277076 5000.08 0.999565
37400000 29793.7 0.0251405 5000.07 0.99961
37500000 29793.7 2.96524 4999.58 0.999977
37600000 29793.7 -0.0916241 5000.09 0.99956
37700000 29793.7 0.294718 5000.03 0.999681
37800000 29793.7 -0.127321 5000.1 0.999588
37900000 29793.7 0.0937798 5000.06 0.999609
38000000 29793.7 -0.140931 5000.1 0.999584
38100000 29793.7 -0.248764 5000.12 0.999592
38200000 29793.7 -0.125362 5000.1 0.999561
38300000 29793.7 -0.12621 5000.1 0.999576
38400000 29793.7 -0.150901 5000.1 0.99957
38500000 29793.7 -0.11228 5000.1 0.999561
38600000 29793.7 -0.228046 5000.12 0.999568
38700000 29793.7 -0.258179 5000.12 0.999575
38800000 29793.7 -0.208824 5000.11 0.999566
38900000 29793.7 -0.0289678 5000.08 0.999565
39000000 29793.7 0.139589 5000.05 0.999623
39100000 29793.7 0.223331 5000.04 0.999632
39200000 29793.7 -0.108427 5000.1 0.999598
39300000 29793.7 -0.14688 5000.1 0.999568
39400000 29793.7 -0.150742 5000.1 0.999601
39500000 29793.7 3.68817 4999.46 1.00007
39600000 29793.7 0.368841 5000.02 0.999686
39700000 29793.7 -0.0601875 5000.09 0.999564
39800000 29793.7 -0.122585 5000.1 0.999576
39900000 29793.7 -0.222897 5000.11 0.999562
40000000 29793.7 0.0902594 5000.06 0.999639
40100000 29793.7 -0.137374 5000.1 0.99957
40200000 29793.7 1.78437 4999.78 0.999839
40300000 29793.7 2.67804 4999.63 0.999993
40400000 29793.7 4.20576 4999.37 1.0001
40500000 29793.7 0.647288 4999.97 0.999721
40600000 29793.7 -0.0443774 5000.08 0.999564
40700000 29793.7 -0.080096 5000.09 0.999564
40800000 29793.7 0.496161 4999.99 0.999673
40900000 29793.7 -0.0698607 5000.09 0.999569
41000000 29793.7 1.26394 4999.87 0.999803
41100000 29793.7 -0.121493 5000.1 0.999578
41200000 29793.7 -0.153988 5000.1 0.999557
41300000 29793.7 -0.111226 5000.1 0.999565
41400000 29793.7 -0.0152341 5000.08 0.999567
41500000 29793.7 0.13205 5000.06 0.999649
41600000 29793.7 -0.0239279 5000.08 0.999603
41700000 29793.7 -0.0844197 5000.09 0.999561
41800000 29793.7 0.83207 4999.94 0.999763
41900000 29793.7 -0.13156 5000.1 0.999563
42000000 29793.7 -0.110904 5000.1 0.999579
42100000 29793.7 -0.114505 5000.1 0.999604
42200000 29793.7 -0.080738 5000.09 0.999563
42300000 29793.7 0.0816981 5000.06 0.999614
42400000 29793.7 1.47296 4999.83 0.999795
42500000 29793.7 -0.0066639 5000.08 0.999568
42600000 29793.7 -0.109704 5000.1 0.999563
42700000 29793.7 -0.129528 5000.1 0.999569
42800000 29793.7 -0.167367 5000.11 0.999565
42900000 29793.7 0.454831 5000 0.999667
43000000 29793.7 1.71507 4999.79 0.999915
43100000 29793.7 -0.0855924 5000.09 0.999562
43200000 29793.7 -0.157249 5000.1 0.999561
43300000 29793.7 -0.157171 5000.1 0.999601
43400000 29793.7 -0.0814865 5000.09 0.999561
43500000 29793.7 -0.0694085 5000.09 0.999604
43600000 29793.7 -0.106363 5000.1 0.999589
43700000 29793.7 -0.407345 5000.15 0.999559
43800000 29793.7 -0.270644 5000.12 0.999561
43900000 29793.7 0.219324 5000.04 0.999652
44000000 29793.7 -0.0768186 5000.09 0.999562
44100000 29793.7 0.904734 4999.93 0.999726
44200000 29793.7 -0.13767 5000.1 0.999562
44300000 29793.7 -0.0515269 5000.09 0.999597
44400000 29793.7 -0.0863333 5000.09 0.999569
44500000 29793.7 -0.0458568 5000.09 0.999623
44600000 29793.7 -0.124075 5000.1 0.999572
44700000 29793.7 -0.247342 5000.12 0.999561
44800000 29793.7 1.73386 4999.79 0.999821
44900000 29793.7 0.34595 5000.02 0.999666
45000000 29793.7 4.13722 4999.38 1.00015
45100000 29793.7 -0.0763048 5000.09 0.999587
45200000 29793.7 -0.149985 5000.1 0.999576
45300000 29793.7 -0.0756433 5000.09 0.999603
45400000 29793.7 0.10566 5000.06 0.999618
45500000 29793.7 -0.0560819 5000.09 0.999621
45600000 29793.7 2.03813 4999.74 0.999953
45700000 29793.7 0.0295331 5000.07 0.999596
45800000 29793.7 -0.190127 5000.11 0.999591
45900000 29793.7 -0.0796702 5000.09 0.999562
46000000 29793.7 0.172065 5000.05 0.99963
46100000 29793.7 -0.0469176 5000.09 0.999564
46200000 29793.7 0.973202 4999.91 0.999734
46300000 29793.7 -0.0802076 5000.09 0.999568
46400000 29793.7 0.0191407 5000.07 0.999596
46500000 29793.7 -0.125514 5000.1 0.999585
46600000 29793.7 0.0250713 5000.07 0.999612
46700000 29793.7 -0.0774126 5000.09 0.99956
46800000 29793.7 0.0881364 5000.06 0.999625
46900000 29793.7 -0.133855 5000.1 0.999564
47000000 29793.7 -0.197206 5000.11 0.99958
47100000 29793.7 -0.0339678 5000.08 0.999565
47200000 29793.7 -0.145336 5000.1 0.999587
47300000 29793.7 0.75887 4999.95 0.999714
47400000 29793.7 -0.114489 5000.1 0.999565
47500000 29793.7 -0.240995 5000.12 0.999561
47600000 29793.7 -0.0382637 5000.08 0.999564
47700000 29793.7 0.19316 5000.05 0.999637
47800000 29793.7 -0.0771667 5000.09 0.999562
47900000 29793.7 -0.0382356 5000.08 0.999565
48000000 29793.7 0.0409554 5000.07 0.999619
48100000 29793.7 -0.0228599 5000.08 0.999566
48200000 29793.7 0.0178475 5000.07 0.999626
48300000 29793.7 1.0001 4999.91 0.999758
48400000 29793.7 -0.10339 5000.09 0.999566
48500000 29793.7 0.325194 5000.02 0.999679
48600000 29793.7 -0.151459 5000.1 0.999557
48700000 29793.7 0.061125 5000.07 0.999631
48800000 29793.7 0.321912 5000.02 0.999678
48900000 29793.7 3.46868 4999.5 1.00012
49000000 29793.7 -0.137251 5000.1 0.999557
49100000 29793.7 -0.113553 5000.1 0.999558
49200000 29793.7 0.842015 4999.94 0.99977
49300000 29793.7 -0.0954446 5000.09 0.999577
49400000 29793.7 -0.090734 5000.09 0.999594
49500000 29793.7 -0.125269 5000.1 0.999566
49600000 29793.7 -0.0918042 5000.09 0.99956
49700000 29793.7 0.314702 5000.02 0.999671
49800000 29793.7 0.822982 4999.94 0.999721
49900000 29793.7 -0.288913 5000.13 0.999588
50000000 29793.7 -0.0407259 5000.08 0.999564
50100000 29793.7 0.1598 5000.05 0.999638
50200000 29793.7 -0.101124 5000.09 0.99957
50300000 29793.7 -0.0154054 5000.08 0.999634
50400000 29793.7 0.117338 5000.06 0.999625
50500000 29793.7 -0.194072 5000.11 0.999557
50600000 29793.7 -0.133606 5000.1 0.999569
50700000 29793.7 -0.119193 5000.1 0.999564
50800000 29793.7 0.400304 5000.01 0.999716
50900000 29793.7 1.3914 4999.84 0.999831
51000000 29793.7 -0.249746 5000.12 0.999561
51100000 29793.7 -0.182673 5000.11 0.999563
51200000 29793.7 -0.172856 5000.11 0.99956
51300000 29793.7 -0.12117 5000.1 0.99958
51400000 29793.7 -0.129359 5000.1 0.99956
51500000 29793.7 0.0534357 5000.07 0.999614
51600000 29793.7 -0.167412 5000.11 0.99956
51700000 29793.7 0.155738 5000.05 0.999621
51800000 29793.7 -0.203295 5000.11 0.999583
51900000 29793.7 0.629143 4999.97 0.999723
52000000 29793.7 0.358699 5000.02 0.999677
52100000 29793.7 -0.043906 5000.08 0.999564
52200000 29793.7 -0.0865087 5000.09 0.999561
52300000 29793.7 -0.0141308 5000.08 0.999567
52400000 29793.7 -0.158365 5000.1 0.999562
52500000 29793.7 -0.0989318 5000.09 0.99956
52600000 29793.7 -0.0780842 5000.09 0.999565
52700000 29793.7 -0.0490446 5000.09 0.999563
52800000 29793.7 -0.250763 5000.12 0.999566
52900000 29793.7 0.524283 4999.99 0.999678
53000000 29793.7 -0.0945104 5000.09 0.99956
53100000 29793.7 -0.113756 5000.1 0.99956
53200000 29793.7 1.91176 4999.76 0.999894
53300000 29793.7 -0.18234 5000.11 0.999561
53400000 29793.7 -0.0896177 5000.09 0.99956
53500000 29793.7 -0.0238113 5000.08 0.999565
53600000 29793.7 0.444726 5000 0.999712
53700000 29793.7 -0.172745 5000.11 0.999563
53800000 29793.7 0.192923 5000.05 0.999629
53900000 29793.7 -0.130331 5000.1 0.999565
54000000 29793.7 -0.0899795 5000.09 0.999563
54100000 29793.7 -0.198628 5000.11 0.999571
54200000 29793.7 -0.0633839 5000.09 0.999563
54300000 29793.7 -0.0655129 5000.09 0.999562
54400000 29793.7 -0.184188 5000.11 0.999572
54500000 29793.7 1.35671 4999.85 0.999815
54600000 29793.7 0.0146826 5000.08 0.999641
54700000 29793.7 -0.0409929 5000.08 0.999564
54800000 29793.7 -0.262191 5000.12 0.99956
54900000 29793.7 -0.0427933 5000.08 0.999564
55000000 29793.7 0.582947 4999.98 0.999696
55100000 29793.7 -0.0733493 5000.09 0.999563
55200000 29793.7 -0.121018 5000.1 0.999573
55300000 29793.7 0.793298 4999.94 0.999756
55400000 29793.7 -0.0811893 5000.09 0.999572
55500000 29793.7 -0.10357 5000.09 0.999567
55600000 29793.7 -0.0864817 5000.09 0.999563
55700000 29793.7 -0.0890651 5000.09 0.999561
55800000 29793.7 -0.161039 5000.1 0.999591
55900000 29793.7 -0.100953 5000.09 0.999561
56000000 29793.7 -0.0504906 5000.09 0.999563
56100000 29793.7 -0.155063 5000.1 0.999583
56200000 29793.7 1.21541 4999.87 0.999824
56300000 29793.7 -0.0819572 5000.09 0.999577
56400000 29793.7 0.663351 4999.97 0.999706
56500000 29793.7 1.06622 4999.9 0.999806
56600000 29793.7 0.255305 5000.03 0.999648
56700000 29793.7 0.323633 5000.02 0.999672
56800000 29793.7 0.046687 5000.07 0.999606
56900000 29793.7 0.0101351 5000.08 0.999614
57000000 29793.7 0.157141 5000.05 0.99963
57100000 29793.7 -0.0551531 5000.09 0.999563
57200000 29793.7 -0.0935037 5000.09 0.999559
57300000 29793.7 -0.0155168 5000.08 0.999592
57400000 29793.7 1.70574 4999.79 0.999899
57500000 29793.7 -0.122748 5000.1 0.999563
57600000 29793.7 -0.0449233 5000.09 0.999564
57700000 29793.7 -0.109676 5000.1 0.99956
57800000 29793.7 -0.00727442 5000.08 0.999567
57900000 29793.7 0.0374546 5000.07 0.999607
58000000 29793.7 0.171104 5000.05 0.999652
58100000 29793.7 0.47546 5000 0.999669
58200000 29793.7 -0.0224764 5000.08 0.999566
58300000 29793.7 -0.0305611 5000.08 0.999592
58400000 29793.7 -0.120229 5000.1 0.999594
58500000 29793.7 0.0669991 5000.07 0.999613
58600000 29793.7 -0.171449 5000.11 0.999591
58700000 29793.7 0.0613573 5000.07 0.999618
58800000 29793.7 -0.0696611 5000.09 0.999571
58900000 29793.7 -0.153722 5000.1 0.999566
59000000 29793.7 1.10331 4999.89 0.999762
59100000 29793.7 -0.183042 5000.11 0.999562
59200000 29793.7 0.808788 4999.94 0.999736
59300000 29793.7 -0.0703896 5000.09 0.999614
59400000 29793.7 0.632663 4999.97 0.999748
59500000 29793.7 -0.121072 5000.1 0.999559
59600000 29793.7 -0.0894859 5000.09 0.999565
59700000 29793.7 -0.16047 5000.1 0.999571
59800000 29793.7 0.973051 4999.91 0.999797
59900000 29793.7 -0.0633885 5000.09 0.999563
60000000 29793.7 -0.0900381 5000.09 0.999579
60100000 29793.7 -0.0593741 5000.09 0.999564
60200000 29793.7 -0.0131371 5000.08 0.999567
60300000 29793.7 0.0193906 5000.07 0.999611
60400000 29793.7 -0.196975 5000.11 0.999559
60500000 29793.7 -0.114071 5000.1 0.999566
60600000 29793.7 0.0619067 5000.07 0.999606
60700000 29793.7 -0.102247 5000.09 0.999575
60800000 29793.7 -0.093108 5000.09 0.999561
60900000 29793.7 -0.109661 5000.1 0.999564
61000000 29793.7 0.151316 5000.05 0.999619
61100000 29793.7 0.279134 5000.03 0.99964
61200000 29793.7 -0.12195 5000.1 0.999564
61300000 29793.7 -0.0383528 5000.08 0.999565
61400000 29793.7 0.444165 5000 0.999681
61500000 29793.7 -0.182328 5000.11 0.99956
61600000 29793.7 0.316291 5000.02 0.999649
61700000 29793.7 1.18572 4999.88 0.999794
61800000 29793.7 -0.10328 5000.09 0.999562
61900000 29793.7 0.756931 4999.95 0.99973
62000000 29793.7 -0.0220745 5000.08 0.999591
62100000 29793.7 -0.128668 5000.1 0.999566
62200000 29793.7 -0.0743137 5000.09 0.999599
62300000 29793.7 0.0203091 5000.07 0.999619
62400000 29793.7 0.0557254 5000.07 0.999616
62500000 29793.7 0.0556167 5000.07 0.999609
62600000 29793.7 -0.0841738 5000.09 0.999563
62700000 29793.7 -0.107388 5000.1 0.999574
62800000 29793.7 -0.0684787 5000.09 0.999564
62900000 29793.7 -0.156688 5000.1 0.99957
63000000 29793.7 -0.103035 5000.09 0.999561
63100000 29793.7 0.649095 4999.97 0.999693
63200000 29793.7 -0.04997 5000.09 0.999563
63300000 29793.7 -0.0703213 5000.09 0.999562
63400000 29793.7 0.554701 4999.98 0.999715
63500000 29793.7 -0.0101779 5000.08 0.999567
63600000 29793.7 0.0136832 5000.08 0.999624
63700000 29793.7 0.321884 5000.02 0.999652
63800000 29793.7 3.00507 4999.57 1.00012
63900000 29793.7 0.0789935 5000.06 0.99963
64000000 29793.7 0.33701 5000.02 0.999667
64100000 29793.7 0.217389 5000.04 0.999639
64200000 29793.7 -0.0892808 5000.09 0.999562
64300000 29793.7 -0.156729 5000.1 0.999561
64400000 29793.7 0.0551817 5000.07 0.999629
64500000 29793.7 0.0259058 5000.07 0.999616
64600000 29793.7 -0.064986 5000.09 0.99957
64700000 29793.7 0.439942 5000 0.999675
64800000 29793.7 -0.115607 5000.1 0.999569
64900000 29793.7 -0.107392 5000.1 0.999584
65000000 29793.7 -0.0682003 5000.09 0.999562
65100000 29793.7 -0.174544 5000.11 0.999567
65200000 29793.7 -0.0250405 5000.08 0.999597
65300000 29793.7 0.876794 4999.93 0.999721
65400000 29793.7 -0.338991 5000.13 0.999567
65500000 29793.7 0.011438 5000.08 0.999617
65600000 29793.7 -0.235401 5000.12 0.999558
65700000 29793.7 -0.100506 5000.09 0.999559
65800000 29793.7 -0.0242636 5000.08 0.999586
65900000 29793.7 0.0930946 5000.06 0.999615
66000000 29793.7 0.628633 4999.97 0.999745
66100000 29793.7 -0.156794 5000.1 0.99957
66200000 29793.7 -0.0300894 5000.08 0.999566
66300000 29793.7 -0.105841 5000.1 0.999564
66400000 29793.7 -0.0181793 5000.08 0.99961
66500000 29793.7 0.242511 5000.04 0.999635
66600000 29793.7 -0.0679998 5000.09 0.999601
66700000 29793.7 -0.131264 5000.1 0.999562
66800000 29793.7 -0.0352549 5000.08 0.999565
66900000 29793.7 -0.0491161 5000.09 0.999589
67000000 29793.7 -0.0339495 5000.08 0.999565
67100000 29793.7 -0.0249627 5000.08 0.999608
67200000 29793.7 1.43769 4999.84 0.999788
67300000 29793.7 -0.0565012 5000.09 0.999563
67400000 29793.7 -0.102114 5000.09 0.999581
67500000 29793.7 1.81301 4999.77 0.999833
67600000 29793.7 -0.260817 5000.12 0.999584
67700000 29793.7 -0.0278821 5000.08 0.999565
67800000 29793.7 -0.161992 5000.1 0.999567
67900000 29793.7 -0.0365147 5000.08 0.999564
68000000 29793.7 -0.0949396 5000.09 0.999564
68100000 29793.7 -0.0601916 5000.09 0.999595
68200000 29793.7 1.05544 4999.9 0.999757
68300000 29793.7 -0.0418396 5000.08 0.999566
68400000 29793.7 -0.0395824 5000.08 0.999599
68500000 29793.7 -0.0756848 5000.09 0.999569
68600000 29793.7 0.0411879 5000.07 0.99962
68700000 29793.7 0.207362 5000.04 0.999633
68800000 29793.7 0.0393328 5000.07 0.999617
68900000 29793.7 0.506782 4999.99 0.999677
69000000 29793.7 0.515831 4999.99 0.999677
69100000 29793.7 -0.024587 5000.08 0.999593
69200000 29793.7 -0.160965 5000.1 0.999587
69300000 29793.7 -0.181385 5000.11 0.999567
69400000 29793.7 0.0785434 5000.06 0.999606
69500000 29793.7 0.582246 4999.98 0.999696
69600000 29793.7 -0.0447626 5000.08 0.999563
69700000 29793.7 4.70754 4999.29 1.00025
69800000 29793.7 -0.120209 5000.1 0.99958
69900000 29793.7 -0.0130424 5000.08 0.99962
70000000 29793.7 -0.029214 5000.08 0.999565
70100000 29793.7 -0.0764971 5000.09 0.999608
70200000 29793.7 0.117926 5000.06 0.999624
70300000 29793.7 -0.0211684 5000.08 0.999607
70400000 29793.7 -0.163014 5000.1 0.999561
70500000 29793.7 -0.118818 5000.1 0.999574
70600000 29793.7 -0.0518912 5000.09 0.999563
70700000 29793.7 -0.121383 5000.1 0.999594
70800000 29793.7 -0.212406 5000.11 0.999556
70900000 29793.7 -0.177354 5000.11 0.999566
71000000 29793.7 -0.175747 5000.11 0.999561
71100000 29793.7 0.10681 5000.06 0.999616
71200000 29793.7 -0.133259 5000.1 0.999562
71300000 29793.7 0.1095 5000.06 0.999623
71400000 29793.7 -0.0681101 5000.09 0.999573
71500000 29793.7 0.0899138 5000.06 0.999629
71600000 29793.7 -0.146797 5000.1 0.999601
71700000 29793.7 -0.0987941 5000.09 0.999563
71800000 29793.7 -0.0385217 5000.08 0.999589
71900000 29793.7 -0.148953 5000.1 0.999558
72000000 29793.7 -0.0188582 5000.08 0.999647
72100000 29793.7 -0.155014 5000.1 0.999555
72200000 29793.7 -0.08182 5000.09 0.999562
72300000 29793.7 0.918459 4999.92 0.999747
72400000 29793.7 -0.25833 5000.12 0.999556
72500000 29793.7 0.0793321 5000.06 0.999613
72600000 29793.7 -0.112627 5000.1 0.999566
72700000 29793.7 -0.0901491 5000.09 0.999565
72800000 29793.7 -0.169831 5000.11 0.999568
72900000 29793.7 0.678714 4999.96 0.999701
73000000 29793.7 -0.0582291 5000.09 0.999564
73100000 29793.7 -0.0770247 5000.09 0.999565
73200000 29793.7 -0.130649 5000.1 0.999566
73300000 29793.7 0.216594 5000.04 0.999661
73400000 29793.7 -0.0715701 5000.09 0.999562
73500000 29793.7 1.32525 4999.86 0.999782
73600000 29793.7 0.313768 5000.02 0.99968
73700000 29793.7 -0.0535153 5000.09 0.99958
73800000 29793.7 0.00137707 5000.08 0.999602
73900000 29793.7 2.03915 4999.73 0.999872
74000000 29793.7 -0.0296734 5000.08 0.999565
74100000 29793.7 -0.107034 5000.1 0.999561
74200000 29793.7 1.6531 4999.8 0.999815
74300000 29793.7 -0.09751 5000.09 0.99956
74400000 29793.7 -0.170248 5000.11 0.999566
74500000 29793.7 0.302525 5000.03 0.999675
74600000 29793.7 -0.112742 5000.1 0.999557
74700000 29793.7 -0.0796986 5000.09 0.999563
74800000 29793.7 -0.205225 5000.11 0.999606
74900000 29793.7 -0.0891133 5000.09 0.999562
75000000 29793.7 0.0720784 5000.07 0.999618
75100000 29793.7 -0.0704495 5000.09 0.999563
75200000 29793.7 -0.0413781 5000.08 0.999564
75300000 29793.7 -0.155404 5000.1 0.999559
75400000 29793.7 -0.139729 5000.1 0.999579
75500000 29793.7 -0.123741 5000.1 0.999595
75600000 29793.7 0.0424494 5000.07 0.999617
75700000 29793.7 -0.235111 5000.12 0.999561
75800000 29793.7 -0.153144 5000.1 0.999566
75900000 29793.7 -0.00884216 5000.08 0.999567
76000000 29793.7 -0.281607 5000.12 0.999612
76100000 29793.7 -0.100738 5000.09 0.99957
76200000 29793.7 -0.064687 5000.09 0.999562
76300000 29793.7 0.0141706 5000.08 0.999598
76400000 29793.7 -0.0634976 5000.09 0.999563
76500000 29793.7 -0.1445 5000.1 0.999568
76600000 29793.7 -0.0328324 5000.08 0.999565
76700000 29793.7 -0.0866241 5000.09 0.99956
76800000 29793.7 -0.153557 5000.1 0.999569
76900000 29793.7 -0.183643 5000.11 0.999563
77000000 29793.7 -0.127584 5000.1 0.999564
77100000 29793.7 0.0125255 5000.08 0.999638
77200000 29793.7 0.0711188 5000.07 0.99964
77300000 29793.7 -0.125787 5000.1 0.999564
77400000 29793.7 -0.00902777 5000.08 0.999567
77500000 29793.7 -0.100413 5000.09 0.999565
77600000 29793.7 -0.151446 5000.1 0.99957
77700000 29793.7 0.397573 5000.01 0.999674
77800000 29793.7 0.119696 5000.06 0.999641
77900000 29793.7 -0.0585249 5000.09 0.999563
78000000 29793.7 0.367828 5000.02 0.999654
78100000 29793.7 -0.106968 5000.1 0.999561
78200000 29793.7 0.344383 5000.02 0.999651
78300000 29793.7 -0.127652 5000.1 0.999578
78400000 29793.7 -0.0431017 5000.08 0.999597
78500000 29793.7 -0.111846 5000.1 0.999567
78600000 29793.7 -0.0339645 5000.08 0.999564
78700000 29793.7 -0.0257544 5000.08 0.999593
78800000 29793.7 2.1861 4999.71 0.999887
78900000 29793.7 -0.0125432 5000.08 0.999567
79000000 29793.7 -0.0833905 5000.09 0.999604
79100000 29793.7 1.08719 4999.89 0.99975
79200000 29793.7 0.953295 4999.92 0.99974
79300000 29793.7 0.909629 4999.92 0.99979
79400000 29793.7 1.90919 4999.76 0.999843
79500000 29793.7 -0.0328294 5000.08 0.99959
79600000 29793.7 1.28087 4999.86 0.999779
79700000 29793.7 0.472783 5000 0.999676
79800000 29793.7 0.789646 4999.94 0.999746
79900000 29793.7 -0.18669 5000.11 0.999563
80000000 29793.7 -0.129189 5000.1 0.999558
80100000 29793.7 -0.153892 5000.1 0.999597
80200000 29793.7 -0.16772 5000.11 0.999577
80300000 29793.7 0.500329 4999.99 0.999684
80400000 29793.7 -0.116425 5000.1 0.999583
80500000 29793.7 -0.196266 5000.11 0.999567
80600000 29793.7 -0.0455176 5000.09 0.999588
80700000 29793.7 -0.241124 5000.12 0.999556
80800000 29793.7 0.424722 5000.01 0.999697
80900000 29793.7 -0.129703 5000.1 0.999563
81000000 29793.7 -0.176662 5000.11 0.999566
81100000 29793.7 -0.00253521 5000.08 0.99959
81200000 29793.7 1.59859 4999.81 0.99985
81300000 29793.7 -0.0920603 5000.09 0.999563
81400000 29793.7 -0.0949988 5000.09 0.999585
81500000 29793.7 1.07295 4999.9 0.999794
81600000 29793.7 -0.0936877 5000.09 0.999562
81700000 29793.7 -0.346976 5000.14 0.999584
81800000 29793.7 -0.321259 5000.13 0.999557
81900000 29793.7 0.0749179 5000.06 0.999621
82000000 29793.7 -0.13726 5000.1 0.999582
82100000 29793.7 -0.158414 5000.1 0.999558
82200000 29793.7 0.669299 4999.97 0.99971
82300000 29793.7 -0.0549921 5000.09 0.999563
82400000 29793.7 -0.147272 5000.1 0.999566
82500000 29793.7 -0.0345731 5000.08 0.999564
82600000 29793.7 -0.00815232 5000.08 0.999603
82700000 29793.7 2.20251 4999.71 0.999904
82800000 29793.7 0.0389684 5000.07 0.999631
82900000 29793.7 -0.15225 5000.1 0.999562
83000000 29793.7 -0.0700824 5000.09 0.999563
83100000 29793.7 -0.10595 5000.1 0.999564
83200000 29793.7 -0.144505 5000.1 0.99956
83300000 29793.7 -0.150556 5000.1 0.999561
83400000 29793.7 -0.0172424 5000.08 0.999566
83500000 29793.7 -0.0752752 5000.09 0.999562
83600000 29793.7 -0.0563722 5000.09 0.999588
83700000 29793.7 -0.0590278 5000.09 0.999592
83800000 29793.7 1.14552 4999.89 0.999784
83900000 29793.7 0.642112 4999.97 0.999708
84000000 29793.7 -0.113695 5000.1 0.999564
84100000 29793.7 -0.0787448 5000.09 0.99957
84200000 29793.7 -0.0991945 5000.09 0.999559
84300000 29793.7 0.176276 5000.05 0.999665
84400000 29793.7 -0.0758395 5000.09 0.999639
84500000 29793.7 -0.0423283 5000.08 0.999564
84600000 29793.7 -0.0188238 5000.08 0.9996
84700000 29793.7 -0.0564045 5000.09 0.999564
84800000 29793.7 -0.193243 5000.11 0.99956
84900000 29793.7 -0.0665621 5000.09 0.999562
85000000 29793.7 -0.191102 5000.11 0.999569
85100000 29793.7 -0.0425701 5000.08 0.999564
85200000 29793.7 -0.0435412 5000.08 0.999566
85300000 29793.7 -0.0874891 5000.09 0.999594
85400000 29793.7 1.15816 4999.88 0.999778
85500000 29793.7 -0.0966243 5000.09 0.99956
85600000 29793.7 -0.115509 5000.1 0.999561
85700000 29793.7 0.175606 5000.05 0.999623
85800000 29793.7 -0.0676128 5000.09 0.999595
85900000 29793.7 -0.0983561 5000.09 0.999561
86000000 29793.7 0.606705 4999.98 0.999686
86100000 29793.7 -0.038915 5000.08 0.99959
86200000 29793.7 1.06394 4999.9 0.999798
86300000 29793.7 -0.10705 5000.1 0.999595
86400000 29793.7 -0.106587 5000.1 0.999566
86500000 29793.7 2.4863 4999.66 0.999966
86600000 29793.7 0.500337 4999.99 0.999699
86700000 29793.7 -0.271379 5000.12 0.99957
86800000 29793.7 -0.108734 5000.1 0.99957
86900000 29793.7 -0.013112 5000.08 0.999567
87000000 29793.7 0.191851 5000.05 0.999634
87100000 29793.7 -0.0766651 5000.09 0.99958
87200000 29793.7 -0.118107 5000.1 0.999587
87300000 29793.7 -0.179486 5000.11 0.999562
87400000 29793.7 0.776909 4999.95 0.999744
87500000 29793.7 -0.127171 5000.1 0.99956
87600000 29793.7 -0.129753 5000.1 0.999573
87700000 29793.7 -0.0708747 5000.09 0.999574
87800000 29793.7 1.26442 4999.87 0.999781
87900000 29793.7 -0.0813244 5000.09 0.999567
88000000 29793.7 -0.0599354 5000.09 0.999571
88100000 29793.7 -0.249776 5000.12 0.999594
88200000 29793.7 0.468848 5000 0.999699
88300000 29793.7 -0.0993253 5000.09 0.999597
88400000 29793.7 0.0576603 5000.07 0.99961
88500000 29793.7 -0.222296 5000.11 0.999579
88600000 29793.7 1.65756 4999.8 0.999817
88700000 29793.7 0.0133654 5000.08 0.999618
88800000 29793.7 -0.0897745 5000.09 0.999596
88900000 29793.7 -0.109078 5000.1 0.999579
89000000 29793.7 0.0968693 5000.06 0.999615
89100000 29793.7 -0.244779 5000.12 0.999559
89200000 29793.7 -0.0678299 5000.09 0.999567
89300000 29793.7 0.119774 5000.06 0.999637
89400000 29793.7 -0.172697 5000.11 0.99956
89500000 29793.7 -0.111091 5000.1 0.999563
89600000 29793.7 -0.170934 5000.11 0.999565
89700000 29793.7 -0.0859469 5000.09 0.999564
89800000 29793.7 -0.0488964 5000.09 0.999564
89900000 29793.7 -0.188501 5000.11 0.999564
90000000 29793.7 -0.0283333 5000.08 0.999566
90100000 29793.7 -0.14281 5000.1 0.999594
90200000 29793.7 0.000263049 5000.08 0.999616
90300000 29793.7 0.543505 4999.99 0.99969
90400000 29793.7 -0.208636 5000.11 0.999567
90500000 29793.7 -0.0882686 5000.09 0.999561
90600000 29793.7 -0.0990953 5000.09 0.99956
90700000 29793.7 -0.0415048 5000.08 0.999565
90800000 29793.7 -0.124022 5000.1 0.999563
90900000 29793.7 1.39324 4999.84 0.999825
91000000 29793.7 0.0780549 5000.06 0.999618
91100000 29793.7 -0.230819 5000.12 0.999575
91200000 29793.7 -0.0945492 5000.09 0.999631
91300000 29793.7 -0.0706712 5000.09 0.99958
91400000 29793.7 -0.0621498 5000.09 0.999564
91500000 29793.7 -0.154443 5000.1 0.999575
91600000 29793.7 0.850454 4999.93 0.999757
91700000 29793.7 -0.166875 5000.11 0.999563
91800000 29793.7 0.0105919 5000.08 0.999604
91900000 29793.7 0.796588 4999.94 0.999716
92000000 29793.7 -0.0467671 5000.09 0.999564
92100000 29793.7 -0.0696575 5000.09 0.999588
92200000 29793.7 -0.16929 5000.11 0.999581
92300000 29793.7 -0.0152093 5000.08 0.999589
92400000 29793.7 1.9258 4999.75 0.999872
92500000 29793.7 -0.0896506 5000.09 0.999587
92600000 29793.7 -0.0385179 5000.08 0.9996
92700000 29793.7 -0.0843445 5000.09 0.999576
92800000 29793.7 -0.124759 5000.1 0.999558
92900000 29793.7 -0.177242 5000.11 0.999562
93000000 29793.7 0.307707 5000.03 0.999676
93100000 29793.7 -0.105808 5000.1 0.999569
93200000 29793.7 -0.0780967 5000.09 0.999565
93300000 29793.7 0.246432 5000.04 0.999655
93400000 29793.7 6.06931 4999.06 1.00036
93500000 29793.7 -0.0768248 5000.09 0.999563
93600000 29793.7 -0.262641 5000.12 0.99956
93700000 29793.7 -0.018895 5000.08 0.999566
93800000 29793.7 0.170071 5000.05 0.999628
93900000 29793.7 0.0390259 5000.07 0.999621
94000000 29793.7 -0.0423898 5000.08 0.999564
94100000 29793.7 -0.122071 5000.1 0.999561
94200000 29793.7 -0.160307 5000.1 0.999554
94300000 29793.7 -0.0432957 5000.08 0.999565
94400000 29793.7 -0.239788 5000.12 0.999569
94500000 29793.7 0.795734 4999.94 0.999745
94600000 29793.7 -0.151992 5000.1 0.999559
94700000 29793.7 0.409944 5000.01 0.999664
94800000 29793.7 0.838464 4999.94 0.99972
94900000 29793.7 -0.165155 5000.11 0.999578
95000000 29793.7 0.146564 5000.05 0.999623
95100000 29793.7 -0.144141 5000.1 0.999565
95200000 29793.7 -0.11609 5000.1 0.999588
95300000 29793.7 -0.0756133 5000.09 0.999589
95400000 29793.7 -0.107481 5000.1 0.999592
95500000 29793.7 0.143562 5000.05 0.999627
95600000 29793.7 6.91261 4998.92 1.0004
95700000 29793.7 -0.0396793 5000.08 0.999584
95800000 29793.7 -0.0865659 5000.09 0.99956
95900000 29793.7 -0.18273 5000.11 0.999602
96000000 29793.7 -0.224075 5000.12 0.999557
96100000 29793.7 0.0139218 5000.08 0.999593
96200000 29793.7 -0.0996538 5000.09 0.999566
96300000 29793.7 0.63971 4999.97 0.999704
96400000 29793.7 -0.119587 5000.1 0.99956
96500000 29793.7 0.0604272 5000.07 0.999613
96600000 29793.7 -0.183058 5000.11 0.999577
96700000 29793.7 -0.0809331 5000.09 0.999572
96800000 29793.7 -0.0418473 5000.08 0.999599
96900000 29793.7 -0.181007 5000.11 0.999564
97000000 29793.7 -0.169874 5000.11 0.999563
97100000 29793.7 -0.106022 5000.1 0.99956
97200000 29793.7 -0.0375676 5000.08 0.999564
97300000 29793.7 -0.0827369 5000.09 0.99956
97400000 29793.7 -0.262834 5000.12 0.99956
97500000 29793.7 -0.0281971 5000.08 0.999565
97600000 29793.7 -0.0891457 5000.09 0.999563
97700000 29793.7 -0.0318577 5000.08 0.999564
97800000 29793.7 1.10923 4999.89 0.999755
97900000 29793.7 0.619736 4999.97 0.9997
98000000 29793.7 -0.106812 5000.1 0.999567
98100000 29793.7 -0.0819347 5000.09 0.999564
98200000 29793.7 -0.0359362 5000.08 0.999582
98300000 29793.7 -0.158882 5000.1 0.999573
98400000 29793.7 -0.156569 5000.1 0.999563
98500000 29793.7 0.136671 5000.05 0.999674
98600000 29793.7 -0.0903323 5000.09 0.999562
98700000 29793.7 -0.103847 5000.09 0.999566
98800000 29793.7 0.642252 4999.97 0.999725
98900000 29793.7 -0.03993 5000.08 0.999564
99000000 29793.7 -0.0186554 5000.08 0.999566
99100000 29793.7 0.0274024 5000.07 0.999634
99200000 29793.7 -0.0289256 5000.08 0.999612
99300000 29793.7 -0.133347 5000.1 0.999568
99400000 29793.7 -0.023691 5000.08 0.999566
99500000 29793.7 0.00456549 5000.08 0.999593
99600000 29793.7 -0.0169642 5000.08 0.999566
99700000 29793.7 -0.0528063 5000.09 0.999563
99800000 29793.7 -0.106122 5000.1 0.999565
99900000 29793.7 -0.00861047 5000.08 0.999594
100000000 29793.7 0.802059 4999.94 0.999743
100100000 29793.7 -0.191833 5000.11 0.999579
100200000 29793.7 -0.0610208 5000.09 0.999563
100300000 29793.7 -0.0359778 5000.08 0.999565
100400000 29793.7 -0.18543 5000.11 0.999599
100500000 29793.7 -0.145453 5000.1 0.999577
100600000 29793.7 -0.215919 5000.11 0.99956
100700000 29793.7 -0.143519 5000.1 0.999563
100800000 29793.7 -0.0849538 5000.09 0.999565
100900000 29793.7 -0.142417 5000.1 0.999578
101000000 29793.7 -0.0622342 5000.09 0.999563
101100000 29793.7 -0.107454 5000.1 0.99956
101200000 29793.7 -0.0993962 5000.09 0.999562
101300000 29793.7 -0.0468045 5000.09 0.999565
101400000 29793.7 -0.127578 5000.1 0.999596
101500000 29793.7 -0.0459687 5000.09 0.999563
101600000 29793.7 -0.194841 5000.11 0.999595
101700000 29793.7 -0.132857 5000.1 0.999562
101800000 29793.7 -0.0857121 5000.09 0.999592
101900000 29793.7 -0.152092 5000.1 0.999565
102000000 29793.7 -0.18184 5000.11 0.999566
102100000 29793.7 -0.206872 5000.11 0.99958
102200000 29793.7 -0.0972896 5000.09 0.999577
102300000 29793.7 -0.0549249 5000.09 0.999565
102400000 29793.7 -0.0372868 5000.08 0.999605
102500000 29793.7 1.34653 4999.85 0.999806
102600000 29793.7 1.49185 4999.83 0.999843
102700000 29793.7 -0.0430328 5000.08 0.999564
102800000 29793.7 0.796427 4999.94 0.99972
102900000 29793.7 -0.189781 5000.11 0.999575
103000000 29793.7 0.261895 5000.03 0.999687
103100000 29793.7 6.54533 4998.98 1.00041
103200000 29793.7 0.0898516 5000.06 0.99964
103300000 29793.7 -0.151595 5000.1 0.99956
103400000 29793.7 -0.154255 5000.1 0.999561
103500000 29793.7 -0.205135 5000.11 0.999556
103600000 29793.7 -0.154249 5000.1 0.999568
103700000 29793.7 2.43555 4999.67 0.999928
103800000 29793.7 -0.103101 5000.09 0.999581
103900000 29793.7 0.103313 5000.06 0.99964
104000000 29793.7 -0.121772 5000.1 0.999576
104100000 29793.7 -0.0095307 5000.08 0.999567
104200000 29793.7 -0.0998002 5000.09 0.99956
104300000 29793.7 2.80669 4999.61 1
104400000 29793.7 -0.12311 5000.1 0.999564
104500000 29793.7 -0.0663774 5000.09 0.999561
104600000 29793.7 2.23794 4999.7 0.999881
104700000 29793.7 -0.0865362 5000.09 0.999562
104800000 29793.7 -0.164753 5000.11 0.999576
104900000 29793.7 -0.0463456 5000.09 0.999636
105000000 29793.7 0.966896 4999.92 0.99977
105100000 29793.7 -0.15144 5000.1 0.999569
105200000 29793.7 2.24996 4999.7 0.999919
105300000 29793.7 -0.0667315 5000.09 0.999574
105400000 29793.7 0.437731 5000 0.999666
105500000 29793.7 0.128445 5000.06 0.999632
105600000 29793.7 -0.174529 5000.11 0.999562
105700000 29793.7 0.339853 5000.02 0.999654
105800000 29793.7 -0.0717631 5000.09 0.999562
105900000 29793.7 -0.213972 5000.11 0.999574
106000000 29793.7 1.4903 4999.83 0.999797
106100000 29793.7 -0.141179 5000.1 0.999575
106200000 29793.7 0.146506 5000.05 0.999624
106300000 29793.7 -0.0329055 5000.08 0.999565
106400000 29793.7 -0.113276 5000.1 0.999566
106500000 29793.7 -0.120981 5000.1 0.999573
106600000 29793.7 -0.199814 5000.11 0.999567
106700000 29793.7 1.27215 4999.86 0.999768
106800000 29793.7 -0.0634015 5000.09 0.999573
106900000 29793.7 -0.0570871 5000.09 0.999563
107000000 29793.7 -0.075806 5000.09 0.999569
107100000 29793.7 -0.113871 5000.1 0.999569
107200000 29793.7 -0.201253 5000.11 0.999554
107300000 29793.7 -0.155884 5000.1 0.999602
107400000 29793.7 -0.00579572 5000.08 0.999598
107500000 29793.7 -0.0589396 5000.09 0.999564
107600000 29793.7 -0.154285 5000.1 0.999571
107700000 29793.7 -0.0196415 5000.08 0.999566
107800000 29793.7 0.188755 5000.05 0.999639
107900000 29793.7 0.394563 5000.01 0.999657
108000000 29793.7 -0.0385386 5000.08 0.999564
108100000 29793.7 1.81027 4999.77 0.999851
108200000 29793.7 -0.182448 5000.11 0.999561
108300000 29793.7 -0.108316 5000.1 0.999558
108400000 29793.7 1.00074 4999.91 0.999778
108500000 29793.7 -0.074754 5000.09 0.999564
108600000 29793.7 -0.0601647 5000.09 0.999594
108700000 29793.7 -0.0534414 5000.09 0.999566
108800000 29793.7 -0.0682934 5000.09 0.999614
108900000 29793.7 -0.135529 5000.1 0.999561
109000000 29793.7 -0.105721 5000.1 0.999561
109100000 29793.7 0.165011 5000.05 0.999642
109200000 29793.7 -0.145221 5000.1 0.999566
109300000 29793.7 -0.0256119 5000.08 0.999566
109400000 29793.7 1.24755 4999.87 0.99978
109500000 29793.7 -0.0361474 5000.08 0.999587
109600000 29793.7 -0.134637 5000.1 0.999579
109700000 29793.7 -0.0777941 5000.09 0.999563
109800000 29793.7 0.0189787 5000.07 0.999608
109900000 29793.7 -0.093505 5000.09 0.999561
110000000 29793.7 1.47641 4999.83 0.999799
110100000 29793.7 -0.170911 5000.11 0.999577
110200000 29793.7 -0.0186237 5000.08 0.999609
110300000 29793.7 -0.141971 5000.1 0.999574
110400000 29793.7 0.64659 4999.97 0.999715
110500000 29793.7 -0.122295 5000.1 0.99956
110600000 29793.7 -0.142885 5000.1 0.999579
110700000 29793.7 -0.0607595 5000.09 0.999565
110800000 29793.7 -0.0171336 5000.08 0.999566
110900000 29793.7 1.39871 4999.84 0.999795
111000000 29793.7 -0.0693792 5000.09 0.999562
111100000 29793.7 -0.163645 5000.1 0.999561
111200000 29793.7 -0.195536 5000.11 0.999568
111300000 29793.7 -0.249635 5000.12 0.999557
111400000 29793.7 -0.0820068 5000.09 0.999564
111500000 29793.7 -0.0140262 5000.08 0.999567
111600000 29793.7 0.789151 4999.95 0.999769
111700000 29793.7 -0.0460664 5000.09 0.999566
111800000 29793.7 0.220166 5000.04 0.999682
111900000 29793.7 -0.0356733 5000.08 0.999591
112000000 29793.7 -0.0403813 5000.08 0.999564
112100000 29793.7 -0.0941017 5000.09 0.999565
112200000 29793.7 -0.0788888 5000.09 0.999562
112300000 29793.7 -0.0566702 5000.09 0.999564
112400000 29793.7 0.0226715 5000.07 0.999611
112500000 29793.7 0.0146791 5000.08 0.999593
112600000 29793.7 -0.111364 5000.1 0.999567
112700000 29793.7 -0.08093 5000.09 0.999582
112800000 29793.7 -0.146482 5000.1 0.999555
112900000 29793.7 -0.167729 5000.11 0.999562
113000000 29793.7 0.789753 4999.94 0.999724
113100000 29793.7 -0.136249 5000.1 0.999558
113200000 29793.7 -0.0177751 5000.08 0.999566
113300000 29793.7 -0.0561983 5000.09 0.999562
113400000 29793.7 1.54193 4999.82 0.999847
113500000 29793.7 -0.106317 5000.1 0.999565
113600000 29793.7 3.01237 4999.57 0.999958
113700000 29793.7 3.21121 4999.54 1.00005
113800000 29793.7 -0.0337888 5000.08 0.999565
113900000 29793.7 0.0597315 5000.07 0.999611
114000000 29793.7 -0.235672 5000.12 0.999557
114100000 29793.7 -0.0396764 5000.08 0.999564
114200000 29793.7 1.27787 4999.86 0.999782
114300000 29793.7 1.8492 4999.77 0.999834
114400000 29793.7 0.240827 5000.04 0.999648
114500000 29793.7 -0.0730513 5000.09 0.999562
114600000 29793.7 -0.0458346 5000.09 0.999579
114700000 29793.7 0.866478 4999.93 0.99972
114800000 29793.7 -0.119601 5000.1 0.999566
114900000 29793.7 -0.0760617 5000.09 0.999608
115000000 29793.7 -0.224984 5000.12 0.999558
115100000 29793.7 -0.0194845 5000.08 0.999607
115200000 29793.7 -0.0223255 5000.08 0.999566
115300000 29793.7 -0.100941 5000.09 0.999571
115400000 29793.7 0.0333032 5000.07 0.999608
115500000 29793.7 -0.0615547 5000.09 0.999562
115600000 29793.7 -0.237896 5000.12 0.999578
115700000 29793.7 -0.115386 5000.1 0.999577
115800000 29793.7 -0.179533 5000.11 0.999585
115900000 29793.7 0.110789 5000.06 0.999642
116000000 29793.7 -0.170925 5000.11 0.999566
116100000 29793.7 0.0202956 5000.07 0.999604
116200000 29793.7 -0.059063 5000.09 0.999563
116300000 29793.7 -0.131202 5000.1 0.999571
116400000 29793.7 -0.0811342 5000.09 0.999561
116500000 29793.7 -0.0496434 5000.09 0.999564
116600000 29793.7 -0.0233894 5000.08 0.999566
116700000 29793.7 -0.0753524 5000.09 0.999562
116800000 29793.7 -0.0839055 5000.09 0.999561
116900000 29793.7 -0.128767 5000.1 0.999559
117000000 29793.7 -0.0363422 5000.08 0.999565
117100000 29793.7 -0.162125 5000.1 0.999566
117200000 29793.7 0.474917 5000 0.999708
117300000 29793.7 0.0490241 5000.07 0.999601
117400000 29793.7 0.297344 5000.03 0.999651
117500000 29793.7 0.0498581 5000.07 0.999629
117600000 29793.7 0.0910672 5000.06 0.999658
117700000 29793.7 -0.0344116 5000.08 0.999565
117800000 29793.7 -0.257683 5000.12 0.999553
117900000 29793.7 -0.187499 5000.11 0.999612
118000000 29793.7 -0.0948433 5000.09 0.999563
118100000 29793.7 -0.233559 5000.12 0.999588
118200000 29793.7 -0.0818364 5000.09 0.999562
118300000 29793.7 -0.153102 5000.1 0.999586
118400000 29793.7 -0.0819668 5000.09 0.999566
118500000 29793.7 -0.0843793 5000.09 0.999592
118600000 29793.7 -0.0563419 5000.09 0.999562
118700000 29793.7 -0.162526 5000.1 0.999559
118800000 29793.7 -0.0683145 5000.09 0.999585
118900000 29793.7 2.40649 4999.67 0.999896
119000000 29793.7 -0.0299608 5000.08 0.999565
119100000 29793.7 -0.214359 5000.11 0.999565
119200000 29793.7 0.0642094 5000.07 0.999603
119300000 29793.7 0.254222 5000.03 0.999664
119400000 29793.7 -0.136696 5000.1 0.999568
119500000 29793.7 1.6069 4999.81 0.999847
119600000 29793.7 -0.0393069 5000.08 0.999594
119700000 29793.7 -0.141919 5000.1 0.999592
119800000 29793.7 -0.121836 5000.1 0.999563
119900000 29793.7 0.487519 5000 0.999671
120000000 29793.7 -0.185027 5000.11 0.99956
120100000 29793.7 -0.0305857 5000.08 0.999565
120200000 29793.7 -0.014201 5000.08 0.999586
120300000 29793.7 2.17734 4999.71 0.999885
120400000 29793.7 -0.0896182 5000.09 0.999576
120500000 29793.7 0.241278 5000.04 0.999665
120600000 29793.7 -0.122321 5000.1 0.999562
120700000 29793.7 -0.0787808 5000.09 0.999633
120800000 29793.7 0.0224023 5000.07 0.999621
120900000 29793.7 -0.191564 5000.11 0.99956
121000000 29793.7 -0.190764 5000.11 0.999562
121100000 29793.7 -0.117971 5000.1 0.999567
121200000 29793.7 -0.153656 5000.1 0.999559
121300000 29793.7 -0.13824 5000.1 0.999597
121400000 29793.7 1.21998 4999.87 0.999763
121500000 29793.7 -0.0911604 5000.09 0.999639
121600000 29793.7 -0.121175 5000.1 0.999561
121700000 29793.7 1.75679 4999.78 0.999908
121800000 29793.7 -0.101212 5000.09 0.999576
121900000 29793.7 1.20069 4999.88 0.999791
122000000 29793.7 0.293944 5000.03 0.99965
122100000 29793.7 1.52973 4999.82 0.999823
122200000 29793.7 -0.210481 5000.11 0.999575
122300000 29793.7 -0.075307 5000.09 0.99958
122400000 29793.7 0.561934 4999.98 0.999715
122500000 29793.7 -0.153558 5000.1 0.999573
122600000 29793.7 -0.0802771 5000.09 0.999567
122700000 29793.7 -0.0493496 5000.09 0.999618
122800000 29793.7 2.68803 4999.63 1
122900000 29793.7 2.54079 4999.65 0.99994
123000000 29793.7 1.95116 4999.75 0.999882
123100000 29793.7 -0.121666 5000.1 0.999566
123200000 29793.7 -0.184185 5000.11 0.999572
123300000 29793.7 0.481569 5000 0.999674
123400000 29793.7 -0.0481524 5000.09 0.999563
123500000 29793.7 0.619031 4999.97 0.999705
123600000 29793.7 -0.128566 5000.1 0.999566
123700000 29793.7 -0.219389 5000.11 0.999576
123800000 29793.7 -0.0807557 5000.09 0.999589
123900000 29793.7 -0.0674579 5000.09 0.999564
124000000 29793.7 -0.20705 5000.11 0.999578
124100000 29793.7 -0.0126981 5000.08 0.999567
124200000 29793.7 -0.11252 5000.1 0.999566
124300000 29793.7 0.277916 5000.03 0.999647
124400000 29793.7 -0.123393 5000.1 0.999573
124500000 29793.7 -0.0444696 5000.08 0.999564
124600000 29793.7 -0.135416 5000.1 0.999563
124700000 29793.7 0.339787 5000.02 0.999683
124800000 29793.7 -0.160219 5000.1 0.999576
124900000 29793.7 -0.0216722 5000.08 0.999566
125000000 29793.7 -0.0929035 5000.09 0.999561
125100000 29793.7 0.225369 5000.04 0.999645
125200000 29793.7 -0.0779769 5000.09 0.999562
125300000 29793.7 -0.0324296 5000.08 0.999601
125400000 29793.7 -0.131172 5000.1 0.999559
125500000 29793.7 1.34079 4999.85 0.999792
125600000 29793.7 -0.252049 5000.12 0.999574
125700000 29793.7 0.158586 5000.05 0.999622
125800000 29793.7 0.0268519 5000.07 0.999629
125900000 29793.7 -0.120786 5000.1 0.999562
126000000 29793.7 -0.106886 5000.1 0.999584
126100000 29793.7 0.0725423 5000.07 0.999638
126200000 29793.7 -0.113181 5000.1 0.999562
126300000 29793.7 0.440275 5000 0.999723
126400000 29793.7 -0.084187 5000.09 0.999561
126500000 29793.7 -0.0637666 5000.09 0.999565
126600000 29793.7 -0.422534 5000.15 0.999589
126700000 29793.7 -0.186098 5000.11 0.999552
126800000 29793.7 1.51177 4999.82 0.999799
126900000 29793.7 0.607461 4999.98 0.999686
127000000 29793.7 0.201344 5000.04 0.99966
127100000 29793.7 -0.14927 5000.1 0.999576
127200000 29793.7 -0.0836489 5000.09 0.999561
127300000 29793.7 -0.104101 5000.09 0.99956
127400000 29793.7 -0.0804336 5000.09 0.99957
127500000 29793.7 0.0501611 5000.07 0.999603
127600000 29793.7 0.219058 5000.04 0.999662
127700000 29793.7 -0.194821 5000.11 0.999582
127800000 29793.7 -0.094826 5000.09 0.99956
127900000 29793.7 1.03414 4999.9 0.999741
128000000 29793.7 -0.0462862 5000.09 0.999563
128100000 29793.7 2.13552 4999.72 0.999945
128200000 29793.7 -0.0469718 5000.09 0.999565
128300000 29793.7 -0.0915511 5000.09 0.999565
128400000 29793.7 -0.0121063 5000.08 0.999567
128500000 29793.7 -0.0854931 5000.09 0.99956
128600000 29793.7 -0.107332 5000.1 0.999577
128700000 29793.7 -0.117622 5000.1 0.999569
128800000 29793.7 0.134804 5000.05 0.999617
128900000 29793.7 -0.201368 5000.11 0.999559
129000000 29793.7 0.00972115 5000.08 0.999633
129100000 29793.7 -0.0429096 5000.08 0.999586
129200000 29793.7 -0.0127139 5000.08 0.999567
129300000 29793.7 -0.0874699 5000.09 0.999565
129400000 29793.7 -0.0966773 5000.09 0.999562
129500000 29793.7 -0.132733 5000.1 0.999592
129600000 29793.7 -0.044266 5000.08 0.999579
129700000 29793.7 -0.0441941 5000.08 0.999563
129800000 29793.7 -0.0661851 5000.09 0.999606
129900000 29793.7 0.00853983 5000.08 0.999629
130000000 29793.7 -0.138395 5000.1 0.999592
130100000 29793.7 -0.156797 5000.1 0.999565
130200000 29793.7 -0.124657 5000.1 0.999599
130300000 29793.7 0.213496 5000.04 0.999642
130400000 29793.7 0.0915795 5000.06 0.999619
130500000 29793.7 -0.0736033 5000.09 0.999569
130600000 29793.7 0.00920367 5000.08 0.999608
130700000 29793.7 0.514987 4999.99 0.999682
130800000 29793.7 -0.0743173 5000.09 0.999566
130900000 29793.7 -0.214038 5000.11 0.999584
131000000 29793.7 1.04487 4999.9 0.999787
131100000 29793.7 -0.281307 5000.12 0.999552
131200000 29793.7 -0.0466509 5000.09 0.999564
131300000 29793.7 -0.0393196 5000.08 0.999565
131400000 29793.7 1.77476 4999.78 0.999838
131500000 29793.7 0.57349 4999.98 0.999754
131600000 29793.7 -0.139739 5000.1 0.999589
131700000 29793.7 -0.0413735 5000.08 0.999583
131800000 29793.7 0.208037 5000.04 0.99963
131900000 29793.7 -0.187334 5000.11 0.999561
132000000 29793.7 -0.184213 5000.11 0.999569
132100000 29793.7 -0.10079 5000.09 0.999562
132200000 29793.7 0.251147 5000.04 0.999673
132300000 29793.7 -0.219917 5000.11 0.999558
132400000 29793.7 -0.15483 5000.1 0.999557
132500000 29793.7 0.619921 4999.97 0.999688
132600000 29793.7 -0.175971 5000.11 0.999561
132700000 29793.7 -0.150287 5000.1 0.999588
132800000 29793.7 -0.0629744 5000.09 0.999562
132900000 29793.7 0.132827 5000.06 0.999618
133000000 29793.7 -0.122431 5000.1 0.999571
133100000 29793.7 0.0634832 5000.07 0.999639
133200000 29793.7 3.65611 4999.46 1.00002
133300000 29793.7 -0.147263 5000.1 0.999567
133400000 29793.7 1.62089 4999.81 0.999825
133500000 29793.7 -0.200911 5000.11 0.999557
133600000 29793.7 -0.109488 5000.1 0.999564
133700000 29793.7 -0.050802 5000.09 0.999563
133800000 29793.7 -0.0668949 5000.09 0.999579
133900000 29793.7 -0.192512 5000.11 0.999591
134000000 29793.7 0.0158642 5000.07 0.999595
134100000 29793.7 -0.21239 5000.11 0.999563
134200000 29793.7 -0.0222926 5000.08 0.999566
134300000 29793.7 0.815179 4999.94 0.999743
134400000 29793.7 -0.0202334 5000.08 0.999566
134500000 29793.7 0.0824538 5000.06 0.999615
134600000 29793.7 -0.189224 5000.11 0.999579
134700000 29793.7 -0.0581527 5000.09 0.999563
134800000 29793.7 -0.0533803 5000.09 0.999593
134900000 29793.7 0.158852 5000.05 0.999659
135000000 29793.7 -0.024445 5000.08 0.999598
135100000 29793.7 3.10237 4999.56 1.00005
135200000 29793.7 1.11906 4999.89 0.999764
135300000 29793.7 -0.11743 5000.1 0.999563
135400000 29793.7 -0.0755911 5000.09 0.999605
135500000 29793.7 -0.187632 5000.11 0.999561
135600000 29793.7 -0.0276538 5000.08 0.999566
135700000 29793.7 -0.102644 5000.09 0.99956
135800000 29793.7 0.436502 5000 0.999685
135900000 29793.7 -0.126402 5000.1 0.999567
136000000 29793.7 0.932774 4999.92 0.999728
136100000 29793.7 -0.207143 5000.11 0.999562
136200000 29793.7 -0.0906797 5000.09 0.999561
136300000 29793.7 -0.0745251 5000.09 0.999566
136400000 29793.7 1.11361 4999.89 0.999792
136500000 29793.7 -0.165563 5000.11 0.999564
136600000 29793.7 -0.0670724 5000.09 0.999565
136700000 29793.7 -0.0762035 5000.09 0.999562
136800000 29793.7 -0.105789 5000.1 0.999559
136900000 29793.7 1.31283 4999.86 0.99978
137000000 29793.7 -0.155465 5000.1 0.999581
137100000 29793.7 -0.00252268 5000.08 0.999626
137200000 29793.7 -0.0827399 5000.09 0.999569
137300000 29793.7 -0.112648 5000.1 0.999558
137400000 29793.7 0.076828 5000.06 0.999612
137500000 29793.7 -0.030351 5000.08 0.999585
137600000 29793.7 0.71447 4999.96 0.999705
137700000 29793.7 -0.0536778 5000.09 0.999564
137800000 29793.7 -0.102482 5000.09 0.999564
137900000 29793.7 -0.095952 5000.09 0.999605
138000000 29793.7 -0.121513 5000.1 0.999598
138100000 29793.7 0.36948 5000.02 0.999657
138200000 29793.7 0.131838 5000.06 0.999665
138300000 29793.7 -0.108575 5000.1 0.999563
138400000 29793.7 -0.0281223 5000.08 0.999565
138500000 29793.7 -0.133693 5000.1 0.99959
138600000 29793.7 -0.0726857 5000.09 0.999564
138700000 29793.7 -0.0281156 5000.08 0.999566
138800000 29793.7 0.358263 5000.02 0.999679
138900000 29793.7 -0.161485 5000.1 0.999588
139000000 29793.7 0.750398 4999.95 0.999734
139100000 29793.7 -0.130804 5000.1 0.999561
139200000 29793.7 -0.0847192 5000.09 0.999626
139300000 29793.7 -0.104646 5000.1 0.999561
139400000 29793.7 0.396023 5000.01 0.999665
139500000 29793.7 -0.139684 5000.1 0.999567
139600000 29793.7 -0.0168116 5000.08 0.999566
139700000 29793.7 -0.110828 5000.1 0.999561
139800000 29793.7 -0.137617 5000.1 0.999574
139900000 29793.7 -0.234349 5000.12 0.999555
140000000 29793.7 0.76895 4999.95 0.999784
140100000 29793.7 -0.0769659 5000.09 0.999566
140200000 29793.7 0.321358 5000.02 0.999647
140300000 29793.7 -0.273902 5000.12 0.999557
140400000 29793.7 -0.0760847 5000.09 0.999566
140500000 29793.7 -0.084407 5000.09 0.999587
140600000 29793.7 0.457747 5000 0.999669
140700000 29793.7 1.0963 4999.89 0.999782
140800000 29793.7 0.0279393 5000.07 0.999601
140900000 29793.7 -0.10902 5000.1 0.999569
141000000 29793.7 -0.0437522 5000.08 0.999564
141100000 29793.7 -0.0743998 5000.09 0.999572
141200000 29793.7 -0.163836 5000.1 0.999565
141300000 29793.7 0.190472 5000.05 0.999652
141400000 29793.7 -0.144121 5000.1 0.999598
141500000 29793.7 -0.238569 5000.12 0.999576
141600000 29793.7 0.623789 4999.97 0.999737
141700000 29793.7 0.126338 5000.06 0.999682
141800000 29793.7 -0.167579 5000.11 0.999573
141900000 29793.7 -0.0850712 5000.09 0.999561
142000000 29793.7 -0.0481904 5000.09 0.999584
142100000 29793.7 0.00682199 5000.08 0.999612
142200000 29793.7 0.394605 5000.01 0.999683
142300000 29793.7 -0.196803 5000.11 0.999566
142400000 29793.7 0.180265 5000.05 0.999658
142500000 29793.7 0.414774 5000.01 0.999674
142600000 29793.7 -0.0491236 5000.09 0.999563
142700000 29793.7 1.76263 4999.78 0.999825
142800000 29793.7 1.02217 4999.91 0.99978
142900000 29793.7 -0.0922966 5000.09 0.999563
143000000 29793.7 -0.131423 5000.1 0.999579
143100000 29793.7 -0.0527997 5000.09 0.999564
143200000 29793.7 0.248483 5000.04 0.999682
143300000 29793.7 -0.0597839 5000.09 0.999563
143400000 29793.7 -0.0982697 5000.09 0.999563
143500000 29793.7 -0.0926958 5000.09 0.99959
143600000 29793.7 -0.0625558 5000.09 0.999563
143700000 29793.7 0.0625864 5000.07 0.999627
143800000 29793.7 -0.162073 5000.1 0.999558
143900000 29793.7 0.343124 5000.02 0.999655
144000000 29793.7 0.332141 5000.02 0.999696
144100000 29793.7 0.140428 5000.05 0.999644
144200000 29793.7 -0.162485 5000.1 0.999564
144300000 29793.7 0.13673 5000.05 0.999632
144400000 29793.7 -0.122902 5000.1 0.999569
144500000 29793.7 -0.0277917 5000.08 0.999598
144600000 29793.7 -0.0567973 5000.09 0.999604
144700000 29793.7 1.8607 4999.77 0.999911
144800000 29793.7 -0.0893082 5000.09 0.999579
144900000 29793.7 -0.0254939 5000.08 0.999565
145000000 29793.7 -0.0208877 5000.08 0.999566
145100000 29793.7 -0.0571355 5000.09 0.999565
145200000 29793.7 -0.0766175 5000.09 0.999574
145300000 29793.7 0.764288 4999.95 0.999712
145400000 29793.7 0.0389287 5000.07 0.999609
145500000 29793.7 0.561361 4999.98 0.999723
145600000 29793.7 -0.118874 5000.1 0.999568
145700000 29793.7 -0.0996333 5000.09 0.999561
145800000 29793.7 0.610152 4999.98 0.999704
145900000 29793.7 -0.197556 5000.11 0.999561
146000000 29793.7 1.23025 4999.87 0.999783
146100000 29793.7 0.920407 4999.92 0.999761
146200000 29793.7 -0.0601513 5000.09 0.999563
146300000 29793.7 -0.0143499 5000.08 0.999591
146400000 29793.7 0.42233 5000.01 0.999678
146500000 29793.7 -0.134733 5000.1 0.999566
146600000 29793.7 -0.0953423 5000.09 0.999565
146700000 29793.7 -0.0769021 5000.09 0.999563
146800000 29793.7 -0.169587 5000.11 0.999573
146900000 29793.7 -0.142907 5000.1 0.999571
147000000 29793.7 0.149438 5000.05 0.999621
147100000 29793.7 0.26978 5000.03 0.999685
147200000 29793.7 -0.113989 5000.1 0.999567
147300000 29793.7 0.00572446 5000.08 0.999607
147400000 29793.7 -0.0400657 5000.08 0.999566
147500000 29793.7 -0.095657 5000.09 0.999561
147600000 29793.7 0.81067 4999.94 0.999735
147700000 29793.7 -0.151138 5000.1 0.999566
147800000 29793.7 -0.0745664 5000.09 0.999561
147900000 29793.7 -0.053362 5000.09 0.999564
148000000 29793.7 -0.0200151 5000.08 0.999588
148100000 29793.7 1.01362 4999.91 0.999779
148200000 29793.7 0.585218 4999.98 0.999701
148300000 29793.7 -0.0706976 5000.09 0.999563
148400000 29793.7 0.0394516 5000.07 0.999641
148500000 29793.7 -0.0320853 5000.08 0.9996
148600000 29793.7 -0.196072 5000.11 0.999565
148700000 29793.7 0.345652 5000.02 0.999679
148800000 29793.7 -0.191105 5000.11 0.999582
148900000 29793.7 -0.150763 5000.1 0.999557
149000000 29793.7 -0.130599 5000.1 0.999558
149100000 29793.7 0.220701 5000.04 0.999657
149200000 29793.7 -0.06837 5000.09 0.999562
149300000 29793.7 -0.0523563 5000.09 0.999564
149400000 29793.7 -0.146333 5000.1 0.999595
149500000 29793.7 -0.143226 5000.1 0.999572
149600000 29793.7 -0.0713301 5000.09 0.999563
149700000 29793.7 -0.139395 5000.1 0.999566
149800000 29793.7 -0.0887902 5000.09 0.999569
149900000 29793.7 0.120337 5000.06 0.999648
150000000 29793.7 -0.0675872 5000.09 0.999575
150100000 29793.7 -0.0529687 5000.09 0.999564
150200000 29793.7 -0.134123 5000.1 0.999565
150300000 29793.7 -0.0684131 5000.09 0.999564
150400000 29793.7 0.241916 5000.04 0.999664
150500000 29793.7 2.21647 4999.71 0.999921
150600000 29793.7 0.10606 5000.06 0.999677
150700000 29793.7 0.664945 4999.97 0.999695
150800000 29793.7 -0.0726608 5000.09 0.999569
150900000 29793.7 -0.0644715 5000.09 0.999575
151000000 29793.7 -0.0803798 5000.09 0.999561
151100000 29793.7 -0.06259 5000.09 0.999565
151200000 29793.7 -0.161725 5000.1 0.999563
151300000 29793.7 0.0801877 5000.06 0.999644
151400000 29793.7 -0.145409 5000.1 0.999573
151500000 29793.7 0.275861 5000.03 0.999687
151600000 29793.7 -0.330842 5000.13 0.999556
151700000 29793.7 -0.110088 5000.1 0.99962
151800000 29793.7 -0.117 5000.1 0.999566
151900000 29793.7 -0.118812 5000.1 0.999596
152000000 29793.7 1.27101 4999.86 0.999833
152100000 29793.7 -0.0619003 5000.09 0.999563
152200000 29793.7 0.600094 4999.98 0.999736
152300000 29793.7 -0.0427814 5000.08 0.999565
152400000 29793.7 -0.0434667 5000.08 0.999564
152500000 29793.7 -0.0342788 5000.08 0.999564
152600000 29793.7 -0.0387783 5000.08 0.999564
152700000 29793.7 -0.150693 5000.1 0.999578
152800000 29793.7 -0.0420795 5000.08 0.999564
152900000 29793.7 -0.00343184 5000.08 0.999568
153000000 29793.7 0.0515117 5000.07 0.999604
153100000 29793.7 -0.0809678 5000.09 0.999562
153200000 29793.7 -0.0864949 5000.09 0.99957
153300000 29793.7 -0.0790049 5000.09 0.999592
153400000 29793.7 -0.0560579 5000.09 0.999564
153500000 29793.7 -0.0280661 5000.08 0.999565
153600000 29793.7 -0.0680631 5000.09 0.999563
153700000 29793.7 3.30936 4999.52 0.99999
153800000 29793.7 -0.0230193 5000.08 0.999608
153900000 29793.7 -0.105523 5000.1 0.999578
154000000 29793.7 -0.179467 5000.11 0.999567
154100000 29793.7 -0.171471 5000.11 0.999563
154200000 29793.7 -0.0916186 5000.09 0.999561
154300000 29793.7 0.123428 5000.06 0.999624
154400000 29793.7 0.423991 5000.01 0.999662
154500000 29793.7 0.064549 5000.07 0.999643
154600000 29793.7 -0.17863 5000.11 0.999561
154700000 29793.7 0.110932 5000.06 0.999618
154800000 29793.7 0.230566 5000.04 0.999637
154900000 29793.7 -0.249517 5000.12 0.999556
155000000 29793.7 0.66602 4999.97 0.999722
155100000 29793.7 -0.243432 5000.12 0.99957
155200000 29793.7 -0.147256 5000.1 0.999557
155300000 29793.7 0.0623955 5000.07 0.999619
155400000 29793.7 2.14118 4999.72 0.999972
155500000 29793.7 -0.0847283 5000.09 0.999562
155600000 29793.7 0.898555 4999.93 0.999776
155700000 29793.7 -0.0706353 5000.09 0.999571
155800000 29793.7 -0.00769381 5000.08 0.999567
155900000 29793.7 -0.150517 5000.1 0.99956
156000000 29793.7 -0.0313 5000.08 0.999565
156100000 29793.7 -0.124389 5000.1 0.999578
156200000 29793.7 0.0954732 5000.06 0.999644
156300000 29793.7 -0.269035 5000.12 0.999565
156400000 29793.7 -0.0908197 5000.09 0.999562
156500000 29793.7 2.1055 4999.72 0.999956
156600000 29793.7 -0.167584 5000.11 0.999562
156700000 29793.7 -0.0533844 5000.09 0.999563
156800000 29793.7 0.109837 5000.06 0.999617
156900000 29793.7 0.472798 5000 0.999668
157000000 29793.7 1.52011 4999.82 0.999812
157100000 29793.7 -0.175697 5000.11 0.999566
157200000 29793.7 0.243754 5000.04 0.999636
157300000 29793.7 -0.00590697 5000.08 0.999601
157400000 29793.7 0.0823104 5000.06 0.999628
157500000 29793.7 0.268435 5000.03 0.999641
157600000 29793.7 0.2407 5000.04 0.999641
157700000 29793.7 0.00817982 5000.08 0.999598
157800000 29793.7 0.386454 5000.01 0.999672
157900000 29793.7 -0.0470785 5000.09 0.999564
158000000 29793.7 0.169493 5000.05 0.999645
158100000 29793.7 -0.137244 5000.1 0.999564
158200000 29793.7 -0.186847 5000.11 0.999562
158300000 29793.7 -0.0398306 5000.08 0.999622
158400000 29793.7 0.0211294 5000.07 0.999597
158500000 29793.7 -0.191053 5000.11 0.99957
158600000 29793.7 -0.136744 5000.1 0.999557
158700000 29793.7 0.44315 5000 0.99975
158800000 29793.7 -0.0636805 5000.09 0.999562
158900000 29793.7 0.0195255 5000.07 0.999602
159000000 29793.7 0.0767434 5000.06 0.99963
159100000 29793.7 0.441456 5000 0.999683
159200000 29793.7 -0.126632 5000.1 0.999573
159300000 29793.7 -0.0611424 5000.09 0.999563
159400000 29793.7 -0.0962568 5000.09 0.999567
159500000 29793.7 -0.108508 5000.1 0.999562
159600000 29793.7 -0.146819 5000.1 0.999557
159700000 29793.7 -0.149378 5000.1 0.999562
159800000 29793.7 0.365568 5000.02 0.999681
159900000 29793.7 -0.087699 5000.09 0.999562
160000000 29793.7 -0.188905 5000.11 0.999554
160100000 29793.7 -0.0724929 5000.09 0.999567
160200000 29793.7 0.00949748 5000.08 0.99961
160300000 29793.7 -0.135422 5000.1 0.999589
160400000 29793.7 -0.085417 5000.09 0.999562
160500000 29793.7 -0.134035 5000.1 0.999559
160600000 29793.7 -0.145373 5000.1 0.999562
160700000 29793.7 0.375037 5000.01 0.999683
160800000 29793.7 0.979573 4999.91 0.999739
160900000 29793.7 0.831732 4999.94 0.999726
161000000 29793.7 -0.0283156 5000.08 0.999566
161100000 29793.7 0.0360266 5000.07 0.999645
161200000 29793.7 -0.122704 5000.1 0.99956
161300000 29793.7 -0.0867538 5000.09 0.99961
161400000 29793.7 -0.105523 5000.1 0.99956
161500000 29793.7 -0.0448427 5000.09 0.999588
161600000 29793.7 -0.173558 5000.11 0.999607
161700000 29793.7 -0.0282855 5000.08 0.999565
161800000 29793.7 0.0733456 5000.07 0.999612
161900000 29793.7 0.00904205 5000.08 0.99961
162000000 29793.7 -0.0835386 5000.09 0.999562
162100000 29793.7 0.897614 4999.93 0.999761
162200000 29793.7 0.23215 5000.04 0.999669
162300000 29793.7 -0.0674757 5000.09 0.99959
162400000 29793.7 -0.149406 5000.1 0.999595
162500000 29793.7 -0.0729177 5000.09 0.999566
162600000 29793.7 -0.0898692 5000.09 0.999596
162700000 29793.7 0.150651 5000.05 0.99964
162800000 29793.7 -0.0236975 5000.08 0.999608
162900000 29793.7 -0.192155 5000.11 0.999579
163000000 29793.7 -0.15675 5000.1 0.999575
163100000 29793.7 0.182929 5000.05 0.999632
163200000 29793.7 -0.0670212 5000.09 0.999569
163300000 29793.7 0.357689 5000.02 0.999656
163400000 29793.7 -0.162294 5000.1 0.999565
163500000 29793.7 -0.0308251 5000.08 0.999565
163600000 29793.7 -0.0737482 5000.09 0.999563
163700000 29793.7 -0.137398 5000.1 0.999571
163800000 29793.7 -0.16542 5000.11 0.999556
163900000 29793.7 0.842133 4999.94 0.999721
164000000 29793.7 -0.104264 5000.09 0.999561
164100000 29793.7 -0.0965155 5000.09 0.99957
164200000 29793.7 -0.203832 5000.11 0.99958
164300000 29793.7 -0.195961 5000.11 0.99957
164400000 29793.7 0.878714 4999.93 0.999745
164500000 29793.7 0.620327 4999.97 0.999749
164600000 29793.7 -0.0947483 5000.09 0.999573
164700000 29793.7 -0.059781 5000.09 0.999564
164800000 29793.7 -0.0572179 5000.09 0.999562
164900000 29793.7 0.409037 5000.01 0.9997
165000000 29793.7 -0.0497564 5000.09 0.999564
165100000 29793.7 -0.17903 5000.11 0.999563
165200000 29793.7 -0.131626 5000.1 0.999574
165300000 29793.7 -0.196546 5000.11 0.999594
165400000 29793.7 0.678756 4999.96 0.999725
165500000 29793.7 -0.21994 5000.11 0.999586
165600000 29793.7 -0.140425 5000.1 0.999558
165700000 29793.7 -0.0526725 5000.09 0.999563
165800000 29793.7 -0.0584474 5000.09 0.999599
165900000 29793.7 -0.0917374 5000.09 0.999577
166000000 29793.7 0.89047 4999.93 0.999725
166100000 29793.7 -0.12289 5000.1 0.99957
166200000 29793.7 0.0390779 5000.07 0.999651
166300000 29793.7 -0.12759 5000.1 0.99958
166400000 29793.7 -0.0544335 5000.09 0.999584
166500000 29793.7 -0.10564 5000.1 0.99958
166600000 29793.7 -0.102131 5000.09 0.99961
166700000 29793.7 -0.104444 5000.1 0.999561
166800000 29793.7 1.32287 4999.86 0.999829
166900000 29793.7 -0.0458496 5000.09 0.999564
167000000 29793.7 0.0352566 5000.07 0.999602
167100000 29793.7 -0.0437178 5000.08 0.999564
167200000 29793.7 -0.0823514 5000.09 0.999563
167300000 29793.7 -0.172832 5000.11 0.999558
167400000 29793.7 -0.0566816 5000.09 0.999563
167500000 29793.7 -0.0994179 5000.09 0.99956
167600000 29793.7 -0.161098 5000.1 0.99959
167700000 29793.7 -0.117027 5000.1 0.999585
167800000 29793.7 1.87739 4999.76 0.999905
167900000 29793.7 0.0461239 5000.07 0.999636
168000000 29793.7 1.23256 4999.87 0.999767
168100000 29793.7 -0.0405266 5000.08 0.999565
168200000 29793.7 -0.105673 5000.1 0.99956
168300000 29793.7 -0.0534349 5000.09 0.999565
168400000 29793.7 0.0395474 5000.07 0.999648
168500000 29793.7 -0.104417 5000.1 0.999563
168600000 29793.7 -0.0647616 5000.09 0.999562
168700000 29793.7 -0.130413 5000.1 0.999562
168800000 29793.7 0.128596 5000.06 0.999656
168900000 29793.7 -0.130643 5000.1 0.999568
169000000 29793.7 -0.144968 5000.1 0.99956
169100000 29793.7 -0.0959845 5000.09 0.999578
169200000 29793.7 2.72039 4999.62 0.999925
169300000 29793.7 -0.120265 5000.1 0.999574
169400000 29793.7 -0.165975 5000.11 0.999565
169500000 29793.7 -0.189206 5000.11 0.999563
169600000 29793.7 -0.208646 5000.11 0.99958
169700000 29793.7 -0.10843 5000.1 0.999563
169800000 29793.7 -0.192085 5000.11 0.999563
169900000 29793.7 -0.0528098 5000.09 0.999563
170000000 29793.7 -0.0822297 5000.09 0.999562
170100000 29793.7 -0.179309 5000.11 0.999564
170200000 29793.7 2.30161 4999.69 0.999914
170300000 29793.7 0.393657 5000.01 0.999682
170400000 29793.7 -0.235325 5000.12 0.999566
170500000 29793.7 -0.0808132 5000.09 0.999561
170600000 29793.7 -0.186822 5000.11 0.999564
170700000 29793.7 -0.0910416 5000.09 0.999611
170800000 29793.7 -0.130948 5000.1 0.999567
170900000 29793.7 -0.0517419 5000.09 0.999607
171000000 29793.7 -0.1941 5000.11 0.999571
171100000 29793.7 -0.180485 5000.11 0.999556
171200000 29793.7 -0.241143 5000.12 0.999566
171300000 29793.7 -0.083606 5000.09 0.999623
171400000 29793.7 0.383049 5000.01 0.999684
171500000 29793.7 1.73701 4999.79 0.999839
171600000 29793.7 -0.0330986 5000.08 0.999565
171700000 29793.7 1.92052 4999.76 0.999847
171800000 29793.7 -0.0688164 5000.09 0.999593
171900000 29793.7 -0.061966 5000.09 0.999563
172000000 29793.7 1.28407 4999.86 0.999842
172100000 29793.7 0.639531 4999.97 0.999698
172200000 29793.7 -0.00372628 5000.08 0.999568
172300000 29793.7 0.202948 5000.04 0.99966
172400000 29793.7 -0.109933 5000.1 0.99956
172500000 29793.7 -0.0994003 5000.09 0.999569
172600000 29793.7 0.0237141 5000.07 0.999596
172700000 29793.7 -0.233274 5000.12 0.999565
172800000 29793.7 -0.18499 5000.11 0.999567
172900000 29793.7 -0.0643644 5000.09 0.999562
173000000 29793.7 -0.0471416 5000.09 0.999581
173100000 29793.7 0.37394 5000.01 0.999662
173200000 29793.7 2.94428 4999.58 0.999951
173300000 29793.7 -0.238812 5000.12 0.999565
173400000 29793.7 3.87771 4999.43 1.00005
173500000 29793.7 -0.246877 5000.12 0.999573
173600000 29793.7 -0.23118 5000.12 0.999563
173700000 29793.7 0.463947 5000 0.999719
173800000 29793.7 0.317559 5000.02 0.999672
173900000 29793.7 -0.252202 5000.12 0.99957
174000000 29793.7 -0.187926 5000.11 0.999571
174100000 29793.7 -0.0787949 5000.09 0.999595
174200000 29793.7 -0.105108 5000.1 0.999575
174300000 29793.7 -0.0976231 5000.09 0.999566
174400000 29793.7 -0.0512929 5000.09 0.99961
174500000 29793.7 -0.0924671 5000.09 0.999571
174600000 29793.7 0.0530306 5000.07 0.999633
174700000 29793.7 -0.172981 5000.11 0.999577
174800000 29793.7 2.54262 4999.65 0.999913
174900000 29793.7 0.0312582 5000.07 0.999604
175000000 29793.7 2.23007 4999.7 0.999874
175100000 29793.7 -0.138418 5000.1 0.999565
175200000 29793.7 0.770907 4999.95 0.999744
175300000 29793.7 -0.247656 5000.12 0.999556
175400000 29793.7 -0.117803 5000.1 0.999578
175500000 29793.7 -0.164282 5000.11 0.999561
175600000 29793.7 -0.0826574 5000.09 0.999562
175700000 29793.7 -0.139095 5000.1 0.999575
175800000 29793.7 -0.0868004 5000.09 0.999569
175900000 29793.7 -0.154902 5000.1 0.999566
176000000 29793.7 -0.127064 5000.1 0.999577
176100000 29793.7 -0.156615 5000.1 0.999569
176200000 29793.7 0.837529 4999.94 0.999726
176300000 29793.7 -0.0763338 5000.09 0.999563
176400000 29793.7 -0.0606772 5000.09 0.999564
176500000 29793.7 1.70446 4999.79 0.999819
176600000 29793.7 -0.190115 5000.11 0.999562
176700000 29793.7 0.0316634 5000.07 0.999646
176800000 29793.7 -0.0291129 5000.08 0.999565
176900000 29793.7 -0.125392 5000.1 0.999559
177000000 29793.7 2.21046 4999.71 0.999889
177100000 29793.7 0.0577708 5000.07 0.999636
177200000 29793.7 -0.0329999 5000.08 0.999565
177300000 29793.7 1.88787 4999.76 0.999925
177400000 29793.7 0.0962911 5000.06 0.999634
177500000 29793.7 1.27029 4999.86 0.999779
177600000 29793.7 -0.0936857 5000.09 0.99958
177700000 29793.7 -0.0171116 5000.08 0.999567
177800000 29793.7 -0.0963221 5000.09 0.999562
177900000 29793.7 -0.114243 5000.1 0.99957
178000000 29793.7 -0.0852796 5000.09 0.999585
178100000 29793.7 0.766509 4999.95 0.999759
178200000 29793.7 0.12913 5000.06 0.999704
178300000 29793.7 -0.0308328 5000.08 0.999565
178400000 29793.7 -0.279049 5000.12 0.999554
178500000 29793.7 -0.185157 5000.11 0.99957
178600000 29793.7 4.23126 4999.37 1.00011
178700000 29793.7 -0.133029 5000.1 0.999562
178800000 29793.7 -0.0814169 5000.09 0.999562
178900000 29793.7 -0.0817933 5000.09 0.999607
179000000 29793.7 -0.114911 5000.1 0.9996
179100000 29793.7 -0.0698376 5000.09 0.999563
179200000 29793.7 5.78689 4999.11 1.00023
179300000 29793.7 -0.0804955 5000.09 0.999561
179400000 29793.7 1.50611 4999.82 0.999819
179500000 29793.7 -0.125314 5000.1 0.999574
179600000 29793.7 -0.144015 5000.1 0.99957
179700000 29793.7 -0.214286 5000.11 0.999581
179800000 29793.7 0.279546 5000.03 0.999652
179900000 29793.7 2.76921 4999.61 1.00006
180000000 29793.7 -0.0399799 5000.08 0.999564
180100000 29793.7 -0.0910296 5000.09 0.999564
180200000 29793.7 -0.11991 5000.1 0.999575
180300000 29793.7 -0.153432 5000.1 0.999563
180400000 29793.7 -0.0292847 5000.08 0.999565
180500000 29793.7 -0.0893709 5000.09 0.999565
180600000 29793.7 1.27086 4999.86 0.999772
180700000 29793.7 0.0330958 5000.07 0.999612
180800000 29793.7 -0.126552 5000.1 0.99958
180900000 29793.7 0.614534 4999.97 0.999701
181000000 29793.7 -0.0698214 5000.09 0.999562
181100000 29793.7 3.18074 4999.54 1.00002
181200000 29793.7 0.466369 5000 0.999668
181300000 29793.7 -0.129853 5000.1 0.999597
181400000 29793.7 -0.100541 5000.09 0.999563
181500000 29793.7 -0.0769014 5000.09 0.999562
181600000 29793.7 -0.146069 5000.1 0.999582
181700000 29793.7 -0.0527717 5000.09 0.999563
181800000 29793.7 0.275745 5000.03 0.999649
181900000 29793.7 -0.132846 5000.1 0.999575
182000000 29793.7 -0.101086 5000.09 0.999566
182100000 29793.7 -0.128433 5000.1 0.999574
182200000 29793.7 -0.0208975 5000.08 0.999587
182300000 29793.7 -0.158836 5000.1 0.999592
182400000 29793.7 -0.0185615 5000.08 0.999566
182500000 29793.7 -0.286043 5000.13 0.999585
182600000 29793.7 -0.0994762 5000.09 0.999561
182700000 29793.7 -0.0852448 5000.09 0.999565
182800000 29793.7 -0.0750623 5000.09 0.999568
182900000 29793.7 1.87317 4999.76 0.999859
183000000 29793.7 0.0875833 5000.06 0.999626
183100000 29793.7 -0.067377 5000.09 0.999567
183200000 29793.7 0.136097 5000.05 0.999634
183300000 29793.7 1.15057 4999.88 0.99976
183400000 29793.7 -0.156619 5000.1 0.999582
183500000 29793.7 -0.015536 5000.08 0.999567
183600000 29793.7 -0.18869 5000.11 0.999561
183700000 29793.7 0.632295 4999.97 0.999705
183800000 29793.7 -0.0946248 5000.09 0.99956
183900000 29793.7 -0.15356 5000.1 0.999612
184000000 29793.7 -0.0758971 5000.09 0.999593
184100000 29793.7 -0.102635 5000.09 0.999587
184200000 29793.7 -0.079118 5000.09 0.999574
184300000 29793.7 -0.069378 5000.09 0.999563
184400000 29793.7 -0.158597 5000.1 0.999572
184500000 29793.7 -0.0568623 5000.09 0.999579
184600000 29793.7 -0.134963 5000.1 0.999568
184700000 29793.7 -0.08494 5000.09 0.999599
184800000 29793.7 -0.088085 5000.09 0.999566
184900000 29793.7 0.30951 5000.03 0.999684
185000000 29793.7 -0.0819882 5000.09 0.999564
185100000 29793.7 0.0466986 5000.07 0.999653
185200000 29793.7 3.21762 4999.54 1.00005
185300000 29793.7 0.795743 4999.94 0.999719
185400000 29793.7 -0.13982 5000.1 0.999561
185500000 29793.7 -0.123097 5000.1 0.999558
185600000 29793.7 0.384686 5000.01 0.999669
185700000 29793.7 -0.187671 5000.11 0.999569
185800000 29793.7 -0.259742 5000.12 0.999562
185900000 29793.7 0.0113144 5000.08 0.999613
186000000 29793.7 -0.0933333 5000.09 0.99959
186100000 29793.7 1.85691 4999.77 0.999877
186200000 29793.7 -0.0505107 5000.09 0.999564
186300000 29793.7 -0.154631 5000.1 0.999571
186400000 29793.7 0.122604 5000.06 0.999618
186500000 29793.7 -0.105446 5000.1 0.999572
186600000 29793.7 0.813327 4999.94 0.999736
186700000 29793.7 -0.17579 5000.11 0.999565
186800000 29793.7 -0.0865181 5000.09 0.999562
186900000 29793.7 0.217611 5000.04 0.999631
187000000 29793.7 -0.0558712 5000.09 0.999562
187100000 29793.7 -0.0845619 5000.09 0.999588
187200000 29793.7 -0.130705 5000.1 0.99958
187300000 29793.7 0.32786 5000.02 0.99969
187400000 29793.7 -0.149655 5000.1 0.999581
187500000 29793.7 -0.0403792 5000.08 0.999565
187600000 29793.7 2.93364 4999.59 0.999991
187700000 29793.7 3.08752 4999.56 0.999993
187800000 29793.7 -0.0545088 5000.09 0.999601
187900000 29793.7 -0.267401 5000.12 0.99956
188000000 29793.7 0.093669 5000.06 0.999658
188100000 29793.7 0.171492 5000.05 0.999646
188200000 29793.7 3.64414 4999.47 1.00006
188300000 29793.7 -0.0797044 5000.09 0.999593
188400000 29793.7 0.655642 4999.97 0.999704
188500000 29793.7 -0.166814 5000.11 0.999577
188600000 29793.7 -0.258136 5000.12 0.999561
188700000 29793.7 -0.100834 5000.09 0.99956
188800000 29793.7 -0.0717401 5000.09 0.999591
188900000 29793.7 -0.176868 5000.11 0.999561
189000000 29793.7 0.241331 5000.04 0.999675
189100000 29793.7 1.82618 4999.77 0.99988
189200000 29793.7 -0.070429 5000.09 0.999566
189300000 29793.7 -0.175267 5000.11 0.999561
189400000 29793.7 -0.168967 5000.11 0.999583
189500000 29793.7 -0.0753612 5000.09 0.999588
189600000 29793.7 -0.123108 5000.1 0.999572
189700000 29793.7 -0.0803223 5000.09 0.999571
189800000 29793.7 1.64951 4999.8 0.99986
189900000 29793.7 -0.223457 5000.11 0.999563
190000000 29793.7 1.12542 4999.89 0.999752
190100000 29793.7 -0.0883523 5000.09 0.999561
190200000 29793.7 0.964554 4999.92 0.999733
190300000 29793.7 -0.0824744 5000.09 0.99956
190400000 29793.7 0.219367 5000.04 0.999646
190500000 29793.7 0.212405 5000.04 0.999656
190600000 29793.7 -0.036444 5000.08 0.999565
190700000 29793.7 -0.18333 5000.11 0.999576
190800000 29793.7 -0.082993 5000.09 0.99956
190900000 29793.7 -0.144793 5000.1 0.999581
191000000 29793.7 -0.0671533 5000.09 0.999567
191100000 29793.7 -0.179043 5000.11 0.999592
191200000 29793.7 -0.0592853 5000.09 0.999563
191300000 29793.7 -0.108945 5000.1 0.999562
191400000 29793.7 0.259812 5000.03 0.999673
191500000 29793.7 -0.110691 5000.1 0.999568
191600000 29793.7 -0.253553 5000.12 0.999572
191700000 29793.7 1.19757 4999.88 0.999815
191800000 29793.7 0.755417 4999.95 0.999723
191900000 29793.7 -0.145538 5000.1 0.999561
192000000 29793.7 -0.082652 5000.09 0.999579
192100000 29793.7 0.453549 5000 0.9997
192200000 29793.7 -0.110481 5000.1 0.999561
192300000 29793.7 -0.138814 5000.1 0.999575
192400000 29793.7 0.348219 5000.02 0.999656
192500000 29793.7 -0.0440454 5000.08 0.999592
192600000 29793.7 1.49498 4999.83 0.99985
192700000 29793.7 -0.125394 5000.1 0.999559
192800000 29793.7 -0.13267 5000.1 0.999572
192900000 29793.7 -0.0154756 5000.08 0.999599
193000000 29793.7 -0.127233 5000.1 0.999582
193100000 29793.7 -0.0396228 5000.08 0.999584
193200000 29793.7 -0.174187 5000.11 0.999561
193300000 29793.7 -0.113026 5000.1 0.99956
193400000 29793.7 0.0491291 5000.07 0.999601
193500000 29793.7 0.411908 5000.01 0.999669
193600000 29793.7 -0.247909 5000.12 0.999565
193700000 29793.7 -0.0782826 5000.09 0.999564
193800000 29793.7 -0.159667 5000.1 0.999566
193900000 29793.7 0.167228 5000.05 0.999631
194000000 29793.7 -0.156206 5000.1 0.999562
194100000 29793.7 -0.14246 5000.1 0.999579
194200000 29793.7 0.893852 4999.93 0.99978
194300000 29793.7 -0.242016 5000.12 0.99956
194400000 29793.7 -0.0743021 5000.09 0.999582
194500000 29793.7 0.102722 5000.06 0.999645
194600000 29793.7 -0.142443 5000.1 0.999589
194700000 29793.7 0.120241 5000.06 0.999673
194800000 29793.7 -0.0279519 5000.08 0.999566
194900000 29793.7 0.17058 5000.05 0.999636
195000000 29793.7 -0.079543 5000.09 0.999564
195100000 29793.7 -0.0338757 5000.08 0.999565
195200000 29793.7 -0.154046 5000.1 0.999566
195300000 29793.7 -0.11759 5000.1 0.999563
195400000 29793.7 -0.116102 5000.1 0.999565
195500000 29793.7 0.737987 4999.95 0.999712
195600000 29793.7 -0.0876318 5000.09 0.999564
195700000 29793.7 -0.165298 5000.11 0.999567
195800000 29793.7 -0.0444516 5000.08 0.999665
195900000 29793.7 -0.0801607 5000.09 0.999561
196000000 29793.7 -0.185946 5000.11 0.999565
196100000 29793.7 -0.0884764 5000.09 0.99957
196200000 29793.7 -0.0295689 5000.08 0.999565
196300000 29793.7 0.799164 4999.94 0.999723
196400000 29793.7 -0.232865 5000.12 0.999587
196500000 29793.7 -0.0676761 5000.09 0.999563
196600000 29793.7 0.37625 5000.01 0.999687
196700000 29793.7 -0.0561935 5000.09 0.999614
196800000 29793.7 -0.221173 5000.11 0.999559
196900000 29793.7 -0.0614232 5000.09 0.999563
197000000 29793.7 -0.140225 5000.1 0.999567
197100000 29793.7 -0.28629 5000.13 0.999566
197200000 29793.7 0.865602 4999.93 0.999761
197300000 29793.7 1.27678 4999.86 0.999773
197400000 29793.7 -0.125319 5000.1 0.999562
197500000 29793.7 0.238522 5000.04 0.999667
197600000 29793.7 0.106476 5000.06 0.999623
197700000 29793.7 -0.0417938 5000.08 0.999564
197800000 29793.7 0.723424 4999.96 0.99973
197900000 29793.7 -0.0907168 5000.09 0.999563
198000000 29793.7 0.219986 5000.04 0.999634
198100000 29793.7 -0.0662943 5000.09 0.999561
198200000 29793.7 -0.156283 5000.1 0.999578
198300000 29793.7 -0.0438598 5000.08 0.999612
198400000 29793.7 -0.0351158 5000.08 0.999565
198500000 29793.7 -0.237037 5000.12 0.999575
198600000 29793.7 -0.0529536 5000.09 0.999577
198700000 29793.7 -0.222699 5000.11 0.999566
198800000 29793.7 0.214382 5000.04 0.999634
198900000 29793.7 -0.107393 5000.1 0.999559
199000000 29793.7 -0.0695556 5000.09 0.999564
199100000 29793.7 0.560792 4999.98 0.999701
199200000 29793.7 -0.0324791 5000.08 0.999565
199300000 29793.7 -0.09192 5000.09 0.999561
199400000 29793.7 -0.0123572 5000.08 0.999596
199500000 29793.7 -0.104078 5000.09 0.999565
199600000 29793.7 -0.037469 5000.08 0.999564
199700000 29793.7 -0.1145 5000.1 0.999582
199800000 29793.7 -0.131469 5000.1 0.99961
199900000 29793.7 -0.176464 5000.11 0.999559
200000000 29793.7 -0.114589 5000.1 0.999562
200100000 29793.7 0.743644 4999.95 0.999751
200200000 29793.7 -0.223916 5000.12 0.999574
200300000 29793.7 -0.218363 5000.11 0.999559
200400000 29793.7 -0.0581499 5000.09 0.999563
200500000 29793.7 -0.108977 5000.1 0.999563
200600000 29793.7 -0.155836 5000.1 0.999575
200700000 29793.7 -0.100605 5000.09 0.999605
200800000 29793.7 -0.117831 5000.1 0.99956
200900000 29793.7 -0.0897724 5000.09 0.999561
201000000 29793.7 -0.153774 5000.1 0.99957
201100000 29793.7 0.374296 5000.01 0.999664
201200000 29793.7 0.188865 5000.05 0.999669
201300000 29793.7 0.189714 5000.05 0.999663
201400000 29793.7 0.17344 5000.05 0.999632
201500000 29793.7 -0.092777 5000.09 0.999563
201600000 29793.7 -0.131679 5000.1 0.999563
201700000 29793.7 -0.116494 5000.1 0.999564
201800000 29793.7 0.789984 4999.94 0.99971
201900000 29793.7 0.057142 5000.07 0.999611
202000000 29793.7 -0.0693603 5000.09 0.999564
202100000 29793.7 -0.0820737 5000.09 0.999604
202200000 29793.7 0.985583 4999.91 0.99974
202300000 29793.7 -0.217566 5000.11 0.999556
202400000 29793.7 -0.0467856 5000.09 0.999564
202500000 29793.7 0.660678 4999.97 0.999709
202600000 29793.7 0.32927 5000.02 0.999663
202700000 29793.7 -0.0410258 5000.08 0.999564
202800000 29793.7 -0.00893634 5000.08 0.999605
202900000 29793.7 -0.068814 5000.09 0.999564
203000000 29793.7 -0.0925144 5000.09 0.999564
203100000 29793.7 0.481445 5000 0.999683
203200000 29793.7 -0.206831 5000.11 0.999566
203300000 29793.7 0.718589 4999.96 0.999702
203400000 29793.7 0.162659 5000.05 0.999651
203500000 29793.7 0.509242 4999.99 0.999676
203600000 29793.7 -0.153849 5000.1 0.999557
203700000 29793.7 -0.0931324 5000.09 0.999564
203800000 29793.7 -0.161508 5000.1 0.999575
203900000 29793.7 -0.0484415 5000.09 0.999566
204000000 29793.7 -0.0529144 5000.09 0.999565
204100000 29793.7 -0.0885899 5000.09 0.99956
204200000 29793.7 -0.130345 5000.1 0.999559
204300000 29793.7 -0.304364 5000.13 0.999591
204400000 29793.7 -0.0241612 5000.08 0.999565
204500000 29793.7 0.37269 5000.01 0.999673
204600000 29793.7 1.03632 4999.9 0.999758
204700000 29793.7 -0.150124 5000.1 0.999559
204800000 29793.7 2.35828 4999.68 0.999891
204900000 29793.7 0.131638 5000.06 0.999621
205000000 29793.7 0.506571 4999.99 0.999673
205100000 29793.7 -0.0532178 5000.09 0.999563
205200000 29793.7 -0.100385 5000.09 0.999564
205300000 29793.7 -0.118993 5000.1 0.999561
205400000 29793.7 -0.120132 5000.1 0.999572
205500000 29793.7 -0.111843 5000.1 0.999574
205600000 29793.7 -0.0736833 5000.09 0.999575
205700000 29793.7 0.359265 5000.02 0.999679
205800000 29793.7 -0.241417 5000.12 0.999576
205900000 29793.7 -0.164047 5000.1 0.999573
206000000 29793.7 -0.0905975 5000.09 0.999573
206100000 29793.7 0.14258 5000.05 0.999633
206200000 29793.7 -0.0548221 5000.09 0.999563
206300000 29793.7 -0.0817346 5000.09 0.999564
206400000 29793.7 -0.0976295 5000.09 0.999561
206500000 29793.7 0.0413723 5000.07 0.999622
206600000 29793.7 0.0493546 5000.07 0.999601
206700000 29793.7 -0.16756 5000.11 0.99957
206800000 29793.7 -0.252439 5000.12 0.999554
206900000 29793.7 0.20492 5000.04 0.999653
207000000 29793.7 -0.106015 5000.1 0.999562
207100000 29793.7 -0.0966108 5000.09 0.999567
207200000 29793.7 -0.148121 5000.1 0.99957
207300000 29793.7 -0.122795 5000.1 0.999569
207400000 29793.7 -0.0961668 5000.09 0.999571
207500000 29793.7 0.0750303 5000.06 0.999605
207600000 29793.7 -0.0595693 5000.09 0.999573
207700000 29793.7 -0.121971 5000.1 0.999563
207800000 29793.7 -0.0841333 5000.09 0.999563
207900000 29793.7 3.0411 4999.57 0.999962
208000000 29793.7 -0.0825446 5000.09 0.999579
208100000 29793.7 -0.0188373 5000.08 0.999587
208200000 29793.7 -0.101267 5000.09 0.999564
208300000 29793.7 -0.0257105 5000.08 0.999565
208400000 29793.7 -0.0602967 5000.09 0.999565
208500000 29793.7 -0.118585 5000.1 0.999567
208600000 29793.7 -0.143338 5000.1 0.999572
208700000 29793.7 -0.0844287 5000.09 0.999562
208800000 29793.7 0.743922 4999.95 0.999728
208900000 29793.7 -0.0351802 5000.08 0.999564
209000000 29793.7 -0.207842 5000.11 0.999565
209100000 29793.7 -0.0431579 5000.08 0.999564
209200000 29793.7 -0.1514 5000.1 0.999588
209300000 29793.7 -0.0660473 5000.09 0.999579
209400000 29793.7 -0.0899014 5000.09 0.999575
209500000 29793.7 0.0872246 5000.06 0.999613
209600000 29793.7 -0.0871751 5000.09 0.999562
209700000 29793.7 -0.112117 5000.1 0.999583
209800000 29793.7 -0.115576 5000.1 0.999564
209900000 29793.7 -0.0230623 5000.08 0.999566
210000000 29793.7 -0.198872 5000.11 0.999628
210100000 29793.7 -0.151332 5000.1 0.999566
210200000 29793.7 -0.0480905 5000.09 0.999563
210300000 29793.7 0.215539 5000.04 0.999651
210400000 29793.7 0.103917 5000.06 0.999617
210500000 29793.7 -0.180063 5000.11 0.999562
210600000 29793.7 -0.103464 5000.09 0.999587
210700000 29793.7 -0.0445212 5000.08 0.999594
210800000 29793.7 -0.121462 5000.1 0.999561
210900000 29793.7 -0.083731 5000.09 0.999575
211000000 29793.7 -0.0386408 5000.08 0.999565
211100000 29793.7 -0.11896 5000.1 0.999561
211200000 29793.7 -0.0973122 5000.09 0.999562
211300000 29793.7 0.135463 5000.05 0.999635
211400000 29793.7 -0.0790448 5000.09 0.999562
211500000 29793.7 1.98968 4999.74 0.999899
211600000 29793.7 0.195041 5000.04 0.999647
211700000 29793.7 0.294589 5000.03 0.999684
211800000 29793.7 -0.174976 5000.11 0.999582
211900000 29793.7 -0.0726105 5000.09 0.999564
212000000 29793.7 0.138549 5000.05 0.999626
212100000 29793.7 2.02422 4999.74 0.999853
212200000 29793.7 2.12904 4999.72 0.999879
212300000 29793.7 -0.0975968 5000.09 0.999566
212400000 29793.7 -0.179391 5000.11 0.999599
212500000 29793.7 1.55476 4999.82 0.999823
212600000 29793.7 -0.0773246 5000.09 0.999562
212700000 29793.7 0.0605111 5000.07 0.999638
212800000 29793.7 2.90243 4999.59 0.999944
212900000 29793.7 -0.0864584 5000.09 0.999561
213000000 29793.7 -0.10697 5000.1 0.999582
213100000 29793.7 -0.103502 5000.09 0.999563
213200000 29793.7 -0.0324608 5000.08 0.999565
213300000 29793.7 -0.125165 5000.1 0.99956
213400000 29793.7 -0.127535 5000.1 0.999566
213500000 29793.7 -0.261984 5000.12 0.999579
213600000 29793.7 -0.147967 5000.1 0.999625
213700000 29793.7 0.281729 5000.03 0.999643
213800000 29793.7 -0.041788 5000.08 0.999564
213900000 29793.7 2.2004 4999.71 0.999879
214000000 29793.7 -0.099295 5000.09 0.999579
214100000 29793.7 -0.139024 5000.1 0.999575
214200000 29793.7 1.02925 4999.9 0.999765
214300000 29793.7 0.0177324 5000.07 0.99962
214400000 29793.7 -0.046739 5000.09 0.999593
214500000 29793.7 -0.119674 5000.1 0.999563
214600000 29793.7 -0.144115 5000.1 0.999562
214700000 29793.7 0.138682 5000.05 0.999638
214800000 29793.7 1.60518 4999.81 0.999814
214900000 29793.7 -0.0536939 5000.09 0.999564
215000000 29793.7 -0.0753468 5000.09 0.999589
215100000 29793.7 -0.274894 5000.12 0.999561
215200000 29793.7 -0.123879 5000.1 0.999575
215300000 29793.7 -0.0964665 5000.09 0.999569
215400000 29793.7 -0.0352828 5000.08 0.999564
215500000 29793.7 -0.243313 5000.12 0.99959
215600000 29793.7 -0.115973 5000.1 0.999561
215700000 29793.7 -0.0384695 5000.08 0.999564
215800000 29793.7 -0.100459 5000.09 0.999564
215900000 29793.7 -0.268085 5000.12 0.999565
216000000 29793.7 -0.0865112 5000.09 0.999568
216100000 29793.7 -0.22037 5000.11 0.999557
216200000 29793.7 -0.194586 5000.11 0.99956
216300000 29793.7 -0.106078 5000.1 0.99956
216400000 29793.7 -0.103751 5000.09 0.999571
216500000 29793.7 -0.13758 5000.1 0.999568
216600000 29793.7 -0.0271949 5000.08 0.99962
216700000 29793.7 1.65834 4999.8 0.999825
216800000 29793.7 -0.0573579 5000.09 0.999564
216900000 29793.7 -0.160222 5000.1 0.999557
217000000 29793.7 -0.1435 5000.1 0.999573
217100000 29793.7 -0.0832838 5000.09 0.999564
217200000 29793.7 0.0900306 5000.06 0.999611
217300000 29793.7 -0.155369 5000.1 0.999592
217400000 29793.7 1.35955 4999.85 0.999809
217500000 29793.7 -0.0488048 5000.09 0.999588
217600000 29793.7 0.398301 5000.01 0.999679
217700000 29793.7 0.824453 4999.94 0.999758
217800000 29793.7 0.14515 5000.05 0.999636
217900000 29793.7 -0.0535328 5000.09 0.999601
218000000 29793.7 -0.154791 5000.1 0.99957
218100000 29793.7 -0.128721 5000.1 0.999593
218200000 29793.7 0.0136839 5000.08 0.999616
218300000 29793.7 -0.0281648 5000.08 0.999566
218400000 29793.7 -0.0243528 5000.08 0.999565
218500000 29793.7 -0.0480301 5000.09 0.999564
218600000 29793.7 -0.0749334 5000.09 0.999594
218700000 29793.7 -0.0404539 5000.08 0.999564
218800000 29793.7 -0.0633305 5000.09 0.999566
218900000 29793.7 1.06304 4999.9 0.999744
219000000 29793.7 -0.0520059 5000.09 0.999564
219100000 29793.7 -0.105949 5000.1 0.999569
219200000 29793.7 -0.147039 5000.1 0.999564
219300000 29793.7 -0.207551 5000.11 0.999575
219400000 29793.7 3.75353 4999.45 1.00004
219500000 29793.7 -0.154035 5000.1 0.999586
219600000 29793.7 -0.0721474 5000.09 0.999563
219700000 29793.7 1.4865 4999.83 0.999839
219800000 29793.7 0.552133 4999.98 0.999745
219900000 29793.7 -0.0757 5000.09 0.999591
220000000 29793.7 -0.014216 5000.08 0.999567
220100000 29793.7 -0.123039 5000.1 0.999574
220200000 29793.7 -0.0695748 5000.09 0.999582
220300000 29793.7 -0.0725533 5000.09 0.999563
220400000 29793.7 0.0763111 5000.06 0.999615
220500000 29793.7 -0.0308361 5000.08 0.999565
220600000 29793.7 -0.156994 5000.1 0.999558
220700000 29793.7 -0.0906754 5000.09 0.999562
220800000 29793.7 -0.0789787 5000.09 0.99959
220900000 29793.7 0.397323 5000.01 0.999663
221000000 29793.7 -0.116281 5000.1 0.99957
221100000 29793.7 -0.129043 5000.1 0.999562
221200000 29793.7 -0.106273 5000.1 0.99956
221300000 29793.7 -0.118696 5000.1 0.99956
221400000 29793.7 -0.117476 5000.1 0.999564
221500000 29793.7 -0.135265 5000.1 0.999572
221600000 29793.7 0.556296 4999.98 0.999689
221700000 29793.7 -0.112646 5000.1 0.999592
221800000 29793.7 0.649518 4999.97 0.999732
221900000 29793.7 0.995838 4999.91 0.999777
222000000 29793.7 0.132747 5000.06 0.999684
222100000 29793.7 1.24381 4999.87 0.999785
222200000 29793.7 -0.033229 5000.08 0.999565
222300000 29793.7 -0.0581301 5000.09 0.999577
222400000 29793.7 0.203947 5000.04 0.999653
222500000 29793.7 -0.129753 5000.1 0.999567
222600000 29793.7 -0.00688352 5000.08 0.999568
222700000 29793.7 1.23972 4999.87 0.999771
222800000 29793.7 -0.0138313 5000.08 0.99959
222900000 29793.7 -0.133232 5000.1 0.999569
223000000 29793.7 -0.030886 5000.08 0.999644
223100000 29793.7 -0.190715 5000.11 0.999563
223200000 29793.7 0.124411 5000.06 0.999636
223300000 29793.7 0.0406116 5000.07 0.999599
223400000 29793.7 3.81614 4999.44 1.00003
223500000 29793.7 -0.21425 5000.11 0.999572
223600000 29793.7 -0.0208402 5000.08 0.999566
223700000 29793.7 0.0720063 5000.07 0.99962
223800000 29793.7 3.95992 4999.41 1.00013
223900000 29793.7 -0.0684571 5000.09 0.999563
224000000 29793.7 -0.254023 5000.12 0.999569
224100000 29793.7 -0.138234 5000.1 0.999564
224200000 29793.7 0.760092 4999.95 0.999741
224300000 29793.7 -0.0922638 5000.09 0.999567
224400000 29793.7 -0.0885326 5000.09 0.999573
224500000 29793.7 -0.121391 5000.1 0.999594
224600000 29793.7 -0.0797883 5000.09 0.999561
224700000 29793.7 -0.175289 5000.11 0.999558
224800000 29793.7 1.08102 4999.9 0.999785
224900000 29793.7 -0.0999783 5000.09 0.999579
225000000 29793.7 -0.225819 5000.12 0.999566
225100000 29793.7 -0.166159 5000.11 0.99957
225200000 29793.7 -0.0854092 5000.09 0.999562
225300000 29793.7 -0.0803943 5000.09 0.999562
225400000 29793.7 -0.143596 5000.1 0.99958
225500000 29793.7 0.269576 5000.03 0.999666
225600000 29793.7 1.30773 4999.86 0.99982
225700000 29793.7 0.292557 5000.03 0.999661
225800000 29793.7 -0.0907232 5000.09 0.999568
225900000 29793.7 -0.0860072 5000.09 0.999569
226000000 29793.7 -0.0770883 5000.09 0.999578
226100000 29793.7 -0.0355234 5000.08 0.999565
226200000 29793.7 -0.108162 5000.1 0.999562
226300000 29793.7 -0.157464 5000.1 0.999561
226400000 29793.7 -0.15302 5000.1 0.99956
226500000 29793.7 -0.18031 5000.11 0.999561
226600000 29793.7 0.163249 5000.05 0.999651
226700000 29793.7 3.4121 4999.5 0.999993
226800000 29793.7 -0.164557 5000.11 0.999555
226900000 29793.7 -0.0346161 5000.08 0.999565
227000000 29793.7 -0.23954 5000.12 0.999555
227100000 29793.7 3.06922 4999.56 0.999988
227200000 29793.7 -0.0565548 5000.09 0.99962
227300000 29793.7 2.2631 4999.7 0.999981
227400000 29793.7 -0.211245 5000.11 0.99956
227500000 29793.7 0.255337 5000.03 0.999636
227600000 29793.7 -0.0466652 5000.09 0.999589
227700000 29793.7 -0.249551 5000.12 0.999568
227800000 29793.7 0.132135 5000.06 0.999634
227900000 29793.7 1.81295 4999.77 0.999944
228000000 29793.7 -0.107337 5000.1 0.99958
228100000 29793.7 3.0654 4999.56 0.999964
228200000 29793.7 0.138193 5000.05 0.999639
228300000 29793.7 -0.0321162 5000.08 0.999565
228400000 29793.7 -0.0820608 5000.09 0.999562
228500000 29793.7 -0.14624 5000.1 0.999564
228600000 29793.7 0.10092 5000.06 0.999631
228700000 29793.7 -0.126115 5000.1 0.999599
228800000 29793.7 -0.126264 5000.1 0.999571
228900000 29793.7 -0.125045 5000.1 0.999566
229000000 29793.7 0.0526985 5000.07 0.999618
229100000 29793.7 -0.135488 5000.1 0.999563
229200000 29793.7 1.36039 4999.85 0.999845
229300000 29793.7 0.129424 5000.06 0.999626
229400000 29793.7 0.237641 5000.04 0.999656
229500000 29793.7 -0.0856261 5000.09 0.999589
229600000 29793.7 0.0439836 5000.07 0.999601
229700000 29793.7 -0.139204 5000.1 0.999587
229800000 29793.7 -0.0412934 5000.08 0.999565
229900000 29793.7 -0.060118 5000.09 0.999567
230000000 29793.7 -0.207797 5000.11 0.999576
230100000 29793.7 -0.250999 5000.12 0.999566
230200000 29793.7 0.302981 5000.03 0.99965
230300000 29793.7 -0.247798 5000.12 0.999563
230400000 29793.7 -0.226566 5000.12 0.999574
230500000 29793.7 -0.133595 5000.1 0.999564
230600000 29793.7 -0.103172 5000.09 0.999611
230700000 29793.7 -0.1226 5000.1 0.999559
230800000 29793.7 -0.125478 5000.1 0.999572
230900000 29793.7 0.0364401 5000.07 0.999649
231000000 29793.7 -0.137927 5000.1 0.999559
231100000 29793.7 -0.0560075 5000.09 0.999564
231200000 29793.7 -0.157202 5000.1 0.999561
231300000 29793.7 -0.0999232 5000.09 0.99956
231400000 29793.7 -0.0767134 5000.09 0.999561
231500000 29793.7 -0.269814 5000.12 0.99957
231600000 29793.7 -0.075362 5000.09 0.999573
231700000 29793.7 -0.136176 5000.1 0.99956
231800000 29793.7 1.48371 4999.83 0.999806
231900000 29793.7 -0.0192182 5000.08 0.999566
232000000 29793.7 -0.0312738 5000.08 0.999631
232100000 29793.7 -0.216118 5000.11 0.999561
232200000 29793.7 0.0383691 5000.07 0.999604
232300000 29793.7 0.511032 4999.99 0.999682
232400000 29793.7 -0.00798618 5000.08 0.999567
232500000 29793.7 1.60627 4999.81 0.999854
232600000 29793.7 -0.0930595 5000.09 0.999579
232700000 29793.7 -0.202015 5000.11 0.999565
232800000 29793.7 -0.0412472 5000.08 0.999564
232900000 29793.7 -0.073844 5000.09 0.999582
233000000 29793.7 -0.047676 5000.09 0.999564
233100000 29793.7 4.97093 4999.24 1.00014
233200000 29793.7 -0.107208 5000.1 0.999571
233300000 29793.7 1.06125 4999.9 0.999796
233400000 29793.7 0.0502373 5000.07 0.99961
233500000 29793.7 0.266071 5000.03 0.999687
233600000 29793.7 -0.0589898 5000.09 0.999566
233700000 29793.7 -0.0463238 5000.09 0.999591
233800000 29793.7 -0.143607 5000.1 0.999571
233900000 29793.7 -0.268173 5000.12 0.999567
234000000 29793.7 -0.128778 5000.1 0.999565
234100000 29793.7 2.45366 4999.67 0.999953
234200000 29793.7 0.0201904 5000.07 0.99963
234300000 29793.7 -0.0389336 5000.08 0.999565
234400000 29793.7 0.826857 4999.94 0.999717
234500000 29793.7 -0.0522309 5000.09 0.999563
234600000 29793.7 -0.0606472 5000.09 0.999574
234700000 29793.7 -0.0940743 5000.09 0.999568
234800000 29793.7 -0.196557 5000.11 0.99956
234900000 29793.7 -0.1437 5000.1 0.99959
235000000 29793.7 -0.0734829 5000.09 0.999563
235100000 29793.7 -0.0393353 5000.08 0.999564
235200000 29793.7 1.67137 4999.8 0.999833
235300000 29793.7 -0.0345256 5000.08 0.999565
235400000 29793.7 -0.115827 5000.1 0.999562
235500000 29793.7 -0.117728 5000.1 0.999607
235600000 29793.7 -0.0453843 5000.09 0.999564
235700000 29793.7 -0.116708 5000.1 0.999572
235800000 29793.7 0.028911 5000.07 0.999609
235900000 29793.7 -0.175461 5000.11 0.999555
236000000 29793.7 -0.172276 5000.11 0.999569
236100000 29793.7 -0.16431 5000.11 0.999567
236200000 29793.7 -0.03179 5000.08 0.999636
236300000 29793.7 1.4175 4999.84 0.999805
236400000 29793.7 -0.132041 5000.1 0.999566
236500000 29793.7 -0.164084 5000.11 0.999565
236600000 29793.7 -0.179671 5000.11 0.999591
236700000 29793.7 -0.0545141 5000.09 0.999563
236800000 29793.7 0.340097 5000.02 0.999654
236900000 29793.7 -0.0613304 5000.09 0.999577
237000000 29793.7 -0.0891959 5000.09 0.999564
237100000 29793.7 0.914378 4999.92 0.999727
237200000 29793.7 1.39456 4999.84 0.999785
237300000 29793.7 -0.0983843 5000.09 0.999561
237400000 29793.7 -0.144407 5000.1 0.999568
237500000 29793.7 -0.0669034 5000.09 0.999608
237600000 29793.7 -0.138426 5000.1 0.999576
237700000 29793.7 -0.207411 5000.11 0.999564
237800000 29793.7 -0.0162949 5000.08 0.999566
237900000 29793.7 -0.164235 5000.11 0.999564
238000000 29793.7 -0.0965953 5000.09 0.999602
238100000 29793.7 -0.102998 5000.09 0.99958
238200000 29793.7 2.52387 4999.65 1.00005
238300000 29793.7 -0.126323 5000.1 0.999574
238400000 29793.7 -0.164868 5000.11 0.999564
238500000 29793.7 -0.199972 5000.11 0.999596
238600000 29793.7 0.0488333 5000.07 0.999605
238700000 29793.7 0.514241 4999.99 0.999686
238800000 29793.7 -0.126459 5000.1 0.999563
238900000 29793.7 -0.171514 5000.11 0.999559
239000000 29793.7 1.03368 4999.9 0.999744
239100000 29793.7 -0.0273246 5000.08 0.999565
239200000 29793.7 -0.132076 5000.1 0.999564
239300000 29793.7 1.14868 4999.88 0.999756
239400000 29793.7 -0.0769375 5000.09 0.999564
239500000 29793.7 0.433944 5000 0.999699
239600000 29793.7 0.115494 5000.06 0.999618
239700000 29793.7 -0.219403 5000.11 0.999563
239800000 29793.7 0.52996 4999.99 0.999752
239900000 29793.7 -0.12037 5000.1 0.999567
240000000 29793.7 1.78716 4999.78 0.999876
240100000 29793.7 0.0559105 5000.07 0.999604
240200000 29793.7 -0.0939516 5000.09 0.99956
240300000 29793.7 0.192959 5000.05 0.999663
240400000 29793.7 0.190798 5000.05 0.999661
240500000 29793.7 -0.0778877 5000.09 0.999563
240600000 29793.7 -0.165729 5000.11 0.999581
240700000 29793.7 -0.222846 5000.11 0.999568
240800000 29793.7 0.084893 5000.06 0.999628
240900000 29793.7 -0.136836 5000.1 0.999564
241000000 29793.7 -0.0402494 5000.08 0.999564
241100000 29793.7 -0.26594 5000.12 0.999558
241200000 29793.7 -0.155773 5000.1 0.999569
241300000 29793.7 -0.105743 5000.1 0.999585
241400000 29793.7 -0.0975873 5000.09 0.999576
241500000 29793.7 -0.0687351 5000.09 0.999563
241600000 29793.7 0.512609 4999.99 0.999714
241700000 29793.7 1.33756 4999.85 0.999782
241800000 29793.7 0.669626 4999.97 0.999723
241900000 29793.7 -0.0428411 5000.08 0.999564
242000000 29793.7 -0.0245739 5000.08 0.999566
242100000 29793.7 -0.122776 5000.1 0.999583
242200000 29793.7 -0.0680922 5000.09 0.999562
242300000 29793.7 -0.0298522 5000.08 0.999565
242400000 29793.7 -0.0490289 5000.09 0.999564
242500000 29793.7 0.110767 5000.06 0.999636
242600000 29793.7 -0.222057 5000.11 0.999568
242700000 29793.7 -0.189236 5000.11 0.99957
242800000 29793.7 0.218316 5000.04 0.999673
242900000 29793.7 0.748169 4999.95 0.999782
243000000 29793.7 -0.130929 5000.1 0.999611
243100000 29793.7 -0.0634284 5000.09 0.999568
243200000 29793.7 -0.0375276 5000.08 0.999616
243300000 29793.7 -0.17699 5000.11 0.999574
243400000 29793.7 -0.102524 5000.09 0.999559
243500000 29793.7 -0.116773 5000.1 0.999559
243600000 29793.7 -0.0833767 5000.09 0.99956
243700000 29793.7 -0.0817741 5000.09 0.999563
243800000 29793.7 -0.0887367 5000.09 0.999559
243900000 29793.7 -0.228393 5000.12 0.999561
244000000 29793.7 1.52017 4999.82 0.999858
244100000 29793.7 -0.0475307 5000.09 0.9996
244200000 29793.7 -0.0634054 5000.09 0.999561
244300000 29793.7 -0.17319 5000.11 0.999575
244400000 29793.7 0.200969 5000.04 0.99964
244500000 29793.7 -0.153969 5000.1 0.999566
244600000 29793.7 -0.199745 5000.11 0.999561
244700000 29793.7 -0.132768 5000.1 0.999564
244800000 29793.7 0.170986 5000.05 0.999647
244900000 29793.7 -0.0440635 5000.08 0.999563
245000000 29793.7 -0.289974 5000.13 0.999566
245100000 29793.7 -0.0526702 5000.09 0.999563
245200000 29793.7 -0.064806 5000.09 0.999562
245300000 29793.7 -0.21379 5000.11 0.999581
245400000 29793.7 -0.124465 5000.1 0.999616
245500000 29793.7 -0.100914 5000.09 0.999594
245600000 29793.7 -0.0776119 5000.09 0.999609
245700000 29793.7 0.256491 5000.03 0.999652
245800000 29793.7 -0.133982 5000.1 0.99956
245900000 29793.7 -0.109918 5000.1 0.999568
246000000 29793.7 -0.14909 5000.1 0.999582
246100000 29793.7 0.811398 4999.94 0.999719
246200000 29793.7 -0.130395 5000.1 0.999567
246300000 29793.7 -0.0841411 5000.09 0.999561
246400000 29793.7 0.425075 5000.01 0.999665
246500000 29793.7 -0.0861098 5000.09 0.999563
246600000 29793.7 0.0820244 5000.06 0.999619
246700000 29793.7 -0.0570985 5000.09 0.999563
246800000 29793.7 -0.0748853 5000.09 0.999562
246900000 29793.7 0.867924 4999.93 0.999726
247000000 29793.7 0.347098 5000.02 0.999652
247100000 29793.7 -0.120903 5000.1 0.999565
247200000 29793.7 -0.0825107 5000.09 0.999605
247300000 29793.7 -0.00852649 5000.08 0.999567
247400000 29793.7 0.00467058 5000.08 0.999593
247500000 29793.7 1.3211 4999.86 0.999881
247600000 29793.7 -0.0501357 5000.09 0.999588
247700000 29793.7 0.440182 5000 0.999669
247800000 29793.7 -0.0162847 5000.08 0.999593
247900000 29793.7 -0.133152 5000.1 0.999583
248000000 29793.7 3.03886 4999.57 0.999968
248100000 29793.7 0.195029 5000.04 0.999676
248200000 29793.7 -0.158507 5000.1 0.999572
248300000 29793.7 -0.0628797 5000.09 0.9996
248400000 29793.7 1.34116 4999.85 0.999784
248500000 29793.7 0.258043 5000.03 0.999666
248600000 29793.7 -0.0463446 5000.09 0.999623
248700000 29793.7 -0.123742 5000.1 0.999583
248800000 29793.7 5.75493 4999.11 1.00022
248900000 29793.7 -0.175314 5000.11 0.999578
249000000 29793.7 -0.0672175 5000.09 0.999587
249100000 29793.7 -0.0880932 5000.09 0.999572
249200000 29793.7 1.09938 4999.89 0.999749
249300000 29793.7 -0.11705 5000.1 0.99956
249400000 29793.7 -0.0659048 5000.09 0.999562
249500000 29793.7 0.30884 5000.03 0.999645
249600000 29793.7 -0.139753 5000.1 0.999556
249700000 29793.7 1.83939 4999.77 0.999851
249800000 29793.7 0.021872 5000.07 0.999615
249900000 29793.7 -0.0848234 5000.09 0.999579
250000000 29793.7 -0.0605366 5000.09 0.999567
250100000 29793.7 1.10917 4999.89 0.999758
250200000 29793.7 -0.169693 5000.11 0.999558
250300000 29793.7 -0.0061591 5000.08 0.999568
250400000 29793.7 -0.0455405 5000.09 0.999565
250500000 29793.7 -0.0359982 5000.08 0.999564
250600000 29793.7 -0.109314 5000.1 0.999559
250700000 29793.7 -0.0713989 5000.09 0.999562
250800000 29793.7 -0.116526 5000.1 0.999561
250900000 29793.7 -0.266999 5000.12 0.999558
251000000 29793.7 -0.199834 5000.11 0.999571
251100000 29793.7 -0.12119 5000.1 0.99956
251200000 29793.7 -0.213364 5000.11 0.999581
251300000 29793.7 0.168901 5000.05 0.99964
251400000 29793.7 -0.139599 5000.1 0.999579
251500000 29793.7 -0.434291 5000.15 0.999567
251600000 29793.7 -0.0427837 5000.08 0.999565
251700000 29793.7 -0.127199 5000.1 0.999571
251800000 29793.7 -0.0975751 5000.09 0.999572
251900000 29793.7 2.85049 4999.6 0.999993
252000000 29793.7 -0.142991 5000.1 0.999596
252100000 29793.7 -0.278725 5000.12 0.999559
252200000 29793.7 1.96433 4999.75 0.999927
252300000 29793.7 0.325291 5000.02 0.999661
252400000 29793.7 0.042207 5000.07 0.999629
252500000 29793.7 2.4949 4999.66 0.999934
252600000 29793.7 -0.141589 5000.1 0.999609
252700000 29793.7 -0.0746719 5000.09 0.999568
252800000 29793.7 0.289856 5000.03 0.99965
252900000 29793.7 -0.0925078 5000.09 0.999561
253000000 29793.7 -0.0455655 5000.09 0.999632
253100000 29793.7 0.0001131 5000.08 0.999612
253200000 29793.7 -0.00893498 5000.08 0.999604
253300000 29793.7 -0.262927 5000.12 0.999581
253400000 29793.7 -0.190638 5000.11 0.99957
253500000 29793.7 0.52724 4999.99 0.999682
253600000 29793.7 -0.0821607 5000.09 0.999563
253700000 29793.7 -0.110088 5000.1 0.99958
253800000 29793.7 -0.152718 5000.1 0.999563
253900000 29793.7 -0.212929 5000.11 0.999572
254000000 29793.7 -0.168026 5000.11 0.999565
254100000 29793.7 -0.0922663 5000.09 0.999585
254200000 29793.7 0.143225 5000.05 0.99963
254300000 29793.7 -0.0715638 5000.09 0.999575
254400000 29793.7 1.03986 4999.9 0.99979
254500000 29793.7 -0.0227206 5000.08 0.999566
254600000 29793.7 -0.1986 5000.11 0.999555
254700000 29793.7 -0.0522812 5000.09 0.999563
254800000 29793.7 -0.187163 5000.11 0.999576
254900000 29793.7 -0.0937384 5000.09 0.99956
255000000 29793.7 0.144988 5000.05 0.999678
255100000 29793.7 -0.0996453 5000.09 0.999567
255200000 29793.7 1.38741 4999.84 0.999824
255300000 29793.7 -0.0315693 5000.08 0.999621
255400000 29793.7 -0.0122185 5000.08 0.999567
255500000 29793.7 -0.168254 5000.11 0.999558
255600000 29793.7 -0.0344394 5000.08 0.999594
255700000 29793.7 -0.024828 5000.08 0.999611
255800000 29793.7 0.0471674 5000.07 0.999615
255900000 29793.7 -0.151426 5000.1 0.999574
256000000 29793.7 -0.0352711 5000.08 0.999593
256100000 29793.7 -0.076391 5000.09 0.999561
256200000 29793.7 0.181356 5000.05 0.999648
256300000 29793.7 -0.104822 5000.1 0.999564
256400000 29793.7 0.0827068 5000.06 0.999635
256500000 29793.7 -0.17801 5000.11 0.999568
256600000 29793.7 -0.13862 5000.1 0.999561
256700000 29793.7 -0.0455009 5000.09 0.999565
256800000 29793.7 -0.16566 5000.11 0.999571
256900000 29793.7 -0.0618455 5000.09 0.999562
257000000 29793.7 -0.161547 5000.1 0.999559
257100000 29793.7 -0.0738973 5000.09 0.999583
257200000 29793.7 0.410058 5000.01 0.999684
257300000 29793.7 -0.170912 5000.11 0.999602
257400000 29793.7 -0.12792 5000.1 0.999561
257500000 29793.7 -0.118539 5000.1 0.999569
257600000 29793.7 -0.103117 5000.09 0.99956
257700000 29793.7 0.0940716 5000.06 0.99961
257800000 29793.7 0.347052 5000.02 0.999695
257900000 29793.7 1.20495 4999.88 0.999782
258000000 29793.7 -0.119124 5000.1 0.999558
258100000 29793.7 0.186437 5000.05 0.999629
258200000 29793.7 -0.0637452 5000.09 0.99961
258300000 29793.7 -0.0756829 5000.09 0.999586
258400000 29793.7 -0.211992 5000.11 0.999559
258500000 29793.7 -0.0488057 5000.09 0.999593
258600000 29793.7 0.771229 4999.95 0.999708
258700000 29793.7 0.0691061 5000.07 0.999646
258800000 29793.7 0.149242 5000.05 0.999632
258900000 29793.7 0.368553 5000.02 0.999662
259000000 29793.7 1.00991 4999.91 0.999745
259100000 29793.7 -0.0323991 5000.08 0.999601
259200000 29793.7 -0.0532485 5000.09 0.999637
259300000 29793.7 0.00593539 5000.08 0.999596
259400000 29793.7 -0.0578482 5000.09 0.999563
259500000 29793.7 -0.0201564 5000.08 0.999566
259600000 29793.7 1.38416 4999.85 0.999807
259700000 29793.7 -0.184884 5000.11 0.999574
259800000 29793.7 -0.1838 5000.11 0.999579
259900000 29793.7 -0.0332098 5000.08 0.999614
260000000 29793.7 -0.174284 5000.11 0.999574
260100000 29793.7 -0.0873212 5000.09 0.999562
260200000 29793.7 -0.112461 5000.1 0.999559
260300000 29793.7 3.02274 4999.57 0.999955
260400000 29793.7 -0.113868 5000.1 0.999569
260500000 29793.7 0.752072 4999.95 0.999712
260600000 29793.7 -0.0110264 5000.08 0.999567
260700000 29793.7 -0.0511506 5000.09 0.999582
260800000 29793.7 -0.0470419 5000.09 0.999599
260900000 29793.7 0.482302 5000 0.999675
261000000 29793.7 3.21684 4999.54 1.00002
261100000 29793.7 -0.0857166 5000.09 0.999565
261200000 29793.7 0.0685188 5000.07 0.999607
261300000 29793.7 -0.119213 5000.1 0.999562
261400000 29793.7 -0.117132 5000.1 0.99956
261500000 29793.7 -0.133409 5000.1 0.999562
261600000 29793.7 -0.112209 5000.1 0.99956
261700000 29793.7 1.89961 4999.76 0.999867
261800000 29793.7 0.434604 5000 0.999684
261900000 29793.7 -0.162982 5000.1 0.999564
262000000 29793.7 -0.0694703 5000.09 0.999563
262100000 29793.7 0.0598384 5000.07 0.999622
262200000 29793.7 -0.155492 5000.1 0.999605
262300000 29793.7 -0.108836 5000.1 0.999563
262400000 29793.7 0.450614 5000 0.999673
262500000 29793.7 -0.0588114 5000.09 0.999562
262600000 29793.7 0.145018 5000.05 0.999636
262700000 29793.7 -0.0598903 5000.09 0.999564
262800000 29793.7 0.251885 5000.04 0.999649
262900000 29793.7 -0.0456076 5000.09 0.999564
263000000 29793.7 0.286972 5000.03 0.999689
263100000 29793.7 -0.0546992 5000.09 0.999583
263200000 29793.7 0.492048 4999.99 0.999731
263300000 29793.7 0.0705701 5000.07 0.999652
263400000 29793.7 -0.100564 5000.09 0.999562
263500000 29793.7 -0.0132304 5000.08 0.999567
263600000 29793.7 0.100487 5000.06 0.999616
263700000 29793.7 -0.221631 5000.11 0.999573
263800000 29793.7 -0.169581 5000.11 0.999564
263900000 29793.7 -0.096351 5000.09 0.999573
264000000 29793.7 -0.149777 5000.1 0.99956
264100000 29793.7 -0.0429711 5000.08 0.999564
264200000 29793.7 0.0044217 5000.08 0.99963
264300000 29793.7 -0.00258794 5000.08 0.999592
264400000 29793.7 2.24924 4999.7 0.999878
264500000 29793.7 -0.118575 5000.1 0.999601
264600000 29793.7 -0.138356 5000.1 0.999562
264700000 29793.7 -0.127138 5000.1 0.999586
264800000 29793.7 -0.0188969 5000.08 0.999589
264900000 29793.7 -0.0308058 5000.08 0.999588
265000000 29793.7 -0.0516239 5000.09 0.999564
265100000 29793.7 -0.118161 5000.1 0.999562
265200000 29793.7 -0.0640751 5000.09 0.999602
265300000 29793.7 -0.0800587 5000.09 0.999573
265400000 29793.7 -0.172402 5000.11 0.999598
265500000 29793.7 -0.112001 5000.1 0.999558
265600000 29793.7 0.751105 4999.95 0.999714
265700000 29793.7 0.228434 5000.04 0.999643
265800000 29793.7 -0.0758213 5000.09 0.999561
265900000 29793.7 -0.0296779 5000.08 0.999566
266000000 29793.7 0.0573517 5000.07 0.999611
266100000 29793.7 -0.0617936 5000.09 0.999563
266200000 29793.7 -0.138215 5000.1 0.999558
266300000 29793.7 -0.0726893 5000.09 0.999605
266400000 29793.7 -0.159652 5000.1 0.999559
266500000 29793.7 -0.0929273 5000.09 0.999573
266600000 29793.7 -0.0743869 5000.09 0.999577
266700000 29793.7 -0.273666 5000.12 0.999557
266800000 29793.7 6.50733 4998.99 1.00027
266900000 29793.7 -0.0897203 5000.09 0.999603
267000000 29793.7 -0.0744456 5000.09 0.999561
267100000 29793.7 0.0157137 5000.07 0.999633
267200000 29793.7 -0.102925 5000.09 0.999585
267300000 29793.7 -0.142941 5000.1 0.999594
267400000 29793.7 -0.128119 5000.1 0.999565
267500000 29793.7 0.0364308 5000.07 0.999598
267600000 29793.7 0.32868 5000.02 0.99965
267700000 29793.7 -0.082311 5000.09 0.999574
267800000 29793.7 -0.122665 5000.1 0.999591
267900000 29793.7 -0.135771 5000.1 0.999559
268000000 29793.7 -0.140239 5000.1 0.999596
268100000 29793.7 -0.0947145 5000.09 0.9996
268200000 29793.7 -0.1175 5000.1 0.999582
268300000 29793.7 -0.100246 5000.09 0.999563
268400000 29793.7 -0.191687 5000.11 0.999578
268500000 29793.7 -0.033608 5000.08 0.999565
268600000 29793.7 -0.0760156 5000.09 0.999562
268700000 29793.7 -0.133392 5000.1 0.999559
268800000 29793.7 0.0694479 5000.07 0.99961
268900000 29793.7 -0.0766936 5000.09 0.999562
269000000 29793.7 -0.0648852 5000.09 0.999609
269100000 29793.7 -0.0868289 5000.09 0.999568
269200000 29793.7 0.114449 5000.06 0.999625
269300000 29793.7 -0.0304556 5000.08 0.999565
269400000 29793.7 -0.210014 5000.11 0.999562
269500000 29793.7 -0.0143955 5000.08 0.999604
269600000 29793.7 -0.0577403 5000.09 0.999563
269700000 29793.7 -0.116766 5000.1 0.999561
269800000 29793.7 -0.186458 5000.11 0.999558
269900000 29793.7 -0.0638186 5000.09 0.999586
270000000 29793.7 -0.0549025 5000.09 0.999563
270100000 29793.7 -0.155547 5000.1 0.999567
270200000 29793.7 -0.178068 5000.11 0.999574
270300000 29793.7 0.482298 5000 0.999671
270400000 29793.7 -0.177367 5000.11 0.999559
270500000 29793.7 -0.0373079 5000.08 0.999586
270600000 29793.7 0.682432 4999.96 0.999757
270700000 29793.7 -0.0940206 5000.09 0.99957
270800000 29793.7 -0.126189 5000.1 0.999596
270900000 29793.7 0.870364 4999.93 0.999724
271000000 29793.7 -0.248667 5000.12 0.999551
271100000 29793.7 -0.0623556 5000.09 0.999564
271200000 29793.7 -0.0308034 5000.08 0.999565
271300000 29793.7 -0.139385 5000.1 0.999572
271400000 29793.7 -0.156972 5000.1 0.99957
271500000 29793.7 -0.0568226 5000.09 0.999566
271600000 29793.7 -0.197985 5000.11 0.999557
271700000 29793.7 -0.137391 5000.1 0.999564
271800000 29793.7 -0.2703 5000.12 0.99957
271900000 29793.7 0.815136 4999.94 0.999713
272000000 29793.7 0.829443 4999.94 0.999784
272100000 29793.7 -0.109628 5000.1 0.999563
272200000 29793.7 -0.25672 5000.12 0.999599
272300000 29793.7 -0.0697127 5000.09 0.999565
272400000 29793.7 -0.186395 5000.11 0.999582
272500000 29793.7 -0.0216043 5000.08 0.999566
272600000 29793.7 0.00574164 5000.08 0.999599
272700000 29793.7 -0.00340563 5000.08 0.999568
272800000 29793.7 -0.0844857 5000.09 0.999567
272900000 29793.7 -0.0374976 5000.08 0.999564
273000000 29793.7 0.148687 5000.05 0.999631
273100000 29793.7 -0.0812877 5000.09 0.999565
273200000 29793.7 0.0957579 5000.06 0.999615
273300000 29793.7 -0.0539101 5000.09 0.999607
273400000 29793.7 -0.0243331 5000.08 0.999566
273500000 29793.7 -0.0358457 5000.08 0.999565
273600000 29793.7 -0.197749 5000.11 0.999568
273700000 29793.7 -0.000239427 5000.08 0.999612
273800000 29793.7 0.484099 5000 0.999684
273900000 29793.7 -0.264487 5000.12 0.999561
274000000 29793.7 -0.0985819 5000.09 0.999559
274100000 29793.7 -0.142642 5000.1 0.999563
274200000 29793.7 -0.0484822 5000.09 0.999563
274300000 29793.7 -0.0299827 5000.08 0.999589
274400000 29793.7 0.471327 5000 0.999668
274500000 29793.7 -0.101228 5000.09 0.999559
274600000 29793.7 -0.00992251 5000.08 0.9996
274700000 29793.7 -0.150902 5000.1 0.999592
274800000 29793.7 -0.0925303 5000.09 0.999566
274900000 29793.7 -0.0176685 5000.08 0.999595
275000000 29793.7 -0.0486564 5000.09 0.999605
275100000 29793.7 -0.157202 5000.1 0.999577
275200000 29793.7 -0.140628 5000.1 0.999604
275300000 29793.7 -0.0737908 5000.09 0.999561
275400000 29793.7 -0.0417765 5000.08 0.999565
275500000 29793.7 0.499968 4999.99 0.999687
275600000 29793.7 -0.0696927 5000.09 0.999562
275700000 29793.7 -0.173577 5000.11 0.999578
275800000 29793.7 -0.181723 5000.11 0.999591
275900000 29793.7 0.34333 5000.02 0.999653
276000000 29793.7 -0.0926024 5000.09 0.999583
276100000 29793.7 -0.0215838 5000.08 0.999566
276200000 29793.7 0.180148 5000.05 0.999645
276300000 29793.7 -0.0804653 5000.09 0.999578
276400000 29793.7 0.223485 5000.04 0.999636
276500000 29793.7 1.17093 4999.88 0.999802
276600000 29793.7 -0.0226946 5000.08 0.999566
276700000 29793.7 0.0770445 5000.06 0.999624
276800000 29793.7 -0.0999607 5000.09 0.999605
276900000 29793.7 -0.154535 5000.1 0.999559
277000000 29793.7 -0.258264 5000.12 0.999591
277100000 29793.7 -0.0654057 5000.09 0.999562
277200000 29793.7 -0.0341975 5000.08 0.999582
277300000 29793.7 -0.0975521 5000.09 0.99956
277400000 29793.7 -0.156802 5000.1 0.999559
277500000 29793.7 -0.128279 5000.1 0.999572
277600000 29793.7 -0.079093 5000.09 0.999562
277700000 29793.7 -0.138011 5000.1 0.9996
277800000 29793.7 -0.100011 5000.09 0.999569
277900000 29793.7 -0.0370976 5000.08 0.999587
278000000 29793.7 -0.114 5000.1 0.999587
278100000 29793.7 2.52557 4999.65 1.00002
278200000 29793.7 0.893268 4999.93 0.999808
278300000 29793.7 -0.0117864 5000.08 0.999567
278400000 29793.7 -0.107989 5000.1 0.999558
278500000 29793.7 -0.113398 5000.1 0.999559
278600000 29793.7 -0.184778 5000.11 0.999567
278700000 29793.7 8.75249 4998.61 1.00061
278800000 29793.7 -0.163981 5000.11 0.999565
278900000 29793.7 1.37048 4999.85 0.999796
279000000 29793.7 1.36299 4999.85 0.999886
279100000 29793.7 0.371224 5000.02 0.999677
279200000 29793.7 0.322326 5000.02 0.999714
279300000 29793.7 0.0516824 5000.07 0.999669
279400000 29793.7 0.587161 4999.98 0.999704
279500000 29793.7 -0.152791 5000.1 0.999561
279600000 29793.7 0.589406 4999.98 0.99974
279700000 29793.7 -0.191528 5000.11 0.999558
279800000 29793.7 -0.0798972 5000.09 0.999566
279900000 29793.7 -0.10258 5000.09 0.999604
280000000 29793.7 -0.0740467 5000.09 0.999579
280100000 29793.7 0.0702156 5000.07 0.999611
280200000 29793.7 0.0997321 5000.06 0.999643
280300000 29793.7 0.931576 4999.92 0.99974
280400000 29793.7 -0.0226286 5000.08 0.999566
280500000 29793.7 -0.05804 5000.09 0.999563
280600000 29793.7 0.706192 4999.96 0.999711
280700000 29793.7 0.258676 5000.03 0.999689
280800000 29793.7 1.19851 4999.88 0.999775
280900000 29793.7 -0.0530158 5000.09 0.999567
281000000 29793.7 -0.126398 5000.1 0.999559
281100000 29793.7 -0.188697 5000.11 0.999563
281200000 29793.7 1.55179 4999.82 0.999846
281300000 29793.7 -0.138022 5000.1 0.999558
281400000 29793.7 0.361065 5000.02 0.999653
281500000 29793.7 -0.129197 5000.1 0.99958
281600000 29793.7 -0.161306 5000.1 0.999556
281700000 29793.7 0.124429 5000.06 0.99963
281800000 29793.7 1.05561 4999.9 0.999753
281900000 29793.7 1.63071 4999.8 0.999856
282000000 29793.7 -0.171471 5000.11 0.999578
282100000 29793.7 -0.217429 5000.11 0.999565
282200000 29793.7 -0.181826 5000.11 0.999566
282300000 29793.7 -0.097333 5000.09 0.999565
282400000 29793.7 1.15847 4999.88 0.999833
282500000 29793.7 1.17267 4999.88 0.999793
282600000 29793.7 -0.235446 5000.12 0.999558
282700000 29793.7 0.488491 5000 0.999706
282800000 29793.7 -0.170127 5000.11 0.99956
282900000 29793.7 -0.0437752 5000.08 0.999565
283000000 29793.7 0.406889 5000.01 0.999685
283100000 29793.7 -0.116634 5000.1 0.999563
283200000 29793.7 -0.0862443 5000.09 0.999573
283300000 29793.7 -0.232465 5000.12 0.999583
283400000 29793.7 -0.131633 5000.1 0.999561
283500000 29793.7 0.390401 5000.01 0.99974
283600000 29793.7 -0.127922 5000.1 0.999562
283700000 29793.7 0.0809051 5000.06 0.999611
283800000 29793.7 0.069635 5000.07 0.999627
283900000 29793.7 -0.143387 5000.1 0.999569
284000000 29793.7 -0.157818 5000.1 0.999571
284100000 29793.7 -0.0746122 5000.09 0.999598
284200000 29793.7 0.234751 5000.04 0.999656
284300000 29793.7 -0.0933537 5000.09 0.999597
284400000 29793.7 -0.182541 5000.11 0.999574
284500000 29793.7 0.747498 4999.95 0.99973
284600000 29793.7 -0.0793556 5000.09 0.999588
284700000 29793.7 -0.187716 5000.11 0.99957
284800000 29793.7 -0.242298 5000.12 0.999567
284900000 29793.7 1.00852 4999.91 0.99974
285000000 29793.7 0.570146 4999.98 0.999691
285100000 29793.7 -0.111105 5000.1 0.999576
285200000 29793.7 -0.104164 5000.09 0.999566
285300000 29793.7 -0.166779 5000.11 0.999565
285400000 29793.7 -0.123448 5000.1 0.999566
285500000 29793.7 -0.00593302 5000.08 0.999568
285600000 29793.7 -0.0533949 5000.09 0.999563
285700000 29793.7 -0.113846 5000.1 0.999572
285800000 29793.7 -0.0141219 5000.08 0.999614
285900000 29793.7 1.8913 4999.76 0.999838
286000000 29793.7 -0.202333 5000.11 0.999567
286100000 29793.7 0.805553 4999.94 0.999766
286200000 29793.7 1.60097 4999.81 0.999896
286300000 29793.7 0.105168 5000.06 0.999634
286400000 29793.7 -0.0290869 5000.08 0.999565
286500000 29793.7 -0.145591 5000.1 0.999591
286600000 29793.7 -0.070305 5000.09 0.999594
286700000 29793.7 -0.0400636 5000.08 0.999585
286800000 29793.7 -0.108577 5000.1 0.999579
286900000 29793.7 0.27285 5000.03 0.999672
287000000 29793.7 6.36586 4999.01 1.00043
287100000 29793.7 -0.228286 5000.12 0.999559
287200000 29793.7 -0.0922689 5000.09 0.999565
287300000 29793.7 -0.0585391 5000.09 0.999577
287400000 29793.7 1.11639 4999.89 0.999761
287500000 29793.7 -0.204578 5000.11 0.999571
287600000 29793.7 -0.0632327 5000.09 0.999573
287700000 29793.7 -0.196613 5000.11 0.999571
287800000 29793.7 -0.0957949 5000.09 0.99956
287900000 29793.7 -0.328924 5000.13 0.999565
288000000 29793.7 -0.0179772 5000.08 0.99961
288100000 29793.7 0.267739 5000.03 0.99964
288200000 29793.7 0.00091016 5000.08 0.999591
288300000 29793.7 -0.0983304 5000.09 0.999572
288400000 29793.7 -0.182711 5000.11 0.999559
288500000 29793.7 0.0763475 5000.06 0.999617
288600000 29793.7 -0.00169589 5000.08 0.999643
288700000 29793.7 -0.112431 5000.1 0.999624
288800000 29793.7 -0.0794142 5000.09 0.999574
288900000 29793.7 0.14481 5000.05 0.999646
289000000 29793.7 -0.121019 5000.1 0.999569
289100000 29793.7 -0.148743 5000.1 0.999561
289200000 29793.7 -0.0732221 5000.09 0.999562
289300000 29793.7 -0.0261241 5000.08 0.999565
289400000 29793.7 0.172671 5000.05 0.99967
289500000 29793.7 -0.141253 5000.1 0.999573
289600000 29793.7 0.639558 4999.97 0.99972
289700000 29793.7 3.59061 4999.48 1.00001
289800000 29793.7 -0.218649 5000.11 0.999561
289900000 29793.7 1.27886 4999.86 0.999771
290000000 29793.7 0.250093 5000.04 0.999646
290100000 29793.7 0.227122 5000.04 0.999652
290200000 29793.7 -0.218339 5000.11 0.999569
290300000 29793.7 -0.0258585 5000.08 0.999566
290400000 29793.7 -0.0686247 5000.09 0.999563
290500000 29793.7 -0.02618 5000.08 0.999566
290600000 29793.7 -0.204525 5000.11 0.999567
290700000 29793.7 0.842574 4999.94 0.999747
290800000 29793.7 -0.0683574 5000.09 0.999563
290900000 29793.7 -0.051863 5000.09 0.999565
291000000 29793.7 -0.137319 5000.1 0.99958
291100000 29793.7 0.0113558 5000.08 0.999602
291200000 29793.7 -0.14586 5000.1 0.999567
291300000 29793.7 -0.084383 5000.09 0.99956
291400000 29793.7 -0.241938 5000.12 0.999578
291500000 29793.7 -0.0401383 5000.08 0.999564
291600000 29793.7 1.20951 4999.87 0.999804
291700000 29793.7 -0.11526 5000.1 0.99957
291800000 29793.7 -0.153607 5000.1 0.99956
291900000 29793.7 0.68552 4999.96 0.99971
292000000 29793.7 0.875311 4999.93 0.999728
292100000 29793.7 0.132893 5000.06 0.999643
292200000 29793.7 -0.0850628 5000.09 0.999569
292300000 29793.7 -0.0363439 5000.08 0.999565
292400000 29793.7 -0.0950235 5000.09 0.999623
292500000 29793.7 0.123768 5000.06 0.999648
292600000 29793.7 -0.131011 5000.1 0.999563
292700000 29793.7 -0.10469 5000.1 0.999584
292800000 29793.7 0.103022 5000.06 0.999613
292900000 29793.7 -0.110471 5000.1 0.999559
293000000 29793.7 0.0931642 5000.06 0.999609
293100000 29793.7 -0.0975369 5000.09 0.999567
293200000 29793.7 -0.0130021 5000.08 0.999567
293300000 29793.7 -0.0211355 5000.08 0.999566
293400000 29793.7 -0.0608563 5000.09 0.999562
293500000 29793.7 0.0351912 5000.07 0.999606
293600000 29793.7 0.678047 4999.96 0.99974
293700000 29793.7 -0.0498137 5000.09 0.999564
293800000 29793.7 0.719447 4999.96 0.999756
293900000 29793.7 -0.171069 5000.11 0.999563
294000000 29793.7 -0.0899781 5000.09 0.999566
294100000 29793.7 -0.168986 5000.11 0.999562
294200000 29793.7 -0.113652 5000.1 0.999573
294300000 29793.7 -0.0841831 5000.09 0.999579
294400000 29793.7 -0.251844 5000.12 0.999592
294500000 29793.7 0.384463 5000.01 0.999696
294600000 29793.7 -0.00952513 5000.08 0.999567
294700000 29793.7 -0.14717 5000.1 0.99957
294800000 29793.7 1.06326 4999.9 0.999747
294900000 29793.7 -0.174083 5000.11 0.999573
295000000 29793.7 0.49156 4999.99 0.999716
295100000 29793.7 0.309062 5000.03 0.999665
295200000 29793.7 -0.0578725 5000.09 0.9996
295300000 29793.7 1.2516 4999.87 0.999776
295400000 29793.7 -0.139026 5000.1 0.999571
295500000 29793.7 -0.10784 5000.1 0.99957
295600000 29793.7 2.60935 4999.64 0.99994
295700000 29793.7 -0.0359751 5000.08 0.999565
295800000 29793.7 1.01908 4999.91 0.999741
295900000 29793.7 0.278757 5000.03 0.999643
296000000 29793.7 -0.100632 5000.09 0.999596
296100000 29793.7 -0.205416 5000.11 0.999638
296200000 29793.7 -0.155296 5000.1 0.999567
296300000 29793.7 2.39411 4999.68 0.99993
296400000 29793.7 -0.0624055 5000.09 0.999565
296500000 29793.7 1.89606 4999.76 0.999841
296600000 29793.7 -0.127788 5000.1 0.999571
296700000 29793.7 0.730827 4999.95 0.999702
296800000 29793.7 -0.0665293 5000.09 0.999563
296900000 29793.7 -0.133807 5000.1 0.999563
297000000 29793.7 2.77302 4999.61 0.999989
297100000 29793.7 -0.0771395 5000.09 0.999579
297200000 29793.7 1.18773 4999.88 0.999833
297300000 29793.7 -0.133759 5000.1 0.999563
297400000 29793.7 -0.0371206 5000.08 0.999565
297500000 29793.7 -0.0739596 5000.09 0.999563
297600000 29793.7 1.06492 4999.9 0.999809
297700000 29793.7 -0.138834 5000.1 0.999563
297800000 29793.7 -0.0473337 5000.09 0.999564
297900000 29793.7 -0.12253 5000.1 0.999606
298000000 29793.7 -0.152871 5000.1 0.99956
298100000 29793.7 0.892989 4999.93 0.999735
298200000 29793.7 -0.0196842 5000.08 0.999591
298300000 29793.7 -0.0341606 5000.08 0.999565
298400000 29793.7 0.0306237 5000.07 0.999615
298500000 29793.7 -0.0480607 5000.09 0.999565
298600000 29793.7 -0.0663143 5000.09 0.999571
298700000 29793.7 0.432831 5000 0.999683
298800000 29793.7 -0.109801 5000.1 0.99956
298900000 29793.7 0.203866 5000.04 0.99964
299000000 29793.7 -0.0843403 5000.09 0.99959
299100000 29793.7 -0.215642 5000.11 0.999568
299200000 29793.7 -0.0823099 5000.09 0.999566
299300000 29793.7 -0.0754882 5000.09 0.999579
299400000 29793.7 -0.0598918 5000.09 0.999565
299500000 29793.7 1.60783 4999.81 0.99984
299600000 29793.7 -0.15146 5000.1 0.999557
299700000 29793.7 -0.0608829 5000.09 0.999605
299800000 29793.7 -0.104786 5000.1 0.999568
299900000 29793.7 -0.0193185 5000.08 0.999566
300000000 29793.7 -0.0570966 5000.09 0.999564
300100000 29793.7 -0.0415051 5000.08 0.999564
300200000 29793.7 -0.0733992 5000.09 0.999561
300300000 29793.7 -0.0495538 5000.09 0.999579
300400000 29793.7 -0.122916 5000.1 0.999562
300500000 29793.7 -0.124873 5000.1 0.999563
300600000 29793.7 -0.143996 5000.1 0.999559
300700000 29793.7 -0.169258 5000.11 0.999564
300800000 29793.7 -0.0717985 5000.09 0.999564
300900000 29793.7 -0.0850689 5000.09 0.999561
301000000 29793.7 0.327881 5000.02 0.999711
301100000 29793.7 -0.158234 5000.1 0.999578
301200000 29793.7 -0.0413853 5000.08 0.999565
301300000 29793.7 -0.0612607 5000.09 0.999563
301400000 29793.7 -0.103489 5000.09 0.999576
301500000 29793.7 -0.119603 5000.1 0.999567
301600000 29793.7 1.82073 4999.77 0.999853
301700000 29793.7 0.060637 5000.07 0.999626
301800000 29793.7 -0.129575 5000.1 0.999559
301900000 29793.7 -0.111705 5000.1 0.999567
302000000 29793.7 -0.00869463 5000.08 0.999567
302100000 29793.7 -0.215815 5000.11 0.999582
302200000 29793.7 -0.166294 5000.11 0.999558
302300000 29793.7 -0.235585 5000.12 0.999563
302400000 29793.7 -0.235429 5000.12 0.99958
302500000 29793.7 -0.168618 5000.11 0.999578
302600000 29793.7 -0.106585 5000.1 0.999577
302700000 29793.7 1.70666 4999.79 0.999836
302800000 29793.7 -0.219939 5000.11 0.999589
302900000 29793.7 -0.128665 5000.1 0.999584
303000000 29793.7 -0.171808 5000.11 0.999589
303100000 29793.7 -0.110255 5000.1 0.999559
303200000 29793.7 -0.0593027 5000.09 0.999564
303300000 29793.7 3.98256 4999.41 1.00013
303400000 29793.7 0.704573 4999.96 0.999708
303500000 29793.7 -0.159692 5000.1 0.999588
303600000 29793.7 -0.125474 5000.1 0.999563
303700000 29793.7 0.166785 5000.05 0.999638
303800000 29793.7 0.735651 4999.95 0.999704
303900000 29793.7 -0.123766 5000.1 0.999581
304000000 29793.7 -0.226371 5000.12 0.999574
304100000 29793.7 -0.0486041 5000.09 0.999564
304200000 29793.7 -0.00891836 5000.08 0.999567
304300000 29793.7 -0.142721 5000.1 0.99956
304400000 29793.7 -0.122421 5000.1 0.999563
304500000 29793.7 0.130494 5000.06 0.999617
304600000 29793.7 -0.0735697 5000.09 0.999562
304700000 29793.7 -0.100925 5000.09 0.999559
304800000 29793.7 -0.170583 5000.11 0.999578
304900000 29793.7 -0.201241 5000.11 0.999554
305000000 29793.7 1.19028 4999.88 0.999796
305100000 29793.7 -0.135152 5000.1 0.999572
305200000 29793.7 -0.0752999 5000.09 0.999576
305300000 29793.7 -0.129971 5000.1 0.999562
305400000 29793.7 0.092447 5000.06 0.999629
305500000 29793.7 -0.0930048 5000.09 0.999564
305600000 29793.7 0.860067 4999.93 0.999723
305700000 29793.7 0.291061 5000.03 0.999689
305800000 29793.7 -0.174053 5000.11 0.999578
305900000 29793.7 -0.00874455 5000.08 0.999589
306000000 29793.7 -0.126811 5000.1 0.999559
306100000 29793.7 -0.0546956 5000.09 0.999563
306200000 29793.7 -0.0788818 5000.09 0.999561
306300000 29793.7 -0.0644631 5000.09 0.999604
306400000 29793.7 0.667643 4999.97 0.999695
306500000 29793.7 -0.151884 5000.1 0.999562
306600000 29793.7 -0.0460156 5000.09 0.999563
306700000 29793.7 -0.15739 5000.1 0.999577
306800000 29793.7 0.0519604 5000.07 0.999675
306900000 29793.7 -0.0443472 5000.08 0.999582
307000000 29793.7 -0.061333 5000.09 0.999586
307100000 29793.7 0.547919 4999.99 0.999718
307200000 29793.7 -0.0875672 5000.09 0.999563
307300000 29793.7 -0.0602357 5000.09 0.999563
307400000 29793.7 0.286773 5000.03 0.999646
307500000 29793.7 -0.0515838 5000.09 0.999604
307600000 29793.7 -0.144536 5000.1 0.999562
307700000 29793.7 0.120126 5000.06 0.999704
307800000 29793.7 -0.185917 5000.11 0.999591
307900000 29793.7 -0.0822671 5000.09 0.999562
308000000 29793.7 0.403951 5000.01 0.999673
308100000 29793.7 -0.100343 5000.09 0.999572
308200000 29793.7 -0.102508 5000.09 0.999569
308300000 29793.7 -0.184626 5000.11 0.999559
308400000 29793.7 0.0334256 5000.07 0.999641
308500000 29793.7 -0.109747 5000.1 0.999574
308600000 29793.7 2.55639 4999.65 0.999908
308700000 29793.7 -0.164223 5000.11 0.999569
308800000 29793.7 -0.140247 5000.1 0.999576
308900000 29793.7 0.391321 5000.01 0.999697
309000000 29793.7 -0.121222 5000.1 0.999561
309100000 29793.7 -0.0182911 5000.08 0.999566
309200000 29793.7 -0.0859416 5000.09 0.999562
309300000 29793.7 -0.0414122 5000.08 0.999565
309400000 29793.7 0.637232 4999.97 0.999764
309500000 29793.7 -0.147587 5000.1 0.999584
309600000 29793.7 -0.119485 5000.1 0.999563
309700000 29793.7 -0.00876665 5000.08 0.999567
309800000 29793.7 -0.081785 5000.09 0.999562
309900000 29793.7 -0.185493 5000.11 0.999591
310000000 29793.7 1.35232 4999.85 0.999797
310100000 29793.7 0.0163908 5000.07 0.999594
310200000 29793.7 0.501551 4999.99 0.999676
310300000 29793.7 0.00947628 5000.08 0.99961
310400000 29793.7 -0.275844 5000.12 0.999563
310500000 29793.7 -0.0630654 5000.09 0.999562
310600000 29793.7 0.378608 5000.01 0.999701
310700000 29793.7 -0.109311 5000.1 0.999571
310800000 29793.7 -0.317598 5000.13 0.999583
310900000 29793.7 -0.138734 5000.1 0.999583
311000000 29793.7 -0.17577 5000.11 0.999568
311100000 29793.7 -0.0780099 5000.09 0.999562
311200000 29793.7 -0.216007 5000.11 0.999567
311300000 29793.7 0.0366591 5000.07 0.9996
311400000 29793.7 -0.140068 5000.1 0.999566
311500000 29793.7 -0.121937 5000.1 0.999561
311600000 29793.7 -0.048398 5000.09 0.999565
311700000 29793.7 -0.194766 5000.11 0.999585
311800000 29793.7 -0.0183409 5000.08 0.99966
311900000 29793.7 0.949235 4999.92 0.999779
312000000 29793.7 -0.360493 5000.14 0.999567
312100000 29793.7 0.294279 5000.03 0.999707
312200000 29793.7 -0.442281 5000.15 0.99957
312300000 29793.7 -0.374066 5000.14 0.999571
312400000 29793.7 -0.284491 5000.13 0.999588
312500000 29793.7 -0.454599 5000.15 0.999562
312600000 29793.7 -0.333624 5000.13 0.999574
312700000 29793.7 -0.197531 5000.11 0.999567
312800000 29793.7 -0.0758731 5000.09 0.999578
312900000 29793.7 -0.148753 5000.1 0.999564
313000000 29793.7 -0.111749 5000.1 0.999569
313100000 29793.7 -0.0562671 5000.09 0.999563
313200000 29793.7 -0.0719704 5000.09 0.999562
313300000 29793.7 -0.121833 5000.1 0.999565
313400000 29793.7 -0.0656623 5000.09 0.999562
313500000 29793.7 0.502311 4999.99 0.999689
313600000 29793.7 -0.185959 5000.11 0.999565
313700000 29793.7 0.717294 4999.96 0.999707
313800000 29793.7 -0.20357 5000.11 0.999554
313900000 29793.7 0.0850505 5000.06 0.999616
314000000 29793.7 0.133024 5000.06 0.999645
314100000 29793.7 -0.160103 5000.1 0.999556
314200000 29793.7 -0.0511051 5000.09 0.999564
314300000 29793.7 -0.058641 5000.09 0.999562
314400000 29793.7 0.375218 5000.01 0.999671
314500000 29793.7 0.2689 5000.03 0.99966
314600000 29793.7 1.53619 4999.82 0.999828
314700000 29793.7 -0.0260929 5000.08 0.99963
314800000 29793.7 -0.0177878 5000.08 0.999567
314900000 29793.7 -0.0482217 5000.09 0.999564
315000000 29793.7 -0.18563 5000.11 0.999556
315100000 29793.7 -0.176986 5000.11 0.999556
315200000 29793.7 0.126512 5000.06 0.999616
315300000 29793.7 -0.103469 5000.09 0.999559
315400000 29793.7 -0.0778205 5000.09 0.999572
315500000 29793.7 0.492842 4999.99 0.999706
315600000 29793.7 2.93136 4999.59 0.999946
315700000 29793.7 -0.154003 5000.1 0.999573
315800000 29793.7 -0.0345563 5000.08 0.999564
315900000 29793.7 -0.137976 5000.1 0.999564
316000000 29793.7 -0.100898 5000.09 0.999598
316100000 29793.7 0.625187 4999.97 0.99969
316200000 29793.7 0.506551 4999.99 0.999701
316300000 29793.7 -0.212639 5000.11 0.99956
316400000 29793.7 -0.2199 5000.11 0.999575
316500000 29793.7 -0.110868 5000.1 0.999567
316600000 29793.7 -0.182036 5000.11 0.999559
316700000 29793.7 -0.141519 5000.1 0.999589
316800000 29793.7 0.00599368 5000.08 0.999604
316900000 29793.7 -0.0942964 5000.09 0.999567
317000000 29793.7 -0.0734247 5000.09 0.999562
317100000 29793.7 0.278305 5000.03 0.999648
317200000 29793.7 2.90841 4999.59 0.999959
317300000 29793.7 -0.0470738 5000.09 0.999564
317400000 29793.7 -0.0872191 5000.09 0.999561
317500000 29793.7 -0.190455 5000.11 0.999563
317600000 29793.7 -0.146885 5000.1 0.999575
317700000 29793.7 -0.0752593 5000.09 0.999562
317800000 29793.7 0.705243 4999.96 0.999783
317900000 29793.7 -0.16347 5000.1 0.999571
318000000 29793.7 -0.0617069 5000.09 0.999607
318100000 29793.7 -0.120513 5000.1 0.999581
318200000 29793.7 -0.086954 5000.09 0.999565
318300000 29793.7 -0.0758043 5000.09 0.999568
318400000 29793.7 -0.117622 5000.1 0.999559
318500000 29793.7 -0.0502698 5000.09 0.999579
318600000 29793.7 -0.0802101 5000.09 0.999567
318700000 29793.7 -0.133655 5000.1 0.999569
318800000 29793.7 -0.223762 5000.12 0.999565
318900000 29793.7 -0.0990323 5000.09 0.99956
319000000 29793.7 0.505268 4999.99 0.999717
319100000 29793.7 -0.111637 5000.1 0.999562
319200000 29793.7 -0.169471 5000.11 0.999583
319300000 29793.7 0.804734 4999.94 0.999739
319400000 29793.7 -0.0315162 5000.08 0.999565
319500000 29793.7 -0.110815 5000.1 0.999563
319600000 29793.7 -0.0715362 5000.09 0.999577
319700000 29793.7 -0.0194622 5000.08 0.999614
319800000 29793.7 0.0910248 5000.06 0.999632
319900000 29793.7 -0.0826155 5000.09 0.999561
320000000 29793.7 -0.136162 5000.1 0.999629
320100000 29793.7 -0.0260784 5000.08 0.999565
320200000 29793.7 0.350496 5000.02 0.999678
320300000 29793.7 -0.126069 5000.1 0.999567
320400000 29793.7 0.324102 5000.02 0.999647
320500000 29793.7 0.92324 4999.92 0.999728
320600000 29793.7 -0.102294 5000.09 0.999563
320700000 29793.7 0.155864 5000.05 0.999662
320800000 29793.7 2.22254 4999.7 0.999944
320900000 29793.7 -0.130489 5000.1 0.999558
321000000 29793.7 -0.019201 5000.08 0.99959
321100000 29793.7 -0.205893 5000.11 0.999587
321200000 29793.7 -0.167933 5000.11 0.999564
321300000 29793.7 -0.0980585 5000.09 0.999567
321400000 29793.7 0.07448 5000.06 0.99961
321500000 29793.7 -0.173059 5000.11 0.999565
321600000 29793.7 -0.0936877 5000.09 0.999559
321700000 29793.7 -0.11847 5000.1 0.999582
321800000 29793.7 -0.108396 5000.1 0.99956
321900000 29793.7 1.85937 4999.77 0.999933
322000000 29793.7 -0.055133 5000.09 0.999622
322100000 29793.7 0.331675 5000.02 0.999662
322200000 29793.7 -0.100961 5000.09 0.999562
322300000 29793.7 -0.119089 5000.1 0.999568
322400000 29793.7 -0.0582787 5000.09 0.999566
322500000 29793.7 -0.25043 5000.12 0.999568
322600000 29793.7 0.306223 5000.03 0.999645
322700000 29793.7 -0.110621 5000.1 0.999588
322800000 29793.7 0.373418 5000.01 0.999688
322900000 29793.7 0.466321 5000 0.999674
323000000 29793.7 1.55231 4999.82 0.999802
323100000 29793.7 0.558761 4999.98 0.999711
323200000 29793.7 0.265101 5000.03 0.999649
323300000 29793.7 1.0944 4999.89 0.999755
323400000 29793.7 -0.0812735 5000.09 0.999577
323500000 29793.7 0.196868 5000.04 0.999656
323600000 29793.7 0.0480299 5000.07 0.999605
323700000 29793.7 -0.0871465 5000.09 0.999564
323800000 29793.7 -0.0750239 5000.09 0.999589
323900000 29793.7 0.920256 4999.92 0.999769
324000000 29793.7 -0.233872 5000.12 0.999605
324100000 29793.7 1.21449 4999.87 0.999785
324200000 29793.7 -0.138139 5000.1 0.999564
324300000 29793.7 -0.138753 5000.1 0.999559
324400000 29793.7 -0.160932 5000.1 0.999575
324500000 29793.7 -0.172029 5000.11 0.999557
324600000 29793.7 0.249516 5000.04 0.999668
324700000 29793.7 -0.155219 5000.1 0.999572
324800000 29793.7 0.0750492 5000.06 0.999609
324900000 29793.7 -0.124264 5000.1 0.999567
325000000 29793.7 -0.0870057 5000.09 0.99957
325100000 29793.7 -0.0915548 5000.09 0.999561
325200000 29793.7 -0.0628508 5000.09 0.999563
325300000 29793.7 1.86047 4999.77 0.999836
325400000 29793.7 -0.103522 5000.09 0.999566
325500000 29793.7 -0.141591 5000.1 0.999566
325600000 29793.7 -0.133197 5000.1 0.999581
325700000 29793.7 0.1064 5000.06 0.999653
325800000 29793.7 -0.18252 5000.11 0.999559
325900000 29793.7 -0.163609 5000.1 0.999563
326000000 29793.7 -0.14364 5000.1 0.99956
326100000 29793.7 0.0668156 5000.07 0.999629
326200000 29793.7 0.523122 4999.99 0.999696
326300000 29793.7 0.539755 4999.99 0.999702
326400000 29793.7 -0.0365076 5000.08 0.999583
326500000 29793.7 -0.200863 5000.11 0.999562
326600000 29793.7 0.0898601 5000.06 0.999628
326700000 29793.7 -0.0679389 5000.09 0.999568
326800000 29793.7 1.8356 4999.77 0.999842
326900000 29793.7 -0.0514894 5000.09 0.999563
327000000 29793.7 -0.14646 5000.1 0.999569
327100000 29793.7 -0.076916 5000.09 0.999563
327200000 29793.7 0.160257 5000.05 0.999628
327300000 29793.7 -0.0864116 5000.09 0.999586
327400000 29793.7 -0.0370113 5000.08 0.999614
327500000 29793.7 -0.171051 5000.11 0.999589
327600000 29793.7 -0.150777 5000.1 0.999576
327700000 29793.7 0.460124 5000 0.999681
327800000 29793.7 -0.0378057 5000.08 0.999565
327900000 29793.7 -0.178082 5000.11 0.999577
328000000 29793.7 1.88711 4999.76 0.999841
328100000 29793.7 -0.102595 5000.09 0.999578
328200000 29793.7 -0.0420845 5000.08 0.999564
328300000 29793.7 0.312462 5000.02 0.999647
328400000 29793.7 -0.155189 5000.1 0.999585
328500000 29793.7 -0.080673 5000.09 0.999564
328600000 29793.7 1.12626 4999.89 0.999783
328700000 29793.7 -0.136506 5000.1 0.999566
328800000 29793.7 0.322107 5000.02 0.999664
328900000 29793.7 -0.130905 5000.1 0.999563
329000000 29793.7 -0.0554766 5000.09 0.999562
329100000 29793.7 -0.029523 5000.08 0.999608
329200000 29793.7 -0.142313 5000.1 0.999592
329300000 29793.7 -0.0883499 5000.09 0.999561
329400000 29793.7 0.477825 5000 0.99969
329500000 29793.7 0.0842076 5000.06 0.999614
329600000 29793.7 -0.089722 5000.09 0.999582
329700000 29793.7 0.137796 5000.05 0.999638
329800000 29793.7 -0.0649825 5000.09 0.999614
329900000 29793.7 -0.112787 5000.1 0.999577
330000000 29793.7 0.980735 4999.91 0.999776
330100000 29793.7 0.116026 5000.06 0.999647
330200000 29793.7 0.111093 5000.06 0.999617
330300000 29793.7 1.02921 4999.9 0.999741
330400000 29793.7 -0.0430754 5000.08 0.999564
330500000 29793.7 0.378266 5000.01 0.999661
330600000 29793.7 -0.0342045 5000.08 0.999565
330700000 29793.7 -0.0511129 5000.09 0.999564
330800000 29793.7 -0.131249 5000.1 0.999565
330900000 29793.7 -0.14577 5000.1 0.999566
331000000 29793.7 2.87567 4999.59 0.999979
331100000 29793.7 -0.117629 5000.1 0.999567
331200000 29793.7 0.118687 5000.06 0.999627
331300000 29793.7 -0.164753 5000.11 0.999586
331400000 29793.7 -0.07857 5000.09 0.999563
331500000 29793.7 -0.0937588 5000.09 0.999575
331600000 29793.7 0.38091 5000.01 0.999667
331700000 29793.7 -0.10964 5000.1 0.999563
331800000 29793.7 -0.0179044 5000.08 0.999566
331900000 29793.7 -0.118427 5000.1 0.999563
332000000 29793.7 -0.172679 5000.11 0.999566
332100000 29793.7 -0.264906 5000.12 0.999564
332200000 29793.7 -0.176805 5000.11 0.999573
332300000 29793.7 -0.0329121 5000.08 0.999584
332400000 29793.7 -0.167047 5000.11 0.999558
332500000 29793.7 -0.137112 5000.1 0.999574
332600000 29793.7 -0.122103 5000.1 0.999587
332700000 29793.7 -0.1295 5000.1 0.999593
332800000 29793.7 0.0905078 5000.06 0.999639
332900000 29793.7 5.57053 4999.14 1.00019
333000000 29793.7 0.50114 4999.99 0.999683
333100000 29793.7 -0.0930558 5000.09 0.999576
333200000 29793.7 -0.122276 5000.1 0.999559
333300000 29793.7 -0.0723288 5000.09 0.999561
333400000 29793.7 0.190681 5000.05 0.999651
333500000 29793.7 -0.0323488 5000.08 0.999565
333600000 29793.7 -0.0340074 5000.08 0.999565
333700000 29793.7 -0.131445 5000.1 0.999561
333800000 29793.7 -0.159604 5000.1 0.999591
333900000 29793.7 -0.137255 5000.1 0.999565
334000000 29793.7 -0.137431 5000.1 0.999559
334100000 29793.7 -0.0479778 5000.09 0.999565
334200000 29793.7 -0.169645 5000.11 0.999559
334300000 29793.7 2.37376 4999.68 0.999904
334400000 29793.7 -0.0580002 5000.09 0.999565
334500000 29793.7 -0.151303 5000.1 0.999582
334600000 29793.7 -0.00117945 5000.08 0.999594
334700000 29793.7 -0.105802 5000.1 0.999562
334800000 29793.7 0.206727 5000.04 0.999672
334900000 29793.7 0.0982177 5000.06 0.999612
335000000 29793.7 -0.0879118 5000.09 0.999563
335100000 29793.7 -0.149419 5000.1 0.999561
335200000 29793.7 -0.0987693 5000.09 0.999559
335300000 29793.7 -0.138353 5000.1 0.999588
335400000 29793.7 -0.0566887 5000.09 0.999581
335500000 29793.7 -0.208399 5000.11 0.999562
335600000 29793.7 0.289313 5000.03 0.999645
335700000 29793.7 -0.0533826 5000.09 0.999563
335800000 29793.7 -0.0206377 5000.08 0.999611
335900000 29793.7 0.147566 5000.05 0.999621
336000000 29793.7 -0.0746993 5000.09 0.999564
336100000 29793.7 -0.0197483 5000.08 0.999566
336200000 29793.7 -0.130451 5000.1 0.999561
336300000 29793.7 -0.0460426 5000.09 0.999564
336400000 29793.7 -0.201028 5000.11 0.999562
336500000 29793.7 0.29516 5000.03 0.999649
336600000 29793.7 0.154857 5000.05 0.999636
336700000 29793.7 0.0136 5000.08 0.9996
336800000 29793.7 -0.115813 5000.1 0.99956
336900000 29793.7 0.10669 5000.06 0.999641
337000000 29793.7 0.0270708 5000.07 0.999621
337100000 29793.7 -0.176117 5000.11 0.999567
337200000 29793.7 2.08734 4999.73 0.999869
337300000 29793.7 -0.0356179 5000.08 0.999584
337400000 29793.7 -0.0803427 5000.09 0.999569
337500000 29793.7 -0.0885743 5000.09 0.99956
337600000 29793.7 0.493213 4999.99 0.999675
337700000 29793.7 0.443025 5000 0.999688
337800000 29793.7 -0.0568607 5000.09 0.999564
337900000 29793.7 -0.0162113 5000.08 0.99959
338000000 29793.7 -0.0978865 5000.09 0.999578
338100000 29793.7 -0.0435065 5000.08 0.999564
338200000 29793.7 -0.18589 5000.11 0.999585
338300000 29793.7 -0.118658 5000.1 0.999564
338400000 29793.7 -0.127694 5000.1 0.999562
338500000 29793.7 -0.0793149 5000.09 0.999581
338600000 29793.7 0.23883 5000.04 0.999636
338700000 29793.7 -0.0608144 5000.09 0.999563
338800000 29793.7 3.92436 4999.42 1.00012
338900000 29793.7 -0.13272 5000.1 0.999563
339000000 29793.7 0.127421 5000.06 0.999634
339100000 29793.7 1.06729 4999.9 0.999796
339200000 29793.7 -0.153708 5000.1 0.999574
339300000 29793.7 -0.0637356 5000.09 0.999562
339400000 29793.7 -0.0265127 5000.08 0.999565
339500000 29793.7 -0.13468 5000.1 0.999565
339600000 29793.7 -0.0553316 5000.09 0.999578
339700000 29793.7 -0.12349 5000.1 0.99957
339800000 29793.7 1.82277 4999.77 0.999872
339900000 29793.7 -0.0434343 5000.08 0.999597
340000000 29793.7 0.377469 5000.01 0.999656
340100000 29793.7 -0.063487 5000.09 0.999563
340200000 29793.7 -0.0608416 5000.09 0.999563
340300000 29793.7 -0.0520289 5000.09 0.999564
340400000 29793.7 -0.0531297 5000.09 0.999565
340500000 29793.7 -0.206849 5000.11 0.99956
340600000 29793.7 -0.0651887 5000.09 0.999563
340700000 29793.7 1.18711 4999.88 0.999769
340800000 29793.7 -0.189739 5000.11 0.999556
340900000 29793.7 1.12648 4999.89 0.999863
341000000 29793.7 0.936567 4999.92 0.99975
341100000 29793.7 0.491051 5000 0.999729
341200000 29793.7 -0.0500461 5000.09 0.999563
341300000 29793.7 -0.039886 5000.08 0.999564
341400000 29793.7 0.152786 5000.05 0.999645
341500000 29793.7 -0.181559 5000.11 0.999563
341600000 29793.7 -0.203859 5000.11 0.99959
341700000 29793.7 0.619793 4999.97 0.999693
341800000 29793.7 -0.0819776 5000.09 0.999562
341900000 29793.7 -0.191863 5000.11 0.999572
342000000 29793.7 -0.0304659 5000.08 0.999565
342100000 29793.7 -0.121413 5000.1 0.999568
342200000 29793.7 -0.0875551 5000.09 0.999565
342300000 29793.7 -0.143777 5000.1 0.999564
342400000 29793.7 0.0109079 5000.08 0.999597
342500000 29793.7 0.397629 5000.01 0.999697
342600000 29793.7 -0.149748 5000.1 0.999568
342700000 29793.7 -0.160983 5000.1 0.999564
342800000 29793.7 0.222425 5000.04 0.999637
342900000 29793.7 0.766305 4999.95 0.999724
343000000 29793.7 0.205129 5000.04 0.999627
343100000 29793.7 -0.158588 5000.1 0.999572
343200000 29793.7 -0.081946 5000.09 0.999572
343300000 29793.7 -0.223826 5000.12 0.999567
343400000 29793.7 0.444381 5000 0.999696
343500000 29793.7 -0.0436974 5000.08 0.999618
343600000 29793.7 -0.0853308 5000.09 0.999583
343700000 29793.7 -0.0776839 5000.09 0.999563
343800000 29793.7 -0.00670697 5000.08 0.999568
343900000 29793.7 -0.120388 5000.1 0.999561
344000000 29793.7 -0.0560958 5000.09 0.999563
344100000 29793.7 -0.0269086 5000.08 0.999565
344200000 29793.7 -0.155186 5000.1 0.999589
344300000 29793.7 -0.0939436 5000.09 0.999587
344400000 29793.7 0.939042 4999.92 0.999738
344500000 29793.7 0.157238 5000.05 0.999628
344600000 29793.7 -0.3051 5000.13 0.999557
344700000 29793.7 -0.0928227 5000.09 0.999633
344800000 29793.7 -0.0185671 5000.08 0.999602
344900000 29793.7 -0.0627726 5000.09 0.999567
345000000 29793.7 0.469551 5000 0.999717
345100000 29793.7 1.32709 4999.85 0.999839
345200000 29793.7 -0.179829 5000.11 0.999589
345300000 29793.7 -0.0916281 5000.09 0.999562
345400000 29793.7 -0.105148 5000.1 0.99956
345500000 29793.7 0.791997 4999.94 0.999739
345600000 29793.7 0.27711 5000.03 0.99964
345700000 29793.7 -0.0885106 5000.09 0.999561
345800000 29793.7 -0.217467 5000.11 0.999555
345900000 29793.7 -0.134372 5000.1 0.999562
346000000 29793.7 -0.125862 5000.1 0.999577
346100000 29793.7 -0.0508505 5000.09 0.999593
346200000 29793.7 0.0712761 5000.07 0.999607
346300000 29793.7 -0.0478036 5000.09 0.999563
346400000 29793.7 -0.104471 5000.1 0.999566
346500000 29793.7 -0.138518 5000.1 0.999561
346600000 29793.7 -0.0218105 5000.08 0.999566
346700000 29793.7 -0.202154 5000.11 0.999566
346800000 29793.7 1.48846 4999.83 0.999806
346900000 29793.7 -0.13186 5000.1 0.999558
347000000 29793.7 -0.161916 5000.1 0.99956
347100000 29793.7 -0.241456 5000.12 0.999575
347200000 29793.7 -0.139978 5000.1 0.999582
347300000 29793.7 0.231837 5000.04 0.999657
347400000 29793.7 -0.105312 5000.1 0.99957
347500000 29793.7 -0.0289036 5000.08 0.999565
347600000 29793.7 -0.0653221 5000.09 0.999573
347700000 29793.7 -0.138058 5000.1 0.999579
347800000 29793.7 -0.148048 5000.1 0.999558
347900000 29793.7 -0.151985 5000.1 0.999567
348000000 29793.7 1.06463 4999.9 0.999792
348100000 29793.7 -0.0293487 5000.08 0.999596
348200000 29793.7 1.77062 4999.78 0.999894
348300000 29793.7 3.22892 4999.54 1.00005
348400000 29793.7 -0.0183936 5000.08 0.999566
348500000 29793.7 0.49741 4999.99 0.999683
348600000 29793.7 -0.221246 5000.11 0.999556
348700000 29793.7 -0.0905716 5000.09 0.999561
348800000 29793.7 -0.133561 5000.1 0.999564
348900000 29793.7 -0.100089 5000.09 0.999562
349000000 29793.7 0.155459 5000.05 0.999636
349100000 29793.7 -0.132567 5000.1 0.999582
349200000 29793.7 -0.0886708 5000.09 0.999575
349300000 29793.7 -0.194602 5000.11 0.999562
349400000 29793.7 -0.259062 5000.12 0.999559
349500000 29793.7 0.568545 4999.98 0.999686
349600000 29793.7 -0.0448468 5000.09 0.999564
349700000 29793.7 0.701538 4999.96 0.999739
349800000 29793.7 0.0125882 5000.08 0.999607
349900000 29793.7 -0.0776244 5000.09 0.999576
350000000 29793.7 -0.0857752 5000.09 0.999575
350100000 29793.7 1.37468 4999.85 0.999849
350200000 29793.7 1.65088 4999.8 0.999814
350300000 29793.7 -0.0528462 5000.09 0.999564
350400000 29793.7 1.39575 4999.84 0.999827
350500000 29793.7 -0.000636687 5000.08 0.999599
350600000 29793.7 -0.143271 5000.1 0.999558
350700000 29793.7 -0.202524 5000.11 0.999573
350800000 29793.7 -0.0564665 5000.09 0.999588
350900000 29793.7 -0.0247969 5000.08 0.999566
351000000 29793.7 -0.118119 5000.1 0.999586
351100000 29793.7 -0.172703 5000.11 0.999558
351200000 29793.7 -0.172713 5000.11 0.999563
351300000 29793.7 0.0335158 5000.07 0.999661
351400000 29793.7 -0.148988 5000.1 0.999569
351500000 29793.7 -0.0825701 5000.09 0.99956
351600000 29793.7 -0.165942 5000.11 0.999572
351700000 29793.7 -0.181007 5000.11 0.999557
351800000 29793.7 1.04763 4999.9 0.999753
351900000 29793.7 1.82127 4999.77 0.999833
352000000 29793.7 0.425633 5000.01 0.999661
352100000 29793.7 -0.065469 5000.09 0.999566
352200000 29793.7 -0.0878407 5000.09 0.999575
352300000 29793.7 0.293778 5000.03 0.99966
352400000 29793.7 -0.0247902 5000.08 0.999587
352500000 29793.7 -0.163642 5000.1 0.999565
352600000 29793.7 -0.156543 5000.1 0.99956
352700000 29793.7 -0.1778 5000.11 0.999568
352800000 29793.7 -0.0923393 5000.09 0.999567
352900000 29793.7 -0.212287 5000.11 0.999568
353000000 29793.7 -0.0977436 5000.09 0.999566
353100000 29793.7 -0.0668741 5000.09 0.999561
353200000 29793.7 -0.0442862 5000.08 0.9996
353300000 29793.7 0.188926 5000.05 0.999628
353400000 29793.7 -0.0781876 5000.09 0.999562
353500000 29793.7 0.0500751 5000.07 0.999623
353600000 29793.7 1.26633 4999.86 0.999782
353700000 29793.7 2.65009 4999.63 0.999975
353800000 29793.7 -0.065213 5000.09 0.999562
353900000 29793.7 0.214299 5000.04 0.99963
354000000 29793.7 -0.0296035 5000.08 0.999604
354100000 29793.7 -0.150314 5000.1 0.999564
354200000 29793.7 -0.100227 5000.09 0.999596
354300000 29793.7 0.240774 5000.04 0.999646
354400000 29793.7 -0.0179409 5000.08 0.999566
354500000 29793.7 -0.110454 5000.1 0.999558
354600000 29793.7 0.992544 4999.91 0.999752
354700000 29793.7 -0.119647 5000.1 0.999564
354800000 29793.7 -0.0351871 5000.08 0.999593
354900000 29793.7 1.73524 4999.79 0.999878
355000000 29793.7 0.332357 5000.02 0.999693
355100000 29793.7 0.187335 5000.05 0.999634
355200000 29793.7 -0.162631 5000.1 0.999566
355300000 29793.7 -0.0915191 5000.09 0.999571
355400000 29793.7 -0.168188 5000.11 0.999564
355500000 29793.7 -0.0885914 5000.09 0.999563
355600000 29793.7 -0.1355 5000.1 0.999562
355700000 29793.7 -0.0696551 5000.09 0.99959
355800000 29793.7 -0.0191389 5000.08 0.999566
355900000 29793.7 -0.0857725 5000.09 0.999606
356000000 29793.7 -0.017915 5000.08 0.999626
356100000 29793.7 -0.0729465 5000.09 0.999562
356200000 29793.7 0.053677 5000.07 0.999629
356300000 29793.7 -0.213472 5000.11 0.999565
356400000 29793.7 -0.0913453 5000.09 0.99956
356500000 29793.7 -0.260363 5000.12 0.999575
356600000 29793.7 -0.102171 5000.09 0.999564
356700000 29793.7 -0.0505407 5000.09 0.999563
356800000 29793.7 -0.204067 5000.11 0.999569
356900000 29793.7 -0.0398516 5000.08 0.999596
357000000 29793.7 -0.0572539 5000.09 0.999581
357100000 29793.7 -0.0302913 5000.08 0.999565
357200000 29793.7 -0.134945 5000.1 0.999565
357300000 29793.7 0.00894583 5000.08 0.999595
357400000 29793.7 -0.0597986 5000.09 0.999566
357500000 29793.7 -0.033733 5000.08 0.999583
357600000 29793.7 -0.0676671 5000.09 0.999562
357700000 29793.7 0.0343247 5000.07 0.9996
357800000 29793.7 2.4181 4999.67 0.999894
357900000 29793.7 0.35408 5000.02 0.999666
358000000 29793.7 2.92848 4999.59 0.999948
358100000 29793.7 -0.115682 5000.1 0.999587
358200000 29793.7 -0.0515541 5000.09 0.999563
358300000 29793.7 -0.0725224 5000.09 0.999564
358400000 29793.7 -0.0567808 5000.09 0.999562
358500000 29793.7 -0.123059 5000.1 0.99959
358600000 29793.7 -0.106278 5000.1 0.99962
358700000 29793.7 -0.100977 5000.09 0.999574
358800000 29793.7 -0.153159 5000.1 0.999563
358900000 29793.7 -0.142474 5000.1 0.999561
359000000 29793.7 -0.0692333 5000.09 0.999562
359100000 29793.7 -0.175638 5000.11 0.999582
359200000 29793.7 0.86398 4999.93 0.999725
359300000 29793.7 -0.202787 5000.11 0.99957
359400000 29793.7 -0.11792 5000.1 0.999561
359500000 29793.7 -0.151732 5000.1 0.999577
359600000 29793.7 -0.0509382 5000.09 0.999564
359700000 29793.7 0.488619 5000 0.999676
359800000 29793.7 -0.0833062 5000.09 0.999573
359900000 29793.7 -0.0414012 5000.08 0.999615
360000000 29793.7 -0.11637 5000.1 0.999559
360100000 29793.7 -0.0279394 5000.08 0.999565
360200000 29793.7 -0.125688 5000.1 0.999557
360300000 29793.7 1.1426 4999.89 0.999761
360400000 29793.7 0.0494292 5000.07 0.999636
360500000 29793.7 -0.110237 5000.1 0.999561
360600000 29793.7 -0.140949 5000.1 0.999579
360700000 29793.7 -0.108862 5000.1 0.999561
360800000 29793.7 -0.0879896 5000.09 0.999569
360900000 29793.7 -0.312024 5000.13 0.999561
361000000 29793.7 0.504753 4999.99 0.999708
361100000 29793.7 -0.109433 5000.1 0.999568
361200000 29793.7 -0.0949763 5000.09 0.999565
361300000 29793.7 -0.0599583 5000.09 0.999563
361400000 29793.7 -0.11455 5000.1 0.999563
361500000 29793.7 -0.0362974 5000.08 0.999565
361600000 29793.7 -0.0702191 5000.09 0.999562
361700000 29793.7 -0.0780537 5000.09 0.999577
361800000 29793.7 -0.170343 5000.11 0.99956
361900000 29793.7 0.192991 5000.05 0.999645
362000000 29793.7 -0.178048 5000.11 0.999585
362100000 29793.7 0.0604903 5000.07 0.999646
362200000 29793.7 -0.120229 5000.1 0.999562
362300000 29793.7 1.06679 4999.9 0.999806
362400000 29793.7 -0.051844 5000.09 0.999591
362500000 29793.7 -0.108124 5000.1 0.999576
362600000 29793.7 -0.0743406 5000.09 0.999563
362700000 29793.7 0.037877 5000.07 0.999606
362800000 29793.7 -0.241811 5000.12 0.999553
362900000 29793.7 0.320023 5000.02 0.999663
363000000 29793.7 -0.149058 5000.1 0.999565
363100000 29793.7 0.594268 4999.98 0.999731
363200000 29793.7 -0.0390261 5000.08 0.999564
363300000 29793.7 -0.178903 5000.11 0.999566
363400000 29793.7 0.649759 4999.97 0.999727
363500000 29793.7 -0.00867279 5000.08 0.999567
363600000 29793.7 -0.118714 5000.1 0.999588
363700000 29793.7 -0.0606445 5000.09 0.999582
363800000 29793.7 0.309452 5000.03 0.999704
363900000 29793.7 0.370774 5000.02 0.999677
364000000 29793.7 -0.0854882 5000.09 0.999565
364100000 29793.7 -0.0141013 5000.08 0.999593
364200000 29793.7 -0.122033 5000.1 0.999562
364300000 29793.7 -0.185335 5000.11 0.999603
364400000 29793.7 -0.197225 5000.11 0.999586
364500000 29793.7 -0.14024 5000.1 0.999561
364600000 29793.7 -0.0691437 5000.09 0.999616
364700000 29793.7 -0.123906 5000.1 0.999565
364800000 29793.7 -0.0997936 5000.09 0.999583
364900000 29793.7 -0.110893 5000.1 0.999598
365000000 29793.7 -0.0516662 5000.09 0.999564
365100000 29793.7 -0.300949 5000.13 0.999588
365200000 29793.7 -0.0746434 5000.09 0.999563
365300000 29793.7 -0.0940167 5000.09 0.999562
365400000 29793.7 -0.0572926 5000.09 0.999563
365500000 29793.7 -0.123307 5000.1 0.999564
365600000 29793.7 -0.116391 5000.1 0.999591
365700000 29793.7 -0.144361 5000.1 0.999564
365800000 29793.7 -0.171557 5000.11 0.999574
365900000 29793.7 -0.104081 5000.09 0.999566
366000000 29793.7 -0.104529 5000.1 0.999586
366100000 29793.7 -0.113343 5000.1 0.999569
366200000 29793.7 -0.162692 5000.1 0.999562
366300000 29793.7 -0.128233 5000.1 0.999559
366400000 29793.7 -0.101272 5000.09 0.999562
366500000 29793.7 -0.0371929 5000.08 0.999565
366600000 29793.7 -0.0811978 5000.09 0.999561
366700000 29793.7 0.232839 5000.04 0.999688
366800000 29793.7 3.00203 4999.57 1.00008
366900000 29793.7 -0.0626719 5000.09 0.999564
367000000 29793.7 -0.147539 5000.1 0.999571
367100000 29793.7 -0.125589 5000.1 0.999559
367200000 29793.7 -0.145522 5000.1 0.999566
367300000 29793.7 -0.187821 5000.11 0.999562
367400000 29793.7 0.556197 4999.98 0.999693
367500000 29793.7 -0.0900696 5000.09 0.999571
367600000 29793.7 -0.0696789 5000.09 0.999572
367700000 29793.7 -0.115408 5000.1 0.999591
367800000 29793.7 -0.185584 5000.11 0.99956
367900000 29793.7 0.316823 5000.02 0.999684
368000000 29793.7 -0.105167 5000.1 0.999569
368100000 29793.7 -0.0399703 5000.08 0.999564
368200000 29793.7 -0.0594286 5000.09 0.999562
368300000 29793.7 -0.165994 5000.11 0.999598
368400000 29793.7 2.49846 4999.66 0.99994
368500000 29793.7 -0.0661992 5000.09 0.999574
368600000 29793.7 0.905475 4999.93 0.999799
368700000 29793.7 -0.117652 5000.1 0.999587
368800000 29793.7 -0.0682979 5000.09 0.999572
368900000 29793.7 -0.191692 5000.11 0.999561
369000000 29793.7 -0.0858736 5000.09 0.999562
369100000 29793.7 -0.240833 5000.12 0.999601
369200000 29793.7 -0.161498 5000.1 0.99956
369300000 29793.7 -0.0986752 5000.09 0.999587
369400000 29793.7 -0.16672 5000.11 0.999562
369500000 29793.7 -0.132374 5000.1 0.999562
369600000 29793.7 0.152546 5000.05 0.999631
369700000 29793.7 -0.107517 5000.1 0.999561
369800000 29793.7 0.534754 4999.99 0.999687
369900000 29793.7 -0.090636 5000.09 0.999589
370000000 29793.7 -0.145304 5000.1 0.999564
370100000 29793.7 1.18169 4999.88 0.999843
370200000 29793.7 -0.0856672 5000.09 0.99958
370300000 29793.7 -0.116415 5000.1 0.999563
370400000 29793.7 -0.233965 5000.12 0.999574
370500000 29793.7 -0.11718 5000.1 0.999563
370600000 29793.7 0.0533682 5000.07 0.999608
370700000 29793.7 0.282962 5000.03 0.999662
370800000 29793.7 -0.159533 5000.1 0.999565
370900000 29793.7 0.212832 5000.04 0.999656
371000000 29793.7 -0.0240778 5000.08 0.999566
371100000 29793.7 -0.194057 5000.11 0.999575
371200000 29793.7 -0.0578904 5000.09 0.999564
371300000 29793.7 0.149167 5000.05 0.999672
371400000 29793.7 -0.0537537 5000.09 0.999564
371500000 29793.7 -0.076124 5000.09 0.999571
371600000 29793.7 -0.229661 5000.12 0.999566
371700000 29793.7 -0.0735146 5000.09 0.999562
371800000 29793.7 -0.173998 5000.11 0.999561
371900000 29793.7 -0.165069 5000.11 0.999594
372000000 29793.7 -0.109062 5000.1 0.999576
372100000 29793.7 -0.0661956 5000.09 0.999565
372200000 29793.7 0.875546 4999.93 0.999742
372300000 29793.7 0.0266803 5000.07 0.999633
372400000 29793.7 6.6562 4998.96 1.0003
372500000 29793.7 -0.0404733 5000.08 0.999585
372600000 29793.7 -0.0845612 5000.09 0.999561
372700000 29793.7 -0.132787 5000.1 0.999594
372800000 29793.7 0.295764 5000.03 0.99968
372900000 29793.7 -0.142706 5000.1 0.999557
373000000 29793.7 0.0157261 5000.07 0.999659
373100000 29793.7 -0.0813811 5000.09 0.999563
373200000 29793.7 -0.0297381 5000.08 0.999565
373300000 29793.7 -0.0935087 5000.09 0.999568
373400000 29793.7 0.303569 5000.03 0.999644
373500000 29793.7 -0.0269061 5000.08 0.999565
373600000 29793.7 -0.194077 5000.11 0.999589
373700000 29793.7 -0.0920266 5000.09 0.999567
373800000 29793.7 -0.0323166 5000.08 0.9996
373900000 29793.7 -0.145976 5000.1 0.999559
374000000 29793.7 -0.126756 5000.1 0.999561
374100000 29793.7 1.29293 4999.86 0.999845
374200000 29793.7 0.245497 5000.04 0.999668
374300000 29793.7 -0.107954 5000.1 0.999561
374400000 29793.7 0.0371852 5000.07 0.99962
374500000 29793.7 0.226457 5000.04 0.999646
374600000 29793.7 -0.210701 5000.11 0.999563
374700000 29793.7 -0.106093 5000.1 0.99956
374800000 29793.7 -0.185599 5000.11 0.999559
374900000 29793.7 -0.102536 5000.09 0.999571
375000000 29793.7 -0.0510818 5000.09 0.999564
375100000 29793.7 -0.139098 5000.1 0.99956
375200000 29793.7 -0.107566 5000.1 0.99956
375300000 29793.7 0.837226 4999.94 0.99975
375400000 29793.7 0.166871 5000.05 0.999655
375500000 29793.7 3.8353 4999.43 1.00014
375600000 29793.7 -0.0769425 5000.09 0.99957
375700000 29793.7 -0.0782404 5000.09 0.999563
375800000 29793.7 0.132541 5000.06 0.999655
375900000 29793.7 -0.161962 5000.1 0.999558
376000000 29793.7 0.0810582 5000.06 0.999608
376100000 29793.7 -0.038256 5000.08 0.999564
376200000 29793.7 -0.0830009 5000.09 0.999565
376300000 29793.7 -0.198101 5000.11 0.999569
376400000 29793.7 -0.058393 5000.09 0.999576
376500000 29793.7 -0.0764349 5000.09 0.999566
376600000 29793.7 -0.15818 5000.1 0.999592
376700000 29793.7 -0.140674 5000.1 0.999561
376800000 29793.7 -0.0165474 5000.08 0.999593
376900000 29793.7 -0.117458 5000.1 0.999561
377000000 29793.7 -0.0942221 5000.09 0.999585
377100000 29793.7 -0.125969 5000.1 0.999601
377200000 29793.7 -0.0493807 5000.09 0.999603
377300000 29793.7 -0.0498429 5000.09 0.999564
377400000 29793.7 4.80474 4999.27 1.00014
377500000 29793.7 2.18707 4999.71 0.99987
377600000 29793.7 -0.121646 5000.1 0.999562
377700000 29793.7 -0.0887513 5000.09 0.999569
377800000 29793.7 -0.198569 5000.11 0.999555
377900000 29793.7 -0.151444 5000.1 0.999558
378000000 29793.7 -0.0563102 5000.09 0.999562
378100000 29793.7 -0.0610043 5000.09 0.999564
378200000 29793.7 -0.0749452 5000.09 0.999578
378300000 29793.7 0.101193 5000.06 0.999627
378400000 29793.7 0.0026806 5000.08 0.999609
378500000 29793.7 -0.0611649 5000.09 0.999563
378600000 29793.7 -0.160893 5000.1 0.999578
378700000 29793.7 0.586142 4999.98 0.999683
378800000 29793.7 -0.12168 5000.1 0.999571
378900000 29793.7 0.933266 4999.92 0.999771
379000000 29793.7 -0.0470995 5000.09 0.999563
379100000 29793.7 -0.0462504 5000.09 0.99958
379200000 29793.7 -0.085083 5000.09 0.999566
379300000 29793.7 0.0147147 5000.08 0.99961
379400000 29793.7 -0.239979 5000.12 0.999554
379500000 29793.7 -0.0865623 5000.09 0.999572
379600000 29793.7 1.92581 4999.75 0.999877
379700000 29793.7 -0.167058 5000.11 0.999564
379800000 29793.7 -0.0640951 5000.09 0.999563
379900000 29793.7 -0.0468437 5000.09 0.999622
380000000 29793.7 -0.0749226 5000.09 0.999563
380100000 29793.7 -0.0567424 5000.09 0.999569
380200000 29793.7 -0.133605 5000.1 0.999562
380300000 29793.7 -0.128385 5000.1 0.999577
380400000 29793.7 -0.0826846 5000.09 0.999564
380500000 29793.7 -0.11475 5000.1 0.99956
380600000 29793.7 -0.136183 5000.1 0.999629
380700000 29793.7 -0.0459442 5000.09 0.999564
380800000 29793.7 -0.0695195 5000.09 0.99957
380900000 29793.7 0.0983606 5000.06 0.999629
381000000 29793.7 -0.0493058 5000.09 0.999629
381100000 29793.7 0.603191 4999.98 0.999686
381200000 29793.7 -0.0546073 5000.09 0.999564
381300000 29793.7 -0.0851326 5000.09 0.999561
381400000 29793.7 0.0117571 5000.08 0.999593
381500000 29793.7 -0.00583036 5000.08 0.999614
381600000 29793.7 -0.15889 5000.1 0.999561
381700000 29793.7 -0.133353 5000.1 0.999563
381800000 29793.7 -0.152764 5000.1 0.999562
381900000 29793.7 -0.129402 5000.1 0.999559
382000000 29793.7 -0.0683402 5000.09 0.999561
382100000 29793.7 0.736984 4999.95 0.999752
382200000 29793.7 -0.113937 5000.1 0.999566
382300000 29793.7 -0.138149 5000.1 0.999565
382400000 29793.7 0.142017 5000.05 0.999653
382500000 29793.7 0.704425 4999.96 0.999703
382600000 29793.7 -0.128325 5000.1 0.999566
382700000 29793.7 -0.273808 5000.12 0.999554
382800000 29793.7 -0.143335 5000.1 0.999595
382900000 29793.7 -0.0989524 5000.09 0.999563
383000000 29793.7 0.903482 4999.93 0.999764
383100000 29793.7 -0.0737835 5000.09 0.999579
383200000 29793.7 1.35168 4999.85 0.999778
383300000 29793.7 0.588904 4999.98 0.999705
383400000 29793.7 0.271565 5000.03 0.999674
383500000 29793.7 3.49504 4999.49 1.00001
383600000 29793.7 -0.0735855 5000.09 0.999562
383700000 29793.7 -0.161054 5000.1 0.99959
383800000 29793.7 -0.22717 5000.12 0.999564
383900000 29793.7 -0.238398 5000.12 0.999584
384000000 29793.7 -0.0682344 5000.09 0.999565
384100000 29793.7 1.45011 4999.83 0.999836
384200000 29793.7 -0.0527994 5000.09 0.999564
384300000 29793.7 -0.12612 5000.1 0.999564
384400000 29793.7 -0.0112033 5000.08 0.999567
384500000 29793.7 -0.0741288 5000.09 0.999562
384600000 29793.7 -0.0697823 5000.09 0.99958
384700000 29793.7 -0.0270955 5000.08 0.999602
384800000 29793.7 -0.0995007 5000.09 0.999573
384900000 29793.7 2.99508 4999.57 0.999975
385000000 29793.7 -0.204292 5000.11 0.999582
385100000 29793.7 0.1168 5000.06 0.999647
385200000 29793.7 -0.0988356 5000.09 0.999587
385300000 29793.7 -0.135584 5000.1 0.999558
385400000 29793.7 -0.0507641 5000.09 0.999592
385500000 29793.7 0.596025 4999.98 0.99969
385600000 29793.7 -0.149803 5000.1 0.999584
385700000 29793.7 -0.0805206 5000.09 0.999562
385800000 29793.7 -0.0268478 5000.08 0.999566
385900000 29793.7 -0.215641 5000.11 0.999571
386000000 29793.7 1.00922 4999.91 0.999743
386100000 29793.7 -0.163523 5000.1 0.999561
386200000 29793.7 -0.168533 5000.11 0.999567
386300000 29793.7 -0.0731766 5000.09 0.999564
386400000 29793.7 -0.0883342 5000.09 0.99961
386500000 29793.7 -0.162596 5000.1 0.999597
386600000 29793.7 1.24746 4999.87 0.999925
386700000 29793.7 0.104812 5000.06 0.999624
386800000 29793.7 -0.134338 5000.1 0.999607
386900000 29793.7 0.0594687 5000.07 0.999614
387000000 29793.7 -0.0324011 5000.08 0.999565
387100000 29793.7 0.530135 4999.99 0.999695
387200000 29793.7 -0.0405698 5000.08 0.999565
387300000 29793.7 0.0401113 5000.07 0.9996
387400000 29793.7 -0.191678 5000.11 0.999565
387500000 29793.7 2.15373 4999.72 0.999948
387600000 29793.7 -0.0200325 5000.08 0.999566
387700000 29793.7 -0.12414 5000.1 0.999568
387800000 29793.7 -0.102853 5000.09 0.999564
387900000 29793.7 0.0320015 5000.07 0.999644
388000000 29793.7 -0.115124 5000.1 0.999561
388100000 29793.7 -0.186047 5000.11 0.999576
388200000 29793.7 -0.173792 5000.11 0.999559
388300000 29793.7 1.56243 4999.82 0.999857
388400000 29793.7 -0.13556 5000.1 0.999562
388500000 29793.7 -0.0269381 5000.08 0.999565
388600000 29793.7 -0.140252 5000.1 0.999564
388700000 29793.7 -0.147844 5000.1 0.999564
388800000 29793.7 -0.0504426 5000.09 0.999563
388900000 29793.7 -0.0646565 5000.09 0.999565
389000000 29793.7 -0.0214587 5000.08 0.999585
389100000 29793.7 -0.0732078 5000.09 0.999563
389200000 29793.7 -0.114125 5000.1 0.999573
389300000 29793.7 -0.13648 5000.1 0.999591
389400000 29793.7 -0.168491 5000.11 0.999565
389500000 29793.7 -0.0356439 5000.08 0.999585
389600000 29793.7 -0.149687 5000.1 0.999566
389700000 29793.7 -0.153305 5000.1 0.999578
389800000 29793.7 -0.0241252 5000.08 0.999565
389900000 29793.7 -0.127243 5000.1 0.999581
390000000 29793.7 -0.214166 5000.11 0.999577
390100000 29793.7 -0.0523566 5000.09 0.999564
390200000 29793.7 -0.177101 5000.11 0.999569
390300000 29793.7 -0.169584 5000.11 0.999562
390400000 29793.7 -0.184266 5000.11 0.999556
390500000 29793.7 -0.191955 5000.11 0.99959
390600000 29793.7 -0.0981181 5000.09 0.999567
390700000 29793.7 -0.0845644 5000.09 0.999561
390800000 29793.7 -0.0637546 5000.09 0.999584
390900000 29793.7 -0.116383 5000.1 0.999564
391000000 29793.7 -0.108196 5000.1 0.999565
391100000 29793.7 -0.124472 5000.1 0.999564
391200000 29793.7 -0.0188575 5000.08 0.999606
391300000 29793.7 -0.0224172 5000.08 0.999566
391400000 29793.7 0.315677 5000.02 0.999687
391500000 29793.7 0.41432 5000.01 0.999735
391600000 29793.7 0.203237 5000.04 0.999653
391700000 29793.7 -0.0618898 5000.09 0.999569
391800000 29793.7 -0.089027 5000.09 0.999567
391900000 29793.7 -0.127086 5000.1 0.999559
392000000 29793.7 -0.0214113 5000.08 0.999566
392100000 29793.7 -0.150516 5000.1 0.999576
392200000 29793.7 -0.0830844 5000.09 0.999562
392300000 29793.7 -0.198163 5000.11 0.99957
392400000 29793.7 -0.123098 5000.1 0.99957
392500000 29793.7 -0.0532377 5000.09 0.999579
392600000 29793.7 0.384589 5000.01 0.999698
392700000 29793.7 -0.0794127 5000.09 0.999562
392800000 29793.7 -0.142225 5000.1 0.999564
392900000 29793.7 1.03069 4999.9 0.999741
393000000 29793.7 -0.0878044 5000.09 0.999562
393100000 29793.7 -0.187885 5000.11 0.99956
393200000 29793.7 1.1247 4999.89 0.999807
393300000 29793.7 -0.0166186 5000.08 0.999567
393400000 29793.7 0.97881 4999.91 0.999756
393500000 29793.7 -0.0910291 5000.09 0.999561
393600000 29793.7 -0.061221 5000.09 0.999562
393700000 29793.7 3.02782 4999.57 0.999986
393800000 29793.7 -0.0949189 5000.09 0.999564
393900000 29793.7 1.36767 4999.85 0.999836
394000000 29793.7 0.0771232 5000.06 0.999607
394100000 29793.7 -0.271952 5000.12 0.999572
394200000 29793.7 -0.145834 5000.1 0.999563
394300000 29793.7 -0.117093 5000.1 0.999559
394400000 29793.7 -0.0721593 5000.09 0.999563
394500000 29793.7 -0.181628 5000.11 0.999567
394600000 29793.7 -0.0776247 5000.09 0.999571
394700000 29793.7 -0.265232 5000.12 0.999573
394800000 29793.7 -0.0650267 5000.09 0.999615
394900000 29793.7 -0.131613 5000.1 0.999591
395000000 29793.7 -0.0379036 5000.08 0.999605
395100000 29793.7 -0.187295 5000.11 0.999558
395200000 29793.7 -0.132459 5000.1 0.999567
395300000 29793.7 -0.0277648 5000.08 0.999565
395400000 29793.7 -0.201737 5000.11 0.999579
395500000 29793.7 -0.129503 5000.1 0.999564
395600000 29793.7 0.45339 5000 0.999666
395700000 29793.7 -0.113993 5000.1 0.99957
395800000 29793.7 0.101962 5000.06 0.999642
395900000 29793.7 -0.0742818 5000.09 0.999568
396000000 29793.7 0.161505 5000.05 0.999665
396100000 29793.7 -0.13245 5000.1 0.999568
396200000 29793.7 0.319205 5000.02 0.999668
396300000 29793.7 -0.0925752 5000.09 0.999584
396400000 29793.7 -0.0821069 5000.09 0.999562
396500000 29793.7 1.10397 4999.89 0.99979
396600000 29793.7 -0.103353 5000.09 0.999571
396700000 29793.7 -0.172727 5000.11 0.999558
396800000 29793.7 -0.145014 5000.1 0.999563
396900000 29793.7 0.999912 4999.91 0.999754
397000000 29793.7 -0.130648 5000.1 0.999564
397100000 29793.7 -0.1603 5000.1 0.999559
397200000 29793.7 -0.0590014 5000.09 0.999574
397300000 29793.7 0.286331 5000.03 0.999642
397400000 29793.7 0.0771081 5000.06 0.999614
397500000 29793.7 -0.093967 5000.09 0.999568
397600000 29793.7 -0.263926 5000.12 0.999571
397700000 29793.7 0.776257 4999.95 0.999712
397800000 29793.7 -0.0803561 5000.09 0.999561
397900000 29793.7 3.97232 4999.41 1.00005
398000000 29793.7 0.36775 5000.02 0.999665
398100000 29793.7 0.75198 4999.95 0.99971
398200000 29793.7 -0.217758 5000.11 0.999572
398300000 29793.7 0.23107 5000.04 0.999659
398400000 29793.7 -0.0482117 5000.09 0.999605
398500000 29793.7 -0.0688325 5000.09 0.999619
398600000 29793.7 0.200606 5000.04 0.999646
398700000 29793.7 1.55511 4999.82 0.999846
398800000 29793.7 -0.0556668 5000.09 0.999564
398900000 29793.7 0.0559155 5000.07 0.999625
399000000 29793.7 -0.0230936 5000.08 0.999566
399100000 29793.7 -0.10982 5000.1 0.999592
399200000 29793.7 -0.117074 5000.1 0.999563
399300000 29793.7 1.31076 4999.86 0.999831
399400000 29793.7 -0.0952352 5000.09 0.999579
399500000 29793.7 -0.0130544 5000.08 0.999604
399600000 29793.7 -0.00341222 5000.08 0.999594
399700000 29793.7 -0.136643 5000.1 0.999558
399800000 29793.7 -0.172632 5000.11 0.999573
399900000 29793.7 1.4108 4999.84 0.999838
400000000 29793.7 3.06481 4999.56 1.00003
400100000 29793.7 -0.0212102 5000.08 0.999566
400200000 29793.7 0.0879113 5000.06 0.999646
400300000 29793.7 -0.163359 5000.1 0.999561
400400000 29793.7 -0.0139273 5000.08 0.999567
400500000 29793.7 2.44908 4999.67 1.00001
400600000 29793.7 -0.122211 5000.1 0.999562
400700000 29793.7 0.132154 5000.06 0.999637
400800000 29793.7 -0.101532 5000.09 0.999569
400900000 29793.7 -0.0573962 5000.09 0.999573
401000000 29793.7 -0.0430377 5000.08 0.999566
401100000 29793.7 -0.0621615 5000.09 0.999563
401200000 29793.7 -0.124558 5000.1 0.999578
401300000 29793.7 -0.0571353 5000.09 0.999587
401400000 29793.7 -0.207394 5000.11 0.999574
401500000 29793.7 -0.0538385 5000.09 0.999594
401600000 29793.7 -0.166083 5000.11 0.999572
401700000 29793.7 -0.0101255 5000.08 0.999567
401800000 29793.7 -0.25483 5000.12 0.999567
401900000 29793.7 -0.138384 5000.1 0.999601
402000000 29793.7 0.830512 4999.94 0.999765
402100000 29793.7 1.83794 4999.77 0.999834
402200000 29793.7 -0.0782915 5000.09 0.999565
402300000 29793.7 -0.168804 5000.11 0.999563
402400000 29793.7 -0.0150989 5000.08 0.999613
402500000 29793.7 -0.0660812 5000.09 0.999563
402600000 29793.7 -0.0723834 5000.09 0.999562
402700000 29793.7 -0.185366 5000.11 0.999577
402800000 29793.7 -0.199057 5000.11 0.999573
402900000 29793.7 0.920973 4999.92 0.99974
403000000 29793.7 -0.0710968 5000.09 0.999566
403100000 29793.7 1.72147 4999.79 0.999852
403200000 29793.7 -0.0647833 5000.09 0.999568
403300000 29793.7 -0.0797985 5000.09 0.999561
403400000 29793.7 -0.0699332 5000.09 0.999561
403500000 29793.7 -0.0794162 5000.09 0.999564
403600000 29793.7 0.0289333 5000.07 0.999618
403700000 29793.7 -0.205931 5000.11 0.999556
403800000 29793.7 -0.146185 5000.1 0.999565
403900000 29793.7 -0.120185 5000.1 0.999577
404000000 29793.7 -0.130932 5000.1 0.999557
404100000 29793.7 0.209357 5000.04 0.999643
404200000 29793.7 0.70623 4999.96 0.99971
404300000 29793.7 -0.0367092 5000.08 0.999565
404400000 29793.7 1.09954 4999.89 0.999749
404500000 29793.7 -0.187942 5000.11 0.999571
404600000 29793.7 0.116272 5000.06 0.999639
404700000 29793.7 -0.155568 5000.1 0.999591
404800000 29793.7 2.21975 4999.71 0.999931
404900000 29793.7 -0.115316 5000.1 0.999567
405000000 29793.7 -0.0462241 5000.09 0.999564
405100000 29793.7 -0.113274 5000.1 0.999575
405200000 29793.7 -0.166078 5000.11 0.999562
405300000 29793.7 0.197755 5000.04 0.999646
405400000 29793.7 2.38828 4999.68 0.999916
405500000 29793.7 -0.0616201 5000.09 0.999569
405600000 29793.7 -0.0977829 5000.09 0.999574
405700000 29793.7 -0.0339312 5000.08 0.999565
405800000 29793.7 0.16447 5000.05 0.999642
405900000 29793.7 -0.150123 5000.1 0.999593
406000000 29793.7 -0.0721627 5000.09 0.999594
406100000 29793.7 -0.180121 5000.11 0.999579
406200000 29793.7 0.219798 5000.04 0.999638
406300000 29793.7 -0.0378638 5000.08 0.999617
406400000 29793.7 -0.0387549 5000.08 0.999565
406500000 29793.7 -0.188584 5000.11 0.99957
406600000 29793.7 -0.256732 5000.12 0.99956
406700000 29793.7 -0.103018 5000.09 0.999581
406800000 29793.7 -0.272786 5000.12 0.99956
406900000 29793.7 -0.0280101 5000.08 0.999587
407000000 29793.7 -0.192092 5000.11 0.999588
407100000 29793.7 -0.0477292 5000.09 0.999563
407200000 29793.7 -0.15973 5000.1 0.999566
407300000 29793.7 0.507901 4999.99 0.999686
407400000 29793.7 0.0965878 5000.06 0.999615
407500000 29793.7 0.0611743 5000.07 0.999647
407600000 29793.7 -0.233383 5000.12 0.999582
407700000 29793.7 -0.275279 5000.12 0.999564
407800000 29793.7 -0.0545496 5000.09 0.999563
407900000 29793.7 0.221364 5000.04 0.999655
408000000 29793.7 -0.0424809 5000.08 0.999564
408100000 29793.7 -0.151838 5000.1 0.999568
408200000 29793.7 0.240546 5000.04 0.999648
408300000 29793.7 -0.19987 5000.11 0.999564
408400000 29793.7 -0.0512781 5000.09 0.999563
408500000 29793.7 -0.0101881 5000.08 0.999567
408600000 29793.7 -0.0363392 5000.08 0.999564
408700000 29793.7 0.006296 5000.08 0.999635
408800000 29793.7 1.33647 4999.85 0.999778
408900000 29793.7 -0.0636798 5000.09 0.999563
409000000 29793.7 -0.0409464 5000.08 0.999586
409100000 29793.7 0.0788 5000.06 0.999607
409200000 29793.7 -0.182491 5000.11 0.999591
409300000 29793.7 -0.136359 5000.1 0.99956
409400000 29793.7 0.44308 5000 0.999688
409500000 29793.7 -0.285839 5000.13 0.999565
409600000 29793.7 0.310321 5000.03 0.999666
409700000 29793.7 1.34446 4999.85 0.99982
409800000 29793.7 0.00250453 5000.08 0.999619
409900000 29793.7 0.485423 5000 0.999673
410000000 29793.7 0.371432 5000.02 0.999654
410100000 29793.7 -0.225326 5000.12 0.999601
410200000 29793.7 -0.160167 5000.1 0.999558
410300000 29793.7 0.123857 5000.06 0.999625
410400000 29793.7 -0.174325 5000.11 0.999582
410500000 29793.7 -0.0770922 5000.09 0.999588
410600000 29793.7 -0.0328383 5000.08 0.999566
410700000 29793.7 -0.0454534 5000.09 0.999601
410800000 29793.7 0.104798 5000.06 0.999623
410900000 29793.7 3.03286 4999.57 1.00008
411000000 29793.7 -0.126336 5000.1 0.999577
411100000 29793.7 0.451836 5000 0.999707
411200000 29793.7 -0.258573 5000.12 0.999572
411300000 29793.7 0.157788 5000.05 0.999645
411400000 29793.7 -0.114461 5000.1 0.999558
411500000 29793.7 -0.168541 5000.11 0.999578
411600000 29793.7 -0.0946154 5000.09 0.999571
411700000 29793.7 0.0359775 5000.07 0.999619
411800000 29793.7 -0.0130588 5000.08 0.999634
411900000 29793.7 -0.07543 5000.09 0.999565
412000000 29793.7 -0.0546931 5000.09 0.99958
412100000 29793.7 -0.118206 5000.1 0.999608
412200000 29793.7 0.338801 5000.02 0.999662
412300000 29793.7 -0.181686 5000.11 0.999556
412400000 29793.7 -0.0804561 5000.09 0.999609
412500000 29793.7 -0.0306442 5000.08 0.999565
412600000 29793.7 -0.115791 5000.1 0.99957
412700000 29793.7 -0.0557053 5000.09 0.999564
412800000 29793.7 0.00667918 5000.08 0.999625
412900000 29793.7 -0.0586432 5000.09 0.999603
413000000 29793.7 -0.130323 5000.1 0.999576
413100000 29793.7 -0.103311 5000.09 0.999568
413200000 29793.7 -0.169813 5000.11 0.999558
413300000 29793.7 -0.139624 5000.1 0.999567
413400000 29793.7 0.474853 5000 0.999688
413500000 29793.7 1.13707 4999.89 0.999758
413600000 29793.7 -0.209719 5000.11 0.999574
413700000 29793.7 -0.263907 5000.12 0.999565
413800000 29793.7 0.356382 5000.02 0.999662
413900000 29793.7 -0.208774 5000.11 0.999556
414000000 29793.7 0.203701 5000.04 0.999643
414100000 29793.7 0.284276 5000.03 0.999642
414200000 29793.7 0.202985 5000.04 0.99963
414300000 29793.7 -0.128794 5000.1 0.999561
414400000 29793.7 4.02952 4999.4 1.00006
414500000 29793.7 -0.12607 5000.1 0.999558
414600000 29793.7 -0.0614341 5000.09 0.99957
414700000 29793.7 0.414159 5000.01 0.999693
414800000 29793.7 0.036936 5000.07 0.999607
414900000 29793.7 -0.0904005 5000.09 0.999595
415000000 29793.7 0.160706 5000.05 0.999636
415100000 29793.7 -0.0832836 5000.09 0.999563
415200000 29793.7 0.109886 5000.06 0.999614
415300000 29793.7 -0.127838 5000.1 0.999564
415400000 29793.7 0.157129 5000.05 0.999647
415500000 29793.7 -0.170356 5000.11 0.999566
415600000 29793.7 -0.192415 5000.11 0.999561
415700000 29793.7 -0.134533 5000.1 0.99956
415800000 29793.7 -0.0428964 5000.08 0.999564
415900000 29793.7 -0.0440773 5000.08 0.999603
416000000 29793.7 0.0302939 5000.07 0.999623
416100000 29793.7 6.12141 4999.05 1.00031
416200000 29793.7 0.053375 5000.07 0.99964
416300000 29793.7 0.109779 5000.06 0.999648
416400000 29793.7 0.592802 4999.98 0.999695
416500000 29793.7 -0.094689 5000.09 0.99956
416600000 29793.7 0.0285802 5000.07 0.999605
416700000 29793.7 -0.150409 5000.1 0.999558
416800000 29793.7 -0.165989 5000.11 0.999555
416900000 29793.7 -0.0913409 5000.09 0.999585
417000000 29793.7 -0.121584 5000.1 0.999583
417100000 29793.7 2.70863 4999.62 0.999923
417200000 29793.7 -0.16118 5000.1 0.999558
417300000 29793.7 0.854098 4999.93 0.999727
417400000 29793.7 -0.0710418 5000.09 0.999562
417500000 29793.7 -0.0747527 5000.09 0.999563
417600000 29793.7 0.190525 5000.05 0.99965
417700000 29793.7 -0.166949 5000.11 0.999568
417800000 29793.7 0.34419 5000.02 0.999672
417900000 29793.7 0.0847353 5000.06 0.999649
418000000 29793.7 -0.11475 5000.1 0.999569
418100000 29793.7 0.135554 5000.05 0.999618
418200000 29793.7 -0.0653138 5000.09 0.999563
418300000 29793.7 -0.0639544 5000.09 0.999585
418400000 29793.7 -0.0815453 5000.09 0.999561
418500000 29793.7 -0.0504051 5000.09 0.999564
418600000 29793.7 -0.0568688 5000.09 0.999562
418700000 29793.7 -0.0999732 5000.09 0.999567
418800000 29793.7 -0.101587 5000.09 0.99959
418900000 29793.7 -0.0920062 5000.09 0.999561
419000000 29793.7 -0.0842266 5000.09 0.999577
419100000 29793.7 -0.128154 5000.1 0.999568
419200000 29793.7 -0.125108 5000.1 0.999569
419300000 29793.7 -0.0324086 5000.08 0.999613
419400000 29793.7 -0.0218326 5000.08 0.999593
419500000 29793.7 -0.180921 5000.11 0.999576
419600000 29793.7 -0.108416 5000.1 0.99959
419700000 29793.7 0.243812 5000.04 0.999646
419800000 29793.7 1.16371 4999.88 0.999763
419900000 29793.7 -0.149467 5000.1 0.999563
420000000 29793.7 -0.0824845 5000.09 0.99956
420100000 29793.7 -0.200807 5000.11 0.999566
420200000 29793.7 1.52869 4999.82 0.999838
420300000 29793.7 0.391761 5000.01 0.999665
420400000 29793.7 -0.0761589 5000.09 0.999574
420500000 29793.7 -0.0308235 5000.08 0.999565
420600000 29793.7 -0.122672 5000.1 0.999559
420700000 29793.7 -0.127529 5000.1 0.999561
420800000 29793.7 2.699 4999.62 0.999939
420900000 29793.7 -0.107408 5000.1 0.999561
421000000 29793.7 -0.0239657 5000.08 0.999628
421100000 29793.7 -0.0338369 5000.08 0.999565
421200000 29793.7 -0.103652 5000.09 0.999564
421300000 29793.7 -0.0668186 5000.09 0.999562
421400000 29793.7 -0.365246 5000.14 0.999593
421500000 29793.7 -0.0630958 5000.09 0.99958
421600000 29793.7 -0.0655413 5000.09 0.999563
421700000 29793.7 -0.0835246 5000.09 0.999561
421800000 29793.7 0.410312 5000.01 0.999663
421900000 29793.7 0.720288 4999.96 0.999705
422000000 29793.7 0.0722411 5000.07 0.999631
422100000 29793.7 -0.17741 5000.11 0.999567
422200000 29793.7 -0.0921626 5000.09 0.999574
422300000 29793.7 -0.0243376 5000.08 0.999565
422400000 29793.7 -0.176128 5000.11 0.999561
422500000 29793.7 3.60338 4999.47 1.00009
422600000 29793.7 -0.0549924 5000.09 0.999563
422700000 29793.7 -0.012512 5000.08 0.999567
422800000 29793.7 -0.195678 5000.11 0.999555
422900000 29793.7 0.366622 5000.02 0.999665
423000000 29793.7 0.0958334 5000.06 0.999625
423100000 29793.7 -0.0760731 5000.09 0.999563
423200000 29793.7 1.00342 4999.91 0.999767
423300000 29793.7 2.18327 4999.71 0.999929
423400000 29793.7 -0.0992287 5000.09 0.999621
423500000 29793.7 -0.0119763 5000.08 0.999608
423600000 29793.7 -0.166755 5000.11 0.999559
423700000 29793.7 -0.121125 5000.1 0.999561
423800000 29793.7 -0.140284 5000.1 0.999598
423900000 29793.7 -0.106126 5000.1 0.999583
424000000 29793.7 -0.169973 5000.11 0.999561
424100000 29793.7 0.469468 5000 0.999671
424200000 29793.7 -0.0752914 5000.09 0.999563
424300000 29793.7 -0.0685299 5000.09 0.999571
424400000 29793.7 3.63564 4999.47 1.00002
424500000 29793.7 0.148848 5000.05 0.999643
424600000 29793.7 0.0887921 5000.06 0.999637
424700000 29793.7 -0.168622 5000.11 0.999556
424800000 29793.7 -0.265751 5000.12 0.999579
424900000 29793.7 -0.183501 5000.11 0.999564
425000000 29793.7 2.23475 4999.7 0.999926
425100000 29793.7 1.03452 4999.9 0.999761
425200000 29793.7 -0.0945431 5000.09 0.999616
425300000 29793.7 -0.102543 5000.09 0.999564
425400000 29793.7 3.36457 4999.51 1.00004
425500000 29793.7 -0.0457865 5000.09 0.999564
425600000 29793.7 -0.19311 5000.11 0.999558
425700000 29793.7 -0.0593259 5000.09 0.999586
425800000 29793.7 -0.111471 5000.1 0.999566
425900000 29793.7 -0.0774394 5000.09 0.999591
426000000 29793.7 0.263665 5000.03 0.99965
426100000 29793.7 -0.115483 5000.1 0.999569
426200000 29793.7 -0.130309 5000.1 0.999557
426300000 29793.7 1.73903 4999.79 0.999828
426400000 29793.7 -0.115736 5000.1 0.999563
426500000 29793.7 -0.090403 5000.09 0.999563
426600000 29793.7 -0.0295241 5000.08 0.999565
426700000 29793.7 1.03787 4999.9 0.999784
426800000 29793.7 0.224072 5000.04 0.9997
426900000 29793.7 0.141645 5000.05 0.999659
427000000 29793.7 -0.0521092 5000.09 0.999564
427100000 29793.7 -0.132317 5000.1 0.999573
427200000 29793.7 -0.14118 5000.1 0.999559
427300000 29793.7 0.132093 5000.06 0.999637
427400000 29793.7 0.43642 5000 0.999703
427500000 29793.7 -0.168978 5000.11 0.999569
427600000 29793.7 -0.125314 5000.1 0.999565
427700000 29793.7 -0.00874239 5000.08 0.999567
427800000 29793.7 -0.0807465 5000.09 0.999561
427900000 29793.7 -0.15414 5000.1 0.999578
428000000 29793.7 -0.0813013 5000.09 0.999562
428100000 29793.7 -0.163731 5000.1 0.999563
428200000 29793.7 0.346289 5000.02 0.999679
428300000 29793.7 -0.108748 5000.1 0.999586
428400000 29793.7 -0.143078 5000.1 0.999567
428500000 29793.7 -0.0961015 5000.09 0.999564
428600000 29793.7 -0.149096 5000.1 0.999567
428700000 29793.7 0.415679 5000.01 0.999689
428800000 29793.7 0.253844 5000.03 0.999644
428900000 29793.7 0.312234 5000.03 0.999649
429000000 29793.7 -0.188352 5000.11 0.99961
429100000 29793.7 0.105468 5000.06 0.999613
429200000 29793.7 -0.118986 5000.1 0.999566
429300000 29793.7 1.43532 4999.84 0.999788
429400000 29793.7 0.0509699 5000.07 0.999601
429500000 29793.7 -0.041839 5000.08 0.999565
429600000 29793.7 0.0590683 5000.07 0.999619
429700000 29793.7 -0.0862887 5000.09 0.99956
429800000 29793.7 -0.136213 5000.1 0.999568
429900000 29793.7 0.586377 4999.98 0.999689
430000000 29793.7 -0.0839541 5000.09 0.999565
430100000 29793.7 -0.139317 5000.1 0.999604
430200000 29793.7 -0.0792696 5000.09 0.999562
430300000 29793.7 -0.105225 5000.1 0.999559
430400000 29793.7 0.357944 5000.02 0.99967
430500000 29793.7 -0.0696355 5000.09 0.999565
430600000 29793.7 0.174152 5000.05 0.999643
430700000 29793.7 2.01569 4999.74 0.999864
430800000 29793.7 -0.0828244 5000.09 0.999562
430900000 29793.7 0.230718 5000.04 0.999661
431000000 29793.7 -0.0246256 5000.08 0.999566
431100000 29793.7 1.13446 4999.89 0.999794
431200000 29793.7 -0.0164931 5000.08 0.999567
431300000 29793.7 -0.106553 5000.1 0.999575
431400000 29793.7 -0.17446 5000.11 0.999562
431500000 29793.7 -0.10554 5000.1 0.999571
431600000 29793.7 -0.0757407 5000.09 0.999566
431700000 29793.7 2.13997 4999.72 0.999935
431800000 29793.7 -0.0950352 5000.09 0.99958
431900000 29793.7 0.784085 4999.95 0.999716
432000000 29793.7 -0.0768891 5000.09 0.999561
432100000 29793.7 0.0683644 5000.07 0.999606
432200000 29793.7 0.686226 4999.96 0.99977
432300000 29793.7 -0.0246815 5000.08 0.999566
432400000 29793.7 -0.101265 5000.09 0.999565
432500000 29793.7 -0.117606 5000.1 0.999567
432600000 29793.7 1.2888 4999.86 0.999791
432700000 29793.7 0.607364 4999.98 0.999707
432800000 29793.7 -0.113978 5000.1 0.999565
432900000 29793.7 -0.0772778 5000.09 0.999564
433000000 29793.7 -0.0755077 5000.09 0.999561
433100000 29793.7 -0.057179 5000.09 0.999563
433200000 29793.7 -0.0695702 5000.09 0.999564
433300000 29793.7 0.352337 5000.02 0.999655
433400000 29793.7 -0.0739391 5000.09 0.999564
433500000 29793.7 -0.0964985 5000.09 0.999563
433600000 29793.7 -0.0202545 5000.08 0.999566
433700000 29793.7 0.0841474 5000.06 0.999609
433800000 29793.7 -0.0259355 5000.08 0.999604
433900000 29793.7 -0.0268342 5000.08 0.999565
434000000 29793.7 0.110356 5000.06 0.999645
434100000 29793.7 -0.0519654 5000.09 0.999563
434200000 29793.7 0.609122 4999.98 0.999693
434300000 29793.7 -0.0167023 5000.08 0.999566
434400000 29793.7 0.0146096 5000.08 0.999612
434500000 29793.7 -0.0353958 5000.08 0.999565
434600000 29793.7 -0.168924 5000.11 0.99956
434700000 29793.7 0.14179 5000.05 0.999635
434800000 29793.7 -0.0868964 5000.09 0.999589
434900000 29793.7 -0.0119772 5000.08 0.999567
435000000 29793.7 -0.101322 5000.09 0.999568
435100000 29793.7 -0.013094 5000.08 0.999598
435200000 29793.7 -0.10362 5000.09 0.999559
435300000 29793.7 -0.0606571 5000.09 0.999563
435400000 29793.7 -0.147436 5000.1 0.999578
435500000 29793.7 0.839971 4999.94 0.999772
435600000 29793.7 -0.105348 5000.1 0.999561
435700000 29793.7 -0.163483 5000.1 0.999558
435800000 29793.7 -0.0439407 5000.08 0.999566
435900000 29793.7 -0.185523 5000.11 0.999559
436000000 29793.7 -0.0313679 5000.08 0.999628
436100000 29793.7 -0.0992298 5000.09 0.999564
436200000 29793.7 2.49474 4999.66 0.999954
436300000 29793.7 -0.0825416 5000.09 0.999562
436400000 29793.7 -0.113733 5000.1 0.99956
436500000 29793.7 -0.0477772 5000.09 0.999612
436600000 29793.7 -0.235426 5000.12 0.99956
436700000 29793.7 -0.0964174 5000.09 0.999586
436800000 29793.7 -0.119207 5000.1 0.999565
436900000 29793.7 -0.0181779 5000.08 0.999622
437000000 29793.7 -0.113384 5000.1 0.999561
437100000 29793.7 -0.141075 5000.1 0.99956
437200000 29793.7 -0.121312 5000.1 0.999559
437300000 29793.7 -0.118505 5000.1 0.999561
437400000 29793.7 -0.010941 5000.08 0.999603
437500000 29793.7 1.21053 4999.87 0.999811
437600000 29793.7 -0.0177057 5000.08 0.999618
437700000 29793.7 2.75488 4999.62 0.999957
437800000 29793.7 -0.0227752 5000.08 0.999566
437900000 29793.7 -0.0977285 5000.09 0.999565
438000000 29793.7 -0.146711 5000.1 0.999561
438100000 29793.7 0.101859 5000.06 0.999622
438200000 29793.7 0.159087 5000.05 0.999645
438300000 29793.7 -0.213701 5000.11 0.999571
438400000 29793.7 -0.0607541 5000.09 0.999562
438500000 29793.7 -0.121945 5000.1 0.999559
438600000 29793.7 -0.143478 5000.1 0.999569
438700000 29793.7 0.73627 4999.95 0.999737
438800000 29793.7 -0.164951 5000.11 0.999591
438900000 29793.7 -0.0321502 5000.08 0.999586
439000000 29793.7 -0.0982021 5000.09 0.999559
439100000 29793.7 -0.063675 5000.09 0.999562
439200000 29793.7 -0.0715491 5000.09 0.999564
439300000 29793.7 -0.0545759 5000.09 0.999562
439400000 29793.7 -0.0352387 5000.08 0.999618
439500000 29793.7 -0.204645 5000.11 0.999559
439600000 29793.7 -0.126176 5000.1 0.999574
439700000 29793.7 0.928697 4999.92 0.999826
439800000 29793.7 -0.0683477 5000.09 0.999585
439900000 29793.7 -0.157685 5000.1 0.999568
440000000 29793.7 -0.0425344 5000.08 0.999591
440100000 29793.7 -0.114996 5000.1 0.999571
440200000 29793.7 2.18561 4999.71 0.99987
440300000 29793.7 -0.0995351 5000.09 0.999565
440400000 29793.7 -0.134347 5000.1 0.999568
440500000 29793.7 -0.216818 5000.11 0.999566
440600000 29793.7 -0.0776911 5000.09 0.999563
440700000 29793.7 -0.111607 5000.1 0.999564
440800000 29793.7 -0.137133 5000.1 0.999569
440900000 29793.7 0.664794 4999.97 0.999695
441000000 29793.7 -0.0156676 5000.08 0.999596
441100000 29793.7 -0.131373 5000.1 0.999577
441200000 29793.7 0.0237015 5000.07 0.9996
441300000 29793.7 -0.102242 5000.09 0.999561
441400000 29793.7 0.651937 4999.97 0.999697
441500000 29793.7 0.0878635 5000.06 0.999627
441600000 29793.7 -0.0843269 5000.09 0.999562
441700000 29793.7 0.391433 5000.01 0.999662
441800000 29793.7 -0.0686172 5000.09 0.999563
441900000 29793.7 -0.220133 5000.11 0.99958
442000000 29793.7 -0.118808 5000.1 0.999575
442100000 29793.7 -0.0226362 5000.08 0.999609
442200000 29793.7 0.0454822 5000.07 0.999627
442300000 29793.7 0.170271 5000.05 0.999645
442400000 29793.7 -0.130277 5000.1 0.999594
442500000 29793.7 -0.116602 5000.1 0.999567
442600000 29793.7 0.0916003 5000.06 0.999652
442700000 29793.7 -0.125152 5000.1 0.999563
442800000 29793.7 -0.105861 5000.1 0.999572
442900000 29793.7 -0.0535165 5000.09 0.999564
443000000 29793.7 -0.189647 5000.11 0.999583
443100000 29793.7 -0.0104801 5000.08 0.999605
443200000 29793.7 -0.0592688 5000.09 0.999586
443300000 29793.7 -0.0226165 5000.08 0.999601
443400000 29793.7 -0.144808 5000.1 0.999575
443500000 29793.7 -0.132398 5000.1 0.999587
443600000 29793.7 -0.0656226 5000.09 0.999563
443700000 29793.7 3.29821 4999.52 0.999998
443800000 29793.7 -0.170833 5000.11 0.999609
443900000 29793.7 1.59465 4999.81 0.999806
444000000 29793.7 0.157991 5000.05 0.999649
444100000 29793.7 0.545281 4999.99 0.99973
444200000 29793.7 4.01364 4999.4 1.00008
444300000 29793.7 -0.121117 5000.1 0.999561
444400000 29793.7 -0.160096 5000.1 0.999562
444500000 29793.7 -0.0843232 5000.09 0.999565
444600000 29793.7 -0.106188 5000.1 0.999561
444700000 29793.7 0.0202724 5000.07 0.999608
444800000 29793.7 -0.236628 5000.12 0.999561
444900000 29793.7 -0.0256862 5000.08 0.999566
445000000 29793.7 0.137724 5000.05 0.999661
445100000 29793.7 -0.126318 5000.1 0.999561
445200000 29793.7 -0.0816549 5000.09 0.999564
445300000 29793.7 -0.065527 5000.09 0.999562
445400000 29793.7 -0.128668 5000.1 0.999572
445500000 29793.7 -0.152094 5000.1 0.999565
445600000 29793.7 1.32829 4999.85 0.999783
445700000 29793.7 0.3996 5000.01 0.999667
445800000 29793.7 -0.18568 5000.11 0.999564
445900000 29793.7 -0.0750947 5000.09 0.999598
446000000 29793.7 0.519057 4999.99 0.999712
446100000 29793.7 0.0244106 5000.07 0.9996
446200000 29793.7 -0.269555 5000.12 0.999561
446300000 29793.7 1.51585 4999.82 0.999813
446400000 29793.7 -0.0528004 5000.09 0.999562
446500000 29793.7 -0.092863 5000.09 0.999562
446600000 29793.7 -0.266196 5000.12 0.999578
446700000 29793.7 -0.0486788 5000.09 0.999602
446800000 29793.7 -0.12762 5000.1 0.999569
446900000 29793.7 -0.016483 5000.08 0.999591
447000000 29793.7 -0.0185477 5000.08 0.999566
447100000 29793.7 -0.0888232 5000.09 0.999565
447200000 29793.7 0.250795 5000.04 0.999669
447300000 29793.7 0.47588 5000 0.999671
447400000 29793.7 -0.257629 5000.12 0.99956
447500000 29793.7 -0.123617 5000.1 0.999581
447600000 29793.7 -0.112429 5000.1 0.999575
447700000 29793.7 -0.0564583 5000.09 0.999602
447800000 29793.7 -0.0989884 5000.09 0.999563
447900000 29793.7 -0.0743932 5000.09 0.999563
448000000 29793.7 -0.123735 5000.1 0.999571
448100000 29793.7 -0.142462 5000.1 0.99956
448200000 29793.7 -0.16409 5000.11 0.999576
448300000 29793.7 -0.060879 5000.09 0.999562
448400000 29793.7 -0.0634423 5000.09 0.999565
448500000 29793.7 0.821756 4999.94 0.999753
448600000 29793.7 -0.0756652 5000.09 0.999562
448700000 29793.7 0.0284247 5000.07 0.999607
448800000 29793.7 0.0123981 5000.08 0.999596
448900000 29793.7 -0.0744964 5000.09 0.999583
449000000 29793.7 -0.210028 5000.11 0.999567
449100000 29793.7 -0.104446 5000.1 0.999561
449200000 29793.7 -0.00128015 5000.08 0.999568
449300000 29793.7 -0.0388604 5000.08 0.999564
449400000 29793.7 0.02294 5000.07 0.99963
449500000 29793.7 -0.0777204 5000.09 0.999565
449600000 29793.7 -0.161508 5000.1 0.999582
449700000 29793.7 0.810211 4999.94 0.999749
449800000 29793.7 -0.0908529 5000.09 0.999598
449900000 29793.7 -0.0549073 5000.09 0.999611
450000000 29793.7 -0.0790809 5000.09 0.999562
450100000 29793.7 0.851958 4999.93 0.999743
450200000 29793.7 -0.0818445 5000.09 0.999562
450300000 29793.7 -0.129346 5000.1 0.99956
450400000 29793.7 -0.071852 5000.09 0.999578
450500000 29793.7 -0.0597332 5000.09 0.999565
450600000 29793.7 2.11363 4999.72 0.99993
450700000 29793.7 -0.0827208 5000.09 0.99956
450800000 29793.7 -0.0192219 5000.08 0.999566
450900000 29793.7 -0.24258 5000.12 0.999565
451000000 29793.7 -0.0421198 5000.08 0.999564
451100000 29793.7 -0.15119 5000.1 0.999559
451200000 29793.7 -0.135753 5000.1 0.99956
451300000 29793.7 0.0144877 5000.08 0.999627
451400000 29793.7 -0.078935 5000.09 0.999564
451500000 29793.7 0.742184 4999.95 0.999766
451600000 29793.7 -0.0404193 5000.08 0.999565
451700000 29793.7 0.391618 5000.01 0.999657
451800000 29793.7 -0.153367 5000.1 0.999555
451900000 29793.7 -0.13341 5000.1 0.999561
452000000 29793.7 -0.181411 5000.11 0.999569
452100000 29793.7 0.0230224 5000.07 0.999603
452200000 29793.7 -0.122548 5000.1 0.999562
452300000 29793.7 -0.227143 5000.12 0.999554
452400000 29793.7 -0.147507 5000.1 0.999572
452500000 29793.7 -0.108008 5000.1 0.999568
452600000 29793.7 -0.0729372 5000.09 0.999563
452700000 29793.7 0.315487 5000.02 0.999656
452800000 29793.7 -0.0256006 5000.08 0.99961
452900000 29793.7 -0.173645 5000.11 0.999608
453000000 29793.7 -0.118984 5000.1 0.999559
453100000 29793.7 0.155627 5000.05 0.999648
453200000 29793.7 2.87853 4999.59 1.00004
453300000 29793.7 -0.160157 5000.1 0.99957
453400000 29793.7 0.0158757 5000.07 0.999612
453500000 29793.7 -0.0290908 5000.08 0.999566
453600000 29793.7 -0.180101 5000.11 0.999559
453700000 29793.7 -0.216881 5000.11 0.999585
453800000 29793.7 0.200389 5000.04 0.999649
453900000 29793.7 -0.0956482 5000.09 0.999561
454000000 29793.7 1.53581 4999.82 0.99986
454100000 29793.7 -0.00718911 5000.08 0.999602
454200000 29793.7 0.787011 4999.95 0.999734
454300000 29793.7 0.0140027 5000.08 0.999627
454400000 29793.7 0.409321 5000.01 0.999692
454500000 29793.7 0.222567 5000.04 0.999632
454600000 29793.7 -0.0479772 5000.09 0.999563
454700000 29793.7 -0.0809347 5000.09 0.999561
454800000 29793.7 -0.0545621 5000.09 0.999563
454900000 29793.7 -0.172819 5000.11 0.999557
455000000 29793.7 1.0679 4999.9 0.999746
455100000 29793.7 0.8508 4999.93 0.999721
455200000 29793.7 0.354888 5000.02 0.999685
455300000 29793.7 -0.092339 5000.09 0.99959
455400000 29793.7 -0.0417363 5000.08 0.999585
455500000 29793.7 4.23932 4999.37 1.00009
455600000 29793.7 -0.0904984 5000.09 0.999561
455700000 29793.7 -0.113188 5000.1 0.999567
455800000 29793.7 -0.094674 5000.09 0.999561
455900000 29793.7 -0.0747254 5000.09 0.999571
456000000 29793.7 0.00447242 5000.08 0.999613
456100000 29793.7 -0.133457 5000.1 0.999602
456200000 29793.7 -0.129862 5000.1 0.999566
456300000 29793.7 1.90795 4999.76 0.999892
456400000 29793.7 -0.155166 5000.1 0.999558
456500000 29793.7 -0.0685901 5000.09 0.999564
456600000 29793.7 0.465673 5000 0.99967
456700000 29793.7 -0.140485 5000.1 0.999566
456800000 29793.7 -0.129443 5000.1 0.999559
456900000 29793.7 -0.12235 5000.1 0.999589
457000000 29793.7 -0.0510587 5000.09 0.999565
457100000 29793.7 1.02669 4999.91 0.999755
457200000 29793.7 -0.137454 5000.1 0.999574
457300000 29793.7 -0.029116 5000.08 0.999565
457400000 29793.7 -0.15301 5000.1 0.999577
457500000 29793.7 -0.0373568 5000.08 0.999565
457600000 29793.7 -0.0105102 5000.08 0.999609
457700000 29793.7 1.35576 4999.85 0.999781
457800000 29793.7 -0.0671007 5000.09 0.999563
457900000 29793.7 -0.26768 5000.12 0.999587
458000000 29793.7 -0.0497039 5000.09 0.999564
458100000 29793.7 -0.0749608 5000.09 0.999561
458200000 29793.7 0.609584 4999.98 0.999709
458300000 29793.7 -0.0928251 5000.09 0.999564
458400000 29793.7 0.511357 4999.99 0.99968
458500000 29793.7 -0.144761 5000.1 0.999569
458600000 29793.7 1.53038 4999.82 0.999886
458700000 29793.7 0.0244099 5000.07 0.999603
458800000 29793.7 0.186739 5000.05 0.999636
458900000 29793.7 -0.0120162 5000.08 0.999588
459000000 29793.7 -0.219195 5000.11 0.999569
459100000 29793.7 -0.132964 5000.1 0.999557
459200000 29793.7 -0.139548 5000.1 0.999561
459300000 29793.7 0.0387098 5000.07 0.999618
459400000 29793.7 -0.0662425 5000.09 0.999563
459500000 29793.7 -0.0943728 5000.09 0.999561
459600000 29793.7 0.0967982 5000.06 0.999636
459700000 29793.7 0.590375 4999.98 0.999691
459800000 29793.7 3.86441 4999.43 1.00004
459900000 29793.7 -0.0983201 5000.09 0.99957
460000000 29793.7 -0.0336987 5000.08 0.999565
460100000 29793.7 -0.113685 5000.1 0.999574
460200000 29793.7 -0.109169 5000.1 0.999562
460300000 29793.7 3.66455 4999.46 1.00002
460400000 29793.7 -0.0493738 5000.09 0.999564
460500000 29793.7 -0.0278298 5000.08 0.999583
460600000 29793.7 -0.104422 5000.1 0.999564
460700000 29793.7 -0.109603 5000.1 0.99956
460800000 29793.7 -0.317008 5000.13 0.999568
460900000 29793.7 -0.0984071 5000.09 0.999561
461000000 29793.7 -0.0520984 5000.09 0.999604
461100000 29793.7 -0.0511905 5000.09 0.999566
461200000 29793.7 -0.0457592 5000.09 0.99961
461300000 29793.7 0.339245 5000.02 0.999649
461400000 29793.7 -0.00183515 5000.08 0.999615
461500000 29793.7 0.343821 5000.02 0.999656
461600000 29793.7 -0.0251559 5000.08 0.999565
461700000 29793.7 0.738414 4999.95 0.999752
461800000 29793.7 -0.107107 5000.1 0.99957
461900000 29793.7 -0.110247 5000.1 0.999583
462000000 29793.7 -0.117814 5000.1 0.999581
462100000 29793.7 -0.041224 5000.08 0.999564
462200000 29793.7 -0.160977 5000.1 0.999577
462300000 29793.7 -0.159224 5000.1 0.999561
462400000 29793.7 -0.103497 5000.09 0.999564
462500000 29793.7 1.42616 4999.84 0.999843
462600000 29793.7 0.247202 5000.04 0.999635
462700000 29793.7 -0.0883589 5000.09 0.999561
462800000 29793.7 -0.0662072 5000.09 0.999564
462900000 29793.7 -0.071013 5000.09 0.999569
463000000 29793.7 1.29592 4999.86 0.999825
463100000 29793.7 -0.164433 5000.11 0.999566
463200000 29793.7 -0.0622252 5000.09 0.999586
463300000 29793.7 0.0658919 5000.07 0.999648
463400000 29793.7 -0.031304 5000.08 0.999565
463500000 29793.7 -0.105396 5000.1 0.999563
463600000 29793.7 0.570065 4999.98 0.999699
463700000 29793.7 0.614015 4999.97 0.999725
463800000 29793.7 -0.118898 5000.1 0.99956
463900000 29793.7 -0.0841963 5000.09 0.999563
464000000 29793.7 -0.181226 5000.11 0.999567
464100000 29793.7 -0.0522842 5000.09 0.999564
464200000 29793.7 -0.0209089 5000.08 0.999566
464300000 29793.7 -0.0776082 5000.09 0.999616
464400000 29793.7 0.438181 5000 0.99973
464500000 29793.7 -0.0277266 5000.08 0.999565
464600000 29793.7 -0.0818554 5000.09 0.999562
464700000 29793.7 -0.227068 5000.12 0.99957
464800000 29793.7 -0.0402162 5000.08 0.999564
464900000 29793.7 0.0911005 5000.06 0.999618
465000000 29793.7 -0.195234 5000.11 0.99956
465100000 29793.7 -0.220599 5000.11 0.999564
465200000 29793.7 -0.0855698 5000.09 0.999562
465300000 29793.7 0.886104 4999.93 0.999725
465400000 29793.7 -0.175423 5000.11 0.999556
465500000 29793.7 -0.111251 5000.1 0.999593
465600000 29793.7 -0.0722411 5000.09 0.999567
465700000 29793.7 -0.102566 5000.09 0.999569
465800000 29793.7 -0.0953677 5000.09 0.999562
465900000 29793.7 0.284805 5000.03 0.99967
466000000 29793.7 -0.0250773 5000.08 0.999588
466100000 29793.7 7.25259 4998.86 1.00044
466200000 29793.7 -0.201498 5000.11 0.999575
466300000 29793.7 -0.139821 5000.1 0.999562
466400000 29793.7 -0.0501957 5000.09 0.999584
466500000 29793.7 -0.0678171 5000.09 0.999575
466600000 29793.7 -0.135775 5000.1 0.999595
466700000 29793.7 -0.120408 5000.1 0.99957
466800000 29793.7 -0.0800096 5000.09 0.999582
466900000 29793.7 -0.0166208 5000.08 0.999566
467000000 29793.7 -0.171085 5000.11 0.999572
467100000 29793.7 -0.18673 5000.11 0.999568
467200000 29793.7 1.17776 4999.88 0.99976
467300000 29793.7 0.641086 4999.97 0.999719
467400000 29793.7 -0.0305472 5000.08 0.999637
467500000 29793.7 -0.176888 5000.11 0.999559
467600000 29793.7 -0.182666 5000.11 0.99957
467700000 29793.7 -0.0255336 5000.08 0.999565
467800000 29793.7 0.576643 4999.98 0.999706
467900000 29793.7 -0.113681 5000.1 0.999559
468000000 29793.7 0.205245 5000.04 0.999634
468100000 29793.7 -0.175139 5000.11 0.999574
468200000 29793.7 -0.128717 5000.1 0.999572
468300000 29793.7 -0.0883346 5000.09 0.99956
468400000 29793.7 -0.0829794 5000.09 0.99956
468500000 29793.7 -0.0520636 5000.09 0.999589
468600000 29793.7 -0.088913 5000.09 0.999565
468700000 29793.7 0.817748 4999.94 0.999721
468800000 29793.7 -0.142455 5000.1 0.999589
468900000 29793.7 -0.136833 5000.1 0.999585
469000000 29793.7 1.62501 4999.8 0.999822
469100000 29793.7 0.662201 4999.97 0.999717
469200000 29793.7 -0.0415172 5000.08 0.999564
469300000 29793.7 -0.0566833 5000.09 0.999562
469400000 29793.7 -0.0966926 5000.09 0.999585
469500000 29793.7 -0.0363784 5000.08 0.999566
469600000 29793.7 -0.00663049 5000.08 0.999568
469700000 29793.7 -0.0512569 5000.09 0.99958
469800000 29793.7 0.863664 4999.93 0.99975
469900000 29793.7 -0.144266 5000.1 0.999573
470000000 29793.7 -0.156363 5000.1 0.999604
470100000 29793.7 1.38094 4999.85 0.999808
470200000 29793.7 -0.139001 5000.1 0.999562
470300000 29793.7 1.31773 4999.86 0.999774
470400000 29793.7 -0.139657 5000.1 0.99956
470500000 29793.7 0.135866 5000.05 0.999667
470600000 29793.7 -0.133627 5000.1 0.999582
470700000 29793.7 -0.0766082 5000.09 0.999562
470800000 29793.7 -0.254277 5000.12 0.999568
470900000 29793.7 0.603332 4999.98 0.999697
471000000 29793.7 0.138391 5000.05 0.999618
471100000 29793.7 0.186052 5000.05 0.999676
471200000 29793.7 0.060854 5000.07 0.999623
471300000 29793.7 0.673377 4999.96 0.99976
471400000 29793.7 0.726635 4999.96 0.999702
471500000 29793.7 -0.209008 5000.11 0.999591
471600000 29793.7 -0.180474 5000.11 0.99957
471700000 29793.7 -0.10422 5000.09 0.999571
471800000 29793.7 -0.0126778 5000.08 0.999567
471900000 29793.7 -0.173791 5000.11 0.99956
472000000 29793.7 -0.147462 5000.1 0.999574
472100000 29793.7 -0.119736 5000.1 0.999563
472200000 29793.7 0.0622108 5000.07 0.999613
472300000 29793.7 -0.0639118 5000.09 0.999562
472400000 29793.7 0.180101 5000.05 0.999654
472500000 29793.7 -0.129654 5000.1 0.999569
472600000 29793.7 0.266813 5000.03 0.999638
472700000 29793.7 -0.0983127 5000.09 0.99956
472800000 29793.7 -0.0281576 5000.08 0.999565
472900000 29793.7 0.532399 4999.99 0.999723
473000000 29793.7 -0.0940021 5000.09 0.999565
473100000 29793.7 -0.144823 5000.1 0.999604
473200000 29793.7 0.918414 4999.92 0.999747
473300000 29793.7 -0.0627724 5000.09 0.999564
473400000 29793.7 -0.0453846 5000.09 0.999584
473500000 29793.7 -0.111557 5000.1 0.999562
473600000 29793.7 2.36946 4999.68 0.999941
473700000 29793.7 -0.203946 5000.11 0.999558
473800000 29793.7 -0.145854 5000.1 0.999556
473900000 29793.7 -0.105706 5000.1 0.999567
474000000 29793.7 -0.178646 5000.11 0.999597
474100000 29793.7 -0.15736 5000.1 0.999577
474200000 29793.7 -0.188069 5000.11 0.99957
474300000 29793.7 -0.131393 5000.1 0.999558
474400000 29793.7 -0.0255873 5000.08 0.99961
474500000 29793.7 -0.126103 5000.1 0.999563
474600000 29793.7 -0.196956 5000.11 0.999598
474700000 29793.7 -0.124926 5000.1 0.999563
474800000 29793.7 -0.0487781 5000.09 0.999584
474900000 29793.7 -0.069335 5000.09 0.999566
475000000 29793.7 -0.143782 5000.1 0.999566
475100000 29793.7 -0.0129826 5000.08 0.999567
475200000 29793.7 -0.0456876 5000.09 0.999585
475300000 29793.7 0.217491 5000.04 0.999682
475400000 29793.7 -0.186909 5000.11 0.999578
475500000 29793.7 -0.105149 5000.1 0.999575
475600000 29793.7 -0.129097 5000.1 0.999561
475700000 29793.7 -0.299157 5000.13 0.999562
475800000 29793.7 -0.0632681 5000.09 0.999562
475900000 29793.7 -0.00307272 5000.08 0.999596
476000000 29793.7 -0.26323 5000.12 0.99957
476100000 29793.7 6.99999 4998.9 1.00042
476200000 29793.7 -0.127281 5000.1 0.99956
476300000 29793.7 1.0241 4999.91 0.999748
476400000 29793.7 -0.0367872 5000.08 0.999564
476500000 29793.7 -0.266301 5000.12 0.999573
476600000 29793.7 -0.0982898 5000.09 0.999559
476700000 29793.7 0.556635 4999.98 0.99969
476800000 29793.7 -0.117122 5000.1 0.999562
476900000 29793.7 0.69433 4999.96 0.999719
477000000 29793.7 -0.30763 5000.13 0.999558
477100000 29793.7 0.179786 5000.05 0.999629
477200000 29793.7 1.27886 4999.86 0.999806
477300000 29793.7 -0.131462 5000.1 0.999569
477400000 29793.7 0.540871 4999.99 0.999698
477500000 29793.7 -0.077977 5000.09 0.999562
477600000 29793.7 -0.102425 5000.09 0.999561
477700000 29793.7 -0.151396 5000.1 0.99956
477800000 29793.7 0.612209 4999.97 0.999689
477900000 29793.7 -0.15825 5000.1 0.999562
478000000 29793.7 -0.0810075 5000.09 0.999589
478100000 29793.7 -0.0763228 5000.09 0.999562
478200000 29793.7 -0.183187 5000.11 0.999564
478300000 29793.7 -0.0530357 5000.09 0.999581
478400000 29793.7 -0.0602924 5000.09 0.999563
478500000 29793.7 -0.0741576 5000.09 0.999579
478600000 29793.7 -0.114691 5000.1 0.999617
478700000 29793.7 -0.20409 5000.11 0.999562
478800000 29793.7 0.0620764 5000.07 0.999618
478900000 29793.7 -0.0192478 5000.08 0.999566
479000000 29793.7 -0.0969793 5000.09 0.999585
479100000 29793.7 0.539687 4999.99 0.999677
479200000 29793.7 -0.241532 5000.12 0.99956
479300000 29793.7 -0.0684673 5000.09 0.999565
479400000 29793.7 -0.0212138 5000.08 0.999566
479500000 29793.7 -0.0461808 5000.09 0.999591
479600000 29793.7 0.202686 5000.04 0.99966
479700000 29793.7 -0.0334172 5000.08 0.999565
479800000 29793.7 -0.0232399 5000.08 0.999566
479900000 29793.7 0.0736405 5000.07 0.999623
480000000 29793.7 -0.163772 5000.1 0.999577
480100000 29793.7 -0.284657 5000.13 0.999576
480200000 29793.7 -0.0244962 5000.08 0.999566
480300000 29793.7 4.02042 4999.4 1.00007
480400000 29793.7 -0.151421 5000.1 0.999566
480500000 29793.7 -0.146823 5000.1 0.999561
480600000 29793.7 -0.0998943 5000.09 0.999584
480700000 29793.7 0.000953752 5000.08 0.999635
480800000 29793.7 -0.106828 5000.1 0.999563
480900000 29793.7 -0.122393 5000.1 0.999563
481000000 29793.7 -0.273134 5000.12 0.999567
481100000 29793.7 -0.0863497 5000.09 0.999561
481200000 29793.7 1.92718 4999.75 0.999846
481300000 29793.7 -0.0639319 5000.09 0.999594
481400000 29793.7 -0.0780979 5000.09 0.999564
481500000 29793.7 -0.145652 5000.1 0.999608
481600000 29793.7 0.0354018 5000.07 0.999622
481700000 29793.7 0.364502 5000.02 0.999683
481800000 29793.7 -0.229659 5000.12 0.999573
481900000 29793.7 -0.155592 5000.1 0.999566
482000000 29793.7 0.611812 4999.97 0.999762
482100000 29793.7 -0.184602 5000.11 0.999581
482200000 29793.7 0.255106 5000.03 0.999674
482300000 29793.7 0.395439 5000.01 0.999689
482400000 29793.7 0.153523 5000.05 0.999633
482500000 29793.7 -0.149652 5000.1 0.999565
482600000 29793.7 -0.210926 5000.11 0.99956
482700000 29793.7 -0.0636061 5000.09 0.999562
482800000 29793.7 -0.313812 5000.13 0.999574
482900000 29793.7 -0.0873244 5000.09 0.999567
483000000 29793.7 -0.0791666 5000.09 0.999566
483100000 29793.7 0.0438642 5000.07 0.999642
483200000 29793.7 0.277256 5000.03 0.99967
483300000 29793.7 -0.0677545 5000.09 0.999564
483400000 29793.7 -0.0435805 5000.08 0.999591
483500000 29793.7 -0.121176 5000.1 0.999567
483600000 29793.7 -0.194155 5000.11 0.999575
483700000 29793.7 -0.0951494 5000.09 0.999574
483800000 29793.7 -0.0535186 5000.09 0.999591
483900000 29793.7 0.972215 4999.91 0.999785
484000000 29793.7 -0.0618612 5000.09 0.99962
484100000 29793.7 -0.0897338 5000.09 0.999566
484200000 29793.7 0.842797 4999.94 0.99972
484300000 29793.7 -0.0419644 5000.08 0.999594
484400000 29793.7 -0.163415 5000.1 0.999575
484500000 29793.7 -0.103288 5000.09 0.999561
484600000 29793.7 -0.0568129 5000.09 0.999563
484700000 29793.7 -0.116005 5000.1 0.999562
484800000 29793.7 -0.139605 5000.1 0.999596
484900000 29793.7 0.64792 4999.97 0.999709
485000000 29793.7 -0.155509 5000.1 0.999556
485100000 29793.7 -0.0510983 5000.09 0.999591
485200000 29793.7 -0.0283474 5000.08 0.999565
485300000 29793.7 -0.119854 5000.1 0.999564
485400000 29793.7 1.22284 4999.87 0.999841
485500000 29793.7 -0.0137864 5000.08 0.999595
485600000 29793.7 1.41612 4999.84 0.999785
485700000 29793.7 -0.0998241 5000.09 0.999572
485800000 29793.7 -0.0415563 5000.08 0.999584
485900000 29793.7 -0.0590109 5000.09 0.999626
486000000 29793.7 -0.166729 5000.11 0.999598
486100000 29793.7 -0.220373 5000.11 0.999575
486200000 29793.7 0.96764 4999.92 0.999763
486300000 29793.7 -0.225364 5000.12 0.999576
486400000 29793.7 0.0177076 5000.07 0.999634
486500000 29793.7 -0.103373 5000.09 0.999566
486600000 29793.7 -0.0797129 5000.09 0.999564
486700000 29793.7 -0.135121 5000.1 0.999573
486800000 29793.7 0.544558 4999.99 0.999698
486900000 29793.7 -0.153119 5000.1 0.999559
487000000 29793.7 -0.0223754 5000.08 0.999566
487100000 29793.7 -0.0282536 5000.08 0.999565
487200000 29793.7 -0.0666189 5000.09 0.99958
487300000 29793.7 -0.106356 5000.1 0.999565
487400000 29793.7 0.0169501 5000.07 0.999638
487500000 29793.7 -0.0805946 5000.09 0.999564
487600000 29793.7 -0.1141 5000.1 0.999561
487700000 29793.7 -0.0919394 5000.09 0.999602
487800000 29793.7 -0.101333 5000.09 0.99956
487900000 29793.7 -0.0327893 5000.08 0.999594
488000000 29793.7 -0.134932 5000.1 0.999558
488100000 29793.7 -0.157926 5000.1 0.999568
488200000 29793.7 -0.159523 5000.1 0.99956
488300000 29793.7 -0.142034 5000.1 0.999577
488400000 29793.7 0.377772 5000.01 0.999684
488500000 29793.7 0.850572 4999.93 0.999775
488600000 29793.7 0.673992 4999.96 0.99971
488700000 29793.7 -0.0709957 5000.09 0.999582
488800000 29793.7 -0.249792 5000.12 0.999586
488900000 29793.7 -0.189484 5000.11 0.999587
489000000 29793.7 -0.0715182 5000.09 0.999586
489100000 29793.7 -0.123237 5000.1 0.99957
489200000 29793.7 -0.0699079 5000.09 0.999614
489300000 29793.7 0.370691 5000.02 0.999657
489400000 29793.7 0.066044 5000.07 0.999604
489500000 29793.7 -0.0473244 5000.09 0.999597
489600000 29793.7 -0.0479083 5000.09 0.999564
489700000 29793.7 0.660166 4999.97 0.999693
489800000 29793.7 0.0165585 5000.07 0.999596
489900000 29793.7 0.110438 5000.06 0.999612
490000000 29793.7 -0.30231 5000.13 0.999571
490100000 29793.7 1.16783 4999.88 0.999773
490200000 29793.7 -0.0696904 5000.09 0.999565
490300000 29793.7 -0.148304 5000.1 0.999582
490400000 29793.7 -0.00842767 5000.08 0.999567
490500000 29793.7 -0.040011 5000.08 0.999564
490600000 29793.7 0.575511 4999.98 0.99971
490700000 29793.7 -0.150114 5000.1 0.999562
490800000 29793.7 0.014073 5000.08 0.999637
490900000 29793.7 -0.0505778 5000.09 0.999563
491000000 29793.7 -0.0481509 5000.09 0.999565
491100000 29793.7 -0.12622 5000.1 0.999565
491200000 29793.7 1.35674 4999.85 0.999827
491300000 29793.7 0.44453 5000 0.999714
491400000 29793.7 -0.104087 5000.09 0.999559
491500000 29793.7 -0.0737625 5000.09 0.999573
491600000 29793.7 -0.0739949 5000.09 0.999568
491700000 29793.7 -0.078375 5000.09 0.999597
491800000 29793.7 1.1423 4999.89 0.999754
491900000 29793.7 -0.0183008 5000.08 0.999566
492000000 29793.7 0.158506 5000.05 0.999653
492100000 29793.7 0.0491038 5000.07 0.999627
492200000 29793.7 0.00231686 5000.08 0.999614
492300000 29793.7 -0.207823 5000.11 0.999558
492400000 29793.7 -0.0912689 5000.09 0.999571
492500000 29793.7 -0.177657 5000.11 0.999556
492600000 29793.7 -0.153089 5000.1 0.999568
492700000 29793.7 -0.115173 5000.1 0.999565
492800000 29793.7 -0.0437152 5000.08 0.999564
492900000 29793.7 -0.0363355 5000.08 0.999565
493000000 29793.7 -0.254174 5000.12 0.99957
493100000 29793.7 -0.168796 5000.11 0.999557
493200000 29793.7 3.0507 4999.57 1.00001
493300000 29793.7 0.374499 5000.01 0.999667
493400000 29793.7 -0.165392 5000.11 0.999568
493500000 29793.7 -0.153897 5000.1 0.99958
493600000 29793.7 -0.0526239 5000.09 0.999563
493700000 29793.7 -0.285357 5000.13 0.999574
493800000 29793.7 -0.144723 5000.1 0.999603
493900000 29793.7 0.0428259 5000.07 0.999636
494000000 29793.7 -0.157577 5000.1 0.999565
494100000 29793.7 1.18077 4999.88 0.999758
494200000 29793.7 -0.072352 5000.09 0.999569
494300000 29793.7 -0.0447573 5000.08 0.999636
494400000 29793.7 -0.0431225 5000.08 0.999565
494500000 29793.7 0.300627 5000.03 0.999643
494600000 29793.7 -0.129951 5000.1 0.999567
494700000 29793.7 -0.0919594 5000.09 0.99956
494800000 29793.7 -0.076686 5000.09 0.999566
494900000 29793.7 -0.117118 5000.1 0.999568
495000000 29793.7 -0.0861007 5000.09 0.999574
495100000 29793.7 -0.165218 5000.11 0.999565
495200000 29793.7 1.14299 4999.89 0.99976
495300000 29793.7 0.0165295 5000.07 0.999602
495400000 29793.7 0.114322 5000.06 0.999645
495500000 29793.7 -0.0988592 5000.09 0.9996
495600000 29793.7 -0.0585184 5000.09 0.999564
495700000 29793.7 -0.0488648 5000.09 0.999563
495800000 29793.7 -0.107017 5000.1 0.999593
495900000 29793.7 -0.0578153 5000.09 0.999566
496000000 29793.7 -0.0607293 5000.09 0.999563
496100000 29793.7 -0.115556 5000.1 0.999565
496200000 29793.7 -0.12992 5000.1 0.999568
496300000 29793.7 -0.0622499 5000.09 0.999563
496400000 29793.7 -0.040683 5000.08 0.999564
496500000 29793.7 -0.0391952 5000.08 0.999564
496600000 29793.7 -0.15071 5000.1 0.999575
496700000 29793.7 -0.0969159 5000.09 0.99961
496800000 29793.7 0.666208 4999.97 0.999696
496900000 29793.7 -0.0953604 5000.09 0.99957
497000000 29793.7 0.0232501 5000.07 0.999603
497100000 29793.7 -0.0298482 5000.08 0.999565
497200000 29793.7 -0.0684873 5000.09 0.999576
497300000 29793.7 -0.200241 5000.11 0.999567
497400000 29793.7 -0.224739 5000.12 0.999576
497500000 29793.7 -0.100687 5000.09 0.999562
497600000 29793.7 0.296964 5000.03 0.999692
497700000 29793.7 0.490669 5000 0.999685
497800000 29793.7 1.37255 4999.85 0.999791
497900000 29793.7 -0.107721 5000.1 0.999564
498000000 29793.7 5.68209 4999.12 1.00022
498100000 29793.7 0.814607 4999.94 0.999772
498200000 29793.7 -0.00892484 5000.08 0.999654
498300000 29793.7 -0.137108 5000.1 0.999564
498400000 29793.7 -0.126848 5000.1 0.999574
498500000 29793.7 -0.163932 5000.1 0.999564
498600000 29793.7 -0.0569193 5000.09 0.999564
498700000 29793.7 -0.0855644 5000.09 0.999571
498800000 29793.7 -0.17854 5000.11 0.999562
498900000 29793.7 -0.0656911 5000.09 0.999566
499000000 29793.7 -0.153258 5000.1 0.99956
499100000 29793.7 0.714333 4999.96 0.999734
499200000 29793.7 -0.0714508 5000.09 0.999561
499300000 29793.7 -0.134264 5000.1 0.999558
499400000 29793.7 -0.101916 5000.09 0.999561
499500000 29793.7 2.17573 4999.71 0.99991
499600000 29793.7 -0.0737351 5000.09 0.99958
499700000 29793.7 0.572968 4999.98 0.999697
499800000 29793.7 0.910154 4999.92 0.999734
499900000 29793.7 0.0679604 5000.07 0.999605
500000000 29793.7 -0.0796448 5000.09 0.99956
500100000 29793.7 -0.0347721 5000.08 0.999565
500200000 29793.7 0.0150381 5000.07 0.999605
500300000 29793.7 -0.0378823 5000.08 0.999591
500400000 29793.7 -0.0825884 5000.09 0.999562
500500000 29793.7 -0.148109 5000.1 0.999563
500600000 29793.7 -0.301774 5000.13 0.999581
500700000 29793.7 -0.203869 5000.11 0.999556
500800000 29793.7 -0.00198934 5000.08 0.999568
500900000 29793.7 -0.0408259 5000.08 0.999564
501000000 29793.7 0.338931 5000.02 0.999704
501100000 29793.7 -0.0794005 5000.09 0.999566
501200000 29793.7 -0.0502391 5000.09 0.999563
501300000 29793.7 -0.140505 5000.1 0.999569
501400000 29793.7 -0.0619882 5000.09 0.999562
501500000 29793.7 -0.0609204 5000.09 0.999562
501600000 29793.7 -0.0489426 5000.09 0.999565
501700000 29793.7 -0.0242254 5000.08 0.999566
501800000 29793.7 0.269715 5000.03 0.999641
501900000 29793.7 -0.15605 5000.1 0.999568
502000000 29793.7 0.164698 5000.05 0.999635
502100000 29793.7 -0.081347 5000.09 0.999565
502200000 29793.7 -0.12375 5000.1 0.999575
502300000 29793.7 -0.150295 5000.1 0.999572
502400000 29793.7 -0.0919492 5000.09 0.999564
502500000 29793.7 -0.0685173 5000.09 0.999574
502600000 29793.7 -0.271765 5000.12 0.999581
502700000 29793.7 0.044278 5000.07 0.999607
502800000 29793.7 -0.142671 5000.1 0.999564
502900000 29793.7 -0.0586419 5000.09 0.999576
503000000 29793.7 -0.000601025 5000.08 0.999597
503100000 29793.7 -0.0138877 5000.08 0.999589
503200000 29793.7 -0.0916753 5000.09 0.999565
503300000 29793.7 -0.184827 5000.11 0.999559
503400000 29793.7 0.552378 4999.98 0.999729
503500000 29793.7 -0.149107 5000.1 0.999562
503600000 29793.7 -0.044471 5000.08 0.999565
503700000 29793.7 0.189489 5000.05 0.99964
503800000 29793.7 -0.0806959 5000.09 0.999567
503900000 29793.7 -0.103479 5000.09 0.99958
504000000 29793.7 -0.0881202 5000.09 0.999561
504100000 29793.7 -0.0819312 5000.09 0.999607
504200000 29793.7 -0.0618843 5000.09 0.999563
504300000 29793.7 -0.107809 5000.1 0.999563
504400000 29793.7 -0.10476 5000.1 0.999568
504500000 29793.7 -0.166982 5000.11 0.999572
504600000 29793.7 -0.0470353 5000.09 0.999564
504700000 29793.7 0.127845 5000.06 0.999647
504800000 29793.7 -0.123749 5000.1 0.999562
504900000 29793.7 -0.0634103 5000.09 0.999563
505000000 29793.7 -0.109485 5000.1 0.999567
505100000 29793.7 -0.0603701 5000.09 0.999588
505200000 29793.7 -0.0190823 5000.08 0.999566
505300000 29793.7 -0.116062 5000.1 0.999559
505400000 29793.7 0.0189031 5000.07 0.999602
505500000 29793.7 1.53679 4999.82 0.999824
505600000 29793.7 -0.0767582 5000.09 0.999561
505700000 29793.7 -0.0728 5000.09 0.999597
505800000 29793.7 -0.200838 5000.11 0.999556
505900000 29793.7 0.049662 5000.07 0.999605
506000000 29793.7 -0.114603 5000.1 0.999597
506100000 29793.7 -0.204217 5000.11 0.999559
506200000 29793.7 -0.146573 5000.1 0.999577
506300000 29793.7 -0.0582843 5000.09 0.999579
506400000 29793.7 0.842677 4999.94 0.999791
506500000 29793.7 1.13667 4999.89 0.999773
506600000 29793.7 0.867201 4999.93 0.999725
506700000 29793.7 -0.0604703 5000.09 0.999613
506800000 29793.7 -0.0524205 5000.09 0.999565
506900000 29793.7 -0.053393 5000.09 0.999564
507000000 29793.7 0.450329 5000 0.999673
507100000 29793.7 -0.193856 5000.11 0.999584
507200000 29793.7 -0.174101 5000.11 0.999582
507300000 29793.7 -0.0403428 5000.08 0.999564
507400000 29793.7 -0.0789197 5000.09 0.999563
507500000 29793.7 -0.139491 5000.1 0.999558
507600000 29793.7 -0.0939538 5000.09 0.999566
507700000 29793.7 1.11068 4999.89 0.999778
507800000 29793.7 -0.0737242 5000.09 0.999566
507900000 29793.7 0.0730962 5000.07 0.999606
508000000 29793.7 1.48809 4999.83 0.99985
508100000 29793.7 3.23385 4999.53 1.00004
508200000 29793.7 0.211122 5000.04 0.999635
508300000 29793.7 0.0880054 5000.06 0.999637
508400000 29793.7 -0.0958377 5000.09 0.999562
508500000 29793.7 -0.132359 5000.1 0.999578
508600000 29793.7 -0.13362 5000.1 0.999576
508700000 29793.7 -0.106813 5000.1 0.999564
508800000 29793.7 -0.0349889 5000.08 0.999565
508900000 29793.7 -0.0486265 5000.09 0.999563
509000000 29793.7 -0.0697364 5000.09 0.999561
509100000 29793.7 -0.0142337 5000.08 0.999601
509200000 29793.7 -0.105396 5000.1 0.999559
509300000 29793.7 -0.031212 5000.08 0.999623
509400000 29793.7 -0.111196 5000.1 0.999573
509500000 29793.7 3.00512 4999.57 1.00007
509600000 29793.7 -0.0295616 5000.08 0.999601
509700000 29793.7 -0.14144 5000.1 0.999601
509800000 29793.7 0.69255 4999.96 0.999736
509900000 29793.7 -0.0195606 5000.08 0.999653
510000000 29793.7 -0.169616 5000.11 0.999558
510100000 29793.7 -0.183586 5000.11 0.999559
510200000 29793.7 0.826241 4999.94 0.99975
510300000 29793.7 -0.104535 5000.1 0.99957
510400000 29793.7 0.308007 5000.03 0.99968
510500000 29793.7 -0.0411783 5000.08 0.999565
510600000 29793.7 -0.0405633 5000.08 0.999564
510700000 29793.7 -0.00321269 5000.08 0.999591
510800000 29793.7 -0.09329 5000.09 0.999561
510900000 29793.7 0.146176 5000.05 0.999636
511000000 29793.7 0.261244 5000.03 0.999644
511100000 29793.7 1.96775 4999.75 0.99987
511200000 29793.7 0.37731 5000.01 0.999675
511300000 29793.7 -0.0693808 5000.09 0.99958
511400000 29793.7 -0.049135 5000.09 0.999564
511500000 29793.7 -0.23183 5000.12 0.999586
511600000 29793.7 -0.0448431 5000.09 0.999587
511700000 29793.7 -0.0929523 5000.09 0.999561
511800000 29793.7 -0.103982 5000.09 0.999562
511900000 29793.7 -0.176496 5000.11 0.999558
512000000 29793.7 -0.121309 5000.1 0.99956
512100000 29793.7 -0.130632 5000.1 0.9996
512200000 29793.7 -0.151842 5000.1 0.999565
512300000 29793.7 -0.0575296 5000.09 0.999596
512400000 29793.7 -0.165871 5000.11 0.999559
512500000 29793.7 0.105331 5000.06 0.999616
512600000 29793.7 -0.153386 5000.1 0.999566
512700000 29793.7 -0.142743 5000.1 0.999578
512800000 29793.7 -0.0957616 5000.09 0.999567
512900000 29793.7 -0.0318316 5000.08 0.999565
513000000 29793.7 -0.038475 5000.08 0.999614
513100000 29793.7 -0.213754 5000.11 0.999561
513200000 29793.7 -0.143049 5000.1 0.999566
513300000 29793.7 -0.0645155 5000.09 0.999585
513400000 29793.7 -0.033699 5000.08 0.999565
513500000 29793.7 -0.0615857 5000.09 0.999562
513600000 29793.7 -0.0946677 5000.09 0.999576
513700000 29793.7 -0.105788 5000.1 0.999562
513800000 29793.7 1.0677 4999.9 0.999749
513900000 29793.7 -0.085594 5000.09 0.999561
514000000 29793.7 -0.0522922 5000.09 0.999565
514100000 29793.7 -0.143939 5000.1 0.999582
514200000 29793.7 -0.0271051 5000.08 0.999608
514300000 29793.7 -0.108314 5000.1 0.999563
514400000 29793.7 -0.0767677 5000.09 0.99959
514500000 29793.7 -0.102288 5000.09 0.99957
514600000 29793.7 -0.0941057 5000.09 0.999601
514700000 29793.7 -0.0162173 5000.08 0.999602
514800000 29793.7 -0.0757339 5000.09 0.999561
514900000 29793.7 4.10308 4999.39 1.00019
515000000 29793.7 -0.0370873 5000.08 0.999564
515100000 29793.7 -0.0786627 5000.09 0.999564
515200000 29793.7 -0.0265598 5000.08 0.999596
515300000 29793.7 -0.201989 5000.11 0.999556
515400000 29793.7 -0.08735 5000.09 0.999561
515500000 29793.7 -0.0358372 5000.08 0.999564
515600000 29793.7 0.113273 5000.06 0.999678
515700000 29793.7 0.407728 5000.01 0.999667
515800000 29793.7 -0.00688332 5000.08 0.999592
515900000 29793.7 -0.090749 5000.09 0.999561
516000000 29793.7 -0.0649004 5000.09 0.999564
516100000 29793.7 0.391663 5000.01 0.999677
516200000 29793.7 -0.0571395 5000.09 0.999576
516300000 29793.7 0.595397 4999.98 0.999726
516400000 29793.7 -0.0463439 5000.09 0.999564
516500000 29793.7 0.109 5000.06 0.999625
516600000 29793.7 -0.0221718 5000.08 0.999566
516700000 29793.7 -0.214207 5000.11 0.999567
516800000 29793.7 -0.0126775 5000.08 0.999599
516900000 29793.7 0.14921 5000.05 0.999655
517000000 29793.7 -0.135419 5000.1 0.999583
517100000 29793.7 -0.0699114 5000.09 0.999563
517200000 29793.7 -0.101802 5000.09 0.999563
517300000 29793.7 -0.0790879 5000.09 0.999587
517400000 29793.7 0.11787 5000.06 0.999617
517500000 29793.7 -0.130565 5000.1 0.999568
517600000 29793.7 -0.239723 5000.12 0.999584
517700000 29793.7 1.3138 4999.86 0.99983
517800000 29793.7 -0.0605183 5000.09 0.999566
517900000 29793.7 -0.132722 5000.1 0.999565
518000000 29793.7 0.0633297 5000.07 0.999605
518100000 29793.7 -0.414809 5000.15 0.999578
518200000 29793.7 -0.0873204 5000.09 0.999564
518300000 29793.7 0.0309818 5000.07 0.999609
518400000 29793.7 0.177943 5000.05 0.999677
518500000 29793.7 1.22493 4999.87 0.9998
518600000 29793.7 -0.0701231 5000.09 0.999571
518700000 29793.7 -0.103987 5000.09 0.999562
518800000 29793.7 -0.0777916 5000.09 0.999562
518900000 29793.7 0.57012 4999.98 0.999708
519000000 29793.7 -0.0228933 5000.08 0.999566
519100000 29793.7 -0.0746093 5000.09 0.999562
519200000 29793.7 -0.168765 5000.11 0.999564
519300000 29793.7 0.393457 5000.01 0.99967
519400000 29793.7 -0.0703774 5000.09 0.999562
519500000 29793.7 -0.079694 5000.09 0.999594
519600000 29793.7 -0.181604 5000.11 0.999561
519700000 29793.7 -0.110761 5000.1 0.999558
519800000 29793.7 0.167356 5000.05 0.999651
519900000 29793.7 -0.17755 5000.11 0.999559
520000000 29793.7 -0.0427201 5000.08 0.999586
520100000 29793.7 -0.0103691 5000.08 0.999593
520200000 29793.7 -0.145574 5000.1 0.999558
520300000 29793.7 -0.131248 5000.1 0.999569
520400000 29793.7 -0.0273255 5000.08 0.999565
520500000 29793.7 0.0556959 5000.07 0.999631
520600000 29793.7 2.33966 4999.68 0.999964
520700000 29793.7 -0.0401617 5000.08 0.999564
520800000 29793.7 -0.201134 5000.11 0.999592
520900000 29793.7 -0.0224434 5000.08 0.999566
521000000 29793.7 -0.0285473 5000.08 0.999565
521100000 29793.7 -0.129677 5000.1 0.999568
521200000 29793.7 0.572078 4999.98 0.999683
521300000 29793.7 -0.159573 5000.1 0.999558
521400000 29793.7 -0.0818916 5000.09 0.999562
521500000 29793.7 -0.060076 5000.09 0.999562
521600000 29793.7 -0.0833186 5000.09 0.99957
521700000 29793.7 -0.0317794 5000.08 0.99962
521800000 29793.7 -0.0788213 5000.09 0.99963
521900000 29793.7 -0.145687 5000.1 0.999567
522000000 29793.7 -0.158369 5000.1 0.999557
522100000 29793.7 -0.107768 5000.1 0.999567
522200000 29793.7 -0.0572605 5000.09 0.999586
522300000 29793.7 -0.113697 5000.1 0.999561
522400000 29793.7 -0.17351 5000.11 0.999589
522500000 29793.7 -0.0375076 5000.08 0.999565
522600000 29793.7 -0.158311 5000.1 0.999562
522700000 29793.7 0.169495 5000.05 0.999627
522800000 29793.7 -0.0211674 5000.08 0.999566
522900000 29793.7 1.79007 4999.78 0.99989
523000000 29793.7 -0.106838 5000.1 0.999575
523100000 29793.7 -0.0430609 5000.08 0.999646
523200000 29793.7 2.25041 4999.7 0.999921
523300000 29793.7 -0.126827 5000.1 0.999578
523400000 29793.7 -0.149948 5000.1 0.999581
523500000 29793.7 -0.0830432 5000.09 0.999562
523600000 29793.7 2.56689 4999.65 0.999949
523700000 29793.7 -0.127028 5000.1 0.999562
523800000 29793.7 -0.146723 5000.1 0.999557
523900000 29793.7 -0.0850616 5000.09 0.999586
524000000 29793.7 -0.0418319 5000.08 0.999564
524100000 29793.7 1.40675 4999.84 0.999824
524200000 29793.7 -0.0467585 5000.09 0.999564
524300000 29793.7 0.257422 5000.03 0.999641
524400000 29793.7 -0.153324 5000.1 0.999568
524500000 29793.7 -0.150054 5000.1 0.999558
524600000 29793.7 -0.045989 5000.09 0.999564
524700000 29793.7 -0.116613 5000.1 0.999591
524800000 29793.7 -0.0865381 5000.09 0.999578
524900000 29793.7 -0.269406 5000.12 0.999572
525000000 29793.7 -0.0136864 5000.08 0.999567
525100000 29793.7 1.49474 4999.83 0.999839
525200000 29793.7 -0.157136 5000.1 0.99958
525300000 29793.7 4.57771 4999.31 1.00015
525400000 29793.7 0.0224172 5000.07 0.999625
525500000 29793.7 -0.0231375 5000.08 0.999566
525600000 29793.7 -0.0682101 5000.09 0.999581
525700000 29793.7 -0.234254 5000.12 0.999583
525800000 29793.7 -0.0802787 5000.09 0.999562
525900000 29793.7 -0.0713255 5000.09 0.999562
526000000 29793.7 -0.120305 5000.1 0.999577
526100000 29793.7 -0.141938 5000.1 0.99957
526200000 29793.7 -0.0267895 5000.08 0.999594
526300000 29793.7 0.12614 5000.06 0.99963
526400000 29793.7 0.328838 5000.02 0.999684
526500000 29793.7 -0.0674988 5000.09 0.99958
526600000 29793.7 -0.191758 5000.11 0.999556
526700000 29793.7 -0.0271858 5000.08 0.999625
526800000 29793.7 -0.0178377 5000.08 0.999589
526900000 29793.7 -0.130341 5000.1 0.999566
527000000 29793.7 -0.127926 5000.1 0.999563
527100000 29793.7 -0.111675 5000.1 0.999564
527200000 29793.7 0.748842 4999.95 0.999754
527300000 29793.7 -0.183774 5000.11 0.999558
527400000 29793.7 0.156001 5000.05 0.999657
527500000 29793.7 -0.011994 5000.08 0.999592
527600000 29793.7 -0.103528 5000.09 0.999631
527700000 29793.7 -0.105534 5000.1 0.999562
527800000 29793.7 -0.206109 5000.11 0.99956
527900000 29793.7 -0.0929524 5000.09 0.99957
528000000 29793.7 -0.134139 5000.1 0.99957
528100000 29793.7 0.63433 4999.97 0.999691
528200000 29793.7 0.625015 4999.97 0.999738
528300000 29793.7 0.203081 5000.04 0.999653
528400000 29793.7 1.5425 4999.82 0.999844
528500000 29793.7 -0.0489956 5000.09 0.999565
528600000 29793.7 -0.110018 5000.1 0.999559
528700000 29793.7 0.0357331 5000.07 0.999623
528800000 29793.7 0.0715335 5000.07 0.999607
528900000 29793.7 1.60379 4999.81 0.999811
529000000 29793.7 0.434063 5000 0.999671
529100000 29793.7 0.0957458 5000.06 0.99961
529200000 29793.7 -0.0506151 5000.09 0.999607
529300000 29793.7 0.94535 4999.92 0.99973
529400000 29793.7 -0.0742838 5000.09 0.999589
529500000 29793.7 -0.0866377 5000.09 0.99956
529600000 29793.7 1.06816 4999.9 0.999826
529700000 29793.7 -0.163623 5000.1 0.999562
529800000 29793.7 0.304458 5000.03 0.999646
529900000 29793.7 -0.0915699 5000.09 0.999562
530000000 29793.7 -0.0406308 5000.08 0.99959
530100000 29793.7 0.0289495 5000.07 0.999599
530200000 29793.7 -0.110017 5000.1 0.999558
530300000 29793.7 -0.0143008 5000.08 0.999619
530400000 29793.7 -0.104702 5000.1 0.999563
530500000 29793.7 -0.132985 5000.1 0.99956
530600000 29793.7 -0.298492 5000.13 0.999571
530700000 29793.7 8.80063 4998.6 1.00046
530800000 29793.7 0.0706489 5000.07 0.999621
530900000 29793.7 1.20021 4999.88 0.999822
531000000 29793.7 -0.0842754 5000.09 0.999561
531100000 29793.7 -0.0223461 5000.08 0.999566
531200000 29793.7 -0.0177927 5000.08 0.999567
531300000 29793.7 0.255277 5000.03 0.999714
531400000 29793.7 -0.0864584 5000.09 0.999572
531500000 29793.7 3.05162 4999.57 0.999958
531600000 29793.7 0.284967 5000.03 0.999671
531700000 29793.7 -0.192734 5000.11 0.999572
531800000 29793.7 -0.0446859 5000.08 0.999564
531900000 29793.7 0.189657 5000.05 0.999679
532000000 29793.7 -0.191836 5000.11 0.999564
532100000 29793.7 -0.222932 5000.11 0.999563
532200000 29793.7 0.314147 5000.02 0.999645
532300000 29793.7 1.89093 4999.76 0.999843
532400000 29793.7 -0.119543 5000.1 0.999572
532500000 29793.7 0.0646036 5000.07 0.999627
532600000 29793.7 1.38419 4999.85 0.999782
532700000 29793.7 -0.174878 5000.11 0.999559
532800000 29793.7 0.174811 5000.05 0.999625
532900000 29793.7 -0.148039 5000.1 0.999594
533000000 29793.7 -0.155568 5000.1 0.999569
533100000 29793.7 -0.136473 5000.1 0.999558
533200000 29793.7 -0.0959667 5000.09 0.99956
533300000 29793.7 -0.167009 5000.11 0.999558
533400000 29793.7 0.113045 5000.06 0.999618
533500000 29793.7 -0.0420105 5000.08 0.999564
533600000 29793.7 0.58938 4999.98 0.999736
533700000 29793.7 0.46598 5000 0.999673
533800000 29793.7 -0.0353238 5000.08 0.999565
533900000 29793.7 -0.0391784 5000.08 0.999581
534000000 29793.7 -0.162843 5000.1 0.999585
534100000 29793.7 1.29192 4999.86 0.999831
534200000 29793.7 -0.167925 5000.11 0.999561
534300000 29793.7 -0.168742 5000.11 0.999565
534400000 29793.7 1.30009 4999.86 0.999774
534500000 29793.7 1.17808 4999.88 0.99976
534600000 29793.7 -0.0762431 5000.09 0.999562
534700000 29793.7 -0.0403961 5000.08 0.999564
534800000 29793.7 -0.131414 5000.1 0.99956
534900000 29793.7 -0.0861227 5000.09 0.99956
535000000 29793.7 -0.0290924 5000.08 0.999604
535100000 29793.7 -0.169129 5000.11 0.999573
535200000 29793.7 2.11603 4999.72 0.999863
535300000 29793.7 -0.282236 5000.12 0.999571
535400000 29793.7 -0.192699 5000.11 0.999564
535500000 29793.7 0.0606963 5000.07 0.999628
535600000 29793.7 -0.164173 5000.11 0.999559
535700000 29793.7 -0.156663 5000.1 0.999563
535800000 29793.7 -0.0282124 5000.08 0.999598
535900000 29793.7 1.61992 4999.81 0.999815
536000000 29793.7 2.09909 4999.73 0.999908
536100000 29793.7 -0.0572058 5000.09 0.999563
536200000 29793.7 0.480629 5000 0.999704
536300000 29793.7 0.646051 4999.97 0.999695
536400000 29793.7 -0.133978 5000.1 0.999576
536500000 29793.7 -0.0334501 5000.08 0.999585
536600000 29793.7 -0.0226526 5000.08 0.999566
536700000 29793.7 -0.041126 5000.08 0.999564
536800000 29793.7 0.173659 5000.05 0.999633
536900000 29793.7 0.416817 5000.01 0.999686
537000000 29793.7 -0.0952824 5000.09 0.999561
537100000 29793.7 -0.0122751 5000.08 0.999567
537200000 29793.7 -0.222635 5000.11 0.99959
537300000 29793.7 -0.0967984 5000.09 0.99956
537400000 29793.7 -0.0703834 5000.09 0.999562
537500000 29793.7 -0.0142218 5000.08 0.999623
537600000 29793.7 -0.0798129 5000.09 0.999568
537700000 29793.7 -0.186117 5000.11 0.999556
537800000 29793.7 -0.150438 5000.1 0.999578
537900000 29793.7 -0.0549032 5000.09 0.999563
538000000 29793.7 -0.0675474 5000.09 0.999563
538100000 29793.7 -0.0854402 5000.09 0.999561
538200000 29793.7 -0.0218497 5000.08 0.999566
538300000 29793.7 0.950089 4999.92 0.99979
538400000 29793.7 0.33236 5000.02 0.999648
538500000 29793.7 3.03716 4999.57 0.999969
538600000 29793.7 -0.0507251 5000.09 0.999564
538700000 29793.7 -0.0232268 5000.08 0.999592
538800000 29793.7 -0.050458 5000.09 0.999608
538900000 29793.7 0.0878056 5000.06 0.999616
539000000 29793.7 -0.133184 5000.1 0.999558
539100000 29793.7 -0.0325773 5000.08 0.999565
539200000 29793.7 -0.0707986 5000.09 0.999562
539300000 29793.7 -0.127981 5000.1 0.999561
539400000 29793.7 -0.0390395 5000.08 0.999564
539500000 29793.7 -0.142698 5000.1 0.999568
539600000 29793.7 -0.105114 5000.1 0.99956
539700000 29793.7 -0.0997267 5000.09 0.999561
539800000 29793.7 -0.114211 5000.1 0.99956
539900000 29793.7 1.11741 4999.89 0.999755
540000000 29793.7 0.183255 5000.05 0.999639
540100000 29793.7 5.2834 4999.19 1.00029
540200000 29793.7 -0.107602 5000.1 0.999651
540300000 29793.7 -0.11092 5000.1 0.999564
540400000 29793.7 0.400745 5000.01 0.999679
540500000 29793.7 0.385163 5000.01 0.999666
540600000 29793.7 -0.142094 5000.1 0.999571
540700000 29793.7 -0.208214 5000.11 0.999565
540800000 29793.7 -0.0659815 5000.09 0.999563
540900000 29793.7 0.192434 5000.05 0.999639
541000000 29793.7 3.59427e-05 5000.08 0.999602
541100000 29793.7 -0.0962078 5000.09 0.999564
541200000 29793.7 -0.0864185 5000.09 0.999566
541300000 29793.7 -0.0890907 5000.09 0.999562
541400000 29793.7 -0.208548 5000.11 0.999593
541500000 29793.7 -0.192459 5000.11 0.999572
541600000 29793.7 -0.156399 5000.1 0.999566
541700000 29793.7 -0.0297247 5000.08 0.999586
541800000 29793.7 2.73863 4999.62 0.999969
541900000 29793.7 0.0935459 5000.06 0.999636
542000000 29793.7 -0.106632 5000.1 0.999564
542100000 29793.7 0.383566 5000.01 0.999688
542200000 29793.7 -0.0301923 5000.08 0.999565
542300000 29793.7 -0.0631539 5000.09 0.999563
542400000 29793.7 -0.0223925 5000.08 0.999566
542500000 29793.7 -0.124212 5000.1 0.999602
542600000 29793.7 0.0871588 5000.06 0.999623
542700000 29793.7 0.205637 5000.04 0.999663
542800000 29793.7 -0.119111 5000.1 0.999567
542900000 29793.7 0.0320343 5000.07 0.999622
543000000 29793.7 -0.160958 5000.1 0.99956
543100000 29793.7 -0.194447 5000.11 0.999558
543200000 29793.7 -0.0465267 5000.09 0.999563
543300000 29793.7 -0.181978 5000.11 0.999561
543400000 29793.7 -0.0677771 5000.09 0.999578
543500000 29793.7 1.16923 4999.88 0.99977
543600000 29793.7 -0.0877445 5000.09 0.999587
543700000 29793.7 0.363343 5000.02 0.999657
543800000 29793.7 -0.141178 5000.1 0.999561
543900000 29793.7 -0.0912954 5000.09 0.999563
544000000 29793.7 -0.189064 5000.11 0.999569
544100000 29793.7 0.354161 5000.02 0.999663
544200000 29793.7 2.41011 4999.67 0.99992
544300000 29793.7 -0.0237176 5000.08 0.999567
544400000 29793.7 -0.145891 5000.1 0.999572
544500000 29793.7 -0.0926832 5000.09 0.999563
544600000 29793.7 2.75258 4999.62 0.999951
544700000 29793.7 1.16136 4999.88 0.999772
544800000 29793.7 -0.179892 5000.11 0.999571
544900000 29793.7 -0.120975 5000.1 0.999565
545000000 29793.7 0.411031 5000.01 0.999685
545100000 29793.7 -0.0430944 5000.08 0.999581
545200000 29793.7 -0.165194 5000.11 0.999573
545300000 29793.7 -0.0534046 5000.09 0.999563
545400000 29793.7 -0.149521 5000.1 0.999559
545500000 29793.7 -0.249254 5000.12 0.999567
545600000 29793.7 1.12762 4999.89 0.999752
545700000 29793.7 -0.178293 5000.11 0.999556
545800000 29793.7 -0.146644 5000.1 0.999593
545900000 29793.7 0.428568 5000.01 0.99967
546000000 29793.7 -0.146249 5000.1 0.999559
546100000 29793.7 -0.0270663 5000.08 0.999566
546200000 29793.7 0.546499 4999.99 0.999686
546300000 29793.7 -0.124834 5000.1 0.999562
546400000 29793.7 -0.12178 5000.1 0.99959
546500000 29793.7 -0.0804076 5000.09 0.999635
546600000 29793.7 -0.146175 5000.1 0.999592
546700000 29793.7 -0.164077 5000.11 0.999566
546800000 29793.7 -0.0998324 5000.09 0.999563
546900000 29793.7 -0.0317946 5000.08 0.999565
547000000 29793.7 -0.0277007 5000.08 0.999584
547100000 29793.7 0.00468009 5000.08 0.999606
547200000 29793.7 -0.055218 5000.09 0.999603
547300000 29793.7 -0.0749217 5000.09 0.999563
547400000 29793.7 -0.090924 5000.09 0.999586
547500000 29793.7 2.30825 4999.69 0.999899
547600000 29793.7 -0.113882 5000.1 0.999566
547700000 29793.7 1.61776 4999.81 0.999814
547800000 29793.7 0.877329 4999.93 0.999721
547900000 29793.7 -0.0828496 5000.09 0.999567
548000000 29793.7 -0.138294 5000.1 0.999563
548100000 29793.7 -0.0877151 5000.09 0.999599
548200000 29793.7 -0.0782507 5000.09 0.999561
548300000 29793.7 -0.097562 5000.09 0.99957
548400000 29793.7 0.750065 4999.95 0.999707
548500000 29793.7 -0.0553447 5000.09 0.999631
548600000 29793.7 0.324227 5000.02 0.999662
548700000 29793.7 -0.0911312 5000.09 0.999606
548800000 29793.7 1.12717 4999.89 0.999753
548900000 29793.7 -0.189686 5000.11 0.999561
549000000 29793.7 -0.163422 5000.1 0.999559
549100000 29793.7 -0.0819792 5000.09 0.999607
549200000 29793.7 -0.116915 5000.1 0.999582
549300000 29793.7 -0.0583348 5000.09 0.999563
549400000 29793.7 -0.0394004 5000.08 0.999565
549500000 29793.7 -0.102297 5000.09 0.999563
549600000 29793.7 -0.0674147 5000.09 0.999563
549700000 29793.7 -0.144857 5000.1 0.999564
549800000 29793.7 -0.233066 5000.12 0.999576
549900000 29793.7 -0.0579035 5000.09 0.999594
550000000 29793.7 -0.0592689 5000.09 0.99958
550100000 29793.7 1.53936 4999.82 0.999807
550200000 29793.7 0.444955 5000 0.999684
550300000 29793.7 0.101793 5000.06 0.999622
550400000 29793.7 -0.2652 5000.12 0.999575
550500000 29793.7 -0.0466768 5000.09 0.999565
550600000 29793.7 -0.132251 5000.1 0.999599
550700000 29793.7 -0.0874947 5000.09 0.999583
550800000 29793.7 -0.0541711 5000.09 0.999563
550900000 29793.7 -0.100667 5000.09 0.99956
551000000 29793.7 0.757799 4999.95 0.999711
551100000 29793.7 -0.0366344 5000.08 0.999564
551200000 29793.7 0.422244 5000.01 0.999674
551300000 29793.7 -0.147317 5000.1 0.99961
551400000 29793.7 -0.0949005 5000.09 0.999572
551500000 29793.7 2.21219 4999.71 0.999873
551600000 29793.7 -0.0997222 5000.09 0.999561
551700000 29793.7 -0.0611662 5000.09 0.999562
551800000 29793.7 -0.118829 5000.1 0.999606
551900000 29793.7 -0.0713159 5000.09 0.999568
552000000 29793.7 -0.0730262 5000.09 0.999576
552100000 29793.7 0.100019 5000.06 0.999628
552200000 29793.7 -0.0347308 5000.08 0.999564
552300000 29793.7 1.61872 4999.81 0.999811
552400000 29793.7 -0.10753 5000.1 0.999562
552500000 29793.7 -0.0755017 5000.09 0.999571
552600000 29793.7 -0.0234688 5000.08 0.999566
552700000 29793.7 0.0133066 5000.08 0.999601
552800000 29793.7 0.415877 5000.01 0.999675
552900000 29793.7 -0.105609 5000.1 0.999572
553000000 29793.7 0.479896 5000 0.999671
553100000 29793.7 -0.246011 5000.12 0.999583
553200000 29793.7 -0.0204904 5000.08 0.999566
553300000 29793.7 -0.108103 5000.1 0.999579
553400000 29793.7 3.12734 4999.55 1.00004
553500000 29793.7 -0.133305 5000.1 0.999572
553600000 29793.7 -0.0799506 5000.09 0.999562
553700000 29793.7 0.367009 5000.02 0.999669
553800000 29793.7 -0.146199 5000.1 0.999566
553900000 29793.7 0.0264714 5000.07 0.999636
554000000 29793.7 -0.107082 5000.1 0.999566
554100000 29793.7 1.54974 4999.82 0.999801
554200000 29793.7 0.0404215 5000.07 0.999621
554300000 29793.7 0.732898 4999.95 0.999754
554400000 29793.7 -0.184603 5000.11 0.999556
554500000 29793.7 -0.174795 5000.11 0.999567
554600000 29793.7 0.123543 5000.06 0.999645
554700000 29793.7 -0.142748 5000.1 0.99956
554800000 29793.7 -0.112935 5000.1 0.999564
554900000 29793.7 -0.205229 5000.11 0.999566
555000000 29793.7 -0.0676176 5000.09 0.999566
555100000 29793.7 0.312197 5000.03 0.999656
555200000 29793.7 0.0873989 5000.06 0.999614
555300000 29793.7 -0.0322422 5000.08 0.999565
555400000 29793.7 -0.0760494 5000.09 0.999571
555500000 29793.7 -0.132235 5000.1 0.999565
555600000 29793.7 0.381824 5000.01 0.999688
555700000 29793.7 -0.0902637 5000.09 0.99956
555800000 29793.7 -0.114593 5000.1 0.999571
555900000 29793.7 -0.0907238 5000.09 0.999571
556000000 29793.7 -0.137875 5000.1 0.999562
556100000 29793.7 0.101617 5000.06 0.999649
556200000 29793.7 -0.0618459 5000.09 0.999563
556300000 29793.7 0.0187119 5000.07 0.999594
556400000 29793.7 0.362993 5000.02 0.999687
556500000 29793.7 -0.00803117 5000.08 0.999567
556600000 29793.7 -0.111267 5000.1 0.999563
556700000 29793.7 -0.177333 5000.11 0.99957
556800000 29793.7 -0.149029 5000.1 0.999576
556900000 29793.7 -0.035322 5000.08 0.999564
557000000 29793.7 -0.124243 5000.1 0.999561
557100000 29793.7 -0.0684327 5000.09 0.99959
557200000 29793.7 -0.00460782 5000.08 0.999617
557300000 29793.7 -0.0205688 5000.08 0.999566
557400000 29793.7 -0.114887 5000.1 0.999569
557500000 29793.7 1.02613 4999.91 0.999739
557600000 29793.7 -0.133447 5000.1 0.99956
557700000 29793.7 -0.0886223 5000.09 0.999563
557800000 29793.7 0.0379254 5000.07 0.999627
557900000 29793.7 -0.0132285 5000.08 0.999567
558000000 29793.7 -0.327994 5000.13 0.999558
558100000 29793.7 -0.0913052 5000.09 0.999597
558200000 29793.7 0.219021 5000.04 0.999651
558300000 29793.7 -0.0213875 5000.08 0.999585
558400000 29793.7 -0.282159 5000.12 0.999561
558500000 29793.7 -0.148635 5000.1 0.999558
558600000 29793.7 -0.0581754 5000.09 0.999563
558700000 29793.7 -0.0562774 5000.09 0.999564
558800000 29793.7 0.953383 4999.92 0.999749
558900000 29793.7 -0.0869009 5000.09 0.999578
559000000 29793.7 -0.303612 5000.13 0.99956
559100000 29793.7 -0.0219899 5000.08 0.999604
559200000 29793.7 0.833048 4999.94 0.999743
559300000 29793.7 0.227326 5000.04 0.999633
559400000 29793.7 -0.0157634 5000.08 0.999566
559500000 29793.7 -0.149133 5000.1 0.999565
559600000 29793.7 -0.135479 5000.1 0.999577
559700000 29793.7 -0.137117 5000.1 0.999567
559800000 29793.7 -0.0791503 5000.09 0.999602
559900000 29793.7 -0.0725286 5000.09 0.999564
560000000 29793.7 0.349476 5000.02 0.999677
560100000 29793.7 0.617067 4999.97 0.999703
560200000 29793.7 1.29185 4999.86 0.999771
560300000 29793.7 -0.139315 5000.1 0.999563
560400000 29793.7 1.43944 4999.84 0.999819
560500000 29793.7 -0.116917 5000.1 0.999597
560600000 29793.7 -0.0906226 5000.09 0.99956
560700000 29793.7 -0.179402 5000.11 0.999565
560800000 29793.7 0.468905 5000 0.999726
560900000 29793.7 0.15784 5000.05 0.999633
561000000 29793.7 -0.163623 5000.1 0.999561
561100000 29793.7 -0.115335 5000.1 0.999567
561200000 29793.7 0.161392 5000.05 0.999627
561300000 29793.7 -0.209512 5000.11 0.999564
561400000 29793.7 -0.0890075 5000.09 0.999567
561500000 29793.7 -0.0365465 5000.08 0.999565
561600000 29793.7 0.396545 5000.01 0.999662
561700000 29793.7 -0.129041 5000.1 0.99962
561800000 29793.7 -0.188612 5000.11 0.999592
561900000 29793.7 -0.0985212 5000.09 0.999566
562000000 29793.7 -0.216285 5000.11 0.999574
562100000 29793.7 -0.193759 5000.11 0.999568
562200000 29793.7 -0.139768 5000.1 0.99956
562300000 29793.7 0.572539 4999.98 0.999685
562400000 29793.7 -0.0848413 5000.09 0.999567
562500000 29793.7 -0.135807 5000.1 0.99958
562600000 29793.7 -0.100827 5000.09 0.999573
562700000 29793.7 1.63173 4999.8 0.999835
562800000 29793.7 -0.0357907 5000.08 0.999597
562900000 29793.7 -0.029181 5000.08 0.999585
563000000 29793.7 -0.0229253 5000.08 0.999606
563100000 29793.7 0.612224 4999.97 0.999692
563200000 29793.7 -0.226247 5000.12 0.999568
563300000 29793.7 -0.0478518 5000.09 0.999565
563400000 29793.7 -0.157873 5000.1 0.999605
563500000 29793.7 -0.0240007 5000.08 0.999598
563600000 29793.7 -0.178409 5000.11 0.999577
563700000 29793.7 -0.0564302 5000.09 0.999565
563800000 29793.7 0.204887 5000.04 0.999636
563900000 29793.7 -0.130601 5000.1 0.999566
564000000 29793.7 0.461897 5000 0.999695
564100000 29793.7 -0.0613966 5000.09 0.999576
564200000 29793.7 -0.0807727 5000.09 0.999567
564300000 29793.7 -0.160181 5000.1 0.99956
564400000 29793.7 -0.197485 5000.11 0.999556
564500000 29793.7 0.414098 5000.01 0.999675
564600000 29793.7 -0.0925164 5000.09 0.999631
564700000 29793.7 1.12239 4999.89 0.999777
564800000 29793.7 -0.0190295 5000.08 0.999566
564900000 29793.7 -0.135077 5000.1 0.999561
565000000 29793.7 -0.0386586 5000.08 0.999586
565100000 29793.7 -0.0204325 5000.08 0.999609
565200000 29793.7 -0.0388723 5000.08 0.999564
565300000 29793.7 -0.163893 5000.1 0.999567
565400000 29793.7 1.21888 4999.87 0.999768
565500000 29793.7 -0.067215 5000.09 0.999562
565600000 29793.7 -0.170619 5000.11 0.999579
565700000 29793.7 0.825951 4999.94 0.999715
565800000 29793.7 -0.0544983 5000.09 0.99958
565900000 29793.7 -0.220125 5000.11 0.999573
566000000 29793.7 -0.109785 5000.1 0.99956
566100000 29793.7 -0.0644413 5000.09 0.999563
566200000 29793.7 -0.0271716 5000.08 0.999566
566300000 29793.7 -0.0942209 5000.09 0.999567
566400000 29793.7 -0.103884 5000.09 0.999566
566500000 29793.7 0.0281604 5000.07 0.999645
566600000 29793.7 -0.0565137 5000.09 0.999565
566700000 29793.7 -0.0154371 5000.08 0.999566
566800000 29793.7 -0.212248 5000.11 0.999559
566900000 29793.7 0.130578 5000.06 0.999659
567000000 29793.7 0.225429 5000.04 0.999659
567100000 29793.7 -0.151166 5000.1 0.999565
567200000 29793.7 -0.0372946 5000.08 0.999564
567300000 29793.7 -0.141438 5000.1 0.999566
567400000 29793.7 -0.0672381 5000.09 0.999566
567500000 29793.7 -0.0645019 5000.09 0.999562
567600000 29793.7 -0.0367064 5000.08 0.999564
567700000 29793.7 -0.0239278 5000.08 0.999597
567800000 29793.7 0.104455 5000.06 0.999639
567900000 29793.7 -0.114751 5000.1 0.999579
568000000 29793.7 -0.0683105 5000.09 0.999564
568100000 29793.7 -0.236666 5000.12 0.999552
568200000 29793.7 -0.133486 5000.1 0.999563
568300000 29793.7 -0.145028 5000.1 0.999561
568400000 29793.7 -0.201402 5000.11 0.999565
568500000 29793.7 0.0238154 5000.07 0.999609
568600000 29793.7 2.05647 4999.73 0.999955
568700000 29793.7 -0.0232821 5000.08 0.999566
568800000 29793.7 -0.0710469 5000.09 0.999567
568900000 29793.7 -0.239997 5000.12 0.999563
569000000 29793.7 -0.0143436 5000.08 0.999567
569100000 29793.7 -0.0551345 5000.09 0.999563
569200000 29793.7 -0.206929 5000.11 0.999553
569300000 29793.7 -0.0931125 5000.09 0.999591
569400000 29793.7 1.84856 4999.77 0.999842
569500000 29793.7 -0.117623 5000.1 0.999593
569600000 29793.7 -0.0609538 5000.09 0.999581
569700000 29793.7 -0.137937 5000.1 0.999562
569800000 29793.7 -0.018325 5000.08 0.999591
569900000 29793.7 -0.0909803 5000.09 0.999615
570000000 29793.7 -0.140206 5000.1 0.9996
570100000 29793.7 2.86989 4999.6 0.999987
570200000 29793.7 -0.126295 5000.1 0.999572
570300000 29793.7 -0.0180712 5000.08 0.999623
570400000 29793.7 1.15861 4999.88 0.999757
570500000 29793.7 -0.0797958 5000.09 0.999563
570600000 29793.7 -0.0594304 5000.09 0.999572
570700000 29793.7 -0.0409677 5000.08 0.999564
570800000 29793.7 -0.0547691 5000.09 0.999564
570900000 29793.7 -0.172734 5000.11 0.999578
571000000 29793.7 -0.0908597 5000.09 0.999587
571100000 29793.7 -0.0615339 5000.09 0.9996
571200000 29793.7 -0.0917031 5000.09 0.999561
571300000 29793.7 -0.0285819 5000.08 0.999588
571400000 29793.7 0.847404 4999.94 0.999787
571500000 29793.7 -0.0970913 5000.09 0.99956
571600000 29793.7 -0.115706 5000.1 0.999569
571700000 29793.7 -0.115769 5000.1 0.99956
571800000 29793.7 0.119217 5000.06 0.999629
571900000 29793.7 -0.141522 5000.1 0.999575
572000000 29793.7 -0.0109374 5000.08 0.999596
572100000 29793.7 -0.0520157 5000.09 0.999619
572200000 29793.7 -0.135204 5000.1 0.999567
572300000 29793.7 -0.0923616 5000.09 0.999568
572400000 29793.7 0.840946 4999.94 0.99977
572500000 29793.7 -0.190076 5000.11 0.999586
572600000 29793.7 -0.108526 5000.1 0.99956
572700000 29793.7 -0.122472 5000.1 0.999563
572800000 29793.7 -0.0701322 5000.09 0.999609
572900000 29793.7 2.05877 4999.73 0.999875
573000000 29793.7 -0.109349 5000.1 0.99962
573100000 29793.7 -0.0613263 5000.09 0.999583
573200000 29793.7 -0.145036 5000.1 0.999559
573300000 29793.7 -0.0529192 5000.09 0.999563
573400000 29793.7 -0.133233 5000.1 0.99957
573500000 29793.7 -0.11742 5000.1 0.999577
573600000 29793.7 -0.151237 5000.1 0.999608
573700000 29793.7 -0.149797 5000.1 0.999561
573800000 29793.7 -0.0364548 5000.08 0.999565
573900000 29793.7 0.797553 4999.94 0.999747
574000000 29793.7 -0.0660192 5000.09 0.999577
574100000 29793.7 -0.101244 5000.09 0.999562
574200000 29793.7 0.16248 5000.05 0.99963
574300000 29793.7 0.432034 5000 0.999684
574400000 29793.7 -0.0686348 5000.09 0.999562
574500000 29793.7 -0.1316 5000.1 0.999586
574600000 29793.7 -0.112906 5000.1 0.999558
574700000 29793.7 -0.103919 5000.09 0.999561
574800000 29793.7 -0.0901355 5000.09 0.999562
574900000 29793.7 -0.131401 5000.1 0.999562
575000000 29793.7 -0.175178 5000.11 0.99956
575100000 29793.7 -0.113553 5000.1 0.999559
575200000 29793.7 -0.0913886 5000.09 0.999564
575300000 29793.7 -0.0584406 5000.09 0.999577
575400000 29793.7 0.580969 4999.98 0.999722
575500000 29793.7 -0.143526 5000.1 0.999561
575600000 29793.7 -0.0748253 5000.09 0.999616
575700000 29793.7 -0.0596323 5000.09 0.999563
575800000 29793.7 0.663229 4999.97 0.999767
575900000 29793.7 0.386875 5000.01 0.999666
576000000 29793.7 -0.0794633 5000.09 0.99958
576100000 29793.7 0.886183 4999.93 0.999744
576200000 29793.7 -0.151062 5000.1 0.999576
576300000 29793.7 -0.193051 5000.11 0.999559
576400000 29793.7 -0.04604 5000.09 0.999563
576500000 29793.7 -0.198257 5000.11 0.999569
576600000 29793.7 -0.0117169 5000.08 0.999647
576700000 29793.7 0.574551 4999.98 0.999688
576800000 29793.7 1.29715 4999.86 0.999789
576900000 29793.7 -0.0501628 5000.09 0.999588
577000000 29793.7 -0.142799 5000.1 0.999562
577100000 29793.7 1.67904 4999.8 0.999817
577200000 29793.7 -0.104589 5000.1 0.999582
577300000 29793.7 -0.0709548 5000.09 0.999612
577400000 29793.7 -0.169494 5000.11 0.999561
577500000 29793.7 -0.10048 5000.09 0.99956
577600000 29793.7 -0.13687 5000.1 0.999566
577700000 29793.7 -0.0296014 5000.08 0.999565
577800000 29793.7 -0.0465812 5000.09 0.999563
577900000 29793.7 -0.124467 5000.1 0.99957
578000000 29793.7 -0.0893161 5000.09 0.999564
578100000 29793.7 -0.145999 5000.1 0.999568
578200000 29793.7 -0.0641396 5000.09 0.999562
578300000 29793.7 -0.0761142 5000.09 0.999563
578400000 29793.7 -0.0767613 5000.09 0.999561
578500000 29793.7 0.162049 5000.05 0.999628
578600000 29793.7 -0.0891802 5000.09 0.999573
578700000 29793.7 -0.0749298 5000.09 0.999565
578800000 29793.7 -0.0888501 5000.09 0.999573
578900000 29793.7 -0.0574637 5000.09 0.999564
579000000 29793.7 -0.158534 5000.1 0.99956
579100000 29793.7 0.647335 4999.97 0.999693
579200000 29793.7 -0.176701 5000.11 0.999573
579300000 29793.7 0.156439 5000.05 0.999625
579400000 29793.7 -0.0824 5000.09 0.999569
579500000 29793.7 0.372871 5000.01 0.99968
579600000 29793.7 2.74064 4999.62 1.00005
579700000 29793.7 -0.0617866 5000.09 0.999571
579800000 29793.7 -0.0772344 5000.09 0.99957
579900000 29793.7 -0.0146035 5000.08 0.999567
580000000 29793.7 -0.0944151 5000.09 0.999573
580100000 29793.7 2.03175 4999.74 0.999994
580200000 29793.7 -0.0985692 5000.09 0.999588
580300000 29793.7 -0.0726503 5000.09 0.999563
580400000 29793.7 -0.0959244 5000.09 0.999563
580500000 29793.7 -0.15218 5000.1 0.999579
580600000 29793.7 0.157543 5000.05 0.999623
580700000 29793.7 -0.0392194 5000.08 0.999596
580800000 29793.7 -0.0671094 5000.09 0.999564
580900000 29793.7 2.22376 4999.7 0.999923
581000000 29793.7 -0.149147 5000.1 0.999564
581100000 29793.7 -0.083474 5000.09 0.999561
581200000 29793.7 1.10702 4999.89 0.999756
581300000 29793.7 0.705216 4999.96 0.999704
581400000 29793.7 -0.158104 5000.1 0.999572
581500000 29793.7 10.4638 4998.32 1.00063
581600000 29793.7 1.67373 4999.8 0.999841
581700000 29793.7 -0.105977 5000.1 0.999573
581800000 29793.7 3.87209 4999.43 1.00004
581900000 29793.7 0.308656 5000.03 0.999648
582000000 29793.7 -0.0833651 5000.09 0.999565
582100000 29793.7 -0.0804699 5000.09 0.999562
582200000 29793.7 -0.124965 5000.1 0.999572
582300000 29793.7 -0.218477 5000.11 0.999561
582400000 29793.7 -0.0752427 5000.09 0.999562
582500000 29793.7 0.0618925 5000.07 0.999639
582600000 29793.7 0.0775815 5000.06 0.999647
582700000 29793.7 -0.099892 5000.09 0.999575
582800000 29793.7 -0.163164 5000.1 0.999593
582900000 29793.7 -0.0977189 5000.09 0.999569
583000000 29793.7 -0.0301846 5000.08 0.999589
583100000 29793.7 -0.110223 5000.1 0.999572
583200000 29793.7 0.151034 5000.05 0.999653
583300000 29793.7 1.04695 4999.9 0.999746
583400000 29793.7 -0.0495882 5000.09 0.999564
583500000 29793.7 0.0927682 5000.06 0.999637
583600000 29793.7 -0.0150676 5000.08 0.999615
583700000 29793.7 -0.0697438 5000.09 0.999573
583800000 29793.7 -0.119591 5000.1 0.999584
583900000 29793.7 0.731502 4999.95 0.999725
584000000 29793.7 -0.127878 5000.1 0.999562
584100000 29793.7 -0.0695895 5000.09 0.999576
584200000 29793.7 -0.145486 5000.1 0.999558
584300000 29793.7 -0.115864 5000.1 0.999587
584400000 29793.7 -0.162043 5000.1 0.999573
584500000 29793.7 -0.0614715 5000.09 0.999577
584600000 29793.7 -0.158333 5000.1 0.999561
584700000 29793.7 -0.100297 5000.09 0.999569
584800000 29793.7 0.0476153 5000.07 0.999619
584900000 29793.7 -0.144979 5000.1 0.999596
585000000 29793.7 -0.0330046 5000.08 0.999565
585100000 29793.7 -0.184009 5000.11 0.999578
585200000 29793.7 0.614325 4999.97 0.999705
585300000 29793.7 0.110623 5000.06 0.999628
585400000 29793.7 -0.134688 5000.1 0.99956
585500000 29793.7 -0.186049 5000.11 0.99956
585600000 29793.7 -0.0452866 5000.09 0.999564
585700000 29793.7 -0.130537 5000.1 0.999573
585800000 29793.7 -0.17227 5000.11 0.999566
585900000 29793.7 -0.115812 5000.1 0.999563
586000000 29793.7 -0.200449 5000.11 0.999576
586100000 29793.7 0.011953 5000.08 0.999616
586200000 29793.7 -0.140012 5000.1 0.999576
586300000 29793.7 0.0364956 5000.07 0.999603
586400000 29793.7 -0.0498003 5000.09 0.999564
586500000 29793.7 -0.0618427 5000.09 0.999562
586600000 29793.7 0.0464407 5000.07 0.999601
586700000 29793.7 -0.080159 5000.09 0.999575
586800000 29793.7 1.19566 4999.88 0.999805
586900000 29793.7 -0.154163 5000.1 0.999569
587000000 29793.7 -0.00398221 5000.08 0.999607
587100000 29793.7 -0.0352046 5000.08 0.999583
587200000 29793.7 -0.242699 5000.12 0.999571
587300000 29793.7 -0.130652 5000.1 0.999573
587400000 29793.7 -0.0152648 5000.08 0.999566
587500000 29793.7 2.79878 4999.61 0.999935
587600000 29793.7 -0.0949486 5000.09 0.999588
587700000 29793.7 -0.0580539 5000.09 0.999562
587800000 29793.7 -0.0112313 5000.08 0.999567
587900000 29793.7 -0.163404 5000.1 0.999569
588000000 29793.7 -0.106604 5000.1 0.999561
588100000 29793.7 -0.0503934 5000.09 0.999629
588200000 29793.7 -0.142418 5000.1 0.999563
588300000 29793.7 0.336508 5000.02 0.99965
588400000 29793.7 -0.00188195 5000.08 0.999593
588500000 29793.7 -0.0931398 5000.09 0.999565
588600000 29793.7 0.0692853 5000.07 0.999641
588700000 29793.7 -0.116968 5000.1 0.999561
588800000 29793.7 -0.139423 5000.1 0.999564
588900000 29793.7 -0.0607741 5000.09 0.999582
589000000 29793.7 -0.191882 5000.11 0.999563
589100000 29793.7 -0.0784731 5000.09 0.999572
589200000 29793.7 -0.128948 5000.1 0.99957
589300000 29793.7 0.056352 5000.07 0.99961
589400000 29793.7 -0.185475 5000.11 0.999573
589500000 29793.7 1.12904 4999.89 0.999772
589600000 29793.7 0.685265 4999.96 0.999696
589700000 29793.7 2.61932 4999.64 0.999917
589800000 29793.7 0.414572 5000.01 0.999734
589900000 29793.7 -0.0841494 5000.09 0.999562
590000000 29793.7 0.148863 5000.05 0.999633
590100000 29793.7 -0.0744221 5000.09 0.999561
590200000 29793.7 -0.015497 5000.08 0.999567
590300000 29793.7 -0.121635 5000.1 0.999578
590400000 29793.7 -0.0949724 5000.09 0.999568
590500000 29793.7 0.116571 5000.06 0.999687
590600000 29793.7 0.785321 4999.95 0.999731
590700000 29793.7 0.253717 5000.03 0.999658
590800000 29793.7 -0.131069 5000.1 0.999594
590900000 29793.7 0.485338 5000 0.999685
591000000 29793.7 -0.188619 5000.11 0.999578
591100000 29793.7 -0.0972067 5000.09 0.999565
591200000 29793.7 -0.11862 5000.1 0.999571
591300000 29793.7 0.169621 5000.05 0.999649
591400000 29793.7 -0.0284248 5000.08 0.999565
591500000 29793.7 -0.119202 5000.1 0.999591
591600000 29793.7 -0.0574703 5000.09 0.999587
591700000 29793.7 -0.0724897 5000.09 0.999563
591800000 29793.7 -0.0735958 5000.09 0.999571
591900000 29793.7 -0.115171 5000.1 0.999572
592000000 29793.7 0.464154 5000 0.999692
592100000 29793.7 -0.156598 5000.1 0.99958
592200000 29793.7 -0.174222 5000.11 0.999573
592300000 29793.7 -0.00241967 5000.08 0.99964
592400000 29793.7 0.332032 5000.02 0.999655
592500000 29793.7 -0.160969 5000.1 0.999574
592600000 29793.7 -0.0447712 5000.08 0.999565
592700000 29793.7 -0.16481 5000.11 0.999577
592800000 29793.7 -0.0994112 5000.09 0.999559
592900000 29793.7 -0.0986389 5000.09 0.999562
593000000 29793.7 -0.0607385 5000.09 0.999563
593100000 29793.7 -0.0325131 5000.08 0.999565
593200000 29793.7 0.125647 5000.06 0.999667
593300000 29793.7 0.0449812 5000.07 0.999626
593400000 29793.7 -0.0536526 5000.09 0.999564
593500000 29793.7 2.28127 4999.69 0.999911
593600000 29793.7 -0.202957 5000.11 0.99956
593700000 29793.7 -0.177216 5000.11 0.999567
593800000 29793.7 -0.142917 5000.1 0.999558
593900000 29793.7 1.38033 4999.85 0.999782
594000000 29793.7 -0.149518 5000.1 0.999573
594100000 29793.7 -0.26772 5000.12 0.99958
594200000 29793.7 -0.0237597 5000.08 0.999566
594300000 29793.7 -0.160531 5000.1 0.999563
594400000 29793.7 0.800132 4999.94 0.999767
594500000 29793.7 0.189459 5000.05 0.999652
594600000 29793.7 3.95733 4999.41 1.0001
594700000 29793.7 -0.0250673 5000.08 0.999565
594800000 29793.7 0.41491 5000.01 0.999663
594900000 29793.7 0.758509 4999.95 0.999748
595000000 29793.7 -0.0445256 5000.08 0.999564
595100000 29793.7 0.00923356 5000.08 0.99962
595200000 29793.7 -0.103933 5000.09 0.999568
595300000 29793.7 -0.261057 5000.12 0.999556
595400000 29793.7 -0.151554 5000.1 0.999565
595500000 29793.7 -0.240051 5000.12 0.999554
595600000 29793.7 1.0525 4999.9 0.999763
595700000 29793.7 -0.0858093 5000.09 0.999567
595800000 29793.7 -0.0190671 5000.08 0.999615
595900000 29793.7 -0.168272 5000.11 0.999564
596000000 29793.7 -0.116813 5000.1 0.999626
596100000 29793.7 0.112276 5000.06 0.999625
596200000 29793.7 -0.189569 5000.11 0.999554
596300000 29793.7 0.995787 4999.91 0.999752
596400000 29793.7 2.06988 4999.73 0.999858
596500000 29793.7 -0.343511 5000.14 0.999556
596600000 29793.7 0.372893 5000.01 0.999655
596700000 29793.7 -0.125039 5000.1 0.999571
596800000 29793.7 0.754827 4999.95 0.999759
596900000 29793.7 -0.0204007 5000.08 0.999588
597000000 29793.7 0.416194 5000.01 0.999693
597100000 29793.7 -0.0208507 5000.08 0.99962
597200000 29793.7 -0.0763051 5000.09 0.999604
597300000 29793.7 1.81165 4999.77 0.999889
597400000 29793.7 -0.0345134 5000.08 0.999564
597500000 29793.7 -0.117681 5000.1 0.99956
597600000 29793.7 5.23301 4999.2 1.0002
597700000 29793.7 0.218424 5000.04 0.999639
597800000 29793.7 -0.0673882 5000.09 0.999563
597900000 29793.7 -0.207102 5000.11 0.999616
598000000 29793.7 0.33245 5000.02 0.999653
598100000 29793.7 -0.169577 5000.11 0.999559
598200000 29793.7 -0.057206 5000.09 0.999563
598300000 29793.7 -0.0453457 5000.09 0.999564
598400000 29793.7 -0.0903923 5000.09 0.999561
598500000 29793.7 -0.0820829 5000.09 0.999586
598600000 29793.7 0.51907 4999.99 0.999736
598700000 29793.7 0.26723 5000.03 0.999653
598800000 29793.7 -0.0950164 5000.09 0.999561
598900000 29793.7 0.478155 5000 0.999669
599000000 29793.7 -0.0947175 5000.09 0.999561
599100000 29793.7 -0.0596568 5000.09 0.999604
599200000 29793.7 0.115677 5000.06 0.999619
599300000 29793.7 -0.151123 5000.1 0.999569
599400000 29793.7 -0.00434009 5000.08 0.999598
599500000 29793.7 -0.0998658 5000.09 0.999562
599600000 29793.7 -0.0550153 5000.09 0.999563
599700000 29793.7 1.4954 4999.83 0.999795
599800000 29793.7 1.98783 4999.74 0.999849
599900000 29793.7 0.493789 4999.99 0.999705
600000000 29793.7 0.239876 5000.04 0.999636
600100000 29793.7 1.34735 4999.85 0.999793
600200000 29793.7 -0.0744715 5000.09 0.999562
600300000 29793.7 0.779704 4999.95 0.999744
600400000 29793.7 1.28816 4999.86 0.9998
600500000 29793.7 1.31067 4999.86 0.999856
600600000 29793.7 -0.123647 5000.1 0.99956
600700000 29793.7 -0.0849111 5000.09 0.999564
600800000 29793.7 -0.0610308 5000.09 0.999563
600900000 29793.7 -0.179137 5000.11 0.999569
601000000 29793.7 -0.0379626 5000.08 0.999583
601100000 29793.7 0.0622161 5000.07 0.999625
601200000 29793.7 0.328782 5000.02 0.99966
601300000 29793.7 -0.214087 5000.11 0.999569
601400000 29793.7 -0.160349 5000.1 0.999606
601500000 29793.7 -0.0484609 5000.09 0.999563
601600000 29793.7 -0.0425789 5000.08 0.999564
601700000 29793.7 -0.0114232 5000.08 0.999567
601800000 29793.7 -0.220728 5000.11 0.999584
601900000 29793.7 -0.0839542 5000.09 0.99956
602000000 29793.7 -0.146815 5000.1 0.999585
602100000 29793.7 -0.112516 5000.1 0.999564
602200000 29793.7 -0.119174 5000.1 0.999599
602300000 29793.7 -0.167205 5000.11 0.999574
602400000 29793.7 -0.00935156 5000.08 0.999567
602500000 29793.7 -0.0227173 5000.08 0.999566
602600000 29793.7 0.14304 5000.05 0.999629
602700000 29793.7 -0.189324 5000.11 0.99959
602800000 29793.7 -0.101627 5000.09 0.99956
602900000 29793.7 0.636852 4999.97 0.999695
603000000 29793.7 -0.157854 5000.1 0.999558
603100000 29793.7 -0.135734 5000.1 0.999559
603200000 29793.7 -0.0910917 5000.09 0.999601
603300000 29793.7 0.30083 5000.03 0.999692
603400000 29793.7 0.0707136 5000.07 0.999621
603500000 29793.7 -0.0777603 5000.09 0.999564
603600000 29793.7 -0.173425 5000.11 0.999557
603700000 29793.7 0.0499795 5000.07 0.999618
603800000 29793.7 2.92286 4999.59 1.00004
603900000 29793.7 -0.0473343 5000.09 0.999564
604000000 29793.7 -0.114785 5000.1 0.999559
604100000 29793.7 -0.0456371 5000.09 0.999591
604200000 29793.7 -0.0491427 5000.09 0.999564
604300000 29793.7 -0.204149 5000.11 0.999573
604400000 29793.7 0.00391075 5000.08 0.999592
604500000 29793.7 -0.16771 5000.11 0.999559
604600000 29793.7 -0.116792 5000.1 0.999594
604700000 29793.7 0.013745 5000.08 0.999634
604800000 29793.7 -0.0909278 5000.09 0.999584
604900000 29793.7 -0.00329477 5000.08 0.999601
605000000 29793.7 -0.0698571 5000.09 0.999561
605100000 29793.7 -0.102845 5000.09 0.999563
605200000 29793.7 -0.0225332 5000.08 0.999566
605300000 29793.7 -0.0320583 5000.08 0.999565
605400000 29793.7 -0.0581821 5000.09 0.999612
605500000 29793.7 -0.311647 5000.13 0.999562
605600000 29793.7 -0.105859 5000.1 0.99956
605700000 29793.7 -0.0339398 5000.08 0.999565
605800000 29793.7 1.7747 4999.78 0.999858
605900000 29793.7 -0.0893749 5000.09 0.999591
606000000 29793.7 -0.0874332 5000.09 0.999577
606100000 29793.7 -0.0830236 5000.09 0.999562
606200000 29793.7 -0.0567515 5000.09 0.999563
606300000 29793.7 0.992887 4999.91 0.999735
606400000 29793.7 -0.152253 5000.1 0.999561
606500000 29793.7 -0.0586905 5000.09 0.999563
606600000 29793.7 0.168355 5000.05 0.999623
606700000 29793.7 -0.155531 5000.1 0.999564
606800000 29793.7 -0.102525 5000.09 0.999618
606900000 29793.7 -0.131462 5000.1 0.999574
607000000 29793.7 -0.1173 5000.1 0.999564
607100000 29793.7 0.0261965 5000.07 0.999621
607200000 29793.7 -0.114127 5000.1 0.999587
607300000 29793.7 -0.068306 5000.09 0.999566
607400000 29793.7 1.75895 4999.78 0.999828
607500000 29793.7 -0.0924758 5000.09 0.999564
607600000 29793.7 0.0191763 5000.07 0.999601
607700000 29793.7 0.922966 4999.92 0.99976
607800000 29793.7 -0.203763 5000.11 0.999578
607900000 29793.7 -0.194568 5000.11 0.999606
608000000 29793.7 -0.166281 5000.11 0.999556
608100000 29793.7 -0.0317525 5000.08 0.999596
608200000 29793.7 -0.162871 5000.1 0.999563
608300000 29793.7 0.83071 4999.94 0.999724
608400000 29793.7 -0.233907 5000.12 0.999572
608500000 29793.7 0.351283 5000.02 0.999652
608600000 29793.7 -0.0252135 5000.08 0.999565
608700000 29793.7 0.216758 5000.04 0.999631
608800000 29793.7 0.353502 5000.02 0.999654
608900000 29793.7 1.54671 4999.82 0.999822
609000000 29793.7 0.533856 4999.99 0.999725
609100000 29793.7 -0.0414315 5000.08 0.999567
609200000 29793.7 1.21158 4999.87 0.999813
609300000 29793.7 -0.126378 5000.1 0.999558
609400000 29793.7 0.346578 5000.02 0.999661
609500000 29793.7 -0.0221504 5000.08 0.999566
609600000 29793.7 -0.152642 5000.1 0.999557
609700000 29793.7 -0.162885 5000.1 0.999556
609800000 29793.7 -0.122652 5000.1 0.999563
609900000 29793.7 -0.0626841 5000.09 0.999568
610000000 29793.7 -0.0899961 5000.09 0.999583
610100000 29793.7 -0.215979 5000.11 0.999565
610200000 29793.7 -0.239353 5000.12 0.999559
610300000 29793.7 -0.0102912 5000.08 0.999567
610400000 29793.7 4.05359 4999.4 1.00015
610500000 29793.7 0.0879413 5000.06 0.999642
610600000 29793.7 0.189777 5000.05 0.99965
610700000 29793.7 -0.128408 5000.1 0.999559
610800000 29793.7 -0.0384556 5000.08 0.999618
610900000 29793.7 -0.180987 5000.11 0.999561
611000000 29793.7 -0.0693048 5000.09 0.999572
611100000 29793.7 2.78358 4999.61 0.999973
611200000 29793.7 -0.0959661 5000.09 0.999561
611300000 29793.7 0.524621 4999.99 0.999708
611400000 29793.7 -0.128013 5000.1 0.999559
611500000 29793.7 0.459002 5000 0.999668
611600000 29793.7 0.00587947 5000.08 0.999597
611700000 29793.7 -0.0631163 5000.09 0.999631
611800000 29793.7 -0.279175 5000.12 0.99955
611900000 29793.7 -0.238659 5000.12 0.999556
612000000 29793.7 -0.117296 5000.1 0.999561
612100000 29793.7 -0.17379 5000.11 0.999559
612200000 29793.7 -0.106926 5000.1 0.999597
612300000 29793.7 -0.0576549 5000.09 0.999564
612400000 29793.7 0.200046 5000.04 0.999638
612500000 29793.7 -0.142348 5000.1 0.99956
612600000 29793.7 -0.106316 5000.1 0.99957
612700000 29793.7 0.221337 5000.04 0.999665
612800000 29793.7 1.09241 4999.89 0.999749
612900000 29793.7 -0.0749393 5000.09 0.999561
613000000 29793.7 -0.0466681 5000.09 0.999564
613100000 29793.7 0.140208 5000.05 0.999634
613200000 29793.7 -0.113479 5000.1 0.999571
613300000 29793.7 -0.0714003 5000.09 0.999587
613400000 29793.7 0.0213357 5000.07 0.999643
613500000 29793.7 0.0818983 5000.06 0.999612
613600000 29793.7 -0.133703 5000.1 0.999568
613700000 29793.7 0.110821 5000.06 0.999613
613800000 29793.7 -0.169218 5000.11 0.999563
613900000 29793.7 -0.0609712 5000.09 0.999569
614000000 29793.7 -0.0985987 5000.09 0.999577
614100000 29793.7 -0.149885 5000.1 0.999564
614200000 29793.7 -0.179705 5000.11 0.99956
614300000 29793.7 1.6535 4999.8 0.999818
614400000 29793.7 -0.132206 5000.1 0.999603
614500000 29793.7 -0.202983 5000.11 0.999569
614600000 29793.7 -0.106385 5000.1 0.99957
614700000 29793.7 -0.0654674 5000.09 0.999562
614800000 29793.7 -0.00838954 5000.08 0.99962
614900000 29793.7 -0.115088 5000.1 0.999584
615000000 29793.7 1.0533 4999.9 0.999759
615100000 29793.7 1.0448 4999.9 0.999744
615200000 29793.7 -0.0412165 5000.08 0.999565
615300000 29793.7 -0.148183 5000.1 0.99956
615400000 29793.7 0.0499162 5000.07 0.999604
615500000 29793.7 0.0834647 5000.06 0.999622
615600000 29793.7 -0.0273821 5000.08 0.999565
615700000 29793.7 4.35304 4999.35 1.00009
615800000 29793.7 -0.121596 5000.1 0.999578
615900000 29793.7 -0.188464 5000.11 0.999566
616000000 29793.7 -0.104618 5000.1 0.999586
616100000 29793.7 -0.114173 5000.1 0.999568
616200000 29793.7 -0.135008 5000.1 0.999576
616300000 29793.7 -0.0782859 5000.09 0.999575
616400000 29793.7 -0.121616 5000.1 0.999569
616500000 29793.7 -0.00625506 5000.08 0.999568
616600000 29793.7 0.775532 4999.95 0.99971
616700000 29793.7 -0.0114634 5000.08 0.999567
616800000 29793.7 -0.0986924 5000.09 0.999563
616900000 29793.7 0.368297 5000.02 0.999668
617000000 29793.7 -0.0697805 5000.09 0.999597
617100000 29793.7 -0.20442 5000.11 0.999564
617200000 29793.7 -0.129919 5000.1 0.999566
617300000 29793.7 -0.107784 5000.1 0.999567
617400000 29793.7 2.19327 4999.71 0.999923
617500000 29793.7 -0.0771647 5000.09 0.999562
617600000 29793.7 -0.0596757 5000.09 0.999564
617700000 29793.7 -0.0712767 5000.09 0.999587
617800000 29793.7 -0.0799345 5000.09 0.999566
617900000 29793.7 -0.165873 5000.11 0.999558
618000000 29793.7 0.245169 5000.04 0.99968
618100000 29793.7 4.75905 4999.28 1.00012
618200000 29793.7 -0.109239 5000.1 0.999565
618300000 29793.7 -0.102377 5000.09 0.999564
618400000 29793.7 0.63413 4999.97 0.99972
618500000 29793.7 -0.123746 5000.1 0.999563
618600000 29793.7 -0.00673923 5000.08 0.99959
618700000 29793.7 -0.0453372 5000.09 0.999602
618800000 29793.7 -0.18478 5000.11 0.99956
618900000 29793.7 -0.0677917 5000.09 0.999571
619000000 29793.7 0.412413 5000.01 0.999677
619100000 29793.7 -0.11938 5000.1 0.999568
619200000 29793.7 -0.146156 5000.1 0.999564
619300000 29793.7 0.160562 5000.05 0.999629
619400000 29793.7 0.0945264 5000.06 0.99961
619500000 29793.7 -0.0613177 5000.09 0.999563
619600000 29793.7 -0.0966056 5000.09 0.999565
619700000 29793.7 -0.0772771 5000.09 0.999566
619800000 29793.7 0.0315785 5000.07 0.999602
619900000 29793.7 -0.179763 5000.11 0.999561
620000000 29793.7 0.218392 5000.04 0.999635
620100000 29793.7 -0.0941238 5000.09 0.999561
620200000 29793.7 0.0677261 5000.07 0.999638
620300000 29793.7 3.32714 4999.52 1.00003
620400000 29793.7 -0.118723 5000.1 0.999564
620500000 29793.7 -0.0267004 5000.08 0.999565
620600000 29793.7 -0.150513 5000.1 0.999568
620700000 29793.7 -0.147807 5000.1 0.999561
620800000 29793.7 -0.174501 5000.11 0.999572
620900000 29793.7 1.00842 4999.91 0.99982
621000000 29793.7 -0.0997883 5000.09 0.999563
621100000 29793.7 -0.0116284 5000.08 0.999625
621200000 29793.7 -0.159131 5000.1 0.999561
621300000 29793.7 -0.284703 5000.13 0.999558
621400000 29793.7 -0.102701 5000.09 0.99956
621500000 29793.7 1.8825 4999.76 0.999845
621600000 29793.7 0.168953 5000.05 0.999641
621700000 29793.7 1.18653 4999.88 0.999791
621800000 29793.7 -0.104247 5000.09 0.999561
621900000 29793.7 -0.0330615 5000.08 0.999565
622000000 29793.7 -0.0791715 5000.09 0.999587
622100000 29793.7 0.117476 5000.06 0.999616
622200000 29793.7 -0.102782 5000.09 0.999577
622300000 29793.7 -0.0979853 5000.09 0.999562
622400000 29793.7 -0.189932 5000.11 0.999577
622500000 29793.7 0.517208 4999.99 0.999709
622600000 29793.7 -0.118894 5000.1 0.999564
622700000 29793.7 -0.0214012 5000.08 0.999566
622800000 29793.7 0.186778 5000.05 0.99967
622900000 29793.7 -0.11061 5000.1 0.9996
623000000 29793.7 -0.128634 5000.1 0.999559
623100000 29793.7 -0.149088 5000.1 0.999568
623200000 29793.7 -0.021663 5000.08 0.999587
623300000 29793.7 1.40774 4999.84 0.999789
623400000 29793.7 -0.0931031 5000.09 0.999597
623500000 29793.7 -0.134455 5000.1 0.999572
623600000 29793.7 -0.144352 5000.1 0.999577
623700000 29793.7 -0.098757 5000.09 0.999561
623800000 29793.7 -0.108403 5000.1 0.999572
623900000 29793.7 0.540636 4999.99 0.99969
624000000 29793.7 -0.0830678 5000.09 0.99959
624100000 29793.7 -0.196677 5000.11 0.999561
624200000 29793.7 -0.201139 5000.11 0.99956
624300000 29793.7 0.576522 4999.98 0.999695
624400000 29793.7 -0.13934 5000.1 0.999567
624500000 29793.7 -0.122833 5000.1 0.999578
624600000 29793.7 -0.118056 5000.1 0.999577
624700000 29793.7 0.446537 5000 0.999676
624800000 29793.7 0.0709197 5000.07 0.99962
624900000 29793.7 0.136083 5000.05 0.999668
625000000 29793.7 -0.156155 5000.1 0.999564
625100000 29793.7 -0.226511 5000.12 0.999559
625200000 29793.7 0.551423 4999.98 0.999723
625300000 29793.7 -0.051513 5000.09 0.999632
625400000 29793.7 4.24284 4999.36 1.00011
625500000 29793.7 -0.196619 5000.11 0.999623
625600000 29793.7 0.721659 4999.96 0.999742
625700000 29793.7 -0.0977153 5000.09 0.999562
625800000 29793.7 1.46234 4999.83 0.999852
625900000 29793.7 0.158696 5000.05 0.999637
626000000 29793.7 -0.0870585 5000.09 0.999561
626100000 29793.7 0.0782123 5000.06 0.999652
626200000 29793.7 -0.202257 5000.11 0.999596
626300000 29793.7 -0.0843136 5000.09 0.999564
626400000 29793.7 -0.0715761 5000.09 0.999562
626500000 29793.7 -0.12887 5000.1 0.999602
626600000 29793.7 -0.0190092 5000.08 0.999607
626700000 29793.7 -0.0375235 5000.08 0.999564
626800000 29793.7 0.00178082 5000.08 0.999594
626900000 29793.7 -0.0469454 5000.09 0.999563
627000000 29793.7 -0.0410689 5000.08 0.999564
627100000 29793.7 -0.192496 5000.11 0.999565
627200000 29793.7 -0.039305 5000.08 0.999565
627300000 29793.7 -0.133626 5000.1 0.999578
627400000 29793.7 -0.121801 5000.1 0.999562
627500000 29793.7 -0.100359 5000.09 0.999574
627600000 29793.7 -0.123956 5000.1 0.999561
627700000 29793.7 -0.21142 5000.11 0.999564
627800000 29793.7 0.921067 4999.92 0.999733
627900000 29793.7 -0.0339208 5000.08 0.999595
628000000 29793.7 -0.0912659 5000.09 0.999561
628100000 29793.7 0.183399 5000.05 0.999663
628200000 29793.7 -0.18791 5000.11 0.999564
628300000 29793.7 -0.111955 5000.1 0.999565
628400000 29793.7 -0.108974 5000.1 0.99956
628500000 29793.7 0.0922828 5000.06 0.999617
628600000 29793.7 0.0077032 5000.08 0.999601
628700000 29793.7 0.999996 4999.91 0.999782
628800000 29793.7 -0.119442 5000.1 0.999562
628900000 29793.7 -0.146269 5000.1 0.999583
629000000 29793.7 1.32416 4999.86 0.999805
629100000 29793.7 -0.0906939 5000.09 0.999572
629200000 29793.7 -0.0183177 5000.08 0.999566
629300000 29793.7 -0.0483848 5000.09 0.999564
629400000 29793.7 0.292772 5000.03 0.999667
629500000 29793.7 -0.0816743 5000.09 0.999562
629600000 29793.7 0.0819677 5000.06 0.999622
629700000 29793.7 0.0437129 5000.07 0.999624
629800000 29793.7 0.444595 5000 0.999683
629900000 29793.7 -0.0500037 5000.09 0.999564
630000000 29793.7 -0.18768 5000.11 0.999578
630100000 29793.7 -0.0745183 5000.09 0.999612
630200000 29793.7 0.182267 5000.05 0.999627
630300000 29793.7 1.15738 4999.88 0.999759
630400000 29793.7 -0.0826261 5000.09 0.999563
630500000 29793.7 -0.0863903 5000.09 0.999564
630600000 29793.7 0.149921 5000.05 0.999625
630700000 29793.7 -0.164042 5000.11 0.999557
630800000 29793.7 -0.123245 5000.1 0.999562
630900000 29793.7 -0.137278 5000.1 0.999598
631000000 29793.7 -0.0279856 5000.08 0.999604
631100000 29793.7 -0.12414 5000.1 0.99956
631200000 29793.7 0.495925 4999.99 0.999683
631300000 29793.7 -0.246773 5000.12 0.99957
631400000 29793.7 -0.0499807 5000.09 0.999602
631500000 29793.7 -0.150887 5000.1 0.999561
631600000 29793.7 -0.13396 5000.1 0.999573
631700000 29793.7 -0.0296317 5000.08 0.999623
631800000 29793.7 0.598494 4999.98 0.999709
631900000 29793.7 -0.0856709 5000.09 0.999595
632000000 29793.7 -0.0903239 5000.09 0.999564
632100000 29793.7 -0.161766 5000.1 0.999556
632200000 29793.7 0.200879 5000.04 0.999649
632300000 29793.7 0.379361 5000.01 0.999662
632400000 29793.7 -0.109486 5000.1 0.999562
632500000 29793.7 -0.33291 5000.13 0.999567
632600000 29793.7 -0.122906 5000.1 0.999572
632700000 29793.7 -0.204854 5000.11 0.99956
632800000 29793.7 1.92292 4999.75 0.999922
632900000 29793.7 -0.0612919 5000.09 0.999567
633000000 29793.7 -0.0375465 5000.08 0.999565
633100000 29793.7 0.268475 5000.03 0.999672
633200000 29793.7 -0.0486515 5000.09 0.999563
633300000 29793.7 -0.148268 5000.1 0.999577
633400000 29793.7 -0.169423 5000.11 0.999561
633500000 29793.7 -0.115949 5000.1 0.99957
633600000 29793.7 -0.10336 5000.09 0.999578
633700000 29793.7 -0.037621 5000.08 0.999565
633800000 29793.7 0.452517 5000 0.999725
633900000 29793.7 -0.137045 5000.1 0.999589
634000000 29793.7 -0.0654732 5000.09 0.999563
634100000 29793.7 -0.120682 5000.1 0.999562
634200000 29793.7 -0.0806204 5000.09 0.999561
634300000 29793.7 -0.0463695 5000.09 0.999589
634400000 29793.7 -0.116986 5000.1 0.999566
634500000 29793.7 -0.266071 5000.12 0.999562
634600000 29793.7 -0.0920578 5000.09 0.999564
634700000 29793.7 -0.116984 5000.1 0.999564
634800000 29793.7 -0.0671356 5000.09 0.999562
634900000 29793.7 -0.0771892 5000.09 0.999577
635000000 29793.7 0.0235059 5000.07 0.999613
635100000 29793.7 -0.184557 5000.11 0.999556
635200000 29793.7 0.195679 5000.04 0.999647
635300000 29793.7 0.909923 4999.92 0.999739
635400000 29793.7 -0.208941 5000.11 0.999555
635500000 29793.7 0.299637 5000.03 0.999672
635600000 29793.7 -0.0674844 5000.09 0.999575
635700000 29793.7 -0.0572001 5000.09 0.999594
635800000 29793.7 -0.108443 5000.1 0.99956
635900000 29793.7 0.563038 4999.98 0.999682
636000000 29793.7 -0.123471 5000.1 0.99956
636100000 29793.7 -0.042197 5000.08 0.999619
636200000 29793.7 -0.141416 5000.1 0.999567
636300000 29793.7 -0.0262759 5000.08 0.999566
636400000 29793.7 -0.146091 5000.1 0.999584
636500000 29793.7 -0.217173 5000.11 0.999563
636600000 29793.7 -0.154157 5000.1 0.999556
636700000 29793.7 0.0969537 5000.06 0.999617
636800000 29793.7 -0.0856314 5000.09 0.999587
636900000 29793.7 -0.09849 5000.09 0.999559
637000000 29793.7 -0.162331 5000.1 0.9996
637100000 29793.7 -0.0458251 5000.09 0.999564
637200000 29793.7 -0.0852933 5000.09 0.999567
637300000 29793.7 -0.127618 5000.1 0.999559
637400000 29793.7 0.125211 5000.06 0.999685
637500000 29793.7 -0.251253 5000.12 0.999571
637600000 29793.7 -0.0887717 5000.09 0.999561
637700000 29793.7 -0.104758 5000.1 0.999587
637800000 29793.7 -0.152163 5000.1 0.999603
637900000 29793.7 -0.106477 5000.1 0.999577
638000000 29793.7 -0.039595 5000.08 0.999564
638100000 29793.7 0.500843 4999.99 0.999672
638200000 29793.7 -0.14266 5000.1 0.999566
638300000 29793.7 -0.0720713 5000.09 0.999561
638400000 29793.7 -0.153027 5000.1 0.999563
638500000 29793.7 0.132802 5000.06 0.999668
638600000 29793.7 0.310107 5000.03 0.999678
638700000 29793.7 -0.120443 5000.1 0.999562
638800000 29793.7 -0.0615199 5000.09 0.999562
638900000 29793.7 0.613623 4999.97 0.999704
639000000 29793.7 -0.153098 5000.1 0.999583
639100000 29793.7 -0.021702 5000.08 0.999566
639200000 29793.7 0.860245 4999.93 0.999721
639300000 29793.7 -0.0531484 5000.09 0.99962
639400000 29793.7 -0.161302 5000.1 0.999557
639500000 29793.7 0.0112231 5000.08 0.999617
639600000 29793.7 -0.0850512 5000.09 0.999562
639700000 29793.7 -0.0681853 5000.09 0.999562
639800000 29793.7 0.0704529 5000.07 0.999605
639900000 29793.7 -0.0846805 5000.09 0.999577
640000000 29793.7 -0.167871 5000.11 0.99957
640100000 29793.7 -0.0167761 5000.08 0.999566
640200000 29793.7 -0.131964 5000.1 0.999558
640300000 29793.7 -0.0498156 5000.09 0.999564
640400000 29793.7 -0.175712 5000.11 0.99957
640500000 29793.7 0.164408 5000.05 0.999625
640600000 29793.7 0.0616158 5000.07 0.999612
640700000 29793.7 -0.152472 5000.1 0.999585
640800000 29793.7 4.37632 4999.34 1.00017
640900000 29793.7 -0.112189 5000.1 0.999566
641000000 29793.7 -0.118529 5000.1 0.999561
641100000 29793.7 -0.107845 5000.1 0.999589
641200000 29793.7 0.220373 5000.04 0.999645
641300000 29793.7 -0.13027 5000.1 0.999557
641400000 29793.7 0.629674 4999.97 0.999693
641500000 29793.7 -0.0626927 5000.09 0.999562
641600000 29793.7 -0.0661364 5000.09 0.999564
641700000 29793.7 -0.064965 5000.09 0.999576
641800000 29793.7 -0.174828 5000.11 0.999561
641900000 29793.7 -0.0314019 5000.08 0.999565
642000000 29793.7 -0.261944 5000.12 0.999579
642100000 29793.7 -0.0817846 5000.09 0.999573
642200000 29793.7 -0.105165 5000.1 0.999571
642300000 29793.7 0.0784849 5000.06 0.999616
642400000 29793.7 -0.0244254 5000.08 0.999566
642500000 29793.7 2.18302 4999.71 0.999916
642600000 29793.7 -0.150105 5000.1 0.999561
642700000 29793.7 -0.0632025 5000.09 0.999564
642800000 29793.7 1.55945 4999.82 0.999839
642900000 29793.7 0.236906 5000.04 0.999645
643000000 29793.7 -0.0500872 5000.09 0.999564
643100000 29793.7 -0.0147098 5000.08 0.999567
643200000 29793.7 -0.186077 5000.11 0.999556
643300000 29793.7 1.03364 4999.9 0.999754
643400000 29793.7 -0.0115969 5000.08 0.999567
643500000 29793.7 -0.136184 5000.1 0.999582
643600000 29793.7 -0.0560642 5000.09 0.999563
643700000 29793.7 -0.138503 5000.1 0.99958
643800000 29793.7 -0.304002 5000.13 0.999617
643900000 29793.7 -0.127598 5000.1 0.99959
644000000 29793.7 1.62347 4999.81 0.999812
644100000 29793.7 -0.0749166 5000.09 0.999562
644200000 29793.7 0.991309 4999.91 0.999761
644300000 29793.7 -0.124094 5000.1 0.999593
644400000 29793.7 -0.00901187 5000.08 0.999609
644500000 29793.7 2.08678 4999.73 0.999915
644600000 29793.7 -0.187091 5000.11 0.999579
644700000 29793.7 -0.0842651 5000.09 0.999579
644800000 29793.7 -0.095995 5000.09 0.999595
644900000 29793.7 -0.0923854 5000.09 0.999607
645000000 29793.7 -0.126208 5000.1 0.99956
645100000 29793.7 -0.078738 5000.09 0.999597
645200000 29793.7 -0.189674 5000.11 0.999557
645300000 29793.7 -0.0533043 5000.09 0.999564
645400000 29793.7 0.000690195 5000.08 0.999656
645500000 29793.7 -0.0650867 5000.09 0.999625
645600000 29793.7 -0.150373 5000.1 0.999581
645700000 29793.7 0.0462686 5000.07 0.999606
645800000 29793.7 -0.105268 5000.1 0.999567
645900000 29793.7 0.0665904 5000.07 0.999636
646000000 29793.7 0.161464 5000.05 0.999627
646100000 29793.7 -0.117412 5000.1 0.999562
646200000 29793.7 -0.134192 5000.1 0.999591
646300000 29793.7 -0.049426 5000.09 0.999566
646400000 29793.7 -0.0617823 5000.09 0.999565
646500000 29793.7 0.149465 5000.05 0.999626
646600000 29793.7 -0.164077 5000.11 0.99957
646700000 29793.7 -0.0347925 5000.08 0.999564
646800000 29793.7 -0.100938 5000.09 0.999559
646900000 29793.7 0.0159133 5000.07 0.999598
647000000 29793.7 0.155483 5000.05 0.999639
647100000 29793.7 -0.125508 5000.1 0.999615
647200000 29793.7 -0.175669 5000.11 0.999563
647300000 29793.7 -0.264318 5000.12 0.999575
647400000 29793.7 -0.0492662 5000.09 0.999563
647500000 29793.7 -0.0798696 5000.09 0.999565
647600000 29793.7 -0.117924 5000.1 0.999558
647700000 29793.7 -0.00906875 5000.08 0.99961
647800000 29793.7 -0.180247 5000.11 0.999587
647900000 29793.7 -0.128215 5000.1 0.999557
648000000 29793.7 -0.00293449 5000.08 0.999568
648100000 29793.7 -0.218984 5000.11 0.999557
648200000 29793.7 -0.0320739 5000.08 0.999623
648300000 29793.7 -0.0728377 5000.09 0.999564
648400000 29793.7 -0.0821016 5000.09 0.999566
648500000 29793.7 -0.20276 5000.11 0.999575
648600000 29793.7 -0.168146 5000.11 0.999563
648700000 29793.7 -0.150645 5000.1 0.999567
648800000 29793.7 -0.232937 5000.12 0.999564
648900000 29793.7 -0.0721441 5000.09 0.999562
649000000 29793.7 -0.226631 5000.12 0.999574
649100000 29793.7 -0.00056726 5000.08 0.999601
649200000 29793.7 -0.148347 5000.1 0.999563
649300000 29793.7 0.151151 5000.05 0.99962
649400000 29793.7 -0.104838 5000.1 0.999561
649500000 29793.7 -0.0800365 5000.09 0.999569
649600000 29793.7 1.07507 4999.9 0.999785
649700000 29793.7 -0.166301 5000.11 0.99958
649800000 29793.7 -0.146041 5000.1 0.999566
649900000 29793.7 -0.0426229 5000.08 0.99959
650000000 29793.7 -0.00133149 5000.08 0.999638
650100000 29793.7 -0.0536482 5000.09 0.999564
650200000 29793.7 0.289175 5000.03 0.999692
650300000 29793.7 -0.230713 5000.12 0.999571
650400000 29793.7 -0.114415 5000.1 0.999573
650500000 29793.7 0.923411 4999.92 0.999811
650600000 29793.7 -0.146828 5000.1 0.999572
650700000 29793.7 -0.220982 5000.11 0.999574
650800000 29793.7 0.149608 5000.05 0.999622
650900000 29793.7 0.585048 4999.98 0.999688
651000000 29793.7 -0.101799 5000.09 0.999568
651100000 29793.7 0.0541563 5000.07 0.99962
651200000 29793.7 6.2634 4999.03 1.00025
651300000 29793.7 0.507733 4999.99 0.999714
651400000 29793.7 -0.00514143 5000.08 0.999568
651500000 29793.7 0.551775 4999.98 0.999682
651600000 29793.7 -0.103565 5000.09 0.999582
651700000 29793.7 -0.114464 5000.1 0.99956
651800000 29793.7 -0.0639025 5000.09 0.999566
651900000 29793.7 -0.0876555 5000.09 0.99956
652000000 29793.7 -0.0184373 5000.08 0.999566
652100000 29793.7 0.0406669 5000.07 0.999636
652200000 29793.7 -0.0634593 5000.09 0.999567
652300000 29793.7 -0.0669033 5000.09 0.999591
652400000 29793.7 0.925397 4999.92 0.999747
652500000 29793.7 -0.142169 5000.1 0.999558
652600000 29793.7 1.53715 4999.82 0.999843
652700000 29793.7 -0.137291 5000.1 0.999562
652800000 29793.7 -0.166087 5000.11 0.999556
652900000 29793.7 -0.184747 5000.11 0.999566
653000000 29793.7 -0.116666 5000.1 0.99956
653100000 29793.7 -0.0481902 5000.09 0.999563
653200000 29793.7 -0.121167 5000.1 0.999576
653300000 29793.7 -0.0787353 5000.09 0.999562
653400000 29793.7 2.15401 4999.72 0.999871
653500000 29793.7 4.35874 4999.35 1.00011
653600000 29793.7 0.24473 5000.04 0.999638
653700000 29793.7 -0.111787 5000.1 0.999582
653800000 29793.7 1.58777 4999.81 0.999865
653900000 29793.7 -0.0329749 5000.08 0.999587
654000000 29793.7 0.270115 5000.03 0.99964
654100000 29793.7 0.14001 5000.05 0.999647
654200000 29793.7 4.12342 4999.39 1.00007
654300000 29793.7 -0.135844 5000.1 0.999563
654400000 29793.7 -0.0621649 5000.09 0.999564
654500000 29793.7 -0.200059 5000.11 0.999566
654600000 29793.7 -0.069379 5000.09 0.999563
654700000 29793.7 -0.174675 5000.11 0.99959
654800000 29793.7 0.773934 4999.95 0.999709
654900000 29793.7 1.98827 4999.74 0.999902
655000000 29793.7 0.262885 5000.03 0.999654
655100000 29793.7 -0.203443 5000.11 0.999557
655200000 29793.7 -0.119425 5000.1 0.999562
655300000 29793.7 -0.231641 5000.12 0.999594
655400000 29793.7 -0.220926 5000.11 0.999566
655500000 29793.7 -0.0920247 5000.09 0.999562
655600000 29793.7 -0.117871 5000.1 0.999599
655700000 29793.7 -0.109887 5000.1 0.999561
655800000 29793.7 0.630508 4999.97 0.99969
655900000 29793.7 -0.0480229 5000.09 0.999563
656000000 29793.7 -0.187301 5000.11 0.999613
656100000 29793.7 -0.105865 5000.1 0.999562
656200000 29793.7 -0.162146 5000.1 0.999564
656300000 29793.7 -0.147756 5000.1 0.999604
656400000 29793.7 0.321764 5000.02 0.999661
656500000 29793.7 -0.0416785 5000.08 0.999564
656600000 29793.7 -0.0956125 5000.09 0.99958
656700000 29793.7 0.38026 5000.01 0.999676
656800000 29793.7 -0.097803 5000.09 0.999565
656900000 29793.7 -0.0971173 5000.09 0.99956
657000000 29793.7 -0.0760975 5000.09 0.999562
657100000 29793.7 1.5872 4999.81 0.999806
657200000 29793.7 -0.071461 5000.09 0.999562
657300000 29793.7 -0.0610062 5000.09 0.999565
657400000 29793.7 -0.115188 5000.1 0.999576
657500000 29793.7 -0.0512474 5000.09 0.999563
657600000 29793.7 -0.16542 5000.11 0.999557
657700000 29793.7 -0.079677 5000.09 0.999565
657800000 29793.7 -0.0563658 5000.09 0.999563
657900000 29793.7 0.404583 5000.01 0.999719
658000000 29793.7 -0.0490399 5000.09 0.999563
658100000 29793.7 -0.0623812 5000.09 0.999572
658200000 29793.7 -0.0820027 5000.09 0.999574
658300000 29793.7 -0.0496853 5000.09 0.999564
658400000 29793.7 -0.118658 5000.1 0.999564
658500000 29793.7 0.871626 4999.93 0.999739
658600000 29793.7 -0.0612144 5000.09 0.999564
658700000 29793.7 -0.146847 5000.1 0.999567
658800000 29793.7 1.38626 4999.84 0.999812
658900000 29793.7 -0.112605 5000.1 0.999563
659000000 29793.7 -0.0954236 5000.09 0.999571
659100000 29793.7 0.170887 5000.05 0.999642
659200000 29793.7 -0.0322516 5000.08 0.999565
659300000 29793.7 -0.214542 5000.11 0.999559
659400000 29793.7 -0.185844 5000.11 0.999588
659500000 29793.7 -0.122827 5000.1 0.999559
659600000 29793.7 -0.168991 5000.11 0.999615
659700000 29793.7 -0.0827669 5000.09 0.999575
659800000 29793.7 -0.146051 5000.1 0.999567
659900000 29793.7 2.13413 4999.72 0.999865
660000000 29793.7 1.33659 4999.85 0.999779
660100000 29793.7 0.0196575 5000.07 0.999608
660200000 29793.7 0.0332134 5000.07 0.999603
660300000 29793.7 -0.0805959 5000.09 0.999619
660400000 29793.7 -0.201557 5000.11 0.999571
660500000 29793.7 -0.127783 5000.1 0.999581
660600000 29793.7 -0.0340013 5000.08 0.999564
660700000 29793.7 -0.229573 5000.12 0.999575
660800000 29793.7 -0.161998 5000.1 0.999575
660900000 29793.7 -0.0212253 5000.08 0.999566
661000000 29793.7 -0.126663 5000.1 0.999567
661100000 29793.7 -0.0441923 5000.08 0.999565
661200000 29793.7 0.199691 5000.04 0.99963
661300000 29793.7 0.00116786 5000.08 0.999609
661400000 29793.7 -0.180523 5000.11 0.999568
661500000 29793.7 -0.0418346 5000.08 0.999564
661600000 29793.7 -0.0868133 5000.09 0.999564
661700000 29793.7 0.0539153 5000.07 0.999641
661800000 29793.7 -0.0876559 5000.09 0.999599
661900000 29793.7 -0.233202 5000.12 0.999566
662000000 29793.7 1.44612 4999.83 0.99986
662100000 29793.7 -0.156123 5000.1 0.999573
662200000 29793.7 -0.10377 5000.09 0.99956
662300000 29793.7 -0.0864374 5000.09 0.999561
662400000 29793.7 -0.10349 5000.09 0.999563
662500000 29793.7 -0.237872 5000.12 0.999578
662600000 29793.7 -0.147663 5000.1 0.999562
662700000 29793.7 -0.0552372 5000.09 0.999578
662800000 29793.7 5.53216 4999.15 1.00019
662900000 29793.7 -0.107197 5000.1 0.999564
663000000 29793.7 -0.235196 5000.12 0.999587
663100000 29793.7 0.00783816 5000.08 0.999594
663200000 29793.7 -0.218468 5000.11 0.999561
663300000 29793.7 -0.150483 5000.1 0.999559
663400000 29793.7 0.280528 5000.03 0.999675
663500000 29793.7 0.21122 5000.04 0.999635
663600000 29793.7 -0.0822813 5000.09 0.999564
663700000 29793.7 -0.100975 5000.09 0.999562
663800000 29793.7 -0.0808562 5000.09 0.999612
663900000 29793.7 -0.0808189 5000.09 0.999563
664000000 29793.7 -0.0353249 5000.08 0.999588
664100000 29793.7 -0.224975 5000.12 0.999558
664200000 29793.7 -0.202542 5000.11 0.999581
664300000 29793.7 0.158648 5000.05 0.999645
664400000 29793.7 -0.227176 5000.12 0.999559
664500000 29793.7 -0.137224 5000.1 0.999586
664600000 29793.7 0.568021 4999.98 0.999713
664700000 29793.7 0.0319642 5000.07 0.999653
664800000 29793.7 -0.103284 5000.09 0.999571
664900000 29793.7 -0.133057 5000.1 0.999586
665000000 29793.7 0.185734 5000.05 0.99966
665100000 29793.7 0.00252332 5000.08 0.999617
665200000 29793.7 -0.259368 5000.12 0.999559
665300000 29793.7 -0.154551 5000.1 0.999557
665400000 29793.7 2.80863 4999.61 1.00004
665500000 29793.7 -0.121121 5000.1 0.99958
665600000 29793.7 -0.0753132 5000.09 0.999584
665700000 29793.7 -0.0547816 5000.09 0.999563
665800000 29793.7 0.276225 5000.03 0.999674
665900000 29793.7 -0.141371 5000.1 0.9996
666000000 29793.7 3.64765 4999.47 1.00002
666100000 29793.7 -0.134408 5000.1 0.999564
666200000 29793.7 0.884499 4999.93 0.999732
666300000 29793.7 -0.199851 5000.11 0.999572
666400000 29793.7 -0.103554 5000.09 0.999563
666500000 29793.7 -0.131429 5000.1 0.999558
666600000 29793.7 -0.0616112 5000.09 0.999591
666700000 29793.7 1.16612 4999.88 0.999758
666800000 29793.7 0.0634099 5000.07 0.999671
666900000 29793.7 -0.215306 5000.11 0.999559
667000000 29793.7 -0.124823 5000.1 0.999559
667100000 29793.7 -0.00325383 5000.08 0.999568
667200000 29793.7 6.66433 4998.96 1.00035
667300000 29793.7 1.33728 4999.85 0.999776
667400000 29793.7 -0.114038 5000.1 0.999562
667500000 29793.7 -0.1647 5000.11 0.999579
667600000 29793.7 0.151739 5000.05 0.999622
667700000 29793.7 -0.134978 5000.1 0.999607
667800000 29793.7 -0.139115 5000.1 0.999574
667900000 29793.7 -0.176194 5000.11 0.999577
668000000 29793.7 -0.169441 5000.11 0.99956
668100000 29793.7 0.079611 5000.06 0.99961
668200000 29793.7 -0.0986676 5000.09 0.999565
668300000 29793.7 -0.0891308 5000.09 0.999587
668400000 29793.7 -0.106455 5000.1 0.999559
668500000 29793.7 0.236353 5000.04 0.999634
668600000 29793.7 -0.0592486 5000.09 0.999598
668700000 29793.7 0.127408 5000.06 0.999642
668800000 29793.7 0.235183 5000.04 0.99964
668900000 29793.7 -0.102786 5000.09 0.999575
669000000 29793.7 1.45301 4999.83 0.999838
669100000 29793.7 -0.0499296 5000.09 0.999564
669200000 29793.7 -0.113037 5000.1 0.999561
669300000 29793.7 -0.153604 5000.1 0.99956
669400000 29793.7 -0.121901 5000.1 0.999579
669500000 29793.7 0.00646113 5000.08 0.999612
669600000 29793.7 -0.119928 5000.1 0.999562
669700000 29793.7 -0.103999 5000.09 0.999585
669800000 29793.7 0.542485 4999.99 0.999678
669900000 29793.7 0.376883 5000.01 0.999675
670000000 29793.7 -0.0446674 5000.08 0.999563
670100000 29793.7 -0.239273 5000.12 0.999573
670200000 29793.7 0.803225 4999.94 0.999712
670300000 29793.7 -0.197266 5000.11 0.99957
670400000 29793.7 -0.211997 5000.11 0.999561
670500000 29793.7 -0.0621227 5000.09 0.999565
670600000 29793.7 -0.116477 5000.1 0.999569
670700000 29793.7 -0.195551 5000.11 0.999592
670800000 29793.7 -0.0819963 5000.09 0.999565
670900000 29793.7 0.0990008 5000.06 0.999615
671000000 29793.7 0.141493 5000.05 0.999627
671100000 29793.7 -0.153116 5000.1 0.999565
671200000 29793.7 -0.0096373 5000.08 0.999567
671300000 29793.7 -0.178363 5000.11 0.999567
671400000 29793.7 0.172558 5000.05 0.999624
671500000 29793.7 -0.0918881 5000.09 0.9996
671600000 29793.7 -0.1289 5000.1 0.999565
671700000 29793.7 -0.132538 5000.1 0.999574
671800000 29793.7 4.81917 4999.27 1.00031
671900000 29793.7 -0.0331981 5000.08 0.999565
672000000 29793.7 1.28938 4999.86 0.999779
672100000 29793.7 -0.161335 5000.1 0.99956
672200000 29793.7 -0.158665 5000.1 0.999563
672300000 29793.7 -0.091702 5000.09 0.999572
672400000 29793.7 -0.175411 5000.11 0.999565
672500000 29793.7 -0.021871 5000.08 0.999566
672600000 29793.7 -0.253498 5000.12 0.999563
672700000 29793.7 -0.135417 5000.1 0.999568
672800000 29793.7 -0.0587756 5000.09 0.999575
672900000 29793.7 -0.1348 5000.1 0.999576
673000000 29793.7 1.23451 4999.87 0.999767
673100000 29793.7 -0.0939606 5000.09 0.999584
673200000 29793.7 -0.116587 5000.1 0.999561
673300000 29793.7 -0.129126 5000.1 0.999568
673400000 29793.7 -0.0723425 5000.09 0.999567
673500000 29793.7 -0.0827542 5000.09 0.999568
673600000 29793.7 -0.0218385 5000.08 0.999566
673700000 29793.7 -0.0321257 5000.08 0.999565
673800000 29793.7 -0.105007 5000.1 0.999564
673900000 29793.7 3.60445 4999.47 1.00014
674000000 29793.7 -0.0363368 5000.08 0.999593
674100000 29793.7 -0.19603 5000.11 0.99958
674200000 29793.7 -0.0979958 5000.09 0.99956
674300000 29793.7 -0.0874465 5000.09 0.999563
674400000 29793.7 0.811208 4999.94 0.999723
674500000 29793.7 0.1429 5000.05 0.999646
674600000 29793.7 -0.0714582 5000.09 0.999566
674700000 29793.7 -0.213717 5000.11 0.99956
674800000 29793.7 0.7864 4999.95 0.99976
674900000 29793.7 -0.0298338 5000.08 0.999565
675000000 29793.7 -0.0717596 5000.09 0.999561
675100000 29793.7 -0.0561897 5000.09 0.999564
675200000 29793.7 -0.102648 5000.09 0.99956
675300000 29793.7 -0.166126 5000.11 0.999567
675400000 29793.7 -0.0674923 5000.09 0.99958
675500000 29793.7 0.29451 5000.03 0.999685
675600000 29793.7 -0.0796731 5000.09 0.999619
675700000 29793.7 -0.166157 5000.11 0.999564
675800000 29793.7 -0.0664247 5000.09 0.999632
675900000 29793.7 -0.0845173 5000.09 0.999561
676000000 29793.7 -0.0877328 5000.09 0.999562
676100000 29793.7 0.136673 5000.05 0.999623
676200000 29793.7 -0.105454 5000.1 0.999565
676300000 29793.7 -0.188515 5000.11 0.999592
676400000 29793.7 -0.0730173 5000.09 0.999562
676500000 29793.7 -0.177369 5000.11 0.999575
676600000 29793.7 -0.131812 5000.1 0.999559
676700000 29793.7 -0.202957 5000.11 0.999582
676800000 29793.7 -0.128349 5000.1 0.999567
676900000 29793.7 -0.187778 5000.11 0.999572
677000000 29793.7 -0.159355 5000.1 0.999564
677100000 29793.7 -0.167372 5000.11 0.999563
677200000 29793.7 -0.196528 5000.11 0.999569
677300000 29793.7 -0.145597 5000.1 0.999558
677400000 29793.7 -0.0653411 5000.09 0.999585
677500000 29793.7 1.0759 4999.9 0.999762
677600000 29793.7 -0.082417 5000.09 0.999616
677700000 29793.7 0.011155 5000.08 0.999606
677800000 29793.7 -0.30264 5000.13 0.999563
677900000 29793.7 -0.185377 5000.11 0.999595
678000000 29793.7 -0.166075 5000.11 0.999565
678100000 29793.7 -0.0797463 5000.09 0.999577
678200000 29793.7 -0.210635 5000.11 0.999559
678300000 29793.7 -0.0578383 5000.09 0.999563
678400000 29793.7 -0.07435 5000.09 0.999563
678500000 29793.7 2.03744 4999.74 0.999891
678600000 29793.7 -0.128471 5000.1 0.999565
678700000 29793.7 0.00294055 5000.08 0.999598
678800000 29793.7 0.116441 5000.06 0.99962
678900000 29793.7 -0.0719758 5000.09 0.999561
679000000 29793.7 -0.0892669 5000.09 0.999572
679100000 29793.7 -0.143958 5000.1 0.999569
679200000 29793.7 0.978964 4999.91 0.999779
679300000 29793.7 -0.0625487 5000.09 0.999567
679400000 29793.7 -0.0159005 5000.08 0.999588
679500000 29793.7 -0.0640734 5000.09 0.999606
679600000 29793.7 -0.104418 5000.1 0.999559
679700000 29793.7 0.113252 5000.06 0.999638
679800000 29793.7 0.0589671 5000.07 0.999626
679900000 29793.7 -0.0965292 5000.09 0.999594
680000000 29793.7 0.101167 5000.06 0.999621
680100000 29793.7 -0.106552 5000.1 0.999562
680200000 29793.7 1.67725 4999.8 0.99982
680300000 29793.7 -0.123671 5000.1 0.99956
680400000 29793.7 -0.103412 5000.09 0.99956
680500000 29793.7 -0.135169 5000.1 0.99957
680600000 29793.7 -0.200869 5000.11 0.999566
680700000 29793.7 -0.0771606 5000.09 0.999568
680800000 29793.7 -0.12936 5000.1 0.999557
680900000 29793.7 -0.0755767 5000.09 0.999561
681000000 29793.7 -0.148421 5000.1 0.999613
681100000 29793.7 0.0321571 5000.07 0.99961
681200000 29793.7 -0.099968 5000.09 0.999559
681300000 29793.7 -0.154725 5000.1 0.999559
681400000 29793.7 -0.100044 5000.09 0.999596
681500000 29793.7 0.0588717 5000.07 0.999609
681600000 29793.7 -0.00292229 5000.08 0.999603
681700000 29793.7 0.0230006 5000.07 0.99962
681800000 29793.7 -0.272819 5000.12 0.999581
681900000 29793.7 -0.179015 5000.11 0.999582
682000000 29793.7 -0.177185 5000.11 0.999562
682100000 29793.7 -0.017099 5000.08 0.999567
682200000 29793.7 0.21276 5000.04 0.999659
682300000 29793.7 -0.208279 5000.11 0.999566
682400000 29793.7 -0.00515668 5000.08 0.999568
682500000 29793.7 -0.198949 5000.11 0.999558
682600000 29793.7 -0.296206 5000.13 0.999564
682700000 29793.7 -0.249544 5000.12 0.999583
682800000 29793.7 1.0729 4999.9 0.999747
682900000 29793.7 -0.0702954 5000.09 0.999564
683000000 29793.7 -0.0755327 5000.09 0.999565
683100000 29793.7 -0.0147415 5000.08 0.999567
683200000 29793.7 -0.0847303 5000.09 0.999561
683300000 29793.7 -0.0727512 5000.09 0.999589
683400000 29793.7 -0.141104 5000.1 0.999563
683500000 29793.7 -0.0849806 5000.09 0.999571
683600000 29793.7 -0.0392812 5000.08 0.999564
683700000 29793.7 1.08323 4999.9 0.999795
683800000 29793.7 -0.0718407 5000.09 0.999589
683900000 29793.7 -0.156981 5000.1 0.999578
684000000 29793.7 -0.171 5000.11 0.999582
684100000 29793.7 -0.138719 5000.1 0.999565
684200000 29793.7 0.179041 5000.05 0.99964
684300000 29793.7 -0.0508163 5000.09 0.999563
684400000 29793.7 -0.0943862 5000.09 0.999571
684500000 29793.7 -0.181918 5000.11 0.999559
684600000 29793.7 -0.190387 5000.11 0.999558
684700000 29793.7 1.93288 4999.75 0.999865
684800000 29793.7 0.774421 4999.95 0.999724
684900000 29793.7 0.293031 5000.03 0.99966
685000000 29793.7 -0.0996895 5000.09 0.99956
685100000 29793.7 -0.0257212 5000.08 0.999566
685200000 29793.7 1.26126 4999.87 0.999771
685300000 29793.7 1.04099 4999.9 0.999765
685400000 29793.7 -0.10021 5000.09 0.99956
685500000 29793.7 -0.0658166 5000.09 0.999568
685600000 29793.7 0.110231 5000.06 0.999615
685700000 29793.7 -0.267776 5000.12 0.999566
685800000 29793.7 0.838667 4999.94 0.999725
685900000 29793.7 -0.185583 5000.11 0.999559
686000000 29793.7 0.299252 5000.03 0.99966
686100000 29793.7 -0.165816 5000.11 0.999566
686200000 29793.7 0.0225359 5000.07 0.999598
686300000 29793.7 -0.0966519 5000.09 0.999564
686400000 29793.7 0.272519 5000.03 0.999659
686500000 29793.7 -0.0908158 5000.09 0.999565
686600000 29793.7 -0.0450927 5000.09 0.999565
686700000 29793.7 -0.0831742 5000.09 0.999561
686800000 29793.7 -0.0024824 5000.08 0.999617
686900000 29793.7 -0.173586 5000.11 0.999586
687000000 29793.7 -0.0974027 5000.09 0.999584
687100000 29793.7 0.686335 4999.96 0.999697
687200000 29793.7 -0.0874113 5000.09 0.999561
687300000 29793.7 -0.0670677 5000.09 0.999579
687400000 29793.7 0.0582748 5000.07 0.999605
687500000 29793.7 -0.0898623 5000.09 0.999561
687600000 29793.7 0.276469 5000.03 0.999668
687700000 29793.7 -0.0480996 5000.09 0.999633
687800000 29793.7 -0.0508826 5000.09 0.999596
687900000 29793.7 0.169501 5000.05 0.999625
688000000 29793.7 -0.203562 5000.11 0.99958
688100000 29793.7 0.748658 4999.95 0.99971
688200000 29793.7 -0.0386843 5000.08 0.999565
688300000 29793.7 0.133867 5000.06 0.999683
688400000 29793.7 -0.0847607 5000.09 0.999562
688500000 29793.7 -0.149696 5000.1 0.999564
688600000 29793.7 0.349031 5000.02 0.999674
688700000 29793.7 2.03351 4999.74 0.999858
688800000 29793.7 -0.307274 5000.13 0.999602
688900000 29793.7 -0.0498816 5000.09 0.999564
689000000 29793.7 -0.0667935 5000.09 0.999573
689100000 29793.7 0.206972 5000.04 0.999629
689200000 29793.7 1.14774 4999.88 0.999759
689300000 29793.7 -0.0258506 5000.08 0.999565
689400000 29793.7 0.0227428 5000.07 0.9996
689500000 29793.7 -0.0971365 5000.09 0.99956
689600000 29793.7 -0.0809553 5000.09 0.999572
689700000 29793.7 -0.0813187 5000.09 0.999568
689800000 29793.7 -0.127299 5000.1 0.999565
689900000 29793.7 -0.0486741 5000.09 0.999589
690000000 29793.7 -0.042938 5000.08 0.999565
690100000 29793.7 -0.0566387 5000.09 0.999565
690200000 29793.7 -0.0564695 5000.09 0.999566
690300000 29793.7 -0.0488313 5000.09 0.999585
690400000 29793.7 6.87883 4998.92 1.00041
690500000 29793.7 0.252268 5000.04 0.999643
690600000 29793.7 -0.296678 5000.13 0.99958
690700000 29793.7 0.117115 5000.06 0.999626
690800000 29793.7 1.78578 4999.78 0.999849
690900000 29793.7 0.151738 5000.05 0.999658
691000000 29793.7 -0.23931 5000.12 0.999564
691100000 29793.7 -0.129608 5000.1 0.999593
691200000 29793.7 0.946201 4999.92 0.999742
691300000 29793.7 -0.0583557 5000.09 0.999562
691400000 29793.7 -0.198684 5000.11 0.999561
691500000 29793.7 -0.112232 5000.1 0.999561
691600000 29793.7 -0.161776 5000.1 0.999574
691700000 29793.7 1.71302 4999.79 0.999821
691800000 29793.7 -0.0656699 5000.09 0.999573
691900000 29793.7 -0.0930888 5000.09 0.999563
692000000 29793.7 0.459935 5000 0.999677
692100000 29793.7 1.11261 4999.89 0.999756
692200000 29793.7 0.039854 5000.07 0.999601
692300000 29793.7 0.0440099 5000.07 0.999608
692400000 29793.7 -0.228173 5000.12 0.999557
692500000 29793.7 -0.0168449 5000.08 0.999567
692600000 29793.7 -0.110607 5000.1 0.999574
692700000 29793.7 -0.0683968 5000.09 0.999562
692800000 29793.7 -0.0583257 5000.09 0.999564
692900000 29793.7 -0.0673337 5000.09 0.999622
693000000 29793.7 -0.0298358 5000.08 0.999565
693100000 29793.7 -0.049688 5000.09 0.999566
693200000 29793.7 1.29641 4999.86 0.999806
693300000 29793.7 -0.0289017 5000.08 0.999587
693400000 29793.7 -0.284722 5000.13 0.999556
693500000 29793.7 -0.113133 5000.1 0.999575
693600000 29793.7 1.18144 4999.88 0.999806
693700000 29793.7 4.02982 4999.4 1.00015
693800000 29793.7 0.729591 4999.96 0.999729
693900000 29793.7 -0.127333 5000.1 0.999563
694000000 29793.7 -0.141789 5000.1 0.999566
694100000 29793.7 -0.113016 5000.1 0.999574
694200000 29793.7 -0.0122266 5000.08 0.9996
694300000 29793.7 -0.0588428 5000.09 0.999564
694400000 29793.7 -0.113586 5000.1 0.999563
694500000 29793.7 -0.135808 5000.1 0.99957
694600000 29793.7 -0.0810089 5000.09 0.999562
694700000 29793.7 -0.260352 5000.12 0.999555
694800000 29793.7 -0.115651 5000.1 0.999584
694900000 29793.7 0.169555 5000.05 0.999635
695000000 29793.7 4.42681 4999.33 1.00009
695100000 29793.7 -0.101849 5000.09 0.999563
695200000 29793.7 -0.297329 5000.13 0.999583
695300000 29793.7 -0.097407 5000.09 0.999565
695400000 29793.7 -0.034678 5000.08 0.999565
695500000 29793.7 1.35421 4999.85 0.99979
695600000 29793.7 0.281883 5000.03 0.99964
695700000 29793.7 -0.119643 5000.1 0.999563
695800000 29793.7 -0.0820091 5000.09 0.999565
695900000 29793.7 -0.00330958 5000.08 0.999628
696000000 29793.7 -0.251186 5000.12 0.999575
696100000 29793.7 -0.0720892 5000.09 0.999561
696200000 29793.7 -0.114348 5000.1 0.999561
696300000 29793.7 -0.161723 5000.1 0.999568
696400000 29793.7 -0.0935572 5000.09 0.999567
696500000 29793.7 1.50888 4999.82 0.99983
696600000 29793.7 -0.0389286 5000.08 0.999565
696700000 29793.7 -0.175506 5000.11 0.999593
696800000 29793.7 1.48909 4999.83 0.999846
696900000 29793.7 -0.220517 5000.11 0.99956
697000000 29793.7 -0.266379 5000.12 0.999565
697100000 29793.7 0.631702 4999.97 0.999699
697200000 29793.7 0.0281646 5000.07 0.999603
697300000 29793.7 -0.0458501 5000.09 0.99958
697400000 29793.7 -0.127512 5000.1 0.999575
697500000 29793.7 -0.125096 5000.1 0.999559
697600000 29793.7 -0.128131 5000.1 0.99956
697700000 29793.7 -0.29258 5000.13 0.99959
697800000 29793.7 0.972691 4999.91 0.999807
697900000 29793.7 0.495328 4999.99 0.999689
698000000 29793.7 -0.225536 5000.12 0.999554
698100000 29793.7 -0.00610077 5000.08 0.999598
698200000 29793.7 0.170499 5000.05 0.999655
698300000 29793.7 -0.0353582 5000.08 0.999565
698400000 29793.7 1.16232 4999.88 0.999758
698500000 29793.7 0.291089 5000.03 0.999651
698600000 29793.7 -0.210647 5000.11 0.99956
698700000 29793.7 0.212535 5000.04 0.999634
698800000 29793.7 -0.0194376 5000.08 0.999566
698900000 29793.7 -0.0625324 5000.09 0.999571
699000000 29793.7 -0.16806 5000.11 0.999562
699100000 29793.7 -0.0629712 5000.09 0.999598
699200000 29793.7 -0.0890651 5000.09 0.999606
699300000 29793.7 -0.138798 5000.1 0.999565
699400000 29793.7 -0.17958 5000.11 0.99956
699500000 29793.7 -0.0978823 5000.09 0.999577
699600000 29793.7 3.22953 4999.54 1.00003
699700000 29793.7 0.212895 5000.04 0.99963
699800000 29793.7 2.54138 4999.65 0.999928
699900000 29793.7 -0.0924654 5000.09 0.999576
700000000 29793.7 -0.07109 5000.09 0.999565
700100000 29793.7 -0.20026 5000.11 0.99957
700200000 29793.7 -0.242532 5000.12 0.99956
700300000 29793.7 -0.144638 5000.1 0.999578
700400000 29793.7 -0.0673851 5000.09 0.999599
700500000 29793.7 -0.126579 5000.1 0.999573
700600000 29793.7 -0.148353 5000.1 0.999585
700700000 29793.7 0.842937 4999.94 0.999799
700800000 29793.7 -0.10276 5000.09 0.999572
700900000 29793.7 -0.13213 5000.1 0.999558
701000000 29793.7 -0.0439456 5000.08 0.999564
701100000 29793.7 0.250545 5000.04 0.999639
701200000 29793.7 -0.0686253 5000.09 0.999565
701300000 29793.7 -0.106866 5000.1 0.999586
701400000 29793.7 0.419352 5000.01 0.99968
701500000 29793.7 0.25705 5000.03 0.999647
701600000 29793.7 -0.124561 5000.1 0.999557
701700000 29793.7 -0.134304 5000.1 0.999599
701800000 29793.7 0.33281 5000.02 0.99968
701900000 29793.7 -0.184978 5000.11 0.999564
702000000 29793.7 -0.0665582 5000.09 0.999563
702100000 29793.7 1.23058 4999.87 0.999786
702200000 29793.7 -0.075539 5000.09 0.999562
702300000 29793.7 2.37502 4999.68 0.999891
702400000 29793.7 -0.123431 5000.1 0.999565
702500000 29793.7 -0.0808235 5000.09 0.999585
702600000 29793.7 0.309453 5000.03 0.99966
702700000 29793.7 -0.0229803 5000.08 0.999566
702800000 29793.7 -0.0889403 5000.09 0.999569
702900000 29793.7 -0.0927118 5000.09 0.999568
703000000 29793.7 -0.117504 5000.1 0.999571
703100000 29793.7 0.259456 5000.03 0.99964
703200000 29793.7 1.06112 4999.9 0.999747
703300000 29793.7 -0.0820889 5000.09 0.999569
703400000 29793.7 0.633178 4999.97 0.999701
703500000 29793.7 -0.100738 5000.09 0.999563
703600000 29793.7 -0.0478814 5000.09 0.999563
703700000 29793.7 -0.155356 5000.1 0.999577
703800000 29793.7 -0.0871284 5000.09 0.999568
703900000 29793.7 -0.147287 5000.1 0.999558
704000000 29793.7 -0.130813 5000.1 0.999564
704100000 29793.7 -0.0997185 5000.09 0.999581
704200000 29793.7 -0.0917918 5000.09 0.999562
704300000 29793.7 -0.205445 5000.11 0.999558
704400000 29793.7 -0.0513621 5000.09 0.999637
704500000 29793.7 0.278664 5000.03 0.999677
704600000 29793.7 0.37555 5000.01 0.999662
704700000 29793.7 1.86523 4999.76 0.999885
704800000 29793.7 -0.0292208 5000.08 0.999565
704900000 29793.7 -0.0649992 5000.09 0.999562
705000000 29793.7 -0.169008 5000.11 0.999563
705100000 29793.7 -0.168291 5000.11 0.999565
705200000 29793.7 -0.0426415 5000.08 0.999565
705300000 29793.7 -0.0722383 5000.09 0.999564
705400000 29793.7 -0.114393 5000.1 0.999579
705500000 29793.7 -0.157265 5000.1 0.999566
705600000 29793.7 -0.21378 5000.11 0.999555
705700000 29793.7 -0.25067 5000.12 0.999576
705800000 29793.7 -0.035679 5000.08 0.999565
705900000 29793.7 -0.0899221 5000.09 0.999568
706000000 29793.7 -0.13286 5000.1 0.999577
706100000 29793.7 -0.0409767 5000.08 0.999603
706200000 29793.7 2.7042 4999.62 1.00006
706300000 29793.7 -0.223527 5000.11 0.999572
706400000 29793.7 1.01314 4999.91 0.999756
706500000 29793.7 -0.080628 5000.09 0.999562
706600000 29793.7 -0.0834729 5000.09 0.999571
706700000 29793.7 -0.116538 5000.1 0.999567
706800000 29793.7 -0.0268607 5000.08 0.999565
706900000 29793.7 -0.0805185 5000.09 0.999593
707000000 29793.7 3.2469 4999.53 1.00003
707100000 29793.7 -0.222065 5000.11 0.999573
707200000 29793.7 0.286022 5000.03 0.999662
707300000 29793.7 -0.104779 5000.1 0.999559
707400000 29793.7 0.83993 4999.94 0.999812
707500000 29793.7 -0.0777469 5000.09 0.999563
707600000 29793.7 -0.060644 5000.09 0.999571
707700000 29793.7 -0.135713 5000.1 0.999561
707800000 29793.7 0.608639 4999.98 0.999739
707900000 29793.7 0.0487098 5000.07 0.999628
708000000 29793.7 -0.114697 5000.1 0.99956
708100000 29793.7 0.169497 5000.05 0.999632
708200000 29793.7 -0.133269 5000.1 0.999558
708300000 29793.7 -0.200876 5000.11 0.999583
708400000 29793.7 -0.0611355 5000.09 0.999562
708500000 29793.7 -0.0440366 5000.08 0.999585
708600000 29793.7 -0.109091 5000.1 0.99956
708700000 29793.7 0.00354499 5000.08 0.999612
708800000 29793.7 -0.180602 5000.11 0.999575
708900000 29793.7 -0.122022 5000.1 0.999571
709000000 29793.7 1.52937 4999.82 0.999799
709100000 29793.7 -0.117144 5000.1 0.999561
709200000 29793.7 -0.245232 5000.12 0.99956
709300000 29793.7 -0.0917315 5000.09 0.999561
709400000 29793.7 -0.0582136 5000.09 0.999579
709500000 29793.7 -0.196764 5000.11 0.99957
709600000 29793.7 -0.14478 5000.1 0.999565
709700000 29793.7 0.0619561 5000.07 0.999603
709800000 29793.7 -0.101664 5000.09 0.999561
709900000 29793.7 -0.0628573 5000.09 0.999607
710000000 29793.7 0.39503 5000.01 0.99971
710100000 29793.7 -0.114229 5000.1 0.999559
710200000 29793.7 -0.126571 5000.1 0.999564
710300000 29793.7 1.87952 4999.76 0.999859
710400000 29793.7 -0.139441 5000.1 0.999576
710500000 29793.7 -0.0711466 5000.09 0.999562
710600000 29793.7 -0.0392435 5000.08 0.999564
710700000 29793.7 0.0530101 5000.07 0.999604
710800000 29793.7 -0.134383 5000.1 0.999562
710900000 29793.7 5.28645 4999.19 1.00032
711000000 29793.7 -0.224662 5000.12 0.999598
711100000 29793.7 1.54815 4999.82 0.999805
711200000 29793.7 -0.0889154 5000.09 0.999561
711300000 29793.7 -0.0627826 5000.09 0.999563
711400000 29793.7 0.127105 5000.06 0.999617
711500000 29793.7 -0.0648015 5000.09 0.999587
711600000 29793.7 0.0671578 5000.07 0.999631
711700000 29793.7 -0.0839706 5000.09 0.999561
711800000 29793.7 -0.110735 5000.1 0.999584
711900000 29793.7 0.776749 4999.95 0.999761
712000000 29793.7 -0.0696036 5000.09 0.999571
712100000 29793.7 2.32984 4999.69 0.999885
712200000 29793.7 -0.0586638 5000.09 0.999563
712300000 29793.7 0.452126 5000 0.999686
712400000 29793.7 -0.100651 5000.09 0.999563
712500000 29793.7 -0.00532871 5000.08 0.999599
712600000 29793.7 -0.132181 5000.1 0.999568
712700000 29793.7 -0.12725 5000.1 0.999568
712800000 29793.7 2.63327 4999.64 0.999954
712900000 29793.7 -0.151024 5000.1 0.999562
713000000 29793.7 0.269676 5000.03 0.999647
713100000 29793.7 -0.0502139 5000.09 0.999588
713200000 29793.7 0.932818 4999.92 0.999732
713300000 29793.7 -0.103128 5000.09 0.999567
713400000 29793.7 -0.047377 5000.09 0.999564
713500000 29793.7 -0.0890069 5000.09 0.999563
713600000 29793.7 -0.154697 5000.1 0.999567
713700000 29793.7 -0.236461 5000.12 0.99956
713800000 29793.7 -0.0439559 5000.08 0.999564
713900000 29793.7 -0.157772 5000.1 0.999568
714000000 29793.7 -0.176154 5000.11 0.999564
714100000 29793.7 0.0999109 5000.06 0.999631
714200000 29793.7 0.187168 5000.05 0.999633
714300000 29793.7 -0.0416741 5000.08 0.999565
714400000 29793.7 -0.084936 5000.09 0.999561
714500000 29793.7 -0.200443 5000.11 0.999567
714600000 29793.7 4.51063 4999.32 1.0001
714700000 29793.7 -0.237164 5000.12 0.99958
714800000 29793.7 -0.118456 5000.1 0.99957
714900000 29793.7 -0.0977245 5000.09 0.999561
715000000 29793.7 -0.184503 5000.11 0.999606
715100000 29793.7 0.00807888 5000.08 0.999592
715200000 29793.7 -0.0719987 5000.09 0.999573
715300000 29793.7 -0.154601 5000.1 0.999571
715400000 29793.7 -0.00604886 5000.08 0.999594
715500000 29793.7 0.63897 4999.97 0.999725
715600000 29793.7 -0.100137 5000.09 0.999574
715700000 29793.7 -0.0664209 5000.09 0.999563
715800000 29793.7 0.343942 5000.02 0.999652
715900000 29793.7 0.86472 4999.93 0.999729
716000000 29793.7 0.283767 5000.03 0.999704
716100000 29793.7 -0.0496289 5000.09 0.999578
716200000 29793.7 0.0818527 5000.06 0.999621
716300000 29793.7 -0.0381465 5000.08 0.999565
716400000 29793.7 -0.13327 5000.1 0.999588
716500000 29793.7 -0.0932009 5000.09 0.999562
716600000 29793.7 0.0292346 5000.07 0.999621
716700000 29793.7 0.0143073 5000.08 0.999635
716800000 29793.7 -0.0147507 5000.08 0.999597
716900000 29793.7 -0.147749 5000.1 0.999575
717000000 29793.7 -0.0825043 5000.09 0.999564
717100000 29793.7 -0.0251734 5000.08 0.999621
717200000 29793.7 0.0732334 5000.07 0.999621
717300000 29793.7 -0.144389 5000.1 0.999562
717400000 29793.7 -0.126138 5000.1 0.9996
717500000 29793.7 0.573765 4999.98 0.999731
717600000 29793.7 0.0877214 5000.06 0.999612
717700000 29793.7 0.551152 4999.98 0.999728
717800000 29793.7 2.45183 4999.67 0.999951
717900000 29793.7 0.228102 5000.04 0.999635
718000000 29793.7 -0.0765487 5000.09 0.999562
718100000 29793.7 0.254941 5000.03 0.999698
718200000 29793.7 3.68317 4999.46 1.00005
718300000 29793.7 0.0939912 5000.06 0.999615
718400000 29793.7 -0.0687878 5000.09 0.999562
718500000 29793.7 -0.243684 5000.12 0.999582
718600000 29793.7 0.192729 5000.05 0.999644
718700000 29793.7 1.70114 4999.79 0.999821
718800000 29793.7 -0.202983 5000.11 0.999561
718900000 29793.7 -0.138581 5000.1 0.99957
719000000 29793.7 0.137249 5000.05 0.999635
719100000 29793.7 -0.0576264 5000.09 0.999562
719200000 29793.7 -0.154793 5000.1 0.999564
719300000 29793.7 -0.057332 5000.09 0.999564
719400000 29793.7 -0.0966787 5000.09 0.999559
719500000 29793.7 -0.0907635 5000.09 0.999564
719600000 29793.7 -0.0533222 5000.09 0.999564
719700000 29793.7 -0.101471 5000.09 0.999592
719800000 29793.7 -0.0434353 5000.08 0.9996
719900000 29793.7 0.02193 5000.07 0.999602
720000000 29793.7 -0.0367018 5000.08 0.999565
720100000 29793.7 0.0698367 5000.07 0.999608
720200000 29793.7 -0.058266 5000.09 0.999562
720300000 29793.7 0.30956 5000.03 0.999665
720400000 29793.7 -0.10474 5000.1 0.999568
720500000 29793.7 -0.0471263 5000.09 0.999563
720600000 29793.7 -0.0361525 5000.08 0.999589
720700000 29793.7 -0.174273 5000.11 0.999571
720800000 29793.7 -0.0501138 5000.09 0.999563
720900000 29793.7 -0.0865517 5000.09 0.999567
721000000 29793.7 -0.016555 5000.08 0.999566
721100000 29793.7 1.0723 4999.9 0.999814
721200000 29793.7 -0.071575 5000.09 0.99959
721300000 29793.7 -0.151251 5000.1 0.999569
721400000 29793.7 -0.285185 5000.13 0.999565
721500000 29793.7 -0.103617 5000.09 0.999586
721600000 29793.7 -0.105854 5000.1 0.99956
721700000 29793.7 0.824595 4999.94 0.999785
721800000 29793.7 -0.0562237 5000.09 0.999564
721900000 29793.7 -0.0976874 5000.09 0.999561
722000000 29793.7 0.172594 5000.05 0.999627
722100000 29793.7 0.103942 5000.06 0.999614
722200000 29793.7 -0.120999 5000.1 0.999559
722300000 29793.7 -0.0369709 5000.08 0.999583
722400000 29793.7 1.81217 4999.77 0.99983
722500000 29793.7 -0.104765 5000.1 0.999567
722600000 29793.7 -0.0902294 5000.09 0.999592
722700000 29793.7 0.274237 5000.03 0.999689
722800000 29793.7 -0.105646 5000.1 0.999564
722900000 29793.7 -0.10041 5000.09 0.999561
723000000 29793.7 0.368187 5000.02 0.99966
723100000 29793.7 2.19774 4999.71 0.999955
723200000 29793.7 -0.138613 5000.1 0.999564
723300000 29793.7 -0.110919 5000.1 0.999587
723400000 29793.7 0.435534 5000 0.999672
723500000 29793.7 -0.092365 5000.09 0.999561
723600000 29793.7 1.15537 4999.88 0.999811
723700000 29793.7 -0.106169 5000.1 0.999577
723800000 29793.7 0.73023 4999.95 0.999712
723900000 29793.7 -0.0376024 5000.08 0.999564
724000000 29793.7 -0.14453 5000.1 0.999558
724100000 29793.7 -0.173638 5000.11 0.999563
724200000 29793.7 -0.0669987 5000.09 0.999563
724300000 29793.7 1.10887 4999.89 0.999794
724400000 29793.7 -0.0374523 5000.08 0.999565
724500000 29793.7 -0.0307059 5000.08 0.999565
724600000 29793.7 0.00650231 5000.08 0.999621
724700000 29793.7 0.091101 5000.06 0.999635
724800000 29793.7 -0.0724531 5000.09 0.999563
724900000 29793.7 -0.0510134 5000.09 0.999582
725000000 29793.7 -0.142834 5000.1 0.999561
725100000 29793.7 0.0496451 5000.07 0.999625
725200000 29793.7 -0.0661047 5000.09 0.999581
725300000 29793.7 -0.0265038 5000.08 0.999565
725400000 29793.7 -0.165884 5000.11 0.999563
725500000 29793.7 0.342408 5000.02 0.999687
725600000 29793.7 -0.0912877 5000.09 0.99956
725700000 29793.7 -0.129438 5000.1 0.999577
725800000 29793.7 -0.0770377 5000.09 0.999593
725900000 29793.7 -0.109688 5000.1 0.999584
726000000 29793.7 -0.179361 5000.11 0.999569
726100000 29793.7 2.49572 4999.66 0.999947
726200000 29793.7 0.372156 5000.01 0.999726
726300000 29793.7 -0.126722 5000.1 0.999597
726400000 29793.7 -0.108878 5000.1 0.999574
726500000 29793.7 -0.0474548 5000.09 0.999592
726600000 29793.7 1.40491 4999.84 0.999784
726700000 29793.7 -0.0691618 5000.09 0.999571
726800000 29793.7 0.306241 5000.03 0.999681
726900000 29793.7 0.0223085 5000.07 0.999599
727000000 29793.7 0.0483042 5000.07 0.999603
727100000 29793.7 -0.110153 5000.1 0.999559
727200000 29793.7 -0.0901708 5000.09 0.999563
727300000 29793.7 -0.295448 5000.13 0.999564
727400000 29793.7 0.186828 5000.05 0.999655
727500000 29793.7 -0.114472 5000.1 0.999563
727600000 29793.7 -0.0148343 5000.08 0.999598
727700000 29793.7 0.262053 5000.03 0.999639
727800000 29793.7 5.73268 4999.12 1.00031
727900000 29793.7 -0.042808 5000.08 0.999564
728000000 29793.7 0.190197 5000.05 0.99967
728100000 29793.7 -0.102773 5000.09 0.99956
728200000 29793.7 -0.19906 5000.11 0.999558
728300000 29793.7 -0.114238 5000.1 0.999571
728400000 29793.7 0.00467684 5000.08 0.999614
728500000 29793.7 -0.0808443 5000.09 0.999563
728600000 29793.7 -0.233163 5000.12 0.999569
728700000 29793.7 -0.0512905 5000.09 0.999587
728800000 29793.7 -0.144921 5000.1 0.999558
728900000 29793.7 5.85795 4999.09 1.00024
729000000 29793.7 0.124288 5000.06 0.999618
729100000 29793.7 -0.0702715 5000.09 0.999563
729200000 29793.7 -0.0859538 5000.09 0.999563
729300000 29793.7 -0.0387307 5000.08 0.9996
729400000 29793.7 -0.175077 5000.11 0.99957
729500000 29793.7 0.0694233 5000.07 0.99961
729600000 29793.7 -0.0942032 5000.09 0.999572
729700000 29793.7 -0.112064 5000.1 0.999563
729800000 29793.7 0.602874 4999.98 0.999699
729900000 29793.7 1.4876 4999.83 0.999794
730000000 29793.7 -0.0819928 5000.09 0.999563
730100000 29793.7 2.22625 4999.7 0.999876
730200000 29793.7 -0.0696566 5000.09 0.999567
730300000 29793.7 -0.226574 5000.12 0.99956
730400000 29793.7 -0.114078 5000.1 0.999563
730500000 29793.7 -0.043345 5000.08 0.999612
730600000 29793.7 2.81721 4999.6 0.999941
730700000 29793.7 -0.168368 5000.11 0.999555
730800000 29793.7 -0.114064 5000.1 0.999561
730900000 29793.7 -0.098563 5000.09 0.999561
731000000 29793.7 -0.175018 5000.11 0.999569
731100000 29793.7 -0.180668 5000.11 0.99956
731200000 29793.7 2.65214 4999.63 0.999918
731300000 29793.7 -0.29323 5000.13 0.999585
731400000 29793.7 -0.0893659 5000.09 0.999594
731500000 29793.7 -0.147783 5000.1 0.999557
731600000 29793.7 -0.0691796 5000.09 0.999579
731700000 29793.7 -0.140235 5000.1 0.999566
731800000 29793.7 0.576312 4999.98 0.999715
731900000 29793.7 -0.0776063 5000.09 0.999562
732000000 29793.7 -0.0111693 5000.08 0.999567
732100000 29793.7 -0.0958687 5000.09 0.99961
732200000 29793.7 -0.152542 5000.1 0.999557
732300000 29793.7 -0.134839 5000.1 0.99958
732400000 29793.7 -0.218588 5000.11 0.999554
732500000 29793.7 3.08982 4999.56 0.999963
732600000 29793.7 -0.0773762 5000.09 0.999568
732700000 29793.7 -0.1272 5000.1 0.99956
732800000 29793.7 0.174467 5000.05 0.999677
732900000 29793.7 -0.0720571 5000.09 0.999564
733000000 29793.7 -0.199695 5000.11 0.999572
733100000 29793.7 -0.117916 5000.1 0.999574
733200000 29793.7 -0.0751361 5000.09 0.999561
733300000 29793.7 -0.186534 5000.11 0.999571
733400000 29793.7 -0.161655 5000.1 0.999562
733500000 29793.7 -0.089288 5000.09 0.99957
733600000 29793.7 -0.239868 5000.12 0.999567
733700000 29793.7 0.208192 5000.04 0.999642
733800000 29793.7 -0.109734 5000.1 0.999575
733900000 29793.7 -0.0656685 5000.09 0.999582
734000000 29793.7 -0.179166 5000.11 0.999556
734100000 29793.7 0.0644908 5000.07 0.999606
734200000 29793.7 -0.0622719 5000.09 0.999563
734300000 29793.7 -0.043596 5000.08 0.999607
734400000 29793.7 -0.115319 5000.1 0.999575
734500000 29793.7 -0.134027 5000.1 0.999574
734600000 29793.7 -0.270104 5000.12 0.99958
734700000 29793.7 -0.0132386 5000.08 0.999618
734800000 29793.7 -0.251529 5000.12 0.999576
734900000 29793.7 -0.175448 5000.11 0.999568
735000000 29793.7 -0.193824 5000.11 0.999575
735100000 29793.7 -0.177416 5000.11 0.99958
735200000 29793.7 -0.224062 5000.12 0.999563
735300000 29793.7 -0.0719624 5000.09 0.99959
735400000 29793.7 -0.0654758 5000.09 0.999563
735500000 29793.7 0.0910127 5000.06 0.999618
735600000 29793.7 -0.0574981 5000.09 0.999563
735700000 29793.7 -0.0401525 5000.08 0.999564
735800000 29793.7 -0.191056 5000.11 0.999563
735900000 29793.7 -0.194345 5000.11 0.999567
736000000 29793.7 0.101433 5000.06 0.999616
736100000 29793.7 1.65847 4999.8 0.999824
736200000 29793.7 0.103428 5000.06 0.999625
736300000 29793.7 -0.294713 5000.13 0.999581
736400000 29793.7 -0.0277517 5000.08 0.99961
736500000 29793.7 -0.0964083 5000.09 0.999564
736600000 29793.7 -0.158752 5000.1 0.999557
736700000 29793.7 -0.189244 5000.11 0.999558
736800000 29793.7 -0.0834813 5000.09 0.99956
736900000 29793.7 0.324155 5000.02 0.999689
737000000 29793.7 0.0139707 5000.08 0.999599
737100000 29793.7 0.969335 4999.91 0.999805
737200000 29793.7 -0.123801 5000.1 0.999582
737300000 29793.7 -0.143695 5000.1 0.999581
737400000 29793.7 -0.153999 5000.1 0.999567
737500000 29793.7 -0.0798723 5000.09 0.999566
737600000 29793.7 -0.174026 5000.11 0.999559
737700000 29793.7 -0.124973 5000.1 0.999563
737800000 29793.7 4.05997 4999.4 1.00006
737900000 29793.7 -0.0549397 5000.09 0.999564
738000000 29793.7 0.0623294 5000.07 0.99961
738100000 29793.7 -0.166996 5000.11 0.99957
738200000 29793.7 0.0759725 5000.06 0.99961
738300000 29793.7 -0.0994981 5000.09 0.999562
738400000 29793.7 -0.0813394 5000.09 0.999576
738500000 29793.7 -0.0370712 5000.08 0.999565
738600000 29793.7 -0.09008 5000.09 0.999561
738700000 29793.7 0.202161 5000.04 0.99963
738800000 29793.7 0.597804 4999.98 0.999711
738900000 29793.7 -0.0701094 5000.09 0.999587
739000000 29793.7 -0.158567 5000.1 0.999562
739100000 29793.7 -0.156993 5000.1 0.999563
739200000 29793.7 -0.0909625 5000.09 0.999599
739300000 29793.7 -0.153607 5000.1 0.999568
739400000 29793.7 0.251005 5000.04 0.999661
739500000 29793.7 -0.239929 5000.12 0.999575
739600000 29793.7 -0.102284 5000.09 0.999564
739700000 29793.7 -0.0697706 5000.09 0.999563
739800000 29793.7 0.343414 5000.02 0.999684
739900000 29793.7 -0.0913934 5000.09 0.999642
740000000 29793.7 -0.130294 5000.1 0.999614
740100000 29793.7 -0.026432 5000.08 0.999566
740200000 29793.7 -0.0326928 5000.08 0.999565
740300000 29793.7 -0.0364489 5000.08 0.999565
740400000 29793.7 -0.0602985 5000.09 0.999563
740500000 29793.7 -0.12996 5000.1 0.999558
740600000 29793.7 0.638913 4999.97 0.999761
740700000 29793.7 -0.115402 5000.1 0.999563
740800000 29793.7 -0.272818 5000.12 0.99958
740900000 29793.7 -0.0980441 5000.09 0.999561
741000000 29793.7 -0.148285 5000.1 0.999578
741100000 29793.7 2.36786 4999.68 0.999901
741200000 29793.7 -0.159687 5000.1 0.999562
741300000 29793.7 0.0410824 5000.07 0.999619
741400000 29793.7 -0.132638 5000.1 0.999567
741500000 29793.7 -0.0995239 5000.09 0.999564
741600000 29793.7 -0.0396709 5000.08 0.999565
741700000 29793.7 -0.200723 5000.11 0.99956
741800000 29793.7 1.04189 4999.9 0.999775
741900000 29793.7 0.296072 5000.03 0.999677
742000000 29793.7 0.0834761 5000.06 0.999622
742100000 29793.7 -0.135109 5000.1 0.999559
742200000 29793.7 -0.076364 5000.09 0.99959
742300000 29793.7 2.92847 4999.59 0.999961
742400000 29793.7 0.145542 5000.05 0.999632
742500000 29793.7 -0.12809 5000.1 0.999569
742600000 29793.7 0.843069 4999.94 0.999725
742700000 29793.7 0.170375 5000.05 0.999683
742800000 29793.7 -0.0705829 5000.09 0.999561
742900000 29793.7 -0.126657 5000.1 0.999589
743000000 29793.7 -0.0995863 5000.09 0.999563
743100000 29793.7 -0.14723 5000.1 0.999558
743200000 29793.7 -0.175578 5000.11 0.999584
743300000 29793.7 -0.0606177 5000.09 0.999562
743400000 29793.7 0.118146 5000.06 0.999615
743500000 29793.7 0.2084 5000.04 0.999637
743600000 29793.7 -0.050183 5000.09 0.999565
743700000 29793.7 1.72078 4999.79 0.999835
743800000 29793.7 -0.0850015 5000.09 0.99961
743900000 29793.7 0.0564973 5000.07 0.999609
744000000 29793.7 -0.16474 5000.11 0.999556
744100000 29793.7 -0.0617426 5000.09 0.999564
744200000 29793.7 0.209333 5000.04 0.999654
744300000 29793.7 -0.136745 5000.1 0.999565
744400000 29793.7 -0.090459 5000.09 0.999561
744500000 29793.7 -0.0352902 5000.08 0.999565
744600000 29793.7 1.76321 4999.78 0.999829
744700000 29793.7 0.477009 5000 0.999673
744800000 29793.7 0.460135 5000 0.999689
744900000 29793.7 -0.101054 5000.09 0.999568
745000000 29793.7 -0.0764718 5000.09 0.999573
745100000 29793.7 0.0694183 5000.07 0.999623
745200000 29793.7 0.156888 5000.05 0.999635
745300000 29793.7 -0.168019 5000.11 0.999565
745400000 29793.7 -0.126412 5000.1 0.999568
745500000 29793.7 -0.0383862 5000.08 0.999588
745600000 29793.7 -0.0874081 5000.09 0.999567
745700000 29793.7 0.67953 4999.96 0.999713
745800000 29793.7 -0.129196 5000.1 0.999562
745900000 29793.7 0.641998 4999.97 0.999695
746000000 29793.7 -0.0765478 5000.09 0.999571
746100000 29793.7 -0.0814413 5000.09 0.999563
746200000 29793.7 -0.0956528 5000.09 0.999561
746300000 29793.7 -0.0388657 5000.08 0.999564
746400000 29793.7 -0.194422 5000.11 0.999563
746500000 29793.7 -0.0940368 5000.09 0.999564
746600000 29793.7 -0.0749394 5000.09 0.999566
746700000 29793.7 -0.01882 5000.08 0.999566
746800000 29793.7 -0.157795 5000.1 0.999581
746900000 29793.7 0.177916 5000.05 0.999637
747000000 29793.7 2.53083 4999.65 0.999958
747100000 29793.7 1.42464 4999.84 0.999788
747200000 29793.7 0.829175 4999.94 0.999757
747300000 29793.7 0.708808 4999.96 0.999708
747400000 29793.7 -0.105427 5000.1 0.999562
747500000 29793.7 1.3613 4999.85 0.999822
747600000 29793.7 -0.102339 5000.09 0.999559
747700000 29793.7 -0.036546 5000.08 0.999565
747800000 29793.7 -0.0203349 5000.08 0.999591
747900000 29793.7 -0.216164 5000.11 0.999577
748000000 29793.7 -0.0495693 5000.09 0.999565
748100000 29793.7 -0.0514558 5000.09 0.999592
748200000 29793.7 1.11716 4999.89 0.999779
748300000 29793.7 -0.116736 5000.1 0.99956
748400000 29793.7 0.141728 5000.05 0.999619
748500000 29793.7 -0.0253603 5000.08 0.999566
748600000 29793.7 0.242512 5000.04 0.999663
748700000 29793.7 0.47192 5000 0.999674
748800000 29793.7 -0.131138 5000.1 0.99956
748900000 29793.7 0.0113336 5000.08 0.999601
749000000 29793.7 1.70996 4999.79 0.999828
749100000 29793.7 -0.126132 5000.1 0.999572
749200000 29793.7 -0.0540127 5000.09 0.999563
749300000 29793.7 -0.0114014 5000.08 0.99959
749400000 29793.7 -0.102388 5000.09 0.999591
749500000 29793.7 -0.103697 5000.09 0.999562
749600000 29793.7 0.452194 5000 0.999671
749700000 29793.7 6.11958 4999.05 1.00025
749800000 29793.7 -0.123677 5000.1 0.999563
749900000 29793.7 0.0516094 5000.07 0.999623
750000000 29793.7 2.83573 4999.6 1.00007
750100000 29793.7 -0.180975 5000.11 0.999564
750200000 29793.7 -0.22867 5000.12 0.999579
750300000 29793.7 0.630879 4999.97 0.999689
750400000 29793.7 -0.0620026 5000.09 0.999564
750500000 29793.7 -0.0624637 5000.09 0.999563
750600000 29793.7 -0.0582445 5000.09 0.999563
750700000 29793.7 -0.0639366 5000.09 0.999566
750800000 29793.7 -0.105125 5000.1 0.99956
750900000 29793.7 -0.0602949 5000.09 0.999589
751000000 29793.7 1.42689 4999.84 0.999787
751100000 29793.7 -0.157212 5000.1 0.999581
751200000 29793.7 0.462814 5000 0.999667
751300000 29793.7 1.01231 4999.91 0.999805
751400000 29793.7 2.5692 4999.65 0.999986
751500000 29793.7 0.15438 5000.05 0.999653
751600000 29793.7 -0.107181 5000.1 0.999562
751700000 29793.7 -0.0951007 5000.09 0.99956
751800000 29793.7 0.4481 5000 0.999669
751900000 29793.7 0.677153 4999.96 0.999751
752000000 29793.7 -0.19797 5000.11 0.999559
752100000 29793.7 -0.169947 5000.11 0.999563
752200000 29793.7 -0.0177646 5000.08 0.99959
752300000 29793.7 -0.112949 5000.1 0.999565
752400000 29793.7 0.296529 5000.03 0.999696
752500000 29793.7 -0.197526 5000.11 0.999571
752600000 29793.7 -0.0954579 5000.09 0.999573
752700000 29793.7 -0.0168115 5000.08 0.999566
752800000 29793.7 -0.0949278 5000.09 0.99956
752900000 29793.7 0.765503 4999.95 0.999721
753000000 29793.7 -0.0760991 5000.09 0.999563
753100000 29793.7 -0.179666 5000.11 0.999565
753200000 29793.7 -0.0987211 5000.09 0.999561
753300000 29793.7 0.248991 5000.04 0.999638
753400000 29793.7 -0.0983036 5000.09 0.999567
753500000 29793.7 -0.176333 5000.11 0.999568
753600000 29793.7 -0.0806436 5000.09 0.999562
753700000 29793.7 -0.219877 5000.11 0.999578
753800000 29793.7 -0.113135 5000.1 0.999569
753900000 29793.7 -0.028303 5000.08 0.999565
754000000 29793.7 -0.121787 5000.1 0.999578
754100000 29793.7 -0.144839 5000.1 0.999578
754200000 29793.7 0.071981 5000.07 0.999615
754300000 29793.7 16.9623 4997.23 1.00131
754400000 29793.7 -0.104696 5000.1 0.999584
754500000 29793.7 3.34108 4999.52 1.00004
754600000 29793.7 -0.122595 5000.1 0.999566
754700000 29793.7 -0.152026 5000.1 0.999559
754800000 29793.7 1.8353 4999.77 0.999835
754900000 29793.7 -0.137448 5000.1 0.99958
755000000 29793.7 -0.120885 5000.1 0.999559
755100000 29793.7 -0.0841409 5000.09 0.999587
755200000 29793.7 -0.0190563 5000.08 0.999566
755300000 29793.7 -0.0900063 5000.09 0.999561
755400000 29793.7 0.321418 5000.02 0.999669
755500000 29793.7 -0.188916 5000.11 0.999595
755600000 29793.7 0.029607 5000.07 0.999627
755700000 29793.7 0.240086 5000.04 0.999647
755800000 29793.7 0.308041 5000.03 0.999667
755900000 29793.7 -0.117885 5000.1 0.999559
756000000 29793.7 0.760053 4999.95 0.999737
756100000 29793.7 -0.196228 5000.11 0.999563
756200000 29793.7 1.31657 4999.86 0.999815
756300000 29793.7 -0.0810776 5000.09 0.999587
756400000 29793.7 -0.103132 5000.09 0.999576
756500000 29793.7 -0.106891 5000.1 0.999571
756600000 29793.7 -0.106128 5000.1 0.999592
756700000 29793.7 -0.126773 5000.1 0.999575
756800000 29793.7 -0.136179 5000.1 0.999561
756900000 29793.7 -0.0699213 5000.09 0.999562
757000000 29793.7 0.0260828 5000.07 0.999622
757100000 29793.7 0.0328589 5000.07 0.999622
757200000 29793.7 -0.113891 5000.1 0.999574
757300000 29793.7 -0.0552636 5000.09 0.999564
757400000 29793.7 0.994907 4999.91 0.999763
757500000 29793.7 0.575653 4999.98 0.999759
757600000 29793.7 -0.0330799 5000.08 0.999565
757700000 29793.7 -0.0749147 5000.09 0.999574
757800000 29793.7 -0.0833528 5000.09 0.999565
757900000 29793.7 0.288094 5000.03 0.999646
758000000 29793.7 -0.0402079 5000.08 0.999612
758100000 29793.7 -0.149425 5000.1 0.999573
758200000 29793.7 0.213113 5000.04 0.999665
758300000 29793.7 -0.23292 5000.12 0.999573
758400000 29793.7 0.303951 5000.03 0.999659
758500000 29793.7 1.0371 4999.9 0.999741
758600000 29793.7 0.0653447 5000.07 0.999605
758700000 29793.7 -0.0205615 5000.08 0.999586
758800000 29793.7 -0.00834971 5000.08 0.999591
758900000 29793.7 -0.0413256 5000.08 0.999564
759000000 29793.7 0.73497 4999.95 0.999734
759100000 29793.7 -0.147665 5000.1 0.999583
759200000 29793.7 -0.0853905 5000.09 0.999586
759300000 29793.7 -0.0750073 5000.09 0.999561
759400000 29793.7 -0.0607172 5000.09 0.999563
759500000 29793.7 -0.0425015 5000.08 0.999564
759600000 29793.7 -0.153023 5000.1 0.999592
759700000 29793.7 -0.138993 5000.1 0.999568
759800000 29793.7 -0.109831 5000.1 0.99957
759900000 29793.7 -0.0830528 5000.09 0.9996
760000000 29793.7 -0.104174 5000.09 0.999561
760100000 29793.7 1.51642 4999.82 0.999843
760200000 29793.7 0.526965 4999.99 0.999685
760300000 29793.7 -0.068478 5000.09 0.999608
760400000 29793.7 -0.085323 5000.09 0.999561
760500000 29793.7 -0.0377849 5000.08 0.99959
760600000 29793.7 -0.0743253 5000.09 0.999568
760700000 29793.7 1.00688 4999.91 0.999744
760800000 29793.7 0.720011 4999.96 0.999709
760900000 29793.7 -0.143664 5000.1 0.999589
761000000 29793.7 -0.032121 5000.08 0.999602
761100000 29793.7 -0.0111162 5000.08 0.999567
761200000 29793.7 -0.181469 5000.11 0.999558
761300000 29793.7 -0.0702792 5000.09 0.999561
761400000 29793.7 -0.119444 5000.1 0.999565
761500000 29793.7 -0.0870859 5000.09 0.999563
761600000 29793.7 -0.0719846 5000.09 0.999574
761700000 29793.7 4.32622 4999.35 1.00022
761800000 29793.7 -0.0733929 5000.09 0.999562
761900000 29793.7 -0.201293 5000.11 0.999567
762000000 29793.7 1.72533 4999.79 0.999917
762100000 29793.7 0.704918 4999.96 0.999701
762200000 29793.7 2.64333 4999.63 1.00003
762300000 29793.7 -0.163258 5000.1 0.999566
762400000 29793.7 1.11502 4999.89 0.99984
762500000 29793.7 0.158852 5000.05 0.999631
762600000 29793.7 -0.112962 5000.1 0.999562
762700000 29793.7 0.258627 5000.03 0.999659
762800000 29793.7 -0.0964108 5000.09 0.999562
762900000 29793.7 0.244802 5000.04 0.999636
763000000 29793.7 -0.126685 5000.1 0.99956
763100000 29793.7 -0.00647361 5000.08 0.999568
763200000 29793.7 -0.178758 5000.11 0.999576
763300000 29793.7 0.42463 5000.01 0.999664
763400000 29793.7 -0.0317205 5000.08 0.999565
763500000 29793.7 -0.0232569 5000.08 0.999602
763600000 29793.7 0.111339 5000.06 0.999623
763700000 29793.7 -0.0299241 5000.08 0.999565
763800000 29793.7 2.11755 4999.72 0.999863
763900000 29793.7 -0.0416401 5000.08 0.999565
764000000 29793.7 -0.173154 5000.11 0.999566
764100000 29793.7 -0.0122385 5000.08 0.999567
764200000 29793.7 -0.10461 5000.1 0.999562
764300000 29793.7 -0.109659 5000.1 0.999571
764400000 29793.7 -0.155144 5000.1 0.999563
764500000 29793.7 -0.14464 5000.1 0.999574
764600000 29793.7 -0.0790022 5000.09 0.999562
764700000 29793.7 -0.131526 5000.1 0.999559
764800000 29793.7 -0.164356 5000.11 0.999563
764900000 29793.7 0.143814 5000.05 0.99965
765000000 29793.7 -0.169831 5000.11 0.99957
765100000 29793.7 0.228676 5000.04 0.999635
765200000 29793.7 -0.117804 5000.1 0.999564
765300000 29793.7 -0.326642 5000.13 0.999577
765400000 29793.7 0.187831 5000.05 0.999651
765500000 29793.7 -0.136732 5000.1 0.999581
765600000 29793.7 0.027941 5000.07 0.999597
765700000 29793.7 -0.0237158 5000.08 0.999565
765800000 29793.7 -0.0855968 5000.09 0.999589
765900000 29793.7 -0.329287 5000.13 0.999578
766000000 29793.7 -0.0418903 5000.08 0.999564
766100000 29793.7 0.55967 4999.98 0.999712
766200000 29793.7 -0.18197 5000.11 0.999569
766300000 29793.7 -0.0885118 5000.09 0.999561
766400000 29793.7 -0.0207152 5000.08 0.999566
766500000 29793.7 0.937094 4999.92 0.999728
766600000 29793.7 -0.159123 5000.1 0.999556
766700000 29793.7 -0.0911167 5000.09 0.999564
766800000 29793.7 -0.0126424 5000.08 0.999606
766900000 29793.7 -0.133266 5000.1 0.9996
767000000 29793.7 -0.147612 5000.1 0.99956
767100000 29793.7 0.37375 5000.01 0.999703
767200000 29793.7 -0.142438 5000.1 0.99956
767300000 29793.7 -0.0453007 5000.09 0.999564
767400000 29793.7 -0.20418 5000.11 0.999558
767500000 29793.7 -0.158297 5000.1 0.999569
767600000 29793.7 -0.0679379 5000.09 0.999566
767700000 29793.7 -0.172861 5000.11 0.999559
767800000 29793.7 -0.157113 5000.1 0.99956
767900000 29793.7 -0.107778 5000.1 0.999563
768000000 29793.7 -0.124688 5000.1 0.999562
768100000 29793.7 0.275311 5000.03 0.999644
768200000 29793.7 -0.178743 5000.11 0.99956
768300000 29793.7 -0.111656 5000.1 0.999588
768400000 29793.7 -0.223624 5000.12 0.999565
768500000 29793.7 -0.115122 5000.1 0.999564
768600000 29793.7 -0.0621604 5000.09 0.999563
768700000 29793.7 0.355979 5000.02 0.99968
768800000 29793.7 0.0219533 5000.07 0.999613
768900000 29793.7 -0.141476 5000.1 0.999562
769000000 29793.7 -0.0579537 5000.09 0.999581
769100000 29793.7 0.70508 4999.96 0.999741
769200000 29793.7 -0.129957 5000.1 0.999573
769300000 29793.7 -0.113114 5000.1 0.999561
769400000 29793.7 -0.100882 5000.09 0.999559
769500000 29793.7 -0.0976792 5000.09 0.999572
769600000 29793.7 -0.118443 5000.1 0.999564
769700000 29793.7 0.193284 5000.05 0.999641
769800000 29793.7 2.30436 4999.69 0.999895
769900000 29793.7 0.152969 5000.05 0.999633
770000000 29793.7 0.0619728 5000.07 0.999631
770100000 29793.7 -0.107634 5000.1 0.99956
770200000 29793.7 3.37969 4999.51 1.00006
770300000 29793.7 -0.107643 5000.1 0.999576
770400000 29793.7 3.54139 4999.48 1.00001
770500000 29793.7 0.340524 5000.02 0.999663
770600000 29793.7 -0.0936741 5000.09 0.99956
770700000 29793.7 0.323806 5000.02 0.999659
770800000 29793.7 -0.188711 5000.11 0.99956
770900000 29793.7 0.187839 5000.05 0.999643
771000000 29793.7 -0.0843437 5000.09 0.99956
771100000 29793.7 -0.179965 5000.11 0.999574
771200000 29793.7 -0.145177 5000.1 0.999561
771300000 29793.7 -0.148118 5000.1 0.999571
771400000 29793.7 -0.106568 5000.1 0.999559
771500000 29793.7 -0.0401898 5000.08 0.999619
771600000 29793.7 0.0224141 5000.07 0.999597
771700000 29793.7 -0.0124977 5000.08 0.999567
771800000 29793.7 -0.0138726 5000.08 0.999567
771900000 29793.7 0.0591604 5000.07 0.999646
772000000 29793.7 -0.138902 5000.1 0.999562
772100000 29793.7 -0.123554 5000.1 0.999593
772200000 29793.7 0.0727156 5000.07 0.999631
772300000 29793.7 -0.0350762 5000.08 0.999602
772400000 29793.7 -0.176566 5000.11 0.99956
772500000 29793.7 -0.070389 5000.09 0.999592
772600000 29793.7 -0.166137 5000.11 0.999583
772700000 29793.7 -0.141217 5000.1 0.999566
772800000 29793.7 1.59519 4999.81 0.999813
772900000 29793.7 -0.122953 5000.1 0.999594
773000000 29793.7 -0.0536013 5000.09 0.99962
773100000 29793.7 -0.0796494 5000.09 0.99956
773200000 29793.7 -0.0340848 5000.08 0.999598
773300000 29793.7 -0.132734 5000.1 0.999561
773400000 29793.7 -0.13883 5000.1 0.999559
773500000 29793.7 -0.0301145 5000.08 0.999565
773600000 29793.7 -0.11147 5000.1 0.999563
773700000 29793.7 -0.0403076 5000.08 0.999565
773800000 29793.7 -0.327975 5000.13 0.999557
773900000 29793.7 0.820984 4999.94 0.999718
774000000 29793.7 -0.149611 5000.1 0.999564
774100000 29793.7 -0.0802834 5000.09 0.999586
774200000 29793.7 -0.192562 5000.11 0.999581
774300000 29793.7 0.806059 4999.94 0.999756
774400000 29793.7 -0.0396245 5000.08 0.999564
774500000 29793.7 -0.175355 5000.11 0.999563
774600000 29793.7 -0.031387 5000.08 0.999565
774700000 29793.7 0.122355 5000.06 0.999626
774800000 29793.7 -0.166597 5000.11 0.99957
774900000 29793.7 -0.177229 5000.11 0.999568
775000000 29793.7 -0.0993531 5000.09 0.999561
775100000 29793.7 0.469405 5000 0.99974
775200000 29793.7 -0.213618 5000.11 0.999568
775300000 29793.7 0.409257 5000.01 0.999679
775400000 29793.7 -0.0518778 5000.09 0.9996
775500000 29793.7 0.966043 4999.92 0.99979
775600000 29793.7 -0.121976 5000.1 0.999561
775700000 29793.7 1.12877 4999.89 0.999776
775800000 29793.7 -0.170531 5000.11 0.999563
775900000 29793.7 1.50511 4999.82 0.999807
776000000 29793.7 -0.0411921 5000.08 0.999564
776100000 29793.7 -0.0823921 5000.09 0.999562
776200000 29793.7 -0.177313 5000.11 0.999571
776300000 29793.7 0.111573 5000.06 0.999644
776400000 29793.7 2.31638 4999.69 0.999906
776500000 29793.7 -0.196882 5000.11 0.99956
776600000 29793.7 -0.155747 5000.1 0.999563
776700000 29793.7 -0.151033 5000.1 0.99957
776800000 29793.7 4.3604 4999.35 1.00008
776900000 29793.7 -0.0972921 5000.09 0.999561
777000000 29793.7 -0.187207 5000.11 0.999565
777100000 29793.7 0.176412 5000.05 0.99964
777200000 29793.7 -0.242338 5000.12 0.999574
777300000 29793.7 0.299234 5000.03 0.999704
777400000 29793.7 -0.10911 5000.1 0.999583
777500000 29793.7 -0.0480228 5000.09 0.999563
777600000 29793.7 -0.109474 5000.1 0.999562
777700000 29793.7 0.340988 5000.02 0.999656
777800000 29793.7 1.42506 4999.84 0.999812
777900000 29793.7 -0.0805375 5000.09 0.999561
778000000 29793.7 -0.194522 5000.11 0.999571
778100000 29793.7 -0.088799 5000.09 0.999588
778200000 29793.7 -0.0795872 5000.09 0.999562
778300000 29793.7 0.29449 5000.03 0.999658
778400000 29793.7 -0.122102 5000.1 0.99957
778500000 29793.7 0.898593 4999.93 0.999741
778600000 29793.7 0.106311 5000.06 0.99964
778700000 29793.7 -0.0643148 5000.09 0.999575
778800000 29793.7 0.0108805 5000.08 0.999598
778900000 29793.7 -0.137928 5000.1 0.999566
779000000 29793.7 -0.0599238 5000.09 0.999576
779100000 29793.7 -0.056354 5000.09 0.999642
779200000 29793.7 0.0121046 5000.08 0.99961
779300000 29793.7 -0.0749432 5000.09 0.999596
779400000 29793.7 -0.159354 5000.1 0.999577
779500000 29793.7 -0.0787955 5000.09 0.999575
779600000 29793.7 -0.0913315 5000.09 0.999564
779700000 29793.7 0.138327 5000.05 0.999624
779800000 29793.7 -0.141996 5000.1 0.999558
779900000 29793.7 -0.100404 5000.09 0.999561
780000000 29793.7 0.0304336 5000.07 0.999611
780100000 29793.7 0.152206 5000.05 0.999624
780200000 29793.7 -0.0658707 5000.09 0.999562
780300000 29793.7 4.97021 4999.24 1.00014
780400000 29793.7 -0.0969712 5000.09 0.999562
780500000 29793.7 -0.0691463 5000.09 0.999598
780600000 29793.7 1.87458 4999.76 0.999859
780700000 29793.7 3.56997 4999.48 1.00002
780800000 29793.7 -0.0807361 5000.09 0.999561
780900000 29793.7 -0.0445051 5000.08 0.999565
781000000 29793.7 -0.0928206 5000.09 0.999564
781100000 29793.7 -0.11743 5000.1 0.999581
781200000 29793.7 0.703729 4999.96 0.999704
781300000 29793.7 -0.0865743 5000.09 0.999578
781400000 29793.7 5.8804 4999.09 1.00032
781500000 29793.7 -0.178252 5000.11 0.999601
781600000 29793.7 -0.0853206 5000.09 0.999566
781700000 29793.7 -0.137011 5000.1 0.999567
781800000 29793.7 -0.115216 5000.1 0.99956
781900000 29793.7 -0.0548137 5000.09 0.999563
782000000 29793.7 -0.0711163 5000.09 0.999582
782100000 29793.7 -0.052128 5000.09 0.999563
782200000 29793.7 1.26218 4999.87 0.99977
782300000 29793.7 -0.0451985 5000.09 0.999564
782400000 29793.7 -0.0667117 5000.09 0.99958
782500000 29793.7 8.04146 4998.73 1.00042
782600000 29793.7 -0.0306805 5000.08 0.999583
782700000 29793.7 -0.0483926 5000.09 0.999564
782800000 29793.7 0.121723 5000.06 0.99962
782900000 29793.7 -0.08988 5000.09 0.999597
783000000 29793.7 -0.0489248 5000.09 0.999563
783100000 29793.7 -0.0684337 5000.09 0.999572
783200000 29793.7 -0.224971 5000.12 0.999568
783300000 29793.7 -0.0293515 5000.08 0.999565
783400000 29793.7 1.20569 4999.88 0.999837
783500000 29793.7 1.55232 4999.82 0.999815
783600000 29793.7 -0.0689922 5000.09 0.999565
783700000 29793.7 -0.014636 5000.08 0.999612
783800000 29793.7 0.84088 4999.94 0.999724
783900000 29793.7 -0.0466673 5000.09 0.999565
784000000 29793.7 -0.124935 5000.1 0.999623
784100000 29793.7 -0.0706426 5000.09 0.999583
784200000 29793.7 -0.0835087 5000.09 0.999565
784300000 29793.7 -0.155708 5000.1 0.999578
784400000 29793.7 -0.0769584 5000.09 0.999609
784500000 29793.7 -0.13758 5000.1 0.999557
784600000 29793.7 0.0269843 5000.07 0.999598
784700000 29793.7 -0.175685 5000.11 0.999557
784800000 29793.7 -0.124215 5000.1 0.999566
784900000 29793.7 -0.021127 5000.08 0.999587
785000000 29793.7 -0.0800265 5000.09 0.999571
785100000 29793.7 -0.202343 5000.11 0.999555
785200000 29793.7 -0.087797 5000.09 0.999563
785300000 29793.7 -0.15605 5000.1 0.999559
785400000 29793.7 -0.013183 5000.08 0.999567
785500000 29793.7 -0.0337278 5000.08 0.999565
785600000 29793.7 -0.122188 5000.1 0.999559
785700000 29793.7 -0.110005 5000.1 0.999561
785800000 29793.7 -0.150853 5000.1 0.999558
785900000 29793.7 -0.204548 5000.11 0.999568
786000000 29793.7 -0.0942907 5000.09 0.999576
786100000 29793.7 -0.022346 5000.08 0.999601
786200000 29793.7 0.325986 5000.02 0.999683
786300000 29793.7 -0.0195592 5000.08 0.999566
786400000 29793.7 -0.0350811 5000.08 0.999606
786500000 29793.7 -0.0325068 5000.08 0.999565
786600000 29793.7 -0.19426 5000.11 0.999587
786700000 29793.7 -0.104493 5000.1 0.999563
786800000 29793.7 -0.0143669 5000.08 0.99959
786900000 29793.7 -0.100635 5000.09 0.99956
787000000 29793.7 -0.0581668 5000.09 0.999564
787100000 29793.7 -0.0903655 5000.09 0.999569
787200000 29793.7 -0.0600436 5000.09 0.999562
787300000 29793.7 0.201467 5000.04 0.999663
787400000 29793.7 -0.104247 5000.09 0.999566
787500000 29793.7 -0.0201834 5000.08 0.999566
787600000 29793.7 4.41636 4999.34 1.00023
787700000 29793.7 0.375343 5000.01 0.999678
787800000 29793.7 0.14073 5000.05 0.999619
787900000 29793.7 0.0758359 5000.06 0.999631
788000000 29793.7 -0.13944 5000.1 0.999567
788100000 29793.7 -0.0190611 5000.08 0.999566
788200000 29793.7 -0.0735432 5000.09 0.999563
788300000 29793.7 -0.194922 5000.11 0.99957
788400000 29793.7 0.30688 5000.03 0.999682
788500000 29793.7 -0.0380944 5000.08 0.999594
788600000 29793.7 -0.143458 5000.1 0.99957
788700000 29793.7 0.253829 5000.03 0.999671
788800000 29793.7 -0.235609 5000.12 0.999572
788900000 29793.7 -0.140328 5000.1 0.999563
789000000 29793.7 -0.0140285 5000.08 0.999628
789100000 29793.7 -0.103367 5000.09 0.999587
789200000 29793.7 -0.0283342 5000.08 0.999565
789300000 29793.7 -0.111854 5000.1 0.999563
789400000 29793.7 1.0267 4999.91 0.99974
789500000 29793.7 -0.104143 5000.09 0.999564
789600000 29793.7 -0.0924273 5000.09 0.999614
789700000 29793.7 -0.145829 5000.1 0.999581
789800000 29793.7 1.11806 4999.89 0.999787
789900000 29793.7 0.101304 5000.06 0.999612
790000000 29793.7 -0.221484 5000.11 0.999572
790100000 29793.7 -0.0237284 5000.08 0.999588
790200000 29793.7 -0.00528857 5000.08 0.999611
790300000 29793.7 -0.120162 5000.1 0.999558
790400000 29793.7 -0.148004 5000.1 0.99956
790500000 29793.7 0.040057 5000.07 0.999606
790600000 29793.7 -0.0198966 5000.08 0.999566
790700000 29793.7 -0.229111 5000.12 0.999574
790800000 29793.7 1.7241 4999.79 0.999847
790900000 29793.7 0.468799 5000 0.999709
791000000 29793.7 -0.230367 5000.12 0.999571
791100000 29793.7 0.571406 4999.98 0.999685
791200000 29793.7 -0.206137 5000.11 0.999564
791300000 29793.7 0.0629139 5000.07 0.999609
791400000 29793.7 2.01595 4999.74 0.999898
791500000 29793.7 -0.100643 5000.09 0.999563
791600000 29793.7 -0.14179 5000.1 0.999561
791700000 29793.7 -0.0338773 5000.08 0.999605
791800000 29793.7 0.578785 4999.98 0.999683
791900000 29793.7 -0.0239774 5000.08 0.999566
792000000 29793.7 0.635336 4999.97 0.999698
792100000 29793.7 0.681128 4999.96 0.999717
792200000 29793.7 -0.169269 5000.11 0.999566
792300000 29793.7 -0.115191 5000.1 0.999583
792400000 29793.7 0.0929553 5000.06 0.999632
792500000 29793.7 0.115039 5000.06 0.999648
792600000 29793.7 -0.153537 5000.1 0.999563
792700000 29793.7 -0.143548 5000.1 0.999569
792800000 29793.7 0.148105 5000.05 0.999635
792900000 29793.7 -0.0164611 5000.08 0.999591
793000000 29793.7 -0.131493 5000.1 0.99957
793100000 29793.7 -0.29589 5000.13 0.999561
793200000 29793.7 -0.165438 5000.11 0.999558
793300000 29793.7 -0.119114 5000.1 0.999563
793400000 29793.7 -0.0914789 5000.09 0.9996
793500000 29793.7 -0.0688159 5000.09 0.999564
793600000 29793.7 0.973077 4999.91 0.999758
793700000 29793.7 -0.119137 5000.1 0.999559
793800000 29793.7 3.59543 4999.47 1.00003
793900000 29793.7 -0.197243 5000.11 0.999594
794000000 29793.7 -0.0318811 5000.08 0.999584
794100000 29793.7 -0.0979337 5000.09 0.999561
794200000 29793.7 0.0862452 5000.06 0.999619
794300000 29793.7 -0.134013 5000.1 0.999564
794400000 29793.7 -0.0870605 5000.09 0.999585
794500000 29793.7 0.0691975 5000.07 0.999635
794600000 29793.7 -0.106436 5000.1 0.999559
794700000 29793.7 1.65366 4999.8 0.999813
794800000 29793.7 -0.211638 5000.11 0.999556
794900000 29793.7 -0.0994717 5000.09 0.999581
795000000 29793.7 -0.0824718 5000.09 0.999561
795100000 29793.7 -0.107736 5000.1 0.999575
795200000 29793.7 -0.193718 5000.11 0.999559
795300000 29793.7 0.0112514 5000.08 0.999617
795400000 29793.7 1.10061 4999.89 0.999756
795500000 29793.7 0.0989059 5000.06 0.999647
795600000 29793.7 -0.0428091 5000.08 0.999564
795700000 29793.7 0.497304 4999.99 0.999703
795800000 29793.7 0.134046 5000.05 0.999644
795900000 29793.7 -0.0861165 5000.09 0.999561
796000000 29793.7 0.099625 5000.06 0.999646
796100000 29793.7 0.911261 4999.92 0.999764
796200000 29793.7 0.133231 5000.06 0.999626
796300000 29793.7 -0.127551 5000.1 0.999557
796400000 29793.7 0.578422 4999.98 0.999685
796500000 29793.7 -0.0319634 5000.08 0.999602
796600000 29793.7 -0.080604 5000.09 0.999563
796700000 29793.7 -0.121366 5000.1 0.999564
796800000 29793.7 -0.0175236 5000.08 0.999566
796900000 29793.7 -0.0579765 5000.09 0.999563
797000000 29793.7 -0.094145 5000.09 0.999565
797100000 29793.7 -0.244748 5000.12 0.999565
797200000 29793.7 1.29695 4999.86 0.99983
797300000 29793.7 0.908666 4999.92 0.999754
797400000 29793.7 -0.0884244 5000.09 0.999561
797500000 29793.7 -0.0928501 5000.09 0.99956
797600000 29793.7 -0.0969781 5000.09 0.999565
797700000 29793.7 2.9198 4999.59 0.99995
797800000 29793.7 0.188346 5000.05 0.999628
797900000 29793.7 -0.0434199 5000.08 0.999564
798000000 29793.7 -0.23508 5000.12 0.999571
798100000 29793.7 -0.174609 5000.11 0.999583
798200000 29793.7 -0.068219 5000.09 0.999572
798300000 29793.7 -0.168196 5000.11 0.999573
798400000 29793.7 2.1512 4999.72 0.99987
798500000 29793.7 0.0229884 5000.07 0.999601
798600000 29793.7 -0.0199798 5000.08 0.999603
798700000 29793.7 -0.100319 5000.09 0.999573
798800000 29793.7 -0.0700529 5000.09 0.999561
798900000 29793.7 -0.0781051 5000.09 0.999561
799000000 29793.7 -0.124975 5000.1 0.999582
799100000 29793.7 0.0948191 5000.06 0.999646
799200000 29793.7 1.08078 4999.9 0.99981
799300000 29793.7 -0.0422707 5000.08 0.999564
799400000 29793.7 1.20591 4999.87 0.999801
799500000 29793.7 0.390493 5000.01 0.999742
799600000 29793.7 -0.0889924 5000.09 0.999563
799700000 29793.7 -0.017425 5000.08 0.999566
799800000 29793.7 1.41524 4999.84 0.999831
799900000 29793.7 -0.264156 5000.12 0.999577
800000000 29793.7 -0.0182156 5000.08 0.999596
800100000 29793.7 0.212305 5000.04 0.999649
800200000 29793.7 -0.0544596 5000.09 0.999602
800300000 29793.7 0.0720051 5000.07 0.999607
800400000 29793.7 -0.155074 5000.1 0.999561
800500000 29793.7 0.863168 4999.93 0.999743
800600000 29793.7 -0.10404 5000.09 0.999608
800700000 29793.7 -0.0865283 5000.09 0.999571
800800000 29793.7 0.135795 5000.05 0.999629
800900000 29793.7 -0.0699395 5000.09 0.999575
801000000 29793.7 -0.115705 5000.1 0.999594
801100000 29793.7 0.0656905 5000.07 0.999634
801200000 29793.7 -0.0243799 5000.08 0.999566
801300000 29793.7 1.20682 4999.87 0.999768
801400000 29793.7 -0.176152 5000.11 0.999593
801500000 29793.7 -0.0967738 5000.09 0.999575
801600000 29793.7 -0.094504 5000.09 0.999561
801700000 29793.7 -0.137998 5000.1 0.999573
801800000 29793.7 0.19372 5000.04 0.999671
801900000 29793.7 -0.139375 5000.1 0.999598
802000000 29793.7 -0.122686 5000.1 0.999574
802100000 29793.7 -0.0310573 5000.08 0.999565
802200000 29793.7 3.95147 4999.41 1.00008
802300000 29793.7 -0.120628 5000.1 0.999589
802400000 29793.7 -0.095923 5000.09 0.999585
802500000 29793.7 0.77587 4999.95 0.999708
802600000 29793.7 -0.0489981 5000.09 0.999563
802700000 29793.7 -0.0286423 5000.08 0.999566
802800000 29793.7 -0.161977 5000.1 0.999569
802900000 29793.7 -0.106165 5000.1 0.999602
803000000 29793.7 -0.120669 5000.1 0.999579
803100000 29793.7 -0.0345704 5000.08 0.999565
803200000 29793.7 -0.118749 5000.1 0.999576
803300000 29793.7 -0.209657 5000.11 0.999573
803400000 29793.7 -0.162482 5000.1 0.999565
803500000 29793.7 0.00808129 5000.08 0.999602
803600000 29793.7 -0.0850219 5000.09 0.999562
803700000 29793.7 -0.11461 5000.1 0.999562
803800000 29793.7 -0.216112 5000.11 0.999592
803900000 29793.7 0.310012 5000.03 0.999645
804000000 29793.7 5.05884 4999.23 1.00021
804100000 29793.7 -0.18069 5000.11 0.999561
804200000 29793.7 -0.131733 5000.1 0.999565
804300000 29793.7 -0.102314 5000.09 0.99956
804400000 29793.7 0.163788 5000.05 0.999636
804500000 29793.7 0.00303007 5000.08 0.999606
804600000 29793.7 -0.0401675 5000.08 0.999606
804700000 29793.7 -0.136547 5000.1 0.999562
804800000 29793.7 -0.110488 5000.1 0.999584
804900000 29793.7 -0.067359 5000.09 0.999584
805000000 29793.7 -0.0930707 5000.09 0.999561
805100000 29793.7 -0.0722382 5000.09 0.999562
805200000 29793.7 0.204888 5000.04 0.999636
805300000 29793.7 -0.146823 5000.1 0.999583
805400000 29793.7 3.02883 4999.57 1.00001
805500000 29793.7 0.219085 5000.04 0.999634
805600000 29793.7 -0.233899 5000.12 0.999569
805700000 29793.7 2.02983 4999.74 0.999878
805800000 29793.7 1.24908 4999.87 0.999782
805900000 29793.7 -0.096227 5000.09 0.999601
806000000 29793.7 -0.213294 5000.11 0.999569
806100000 29793.7 -0.11437 5000.1 0.999589
806200000 29793.7 -0.072791 5000.09 0.999574
806300000 29793.7 -0.117384 5000.1 0.999567
806400000 29793.7 -0.150404 5000.1 0.999564
806500000 29793.7 3.58343 4999.48 1.00006
806600000 29793.7 3.13268 4999.55 1.00002
806700000 29793.7 -0.173635 5000.11 0.99956
806800000 29793.7 -0.122203 5000.1 0.999565
806900000 29793.7 0.265596 5000.03 0.999655
807000000 29793.7 -0.19273 5000.11 0.99958
807100000 29793.7 -0.128638 5000.1 0.999569
807200000 29793.7 0.0185673 5000.07 0.999672
807300000 29793.7 -0.229435 5000.12 0.999567
807400000 29793.7 -0.254213 5000.12 0.999569
807500000 29793.7 0.198305 5000.04 0.99969
807600000 29793.7 -0.164235 5000.11 0.999557
807700000 29793.7 -0.110929 5000.1 0.999567
807800000 29793.7 -0.0825926 5000.09 0.999563
807900000 29793.7 -0.0899199 5000.09 0.999561
808000000 29793.7 0.0639079 5000.07 0.999666
808100000 29793.7 -0.0664697 5000.09 0.999563
808200000 29793.7 0.737365 4999.95 0.999725
808300000 29793.7 0.350994 5000.02 0.999665
808400000 29793.7 -0.0834264 5000.09 0.999576
808500000 29793.7 -0.0615154 5000.09 0.999564
808600000 29793.7 -0.0873681 5000.09 0.999575
808700000 29793.7 0.0363118 5000.07 0.999623
808800000 29793.7 -0.0799272 5000.09 0.999561
808900000 29793.7 -0.0895157 5000.09 0.999566
809000000 29793.7 -0.111273 5000.1 0.999579
809100000 29793.7 1.73616 4999.79 0.999912
809200000 29793.7 -0.115518 5000.1 0.999563
809300000 29793.7 0.584457 4999.98 0.999702
809400000 29793.7 -0.0730698 5000.09 0.999562
809500000 29793.7 -0.208465 5000.11 0.999565
809600000 29793.7 0.927998 4999.92 0.999745
809700000 29793.7 -0.0820069 5000.09 0.999566
809800000 29793.7 -0.00427263 5000.08 0.999633
809900000 29793.7 -0.132391 5000.1 0.999561
810000000 29793.7 -0.224524 5000.12 0.999558
810100000 29793.7 -0.0144274 5000.08 0.999567
810200000 29793.7 1.44847 4999.83 0.999829
810300000 29793.7 -0.0521869 5000.09 0.999565
810400000 29793.7 1.4941 4999.83 0.999848
810500000 29793.7 -0.13093 5000.1 0.999563
810600000 29793.7 -0.133167 5000.1 0.999563
810700000 29793.7 -0.117128 5000.1 0.99956
810800000 29793.7 0.0545725 5000.07 0.999603
810900000 29793.7 -0.0943586 5000.09 0.999561
811000000 29793.7 -0.0529945 5000.09 0.999564
811100000 29793.7 -0.0506338 5000.09 0.999607
811200000 29793.7 -0.119901 5000.1 0.999571
811300000 29793.7 -0.0585656 5000.09 0.999563
811400000 29793.7 -0.234908 5000.12 0.999562
811500000 29793.7 -0.0918721 5000.09 0.999563
811600000 29793.7 -0.106953 5000.1 0.999592
811700000 29793.7 -0.011962 5000.08 0.999567
811800000 29793.7 -0.14875 5000.1 0.999562
811900000 29793.7 -0.0618809 5000.09 0.999563
812000000 29793.7 -0.159436 5000.1 0.999564
812100000 29793.7 -0.164679 5000.11 0.999559
812200000 29793.7 0.506803 4999.99 0.999673
812300000 29793.7 -0.0796553 5000.09 0.999562
812400000 29793.7 -0.0889037 5000.09 0.99956
812500000 29793.7 0.13691 5000.05 0.999631
812600000 29793.7 -0.117575 5000.1 0.999606
812700000 29793.7 -0.136557 5000.1 0.999563
812800000 29793.7 -0.0956872 5000.09 0.999568
812900000 29793.7 -0.25785 5000.12 0.999597
813000000 29793.7 0.516658 4999.99 0.999683
813100000 29793.7 -0.134158 5000.1 0.999566
813200000 29793.7 -0.0759497 5000.09 0.999562
813300000 29793.7 0.015684 5000.07 0.999595
813400000 29793.7 -0.122633 5000.1 0.999572
813500000 29793.7 0.644534 4999.97 0.99972
813600000 29793.7 -0.0992074 5000.09 0.999562
813700000 29793.7 -0.0942219 5000.09 0.999563
813800000 29793.7 -0.150375 5000.1 0.999584
813900000 29793.7 0.134501 5000.05 0.999652
814000000 29793.7 1.53775 4999.82 0.999837
814100000 29793.7 -0.226626 5000.12 0.999565
814200000 29793.7 -0.0839639 5000.09 0.999599
814300000 29793.7 3.36837 4999.51 0.999989
814400000 29793.7 -0.0302197 5000.08 0.999595
814500000 29793.7 2.35598 4999.68 0.999903
814600000 29793.7 -0.117195 5000.1 0.999565
814700000 29793.7 -0.145273 5000.1 0.999582
814800000 29793.7 -0.0681553 5000.09 0.999561
814900000 29793.7 0.84908 4999.94 0.99972
815000000 29793.7 -0.122594 5000.1 0.999562
815100000 29793.7 0.0334381 5000.07 0.999653
815200000 29793.7 -0.211308 5000.11 0.999559
815300000 29793.7 0.249462 5000.04 0.999664
815400000 29793.7 -0.0522564 5000.09 0.999563
815500000 29793.7 -0.091003 5000.09 0.999562
815600000 29793.7 -0.108987 5000.1 0.999562
815700000 29793.7 -0.0668 5000.09 0.999563
815800000 29793.7 -0.0761253 5000.09 0.999562
815900000 29793.7 -0.0697071 5000.09 0.999563
816000000 29793.7 -0.0600452 5000.09 0.999563
816100000 29793.7 -0.0977075 5000.09 0.999561
816200000 29793.7 0.300202 5000.03 0.999667
816300000 29793.7 -0.090028 5000.09 0.999561
816400000 29793.7 -0.0586338 5000.09 0.999601
816500000 29793.7 -0.128285 5000.1 0.99959
816600000 29793.7 0.113863 5000.06 0.999636
816700000 29793.7 -0.0640617 5000.09 0.999587
816800000 29793.7 -0.131559 5000.1 0.99956
816900000 29793.7 -0.148071 5000.1 0.999565
817000000 29793.7 -0.106658 5000.1 0.999561
817100000 29793.7 -0.0995739 5000.09 0.999563
817200000 29793.7 0.785525 4999.95 0.999731
817300000 29793.7 0.348672 5000.02 0.99966
817400000 29793.7 -0.0759516 5000.09 0.999566
817500000 29793.7 -0.176204 5000.11 0.999558
817600000 29793.7 -0.102019 5000.09 0.999572
817700000 29793.7 -0.124082 5000.1 0.999569
817800000 29793.7 -0.0810351 5000.09 0.999562
817900000 29793.7 -0.323724 5000.13 0.999548
818000000 29793.7 -0.111645 5000.1 0.999577
818100000 29793.7 -0.241274 5000.12 0.999557
818200000 29793.7 -0.117268 5000.1 0.999558
818300000 29793.7 0.0899386 5000.06 0.999614
818400000 29793.7 -0.102896 5000.09 0.999562
818500000 29793.7 0.217669 5000.04 0.999631
818600000 29793.7 -0.175853 5000.11 0.999563
818700000 29793.7 -0.143196 5000.1 0.999575
818800000 29793.7 -0.144277 5000.1 0.999619
818900000 29793.7 -0.0274606 5000.08 0.999593
819000000 29793.7 -0.104078 5000.09 0.999559
819100000 29793.7 0.294402 5000.03 0.99969
819200000 29793.7 -0.212734 5000.11 0.999555
819300000 29793.7 0.0453692 5000.07 0.999608
819400000 29793.7 0.445334 5000 0.999674
819500000 29793.7 -0.0610766 5000.09 0.999603
819600000 29793.7 -0.101592 5000.09 0.999574
819700000 29793.7 -0.00821309 5000.08 0.99963
819800000 29793.7 -0.0774025 5000.09 0.999574
819900000 29793.7 0.344726 5000.02 0.999682
820000000 29793.7 -0.0861338 5000.09 0.999563
820100000 29793.7 3.5746 4999.48 1.00007
820200000 29793.7 1.17933 4999.88 0.999796
820300000 29793.7 3.15656 4999.55 0.999974
820400000 29793.7 -0.104146 5000.09 0.999567
820500000 29793.7 -0.187033 5000.11 0.999567
820600000 29793.7 -0.0465632 5000.09 0.999564
820700000 29793.7 -0.151683 5000.1 0.999558
820800000 29793.7 0.259783 5000.03 0.999653
820900000 29793.7 -0.0224726 5000.08 0.999566
821000000 29793.7 0.06214 5000.07 0.999657
821100000 29793.7 0.0826378 5000.06 0.999629
821200000 29793.7 0.755419 4999.95 0.999722
821300000 29793.7 0.0930138 5000.06 0.999624
821400000 29793.7 3.29161 4999.53 0.999984
821500000 29793.7 -0.0494912 5000.09 0.999564
821600000 29793.7 -0.186129 5000.11 0.99956
821700000 29793.7 -0.0305941 5000.08 0.999587
821800000 29793.7 -0.218014 5000.11 0.999557
821900000 29793.7 -0.231149 5000.12 0.999565
822000000 29793.7 -0.0703491 5000.09 0.999563
822100000 29793.7 -0.0587083 5000.09 0.999565
822200000 29793.7 -0.0696354 5000.09 0.999561
822300000 29793.7 -0.0796093 5000.09 0.999561
822400000 29793.7 -0.069564 5000.09 0.999564
822500000 29793.7 -0.0345144 5000.08 0.999565
822600000 29793.7 -0.0817068 5000.09 0.999565
822700000 29793.7 -0.0879533 5000.09 0.99956
822800000 29793.7 -0.00892143 5000.08 0.999567
822900000 29793.7 -0.105861 5000.1 0.999605
823000000 29793.7 0.918999 4999.92 0.99978
823100000 29793.7 1.33845 4999.85 0.999827
823200000 29793.7 -0.12607 5000.1 0.999583
823300000 29793.7 -0.164298 5000.11 0.99957
823400000 29793.7 0.770114 4999.95 0.999739
823500000 29793.7 0.00843595 5000.08 0.999616
823600000 29793.7 0.172533 5000.05 0.999623
823700000 29793.7 -0.21356 5000.11 0.99956
823800000 29793.7 -0.148878 5000.1 0.999562
823900000 29793.7 0.304863 5000.03 0.999667
824000000 29793.7 0.812476 4999.94 0.999732
824100000 29793.7 -0.118676 5000.1 0.999612
824200000 29793.7 -0.183131 5000.11 0.999601
824300000 29793.7 -0.0330926 5000.08 0.999565
824400000 29793.7 -0.23239 5000.12 0.999565
824500000 29793.7 -0.191956 5000.11 0.999579
824600000 29793.7 -0.136284 5000.1 0.999561
824700000 29793.7 -0.00366514 5000.08 0.999628
824800000 29793.7 -0.0772503 5000.09 0.999569
824900000 29793.7 0.862447 4999.93 0.999754
825000000 29793.7 4.54845 4999.31 1.00017
825100000 29793.7 0.0587113 5000.07 0.999629
825200000 29793.7 -0.129037 5000.1 0.999564
825300000 29793.7 -0.0317369 5000.08 0.999565
825400000 29793.7 -0.217104 5000.11 0.999561
825500000 29793.7 0.971146 4999.91 0.999805
825600000 29793.7 -0.0619721 5000.09 0.999618
825700000 29793.7 -0.23258 5000.12 0.999577
825800000 29793.7 -0.13747 5000.1 0.999567
825900000 29793.7 0.100763 5000.06 0.999615
826000000 29793.7 -0.0984545 5000.09 0.99958
826100000 29793.7 -0.0817952 5000.09 0.99958
826200000 29793.7 0.0138624 5000.08 0.999599
826300000 29793.7 0.0609673 5000.07 0.999612
826400000 29793.7 0.60038 4999.98 0.999727
826500000 29793.7 0.0922053 5000.06 0.999637
826600000 29793.7 -0.129239 5000.1 0.999569
826700000 29793.7 -0.122665 5000.1 0.999586
826800000 29793.7 -0.129293 5000.1 0.999559
826900000 29793.7 -0.118006 5000.1 0.99956
827000000 29793.7 -0.117174 5000.1 0.999558
827100000 29793.7 0.609821 4999.98 0.999751
827200000 29793.7 0.121576 5000.06 0.999655
827300000 29793.7 -0.120855 5000.1 0.999566
827400000 29793.7 -0.075713 5000.09 0.999562
827500000 29793.7 -0.0905059 5000.09 0.999564
827600000 29793.7 -0.0548216 5000.09 0.999616
827700000 29793.7 0.442381 5000 0.999743
827800000 29793.7 -0.0932956 5000.09 0.99957
827900000 29793.7 -0.06352 5000.09 0.999594
828000000 29793.7 -0.108433 5000.1 0.99958
828100000 29793.7 -0.0291953 5000.08 0.999565
828200000 29793.7 -0.0434256 5000.08 0.999564
828300000 29793.7 -0.186443 5000.11 0.999589
828400000 29793.7 3.14239 4999.55 1.00002
828500000 29793.7 0.357564 5000.02 0.999678
828600000 29793.7 -0.0323182 5000.08 0.999597
828700000 29793.7 -0.0336539 5000.08 0.999564
828800000 29793.7 -0.179887 5000.11 0.999571
828900000 29793.7 -0.184361 5000.11 0.999572
829000000 29793.7 -0.121007 5000.1 0.999567
829100000 29793.7 0.168501 5000.05 0.99964
829200000 29793.7 -0.174682 5000.11 0.999572
829300000 29793.7 -0.158508 5000.1 0.999559
829400000 29793.7 -0.038468 5000.08 0.999564
829500000 29793.7 -0.218839 5000.11 0.999565
829600000 29793.7 -0.0906241 5000.09 0.999561
829700000 29793.7 0.178652 5000.05 0.999639
829800000 29793.7 0.388853 5000.01 0.999685
829900000 29793.7 -0.0914629 5000.09 0.99956
830000000 29793.7 -0.0714217 5000.09 0.999562
830100000 29793.7 -0.0899865 5000.09 0.99956
830200000 29793.7 -0.160368 5000.1 0.999557
830300000 29793.7 0.172814 5000.05 0.999661
830400000 29793.7 0.0841149 5000.06 0.999618
830500000 29793.7 -0.135582 5000.1 0.99956
830600000 29793.7 -0.130021 5000.1 0.999571
830700000 29793.7 -0.179166 5000.11 0.999597
830800000 29793.7 -0.0347011 5000.08 0.999565
830900000 29793.7 -0.115731 5000.1 0.999592
831000000 29793.7 -0.117167 5000.1 0.999568
831100000 29793.7 -0.00342739 5000.08 0.999595
831200000 29793.7 -0.18084 5000.11 0.999555
831300000 29793.7 0.0906899 5000.06 0.99961
831400000 29793.7 -0.163233 5000.1 0.999579
831500000 29793.7 -0.0127254 5000.08 0.999567
831600000 29793.7 -0.141242 5000.1 0.99957
831700000 29793.7 0.299254 5000.03 0.999646
831800000 29793.7 -0.0256792 5000.08 0.999565
831900000 29793.7 -0.104908 5000.1 0.999564
832000000 29793.7 0.187902 5000.05 0.999679
832100000 29793.7 0.480745 5000 0.99967
832200000 29793.7 0.289912 5000.03 0.999657
832300000 29793.7 -0.0458478 5000.09 0.999564
832400000 29793.7 -0.132548 5000.1 0.999565
832500000 29793.7 0.208853 5000.04 0.999653
832600000 29793.7 0.739658 4999.95 0.999767
832700000 29793.7 -0.161788 5000.1 0.999569
832800000 29793.7 1.09221 4999.89 0.999749
832900000 29793.7 0.277924 5000.03 0.99964
833000000 29793.7 0.0778219 5000.06 0.999647
833100000 29793.7 -0.157231 5000.1 0.999556
833200000 29793.7 -0.120669 5000.1 0.999566
833300000 29793.7 0.00360456 5000.08 0.999602
833400000 29793.7 -0.24457 5000.12 0.999559
833500000 29793.7 -0.0743811 5000.09 0.999638
833600000 29793.7 -0.146046 5000.1 0.999568
833700000 29793.7 0.295088 5000.03 0.999695
833800000 29793.7 -0.0733087 5000.09 0.999577
833900000 29793.7 -0.245038 5000.12 0.999566
834000000 29793.7 -0.0709804 5000.09 0.999576
834100000 29793.7 -0.138652 5000.1 0.999562
834200000 29793.7 -0.154713 5000.1 0.999571
834300000 29793.7 2.30113 4999.69 0.999928
834400000 29793.7 -0.0513045 5000.09 0.999564
834500000 29793.7 1.06796 4999.9 0.999749
834600000 29793.7 0.238409 5000.04 0.99964
834700000 29793.7 -0.0971256 5000.09 0.999567
834800000 29793.7 -0.141482 5000.1 0.999558
834900000 29793.7 -0.110138 5000.1 0.999567
835000000 29793.7 -0.0976165 5000.09 0.99956
835100000 29793.7 -0.0780029 5000.09 0.999592
835200000 29793.7 1.38886 4999.84 0.999795
835300000 29793.7 -0.122039 5000.1 0.999558
835400000 29793.7 -0.0449368 5000.09 0.999613
835500000 29793.7 0.647971 4999.97 0.999729
835600000 29793.7 -0.0872739 5000.09 0.999563
835700000 29793.7 -0.0632463 5000.09 0.999579
835800000 29793.7 -0.0863263 5000.09 0.99956
835900000 29793.7 -0.10378 5000.09 0.999565
836000000 29793.7 -0.0258811 5000.08 0.999565
836100000 29793.7 -0.0661973 5000.09 0.999566
836200000 29793.7 1.55973 4999.82 0.999809
836300000 29793.7 -0.00789001 5000.08 0.999567
836400000 29793.7 -0.181317 5000.11 0.999568
836500000 29793.7 -0.0726002 5000.09 0.999561
836600000 29793.7 -0.0818703 5000.09 0.999598
836700000 29793.7 -0.152169 5000.1 0.999579
836800000 29793.7 -0.101309 5000.09 0.999559
836900000 29793.7 -0.0555358 5000.09 0.999567
837000000 29793.7 -0.131563 5000.1 0.999569
837100000 29793.7 0.0676072 5000.07 0.999633
837200000 29793.7 0.389939 5000.01 0.999665
837300000 29793.7 -0.178452 5000.11 0.999556
837400000 29793.7 -0.016168 5000.08 0.999567
837500000 29793.7 1.73015 4999.79 0.999848
837600000 29793.7 -0.146758 5000.1 0.999579
837700000 29793.7 0.279269 5000.03 0.999674
837800000 29793.7 -0.150279 5000.1 0.999561
837900000 29793.7 -0.119079 5000.1 0.999559
838000000 29793.7 -0.0908379 5000.09 0.999573
838100000 29793.7 -0.0506578 5000.09 0.999611
838200000 29793.7 -0.237705 5000.12 0.999569
838300000 29793.7 -0.188159 5000.11 0.99957
838400000 29793.7 -0.17348 5000.11 0.999565
838500000 29793.7 0.583568 4999.98 0.999704
838600000 29793.7 -0.1517 5000.1 0.999557
838700000 29793.7 -0.0906612 5000.09 0.999562
838800000 29793.7 -0.235072 5000.12 0.999606
838900000 29793.7 -0.0943399 5000.09 0.999563
839000000 29793.7 -0.171615 5000.11 0.999591
839100000 29793.7 -0.0319033 5000.08 0.999565
839200000 29793.7 -0.0549959 5000.09 0.999564
839300000 29793.7 -0.0307912 5000.08 0.999566
839400000 29793.7 -0.141499 5000.1 0.999586
839500000 29793.7 -0.0270184 5000.08 0.999566
839600000 29793.7 -0.188328 5000.11 0.999581
839700000 29793.7 -0.00898319 5000.08 0.999567
839800000 29793.7 -0.058088 5000.09 0.999567
839900000 29793.7 -0.0665201 5000.09 0.99958
840000000 29793.7 -0.0176889 5000.08 0.999591
840100000 29793.7 -0.143026 5000.1 0.999564
840200000 29793.7 -0.0600946 5000.09 0.999564
840300000 29793.7 -0.16847 5000.11 0.999563
840400000 29793.7 -0.177116 5000.11 0.999596
840500000 29793.7 -0.0418757 5000.08 0.999565
840600000 29793.7 -0.07575 5000.09 0.999562
840700000 29793.7 -0.158815 5000.1 0.999564
840800000 29793.7 -0.0965165 5000.09 0.999569
840900000 29793.7 -0.108582 5000.1 0.999562
841000000 29793.7 -0.195657 5000.11 0.999559
841100000 29793.7 -0.0857825 5000.09 0.99957
841200000 29793.7 -0.175845 5000.11 0.999563
841300000 29793.7 -0.115053 5000.1 0.999559
841400000 29793.7 0.217406 5000.04 0.999657
841500000 29793.7 0.756403 4999.95 0.999726
841600000 29793.7 0.136285 5000.05 0.999635
841700000 29793.7 -0.0485298 5000.09 0.999565
841800000 29793.7 -0.0777977 5000.09 0.999562
841900000 29793.7 -0.275665 5000.12 0.999556
842000000 29793.7 0.0877634 5000.06 0.99965
842100000 29793.7 1.20054 4999.88 0.999809
842200000 29793.7 -0.118074 5000.1 0.99956
842300000 29793.7 -0.0304822 5000.08 0.999565
842400000 29793.7 -0.116003 5000.1 0.999573
842500000 29793.7 3.06028 4999.56 0.999964
842600000 29793.7 -0.136991 5000.1 0.999556
842700000 29793.7 -0.123165 5000.1 0.999602
842800000 29793.7 -0.177369 5000.11 0.999603
842900000 29793.7 -0.133708 5000.1 0.999557
843000000 29793.7 0.646256 4999.97 0.999759
843100000 29793.7 -0.0734552 5000.09 0.999561
843200000 29793.7 -0.0419041 5000.08 0.999606
843300000 29793.7 0.390379 5000.01 0.999693
843400000 29793.7 -0.0881797 5000.09 0.999576
843500000 29793.7 -0.0416802 5000.08 0.999564
843600000 29793.7 -0.0334812 5000.08 0.999586
843700000 29793.7 -0.169548 5000.11 0.999605
843800000 29793.7 -0.110146 5000.1 0.999575
843900000 29793.7 -0.135256 5000.1 0.999576
844000000 29793.7 -0.0672567 5000.09 0.999589
844100000 29793.7 -0.0110614 5000.08 0.999567
844200000 29793.7 -0.0892067 5000.09 0.999577
844300000 29793.7 -0.181276 5000.11 0.999592
844400000 29793.7 -0.169133 5000.11 0.999591
844500000 29793.7 -0.237068 5000.12 0.999552
844600000 29793.7 -0.140761 5000.1 0.999568
844700000 29793.7 -0.0766158 5000.09 0.99957
844800000 29793.7 -0.0232247 5000.08 0.999566
844900000 29793.7 -0.0593614 5000.09 0.999563
845000000 29793.7 0.686892 4999.96 0.999725
845100000 29793.7 -0.15303 5000.1 0.999565
845200000 29793.7 -0.0610566 5000.09 0.999597
845300000 29793.7 -0.0782121 5000.09 0.999562
845400000 29793.7 0.633768 4999.97 0.999754
845500000 29793.7 -0.0642553 5000.09 0.999562
845600000 29793.7 -0.0582142 5000.09 0.999563
845700000 29793.7 -0.105561 5000.1 0.999561
845800000 29793.7 -0.151418 5000.1 0.999557
845900000 29793.7 -0.121739 5000.1 0.999561
846000000 29793.7 -0.0808004 5000.09 0.999562
846100000 29793.7 -0.159027 5000.1 0.999569
846200000 29793.7 -0.0122889 5000.08 0.999594
846300000 29793.7 -0.0658073 5000.09 0.999564
846400000 29793.7 -0.136364 5000.1 0.999577
846500000 29793.7 -0.142844 5000.1 0.999562
846600000 29793.7 -0.0459057 5000.09 0.99958
846700000 29793.7 -0.0856763 5000.09 0.99959
846800000 29793.7 -0.164425 5000.11 0.999562
846900000 29793.7 -0.0653425 5000.09 0.999565
847000000 29793.7 -0.0762496 5000.09 0.999561
847100000 29793.7 -0.158492 5000.1 0.999561
847200000 29793.7 1.37154 4999.85 0.99979
847300000 29793.7 -0.0765787 5000.09 0.999561
847400000 29793.7 -0.118225 5000.1 0.99959
847500000 29793.7 -0.0820229 5000.09 0.999561
847600000 29793.7 0.244006 5000.04 0.99966
847700000 29793.7 -0.169213 5000.11 0.999562
847800000 29793.7 -0.147153 5000.1 0.99956
847900000 29793.7 -0.0303074 5000.08 0.999566
848000000 29793.7 -0.108437 5000.1 0.999562
848100000 29793.7 -0.0108585 5000.08 0.999567
848200000 29793.7 0.222966 5000.04 0.999639
848300000 29793.7 0.711195 4999.96 0.999703
848400000 29793.7 -0.195242 5000.11 0.999568
848500000 29793.7 -0.161946 5000.1 0.999558
848600000 29793.7 0.173113 5000.05 0.999631
848700000 29793.7 1.20325 4999.88 0.999798
848800000 29793.7 0.172748 5000.05 0.999623
848900000 29793.7 0.485167 5000 0.999675
849000000 29793.7 0.220493 5000.04 0.999658
849100000 29793.7 0.727434 4999.96 0.999769
849200000 29793.7 0.0439495 5000.07 0.999625
849300000 29793.7 -0.212533 5000.11 0.99957
849400000 29793.7 -0.229215 5000.12 0.999558
849500000 29793.7 -0.220591 5000.11 0.999574
849600000 29793.7 2.0188 4999.74 0.999902
849700000 29793.7 5.58339 4999.14 1.00027
849800000 29793.7 -0.181962 5000.11 0.999556
849900000 29793.7 -0.0903699 5000.09 0.999608
850000000 29793.7 0.00152842 5000.08 0.999631
850100000 29793.7 -0.0616119 5000.09 0.999563
850200000 29793.7 0.707012 4999.96 0.999751
850300000 29793.7 -0.0527569 5000.09 0.999635
850400000 29793.7 -0.244105 5000.12 0.999565
850500000 29793.7 0.688403 4999.96 0.999758
850600000 29793.7 -0.0944027 5000.09 0.999567
850700000 29793.7 -0.184353 5000.11 0.999568
850800000 29793.7 -0.0674235 5000.09 0.999565
850900000 29793.7 -0.270435 5000.12 0.999571
851000000 29793.7 1.48801 4999.83 0.999804
851100000 29793.7 -0.123551 5000.1 0.999578
851200000 29793.7 -0.174747 5000.11 0.999564
851300000 29793.7 -0.135015 5000.1 0.999567
851400000 29793.7 0.0135801 5000.08 0.999611
851500000 29793.7 -0.102901 5000.09 0.999562
851600000 29793.7 -0.079124 5000.09 0.999566
851700000 29793.7 0.0285162 5000.07 0.99961
851800000 29793.7 -0.0944613 5000.09 0.999567
851900000 29793.7 -0.0896822 5000.09 0.999561
852000000 29793.7 -0.168934 5000.11 0.99957
852100000 29793.7 -0.137545 5000.1 0.999572
852200000 29793.7 0.587795 4999.98 0.99971
852300000 29793.7 -0.134579 5000.1 0.99956
852400000 29793.7 -0.115393 5000.1 0.999562
852500000 29793.7 0.347964 5000.02 0.999651
852600000 29793.7 -0.110401 5000.1 0.999562
852700000 29793.7 -0.185893 5000.11 0.999557
852800000 29793.7 -0.120606 5000.1 0.999571
852900000 29793.7 -0.0666538 5000.09 0.999561
853000000 29793.7 -0.0150237 5000.08 0.999597
853100000 29793.7 -0.0924155 5000.09 0.999579
853200000 29793.7 -0.13018 5000.1 0.999572
853300000 29793.7 0.1984 5000.04 0.99963
853400000 29793.7 -0.0289719 5000.08 0.999565
853500000 29793.7 -0.0318444 5000.08 0.999565
853600000 29793.7 -0.0349546 5000.08 0.999565
853700000 29793.7 -0.0191823 5000.08 0.999566
853800000 29793.7 -0.0174203 5000.08 0.999566
853900000 29793.7 0.360765 5000.02 0.999658
854000000 29793.7 -0.072794 5000.09 0.999563
854100000 29793.7 -0.166008 5000.11 0.999567
854200000 29793.7 -0.084822 5000.09 0.999577
854300000 29793.7 1.823 4999.77 0.999869
854400000 29793.7 -0.0543751 5000.09 0.999563
854500000 29793.7 1.26553 4999.87 0.999769
854600000 29793.7 -0.219344 5000.11 0.999568
854700000 29793.7 -0.160083 5000.1 0.999564
854800000 29793.7 -0.168033 5000.11 0.999606
854900000 29793.7 0.221411 5000.04 0.999644
855000000 29793.7 0.826578 4999.94 0.999718
855100000 29793.7 -0.182779 5000.11 0.999576
855200000 29793.7 -0.130032 5000.1 0.99957
855300000 29793.7 0.469704 5000 0.999668
855400000 29793.7 -0.177734 5000.11 0.999575
855500000 29793.7 0.0511091 5000.07 0.999651
855600000 29793.7 -0.0540307 5000.09 0.999563
855700000 29793.7 1.27304 4999.86 0.99977
855800000 29793.7 -0.097846 5000.09 0.999575
855900000 29793.7 0.261998 5000.03 0.999651
856000000 29793.7 -0.11209 5000.1 0.999562
856100000 29793.7 -0.0983689 5000.09 0.999563
856200000 29793.7 -0.188237 5000.11 0.999602
856300000 29793.7 -0.0128972 5000.08 0.999567
856400000 29793.7 1.94835 4999.75 0.999899
856500000 29793.7 -0.192484 5000.11 0.999574
856600000 29793.7 -0.0778239 5000.09 0.999563
856700000 29793.7 -0.0557182 5000.09 0.999623
856800000 29793.7 -0.0667086 5000.09 0.999583
856900000 29793.7 -0.154387 5000.1 0.999559
857000000 29793.7 0.105869 5000.06 0.999624
857100000 29793.7 -0.0490633 5000.09 0.999578
857200000 29793.7 0.0409078 5000.07 0.999622
857300000 29793.7 0.251474 5000.04 0.999648
857400000 29793.7 -0.145694 5000.1 0.999558
857500000 29793.7 -0.0730584 5000.09 0.999562
857600000 29793.7 -0.076352 5000.09 0.999572
857700000 29793.7 -0.099261 5000.09 0.999562
857800000 29793.7 0.126373 5000.06 0.999618
857900000 29793.7 -0.0834352 5000.09 0.999562
858000000 29793.7 -0.119929 5000.1 0.999588
858100000 29793.7 0.410993 5000.01 0.999678
858200000 29793.7 -0.14143 5000.1 0.999565
858300000 29793.7 2.84811 4999.6 0.99994
858400000 29793.7 0.111368 5000.06 0.999637
858500000 29793.7 0.240544 5000.04 0.999645
858600000 29793.7 -0.0214993 5000.08 0.999566
858700000 29793.7 -0.164256 5000.11 0.999556
858800000 29793.7 -0.0674995 5000.09 0.999603
858900000 29793.7 -0.042741 5000.08 0.999583
859000000 29793.7 -0.123955 5000.1 0.999562
859100000 29793.7 0.0701299 5000.07 0.999649
859200000 29793.7 0.614684 4999.97 0.999691
859300000 29793.7 0.00414524 5000.08 0.9996
859400000 29793.7 -0.0136935 5000.08 0.999567
859500000 29793.7 -0.0811874 5000.09 0.999562
859600000 29793.7 -0.0185051 5000.08 0.999566
859700000 29793.7 -0.234155 5000.12 0.999566
859800000 29793.7 -0.103844 5000.09 0.999572
859900000 29793.7 -0.0854941 5000.09 0.999562
860000000 29793.7 1.91412 4999.76 0.999841
860100000 29793.7 0.0619384 5000.07 0.999604
860200000 29793.7 -0.119047 5000.1 0.999567
860300000 29793.7 -0.113373 5000.1 0.999593
860400000 29793.7 -0.0857545 5000.09 0.999571
860500000 29793.7 -0.0600093 5000.09 0.99958
860600000 29793.7 -0.138415 5000.1 0.999567
860700000 29793.7 2.82196 4999.6 0.999944
860800000 29793.7 0.229584 5000.04 0.999651
860900000 29793.7 -0.0689056 5000.09 0.999571
861000000 29793.7 -0.134827 5000.1 0.99956
861100000 29793.7 6.08523 4999.06 1.00031
861200000 29793.7 -0.134485 5000.1 0.999595
861300000 29793.7 -0.021769 5000.08 0.999598
861400000 29793.7 -0.0859377 5000.09 0.999565
861500000 29793.7 0.050287 5000.07 0.999637
861600000 29793.7 -0.1141 5000.1 0.999562
861700000 29793.7 -0.129458 5000.1 0.999576
861800000 29793.7 -0.0920841 5000.09 0.99956
861900000 29793.7 0.231923 5000.04 0.999633
862000000 29793.7 0.135015 5000.05 0.999617
862100000 29793.7 0.271426 5000.03 0.999686
862200000 29793.7 0.0624009 5000.07 0.999604
862300000 29793.7 -0.0754042 5000.09 0.999562
862400000 29793.7 -0.129141 5000.1 0.999562
862500000 29793.7 0.882182 4999.93 0.999738
862600000 29793.7 -0.105254 5000.1 0.999588
862700000 29793.7 0.971932 4999.91 0.999744
862800000 29793.7 1.26801 4999.86 0.999782
862900000 29793.7 -0.0850013 5000.09 0.999564
863000000 29793.7 -0.105861 5000.1 0.999563
863100000 29793.7 0.663538 4999.97 0.999748
863200000 29793.7 -0.0831903 5000.09 0.99959
863300000 29793.7 -0.0422371 5000.08 0.999584
863400000 29793.7 -0.0137232 5000.08 0.999609
863500000 29793.7 0.826785 4999.94 0.999737
863600000 29793.7 0.0323383 5000.07 0.999621
863700000 29793.7 0.350956 5000.02 0.999651
863800000 29793.7 -0.172389 5000.11 0.999582
863900000 29793.7 -0.121563 5000.1 0.999575
864000000 29793.7 -0.101312 5000.09 0.999616
864100000 29793.7 -0.133012 5000.1 0.999572
864200000 29793.7 -0.0888427 5000.09 0.999562
864300000 29793.7 -0.0317776 5000.08 0.999565
864400000 29793.7 -0.0611569 5000.09 0.999562
864500000 29793.7 0.756148 4999.95 0.999715
864600000 29793.7 -0.0816321 5000.09 0.999563
864700000 29793.7 0.855286 4999.93 0.999733
864800000 29793.7 -0.110002 5000.1 0.99956
864900000 29793.7 0.0399861 5000.07 0.999611
865000000 29793.7 -0.0891376 5000.09 0.999604
865100000 29793.7 -0.155278 5000.1 0.999565
865200000 29793.7 0.0859423 5000.06 0.99964
865300000 29793.7 1.22365 4999.87 0.999858
865400000 29793.7 -0.219721 5000.11 0.999557
865500000 29793.7 -0.0140173 5000.08 0.999567
865600000 29793.7 -0.0931391 5000.09 0.999564
865700000 29793.7 -0.0714806 5000.09 0.999575
865800000 29793.7 0.326433 5000.02 0.999678
865900000 29793.7 0.655028 4999.97 0.999697
866000000 29793.7 -0.108159 5000.1 0.999598
866100000 29793.7 1.4706 4999.83 0.999848
866200000 29793.7 -0.146956 5000.1 0.999583
866300000 29793.7 -0.135278 5000.1 0.999564
866400000 29793.7 0.880714 4999.93 0.999741
866500000 29793.7 -0.156924 5000.1 0.99956
866600000 29793.7 -0.0792403 5000.09 0.999565
866700000 29793.7 0.935791 4999.92 0.999741
866800000 29793.7 -0.118946 5000.1 0.999562
866900000 29793.7 0.399594 5000.01 0.999663
867000000 29793.7 0.217336 5000.04 0.999633
867100000 29793.7 -0.0182017 5000.08 0.99961
867200000 29793.7 -0.000821948 5000.08 0.999599
867300000 29793.7 -0.0215469 5000.08 0.999587
867400000 29793.7 -0.0561185 5000.09 0.999563
867500000 29793.7 -0.227784 5000.12 0.999565
867600000 29793.7 0.0460206 5000.07 0.999606
867700000 29793.7 0.067728 5000.07 0.999635
867800000 29793.7 0.0424265 5000.07 0.999616
867900000 29793.7 -0.114515 5000.1 0.999558
868000000 29793.7 -0.0389658 5000.08 0.999609
868100000 29793.7 -0.110698 5000.1 0.999563
868200000 29793.7 -0.0984633 5000.09 0.99958
868300000 29793.7 -0.157955 5000.1 0.999559
868400000 29793.7 0.0478445 5000.07 0.999627
868500000 29793.7 -0.00347384 5000.08 0.999568
868600000 29793.7 -0.0958261 5000.09 0.999583
868700000 29793.7 -0.0243437 5000.08 0.999566
868800000 29793.7 0.0621752 5000.07 0.999677
868900000 29793.7 2.24592 4999.7 0.999876
869000000 29793.7 -0.0570339 5000.09 0.999563
869100000 29793.7 -0.0801307 5000.09 0.999586
869200000 29793.7 -0.0428332 5000.08 0.999564
869300000 29793.7 0.165157 5000.05 0.999649
869400000 29793.7 -0.0212902 5000.08 0.999566
869500000 29793.7 0.404407 5000.01 0.999691
869600000 29793.7 0.661165 4999.97 0.999695
869700000 29793.7 1.43369 4999.84 0.999875
869800000 29793.7 0.892523 4999.93 0.999769
869900000 29793.7 0.731569 4999.95 0.999705
870000000 29793.7 -0.0671127 5000.09 0.999562
870100000 29793.7 0.850342 4999.93 0.99976
870200000 29793.7 -0.160914 5000.1 0.999559
870300000 29793.7 0.03172 5000.07 0.999604
870400000 29793.7 -0.0110895 5000.08 0.999599
870500000 29793.7 0.860562 4999.93 0.999769
870600000 29793.7 -0.194326 5000.11 0.999558
870700000 29793.7 -0.146728 5000.1 0.999575
870800000 29793.7 0.829047 4999.94 0.999715
870900000 29793.7 2.62377 4999.64 0.999915
871000000 29793.7 -0.116893 5000.1 0.99956
871100000 29793.7 -0.0410888 5000.08 0.999565
871200000 29793.7 -0.107183 5000.1 0.99956
871300000 29793.7 -0.13258 5000.1 0.999565
871400000 29793.7 -0.20588 5000.11 0.999592
871500000 29793.7 -0.0264192 5000.08 0.999566
871600000 29793.7 0.596375 4999.98 0.999701
871700000 29793.7 -0.0776038 5000.09 0.999562
871800000 29793.7 -0.0526687 5000.09 0.999584
871900000 29793.7 0.683549 4999.96 0.99972
872000000 29793.7 -0.0986142 5000.09 0.999585
872100000 29793.7 -0.207228 5000.11 0.999574
872200000 29793.7 -0.145841 5000.1 0.999601
872300000 29793.7 -0.151477 5000.1 0.999575
872400000 29793.7 -0.177231 5000.11 0.999577
872500000 29793.7 -0.019184 5000.08 0.999566
872600000 29793.7 -0.0388952 5000.08 0.999564
872700000 29793.7 -0.0706181 5000.09 0.999565
872800000 29793.7 -0.127924 5000.1 0.999559
872900000 29793.7 -0.060593 5000.09 0.999562
873000000 29793.7 -0.0877244 5000.09 0.999573
873100000 29793.7 -0.0640109 5000.09 0.999562
873200000 29793.7 -0.146372 5000.1 0.999561
873300000 29793.7 4.54791 4999.31 1.0001
873400000 29793.7 -0.0141476 5000.08 0.999594
873500000 29793.7 -0.0685711 5000.09 0.999562
873600000 29793.7 -0.0773647 5000.09 0.999566
873700000 29793.7 -0.106949 5000.1 0.999583
873800000 29793.7 0.362609 5000.02 0.999687
873900000 29793.7 0.869609 4999.93 0.999743
874000000 29793.7 0.699252 4999.96 0.999736
874100000 29793.7 -0.0937442 5000.09 0.999567
874200000 29793.7 -0.103622 5000.09 0.999562
874300000 29793.7 -0.104972 5000.1 0.999575
874400000 29793.7 0.819233 4999.94 0.999765
874500000 29793.7 -0.0323356 5000.08 0.999609
874600000 29793.7 -0.104067 5000.09 0.999566
874700000 29793.7 0.975392 4999.91 0.999735
874800000 29793.7 -0.129242 5000.1 0.999569
874900000 29793.7 -0.0358374 5000.08 0.999655
875000000 29793.7 -0.123101 5000.1 0.999581
875100000 29793.7 1.97015 4999.75 0.999916
875200000 29793.7 0.302684 5000.03 0.999671
875300000 29793.7 -0.143889 5000.1 0.999572
875400000 29793.7 -0.148171 5000.1 0.999566
875500000 29793.7 -0.0380673 5000.08 0.999564
875600000 29793.7 -0.103633 5000.09 0.999562
875700000 29793.7 0.747791 4999.95 0.999735
875800000 29793.7 -0.0256873 5000.08 0.999594
875900000 29793.7 1.31924 4999.86 0.999814
876000000 29793.7 -0.0235523 5000.08 0.999566
876100000 29793.7 -0.0542224 5000.09 0.999563
876200000 29793.7 -0.057597 5000.09 0.999564
876300000 29793.7 0.263425 5000.03 0.999668
876400000 29793.7 -0.128997 5000.1 0.999584
876500000 29793.7 -0.135752 5000.1 0.999559
876600000 29793.7 -0.0739232 5000.09 0.999565
876700000 29793.7 0.332901 5000.02 0.999696
876800000 29793.7 -0.0786011 5000.09 0.999561
876900000 29793.7 0.206825 5000.04 0.999628
877000000 29793.7 -0.125474 5000.1 0.999561
877100000 29793.7 -0.201174 5000.11 0.999561
877200000 29793.7 0.233983 5000.04 0.999663
877300000 29793.7 -0.0989923 5000.09 0.999596
877400000 29793.7 -0.121256 5000.1 0.999562
877500000 29793.7 -0.0700636 5000.09 0.999562
877600000 29793.7 -0.147319 5000.1 0.999573
877700000 29793.7 -0.188352 5000.11 0.999559
877800000 29793.7 0.461019 5000 0.999675
877900000 29793.7 0.0804494 5000.06 0.99964
878000000 29793.7 -0.0272725 5000.08 0.999565
878100000 29793.7 -0.0215939 5000.08 0.999566
878200000 29793.7 0.317951 5000.02 0.999651
878300000 29793.7 -0.0753764 5000.09 0.999573
878400000 29793.7 2.1635 4999.71 0.999901
878500000 29793.7 -0.0292062 5000.08 0.999608
878600000 29793.7 -0.15036 5000.1 0.999564
878700000 29793.7 -0.136819 5000.1 0.999566
878800000 29793.7 -0.106435 5000.1 0.99956
878900000 29793.7 0.125867 5000.06 0.999652
879000000 29793.7 -0.0404821 5000.08 0.99959
879100000 29793.7 -0.0808792 5000.09 0.999569
879200000 29793.7 4.22736 4999.37 1.00011
879300000 29793.7 1.48851 4999.83 0.999801
879400000 29793.7 -0.161651 5000.1 0.999569
879500000 29793.7 1.81998 4999.77 0.999836
879600000 29793.7 -0.0732182 5000.09 0.999561
879700000 29793.7 -0.180861 5000.11 0.999559
879800000 29793.7 -0.0335513 5000.08 0.999565
879900000 29793.7 -0.180085 5000.11 0.99959
880000000 29793.7 0.0106622 5000.08 0.999635
880100000 29793.7 -0.0857255 5000.09 0.999561
880200000 29793.7 0.22836 5000.04 0.999642
880300000 29793.7 -0.265513 5000.12 0.999574
880400000 29793.7 0.63827 4999.97 0.999742
880500000 29793.7 -0.10759 5000.1 0.999579
880600000 29793.7 -0.200886 5000.11 0.999564
880700000 29793.7 -0.0955689 5000.09 0.999561
880800000 29793.7 -0.123228 5000.1 0.999562
880900000 29793.7 1.63517 4999.8 0.999816
881000000 29793.7 -0.0151286 5000.08 0.999567
881100000 29793.7 0.668495 4999.97 0.999716
881200000 29793.7 0.548915 4999.99 0.999708
881300000 29793.7 2.21227 4999.71 0.999898
881400000 29793.7 -0.163467 5000.1 0.999556
881500000 29793.7 -0.140177 5000.1 0.999559
881600000 29793.7 3.43898 4999.5 0.999997
881700000 29793.7 -0.0400241 5000.08 0.999564
881800000 29793.7 -0.0989656 5000.09 0.999623
881900000 29793.7 -0.131222 5000.1 0.999558
882000000 29793.7 1.22724 4999.87 0.999776
882100000 29793.7 1.63793 4999.8 0.999818
882200000 29793.7 -0.000584029 5000.08 0.999608
882300000 29793.7 2.05849 4999.73 0.999912
882400000 29793.7 -0.00683032 5000.08 0.999568
882500000 29793.7 -0.0762855 5000.09 0.999564
882600000 29793.7 -0.0353639 5000.08 0.999565
882700000 29793.7 -0.0777399 5000.09 0.99957
882800000 29793.7 -0.101733 5000.09 0.999572
882900000 29793.7 0.643381 4999.97 0.999727
883000000 29793.7 -0.19646 5000.11 0.999569
883100000 29793.7 -0.0147727 5000.08 0.999641
883200000 29793.7 0.873288 4999.93 0.999773
883300000 29793.7 2.31072 4999.69 0.9999
883400000 29793.7 -0.0696298 5000.09 0.999585
883500000 29793.7 -0.0651538 5000.09 0.999563
883600000 29793.7 -0.144774 5000.1 0.999564
883700000 29793.7 0.0181799 5000.07 0.999596
883800000 29793.7 -0.191966 5000.11 0.999564
883900000 29793.7 0.123744 5000.06 0.999615
884000000 29793.7 0.334509 5000.02 0.999656
884100000 29793.7 -0.0915497 5000.09 0.999577
884200000 29793.7 0.19813 5000.04 0.999636
884300000 29793.7 1.00174 4999.91 0.999739
884400000 29793.7 -0.151001 5000.1 0.999563
884500000 29793.7 -0.124661 5000.1 0.999558
884600000 29793.7 1.69174 4999.79 0.999922
884700000 29793.7 -0.123135 5000.1 0.999586
884800000 29793.7 0.0694671 5000.07 0.999622
884900000 29793.7 1.49595 4999.83 0.99982
885000000 29793.7 1.17595 4999.88 0.999757
885100000 29793.7 0.890804 4999.93 0.999747
885200000 29793.7 -0.142017 5000.1 0.999562
885300000 29793.7 -0.180809 5000.11 0.999578
885400000 29793.7 -0.0457816 5000.09 0.999564
885500000 29793.7 -0.0653137 5000.09 0.999579
885600000 29793.7 1.15617 4999.88 0.999784
885700000 29793.7 -0.152893 5000.1 0.999567
885800000 29793.7 -0.110693 5000.1 0.99956
885900000 29793.7 -0.0374533 5000.08 0.999565
886000000 29793.7 3.68546 4999.46 1.00002
886100000 29793.7 1.2945 4999.86 0.999774
886200000 29793.7 -0.0977026 5000.09 0.9996
886300000 29793.7 -0.139433 5000.1 0.99956
886400000 29793.7 -0.0381154 5000.08 0.999565
886500000 29793.7 -0.0274413 5000.08 0.999565
886600000 29793.7 -0.135908 5000.1 0.999558
886700000 29793.7 1.39829 4999.84 0.999811
886800000 29793.7 -0.152812 5000.1 0.999558
886900000 29793.7 -0.0995063 5000.09 0.999586
887000000 29793.7 -0.109734 5000.1 0.999561
887100000 29793.7 0.353126 5000.02 0.999653
887200000 29793.7 -0.173941 5000.11 0.99956
887300000 29793.7 -0.146252 5000.1 0.999561
887400000 29793.7 -0.119059 5000.1 0.999566
887500000 29793.7 -0.152301 5000.1 0.999559
887600000 29793.7 -0.115315 5000.1 0.999561
887700000 29793.7 4.28993 4999.36 1.00014
887800000 29793.7 0.318458 5000.02 0.999646
887900000 29793.7 -0.154838 5000.1 0.999558
888000000 29793.7 0.00339875 5000.08 0.999593
888100000 29793.7 0.0782714 5000.06 0.99961
888200000 29793.7 -0.248939 5000.12 0.999568
888300000 29793.7 0.845368 4999.94 0.999739
888400000 29793.7 0.0340752 5000.07 0.999617
888500000 29793.7 -0.157827 5000.1 0.999557
888600000 29793.7 -0.0405115 5000.08 0.999564
888700000 29793.7 -0.14565 5000.1 0.999567
888800000 29793.7 2.70815 4999.62 0.999931
888900000 29793.7 -0.128714 5000.1 0.9996
889000000 29793.7 -0.284101 5000.13 0.999559
889100000 29793.7 0.894028 4999.93 0.999725
889200000 29793.7 -0.330436 5000.13 0.999571
889300000 29793.7 1.04918 4999.9 0.99976
889400000 29793.7 1.19677 4999.88 0.999788
889500000 29793.7 1.02872 4999.9 0.999741
889600000 29793.7 -0.0822302 5000.09 0.999578
889700000 29793.7 -0.11253 5000.1 0.999565
889800000 29793.7 -0.0753408 5000.09 0.999589
889900000 29793.7 0.182613 5000.05 0.999645
890000000 29793.7 -0.00573235 5000.08 0.999602
890100000 29793.7 -0.0622021 5000.09 0.999579
890200000 29793.7 -0.0661472 5000.09 0.999562
890300000 29793.7 -0.14235 5000.1 0.999559
890400000 29793.7 0.877378 4999.93 0.999723
890500000 29793.7 3.80999 4999.44 1.00004
890600000 29793.7 0.12628 5000.06 0.999621
890700000 29793.7 -0.0473911 5000.09 0.999564
890800000 29793.7 -0.125975 5000.1 0.999589
890900000 29793.7 -0.134026 5000.1 0.999568
891000000 29793.7 -0.0187498 5000.08 0.999613
891100000 29793.7 -0.0983757 5000.09 0.99956
891200000 29793.7 -0.260819 5000.12 0.999571
891300000 29793.7 0.378431 5000.01 0.999663
891400000 29793.7 0.704044 4999.96 0.999757
891500000 29793.7 -0.188334 5000.11 0.99958
891600000 29793.7 0.297802 5000.03 0.999662
891700000 29793.7 2.35093 4999.68 0.99996
891800000 29793.7 -0.0868642 5000.09 0.999585
891900000 29793.7 -0.109841 5000.1 0.999573
892000000 29793.7 8.01026 4998.73 1.00046
892100000 29793.7 -0.0323211 5000.08 0.999565
892200000 29793.7 -0.0558437 5000.09 0.999563
892300000 29793.7 -0.191679 5000.11 0.99957
892400000 29793.7 -0.0639198 5000.09 0.999572
892500000 29793.7 -0.1632 5000.1 0.999557
892600000 29793.7 0.923498 4999.92 0.999728
892700000 29793.7 0.0351415 5000.07 0.999642
892800000 29793.7 -0.0436028 5000.08 0.999615
892900000 29793.7 -0.144304 5000.1 0.999561
893000000 29793.7 -0.113497 5000.1 0.999558
893100000 29793.7 -0.217881 5000.11 0.999574
893200000 29793.7 -0.0920311 5000.09 0.999564
893300000 29793.7 0.064554 5000.07 0.999609
893400000 29793.7 -0.0542206 5000.09 0.999564
893500000 29793.7 -0.06264 5000.09 0.999562
893600000 29793.7 -0.106608 5000.1 0.999564
893700000 29793.7 1.33704 4999.85 0.999811
893800000 29793.7 -0.124617 5000.1 0.999565
893900000 29793.7 -0.0761045 5000.09 0.999576
894000000 29793.7 -0.0675552 5000.09 0.999622
894100000 29793.7 3.07096 4999.56 0.999962
894200000 29793.7 -0.12941 5000.1 0.999562
894300000 29793.7 -0.203631 5000.11 0.999567
894400000 29793.7 -0.143419 5000.1 0.999564
894500000 29793.7 -0.118558 5000.1 0.999563
894600000 29793.7 -0.0291372 5000.08 0.999565
894700000 29793.7 -0.107056 5000.1 0.999649
894800000 29793.7 -0.0697213 5000.09 0.999563
894900000 29793.7 -0.183802 5000.11 0.999571
895000000 29793.7 0.206834 5000.04 0.999633
895100000 29793.7 0.131377 5000.06 0.999676
895200000 29793.7 2.10371 4999.72 0.999867
895300000 29793.7 -0.114744 5000.1 0.999568
895400000 29793.7 0.327664 5000.02 0.999676
895500000 29793.7 3.01228 4999.57 0.999979
895600000 29793.7 -0.134777 5000.1 0.999562
895700000 29793.7 0.162007 5000.05 0.999637
895800000 29793.7 -0.000762465 5000.08 0.999593
895900000 29793.7 -0.0566971 5000.09 0.999563
896000000 29793.7 -0.0986056 5000.09 0.999564
896100000 29793.7 -0.050156 5000.09 0.999613
896200000 29793.7 -0.0191453 5000.08 0.999566
896300000 29793.7 0.0419012 5000.07 0.999611
896400000 29793.7 0.948897 4999.92 0.999744
896500000 29793.7 1.65816 4999.8 0.999819
896600000 29793.7 0.500373 4999.99 0.999747
896700000 29793.7 -0.204604 5000.11 0.999558
896800000 29793.7 -0.12639 5000.1 0.99956
896900000 29793.7 -0.0274259 5000.08 0.999599
897000000 29793.7 -0.0250388 5000.08 0.999596
897100000 29793.7 -0.144944 5000.1 0.999574
897200000 29793.7 -0.23395 5000.12 0.999562
897300000 29793.7 0.475547 5000 0.999686
897400000 29793.7 -0.114879 5000.1 0.999575
897500000 29793.7 4.5643 4999.31 1.00011
897600000 29793.7 -0.060658 5000.09 0.999575
897700000 29793.7 2.59631 4999.64 0.999925
897800000 29793.7 -0.217939 5000.11 0.999599
897900000 29793.7 -0.19632 5000.11 0.999596
898000000 29793.7 -0.133263 5000.1 0.999595
898100000 29793.7 -0.0569397 5000.09 0.999563
898200000 29793.7 -0.0852958 5000.09 0.999587
898300000 29793.7 0.24519 5000.04 0.999716
898400000 29793.7 -0.110178 5000.1 0.999563
898500000 29793.7 0.227765 5000.04 0.999632
898600000 29793.7 -0.211151 5000.11 0.99956
898700000 29793.7 0.190739 5000.05 0.999649
898800000 29793.7 -0.0726815 5000.09 0.999611
898900000 29793.7 -0.0179345 5000.08 0.99962
899000000 29793.7 -0.168655 5000.11 0.999564
899100000 29793.7 -0.187327 5000.11 0.999568
899200000 29793.7 -0.169637 5000.11 0.999596
899300000 29793.7 -0.0386274 5000.08 0.999595
899400000 29793.7 0.188295 5000.05 0.999659
899500000 29793.7 -0.167425 5000.11 0.999565
899600000 29793.7 0.042926 5000.07 0.999618
899700000 29793.7 -0.209145 5000.11 0.999566
899800000 29793.7 -0.0675131 5000.09 0.999565
899900000 29793.7 -0.0818127 5000.09 0.999566
900000000 29793.7 -0.142686 5000.1 0.999572
900100000 29793.7 -0.131355 5000.1 0.999569
900200000 29793.7 -0.136739 5000.1 0.999571
900300000 29793.7 -0.0271641 5000.08 0.999566
900400000 29793.7 1.27762 4999.86 0.999808
900500000 29793.7 -0.0235719 5000.08 0.99962
900600000 29793.7 -0.185852 5000.11 0.999578
900700000 29793.7 -0.0807427 5000.09 0.999562
900800000 29793.7 -0.0399465 5000.08 0.999564
900900000 29793.7 0.657912 4999.97 0.999702
901000000 29793.7 0.499482 4999.99 0.99969
901100000 29793.7 0.463092 5000 0.999675
901200000 29793.7 -0.0130139 5000.08 0.999567
901300000 29793.7 -0.108651 5000.1 0.999559
901400000 29793.7 2.01938 4999.74 0.999858
901500000 29793.7 0.111937 5000.06 0.99963
901600000 29793.7 -0.1144 5000.1 0.999559
901700000 29793.7 0.21442 5000.04 0.999633
901800000 29793.7 -0.0829894 5000.09 0.999585
901900000 29793.7 -0.086015 5000.09 0.99958
902000000 29793.7 -0.0799416 5000.09 0.999563
902100000 29793.7 -0.141465 5000.1 0.999572
902200000 29793.7 -0.0902145 5000.09 0.999597
902300000 29793.7 -0.240391 5000.12 0.999589
902400000 29793.7 0.0853425 5000.06 0.999632
902500000 29793.7 -0.116607 5000.1 0.999596
902600000 29793.7 -0.163676 5000.1 0.999569
902700000 29793.7 -0.145684 5000.1 0.999558
902800000 29793.7 -0.0845488 5000.09 0.999579
902900000 29793.7 0.997483 4999.91 0.999783
903000000 29793.7 -0.0304482 5000.08 0.999565
903100000 29793.7 0.100524 5000.06 0.999627
903200000 29793.7 -0.167616 5000.11 0.999561
903300000 29793.7 -0.133092 5000.1 0.99956
903400000 29793.7 -0.113368 5000.1 0.99956
903500000 29793.7 -0.121811 5000.1 0.999579
903600000 29793.7 0.873902 4999.93 0.999728
903700000 29793.7 -0.10744 5000.1 0.999561
903800000 29793.7 -0.0721636 5000.09 0.999561
903900000 29793.7 -0.0657694 5000.09 0.999565
904000000 29793.7 -0.105161 5000.1 0.999566
904100000 29793.7 0.893401 4999.93 0.999755
904200000 29793.7 0.00438557 5000.08 0.9996
904300000 29793.7 -0.0189459 5000.08 0.999567
904400000 29793.7 -0.104525 5000.1 0.9996
904500000 29793.7 -0.0967756 5000.09 0.999583
904600000 29793.7 -0.18024 5000.11 0.99956
904700000 29793.7 -0.140802 5000.1 0.999561
904800000 29793.7 0.0225292 5000.07 0.999614
904900000 29793.7 -0.0773618 5000.09 0.999562
905000000 29793.7 -0.0836347 5000.09 0.999584
905100000 29793.7 0.106149 5000.06 0.999631
905200000 29793.7 -0.0180321 5000.08 0.999566
905300000 29793.7 2.88946 4999.59 0.999967
905400000 29793.7 -0.123756 5000.1 0.999561
905500000 29793.7 -0.235879 5000.12 0.999561
905600000 29793.7 -0.257334 5000.12 0.99959
905700000 29793.7 0.39715 5000.01 0.999691
905800000 29793.7 -0.124196 5000.1 0.999562
905900000 29793.7 -0.11522 5000.1 0.999563
906000000 29793.7 -0.094703 5000.09 0.999603
906100000 29793.7 0.00237959 5000.08 0.999595
906200000 29793.7 -0.153616 5000.1 0.999558
906300000 29793.7 -0.151147 5000.1 0.999569
906400000 29793.7 -0.108315 5000.1 0.999576
906500000 29793.7 -0.093408 5000.09 0.99956
906600000 29793.7 1.21726 4999.87 0.999816
906700000 29793.7 -0.114777 5000.1 0.999569
906800000 29793.7 -0.0631472 5000.09 0.999562
906900000 29793.7 -0.12471 5000.1 0.999569
907000000 29793.7 0.208957 5000.04 0.999696
907100000 29793.7 -0.165317 5000.11 0.999579
907200000 29793.7 -0.0844177 5000.09 0.999562
907300000 29793.7 -0.145565 5000.1 0.999559
907400000 29793.7 -0.140135 5000.1 0.99956
907500000 29793.7 -0.1748 5000.11 0.99957
907600000 29793.7 -0.180872 5000.11 0.999572
907700000 29793.7 0.302801 5000.03 0.99966
907800000 29793.7 -0.155257 5000.1 0.999572
907900000 29793.7 -0.283767 5000.13 0.999582
908000000 29793.7 6.63285 4998.96 1.00029
908100000 29793.7 -0.0653228 5000.09 0.999562
908200000 29793.7 -0.0351132 5000.08 0.999602
908300000 29793.7 -0.0478375 5000.09 0.999565
908400000 29793.7 -0.14912 5000.1 0.999573
908500000 29793.7 -0.148495 5000.1 0.999561
908600000 29793.7 -0.0254779 5000.08 0.999565
908700000 29793.7 -0.184956 5000.11 0.999555
908800000 29793.7 -0.0536063 5000.09 0.999584
908900000 29793.7 -0.159991 5000.1 0.999568
909000000 29793.7 -0.224265 5000.12 0.999555
909100000 29793.7 0.334062 5000.02 0.99968
909200000 29793.7 -0.0779991 5000.09 0.999563
909300000 29793.7 -0.104868 5000.1 0.999563
909400000 29793.7 -0.0876097 5000.09 0.999566
909500000 29793.7 -0.0646617 5000.09 0.999562
909600000 29793.7 -0.0724754 5000.09 0.999562
909700000 29793.7 -0.06061 5000.09 0.999562
909800000 29793.7 -0.24118 5000.12 0.999559
909900000 29793.7 0.202493 5000.04 0.999644
910000000 29793.7 -0.0984378 5000.09 0.999563
910100000 29793.7 -0.0831459 5000.09 0.999599
910200000 29793.7 -0.108061 5000.1 0.999565
910300000 29793.7 -0.091388 5000.09 0.999573
910400000 29793.7 -0.191076 5000.11 0.99957
910500000 29793.7 0.509313 4999.99 0.999692
910600000 29793.7 1.01997 4999.91 0.999761
910700000 29793.7 0.525146 4999.99 0.999698
910800000 29793.7 1.53514 4999.82 0.999811
910900000 29793.7 -0.12531 5000.1 0.999563
911000000 29793.7 0.962844 4999.92 0.999739
911100000 29793.7 -0.196659 5000.11 0.999564
911200000 29793.7 0.274715 5000.03 0.999639
911300000 29793.7 -0.196798 5000.11 0.999558
911400000 29793.7 1.22033 4999.87 0.999781
911500000 29793.7 -0.0365784 5000.08 0.999565
911600000 29793.7 -0.122029 5000.1 0.99957
911700000 29793.7 -0.0726213 5000.09 0.999584
911800000 29793.7 0.163417 5000.05 0.999636
911900000 29793.7 0.386201 5000.01 0.999671
912000000 29793.7 -0.0913911 5000.09 0.999564
912100000 29793.7 0.579141 4999.98 0.999686
912200000 29793.7 -0.146121 5000.1 0.999589
912300000 29793.7 -0.0965375 5000.09 0.999565
912400000 29793.7 -0.132791 5000.1 0.999564
912500000 29793.7 -0.0615006 5000.09 0.999603
912600000 29793.7 -0.113266 5000.1 0.999584
912700000 29793.7 -0.0175689 5000.08 0.999566
912800000 29793.7 0.157212 5000.05 0.999636
912900000 29793.7 -0.0154173 5000.08 0.999619
913000000 29793.7 1.64344 4999.8 0.999849
913100000 29793.7 -0.0416873 5000.08 0.999564
913200000 29793.7 -0.139517 5000.1 0.999611
913300000 29793.7 -0.0945922 5000.09 0.999571
913400000 29793.7 -0.070543 5000.09 0.999563
913500000 29793.7 -0.109571 5000.1 0.999578
913600000 29793.7 0.444885 5000 0.999712
913700000 29793.7 -0.15571 5000.1 0.999574
913800000 29793.7 -0.0103225 5000.08 0.999567
913900000 29793.7 -0.082871 5000.09 0.999569
914000000 29793.7 0.139605 5000.05 0.999645
914100000 29793.7 -0.057885 5000.09 0.999563
914200000 29793.7 -0.0105024 5000.08 0.999567
914300000 29793.7 -0.142445 5000.1 0.999563
914400000 29793.7 0.146494 5000.05 0.999619
914500000 29793.7 3.1154 4999.55 0.999968
914600000 29793.7 -0.217233 5000.11 0.999567
914700000 29793.7 -0.0748504 5000.09 0.999568
914800000 29793.7 0.0107483 5000.08 0.999594
914900000 29793.7 -0.148003 5000.1 0.999572
915000000 29793.7 -0.128967 5000.1 0.999589
915100000 29793.7 -0.228301 5000.12 0.999567
915200000 29793.7 0.817265 4999.94 0.999731
915300000 29793.7 -0.172753 5000.11 0.99957
915400000 29793.7 0.0393775 5000.07 0.999605
915500000 29793.7 -0.14408 5000.1 0.999574
915600000 29793.7 0.117078 5000.06 0.999632
915700000 29793.7 -0.064245 5000.09 0.999563
915800000 29793.7 0.689137 4999.96 0.999731
915900000 29793.7 -0.218835 5000.11 0.99956
916000000 29793.7 0.0259053 5000.07 0.999603
916100000 29793.7 -0.0199119 5000.08 0.999598
916200000 29793.7 -0.111469 5000.1 0.999584
916300000 29793.7 -0.0518684 5000.09 0.999565
916400000 29793.7 -0.106218 5000.1 0.999561
916500000 29793.7 -0.273038 5000.12 0.999579
916600000 29793.7 0.921652 4999.92 0.999733
916700000 29793.7 -0.159833 5000.1 0.999592
916800000 29793.7 -0.180626 5000.11 0.999558
916900000 29793.7 -0.0602865 5000.09 0.999563
917000000 29793.7 -0.175468 5000.11 0.999562
917100000 29793.7 -0.107036 5000.1 0.999566
917200000 29793.7 -0.139455 5000.1 0.999564
917300000 29793.7 -0.193773 5000.11 0.999562
917400000 29793.7 0.826053 4999.94 0.999752
917500000 29793.7 -0.125419 5000.1 0.999558
917600000 29793.7 -0.0826955 5000.09 0.999563
917700000 29793.7 -0.141429 5000.1 0.999587
917800000 29793.7 -0.0419773 5000.08 0.999565
917900000 29793.7 -0.0719972 5000.09 0.999561
918000000 29793.7 -0.0993914 5000.09 0.999579
918100000 29793.7 -0.0363435 5000.08 0.999565
918200000 29793.7 -0.142855 5000.1 0.999568
918300000 29793.7 -0.203677 5000.11 0.999554
918400000 29793.7 -0.152326 5000.1 0.999556
918500000 29793.7 0.603523 4999.98 0.999715
918600000 29793.7 -0.0595451 5000.09 0.999563
918700000 29793.7 0.751392 4999.95 0.999724
918800000 29793.7 -0.123058 5000.1 0.999565
918900000 29793.7 -0.0761848 5000.09 0.999569
919000000 29793.7 0.760867 4999.95 0.999727
919100000 29793.7 -0.0810614 5000.09 0.999576
919200000 29793.7 -0.00635711 5000.08 0.99962
919300000 29793.7 0.225441 5000.04 0.999641
919400000 29793.7 0.774601 4999.95 0.99978
919500000 29793.7 0.652427 4999.97 0.999694
919600000 29793.7 -0.215993 5000.11 0.999564
919700000 29793.7 -0.08665 5000.09 0.999594
919800000 29793.7 0.230069 5000.04 0.999681
919900000 29793.7 -0.101823 5000.09 0.999592
920000000 29793.7 0.0251744 5000.07 0.999601
920100000 29793.7 -0.0927421 5000.09 0.999563
920200000 29793.7 -0.171812 5000.11 0.999585
920300000 29793.7 -0.160594 5000.1 0.999566
920400000 29793.7 1.18559 4999.88 0.999812
920500000 29793.7 -0.00941009 5000.08 0.999567
920600000 29793.7 0.168712 5000.05 0.999633
920700000 29793.7 0.776746 4999.95 0.999742
920800000 29793.7 -0.110601 5000.1 0.999563
920900000 29793.7 -0.150925 5000.1 0.999569
921000000 29793.7 -0.0909644 5000.09 0.999563
921100000 29793.7 -0.112158 5000.1 0.999562
921200000 29793.7 -0.0990129 5000.09 0.999566
921300000 29793.7 -0.327142 5000.13 0.99958
921400000 29793.7 -0.0650493 5000.09 0.999561
921500000 29793.7 -0.113735 5000.1 0.999568
921600000 29793.7 -0.159412 5000.1 0.999567
921700000 29793.7 -0.146925 5000.1 0.9996
921800000 29793.7 0.560074 4999.98 0.999684
921900000 29793.7 -0.156776 5000.1 0.999564
922000000 29793.7 -0.089077 5000.09 0.999576
922100000 29793.7 0.0641961 5000.07 0.999653
922200000 29793.7 -0.0700243 5000.09 0.999564
922300000 29793.7 -0.137045 5000.1 0.999564
922400000 29793.7 -0.038641 5000.08 0.999592
922500000 29793.7 2.12655 4999.72 0.999879
922600000 29793.7 0.207562 5000.04 0.999643
922700000 29793.7 -0.0502962 5000.09 0.999563
922800000 29793.7 0.68578 4999.96 0.999699
922900000 29793.7 -0.162402 5000.1 0.999558
923000000 29793.7 -0.020393 5000.08 0.999596
923100000 29793.7 -0.13115 5000.1 0.999572
923200000 29793.7 -0.14973 5000.1 0.999565
923300000 29793.7 -0.107831 5000.1 0.999565
923400000 29793.7 -0.0273293 5000.08 0.999565
923500000 29793.7 -0.120339 5000.1 0.999574
923600000 29793.7 -0.176547 5000.11 0.999558
923700000 29793.7 -0.10006 5000.09 0.999561
923800000 29793.7 -0.114688 5000.1 0.999595
923900000 29793.7 -0.0206889 5000.08 0.99961
924000000 29793.7 0.530642 4999.99 0.99968
924100000 29793.7 0.208317 5000.04 0.999648
924200000 29793.7 1.37681 4999.85 0.999808
924300000 29793.7 -0.0362755 5000.08 0.999565
924400000 29793.7 -0.068274 5000.09 0.999562
924500000 29793.7 -0.0874406 5000.09 0.999562
924600000 29793.7 -0.0531921 5000.09 0.999563
924700000 29793.7 0.158698 5000.05 0.999621
924800000 29793.7 1.41509 4999.84 0.999883
924900000 29793.7 -0.23338 5000.12 0.99956
925000000 29793.7 -0.177627 5000.11 0.999581
925100000 29793.7 -0.205958 5000.11 0.9996
925200000 29793.7 0.39535 5000.01 0.999665
925300000 29793.7 -0.141957 5000.1 0.999567
925400000 29793.7 0.424702 5000.01 0.999675
925500000 29793.7 -0.0585924 5000.09 0.999563
925600000 29793.7 -0.0636058 5000.09 0.999563
925700000 29793.7 0.77297 4999.95 0.999716
925800000 29793.7 -0.14132 5000.1 0.999558
925900000 29793.7 0.736598 4999.95 0.999714
926000000 29793.7 0.241895 5000.04 0.999683
926100000 29793.7 0.173446 5000.05 0.999625
926200000 29793.7 -0.0391574 5000.08 0.999564
926300000 29793.7 -0.101357 5000.09 0.999581
926400000 29793.7 -0.197315 5000.11 0.999567
926500000 29793.7 0.372203 5000.02 0.999671
926600000 29793.7 -0.152114 5000.1 0.999597
926700000 29793.7 0.153728 5000.05 0.999642
926800000 29793.7 -0.178067 5000.11 0.999575
926900000 29793.7 3.68212 4999.46 1.00009
927000000 29793.7 -0.0785141 5000.09 0.999563
927100000 29793.7 -0.0376041 5000.08 0.999565
927200000 29793.7 -0.021273 5000.08 0.999594
927300000 29793.7 -0.239271 5000.12 0.999557
927400000 29793.7 -0.0508925 5000.09 0.999564
927500000 29793.7 -0.109195 5000.1 0.999563
927600000 29793.7 1.16612 4999.88 0.999784
927700000 29793.7 2.09579 4999.73 0.999868
927800000 29793.7 -0.0863596 5000.09 0.999589
927900000 29793.7 -0.110417 5000.1 0.999567
928000000 29793.7 -0.0746296 5000.09 0.999565
928100000 29793.7 -0.065005 5000.09 0.999565
928200000 29793.7 -0.10949 5000.1 0.999575
928300000 29793.7 -0.031414 5000.08 0.999585
928400000 29793.7 0.828897 4999.94 0.999735
928500000 29793.7 0.244251 5000.04 0.99966
928600000 29793.7 -0.233761 5000.12 0.999559
928700000 29793.7 -0.0200581 5000.08 0.999566
928800000 29793.7 -0.0645002 5000.09 0.999562
928900000 29793.7 -0.0591997 5000.09 0.999562
929000000 29793.7 -0.15853 5000.1 0.999574
929100000 29793.7 -0.0994655 5000.09 0.999577
929200000 29793.7 0.380074 5000.01 0.999674
929300000 29793.7 -0.0907977 5000.09 0.99958
929400000 29793.7 0.237067 5000.04 0.999643
929500000 29793.7 0.121348 5000.06 0.999621
929600000 29793.7 -0.197305 5000.11 0.999584
929700000 29793.7 -0.0188525 5000.08 0.999566
929800000 29793.7 -0.200428 5000.11 0.999571
929900000 29793.7 0.0573834 5000.07 0.999602
930000000 29793.7 0.15723 5000.05 0.999625
930100000 29793.7 -0.139433 5000.1 0.999572
930200000 29793.7 -0.105883 5000.1 0.99959
930300000 29793.7 1.02159 4999.91 0.999774
930400000 29793.7 -0.182766 5000.11 0.999565
930500000 29793.7 0.168936 5000.05 0.999645
930600000 29793.7 -0.0510757 5000.09 0.999592
930700000 29793.7 -0.117888 5000.1 0.999576
930800000 29793.7 1.12936 4999.89 0.999801
930900000 29793.7 -0.118452 5000.1 0.999558
931000000 29793.7 -0.219276 5000.11 0.999559
931100000 29793.7 -0.0461026 5000.09 0.999564
931200000 29793.7 4.13666 4999.38 1.00014
931300000 29793.7 -0.118975 5000.1 0.999567
931400000 29793.7 0.373009 5000.01 0.999708
931500000 29793.7 2.23758 4999.7 0.999947
931600000 29793.7 0.0123309 5000.08 0.999617
931700000 29793.7 -0.152662 5000.1 0.999569
931800000 29793.7 0.955042 4999.92 0.999741
931900000 29793.7 -0.120113 5000.1 0.999583
932000000 29793.7 -0.124573 5000.1 0.999567
932100000 29793.7 -0.0938871 5000.09 0.999564
932200000 29793.7 -0.129485 5000.1 0.999567
932300000 29793.7 -0.0500763 5000.09 0.999563
932400000 29793.7 -0.044537 5000.08 0.999588
932500000 29793.7 1.8809 4999.76 0.999838
932600000 29793.7 -0.130159 5000.1 0.999596
932700000 29793.7 -0.165616 5000.11 0.99956
932800000 29793.7 -0.138854 5000.1 0.999564
932900000 29793.7 -0.134737 5000.1 0.999565
933000000 29793.7 -0.153447 5000.1 0.999559
933100000 29793.7 -0.116417 5000.1 0.999562
933200000 29793.7 0.163369 5000.05 0.99963
933300000 29793.7 -0.121156 5000.1 0.999561
933400000 29793.7 -0.0761372 5000.09 0.999561
933500000 29793.7 -0.0982525 5000.09 0.999594
933600000 29793.7 -0.109239 5000.1 0.999562
933700000 29793.7 -0.0622197 5000.09 0.999596
933800000 29793.7 0.149387 5000.05 0.999626
933900000 29793.7 -0.179332 5000.11 0.99957
934000000 29793.7 0.0886019 5000.06 0.999621
934100000 29793.7 0.445593 5000 0.999687
934200000 29793.7 -0.120771 5000.1 0.99961
934300000 29793.7 -0.0218013 5000.08 0.999616
934400000 29793.7 -0.0976238 5000.09 0.999569
934500000 29793.7 0.0915605 5000.06 0.999612
934600000 29793.7 -0.178191 5000.11 0.999577
934700000 29793.7 0.00901428 5000.08 0.999598
934800000 29793.7 -0.0820158 5000.09 0.999575
934900000 29793.7 -0.14315 5000.1 0.999558
935000000 29793.7 -0.0297849 5000.08 0.999587
935100000 29793.7 -0.140124 5000.1 0.999562
935200000 29793.7 -0.166036 5000.11 0.999556
935300000 29793.7 -0.0970086 5000.09 0.999564
935400000 29793.7 0.0955869 5000.06 0.999618
935500000 29793.7 0.0189955 5000.07 0.999604
935600000 29793.7 -0.0956461 5000.09 0.999559
935700000 29793.7 0.0308184 5000.07 0.999676
935800000 29793.7 -0.0110055 5000.08 0.999598
935900000 29793.7 -0.0700056 5000.09 0.999599
936000000 29793.7 -0.120546 5000.1 0.999583
936100000 29793.7 -0.172399 5000.11 0.999588
936200000 29793.7 -0.0186541 5000.08 0.999566
936300000 29793.7 0.163832 5000.05 0.999634
936400000 29793.7 -0.178108 5000.11 0.999575
936500000 29793.7 -0.00958545 5000.08 0.999613
936600000 29793.7 -0.192723 5000.11 0.999559
936700000 29793.7 -0.199045 5000.11 0.99956
936800000 29793.7 2.41397 4999.67 0.999894
936900000 29793.7 -0.240958 5000.12 0.999576
937000000 29793.7 -0.0452794 5000.09 0.999635
937100000 29793.7 1.22186 4999.87 0.999835
937200000 29793.7 -0.0950923 5000.09 0.999562
937300000 29793.7 -0.287088 5000.13 0.999588
937400000 29793.7 -0.114419 5000.1 0.999578
937500000 29793.7 0.685975 4999.96 0.999761
937600000 29793.7 0.0481785 5000.07 0.999627
937700000 29793.7 0.0582869 5000.07 0.999605
937800000 29793.7 -0.0600256 5000.09 0.9996
937900000 29793.7 0.901922 4999.93 0.99973
938000000 29793.7 -0.113283 5000.1 0.999564
938100000 29793.7 -0.0413298 5000.08 0.999564
938200000 29793.7 -0.0586608 5000.09 0.999565
938300000 29793.7 -0.265234 5000.12 0.999556
938400000 29793.7 0.932956 4999.92 0.999786
938500000 29793.7 3.76337 4999.45 1.00003
938600000 29793.7 -0.0500863 5000.09 0.999565
938700000 29793.7 0.159131 5000.05 0.999628
938800000 29793.7 -0.10928 5000.1 0.999563
938900000 29793.7 -0.0281069 5000.08 0.999565
939000000 29793.7 0.26702 5000.03 0.999662
939100000 29793.7 2.71687 4999.62 0.999954
939200000 29793.7 -0.0814143 5000.09 0.999561
939300000 29793.7 -0.0770654 5000.09 0.99956
939400000 29793.7 -0.124388 5000.1 0.999614
939500000 29793.7 -0.0924342 5000.09 0.999563
939600000 29793.7 -0.155811 5000.1 0.999566
939700000 29793.7 -0.148741 5000.1 0.999564
939800000 29793.7 -0.0217764 5000.08 0.999612
939900000 29793.7 -0.0950744 5000.09 0.999561
940000000 29793.7 -0.0767507 5000.09 0.999562
940100000 29793.7 0.502656 4999.99 0.999705
940200000 29793.7 -0.0628052 5000.09 0.999571
940300000 29793.7 -0.0306557 5000.08 0.999565
940400000 29793.7 -0.0113178 5000.08 0.999567
940500000 29793.7 0.962357 4999.92 0.999756
940600000 29793.7 -0.123369 5000.1 0.999563
940700000 29793.7 -0.174769 5000.11 0.999561
940800000 29793.7 -0.158068 5000.1 0.999593
940900000 29793.7 -0.00100058 5000.08 0.999619
941000000 29793.7 -0.122682 5000.1 0.999563
941100000 29793.7 -0.150758 5000.1 0.999561
941200000 29793.7 -0.163178 5000.1 0.99956
941300000 29793.7 -0.207752 5000.11 0.999562
941400000 29793.7 -0.0761314 5000.09 0.999573
941500000 29793.7 -0.0209672 5000.08 0.999566
941600000 29793.7 -0.0960927 5000.09 0.999562
941700000 29793.7 -0.119232 5000.1 0.999606
941800000 29793.7 -0.013854 5000.08 0.999567
941900000 29793.7 -0.172176 5000.11 0.999561
942000000 29793.7 0.66141 4999.97 0.999747
942100000 29793.7 0.08217 5000.06 0.999615
942200000 29793.7 -0.15863 5000.1 0.999558
942300000 29793.7 0.142832 5000.05 0.999618
942400000 29793.7 -0.0967012 5000.09 0.999563
942500000 29793.7 -0.270776 5000.12 0.999563
942600000 29793.7 -0.0722568 5000.09 0.99958
942700000 29793.7 -0.0022495 5000.08 0.999592
942800000 29793.7 0.335752 5000.02 0.999677
942900000 29793.7 -0.133675 5000.1 0.99957
943000000 29793.7 0.0315339 5000.07 0.999637
943100000 29793.7 -0.0155308 5000.08 0.999618
943200000 29793.7 -0.0928379 5000.09 0.999567
943300000 29793.7 0.134959 5000.05 0.999663
943400000 29793.7 -0.120716 5000.1 0.999562
943500000 29793.7 -0.0553148 5000.09 0.999565
943600000 29793.7 -0.0204315 5000.08 0.999566
943700000 29793.7 -0.149168 5000.1 0.999617
943800000 29793.7 -0.0621551 5000.09 0.999601
943900000 29793.7 -0.156832 5000.1 0.99958
944000000 29793.7 0.172829 5000.05 0.999668
944100000 29793.7 -0.0753436 5000.09 0.999624
944200000 29793.7 -0.0804992 5000.09 0.999564
944300000 29793.7 -0.0627956 5000.09 0.999569
944400000 29793.7 -0.0360104 5000.08 0.999564
944500000 29793.7 -0.0160488 5000.08 0.999603
944600000 29793.7 -0.0440805 5000.08 0.999587
944700000 29793.7 0.193971 5000.04 0.999638
944800000 29793.7 1.27173 4999.86 0.999824
944900000 29793.7 0.0782555 5000.06 0.999632
945000000 29793.7 -0.0958462 5000.09 0.999568
945100000 29793.7 -0.0801202 5000.09 0.999597
945200000 29793.7 -0.0838251 5000.09 0.999563
945300000 29793.7 -0.0485603 5000.09 0.999598
945400000 29793.7 -0.115441 5000.1 0.999578
945500000 29793.7 -0.0297408 5000.08 0.999593
945600000 29793.7 0.423103 5000.01 0.999695
945700000 29793.7 -0.0701793 5000.09 0.999564
945800000 29793.7 -0.0687163 5000.09 0.999564
945900000 29793.7 -0.150202 5000.1 0.999561
946000000 29793.7 -0.172666 5000.11 0.999567
946100000 29793.7 -0.0486168 5000.09 0.999566
946200000 29793.7 -0.102851 5000.09 0.999605
946300000 29793.7 -0.0145665 5000.08 0.999615
946400000 29793.7 -0.115596 5000.1 0.999587
946500000 29793.7 0.553458 4999.98 0.99968
946600000 29793.7 -0.0697522 5000.09 0.999578
946700000 29793.7 0.081588 5000.06 0.999608
946800000 29793.7 -0.0386263 5000.08 0.999564
946900000 29793.7 -0.106299 5000.1 0.999572
947000000 29793.7 -0.0911264 5000.09 0.999561
947100000 29793.7 -0.077887 5000.09 0.999561
947200000 29793.7 -0.117665 5000.1 0.999561
947300000 29793.7 -0.0541212 5000.09 0.999563
947400000 29793.7 -0.00513347 5000.08 0.999568
947500000 29793.7 -0.110924 5000.1 0.999597
947600000 29793.7 1.50233 4999.83 0.999826
947700000 29793.7 0.286526 5000.03 0.999658
947800000 29793.7 -0.209095 5000.11 0.999573
947900000 29793.7 -0.132313 5000.1 0.999595
948000000 29793.7 -0.01877 5000.08 0.999566
948100000 29793.7 0.0906237 5000.06 0.999619
948200000 29793.7 -0.0490903 5000.09 0.999605
948300000 29793.7 0.138892 5000.05 0.999672
948400000 29793.7 -0.0646068 5000.09 0.999596
948500000 29793.7 -0.0389013 5000.08 0.999606
948600000 29793.7 -0.0745264 5000.09 0.999563
948700000 29793.7 -0.109763 5000.1 0.999567
948800000 29793.7 -0.0768914 5000.09 0.999561
948900000 29793.7 -0.0980823 5000.09 0.99957
949000000 29793.7 -0.0174178 5000.08 0.999595
949100000 29793.7 -0.170179 5000.11 0.999579
949200000 29793.7 -0.0767219 5000.09 0.999563
949300000 29793.7 -0.0796696 5000.09 0.999573
949400000 29793.7 -0.151848 5000.1 0.999577
949500000 29793.7 -0.104242 5000.09 0.99956
949600000 29793.7 -0.0573163 5000.09 0.999563
949700000 29793.7 0.183292 5000.05 0.99963
949800000 29793.7 -0.0972437 5000.09 0.999563
949900000 29793.7 -0.0930526 5000.09 0.999561
950000000 29793.7 0.16036 5000.05 0.999623
950100000 29793.7 -0.172466 5000.11 0.99956
950200000 29793.7 -0.0834834 5000.09 0.999561
950300000 29793.7 -0.0262983 5000.08 0.999565
950400000 29793.7 0.237855 5000.04 0.999654
950500000 29793.7 -0.103027 5000.09 0.99958
950600000 29793.7 -0.078048 5000.09 0.999573
950700000 29793.7 -0.14658 5000.1 0.999561
950800000 29793.7 -0.127418 5000.1 0.999564
950900000 29793.7 -0.187785 5000.11 0.99958
951000000 29793.7 -0.0617847 5000.09 0.999563
951100000 29793.7 -0.199191 5000.11 0.999566
951200000 29793.7 -0.0576239 5000.09 0.999567
951300000 29793.7 -0.0847123 5000.09 0.999577
951400000 29793.7 1.42133 4999.84 0.99982
951500000 29793.7 -0.136069 5000.1 0.999585
951600000 29793.7 -0.148279 5000.1 0.999564
951700000 29793.7 -0.0603794 5000.09 0.999563
951800000 29793.7 -0.0793438 5000.09 0.99958
951900000 29793.7 0.105368 5000.06 0.999622
952000000 29793.7 -0.0495946 5000.09 0.999596
952100000 29793.7 1.00418 4999.91 0.999747
952200000 29793.7 0.0313408 5000.07 0.999639
952300000 29793.7 0.573825 4999.98 0.999695
952400000 29793.7 0.780656 4999.95 0.999717
952500000 29793.7 -0.0406083 5000.08 0.999564
952600000 29793.7 -0.137748 5000.1 0.999556
952700000 29793.7 -0.096792 5000.09 0.999561
952800000 29793.7 -0.152208 5000.1 0.999557
952900000 29793.7 -0.0636884 5000.09 0.999562
953000000 29793.7 -0.0602798 5000.09 0.999563
953100000 29793.7 0.324278 5000.02 0.999658
953200000 29793.7 -0.0763539 5000.09 0.999605
953300000 29793.7 -0.167933 5000.11 0.999565
953400000 29793.7 -0.123837 5000.1 0.999578
953500000 29793.7 -0.128132 5000.1 0.99956
953600000 29793.7 2.4711 4999.66 0.9999
953700000 29793.7 -0.102688 5000.09 0.999582
953800000 29793.7 -0.00194551 5000.08 0.999638
953900000 29793.7 -0.177921 5000.11 0.999568
954000000 29793.7 0.0853463 5000.06 0.999624
954100000 29793.7 -0.0953613 5000.09 0.999572
954200000 29793.7 -0.133626 5000.1 0.999556
954300000 29793.7 -0.14429 5000.1 0.999578
954400000 29793.7 -0.0552371 5000.09 0.999576
954500000 29793.7 -0.0989295 5000.09 0.999562
954600000 29793.7 -0.0292871 5000.08 0.999565
954700000 29793.7 0.173992 5000.05 0.999646
954800000 29793.7 -0.0321738 5000.08 0.999565
954900000 29793.7 -0.0377755 5000.08 0.999564
955000000 29793.7 0.57663 4999.98 0.999736
955100000 29793.7 -0.0726036 5000.09 0.999561
955200000 29793.7 0.00975051 5000.08 0.999598
955300000 29793.7 -0.136706 5000.1 0.999565
955400000 29793.7 -0.0854124 5000.09 0.999565
955500000 29793.7 -0.115517 5000.1 0.999567
955600000 29793.7 -0.164627 5000.11 0.999567
955700000 29793.7 -0.0473348 5000.09 0.999564
955800000 29793.7 -0.0914395 5000.09 0.999565
955900000 29793.7 -0.0925896 5000.09 0.999585
956000000 29793.7 -0.263684 5000.12 0.999588
956100000 29793.7 -0.110471 5000.1 0.999605
956200000 29793.7 0.783531 4999.95 0.999716
956300000 29793.7 -0.106349 5000.1 0.999561
956400000 29793.7 -0.0495939 5000.09 0.999564
956500000 29793.7 -0.0612615 5000.09 0.999574
956600000 29793.7 -0.222721 5000.11 0.999563
956700000 29793.7 -0.0632813 5000.09 0.999567
956800000 29793.7 -0.0642487 5000.09 0.999575
956900000 29793.7 0.347067 5000.02 0.99965
957000000 29793.7 0.64748 4999.97 0.999693
957100000 29793.7 -0.148539 5000.1 0.999564
957200000 29793.7 -0.0893609 5000.09 0.999622
957300000 29793.7 -0.0817106 5000.09 0.99956
957400000 29793.7 -0.0514213 5000.09 0.999563
957500000 29793.7 -0.0753067 5000.09 0.99958
957600000 29793.7 0.210484 5000.04 0.999633
957700000 29793.7 -0.0842293 5000.09 0.999561
957800000 29793.7 1.31664 4999.86 0.99983
957900000 29793.7 5.84305 4999.1 1.00022
958000000 29793.7 -0.321921 5000.13 0.999563
958100000 29793.7 -0.0551262 5000.09 0.999563
958200000 29793.7 -0.0729571 5000.09 0.999612
958300000 29793.7 0.411172 5000.01 0.999659
958400000 29793.7 -0.0454471 5000.09 0.999564
958500000 29793.7 -0.156063 5000.1 0.999562
958600000 29793.7 0.0138879 5000.08 0.999656
958700000 29793.7 -0.0255076 5000.08 0.999566
958800000 29793.7 -0.0148055 5000.08 0.999567
958900000 29793.7 -0.136544 5000.1 0.999562
959000000 29793.7 -0.0690557 5000.09 0.999576
959100000 29793.7 -0.217162 5000.11 0.999575
959200000 29793.7 2.3356 4999.69 0.999936
959300000 29793.7 -0.0957858 5000.09 0.999576
959400000 29793.7 0.235388 5000.04 0.999642
959500000 29793.7 -0.133216 5000.1 0.999571
959600000 29793.7 -0.0272827 5000.08 0.999565
959700000 29793.7 -0.116881 5000.1 0.999593
959800000 29793.7 -0.0133166 5000.08 0.999567
959900000 29793.7 -0.148071 5000.1 0.999561
960000000 29793.7 -0.0329282 5000.08 0.999605
960100000 29793.7 0.380903 5000.01 0.999658
960200000 29793.7 -0.0469918 5000.09 0.999607
960300000 29793.7 -0.0889516 5000.09 0.999562
960400000 29793.7 -0.17941 5000.11 0.999585
960500000 29793.7 -0.085224 5000.09 0.999607
960600000 29793.7 0.0505553 5000.07 0.999614
960700000 29793.7 -0.129579 5000.1 0.999585
960800000 29793.7 -0.155265 5000.1 0.999562
960900000 29793.7 -0.128882 5000.1 0.999564
961000000 29793.7 -0.073685 5000.09 0.999563
961100000 29793.7 -0.0844501 5000.09 0.999561
961200000 29793.7 -0.114381 5000.1 0.99956
961300000 29793.7 -0.0541465 5000.09 0.999563
961400000 29793.7 -0.049371 5000.09 0.999578
961500000 29793.7 -0.156108 5000.1 0.999601
961600000 29793.7 -0.152281 5000.1 0.999558
961700000 29793.7 0.0280742 5000.07 0.999607
961800000 29793.7 -0.105274 5000.1 0.999577
961900000 29793.7 -0.0699528 5000.09 0.999563
962000000 29793.7 -0.130746 5000.1 0.999607
962100000 29793.7 -0.0299451 5000.08 0.999565
962200000 29793.7 -0.156833 5000.1 0.999565
962300000 29793.7 0.305128 5000.03 0.999648
962400000 29793.7 -0.0751127 5000.09 0.999572
962500000 29793.7 0.673729 4999.96 0.999722
962600000 29793.7 -0.156543 5000.1 0.999581
962700000 29793.7 -0.0652266 5000.09 0.99958
962800000 29793.7 0.0161698 5000.07 0.999608
962900000 29793.7 3.20828 4999.54 0.999977
963000000 29793.7 -0.057379 5000.09 0.999592
963100000 29793.7 1.93058 4999.75 0.999852
963200000 29793.7 0.305873 5000.03 0.999653
963300000 29793.7 -0.055242 5000.09 0.999562
963400000 29793.7 -0.0939228 5000.09 0.999568
963500000 29793.7 -0.201832 5000.11 0.999565
963600000 29793.7 -0.0843171 5000.09 0.999566
963700000 29793.7 1.17513 4999.88 0.999758
963800000 29793.7 -0.114095 5000.1 0.999565
963900000 29793.7 -0.101766 5000.09 0.999567
964000000 29793.7 0.179749 5000.05 0.999664
964100000 29793.7 -0.120652 5000.1 0.999564
964200000 29793.7 -0.181982 5000.11 0.999577
964300000 29793.7 -0.00578855 5000.08 0.999616
964400000 29793.7 0.337056 5000.02 0.999713
964500000 29793.7 -0.066583 5000.09 0.999565
964600000 29793.7 0.0128345 5000.08 0.999613
964700000 29793.7 -0.0713351 5000.09 0.999561
964800000 29793.7 0.642986 4999.97 0.999691
964900000 29793.7 0.277051 5000.03 0.99967
965000000 29793.7 -0.142749 5000.1 0.999588
965100000 29793.7 -0.057249 5000.09 0.999563
965200000 29793.7 -0.290989 5000.13 0.999579
965300000 29793.7 -0.0671367 5000.09 0.999568
965400000 29793.7 -0.088356 5000.09 0.999581
965500000 29793.7 1.16892 4999.88 0.999814
965600000 29793.7 0.424857 5000.01 0.999712
965700000 29793.7 -0.016171 5000.08 0.999566
965800000 29793.7 -0.0852313 5000.09 0.999566
965900000 29793.7 -0.0448679 5000.09 0.999564
966000000 29793.7 -0.0422042 5000.08 0.999603
966100000 29793.7 -0.189538 5000.11 0.999554
966200000 29793.7 -0.0842821 5000.09 0.99956
966300000 29793.7 -0.0185538 5000.08 0.999566
966400000 29793.7 -0.184192 5000.11 0.999563
966500000 29793.7 0.606303 4999.98 0.999717
966600000 29793.7 -0.0807033 5000.09 0.999565
966700000 29793.7 -0.057769 5000.09 0.999562
966800000 29793.7 2.21028 4999.71 0.999874
966900000 29793.7 -0.106568 5000.1 0.999563
967000000 29793.7 -0.0786926 5000.09 0.999563
967100000 29793.7 -0.0635713 5000.09 0.999563
967200000 29793.7 -0.136686 5000.1 0.999561
967300000 29793.7 -0.162833 5000.1 0.999563
967400000 29793.7 -0.0678659 5000.09 0.999563
967500000 29793.7 -0.159953 5000.1 0.999563
967600000 29793.7 4.13311 4999.38 1.00007
967700000 29793.7 -0.0919502 5000.09 0.999561
967800000 29793.7 -0.178826 5000.11 0.999564
967900000 29793.7 0.432252 5000 0.999672
968000000 29793.7 -0.0611045 5000.09 0.999579
968100000 29793.7 -0.119512 5000.1 0.999559
968200000 29793.7 -0.0640005 5000.09 0.999564
968300000 29793.7 -0.115837 5000.1 0.999582
968400000 29793.7 -0.120884 5000.1 0.999571
968500000 29793.7 -0.0680529 5000.09 0.999572
968600000 29793.7 -0.0181431 5000.08 0.999566
968700000 29793.7 -0.0780431 5000.09 0.999572
968800000 29793.7 -0.103178 5000.09 0.999581
968900000 29793.7 -0.0311914 5000.08 0.999565
969000000 29793.7 -0.0127308 5000.08 0.999567
969100000 29793.7 -0.0797679 5000.09 0.999565
969200000 29793.7 -0.0912655 5000.09 0.999595
969300000 29793.7 -0.18603 5000.11 0.99958
969400000 29793.7 -0.0257765 5000.08 0.999596
969500000 29793.7 -0.0639102 5000.09 0.999562
969600000 29793.7 -0.0263195 5000.08 0.999565
969700000 29793.7 -0.118346 5000.1 0.999587
969800000 29793.7 -0.24824 5000.12 0.999581
969900000 29793.7 0.0392366 5000.07 0.999604
970000000 29793.7 -0.185353 5000.11 0.999575
970100000 29793.7 0.188475 5000.05 0.999685
970200000 29793.7 -0.0940283 5000.09 0.99959
970300000 29793.7 -0.162043 5000.1 0.999565
970400000 29793.7 -0.0659645 5000.09 0.999579
970500000 29793.7 -0.0804686 5000.09 0.999575
970600000 29793.7 -0.0304948 5000.08 0.999565
970700000 29793.7 -0.0101793 5000.08 0.999616
970800000 29793.7 -0.325079 5000.13 0.999576
970900000 29793.7 0.0762671 5000.06 0.999634
971000000 29793.7 -0.0913096 5000.09 0.999561
971100000 29793.7 0.0308679 5000.07 0.999636
971200000 29793.7 -0.158471 5000.1 0.999561
971300000 29793.7 -0.04773 5000.09 0.999583
971400000 29793.7 -0.0756731 5000.09 0.999566
971500000 29793.7 0.0223596 5000.07 0.999622
971600000 29793.7 0.0844435 5000.06 0.999627
971700000 29793.7 -0.179872 5000.11 0.999562
971800000 29793.7 -0.0724713 5000.09 0.999563
971900000 29793.7 -0.00159167 5000.08 0.999606
972000000 29793.7 -0.092714 5000.09 0.999561
972100000 29793.7 -0.0927043 5000.09 0.999561
972200000 29793.7 2.83493 4999.6 0.999946
972300000 29793.7 0.174227 5000.05 0.999645
972400000 29793.7 -0.182886 5000.11 0.999559
972500000 29793.7 0.344589 5000.02 0.999654
972600000 29793.7 -0.141465 5000.1 0.999562
972700000 29793.7 -0.107376 5000.1 0.999561
972800000 29793.7 -0.10051 5000.09 0.999565
972900000 29793.7 -0.184441 5000.11 0.999569
973000000 29793.7 -0.0783269 5000.09 0.999562
973100000 29793.7 1.73941 4999.79 0.999823
973200000 29793.7 1.3224 4999.86 0.999779
973300000 29793.7 0.343586 5000.02 0.999661
973400000 29793.7 0.835899 4999.94 0.999729
973500000 29793.7 -0.0566927 5000.09 0.999564
973600000 29793.7 -0.0654711 5000.09 0.999563
973700000 29793.7 2.00071 4999.74 0.99986
973800000 29793.7 -0.133343 5000.1 0.999577
973900000 29793.7 0.0668873 5000.07 0.999611
974000000 29793.7 -0.0194162 5000.08 0.999566
974100000 29793.7 1.25308 4999.87 0.999827
974200000 29793.7 1.98024 4999.75 0.999858
974300000 29793.7 0.0134179 5000.08 0.999605
974400000 29793.7 -0.242036 5000.12 0.999563
974500000 29793.7 2.85365 4999.6 0.99996
974600000 29793.7 -0.101582 5000.09 0.999566
974700000 29793.7 -0.14316 5000.1 0.999567
974800000 29793.7 -0.0349964 5000.08 0.999565
974900000 29793.7 0.0653269 5000.07 0.999625
975000000 29793.7 -0.0510831 5000.09 0.999608
975100000 29793.7 -0.0183404 5000.08 0.999566
975200000 29793.7 0.601944 4999.98 0.999688
975300000 29793.7 -0.0810217 5000.09 0.999591
975400000 29793.7 0.962843 4999.92 0.999734
975500000 29793.7 -0.0233766 5000.08 0.999565
975600000 29793.7 -0.175546 5000.11 0.999574
975700000 29793.7 -0.119837 5000.1 0.99956
975800000 29793.7 0.0912281 5000.06 0.999639
975900000 29793.7 0.686695 4999.96 0.99976
976000000 29793.7 -0.102427 5000.09 0.999561
976100000 29793.7 -0.239263 5000.12 0.999585
976200000 29793.7 -0.114862 5000.1 0.999563
976300000 29793.7 -0.156093 5000.1 0.999561
976400000 29793.7 -0.0256658 5000.08 0.999586
976500000 29793.7 0.542257 4999.99 0.999706
976600000 29793.7 0.43968 5000 0.999691
976700000 29793.7 -0.123597 5000.1 0.999559
976800000 29793.7 0.392449 5000.01 0.999697
976900000 29793.7 3.70806 4999.46 1.00004
977000000 29793.7 -0.140209 5000.1 0.999575
977100000 29793.7 -0.0534069 5000.09 0.999563
977200000 29793.7 -0.215462 5000.11 0.999559
977300000 29793.7 0.0171548 5000.07 0.999597
977400000 29793.7 1.31266 4999.86 0.999848
977500000 29793.7 0.789603 4999.94 0.99973
977600000 29793.7 -0.172541 5000.11 0.999564
977700000 29793.7 -0.189725 5000.11 0.999558
977800000 29793.7 -0.0626663 5000.09 0.999563
977900000 29793.7 2.20011 4999.71 0.999886
978000000 29793.7 0.451077 5000 0.999699
978100000 29793.7 -0.153435 5000.1 0.999566
978200000 29793.7 0.0731851 5000.07 0.999612
978300000 29793.7 -0.0519238 5000.09 0.999563
978400000 29793.7 0.866736 4999.93 0.999769
978500000 29793.7 -0.0294802 5000.08 0.999565
978600000 29793.7 -0.189439 5000.11 0.999567
978700000 29793.7 -0.0150515 5000.08 0.999567
978800000 29793.7 -0.0513415 5000.09 0.999564
978900000 29793.7 0.030842 5000.07 0.999606
979000000 29793.7 -0.142581 5000.1 0.999585
979100000 29793.7 -0.15887 5000.1 0.999559
979200000 29793.7 0.459815 5000 0.999676
979300000 29793.7 1.20871 4999.87 0.999817
979400000 29793.7 0.159691 5000.05 0.999623
979500000 29793.7 -0.0626972 5000.09 0.99962
979600000 29793.7 -0.119637 5000.1 0.999561
979700000 29793.7 0.545089 4999.99 0.999731
979800000 29793.7 -0.0783471 5000.09 0.999586
979900000 29793.7 -0.175968 5000.11 0.999557
980000000 29793.7 -0.090503 5000.09 0.999569
980100000 29793.7 -0.134015 5000.1 0.999569
980200000 29793.7 0.0531834 5000.07 0.999615
980300000 29793.7 -0.109399 5000.1 0.999558
980400000 29793.7 -0.118649 5000.1 0.999558
980500000 29793.7 2.11943 4999.72 0.9999
980600000 29793.7 -0.0777939 5000.09 0.999572
980700000 29793.7 0.32099 5000.02 0.999647
980800000 29793.7 -0.215236 5000.11 0.999564
980900000 29793.7 -0.0883431 5000.09 0.999571
981000000 29793.7 6.03665 4999.06 1.00033
981100000 29793.7 -0.131092 5000.1 0.999564
981200000 29793.7 0.0377857 5000.07 0.999607
981300000 29793.7 0.507027 4999.99 0.999711
981400000 29793.7 -0.0945338 5000.09 0.99956
981500000 29793.7 0.00198752 5000.08 0.999638
981600000 29793.7 0.144089 5000.05 0.999619
981700000 29793.7 -0.11744 5000.1 0.999564
981800000 29793.7 -0.0824654 5000.09 0.999633
981900000 29793.7 -0.214589 5000.11 0.99958
982000000 29793.7 0.0849966 5000.06 0.999612
982100000 29793.7 -0.0760675 5000.09 0.999585
982200000 29793.7 -0.107091 5000.1 0.999563
982300000 29793.7 1.5478 4999.82 0.999811
982400000 29793.7 -0.0606831 5000.09 0.999563
982500000 29793.7 0.487936 5000 0.999671
982600000 29793.7 3.27097 4999.53 0.999986
982700000 29793.7 -0.123382 5000.1 0.999623
982800000 29793.7 -0.121198 5000.1 0.999578
982900000 29793.7 -0.0940599 5000.09 0.999578
983000000 29793.7 -0.192668 5000.11 0.999562
983100000 29793.7 -0.0363245 5000.08 0.999565
983200000 29793.7 -0.0900944 5000.09 0.999562
983300000 29793.7 -0.148816 5000.1 0.999592
983400000 29793.7 0.116043 5000.06 0.999649
983500000 29793.7 -0.100639 5000.09 0.99957
983600000 29793.7 0.488132 5000 0.999692
983700000 29793.7 -0.129964 5000.1 0.999562
983800000 29793.7 -0.0696904 5000.09 0.999578
983900000 29793.7 -0.161308 5000.1 0.99956
984000000 29793.7 -0.106159 5000.1 0.99956
984100000 29793.7 0.0647064 5000.07 0.999636
984200000 29793.7 -0.0839253 5000.09 0.999563
984300000 29793.7 -0.18556 5000.11 0.99956
984400000 29793.7 -0.13085 5000.1 0.999566
984500000 29793.7 -0.0952116 5000.09 0.999592
984600000 29793.7 2.13833 4999.72 0.999866
984700000 29793.7 -0.0292535 5000.08 0.999565
984800000 29793.7 0.458934 5000 0.999672
984900000 29793.7 -0.0426332 5000.08 0.999587
985000000 29793.7 -0.103138 5000.09 0.999558
985100000 29793.7 -0.0894767 5000.09 0.999562
985200000 29793.7 -0.0329519 5000.08 0.999565
985300000 29793.7 -0.0491703 5000.09 0.999564
985400000 29793.7 0.781258 4999.95 0.999751
985500000 29793.7 -0.0257755 5000.08 0.999565
985600000 29793.7 -0.102162 5000.09 0.999591
985700000 29793.7 -0.164338 5000.11 0.999553
985800000 29793.7 -0.0774945 5000.09 0.999564
985900000 29793.7 -0.0370691 5000.08 0.999584
986000000 29793.7 -0.0517837 5000.09 0.999564
986100000 29793.7 -0.19168 5000.11 0.999565
986200000 29793.7 -0.144816 5000.1 0.999561
986300000 29793.7 0.561891 4999.98 0.999711
986400000 29793.7 -0.142761 5000.1 0.99956
986500000 29793.7 0.163833 5000.05 0.999657
986600000 29793.7 -0.0764557 5000.09 0.999562
986700000 29793.7 -0.0911089 5000.09 0.999584
986800000 29793.7 0.168286 5000.05 0.999657
986900000 29793.7 0.147486 5000.05 0.999648
987000000 29793.7 -0.112334 5000.1 0.999592
987100000 29793.7 0.246924 5000.04 0.999668
987200000 29793.7 -0.113359 5000.1 0.999558
987300000 29793.7 -0.1235 5000.1 0.999566
987400000 29793.7 -0.00432642 5000.08 0.999611
987500000 29793.7 -0.124737 5000.1 0.999566
987600000 29793.7 -0.125241 5000.1 0.99957
987700000 29793.7 -0.109352 5000.1 0.999561
987800000 29793.7 -0.0490163 5000.09 0.999563
987900000 29793.7 -0.0948122 5000.09 0.999565
988000000 29793.7 1.26604 4999.87 0.999779
988100000 29793.7 0.282026 5000.03 0.99968
988200000 29793.7 -0.0845063 5000.09 0.999579
988300000 29793.7 -0.170364 5000.11 0.999561
988400000 29793.7 -0.00796291 5000.08 0.999599
988500000 29793.7 -0.0560577 5000.09 0.999567
988600000 29793.7 -0.0911761 5000.09 0.999562
988700000 29793.7 -0.0642721 5000.09 0.999563
988800000 29793.7 -0.0256263 5000.08 0.999566
988900000 29793.7 -0.0935427 5000.09 0.999561
989000000 29793.7 -0.0104948 5000.08 0.999567
989100000 29793.7 -0.125294 5000.1 0.999581
989200000 29793.7 4.20221 4999.37 1.0001
989300000 29793.7 -0.0680911 5000.09 0.999563
989400000 29793.7 1.77197 4999.78 0.999872
989500000 29793.7 0.378455 5000.01 0.999669
989600000 29793.7 -0.199137 5000.11 0.999558
989700000 29793.7 -0.191919 5000.11 0.999561
989800000 29793.7 -0.15554 5000.1 0.999568
989900000 29793.7 0.139968 5000.05 0.999657
990000000 29793.7 -0.0152213 5000.08 0.999593
990100000 29793.7 -0.0937582 5000.09 0.999565
990200000 29793.7 -0.0669956 5000.09 0.99957
990300000 29793.7 -0.268069 5000.12 0.999579
990400000 29793.7 -0.106633 5000.1 0.999582
990500000 29793.7 -0.144622 5000.1 0.999564
990600000 29793.7 0.252855 5000.04 0.999642
990700000 29793.7 -0.192539 5000.11 0.999564
990800000 29793.7 -0.042385 5000.08 0.999564
990900000 29793.7 -0.138136 5000.1 0.999585
991000000 29793.7 0.766544 4999.95 0.999707
991100000 29793.7 0.100584 5000.06 0.999612
991200000 29793.7 0.213892 5000.04 0.999632
991300000 29793.7 -0.0477332 5000.09 0.999566
991400000 29793.7 -0.10461 5000.1 0.99956
991500000 29793.7 -0.149009 5000.1 0.999565
991600000 29793.7 -0.0968911 5000.09 0.999562
991700000 29793.7 0.542122 4999.99 0.999751
991800000 29793.7 -0.0207783 5000.08 0.999604
991900000 29793.7 -0.0999355 5000.09 0.999563
992000000 29793.7 -0.0707877 5000.09 0.999562
992100000 29793.7 1.09928 4999.89 0.999799
992200000 29793.7 -0.152827 5000.1 0.999557
992300000 29793.7 -0.117094 5000.1 0.999564
992400000 29793.7 -0.0613498 5000.09 0.999571
992500000 29793.7 -0.138217 5000.1 0.99959
992600000 29793.7 -0.0545525 5000.09 0.999564
992700000 29793.7 0.185111 5000.05 0.999646
992800000 29793.7 0.154914 5000.05 0.999634
992900000 29793.7 0.00145296 5000.08 0.999613
993000000 29793.7 4.33426 4999.35 1.00017
993100000 29793.7 3.33987 4999.52 0.99999
993200000 29793.7 1.54791 4999.82 0.999805
993300000 29793.7 -0.160206 5000.1 0.999584
993400000 29793.7 -0.0770194 5000.09 0.999562
993500000 29793.7 0.0512821 5000.07 0.999629
993600000 29793.7 -0.131503 5000.1 0.999574
993700000 29793.7 -0.0919966 5000.09 0.999561
993800000 29793.7 -0.0920435 5000.09 0.999561
993900000 29793.7 -0.170178 5000.11 0.99956
994000000 29793.7 -0.156219 5000.1 0.999594
994100000 29793.7 1.23253 4999.87 0.999774
994200000 29793.7 0.086156 5000.06 0.999611
994300000 29793.7 -0.0658312 5000.09 0.99957
994400000 29793.7 -0.0998789 5000.09 0.999623
994500000 29793.7 -0.134735 5000.1 0.999558
994600000 29793.7 -0.17485 5000.11 0.999567
994700000 29793.7 -0.152193 5000.1 0.999618
994800000 29793.7 0.914856 4999.92 0.999802
994900000 29793.7 -0.125819 5000.1 0.999572
995000000 29793.7 -0.126535 5000.1 0.99958
995100000 29793.7 -0.180922 5000.11 0.999555
995200000 29793.7 -0.0317568 5000.08 0.999605
995300000 29793.7 -0.139357 5000.1 0.999577
995400000 29793.7 -0.130137 5000.1 0.99957
995500000 29793.7 -0.115191 5000.1 0.999559
995600000 29793.7 -0.152546 5000.1 0.999564
995700000 29793.7 2.90145 4999.59 0.999949
995800000 29793.7 -0.132758 5000.1 0.99957
995900000 29793.7 0.406973 5000.01 0.999685
996000000 29793.7 -0.0577272 5000.09 0.999564
996100000 29793.7 -0.179412 5000.11 0.999559
996200000 29793.7 -0.0515066 5000.09 0.999564
996300000 29793.7 -0.0248479 5000.08 0.999565
996400000 29793.7 -0.0615521 5000.09 0.999563
996500000 29793.7 -0.0369578 5000.08 0.999604
996600000 29793.7 1.0885 4999.89 0.999823
996700000 29793.7 -0.0818532 5000.09 0.999565
996800000 29793.7 -0.158064 5000.1 0.999562
996900000 29793.7 -0.100794 5000.09 0.999586
997000000 29793.7 -0.0805491 5000.09 0.999562
997100000 29793.7 -0.104243 5000.09 0.99956
997200000 29793.7 -0.193836 5000.11 0.99956
997300000 29793.7 0.66849 4999.97 0.999696
997400000 29793.7 -0.117058 5000.1 0.999566
997500000 29793.7 -0.0633688 5000.09 0.999594
997600000 29793.7 -0.0962529 5000.09 0.999566
997700000 29793.7 0.561616 4999.98 0.999687
997800000 29793.7 -0.0205468 5000.08 0.999632
997900000 29793.7 0.917893 4999.92 0.999727
998000000 29793.7 -0.0821961 5000.09 0.999581
998100000 29793.7 -0.14216 5000.1 0.999561
998200000 29793.7 -0.0686784 5000.09 0.999562
998300000 29793.7 -0.190133 5000.11 0.999573
998400000 29793.7 0.775318 4999.95 0.999765
998500000 29793.7 0.383467 5000.01 0.99966
998600000 29793.7 -0.081129 5000.09 0.999564
998700000 29793.7 -0.13977 5000.1 0.999564
998800000 29793.7 -0.106371 5000.1 0.999562
998900000 29793.7 -0.196735 5000.11 0.999559
999000000 29793.7 1.18992 4999.88 0.999813
999100000 29793.7 -0.0690591 5000.09 0.999562
999200000 29793.7 0.531629 4999.99 0.999693
999300000 29793.7 -0.0966675 5000.09 0.999566
999400000 29793.7 -0.0738598 5000.09 0.999562
999500000 29793.7 -0.0959711 5000.09 0.999564
999600000 29793.7 -0.037506 5000.08 0.999586
999700000 29793.7 -0.0322165 5000.08 0.999565
999800000 29793.7 -0.204353 5000.11 0.99957
999900000 29793.7 -0.146535 5000.1 0.999563
1000000000 29793.7 0.269242 5000.03 0.999638
1000100000 29793.7 -0.0422392 5000.08 0.999563
1000200000 29793.7 0.334222 5000.02 0.999674
1000300000 29793.7 2.78573 4999.61 0.999981
1000400000 29793.7 -0.0612119 5000.09 0.999563
1000500000 29793.7 0.201322 5000.04 0.999664
1000600000 29793.7 -0.275764 5000.12 0.999567
1000700000 29793.7 -0.0326683 5000.08 0.999601
1000800000 29793.7 4.33375 4999.35 1.00008
1000900000 29793.7 0.765554 4999.95 0.999762
1001000000 29793.7 -0.151948 5000.1 0.999556
1001100000 29793.7 -0.11546 5000.1 0.999569
1001200000 29793.7 -0.116013 5000.1 0.999574
1001300000 29793.7 0.154855 5000.05 0.999638
1001400000 29793.7 -0.0447634 5000.08 0.999564
1001500000 29793.7 0.100865 5000.06 0.999628
1001600000 29793.7 -0.0421835 5000.08 0.999564
1001700000 29793.7 2.15781 4999.72 0.999875
1001800000 29793.7 -0.273572 5000.12 0.999562
1001900000 29793.7 2.29144 4999.69 0.999937
1002000000 29793.7 0.563918 4999.98 0.999707
1002100000 29793.7 -0.00345965 5000.08 0.999606
1002200000 29793.7 0.137965 5000.05 0.999629
1002300000 29793.7 -0.0286731 5000.08 0.999566
1002400000 29793.7 0.332192 5000.02 0.999677
1002500000 29793.7 -0.0628732 5000.09 0.999565
1002600000 29793.7 -0.100335 5000.09 0.999581
1002700000 29793.7 0.185095 5000.05 0.999644
1002800000 29793.7 1.29156 4999.86 0.999772
1002900000 29793.7 1.33452 4999.85 0.999801
1003000000 29793.7 0.380514 5000.01 0.99971
1003100000 29793.7 -0.199417 5000.11 0.999555
1003200000 29793.7 1.22617 4999.87 0.999776
1003300000 29793.7 -0.0852407 5000.09 0.999564
1003400000 29793.7 -0.112705 5000.1 0.999564
1003500000 29793.7 -0.0628661 5000.09 0.999563
1003600000 29793.7 0.0804511 5000.06 0.999616
1003700000 29793.7 -0.0601365 5000.09 0.999618
1003800000 29793.7 -0.0535631 5000.09 0.999565
1003900000 29793.7 2.80527 4999.61 1.00001
1004000000 29793.7 -0.144615 5000.1 0.999597
1004100000 29793.7 -0.113442 5000.1 0.999561
1004200000 29793.7 -0.040159 5000.08 0.999565
1004300000 29793.7 -0.267762 5000.12 0.999575
1004400000 29793.7 0.277931 5000.03 0.999659
1004500000 29793.7 -0.15224 5000.1 0.99958
1004600000 29793.7 -0.201686 5000.11 0.999573
1004700000 29793.7 0.00922557 5000.08 0.999612
1004800000 29793.7 -0.244693 5000.12 0.999562
1004900000 29793.7 -0.139699 5000.1 0.99957
1005000000 29793.7 0.425783 5000.01 0.99969
1005100000 29793.7 -0.15849 5000.1 0.999587
1005200000 29793.7 0.0167547 5000.07 0.999618
1005300000 29793.7 0.0505923 5000.07 0.999677
1005400000 29793.7 -0.117414 5000.1 0.999563
1005500000 29793.7 -0.0911758 5000.09 0.99956
1005600000 29793.7 -0.0638153 5000.09 0.999563
1005700000 29793.7 0.647662 4999.97 0.99972
1005800000 29793.7 2.0213 4999.74 0.999874
1005900000 29793.7 -0.30277 5000.13 0.999572
1006000000 29793.7 -0.0683162 5000.09 0.999582
1006100000 29793.7 -0.0861675 5000.09 0.999563
1006200000 29793.7 0.186276 5000.05 0.999633
1006300000 29793.7 -0.180606 5000.11 0.999564
1006400000 29793.7 -0.0353148 5000.08 0.999565
1006500000 29793.7 1.10031 4999.89 0.99979
1006600000 29793.7 -0.090636 5000.09 0.999589
1006700000 29793.7 -0.178087 5000.11 0.999564
1006800000 29793.7 -0.167199 5000.11 0.999561
1006900000 29793.7 0.141954 5000.05 0.999632
1007000000 29793.7 -0.255769 5000.12 0.999575
1007100000 29793.7 -0.113188 5000.1 0.99957
1007200000 29793.7 -0.28664 5000.13 0.999561
1007300000 29793.7 0.695299 4999.96 0.999701
1007400000 29793.7 -0.187078 5000.11 0.999571
1007500000 29793.7 -0.138633 5000.1 0.99958
1007600000 29793.7 -0.076821 5000.09 0.999564
1007700000 29793.7 -0.145815 5000.1 0.999563
1007800000 29793.7 -0.0844829 5000.09 0.999563
1007900000 29793.7 -0.0738067 5000.09 0.999585
1008000000 29793.7 -0.0850612 5000.09 0.99956
1008100000 29793.7 -0.0531764 5000.09 0.999564
1008200000 29793.7 -0.23863 5000.12 0.99956
1008300000 29793.7 0.944843 4999.92 0.999837
1008400000 29793.7 -0.0679396 5000.09 0.999573
1008500000 29793.7 -0.0801151 5000.09 0.999563
1008600000 29793.7 -0.0922104 5000.09 0.99956
1008700000 29793.7 -0.034732 5000.08 0.999614
1008800000 29793.7 -0.149222 5000.1 0.999579
1008900000 29793.7 -0.218503 5000.11 0.999566
1009000000 29793.7 -0.0210619 5000.08 0.999566
1009100000 29793.7 -0.0413143 5000.08 0.999565
1009200000 29793.7 -0.148126 5000.1 0.999561
1009300000 29793.7 -0.0663914 5000.09 0.999562
1009400000 29793.7 0.613865 4999.97 0.99972
1009500000 29793.7 0.38608 5000.01 0.99968
1009600000 29793.7 -0.0527472 5000.09 0.999564
1009700000 29793.7 0.0520001 5000.07 0.999636
1009800000 29793.7 0.113987 5000.06 0.999639
1009900000 29793.7 -0.117396 5000.1 0.999596
1010000000 29793.7 -0.0840033 5000.09 0.999563
1010100000 29793.7 -0.0803278 5000.09 0.999561
1010200000 29793.7 1.81737 4999.77 0.99983
1010300000 29793.7 -0.156637 5000.1 0.999563
1010400000 29793.7 0.0943711 5000.06 0.999672
1010500000 29793.7 0.649875 4999.97 0.999698
1010600000 29793.7 -0.183315 5000.11 0.999556
1010700000 29793.7 -0.183932 5000.11 0.999559
1010800000 29793.7 -0.212329 5000.11 0.999566
1010900000 29793.7 -0.13237 5000.1 0.99956
1011000000 29793.7 -0.154355 5000.1 0.999572
1011100000 29793.7 -0.0834784 5000.09 0.999584
1011200000 29793.7 0.0663963 5000.07 0.999632
1011300000 29793.7 0.242324 5000.04 0.999637
1011400000 29793.7 -0.0941608 5000.09 0.999565
1011500000 29793.7 0.583798 4999.98 0.999713
1011600000 29793.7 -0.0684517 5000.09 0.999563
1011700000 29793.7 0.218889 5000.04 0.999646
1011800000 29793.7 -0.140684 5000.1 0.999561
1011900000 29793.7 8.75613 4998.61 1.00045
1012000000 29793.7 0.859905 4999.93 0.999747
1012100000 29793.7 0.203745 5000.04 0.99963
1012200000 29793.7 0.571076 4999.98 0.999715
1012300000 29793.7 1.16277 4999.88 0.999807
1012400000 29793.7 0.0861876 5000.06 0.999612
1012500000 29793.7 -0.022934 5000.08 0.999566
1012600000 29793.7 -0.0591782 5000.09 0.999563
1012700000 29793.7 0.124124 5000.06 0.99965
1012800000 29793.7 2.37623 4999.68 0.999889
1012900000 29793.7 0.783725 4999.95 0.999737
1013000000 29793.7 -0.0810078 5000.09 0.999564
1013100000 29793.7 -0.254209 5000.12 0.999564
1013200000 29793.7 -0.0898254 5000.09 0.999579
1013300000 29793.7 -0.163656 5000.1 0.999561
1013400000 29793.7 0.772916 4999.95 0.999715
1013500000 29793.7 -0.111595 5000.1 0.999559
1013600000 29793.7 -0.1137 5000.1 0.999566
1013700000 29793.7 -0.204737 5000.11 0.999592
1013800000 29793.7 -0.26472 5000.12 0.999561
1013900000 29793.7 -0.175707 5000.11 0.999565
1014000000 29793.7 0.436936 5000 0.999697
1014100000 29793.7 -0.10799 5000.1 0.99957
1014200000 29793.7 -0.0863795 5000.09 0.999594
1014300000 29793.7 -0.103075 5000.09 0.999566
1014400000 29793.7 -0.114515 5000.1 0.99956
1014500000 29793.7 -0.0827177 5000.09 0.999622
1014600000 29793.7 -0.145723 5000.1 0.99956
1014700000 29793.7 0.166077 5000.05 0.99963
1014800000 29793.7 2.67079 4999.63 0.999979
1014900000 29793.7 1.68939 4999.79 0.999816
1015000000 29793.7 -0.0768225 5000.09 0.99956
1015100000 29793.7 -0.0643086 5000.09 0.999582
1015200000 29793.7 -0.0289662 5000.08 0.999595
1015300000 29793.7 -0.0942161 5000.09 0.999559
1015400000 29793.7 0.697413 4999.96 0.999746
1015500000 29793.7 1.90533 4999.76 0.99984
1015600000 29793.7 0.684536 4999.96 0.999699
1015700000 29793.7 -0.0849169 5000.09 0.999562
1015800000 29793.7 -0.197853 5000.11 0.999599
1015900000 29793.7 0.732629 4999.95 0.999737
1016000000 29793.7 -0.0293917 5000.08 0.999565
1016100000 29793.7 1.45805 4999.83 0.999843
1016200000 29793.7 -0.33631 5000.13 0.999567
1016300000 29793.7 0.0708142 5000.07 0.999608
1016400000 29793.7 -0.0858593 5000.09 0.999562
1016500000 29793.7 -0.140918 5000.1 0.999571
1016600000 29793.7 -0.192173 5000.11 0.999589
1016700000 29793.7 2.71505 4999.62 0.999978
1016800000 29793.7 -0.0750668 5000.09 0.999565
1016900000 29793.7 -0.0190039 5000.08 0.999566
1017000000 29793.7 -0.16585 5000.11 0.999555
1017100000 29793.7 -0.0425262 5000.08 0.999564
1017200000 29793.7 5.11848 4999.22 1.00017
1017300000 29793.7 -0.0906764 5000.09 0.999564
1017400000 29793.7 0.928662 4999.92 0.999734
1017500000 29793.7 -0.133199 5000.1 0.999557
1017600000 29793.7 1.74767 4999.78 0.99985
1017700000 29793.7 -0.0499399 5000.09 0.999566
1017800000 29793.7 0.153224 5000.05 0.999659
1017900000 29793.7 -0.0379939 5000.08 0.999564
1018000000 29793.7 0.848871 4999.94 0.999717
1018100000 29793.7 -0.204914 5000.11 0.999571
1018200000 29793.7 0.316191 5000.02 0.99972
1018300000 29793.7 -0.0747201 5000.09 0.999562
1018400000 29793.7 -0.135478 5000.1 0.999584
1018500000 29793.7 -0.0174324 5000.08 0.999566
1018600000 29793.7 0.221167 5000.04 0.999635
1018700000 29793.7 0.480444 5000 0.999677
1018800000 29793.7 -0.0350973 5000.08 0.999565
1018900000 29793.7 -0.0145165 5000.08 0.999567
1019000000 29793.7 4.627 4999.3 1.00012
1019100000 29793.7 0.133348 5000.06 0.999637
1019200000 29793.7 -0.049068 5000.09 0.999586
1019300000 29793.7 -0.147733 5000.1 0.999567
1019400000 29793.7 0.524034 4999.99 0.999675
1019500000 29793.7 1.64802 4999.8 0.999852
1019600000 29793.7 0.449377 5000 0.999665
1019700000 29793.7 0.897886 4999.93 0.99979
1019800000 29793.7 -0.217238 5000.11 0.999565
1019900000 29793.7 -0.191881 5000.11 0.999581
1020000000 29793.7 -0.0361748 5000.08 0.999565
1020100000 29793.7 0.161805 5000.05 0.999627
1020200000 29793.7 0.005646 5000.08 0.999596
1020300000 29793.7 1.01427 4999.91 0.999747
1020400000 29793.7 1.50125 4999.83 0.999856
1020500000 29793.7 -0.011699 5000.08 0.999567
1020600000 29793.7 0.475168 5000 0.999702
1020700000 29793.7 -0.0807371 5000.09 0.999562
1020800000 29793.7 -0.0454025 5000.09 0.999587
1020900000 29793.7 -0.0973243 5000.09 0.999589
1021000000 29793.7 -0.0658296 5000.09 0.999566
1021100000 29793.7 1.49805 4999.83 0.999833
1021200000 29793.7 0.320677 5000.02 0.999681
1021300000 29793.7 -0.0853358 5000.09 0.999572
1021400000 29793.7 -0.229817 5000.12 0.999566
1021500000 29793.7 2.1403 4999.72 0.999934
1021600000 29793.7 0.523483 4999.99 0.999722
1021700000 29793.7 0.0288966 5000.07 0.999601
1021800000 29793.7 -0.210623 5000.11 0.999564
1021900000 29793.7 -0.157186 5000.1 0.999589
1022000000 29793.7 -0.10249 5000.09 0.99956
1022100000 29793.7 0.396083 5000.01 0.999698
1022200000 29793.7 -0.112976 5000.1 0.999559
1022300000 29793.7 -0.147282 5000.1 0.999568
1022400000 29793.7 -0.0568809 5000.09 0.999565
1022500000 29793.7 0.504326 4999.99 0.999713
1022600000 29793.7 0.247033 5000.04 0.999666
1022700000 29793.7 -0.00460485 5000.08 0.999568
1022800000 29793.7 -0.13017 5000.1 0.999606
1022900000 29793.7 0.195841 5000.04 0.99966
1023000000 29793.7 -0.16395 5000.1 0.99957
1023100000 29793.7 -0.176061 5000.11 0.999564
1023200000 29793.7 -0.246085 5000.12 0.9996
1023300000 29793.7 -0.085297 5000.09 0.99957
1023400000 29793.7 -0.0070709 5000.08 0.999594
1023500000 29793.7 -0.0632319 5000.09 0.999622
1023600000 29793.7 -0.190139 5000.11 0.999566
1023700000 29793.7 -0.0916532 5000.09 0.999561
1023800000 29793.7 -0.0748548 5000.09 0.99959
1023900000 29793.7 -0.216546 5000.11 0.999562
1024000000 29793.7 -0.0662779 5000.09 0.999582
1024100000 29793.7 0.439564 5000 0.999698
1024200000 29793.7 -0.145679 5000.1 0.999557
1024300000 29793.7 -0.110467 5000.1 0.999558
1024400000 29793.7 -0.112104 5000.1 0.999577
1024500000 29793.7 0.64415 4999.97 0.999699
1024600000 29793.7 0.298093 5000.03 0.999674
1024700000 29793.7 0.00290164 5000.08 0.9996
1024800000 29793.7 1.11193 4999.89 0.999782
1024900000 29793.7 -0.0136087 5000.08 0.999608
1025000000 29793.7 1.33487 4999.85 0.999815
1025100000 29793.7 0.89501 4999.93 0.999793
1025200000 29793.7 -0.196575 5000.11 0.999597
1025300000 29793.7 -0.0779661 5000.09 0.999562
1025400000 29793.7 0.320918 5000.02 0.999658
1025500000 29793.7 -0.18289 5000.11 0.999572
1025600000 29793.7 -0.0722557 5000.09 0.999561
1025700000 29793.7 1.93669 4999.75 0.999861
1025800000 29793.7 0.120139 5000.06 0.999641
1025900000 29793.7 -0.102829 5000.09 0.999566
1026000000 29793.7 0.31956 5000.02 0.999646
1026100000 29793.7 -0.141175 5000.1 0.999561
1026200000 29793.7 3.23769 4999.53 0.999982
1026300000 29793.7 0.497881 4999.99 0.999673
1026400000 29793.7 1.54335 4999.82 0.999833
1026500000 29793.7 -0.0458387 5000.09 0.999563
1026600000 29793.7 -0.134801 5000.1 0.999569
1026700000 29793.7 -0.0579277 5000.09 0.999563
1026800000 29793.7 -0.0134535 5000.08 0.999599
1026900000 29793.7 -0.106961 5000.1 0.999563
1027000000 29793.7 0.162068 5000.05 0.999621
1027100000 29793.7 -0.0565562 5000.09 0.999564
1027200000 29793.7 -0.0829442 5000.09 0.999561
1027300000 29793.7 -0.132019 5000.1 0.999568
1027400000 29793.7 -0.160654 5000.1 0.999556
1027500000 29793.7 -0.110967 5000.1 0.999562
1027600000 29793.7 -0.0670938 5000.09 0.999569
1027700000 29793.7 0.703802 4999.96 0.999763
1027800000 29793.7 -0.145371 5000.1 0.99956
1027900000 29793.7 -0.164022 5000.11 0.999582
1028000000 29793.7 1.137 4999.89 0.999753
1028100000 29793.7 -0.0522362 5000.09 0.999564
1028200000 29793.7 0.0617916 5000.07 0.999624
1028300000 29793.7 0.461746 5000 0.999672
1028400000 29793.7 -0.040956 5000.08 0.999583
1028500000 29793.7 -0.0100025 5000.08 0.999567
1028600000 29793.7 -0.0544015 5000.09 0.99958
1028700000 29793.7 -0.162553 5000.1 0.999558
1028800000 29793.7 -0.144468 5000.1 0.999578
1028900000 29793.7 -0.130845 5000.1 0.999564
1029000000 29793.7 -0.010131 5000.08 0.999567
1029100000 29793.7 -0.0347582 5000.08 0.999565
1029200000 29793.7 -0.141483 5000.1 0.999561
1029300000 29793.7 -0.126172 5000.1 0.999565
1029400000 29793.7 -0.0676426 5000.09 0.999563
1029500000 29793.7 -0.121111 5000.1 0.99961
1029600000 29793.7 -0.0393246 5000.08 0.999564
1029700000 29793.7 -0.117273 5000.1 0.999561
1029800000 29793.7 -0.100714 5000.09 0.999566
1029900000 29793.7 -0.140462 5000.1 0.999567
1030000000 29793.7 -0.15925 5000.1 0.999566
1030100000 29793.7 0.729247 4999.96 0.99974
1030200000 29793.7 -0.124157 5000.1 0.999565
1030300000 29793.7 -0.143309 5000.1 0.999568
1030400000 29793.7 -0.213059 5000.11 0.99956
1030500000 29793.7 -0.252223 5000.12 0.999576
1030600000 29793.7 -0.0834519 5000.09 0.999611
1030700000 29793.7 0.321892 5000.02 0.999671
1030800000 29793.7 1.72865 4999.79 0.999886
1030900000 29793.7 -0.136628 5000.1 0.99956
1031000000 29793.7 -0.0794402 5000.09 0.999647
1031100000 29793.7 -0.240238 5000.12 0.999567
1031200000 29793.7 -0.19929 5000.11 0.99956
1031300000 29793.7 0.66779 4999.97 0.999694
1031400000 29793.7 2.1266 4999.72 0.999939
1031500000 29793.7 -0.120145 5000.1 0.999558
1031600000 29793.7 0.227285 5000.04 0.999648
1031700000 29793.7 -0.144325 5000.1 0.999564
1031800000 29793.7 0.04912 5000.07 0.999602
1031900000 29793.7 -0.146815 5000.1 0.999574
1032000000 29793.7 -0.223487 5000.11 0.99957
1032100000 29793.7 -0.109914 5000.1 0.999575
1032200000 29793.7 -0.00842584 5000.08 0.999567
1032300000 29793.7 3.11162 4999.56 1.00004
1032400000 29793.7 2.47284 4999.66 0.999968
1032500000 29793.7 0.415112 5000.01 0.999661
1032600000 29793.7 -0.0555097 5000.09 0.999562
1032700000 29793.7 2.69198 4999.63 0.999988
1032800000 29793.7 -0.151356 5000.1 0.999578
1032900000 29793.7 -0.111296 5000.1 0.999583
1033000000 29793.7 -0.0844135 5000.09 0.999563
1033100000 29793.7 0.0439869 5000.07 0.999615
1033200000 29793.7 -0.042067 5000.08 0.999564
1033300000 29793.7 -0.0993096 5000.09 0.999562
1033400000 29793.7 -0.14182 5000.1 0.999566
1033500000 29793.7 -0.0606424 5000.09 0.999564
1033600000 29793.7 -0.0031509 5000.08 0.999601
1033700000 29793.7 -0.13709 5000.1 0.99956
1033800000 29793.7 1.17376 4999.88 0.999814
1033900000 29793.7 -0.144469 5000.1 0.99956
1034000000 29793.7 -0.191431 5000.11 0.999571
1034100000 29793.7 0.116008 5000.06 0.999638
1034200000 29793.7 0.127658 5000.06 0.999626
1034300000 29793.7 0.0679271 5000.07 0.999635
1034400000 29793.7 0.0458891 5000.07 0.999667
1034500000 29793.7 -0.0686242 5000.09 0.999563
1034600000 29793.7 0.365711 5000.02 0.999719
1034700000 29793.7 -0.0870012 5000.09 0.999576
1034800000 29793.7 1.5897 4999.81 0.999818
1034900000 29793.7 -0.0758111 5000.09 0.999568
1035000000 29793.7 -0.0921201 5000.09 0.999582
1035100000 29793.7 0.5746 4999.98 0.999698
1035200000 29793.7 -0.0921188 5000.09 0.999559
1035300000 29793.7 -0.0470336 5000.09 0.999563
1035400000 29793.7 1.145 4999.89 0.999828
1035500000 29793.7 2.1762 4999.71 0.999891
1035600000 29793.7 -0.12028 5000.1 0.999591
1035700000 29793.7 -0.115429 5000.1 0.999558
1035800000 29793.7 -0.171313 5000.11 0.999558
1035900000 29793.7 -0.169153 5000.11 0.999569
1036000000 29793.7 -0.0555706 5000.09 0.999564
1036100000 29793.7 -0.206538 5000.11 0.999561
1036200000 29793.7 0.50375 4999.99 0.999694
1036300000 29793.7 -0.142879 5000.1 0.999585
1036400000 29793.7 -0.0937595 5000.09 0.999561
1036500000 29793.7 1.32223 4999.86 0.999809
1036600000 29793.7 0.590494 4999.98 0.9997
1036700000 29793.7 -0.00669524 5000.08 0.999568
1036800000 29793.7 0.111031 5000.06 0.999616
1036900000 29793.7 -0.121122 5000.1 0.999563
1037000000 29793.7 -0.110712 5000.1 0.999579
1037100000 29793.7 -0.100664 5000.09 0.999567
1037200000 29793.7 -0.189196 5000.11 0.999586
1037300000 29793.7 0.114245 5000.06 0.999618
1037400000 29793.7 -0.133535 5000.1 0.999558
1037500000 29793.7 -0.0627497 5000.09 0.999563
1037600000 29793.7 -0.253288 5000.12 0.999556
1037700000 29793.7 0.433314 5000 0.999731
1037800000 29793.7 2.3653 4999.68 0.999937
1037900000 29793.7 -0.116869 5000.1 0.99956
1038000000 29793.7 1.25922 4999.87 0.999864
1038100000 29793.7 0.0863254 5000.06 0.999608
1038200000 29793.7 -0.183939 5000.11 0.999586
1038300000 29793.7 0.195785 5000.04 0.999627
1038400000 29793.7 -0.0844211 5000.09 0.999588
1038500000 29793.7 -0.190873 5000.11 0.999567
1038600000 29793.7 -0.0904545 5000.09 0.999561
1038700000 29793.7 -0.128968 5000.1 0.999608
1038800000 29793.7 -0.289481 5000.13 0.999569
1038900000 29793.7 -0.097734 5000.09 0.999564
1039000000 29793.7 -0.0946678 5000.09 0.999632
1039100000 29793.7 -0.135461 5000.1 0.999572
1039200000 29793.7 0.288058 5000.03 0.999665
1039300000 29793.7 -0.0128849 5000.08 0.999602
1039400000 29793.7 0.309105 5000.03 0.99969
1039500000 29793.7 -0.12129 5000.1 0.99957
1039600000 29793.7 0.567135 4999.98 0.999708
1039700000 29793.7 0.161202 5000.05 0.999626
1039800000 29793.7 -0.15701 5000.1 0.999561
1039900000 29793.7 0.670855 4999.96 0.999705
1040000000 29793.7 -0.201739 5000.11 0.999565
1040100000 29793.7 0.0540849 5000.07 0.99961
1040200000 29793.7 -0.106174 5000.1 0.99956
1040300000 29793.7 0.069967 5000.07 0.999642
1040400000 29793.7 -0.102982 5000.09 0.999562
1040500000 29793.7 -0.129449 5000.1 0.999579
1040600000 29793.7 2.2607 4999.7 0.999877
1040700000 29793.7 -0.126865 5000.1 0.999559
1040800000 29793.7 -0.116416 5000.1 0.999565
1040900000 29793.7 -0.100795 5000.09 0.999562
1041000000 29793.7 -0.129847 5000.1 0.999573
1041100000 29793.7 -0.0540867 5000.09 0.999563
1041200000 29793.7 -0.109213 5000.1 0.999562
1041300000 29793.7 4.88099 4999.26 1.00023
1041400000 29793.7 -0.110634 5000.1 0.999562
1041500000 29793.7 -0.0281818 5000.08 0.999566
1041600000 29793.7 0.153309 5000.05 0.999641
1041700000 29793.7 3.04338 4999.57 0.999957
1041800000 29793.7 -0.0595381 5000.09 0.999563
1041900000 29793.7 -0.0896676 5000.09 0.999562
1042000000 29793.7 0.422411 5000.01 0.999666
1042100000 29793.7 -0.0534677 5000.09 0.999564
1042200000 29793.7 -0.0692786 5000.09 0.999563
1042300000 29793.7 1.31153 4999.86 0.999791
1042400000 29793.7 1.46948 4999.83 0.999811
1042500000 29793.7 -0.135377 5000.1 0.999566
1042600000 29793.7 1.02999 4999.9 0.99974
1042700000 29793.7 0.275893 5000.03 0.999669
1042800000 29793.7 -0.0181369 5000.08 0.999567
1042900000 29793.7 1.63723 4999.8 0.999913
1043000000 29793.7 -0.134123 5000.1 0.999567
1043100000 29793.7 -0.115744 5000.1 0.999586
1043200000 29793.7 -0.176032 5000.11 0.999565
1043300000 29793.7 -0.0142718 5000.08 0.999596
1043400000 29793.7 0.343633 5000.02 0.999664
1043500000 29793.7 -0.0297143 5000.08 0.999566
1043600000 29793.7 -0.0676274 5000.09 0.999562
1043700000 29793.7 -0.0227036 5000.08 0.999566
1043800000 29793.7 -0.155659 5000.1 0.999576
1043900000 29793.7 -0.258368 5000.12 0.999586
1044000000 29793.7 0.0352893 5000.07 0.999603
1044100000 29793.7 -0.0638422 5000.09 0.999562
1044200000 29793.7 0.249881 5000.04 0.999667
1044300000 29793.7 -0.0982967 5000.09 0.999564
1044400000 29793.7 -0.0537998 5000.09 0.999575
1044500000 29793.7 -0.0502012 5000.09 0.999563
1044600000 29793.7 -0.117614 5000.1 0.999569
1044700000 29793.7 -0.129073 5000.1 0.999563
1044800000 29793.7 -0.12352 5000.1 0.999559
1044900000 29793.7 -0.0157455 5000.08 0.999567
1045000000 29793.7 -0.149199 5000.1 0.999559
1045100000 29793.7 -0.0838723 5000.09 0.999561
1045200000 29793.7 0.624781 4999.97 0.999688
1045300000 29793.7 0.601065 4999.98 0.999757
1045400000 29793.7 -0.108645 5000.1 0.999558
1045500000 29793.7 0.238161 5000.04 0.999643
1045600000 29793.7 0.646797 4999.97 0.999701
1045700000 29793.7 0.415345 5000.01 0.999722
1045800000 29793.7 -0.0851002 5000.09 0.99956
1045900000 29793.7 -0.0322602 5000.08 0.999565
1046000000 29793.7 -0.0876159 5000.09 0.999621
1046100000 29793.7 0.371338 5000.02 0.99966
1046200000 29793.7 -0.0738467 5000.09 0.999607
1046300000 29793.7 0.151124 5000.05 0.999619
1046400000 29793.7 -0.189471 5000.11 0.999574
1046500000 29793.7 0.753259 4999.95 0.999711
1046600000 29793.7 -0.144817 5000.1 0.999611
1046700000 29793.7 -0.00309718 5000.08 0.999597
1046800000 29793.7 -0.0832958 5000.09 0.999562
1046900000 29793.7 0.074922 5000.06 0.999632
1047000000 29793.7 -0.160439 5000.1 0.999563
1047100000 29793.7 -0.0619598 5000.09 0.999563
1047200000 29793.7 -0.0757581 5000.09 0.99957
1047300000 29793.7 -0.18742 5000.11 0.999557
1047400000 29793.7 0.724136 4999.96 0.999704
1047500000 29793.7 -0.116 5000.1 0.99956
1047600000 29793.7 -0.130363 5000.1 0.999563
1047700000 29793.7 0.199259 5000.04 0.999647
1047800000 29793.7 0.0813063 5000.06 0.999618
1047900000 29793.7 -0.202437 5000.11 0.999576
1048000000 29793.7 0.221844 5000.04 0.99965
1048100000 29793.7 -0.132776 5000.1 0.999567
1048200000 29793.7 -0.00894857 5000.08 0.999567
1048300000 29793.7 4.23158 4999.37 1.00007
1048400000 29793.7 -0.0211026 5000.08 0.999612
1048500000 29793.7 -0.0422052 5000.08 0.99962
1048600000 29793.7 0.132302 5000.06 0.999657
1048700000 29793.7 3.61905 4999.47 1.00002
1048800000 29793.7 0.84161 4999.94 0.999782
1048900000 29793.7 1.71595 4999.79 0.999871
1049000000 29793.7 -0.19454 5000.11 0.999571
1049100000 29793.7 0.913407 4999.92 0.999725
1049200000 29793.7 -0.0310011 5000.08 0.999565
1049300000 29793.7 -0.141372 5000.1 0.999571
1049400000 29793.7 -0.103605 5000.09 0.999559
1049500000 29793.7 4.1277 4999.38 1.00006
1049600000 29793.7 -0.0357289 5000.08 0.999564
1049700000 29793.7 0.266708 5000.03 0.999645
1049800000 29793.7 0.0771622 5000.06 0.999627
1049900000 29793.7 -0.0591186 5000.09 0.999562
1050000000 29793.7 -0.0328138 5000.08 0.999565
1050100000 29793.7 -0.12101 5000.1 0.999562
1050200000 29793.7 -0.0827875 5000.09 0.999564
1050300000 29793.7 -0.0107109 5000.08 0.999602
1050400000 29793.7 0.894712 4999.93 0.999754
1050500000 29793.7 -0.121826 5000.1 0.999565
1050600000 29793.7 -0.31429 5000.13 0.999562
1050700000 29793.7 0.329242 5000.02 0.999648
1050800000 29793.7 -0.180554 5000.11 0.999563
1050900000 29793.7 0.00626257 5000.08 0.999627
1051000000 29793.7 -0.0579513 5000.09 0.999625
1051100000 29793.7 1.53043 4999.82 0.999804
1051200000 29793.7 -0.0521851 5000.09 0.999563
1051300000 29793.7 0.0367415 5000.07 0.999621
1051400000 29793.7 -0.100533 5000.09 0.999563
1051500000 29793.7 0.888574 4999.93 0.999778
1051600000 29793.7 3.02343 4999.57 0.999958
1051700000 29793.7 -0.166867 5000.11 0.999573
1051800000 29793.7 -0.183412 5000.11 0.999559
1051900000 29793.7 -0.0518918 5000.09 0.9996
1052000000 29793.7 -0.0625251 5000.09 0.99957
1052100000 29793.7 -0.0841374 5000.09 0.999565
1052200000 29793.7 -0.264991 5000.12 0.999637
1052300000 29793.7 -0.0724486 5000.09 0.999563
1052400000 29793.7 -0.0985515 5000.09 0.999562
1052500000 29793.7 -0.0372461 5000.08 0.999564
1052600000 29793.7 -0.107786 5000.1 0.999563
1052700000 29793.7 -0.100053 5000.09 0.999562
1052800000 29793.7 -0.0745351 5000.09 0.999576
1052900000 29793.7 0.449833 5000 0.999667
1053000000 29793.7 -0.125886 5000.1 0.999573
1053100000 29793.7 -0.0853743 5000.09 0.999561
1053200000 29793.7 -0.206803 5000.11 0.999558
1053300000 29793.7 0.864916 4999.93 0.999736
1053400000 29793.7 2.56046 4999.65 0.999962
1053500000 29793.7 0.344272 5000.02 0.999678
1053600000 29793.7 0.0550088 5000.07 0.999623
1053700000 29793.7 -0.084225 5000.09 0.999563
1053800000 29793.7 -0.0995695 5000.09 0.999559
1053900000 29793.7 -0.153267 5000.1 0.99958
1054000000 29793.7 0.29673 5000.03 0.999666
1054100000 29793.7 -0.000828227 5000.08 0.999607
1054200000 29793.7 0.243135 5000.04 0.999637
1054300000 29793.7 0.695548 4999.96 0.999731
1054400000 29793.7 -0.100256 5000.09 0.999585
1054500000 29793.7 0.169044 5000.05 0.999647
1054600000 29793.7 -0.0315257 5000.08 0.999588
1054700000 29793.7 -0.174303 5000.11 0.999562
1054800000 29793.7 -0.0725566 5000.09 0.999563
1054900000 29793.7 0.422333 5000.01 0.999664
1055000000 29793.7 -0.112575 5000.1 0.999568
1055100000 29793.7 0.918924 4999.92 0.999818
1055200000 29793.7 -0.0644591 5000.09 0.999562
1055300000 29793.7 -0.0492053 5000.09 0.999563
1055400000 29793.7 0.960785 4999.92 0.999735
1055500000 29793.7 -0.21932 5000.11 0.999558
1055600000 29793.7 -0.0581848 5000.09 0.999563
1055700000 29793.7 3.16527 4999.55 0.999971
1055800000 29793.7 0.0151884 5000.07 0.999629
1055900000 29793.7 -0.121377 5000.1 0.999561
1056000000 29793.7 -0.103826 5000.09 0.999561
1056100000 29793.7 0.180786 5000.05 0.999658
1056200000 29793.7 -0.0389506 5000.08 0.999631
1056300000 29793.7 -0.062464 5000.09 0.999566
1056400000 29793.7 -0.0284367 5000.08 0.999566
1056500000 29793.7 0.186481 5000.05 0.99966
1056600000 29793.7 -0.0305131 5000.08 0.999565
1056700000 29793.7 -0.0117056 5000.08 0.999567
1056800000 29793.7 -0.0149553 5000.08 0.999567
1056900000 29793.7 -0.0367197 5000.08 0.999587
1057000000 29793.7 -0.0827816 5000.09 0.999561
1057100000 29793.7 -0.112125 5000.1 0.999599
1057200000 29793.7 -0.0715065 5000.09 0.999563
1057300000 29793.7 -0.113086 5000.1 0.999564
1057400000 29793.7 -0.155962 5000.1 0.99958
1057500000 29793.7 -0.0545129 5000.09 0.999563
1057600000 29793.7 0.844989 4999.94 0.999749
1057700000 29793.7 1.01525 4999.91 0.999751
1057800000 29793.7 0.302785 5000.03 0.999674
1057900000 29793.7 -0.0869552 5000.09 0.99956
1058000000 29793.7 -0.178512 5000.11 0.99956
1058100000 29793.7 -0.178636 5000.11 0.999571
1058200000 29793.7 0.261687 5000.03 0.999638
1058300000 29793.7 -0.0282576 5000.08 0.999566
1058400000 29793.7 -0.0168667 5000.08 0.999567
1058500000 29793.7 -0.0791918 5000.09 0.999563
1058600000 29793.7 0.812553 4999.94 0.999719
1058700000 29793.7 -0.113231 5000.1 0.99959
1058800000 29793.7 1.51637 4999.82 0.999797
1058900000 29793.7 0.40949 5000.01 0.999666
1059000000 29793.7 1.07828 4999.9 0.999752
1059100000 29793.7 0.374977 5000.01 0.999655
1059200000 29793.7 0.267895 5000.03 0.999662
1059300000 29793.7 -0.0951059 5000.09 0.999563
1059400000 29793.7 -0.0566356 5000.09 0.999562
1059500000 29793.7 0.0895383 5000.06 0.99963
1059600000 29793.7 -0.0686655 5000.09 0.999561
1059700000 29793.7 -0.133903 5000.1 0.999576
1059800000 29793.7 -0.106126 5000.1 0.999588
1059900000 29793.7 -0.121852 5000.1 0.999563
1060000000 29793.7 -0.245739 5000.12 0.99956
1060100000 29793.7 -0.116825 5000.1 0.999596
1060200000 29793.7 2.09352 4999.73 0.999953
1060300000 29793.7 1.91364 4999.76 0.999935
1060400000 29793.7 1.04864 4999.9 0.999779
1060500000 29793.7 -0.202369 5000.11 0.999564
1060600000 29793.7 -0.103737 5000.09 0.999584
1060700000 29793.7 -0.170922 5000.11 0.99957
1060800000 29793.7 -0.131652 5000.1 0.999566
1060900000 29793.7 -0.075361 5000.09 0.999561
1061000000 29793.7 0.544272 4999.99 0.999687
1061100000 29793.7 1.9807 4999.75 0.999882
1061200000 29793.7 -0.128716 5000.1 0.999562
1061300000 29793.7 -0.0916922 5000.09 0.999565
1061400000 29793.7 -0.164925 5000.11 0.999569
1061500000 29793.7 0.00191591 5000.08 0.999599
1061600000 29793.7 -0.032485 5000.08 0.999565
1061700000 29793.7 -0.0910351 5000.09 0.999563
1061800000 29793.7 -0.125367 5000.1 0.999569
1061900000 29793.7 -0.119355 5000.1 0.99956
1062000000 29793.7 0.472044 5000 0.999668
1062100000 29793.7 0.063965 5000.07 0.999613
1062200000 29793.7 -0.0596921 5000.09 0.999563
1062300000 29793.7 0.121139 5000.06 0.999621
1062400000 29793.7 0.616184 4999.97 0.999718
1062500000 29793.7 -0.195858 5000.11 0.999557
1062600000 29793.7 0.0393079 5000.07 0.999633
1062700000 29793.7 -0.0157132 5000.08 0.999647
1062800000 29793.7 -0.0545516 5000.09 0.999563
1062900000 29793.7 1.74145 4999.78 0.999835
1063000000 29793.7 -0.148955 5000.1 0.999559
1063100000 29793.7 0.299801 5000.03 0.999643
1063200000 29793.7 1.27566 4999.86 0.999835
1063300000 29793.7 -0.137209 5000.1 0.999561
1063400000 29793.7 0.403352 5000.01 0.999685
1063500000 29793.7 -0.0849639 5000.09 0.999561
1063600000 29793.7 -0.190492 5000.11 0.999554
1063700000 29793.7 -0.0604338 5000.09 0.999563
1063800000 29793.7 0.706455 4999.96 0.999701
1063900000 29793.7 -0.130884 5000.1 0.999571
1064000000 29793.7 -0.156549 5000.1 0.999568
1064100000 29793.7 -0.236241 5000.12 0.999591
1064200000 29793.7 -0.312372 5000.13 0.999563
1064300000 29793.7 -0.0214413 5000.08 0.999566
1064400000 29793.7 1.39711 4999.84 0.999787
1064500000 29793.7 -0.0465153 5000.09 0.999563
1064600000 29793.7 -0.163966 5000.11 0.999573
1064700000 29793.7 1.53414 4999.82 0.999857
1064800000 29793.7 0.645119 4999.97 0.999725
1064900000 29793.7 -0.0613412 5000.09 0.999582
1065000000 29793.7 -0.0361173 5000.08 0.999608
1065100000 29793.7 -0.0933198 5000.09 0.999575
1065200000 29793.7 0.132942 5000.06 0.999617
1065300000 29793.7 2.78509 4999.61 1.00005
1065400000 29793.7 -0.15357 5000.1 0.999592
1065500000 29793.7 0.009181 5000.08 0.999598
1065600000 29793.7 0.650707 4999.97 0.999727
1065700000 29793.7 -0.0573165 5000.09 0.999563
1065800000 29793.7 0.558116 4999.98 0.999686
1065900000 29793.7 -0.111119 5000.1 0.999564
1066000000 29793.7 -0.146517 5000.1 0.999561
1066100000 29793.7 -0.0742316 5000.09 0.999575
1066200000 29793.7 -0.0579184 5000.09 0.999564
1066300000 29793.7 -0.153511 5000.1 0.999579
1066400000 29793.7 -0.0926913 5000.09 0.999565
1066500000 29793.7 -0.104991 5000.1 0.99957
1066600000 29793.7 -0.0832821 5000.09 0.999591
1066700000 29793.7 -0.246785 5000.12 0.999562
1066800000 29793.7 0.575231 4999.98 0.999708
1066900000 29793.7 -0.0108105 5000.08 0.999567
1067000000 29793.7 0.0798603 5000.06 0.999621
1067100000 29793.7 0.356124 5000.02 0.999687
1067200000 29793.7 -0.136554 5000.1 0.99957
1067300000 29793.7 -0.0625928 5000.09 0.999567
1067400000 29793.7 -0.152699 5000.1 0.999609
1067500000 29793.7 0.024857 5000.07 0.999602
1067600000 29793.7 -0.273686 5000.12 0.999579
1067700000 29793.7 1.09647 4999.89 0.999765
1067800000 29793.7 -0.0798263 5000.09 0.999562
1067900000 29793.7 -0.094373 5000.09 0.999611
1068000000 29793.7 0.060277 5000.07 0.999605
1068100000 29793.7 -0.0700077 5000.09 0.999583
1068200000 29793.7 0.290654 5000.03 0.999646
1068300000 29793.7 -0.188276 5000.11 0.99957
1068400000 29793.7 -0.0391204 5000.08 0.999564
1068500000 29793.7 -0.145923 5000.1 0.999559
1068600000 29793.7 0.400032 5000.01 0.999659
1068700000 29793.7 -0.0704414 5000.09 0.999575
1068800000 29793.7 -0.0681494 5000.09 0.999579
1068900000 29793.7 -0.183407 5000.11 0.99956
1069000000 29793.7 0.849393 4999.93 0.999718
1069100000 29793.7 0.397791 5000.01 0.999706
1069200000 29793.7 0.0403895 5000.07 0.999599
1069300000 29793.7 0.0371243 5000.07 0.999617
1069400000 29793.7 -0.127681 5000.1 0.999561
1069500000 29793.7 0.0387518 5000.07 0.999631
1069600000 29793.7 -0.110495 5000.1 0.99958
1069700000 29793.7 -0.0552746 5000.09 0.999564
1069800000 29793.7 0.0430047 5000.07 0.999605
1069900000 29793.7 0.0336989 5000.07 0.999612
1070000000 29793.7 -0.0392565 5000.08 0.999565
1070100000 29793.7 -0.303602 5000.13 0.999561
1070200000 29793.7 -0.095614 5000.09 0.999563
1070300000 29793.7 -0.0427008 5000.08 0.999564
1070400000 29793.7 -0.130501 5000.1 0.999575
1070500000 29793.7 -0.0965988 5000.09 0.99956
1070600000 29793.7 -0.0195767 5000.08 0.999566
1070700000 29793.7 -0.149401 5000.1 0.999558
1070800000 29793.7 -0.178839 5000.11 0.999579
1070900000 29793.7 -0.114823 5000.1 0.999561
1071000000 29793.7 5.23625 4999.2 1.00021
1071100000 29793.7 0.422582 5000.01 0.999718
1071200000 29793.7 -0.0274544 5000.08 0.999566
1071300000 29793.7 -0.167015 5000.11 0.999574
1071400000 29793.7 0.579586 4999.98 0.999721
1071500000 29793.7 -0.109601 5000.1 0.999561
1071600000 29793.7 -0.0255049 5000.08 0.999565
1071700000 29793.7 -0.205516 5000.11 0.999577
1071800000 29793.7 -0.0553296 5000.09 0.999562
1071900000 29793.7 -0.0280028 5000.08 0.999617
1072000000 29793.7 2.58267 4999.64 0.999911
1072100000 29793.7 0.587311 4999.98 0.999712
1072200000 29793.7 -0.182351 5000.11 0.999572
1072300000 29793.7 -0.0620518 5000.09 0.999563
1072400000 29793.7 -0.168779 5000.11 0.999559
1072500000 29793.7 0.180476 5000.05 0.999629
1072600000 29793.7 -0.034136 5000.08 0.999585
1072700000 29793.7 -0.0963736 5000.09 0.999561
1072800000 29793.7 -0.0701252 5000.09 0.999563
1072900000 29793.7 0.253068 5000.03 0.999636
1073000000 29793.7 -0.106007 5000.1 0.999584
1073100000 29793.7 -0.071724 5000.09 0.99957
1073200000 29793.7 -0.00891409 5000.08 0.999594
1073300000 29793.7 -0.115383 5000.1 0.999568
1073400000 29793.7 0.280379 5000.03 0.999646
1073500000 29793.7 -0.236071 5000.12 0.999568
1073600000 29793.7 -0.189477 5000.11 0.999575
1073700000 29793.7 -0.268667 5000.12 0.999598
1073800000 29793.7 -0.113538 5000.1 0.999561
1073900000 29793.7 -0.0983567 5000.09 0.99957
1074000000 29793.7 -0.0256131 5000.08 0.999565
1074100000 29793.7 -0.0071078 5000.08 0.999601
1074200000 29793.7 -0.0207249 5000.08 0.999566
1074300000 29793.7 -0.0843609 5000.09 0.999579
1074400000 29793.7 -0.110736 5000.1 0.999572
1074500000 29793.7 -0.0561437 5000.09 0.999575
1074600000 29793.7 -0.109392 5000.1 0.999587
1074700000 29793.7 -0.0746179 5000.09 0.999602
1074800000 29793.7 -0.114523 5000.1 0.999565
1074900000 29793.7 -0.151351 5000.1 0.999561
1075000000 29793.7 0.855396 4999.93 0.999787
1075100000 29793.7 -0.0287608 5000.08 0.999586
1075200000 29793.7 0.336266 5000.02 0.999662
1075300000 29793.7 0.4978 4999.99 0.999678
1075400000 29793.7 -0.0416125 5000.08 0.999565
1075500000 29793.7 0.849516 4999.93 0.999719
1075600000 29793.7 0.817815 4999.94 0.999718
1075700000 29793.7 1.44272 4999.84 0.999835
1075800000 29793.7 0.917828 4999.92 0.999734
1075900000 29793.7 0.749683 4999.95 0.999751
1076000000 29793.7 -0.0984202 5000.09 0.999612
1076100000 29793.7 -0.147796 5000.1 0.999564
1076200000 29793.7 -0.0637835 5000.09 0.999562
1076300000 29793.7 -0.315179 5000.13 0.999573
1076400000 29793.7 -0.182482 5000.11 0.999565
1076500000 29793.7 -0.0312746 5000.08 0.999565
1076600000 29793.7 -0.0898075 5000.09 0.999563
1076700000 29793.7 -0.146053 5000.1 0.999577
1076800000 29793.7 -0.0753512 5000.09 0.999562
1076900000 29793.7 -0.231639 5000.12 0.999557
1077000000 29793.7 0.365863 5000.02 0.999655
1077100000 29793.7 -0.041061 5000.08 0.999609
1077200000 29793.7 -0.0249026 5000.08 0.999566
1077300000 29793.7 1.59682 4999.81 0.999867
1077400000 29793.7 -0.0664513 5000.09 0.999564
1077500000 29793.7 0.128207 5000.06 0.999619
1077600000 29793.7 0.0405657 5000.07 0.999618
1077700000 29793.7 0.230559 5000.04 0.999632
1077800000 29793.7 -0.0694952 5000.09 0.999574
1077900000 29793.7 0.182502 5000.05 0.999634
1078000000 29793.7 -0.0483264 5000.09 0.999607
1078100000 29793.7 -0.0770181 5000.09 0.999638
1078200000 29793.7 0.206754 5000.04 0.999634
1078300000 29793.7 -0.177044 5000.11 0.999564
1078400000 29793.7 -0.0714942 5000.09 0.999562
1078500000 29793.7 1.41547 4999.84 0.999786
1078600000 29793.7 -0.0956389 5000.09 0.999568
1078700000 29793.7 -0.0259049 5000.08 0.999601
1078800000 29793.7 -0.0767662 5000.09 0.999564
1078900000 29793.7 -0.0960049 5000.09 0.999561
1079000000 29793.7 -0.11069 5000.1 0.999561
1079100000 29793.7 0.432432 5000 0.999699
1079200000 29793.7 0.32171 5000.02 0.999691
1079300000 29793.7 -0.264994 5000.12 0.999577
1079400000 29793.7 1.0224 4999.91 0.999852
1079500000 29793.7 0.526618 4999.99 0.999677
1079600000 29793.7 -0.144344 5000.1 0.999564
1079700000 29793.7 -0.101106 5000.09 0.999566
1079800000 29793.7 -0.194354 5000.11 0.999596
1079900000 29793.7 -0.137816 5000.1 0.999558
1080000000 29793.7 0.267036 5000.03 0.999643
1080100000 29793.7 -0.126208 5000.1 0.999562
1080200000 29793.7 0.418193 5000.01 0.999677
1080300000 29793.7 -0.0124181 5000.08 0.999599
1080400000 29793.7 -0.134921 5000.1 0.999561
1080500000 29793.7 0.0414623 5000.07 0.999619
1080600000 29793.7 0.324804 5000.02 0.999649
1080700000 29793.7 -0.158436 5000.1 0.999569
1080800000 29793.7 0.472533 5000 0.99967
1080900000 29793.7 -0.140401 5000.1 0.999559
1081000000 29793.7 -0.0429816 5000.08 0.99958
1081100000 29793.7 -0.121773 5000.1 0.999596
1081200000 29793.7 0.486725 5000 0.999673
1081300000 29793.7 0.0272907 5000.07 0.999614
1081400000 29793.7 -0.0162481 5000.08 0.999607
1081500000 29793.7 -0.191404 5000.11 0.999561
1081600000 29793.7 -0.10234 5000.09 0.999562
1081700000 29793.7 -0.100079 5000.09 0.999561
1081800000 29793.7 -0.0887758 5000.09 0.999563
1081900000 29793.7 -0.0980295 5000.09 0.999562
1082000000 29793.7 0.737995 4999.95 0.99972
1082100000 29793.7 -0.180819 5000.11 0.999561
1082200000 29793.7 0.253572 5000.03 0.999649
1082300000 29793.7 -0.128851 5000.1 0.999612
1082400000 29793.7 -0.0500854 5000.09 0.999564
1082500000 29793.7 -0.106353 5000.1 0.999577
1082600000 29793.7 -0.0311772 5000.08 0.999565
1082700000 29793.7 1.06724 4999.9 0.999771
1082800000 29793.7 -0.0782774 5000.09 0.999627
1082900000 29793.7 -0.255078 5000.12 0.999559
1083000000 29793.7 -0.124706 5000.1 0.999596
1083100000 29793.7 -0.134031 5000.1 0.999561
1083200000 29793.7 -0.124246 5000.1 0.999565
1083300000 29793.7 -0.188577 5000.11 0.999572
1083400000 29793.7 -0.0424864 5000.08 0.999604
1083500000 29793.7 -0.0716353 5000.09 0.999572
1083600000 29793.7 0.0186968 5000.07 0.999636
1083700000 29793.7 0.1423 5000.05 0.999651
1083800000 29793.7 -0.0523082 5000.09 0.999564
1083900000 29793.7 0.00173552 5000.08 0.999626
1084000000 29793.7 -0.027935 5000.08 0.999565
1084100000 29793.7 -0.107895 5000.1 0.999566
1084200000 29793.7 -0.110806 5000.1 0.999564
1084300000 29793.7 -0.0977089 5000.09 0.999579
1084400000 29793.7 0.0382241 5000.07 0.999629
1084500000 29793.7 0.0409828 5000.07 0.999603
1084600000 29793.7 -0.124652 5000.1 0.999559
1084700000 29793.7 -0.108781 5000.1 0.999564
1084800000 29793.7 -0.0046297 5000.08 0.999604
1084900000 29793.7 -0.0234172 5000.08 0.999566
1085000000 29793.7 0.655455 4999.97 0.999719
1085100000 29793.7 -0.112097 5000.1 0.999561
1085200000 29793.7 -0.18888 5000.11 0.999558
1085300000 29793.7 -0.138114 5000.1 0.999562
1085400000 29793.7 7.05363 4998.89 1.00033
1085500000 29793.7 -0.21898 5000.11 0.999561
1085600000 29793.7 -0.0808557 5000.09 0.999561
1085700000 29793.7 -0.200758 5000.11 0.999571
1085800000 29793.7 -0.156057 5000.1 0.999558
1085900000 29793.7 -0.0945716 5000.09 0.999563
1086000000 29793.7 -0.185563 5000.11 0.999566
1086100000 29793.7 -0.0693074 5000.09 0.999567
1086200000 29793.7 -0.229823 5000.12 0.999551
1086300000 29793.7 -0.178636 5000.11 0.999562
1086400000 29793.7 1.39217 4999.84 0.999824
1086500000 29793.7 -0.118504 5000.1 0.999566
1086600000 29793.7 -0.0799126 5000.09 0.999562
1086700000 29793.7 0.975848 4999.91 0.99981
1086800000 29793.7 -0.063297 5000.09 0.999566
1086900000 29793.7 -0.134385 5000.1 0.999562
1087000000 29793.7 0.696238 4999.96 0.999725
1087100000 29793.7 0.246422 5000.04 0.999659
1087200000 29793.7 -0.174056 5000.11 0.999557
1087300000 29793.7 1.18456 4999.88 0.99978
1087400000 29793.7 -0.172688 5000.11 0.999577
1087500000 29793.7 4.26614 4999.36 1.00007
1087600000 29793.7 -0.111694 5000.1 0.999559
1087700000 29793.7 -0.108096 5000.1 0.999561
1087800000 29793.7 0.341945 5000.02 0.999672
1087900000 29793.7 -0.0218865 5000.08 0.999606
1088000000 29793.7 1.2449 4999.87 0.999805
1088100000 29793.7 -0.0357144 5000.08 0.999565
1088200000 29793.7 -0.254351 5000.12 0.999559
1088300000 29793.7 0.704207 4999.96 0.999699
1088400000 29793.7 -0.118921 5000.1 0.999585
1088500000 29793.7 -0.175804 5000.11 0.999564
1088600000 29793.7 -0.0442811 5000.08 0.999564
1088700000 29793.7 -0.0795233 5000.09 0.999561
1088800000 29793.7 -0.0553449 5000.09 0.999563
1088900000 29793.7 -0.0650678 5000.09 0.999583
1089000000 29793.7 0.0297328 5000.07 0.999601
1089100000 29793.7 -0.144863 5000.1 0.999563
1089200000 29793.7 -0.0576005 5000.09 0.999563
1089300000 29793.7 -0.152456 5000.1 0.999561
1089400000 29793.7 -0.149191 5000.1 0.999562
1089500000 29793.7 -0.129289 5000.1 0.999581
1089600000 29793.7 0.528033 4999.99 0.999745
1089700000 29793.7 -0.060192 5000.09 0.999563
1089800000 29793.7 -0.0340198 5000.08 0.999564
1089900000 29793.7 -0.120138 5000.1 0.999561
1090000000 29793.7 -0.0345007 5000.08 0.999621
1090100000 29793.7 -0.106284 5000.1 0.999571
1090200000 29793.7 0.0687716 5000.07 0.999609
1090300000 29793.7 0.151324 5000.05 0.999632
1090400000 29793.7 -0.101715 5000.09 0.999562
1090500000 29793.7 -0.150444 5000.1 0.999562
1090600000 29793.7 -0.0765666 5000.09 0.999562
1090700000 29793.7 0.254045 5000.03 0.999669
1090800000 29793.7 -0.109154 5000.1 0.999562
1090900000 29793.7 -0.0902182 5000.09 0.999563
1091000000 29793.7 -0.0861732 5000.09 0.999585
1091100000 29793.7 -0.0470395 5000.09 0.999602
1091200000 29793.7 0.198898 5000.04 0.999658
1091300000 29793.7 0.263424 5000.03 0.999638
1091400000 29793.7 -0.0705036 5000.09 0.999564
1091500000 29793.7 -0.11835 5000.1 0.999582
1091600000 29793.7 -0.107207 5000.1 0.999558
1091700000 29793.7 0.166042 5000.05 0.999624
1091800000 29793.7 -0.0983713 5000.09 0.999595
1091900000 29793.7 -0.106665 5000.1 0.999585
1092000000 29793.7 0.922918 4999.92 0.999739
1092100000 29793.7 -0.100103 5000.09 0.999588
1092200000 29793.7 -0.13136 5000.1 0.999561
1092300000 29793.7 -0.326284 5000.13 0.999578
1092400000 29793.7 -0.105641 5000.1 0.999562
1092500000 29793.7 0.55983 4999.98 0.99969
1092600000 29793.7 -0.0524416 5000.09 0.999563
1092700000 29793.7 1.21249 4999.87 0.999817
1092800000 29793.7 -0.023441 5000.08 0.999566
1092900000 29793.7 2.76731 4999.61 0.999935
1093000000 29793.7 -0.11879 5000.1 0.999577
1093100000 29793.7 -0.122541 5000.1 0.999569
1093200000 29793.7 -0.0788254 5000.09 0.999568
1093300000 29793.7 0.119247 5000.06 0.999621
1093400000 29793.7 -0.155565 5000.1 0.999563
1093500000 29793.7 4.09802 4999.39 1.00008
1093600000 29793.7 0.177475 5000.05 0.999641
1093700000 29793.7 -0.170858 5000.11 0.999573
1093800000 29793.7 0.145533 5000.05 0.999619
1093900000 29793.7 -0.023792 5000.08 0.999588
1094000000 29793.7 -0.104291 5000.09 0.999569
1094100000 29793.7 -0.171701 5000.11 0.99957
1094200000 29793.7 -0.103006 5000.09 0.999574
1094300000 29793.7 -0.0568567 5000.09 0.999563
1094400000 29793.7 0.100028 5000.06 0.999614
1094500000 29793.7 -0.110009 5000.1 0.999594
1094600000 29793.7 -0.212574 5000.11 0.999574
1094700000 29793.7 -0.012985 5000.08 0.999589
1094800000 29793.7 0.00304912 5000.08 0.999604
1094900000 29793.7 -0.26595 5000.12 0.999576
1095000000 29793.7 -0.0495111 5000.09 0.999565
1095100000 29793.7 -0.0300851 5000.08 0.999608
1095200000 29793.7 0.757804 4999.95 0.999734
1095300000 29793.7 -0.220717 5000.11 0.999562
1095400000 29793.7 -0.0848924 5000.09 0.99956
1095500000 29793.7 -0.123545 5000.1 0.999583
1095600000 29793.7 -0.123939 5000.1 0.999567
1095700000 29793.7 -0.145986 5000.1 0.999561
1095800000 29793.7 -0.110068 5000.1 0.999563
1095900000 29793.7 1.36558 4999.85 0.999818
1096000000 29793.7 -0.0311434 5000.08 0.999613
1096100000 29793.7 0.0759874 5000.06 0.999626
1096200000 29793.7 0.777779 4999.95 0.999787
1096300000 29793.7 -0.140544 5000.1 0.99957
1096400000 29793.7 -0.153265 5000.1 0.999592
1096500000 29793.7 -0.124463 5000.1 0.999597
1096600000 29793.7 0.165664 5000.05 0.999623
1096700000 29793.7 1.17214 4999.88 0.999772
1096800000 29793.7 -0.0579607 5000.09 0.999563
1096900000 29793.7 0.659596 4999.97 0.999694
1097000000 29793.7 -0.165754 5000.11 0.999569
1097100000 29793.7 0.390888 5000.01 0.999657
1097200000 29793.7 -0.0797433 5000.09 0.999564
1097300000 29793.7 -0.139249 5000.1 0.999563
1097400000 29793.7 -0.0819263 5000.09 0.999569
1097500000 29793.7 0.301412 5000.03 0.999649
1097600000 29793.7 -0.127554 5000.1 0.999563
1097700000 29793.7 0.848172 4999.94 0.99973
1097800000 29793.7 0.94732 4999.92 0.999737
1097900000 29793.7 -0.109755 5000.1 0.999563
1098000000 29793.7 -0.253629 5000.12 0.999562
1098100000 29793.7 -0.110945 5000.1 0.999568
1098200000 29793.7 -0.124871 5000.1 0.999567
1098300000 29793.7 -0.137763 5000.1 0.999563
1098400000 29793.7 0.282947 5000.03 0.999644
1098500000 29793.7 -0.066118 5000.09 0.999562
1098600000 29793.7 -0.153971 5000.1 0.999569
1098700000 29793.7 1.7716 4999.78 0.999825
1098800000 29793.7 0.759743 4999.95 0.999707
1098900000 29793.7 -0.0605534 5000.09 0.999609
1099000000 29793.7 -0.0262978 5000.08 0.999566
1099100000 29793.7 -0.174468 5000.11 0.999565
1099200000 29793.7 5.75295 4999.11 1.00023
1099300000 29793.7 0.622517 4999.97 0.999722
1099400000 29793.7 -0.318878 5000.13 0.999571
1099500000 29793.7 -0.187347 5000.11 0.999563
1099600000 29793.7 0.598362 4999.98 0.999726
1099700000 29793.7 -0.0649965 5000.09 0.999565
1099800000 29793.7 -0.140947 5000.1 0.99957
1099900000 29793.7 -0.18103 5000.11 0.999567
1100000000 29793.7 0.11358 5000.06 0.999627
1100100000 29793.7 -0.206673 5000.11 0.999591
1100200000 29793.7 -0.0956444 5000.09 0.999596
1100300000 29793.7 -0.21411 5000.11 0.999556
1100400000 29793.7 -0.126925 5000.1 0.999585
1100500000 29793.7 -0.117303 5000.1 0.999588
1100600000 29793.7 -0.182801 5000.11 0.999573
1100700000 29793.7 -0.106229 5000.1 0.999579
1100800000 29793.7 1.13904 4999.89 0.999765
1100900000 29793.7 0.866193 4999.93 0.999725
1101000000 29793.7 -0.0226955 5000.08 0.999566
1101100000 29793.7 -0.0154351 5000.08 0.999567
1101200000 29793.7 0.142602 5000.05 0.999634
1101300000 29793.7 -0.0309638 5000.08 0.999619
1101400000 29793.7 -0.154995 5000.1 0.999563
1101500000 29793.7 -0.0168512 5000.08 0.999567
1101600000 29793.7 1.67131 4999.8 0.999815
1101700000 29793.7 0.0210568 5000.07 0.999629
1101800000 29793.7 0.750765 4999.95 0.999738
1101900000 29793.7 -0.0834006 5000.09 0.999601
1102000000 29793.7 0.178739 5000.05 0.999677
1102100000 29793.7 -0.0759905 5000.09 0.999613
1102200000 29793.7 -0.163049 5000.1 0.999568
1102300000 29793.7 -0.23684 5000.12 0.999559
1102400000 29793.7 -0.0188634 5000.08 0.999607
1102500000 29793.7 -0.221039 5000.11 0.999561
1102600000 29793.7 -0.108133 5000.1 0.999566
1102700000 29793.7 0.0452147 5000.07 0.999623
1102800000 29793.7 -0.0503472 5000.09 0.999564
1102900000 29793.7 0.142067 5000.05 0.999618
1103000000 29793.7 -0.0700328 5000.09 0.999563
1103100000 29793.7 -0.175655 5000.11 0.999556
1103200000 29793.7 0.454865 5000 0.999685
1103300000 29793.7 1.1691 4999.88 0.999759
1103400000 29793.7 -0.0622467 5000.09 0.999562
1103500000 29793.7 -0.255024 5000.12 0.999571
1103600000 29793.7 2.47695 4999.66 0.999917
1103700000 29793.7 -0.143598 5000.1 0.999566
1103800000 29793.7 -0.073771 5000.09 0.999585
1103900000 29793.7 0.0669226 5000.07 0.999631
1104000000 29793.7 -0.0260137 5000.08 0.999566
1104100000 29793.7 -0.118724 5000.1 0.999566
1104200000 29793.7 -0.0585425 5000.09 0.999582
1104300000 29793.7 -0.0183445 5000.08 0.999602
1104400000 29793.7 0.14154 5000.05 0.999638
1104500000 29793.7 -0.114635 5000.1 0.999559
1104600000 29793.7 1.48419 4999.83 0.999821
1104700000 29793.7 0.318502 5000.02 0.999652
1104800000 29793.7 -0.214676 5000.11 0.99956
1104900000 29793.7 -0.152123 5000.1 0.999565
1105000000 29793.7 -0.0675397 5000.09 0.999585
1105100000 29793.7 -0.0774387 5000.09 0.999583
1105200000 29793.7 -0.0606503 5000.09 0.999566
1105300000 29793.7 -0.0462846 5000.09 0.999566
1105400000 29793.7 2.76489 4999.61 0.999932
1105500000 29793.7 -0.191744 5000.11 0.999575
1105600000 29793.7 0.7746 4999.95 0.999709
1105700000 29793.7 -0.203271 5000.11 0.999562
1105800000 29793.7 -0.0584821 5000.09 0.999563
1105900000 29793.7 0.256831 5000.03 0.999675
1106000000 29793.7 -0.0905349 5000.09 0.999562
1106100000 29793.7 -0.0262579 5000.08 0.999565
1106200000 29793.7 0.551395 4999.98 0.999726
1106300000 29793.7 -0.117303 5000.1 0.999561
1106400000 29793.7 -0.141492 5000.1 0.99957
1106500000 29793.7 0.456087 5000 0.999711
1106600000 29793.7 2.99609 4999.57 0.999974
1106700000 29793.7 -0.146191 5000.1 0.999593
1106800000 29793.7 -0.136018 5000.1 0.999562
1106900000 29793.7 1.46089 4999.83 0.999864
1107000000 29793.7 0.247469 5000.04 0.999688
1107100000 29793.7 -0.0841524 5000.09 0.999561
1107200000 29793.7 0.0935539 5000.06 0.999666
1107300000 29793.7 0.00960572 5000.08 0.999609
1107400000 29793.7 -0.0210196 5000.08 0.999593
1107500000 29793.7 -0.146046 5000.1 0.999559
1107600000 29793.7 1.1911 4999.88 0.999791
1107700000 29793.7 0.503497 4999.99 0.999705
1107800000 29793.7 -0.0678878 5000.09 0.999564
1107900000 29793.7 -0.0710844 5000.09 0.999561
1108000000 29793.7 -0.12009 5000.1 0.999561
1108100000 29793.7 3.24892 4999.53 0.999983
1108200000 29793.7 -0.148817 5000.1 0.999559
1108300000 29793.7 0.0517308 5000.07 0.999632
1108400000 29793.7 0.452899 5000 0.999702
1108500000 29793.7 -0.0228872 5000.08 0.999565
1108600000 29793.7 -0.125885 5000.1 0.999563
1108700000 29793.7 0.646642 4999.97 0.9997
1108800000 29793.7 -0.0998557 5000.09 0.99956
1108900000 29793.7 0.126943 5000.06 0.999657
1109000000 29793.7 0.757668 4999.95 0.999766
1109100000 29793.7 3.78913 4999.44 1.00003
1109200000 29793.7 -0.0617402 5000.09 0.999565
1109300000 29793.7 0.218635 5000.04 0.999661
1109400000 29793.7 -0.102259 5000.09 0.99957
1109500000 29793.7 0.245535 5000.04 0.999654
1109600000 29793.7 1.77739 4999.78 0.999826
1109700000 29793.7 -0.165202 5000.11 0.999564
1109800000 29793.7 -0.0581002 5000.09 0.999563
1109900000 29793.7 -0.0691055 5000.09 0.999562
1110000000 29793.7 1.06532 4999.9 0.999809
1110100000 29793.7 1.59085 4999.81 0.999842
1110200000 29793.7 0.143686 5000.05 0.999635
1110300000 29793.7 -0.0260547 5000.08 0.999566
1110400000 29793.7 -0.0969042 5000.09 0.999573
1110500000 29793.7 -0.0226113 5000.08 0.999611
1110600000 29793.7 -0.222397 5000.11 0.999557
1110700000 29793.7 -0.00455025 5000.08 0.999665
1110800000 29793.7 -0.0885592 5000.09 0.999561
1110900000 29793.7 -0.193158 5000.11 0.999562
1111000000 29793.7 -0.069177 5000.09 0.999562
1111100000 29793.7 0.174581 5000.05 0.999657
1111200000 29793.7 -0.0113764 5000.08 0.999602
1111300000 29793.7 0.0536811 5000.07 0.99964
1111400000 29793.7 -0.0163823 5000.08 0.999586
1111500000 29793.7 -0.182715 5000.11 0.999569
1111600000 29793.7 -0.0500932 5000.09 0.999563
1111700000 29793.7 -0.147038 5000.1 0.99957
1111800000 29793.7 -0.121996 5000.1 0.999559
1111900000 29793.7 1.41545 4999.84 0.999786
1112000000 29793.7 1.68761 4999.79 0.999827
1112100000 29793.7 -0.107211 5000.1 0.999575
1112200000 29793.7 -0.16951 5000.11 0.999598
1112300000 29793.7 0.492028 4999.99 0.99972
1112400000 29793.7 -0.119113 5000.1 0.999576
1112500000 29793.7 -0.104707 5000.1 0.999593
1112600000 29793.7 -0.132628 5000.1 0.999562
1112700000 29793.7 -0.193477 5000.11 0.999608
1112800000 29793.7 -0.163476 5000.1 0.999568
1112900000 29793.7 -0.187985 5000.11 0.999566
1113000000 29793.7 0.0555769 5000.07 0.999613
1113100000 29793.7 -0.074367 5000.09 0.999587
1113200000 29793.7 -0.0874706 5000.09 0.999565
1113300000 29793.7 -0.0859291 5000.09 0.99956
1113400000 29793.7 -0.0920095 5000.09 0.999565
1113500000 29793.7 -0.188886 5000.11 0.999563
1113600000 29793.7 -0.0774215 5000.09 0.999562
1113700000 29793.7 -0.0623684 5000.09 0.999593
1113800000 29793.7 -0.138479 5000.1 0.999567
1113900000 29793.7 -0.0164895 5000.08 0.999566
1114000000 29793.7 0.485373 5000 0.999693
1114100000 29793.7 0.365207 5000.02 0.999663
1114200000 29793.7 -0.18012 5000.11 0.999586
1114300000 29793.7 -0.0407951 5000.08 0.999565
1114400000 29793.7 -0.0400987 5000.08 0.999581
1114500000 29793.7 -0.054027 5000.09 0.999581
1114600000 29793.7 -0.154689 5000.1 0.999563
1114700000 29793.7 0.441176 5000 0.999672
1114800000 29793.7 -0.137144 5000.1 0.999602
1114900000 29793.7 -0.00938168 5000.08 0.999567
1115000000 29793.7 2.27127 4999.7 0.999906
1115100000 29793.7 -0.042218 5000.08 0.999565
1115200000 29793.7 0.271664 5000.03 0.999688
1115300000 29793.7 -0.325883 5000.13 0.999555
1115400000 29793.7 1.69356 4999.79 0.999817
1115500000 29793.7 -0.126682 5000.1 0.999598
1115600000 29793.7 -0.182554 5000.11 0.999563
1115700000 29793.7 -0.025362 5000.08 0.999565
1115800000 29793.7 -0.12288 5000.1 0.99959
1115900000 29793.7 -0.0936884 5000.09 0.999562
1116000000 29793.7 -0.0741817 5000.09 0.999562
1116100000 29793.7 -0.107362 5000.1 0.999566
1116200000 29793.7 1.36279 4999.85 0.99986
1116300000 29793.7 -0.128097 5000.1 0.999563
1116400000 29793.7 -0.0718889 5000.09 0.999562
1116500000 29793.7 0.551986 4999.98 0.999683
1116600000 29793.7 0.00870271 5000.08 0.999616
1116700000 29793.7 1.19736 4999.88 0.99976
1116800000 29793.7 -0.163483 5000.1 0.999572
1116900000 29793.7 2.08503 4999.73 0.999869
1117000000 29793.7 0.0125327 5000.08 0.999616
1117100000 29793.7 -0.156213 5000.1 0.999564
1117200000 29793.7 -0.0955705 5000.09 0.999566
1117300000 29793.7 -0.12538 5000.1 0.999563
1117400000 29793.7 0.901599 4999.93 0.999747
1117500000 29793.7 -0.193696 5000.11 0.99958
1117600000 29793.7 0.657296 4999.97 0.999706
1117700000 29793.7 -0.0586735 5000.09 0.999589
1117800000 29793.7 -0.114764 5000.1 0.999565
1117900000 29793.7 -0.0482883 5000.09 0.999564
1118000000 29793.7 -0.0267232 5000.08 0.999565
1118100000 29793.7 0.11404 5000.06 0.999646
1118200000 29793.7 -0.179705 5000.11 0.999563
1118300000 29793.7 -0.0216656 5000.08 0.999566
1118400000 29793.7 0.620932 4999.97 0.999699
1118500000 29793.7 -0.0927869 5000.09 0.999574
1118600000 29793.7 0.291471 5000.03 0.999667
1118700000 29793.7 1.9608 4999.75 0.999941
1118800000 29793.7 -0.278915 5000.12 0.999579
1118900000 29793.7 6.17838 4999.04 1.00024
1119000000 29793.7 1.39756 4999.84 0.999844
1119100000 29793.7 -0.0470415 5000.09 0.999564
1119200000 29793.7 -0.0124372 5000.08 0.999614
1119300000 29793.7 -0.0293565 5000.08 0.999565
1119400000 29793.7 -0.118471 5000.1 0.99956
1119500000 29793.7 -0.0741828 5000.09 0.999562
1119600000 29793.7 -0.124959 5000.1 0.999569
1119700000 29793.7 0.37995 5000.01 0.999697
1119800000 29793.7 0.239627 5000.04 0.999638
1119900000 29793.7 -0.0707271 5000.09 0.999585
1120000000 29793.7 -0.106541 5000.1 0.99959
1120100000 29793.7 -0.102831 5000.09 0.999571
1120200000 29793.7 1.4077 4999.84 0.999794
1120300000 29793.7 -0.134343 5000.1 0.999575
1120400000 29793.7 -0.11206 5000.1 0.999562
1120500000 29793.7 -0.0927285 5000.09 0.999569
1120600000 29793.7 -0.149547 5000.1 0.999561
1120700000 29793.7 1.95548 4999.75 0.999869
1120800000 29793.7 0.657162 4999.97 0.999697
1120900000 29793.7 -0.129524 5000.1 0.999593
1121000000 29793.7 -0.117252 5000.1 0.999584
1121100000 29793.7 -0.117471 5000.1 0.999628
1121200000 29793.7 0.380286 5000.01 0.999698
1121300000 29793.7 -0.0237809 5000.08 0.999566
1121400000 29793.7 -0.0907559 5000.09 0.999571
1121500000 29793.7 0.412193 5000.01 0.999669
1121600000 29793.7 -0.0870755 5000.09 0.999562
1121700000 29793.7 -0.0888146 5000.09 0.999564
1121800000 29793.7 -0.125168 5000.1 0.999561
1121900000 29793.7 -0.0765702 5000.09 0.999565
1122000000 29793.7 1.24486 4999.87 0.99983
1122100000 29793.7 -0.201406 5000.11 0.999576
1122200000 29793.7 -0.079091 5000.09 0.99957
1122300000 29793.7 -0.244065 5000.12 0.999597
1122400000 29793.7 -0.214174 5000.11 0.999563
1122500000 29793.7 -0.243451 5000.12 0.999569
1122600000 29793.7 -0.221562 5000.11 0.999559
1122700000 29793.7 -0.257509 5000.12 0.999585
1122800000 29793.7 -0.0367371 5000.08 0.999565
1122900000 29793.7 0.0875296 5000.06 0.999609
1123000000 29793.7 0.478656 5000 0.9997
1123100000 29793.7 -0.129866 5000.1 0.999557
1123200000 29793.7 -0.0314752 5000.08 0.999608
1123300000 29793.7 4.95159 4999.25 1.0002
1123400000 29793.7 1.62061 4999.81 0.999811
1123500000 29793.7 -0.0581246 5000.09 0.999588
1123600000 29793.7 0.316391 5000.02 0.999685
1123700000 29793.7 -0.139244 5000.1 0.99956
1123800000 29793.7 -0.0895339 5000.09 0.999618
1123900000 29793.7 -0.0254933 5000.08 0.999566
1124000000 29793.7 -0.074882 5000.09 0.999564
1124100000 29793.7 -0.0603331 5000.09 0.999576
1124200000 29793.7 -0.0163529 5000.08 0.999567
1124300000 29793.7 -0.0764702 5000.09 0.999561
1124400000 29793.7 -0.118119 5000.1 0.99958
1124500000 29793.7 -0.0975866 5000.09 0.999581
1124600000 29793.7 -0.107598 5000.1 0.999584
1124700000 29793.7 -0.14214 5000.1 0.999567
1124800000 29793.7 -0.0984136 5000.09 0.999559
1124900000 29793.7 0.545322 4999.99 0.999681
1125000000 29793.7 -0.0102595 5000.08 0.999616
1125100000 29793.7 2.62475 4999.64 0.999919
1125200000 29793.7 0.0152938 5000.07 0.9996
1125300000 29793.7 -0.0994301 5000.09 0.999597
1125400000 29793.7 -0.219815 5000.11 0.999555
1125500000 29793.7 0.0101237 5000.08 0.999636
1125600000 29793.7 -0.107647 5000.1 0.999562
1125700000 29793.7 -0.00721791 5000.08 0.999567
1125800000 29793.7 1.49342 4999.83 0.999803
1125900000 29793.7 5.04984 4999.23 1.00015
1126000000 29793.7 -0.129283 5000.1 0.999562
1126100000 29793.7 0.389578 5000.01 0.999672
1126200000 29793.7 -0.0916921 5000.09 0.999561
1126300000 29793.7 -0.14112 5000.1 0.999574
1126400000 29793.7 -0.0692571 5000.09 0.99957
1126500000 29793.7 -0.200504 5000.11 0.999555
1126600000 29793.7 -0.121371 5000.1 0.99956
1126700000 29793.7 -0.0600292 5000.09 0.999586
1126800000 29793.7 0.35979 5000.02 0.99968
1126900000 29793.7 -0.126607 5000.1 0.999559
1127000000 29793.7 -0.0890764 5000.09 0.999564
1127100000 29793.7 -0.0981696 5000.09 0.999563
1127200000 29793.7 -0.0578891 5000.09 0.999608
1127300000 29793.7 -0.122971 5000.1 0.999562
1127400000 29793.7 0.579479 4999.98 0.999724
1127500000 29793.7 1.88798 4999.76 0.999838
1127600000 29793.7 -0.0592311 5000.09 0.999563
1127700000 29793.7 0.376638 5000.01 0.999703
1127800000 29793.7 -0.139457 5000.1 0.999567
1127900000 29793.7 -0.172193 5000.11 0.999573
1128000000 29793.7 -0.0858868 5000.09 0.99957
1128100000 29793.7 0.0287389 5000.07 0.999645
1128200000 29793.7 -0.0508838 5000.09 0.999564
1128300000 29793.7 -0.0204792 5000.08 0.999566
1128400000 29793.7 -0.070716 5000.09 0.999563
1128500000 29793.7 -0.0552841 5000.09 0.999576
1128600000 29793.7 -0.147013 5000.1 0.999587
1128700000 29793.7 0.0557647 5000.07 0.999613
1128800000 29793.7 -0.0408063 5000.08 0.999585
1128900000 29793.7 -0.0617725 5000.09 0.999571
1129000000 29793.7 0.308491 5000.03 0.999658
1129100000 29793.7 1.14288 4999.89 0.999762
1129200000 29793.7 7.51016 4998.82 1.00035
1129300000 29793.7 -0.151022 5000.1 0.9996
1129400000 29793.7 0.557933 4999.98 0.99968
1129500000 29793.7 -0.14 5000.1 0.999571
1129600000 29793.7 -0.28147 5000.12 0.999576
1129700000 29793.7 5.00754 4999.24 1.00015
1129800000 29793.7 -0.0637715 5000.09 0.999563
1129900000 29793.7 -0.228115 5000.12 0.999569
1130000000 29793.7 2.04078 4999.73 0.999872
1130100000 29793.7 -0.20653 5000.11 0.999571
1130200000 29793.7 -0.209043 5000.11 0.99957
1130300000 29793.7 -0.154407 5000.1 0.999556
1130400000 29793.7 -0.261593 5000.12 0.999563
1130500000 29793.7 -0.107668 5000.1 0.999563
1130600000 29793.7 -0.0637662 5000.09 0.999602
1130700000 29793.7 -0.0928727 5000.09 0.999561
1130800000 29793.7 0.985156 4999.91 0.999762
1130900000 29793.7 -0.116901 5000.1 0.999579
1131000000 29793.7 -0.0768136 5000.09 0.999562
1131100000 29793.7 -0.082333 5000.09 0.999599
1131200000 29793.7 -0.0322057 5000.08 0.999565
1131300000 29793.7 -0.063214 5000.09 0.999562
1131400000 29793.7 -0.0496312 5000.09 0.999563
1131500000 29793.7 -0.115826 5000.1 0.999565
1131600000 29793.7 -0.135012 5000.1 0.999563
1131700000 29793.7 -0.112418 5000.1 0.999602
1131800000 29793.7 -0.0965326 5000.09 0.999565
1131900000 29793.7 -0.108372 5000.1 0.999609
1132000000 29793.7 -0.016392 5000.08 0.999566
1132100000 29793.7 -0.100634 5000.09 0.999559
1132200000 29793.7 -0.181554 5000.11 0.999562
1132300000 29793.7 -0.0671316 5000.09 0.999564
1132400000 29793.7 0.959686 4999.92 0.999783
1132500000 29793.7 -0.132867 5000.1 0.99956
1132600000 29793.7 -0.0641557 5000.09 0.999583
1132700000 29793.7 -0.0965789 5000.09 0.99956
1132800000 29793.7 -0.158279 5000.1 0.999556
1132900000 29793.7 -0.150589 5000.1 0.99956
1133000000 29793.7 -0.035895 5000.08 0.999626
1133100000 29793.7 -0.109461 5000.1 0.999585
1133200000 29793.7 -0.139229 5000.1 0.999588
1133300000 29793.7 -0.199226 5000.11 0.99956
1133400000 29793.7 -0.13701 5000.1 0.999597
1133500000 29793.7 3.87254 4999.43 1.00007
1133600000 29793.7 -0.078958 5000.09 0.999589
1133700000 29793.7 -0.185117 5000.11 0.999565
1133800000 29793.7 -0.234794 5000.12 0.999574
1133900000 29793.7 -0.0212214 5000.08 0.999566
1134000000 29793.7 -0.161239 5000.1 0.999563
1134100000 29793.7 1.21027 4999.87 0.999766
1134200000 29793.7 4.40267 4999.34 1.00009
1134300000 29793.7 0.107154 5000.06 0.999615
1134400000 29793.7 -0.160688 5000.1 0.999568
1134500000 29793.7 -0.145743 5000.1 0.999568
1134600000 29793.7 -0.0169037 5000.08 0.999566
1134700000 29793.7 -0.0145999 5000.08 0.999588
1134800000 29793.7 2.21988 4999.71 0.999885
1134900000 29793.7 -0.0543193 5000.09 0.999564
1135000000 29793.7 0.0601347 5000.07 0.999613
1135100000 29793.7 1.31878 4999.86 0.999774
1135200000 29793.7 3.07451 4999.56 0.99996
1135300000 29793.7 0.0101589 5000.08 0.999594
1135400000 29793.7 -0.0525764 5000.09 0.999563
1135500000 29793.7 0.377839 5000.01 0.999679
1135600000 29793.7 0.898123 4999.93 0.999724
1135700000 29793.7 0.038916 5000.07 0.999598
1135800000 29793.7 -0.112219 5000.1 0.999597
1135900000 29793.7 -0.0692649 5000.09 0.999561
1136000000 29793.7 -0.203985 5000.11 0.999558
1136100000 29793.7 -0.0633119 5000.09 0.999563
1136200000 29793.7 0.106063 5000.06 0.999613
1136300000 29793.7 0.317203 5000.02 0.999671
1136400000 29793.7 0.215012 5000.04 0.999668
1136500000 29793.7 1.54196 4999.82 0.999801
1136600000 29793.7 -0.069735 5000.09 0.99958
1136700000 29793.7 -0.0275196 5000.08 0.999566
1136800000 29793.7 -0.187891 5000.11 0.999561
1136900000 29793.7 0.335287 5000.02 0.999657
1137000000 29793.7 -0.112538 5000.1 0.999571
1137100000 29793.7 2.35866 4999.68 0.999904
1137200000 29793.7 0.00425963 5000.08 0.999637
1137300000 29793.7 -0.0303082 5000.08 0.999566
1137400000 29793.7 -0.0529968 5000.09 0.999563
1137500000 29793.7 -0.0154683 5000.08 0.999567
1137600000 29793.7 -0.109281 5000.1 0.999565
1137700000 29793.7 -0.0673697 5000.09 0.999563
1137800000 29793.7 -0.068594 5000.09 0.999561
1137900000 29793.7 6.30833 4999.02 1.00025
1138000000 29793.7 -0.0804907 5000.09 0.99957
1138100000 29793.7 0.614065 4999.97 0.999709
1138200000 29793.7 -0.133636 5000.1 0.999557
1138300000 29793.7 -0.135735 5000.1 0.999564
1138400000 29793.7 1.65135 4999.8 0.999813
1138500000 29793.7 0.99717 4999.91 0.999741
1138600000 29793.7 0.317364 5000.02 0.999646
1138700000 29793.7 0.536217 4999.99 0.999688
1138800000 29793.7 2.94004 4999.58 1.00002
1138900000 29793.7 0.208746 5000.04 0.999641
1139000000 29793.7 0.370493 5000.02 0.999656
1139100000 29793.7 -0.134737 5000.1 0.99956
1139200000 29793.7 -0.167911 5000.11 0.999583
1139300000 29793.7 -0.132197 5000.1 0.999566
1139400000 29793.7 -0.0742575 5000.09 0.999563
1139500000 29793.7 -0.0926591 5000.09 0.999565
1139600000 29793.7 -0.141576 5000.1 0.999565
1139700000 29793.7 -0.116524 5000.1 0.999559
1139800000 29793.7 -0.145807 5000.1 0.999576
1139900000 29793.7 0.577873 4999.98 0.999743
1140000000 29793.7 -0.0503714 5000.09 0.999589
1140100000 29793.7 -0.0405938 5000.08 0.999565
1140200000 29793.7 -0.0314268 5000.08 0.999565
1140300000 29793.7 -0.219026 5000.11 0.999575
1140400000 29793.7 -0.124937 5000.1 0.999562
1140500000 29793.7 0.118345 5000.06 0.999629
1140600000 29793.7 0.281612 5000.03 0.999663
1140700000 29793.7 -0.113682 5000.1 0.99956
1140800000 29793.7 -0.116731 5000.1 0.999568
1140900000 29793.7 -0.158725 5000.1 0.999562
1141000000 29793.7 2.3145 4999.69 0.999915
1141100000 29793.7 -0.175105 5000.11 0.999572
1141200000 29793.7 0.225436 5000.04 0.999663
1141300000 29793.7 0.191376 5000.05 0.999647
1141400000 29793.7 3.60503 4999.47 1.00008
1141500000 29793.7 0.208424 5000.04 0.999683
1141600000 29793.7 0.215983 5000.04 0.99963
1141700000 29793.7 -0.0215069 5000.08 0.999566
1141800000 29793.7 0.105073 5000.06 0.999682
1141900000 29793.7 0.830843 4999.94 0.999784
1142000000 29793.7 -0.0760197 5000.09 0.999562
1142100000 29793.7 -0.10864 5000.1 0.999572
1142200000 29793.7 -0.176062 5000.11 0.999562
1142300000 29793.7 -0.115972 5000.1 0.999562
1142400000 29793.7 0.404709 5000.01 0.999671
1142500000 29793.7 0.334381 5000.02 0.999667
1142600000 29793.7 -0.190768 5000.11 0.999558
1142700000 29793.7 -0.032733 5000.08 0.999565
1142800000 29793.7 -0.0672508 5000.09 0.999607
1142900000 29793.7 -0.0573158 5000.09 0.999565
1143000000 29793.7 -0.0727613 5000.09 0.999563
1143100000 29793.7 -0.110933 5000.1 0.999563
1143200000 29793.7 -0.0793033 5000.09 0.999561
1143300000 29793.7 -0.0725646 5000.09 0.999562
1143400000 29793.7 -0.030139 5000.08 0.999565
1143500000 29793.7 -0.0339928 5000.08 0.999565
1143600000 29793.7 -0.0781645 5000.09 0.999564
1143700000 29793.7 0.162808 5000.05 0.999635
1143800000 29793.7 0.388016 5000.01 0.99967
1143900000 29793.7 1.21891 4999.87 0.999837
1144000000 29793.7 -0.0237204 5000.08 0.999565
1144100000 29793.7 -0.0907591 5000.09 0.999562
1144200000 29793.7 -0.0993145 5000.09 0.99958
1144300000 29793.7 -0.0794978 5000.09 0.999561
1144400000 29793.7 -0.0332006 5000.08 0.999566
1144500000 29793.7 -0.176533 5000.11 0.999565
1144600000 29793.7 -0.0930028 5000.09 0.999563
1144700000 29793.7 -0.149805 5000.1 0.999563
1144800000 29793.7 0.210735 5000.04 0.999684
1144900000 29793.7 -0.0464754 5000.09 0.999564
1145000000 29793.7 1.36671 4999.85 0.999809
1145100000 29793.7 -0.150414 5000.1 0.999616
1145200000 29793.7 -0.195537 5000.11 0.999574
1145300000 29793.7 -0.169211 5000.11 0.999598
1145400000 29793.7 0.137735 5000.05 0.999644
1145500000 29793.7 -0.0341793 5000.08 0.99961
1145600000 29793.7 -0.107785 5000.1 0.999591
1145700000 29793.7 0.627022 4999.97 0.999695
1145800000 29793.7 -0.0728875 5000.09 0.999563
1145900000 29793.7 -0.0920062 5000.09 0.999599
1146000000 29793.7 -0.101362 5000.09 0.999559
1146100000 29793.7 3.0525 4999.57 0.999962
1146200000 29793.7 0.696629 4999.96 0.999706
1146300000 29793.7 -0.209706 5000.11 0.999561
1146400000 29793.7 -0.136226 5000.1 0.999563
1146500000 29793.7 -0.0101408 5000.08 0.999567
1146600000 29793.7 0.373864 5000.01 0.999671
1146700000 29793.7 0.283341 5000.03 0.999658
1146800000 29793.7 -0.217109 5000.11 0.99957
1146900000 29793.7 -0.119926 5000.1 0.999561
1147000000 29793.7 -0.103236 5000.09 0.999561
1147100000 29793.7 2.22675 4999.7 0.999984
1147200000 29793.7 -0.0981111 5000.09 0.999563
1147300000 29793.7 -0.116735 5000.1 0.999564
1147400000 29793.7 -0.116738 5000.1 0.999559
1147500000 29793.7 0.0852727 5000.06 0.999615
1147600000 29793.7 -0.03669 5000.08 0.999565
1147700000 29793.7 0.606841 4999.98 0.999705
1147800000 29793.7 -0.056035 5000.09 0.999564
1147900000 29793.7 -0.137638 5000.1 0.999564
1148000000 29793.7 -0.117253 5000.1 0.999566
1148100000 29793.7 0.330129 5000.02 0.999668
1148200000 29793.7 -0.0745757 5000.09 0.999585
1148300000 29793.7 -0.112868 5000.1 0.999559
1148400000 29793.7 -0.235661 5000.12 0.999574
1148500000 29793.7 -0.158162 5000.1 0.999557
1148600000 29793.7 0.275983 5000.03 0.999711
1148700000 29793.7 -0.127179 5000.1 0.99956
1148800000 29793.7 2.03002 4999.74 0.999869
1148900000 29793.7 -0.177221 5000.11 0.999559
1149000000 29793.7 -0.0943186 5000.09 0.99956
1149100000 29793.7 -0.21454 5000.11 0.999558
1149200000 29793.7 -0.0456826 5000.09 0.999564
1149300000 29793.7 0.396382 5000.01 0.999667
1149400000 29793.7 -0.117063 5000.1 0.999567
1149500000 29793.7 -0.106554 5000.1 0.99956
1149600000 29793.7 0.0193551 5000.07 0.999598
1149700000 29793.7 -0.0982874 5000.09 0.999566
1149800000 29793.7 -0.241918 5000.12 0.999574
1149900000 29793.7 -0.080698 5000.09 0.999564
1150000000 29793.7 -0.0430148 5000.08 0.999563
1150100000 29793.7 -0.160485 5000.1 0.999564
1150200000 29793.7 0.868858 4999.93 0.999724
1150300000 29793.7 -0.00858454 5000.08 0.999567
1150400000 29793.7 -0.185798 5000.11 0.99956
1150500000 29793.7 -0.180091 5000.11 0.99959
1150600000 29793.7 -0.0691724 5000.09 0.99959
1150700000 29793.7 -0.119689 5000.1 0.99956
1150800000 29793.7 0.298772 5000.03 0.999645
1150900000 29793.7 -0.1143 5000.1 0.999562
1151000000 29793.7 -0.033632 5000.08 0.999565
1151100000 29793.7 0.76689 4999.95 0.999711
1151200000 29793.7 -0.07216 5000.09 0.999564
1151300000 29793.7 -0.0210908 5000.08 0.999566
1151400000 29793.7 0.147263 5000.05 0.999627
1151500000 29793.7 -0.0953323 5000.09 0.999569
1151600000 29793.7 -0.138573 5000.1 0.99957
1151700000 29793.7 -0.117318 5000.1 0.999567
1151800000 29793.7 0.665958 4999.97 0.999694
1151900000 29793.7 -0.0625363 5000.09 0.999637
1152000000 29793.7 -0.029527 5000.08 0.999601
1152100000 29793.7 0.0505692 5000.07 0.999603
1152200000 29793.7 -0.167865 5000.11 0.999564
1152300000 29793.7 -0.0554322 5000.09 0.999564
1152400000 29793.7 -0.139842 5000.1 0.999562
1152500000 29793.7 0.972969 4999.91 0.999745
1152600000 29793.7 0.249698 5000.04 0.999641
1152700000 29793.7 0.169935 5000.05 0.999641
1152800000 29793.7 -0.141512 5000.1 0.99956
1152900000 29793.7 0.156085 5000.05 0.999622
1153000000 29793.7 -0.1169 5000.1 0.999558
1153100000 29793.7 0.0619621 5000.07 0.999636
1153200000 29793.7 -0.102922 5000.09 0.999593
1153300000 29793.7 -0.170859 5000.11 0.999558
1153400000 29793.7 -0.0616944 5000.09 0.999562
1153500000 29793.7 -0.0429098 5000.08 0.999582
1153600000 29793.7 -0.146571 5000.1 0.999578
1153700000 29793.7 -0.0771473 5000.09 0.999566
1153800000 29793.7 -0.00635127 5000.08 0.999603
1153900000 29793.7 -0.0505523 5000.09 0.999592
1154000000 29793.7 6.59855 4998.97 1.00028
1154100000 29793.7 0.0559386 5000.07 0.999636
1154200000 29793.7 0.300285 5000.03 0.999665
1154300000 29793.7 -0.083079 5000.09 0.999576
1154400000 29793.7 -0.199571 5000.11 0.999557
1154500000 29793.7 -0.0994505 5000.09 0.999562
1154600000 29793.7 -0.10323 5000.09 0.999558
1154700000 29793.7 -0.12033 5000.1 0.999581
1154800000 29793.7 -0.0511473 5000.09 0.999564
1154900000 29793.7 0.469148 5000 0.999673
1155000000 29793.7 -0.0769323 5000.09 0.999563
1155100000 29793.7 -0.0821011 5000.09 0.999562
1155200000 29793.7 -0.139889 5000.1 0.99956
1155300000 29793.7 -0.105183 5000.1 0.999562
1155400000 29793.7 0.107568 5000.06 0.999627
1155500000 29793.7 -0.136749 5000.1 0.999562
1155600000 29793.7 -0.232544 5000.12 0.999589
1155700000 29793.7 2.04817 4999.73 0.999886
1155800000 29793.7 -0.0975662 5000.09 0.999598
1155900000 29793.7 1.66379 4999.8 0.999838
1156000000 29793.7 -0.1015 5000.09 0.999579
1156100000 29793.7 -0.0633641 5000.09 0.999562
1156200000 29793.7 -0.0927309 5000.09 0.999573
1156300000 29793.7 -0.022954 5000.08 0.999566
1156400000 29793.7 -0.0602737 5000.09 0.999563
1156500000 29793.7 -0.201119 5000.11 0.999579
1156600000 29793.7 -0.306453 5000.13 0.999588
1156700000 29793.7 -0.245705 5000.12 0.999559
1156800000 29793.7 0.818358 4999.94 0.999735
1156900000 29793.7 -0.0744135 5000.09 0.999564
1157000000 29793.7 -0.0733106 5000.09 0.999572
1157100000 29793.7 -0.142521 5000.1 0.999564
1157200000 29793.7 -0.111667 5000.1 0.99956
1157300000 29793.7 -0.0978017 5000.09 0.999565
1157400000 29793.7 -0.080179 5000.09 0.999567
1157500000 29793.7 -0.124666 5000.1 0.999569
1157600000 29793.7 1.15009 4999.88 0.999798
1157700000 29793.7 -0.136781 5000.1 0.999579
1157800000 29793.7 -0.0304825 5000.08 0.999565
1157900000 29793.7 -0.14281 5000.1 0.999562
1158000000 29793.7 0.813209 4999.94 0.999713
1158100000 29793.7 -0.0475299 5000.09 0.999564
1158200000 29793.7 -0.095036 5000.09 0.9996
1158300000 29793.7 -0.213204 5000.11 0.999565
1158400000 29793.7 -0.0603761 5000.09 0.999563
1158500000 29793.7 -0.102323 5000.09 0.999564
1158600000 29793.7 -0.0924025 5000.09 0.999573
1158700000 29793.7 0.0153265 5000.07 0.99961
1158800000 29793.7 1.67765 4999.8 0.999877
1158900000 29793.7 -0.155274 5000.1 0.999567
1159000000 29793.7 0.455924 5000 0.999706
1159100000 29793.7 -0.178084 5000.11 0.999597
1159200000 29793.7 0.368558 5000.02 0.999658
1159300000 29793.7 -0.0324951 5000.08 0.999565
1159400000 29793.7 -0.0966633 5000.09 0.999568
1159500000 29793.7 -0.0653038 5000.09 0.999562
1159600000 29793.7 -0.116288 5000.1 0.999564
1159700000 29793.7 -0.113193 5000.1 0.999565
1159800000 29793.7 -0.0190943 5000.08 0.999629
1159900000 29793.7 -0.131561 5000.1 0.999561
1160000000 29793.7 0.323749 5000.02 0.999687
1160100000 29793.7 -0.0513679 5000.09 0.999575
1160200000 29793.7 -0.223588 5000.12 0.999555
1160300000 29793.7 0.375245 5000.01 0.999703
1160400000 29793.7 -0.293425 5000.13 0.999561
1160500000 29793.7 -0.0146396 5000.08 0.999567
1160600000 29793.7 -0.0271129 5000.08 0.999566
1160700000 29793.7 -0.0930893 5000.09 0.999573
1160800000 29793.7 0.0274046 5000.07 0.999629
1160900000 29793.7 0.0402291 5000.07 0.9996
1161000000 29793.7 -0.0408737 5000.08 0.999596
1161100000 29793.7 0.822924 4999.94 0.999718
1161200000 29793.7 -0.233036 5000.12 0.99956
1161300000 29793.7 -0.142596 5000.1 0.999558
1161400000 29793.7 0.204751 5000.04 0.999656
1161500000 29793.7 1.06116 4999.9 0.999768
1161600000 29793.7 -0.131003 5000.1 0.999578
1161700000 29793.7 -0.0248338 5000.08 0.999566
1161800000 29793.7 0.605105 4999.98 0.99969
1161900000 29793.7 -0.0467658 5000.09 0.999563
1162000000 29793.7 -0.0939625 5000.09 0.99956
1162100000 29793.7 -0.227072 5000.12 0.999567
1162200000 29793.7 0.0905592 5000.06 0.99964
1162300000 29793.7 -0.177923 5000.11 0.999568
1162400000 29793.7 -0.0373572 5000.08 0.999588
1162500000 29793.7 0.0590678 5000.07 0.999605
1162600000 29793.7 -0.0587459 5000.09 0.999564
1162700000 29793.7 -0.0937088 5000.09 0.999565
1162800000 29793.7 2.06715 4999.73 0.999857
1162900000 29793.7 1.47098 4999.83 0.99991
1163000000 29793.7 -0.118573 5000.1 0.999608
1163100000 29793.7 -0.191935 5000.11 0.999565
1163200000 29793.7 2.24782 4999.7 0.999941
1163300000 29793.7 -0.316549 5000.13 0.999561
1163400000 29793.7 -0.103922 5000.09 0.999587
1163500000 29793.7 -0.0241441 5000.08 0.999566
1163600000 29793.7 0.451694 5000 0.999665
1163700000 29793.7 -0.09633 5000.09 0.99958
1163800000 29793.7 -0.142492 5000.1 0.999574
1163900000 29793.7 -0.123795 5000.1 0.999564
1164000000 29793.7 0.0795215 5000.06 0.999646
1164100000 29793.7 3.08751 4999.56 0.999969
1164200000 29793.7 -0.122305 5000.1 0.999578
1164300000 29793.7 0.0140961 5000.08 0.999594
1164400000 29793.7 -0.190797 5000.11 0.999591
1164500000 29793.7 2.5862 4999.64 0.999971
1164600000 29793.7 1.56498 4999.81 0.999802
1164700000 29793.7 0.430607 5000.01 0.99968
1164800000 29793.7 -0.170252 5000.11 0.999592
1164900000 29793.7 -0.0263546 5000.08 0.999566
1165000000 29793.7 -0.0589973 5000.09 0.999564
1165100000 29793.7 3.25245 4999.53 1.00007
1165200000 29793.7 0.00821821 5000.08 0.999598
1165300000 29793.7 -0.0455886 5000.09 0.999564
1165400000 29793.7 -0.0398905 5000.08 0.999616
1165500000 29793.7 0.278711 5000.03 0.999655
1165600000 29793.7 -0.121267 5000.1 0.999563
1165700000 29793.7 0.121176 5000.06 0.999661
1165800000 29793.7 -0.0930081 5000.09 0.999576
1165900000 29793.7 0.359042 5000.02 0.999681
1166000000 29793.7 -0.179132 5000.11 0.999567
1166100000 29793.7 0.139531 5000.05 0.999628
1166200000 29793.7 0.0579171 5000.07 0.999616
1166300000 29793.7 -0.176435 5000.11 0.99958
1166400000 29793.7 -0.13442 5000.1 0.999562
1166500000 29793.7 -0.1355 5000.1 0.999598
1166600000 29793.7 -0.0567995 5000.09 0.999565
1166700000 29793.7 -0.108457 5000.1 0.999573
1166800000 29793.7 0.0979892 5000.06 0.999626
1166900000 29793.7 0.801044 4999.94 0.999745
1167000000 29793.7 -0.0531276 5000.09 0.999592
1167100000 29793.7 0.825542 4999.94 0.999731
1167200000 29793.7 -0.0195828 5000.08 0.999566
1167300000 29793.7 -0.109093 5000.1 0.999567
1167400000 29793.7 -0.185961 5000.11 0.999577
1167500000 29793.7 0.00273271 5000.08 0.99959
1167600000 29793.7 -0.0583867 5000.09 0.999565
1167700000 29793.7 -0.0808027 5000.09 0.999562
1167800000 29793.7 -0.162858 5000.1 0.999572
1167900000 29793.7 0.148335 5000.05 0.999621
1168000000 29793.7 -0.178406 5000.11 0.999582
1168100000 29793.7 -0.197628 5000.11 0.999569
1168200000 29793.7 0.660975 4999.97 0.999705
1168300000 29793.7 -0.0708601 5000.09 0.999562
1168400000 29793.7 0.279931 5000.03 0.999654
1168500000 29793.7 0.0291735 5000.07 0.999627
1168600000 29793.7 -0.0770629 5000.09 0.999575
1168700000 29793.7 0.177547 5000.05 0.999651
1168800000 29793.7 -0.0788012 5000.09 0.999561
1168900000 29793.7 1.0957 4999.89 0.999779
1169000000 29793.7 -0.132504 5000.1 0.999571
1169100000 29793.7 0.402386 5000.01 0.999722
1169200000 29793.7 1.51501 4999.82 0.999822
1169300000 29793.7 -0.0482838 5000.09 0.99959
1169400000 29793.7 -0.155472 5000.1 0.999574
1169500000 29793.7 0.604857 4999.98 0.999694
1169600000 29793.7 -0.0973732 5000.09 0.999561
1169700000 29793.7 0.504567 4999.99 0.999704
1169800000 29793.7 -0.14506 5000.1 0.999567
1169900000 29793.7 -0.095021 5000.09 0.999562
1170000000 29793.7 0.0663974 5000.07 0.999605
1170100000 29793.7 -0.133099 5000.1 0.999573
1170200000 29793.7 -0.1613 5000.1 0.999582
1170300000 29793.7 -0.0936982 5000.09 0.999565
1170400000 29793.7 -0.148031 5000.1 0.999561
1170500000 29793.7 -0.0859478 5000.09 0.99956
1170600000 29793.7 -0.124622 5000.1 0.999564
1170700000 29793.7 -0.0997441 5000.09 0.999564
1170800000 29793.7 -0.133061 5000.1 0.99958
1170900000 29793.7 3.02368 4999.57 0.999956
1171000000 29793.7 -0.199959 5000.11 0.999567
1171100000 29793.7 -0.0456241 5000.09 0.999564
1171200000 29793.7 -0.0598032 5000.09 0.999572
1171300000 29793.7 -0.0221425 5000.08 0.999611
1171400000 29793.7 -0.103899 5000.09 0.999605
1171500000 29793.7 -0.0706907 5000.09 0.999578
1171600000 29793.7 -0.146482 5000.1 0.99958
1171700000 29793.7 -0.129593 5000.1 0.999569
1171800000 29793.7 0.423924 5000.01 0.999681
1171900000 29793.7 -0.128147 5000.1 0.999572
1172000000 29793.7 -0.154961 5000.1 0.99956
1172100000 29793.7 -0.156667 5000.1 0.999578
1172200000 29793.7 -0.157898 5000.1 0.999558
1172300000 29793.7 1.25533 4999.87 0.999783
1172400000 29793.7 0.208557 5000.04 0.999636
1172500000 29793.7 -0.0304718 5000.08 0.999565
1172600000 29793.7 -0.037098 5000.08 0.999597
1172700000 29793.7 -0.0910899 5000.09 0.99956
1172800000 29793.7 -0.0779821 5000.09 0.999567
1172900000 29793.7 -0.093274 5000.09 0.99961
1173000000 29793.7 -0.0381859 5000.08 0.999565
1173100000 29793.7 3.59501 4999.47 1.00006
1173200000 29793.7 -0.0310596 5000.08 0.999566
1173300000 29793.7 -0.131022 5000.1 0.999562
1173400000 29793.7 -0.101722 5000.09 0.999561
1173500000 29793.7 0.352404 5000.02 0.999674
1173600000 29793.7 3.52591 4999.49 1.00003
1173700000 29793.7 -0.164378 5000.11 0.999566
1173800000 29793.7 -0.271164 5000.12 0.999586
1173900000 29793.7 0.463457 5000 0.999696
1174000000 29793.7 3.89707 4999.42 1.00011
1174100000 29793.7 0.0821711 5000.06 0.999609
1174200000 29793.7 0.399895 5000.01 0.999686
1174300000 29793.7 0.221147 5000.04 0.999631
1174400000 29793.7 0.774724 4999.95 0.999739
1174500000 29793.7 0.0317587 5000.07 0.999609
1174600000 29793.7 1.65212 4999.8 0.999813
1174700000 29793.7 -0.0883644 5000.09 0.999561
1174800000 29793.7 -0.0424764 5000.08 0.999564
1174900000 29793.7 -0.0985221 5000.09 0.999589
1175000000 29793.7 -0.00470473 5000.08 0.999612
1175100000 29793.7 -0.230394 5000.12 0.999576
1175200000 29793.7 0.281762 5000.03 0.999661
1175300000 29793.7 -0.107287 5000.1 0.999615
1175400000 29793.7 -0.0624446 5000.09 0.999562
1175500000 29793.7 -0.13735 5000.1 0.999576
1175600000 29793.7 0.279955 5000.03 0.999652
1175700000 29793.7 -0.0884576 5000.09 0.99957
1175800000 29793.7 -0.0454691 5000.09 0.999601
1175900000 29793.7 -0.0667644 5000.09 0.99959
1176000000 29793.7 -0.103356 5000.09 0.999565
1176100000 29793.7 -0.133333 5000.1 0.999581
1176200000 29793.7 -0.219806 5000.11 0.999562
1176300000 29793.7 -0.253579 5000.12 0.999554
1176400000 29793.7 0.26684 5000.03 0.999672
1176500000 29793.7 0.0230788 5000.07 0.999613
1176600000 29793.7 -0.0772496 5000.09 0.999563
1176700000 29793.7 -0.0427316 5000.08 0.999565
1176800000 29793.7 0.0716156 5000.07 0.999609
1176900000 29793.7 -0.118816 5000.1 0.999562
1177000000 29793.7 0.908775 4999.92 0.999773
1177100000 29793.7 -0.0851232 5000.09 0.999561
1177200000 29793.7 -0.0888944 5000.09 0.999566
1177300000 29793.7 -0.150122 5000.1 0.99958
1177400000 29793.7 0.597186 4999.98 0.999717
1177500000 29793.7 1.25128 4999.87 0.999793
1177600000 29793.7 -0.0801108 5000.09 0.999567
1177700000 29793.7 1.19643 4999.88 0.999831
1177800000 29793.7 -0.0683777 5000.09 0.999562
1177900000 29793.7 0.207672 5000.04 0.999644
1178000000 29793.7 -0.269621 5000.12 0.999587
1178100000 29793.7 -0.028902 5000.08 0.999597
1178200000 29793.7 -0.166401 5000.11 0.99957
1178300000 29793.7 1.19274 4999.88 0.999815
1178400000 29793.7 -0.0946945 5000.09 0.999585
1178500000 29793.7 0.722978 4999.96 0.999758
1178600000 29793.7 -0.163859 5000.1 0.999576
1178700000 29793.7 0.292612 5000.03 0.999669
1178800000 29793.7 0.175096 5000.05 0.999662
1178900000 29793.7 -0.146915 5000.1 0.999564
1179000000 29793.7 -0.0828975 5000.09 0.999563
1179100000 29793.7 -0.0437955 5000.08 0.999566
1179200000 29793.7 -0.0622414 5000.09 0.999562
1179300000 29793.7 1.67824 4999.8 0.999818
1179400000 29793.7 0.0973463 5000.06 0.999638
1179500000 29793.7 -0.129326 5000.1 0.99956
1179600000 29793.7 -0.0442685 5000.08 0.999564
1179700000 29793.7 -0.158644 5000.1 0.999567
1179800000 29793.7 2.49685 4999.66 0.999918
1179900000 29793.7 -0.0821982 5000.09 0.999572
1180000000 29793.7 -0.0873631 5000.09 0.999578
1180100000 29793.7 1.06229 4999.9 0.999774
1180200000 29793.7 0.217148 5000.04 0.999673
1180300000 29793.7 -0.196425 5000.11 0.999558
1180400000 29793.7 0.288657 5000.03 0.999655
1180500000 29793.7 0.0312121 5000.07 0.999609
1180600000 29793.7 0.0311624 5000.07 0.99961
1180700000 29793.7 -0.0305345 5000.08 0.999565
1180800000 29793.7 -0.0678283 5000.09 0.999567
1180900000 29793.7 -0.0307119 5000.08 0.999565
1181000000 29793.7 -0.0618149 5000.09 0.999563
1181100000 29793.7 -0.115552 5000.1 0.99956
1181200000 29793.7 -0.112431 5000.1 0.999563
1181300000 29793.7 -0.0808658 5000.09 0.999571
1181400000 29793.7 -0.088002 5000.09 0.999561
1181500000 29793.7 -0.0794598 5000.09 0.999561
1181600000 29793.7 -0.105495 5000.1 0.999566
1181700000 29793.7 -0.0741038 5000.09 0.999574
1181800000 29793.7 -0.186369 5000.11 0.999575
1181900000 29793.7 -0.259949 5000.12 0.999568
1182000000 29793.7 1.35137 4999.85 0.999819
1182100000 29793.7 3.35802 4999.51 1.00004
1182200000 29793.7 0.336224 5000.02 0.99968
1182300000 29793.7 0.368817 5000.02 0.999654
1182400000 29793.7 4.29353 4999.36 1.0001
1182500000 29793.7 -0.241373 5000.12 0.999567
1182600000 29793.7 -0.0989703 5000.09 0.99956
1182700000 29793.7 -0.207591 5000.11 0.999584
1182800000 29793.7 -0.255144 5000.12 0.99959
1182900000 29793.7 -0.0357543 5000.08 0.999565
1183000000 29793.7 -0.215939 5000.11 0.999558
1183100000 29793.7 -0.118973 5000.1 0.999586
1183200000 29793.7 -0.124542 5000.1 0.999568
1183300000 29793.7 -0.140838 5000.1 0.999585
1183400000 29793.7 0.196108 5000.04 0.999631
1183500000 29793.7 -0.120008 5000.1 0.999568
1183600000 29793.7 2.40714 4999.67 0.999895
1183700000 29793.7 0.406845 5000.01 0.999692
1183800000 29793.7 -0.0924292 5000.09 0.999584
1183900000 29793.7 0.53214 4999.99 0.999679
1184000000 29793.7 -0.168878 5000.11 0.999563
1184100000 29793.7 -0.135206 5000.1 0.999565
1184200000 29793.7 -0.0238717 5000.08 0.999566
1184300000 29793.7 -0.0878911 5000.09 0.999566
1184400000 29793.7 0.0323848 5000.07 0.999597
1184500000 29793.7 -0.014629 5000.08 0.999621
1184600000 29793.7 -0.103293 5000.09 0.999568
1184700000 29793.7 0.650421 4999.97 0.999729
1184800000 29793.7 0.286039 5000.03 0.999651
1184900000 29793.7 0.170257 5000.05 0.999633
1185000000 29793.7 -0.0263963 5000.08 0.999565
1185100000 29793.7 -0.0487729 5000.09 0.999563
1185200000 29793.7 -0.0628186 5000.09 0.999564
1185300000 29793.7 -0.175493 5000.11 0.99956
1185400000 29793.7 5.40131 4999.17 1.00037
1185500000 29793.7 2.13283 4999.72 0.999957
1185600000 29793.7 0.00116487 5000.08 0.99961
1185700000 29793.7 0.634057 4999.97 0.999719
1185800000 29793.7 0.578788 4999.98 0.999733
1185900000 29793.7 0.98946 4999.91 0.999762
1186000000 29793.7 -0.0718226 5000.09 0.999562
1186100000 29793.7 -0.141194 5000.1 0.99956
1186200000 29793.7 -0.16504 5000.11 0.999567
1186300000 29793.7 1.8562 4999.77 0.999882
1186400000 29793.7 -0.0137507 5000.08 0.999605
1186500000 29793.7 -0.0370887 5000.08 0.999564
1186600000 29793.7 0.654909 4999.97 0.999727
1186700000 29793.7 -0.104533 5000.1 0.999586
1186800000 29793.7 -0.119159 5000.1 0.999561
1186900000 29793.7 -0.242154 5000.12 0.99956
1187000000 29793.7 -0.0215463 5000.08 0.999566
1187100000 29793.7 3.60834 4999.47 1.00004
1187200000 29793.7 -0.130344 5000.1 0.999561
1187300000 29793.7 -0.128208 5000.1 0.999564
1187400000 29793.7 0.141999 5000.05 0.999623
1187500000 29793.7 -0.0243228 5000.08 0.999603
1187600000 29793.7 1.20801 4999.87 0.999764
1187700000 29793.7 2.37275 4999.68 0.999989
1187800000 29793.7 -0.128671 5000.1 0.999561
1187900000 29793.7 -0.157179 5000.1 0.999561
1188000000 29793.7 0.348541 5000.02 0.999655
1188100000 29793.7 0.298787 5000.03 0.999685
1188200000 29793.7 -0.0324335 5000.08 0.999566
1188300000 29793.7 -0.165106 5000.11 0.999588
1188400000 29793.7 -0.215832 5000.11 0.999564
1188500000 29793.7 -0.109853 5000.1 0.999569
1188600000 29793.7 -0.138784 5000.1 0.999563
1188700000 29793.7 -0.0699679 5000.09 0.999565
1188800000 29793.7 -0.035664 5000.08 0.999601
1188900000 29793.7 0.525311 4999.99 0.999728
1189000000 29793.7 0.0464143 5000.07 0.999646
1189100000 29793.7 -0.0287035 5000.08 0.999565
1189200000 29793.7 -0.0935249 5000.09 0.999599
1189300000 29793.7 -0.0513995 5000.09 0.99959
1189400000 29793.7 3.41551 4999.5 1.00001
1189500000 29793.7 -0.0744769 5000.09 0.999561
1189600000 29793.7 0.408134 5000.01 0.999659
1189700000 29793.7 -0.103847 5000.09 0.999561
1189800000 29793.7 0.199681 5000.04 0.999641
1189900000 29793.7 -0.0569346 5000.09 0.999563
1190000000 29793.7 -0.132864 5000.1 0.999559
1190100000 29793.7 -0.0572197 5000.09 0.999563
1190200000 29793.7 2.07884 4999.73 0.999858
1190300000 29793.7 -0.115569 5000.1 0.999566
1190400000 29793.7 -0.0258196 5000.08 0.999566
1190500000 29793.7 -0.147314 5000.1 0.999558
1190600000 29793.7 -0.113213 5000.1 0.999565
1190700000 29793.7 0.105724 5000.06 0.99964
1190800000 29793.7 -0.100025 5000.09 0.999596
1190900000 29793.7 -0.122752 5000.1 0.999594
1191000000 29793.7 -0.0604908 5000.09 0.9996
1191100000 29793.7 0.0345125 5000.07 0.999619
1191200000 29793.7 -0.047087 5000.09 0.999565
1191300000 29793.7 -0.135312 5000.1 0.999557
1191400000 29793.7 2.29495 4999.69 0.999902
1191500000 29793.7 -0.279591 5000.12 0.999579
1191600000 29793.7 0.216396 5000.04 0.999675
1191700000 29793.7 0.458826 5000 0.999738
1191800000 29793.7 0.354902 5000.02 0.999709
1191900000 29793.7 0.0138701 5000.08 0.999609
1192000000 29793.7 -0.12651 5000.1 0.999585
1192100000 29793.7 -0.168498 5000.11 0.999561
1192200000 29793.7 -0.0276666 5000.08 0.999588
1192300000 29793.7 -0.0045485 5000.08 0.999628
1192400000 29793.7 1.2302 4999.87 0.999783
1192500000 29793.7 -0.156317 5000.1 0.999558
1192600000 29793.7 -0.178751 5000.11 0.999564
1192700000 29793.7 -0.0893445 5000.09 0.999589
1192800000 29793.7 0.478582 5000 0.999712
1192900000 29793.7 0.367641 5000.02 0.999653
1193000000 29793.7 -0.13059 5000.1 0.99956
1193100000 29793.7 -0.013754 5000.08 0.999567
1193200000 29793.7 0.735797 4999.95 0.999737
1193300000 29793.7 -0.157578 5000.1 0.999556
1193400000 29793.7 -0.109612 5000.1 0.999573
1193500000 29793.7 -0.0992807 5000.09 0.999559
1193600000 29793.7 0.1113 5000.06 0.999633
1193700000 29793.7 -0.0560224 5000.09 0.999562
1193800000 29793.7 -0.0743026 5000.09 0.999562
1193900000 29793.7 -0.169954 5000.11 0.999556
1194000000 29793.7 0.0139094 5000.08 0.999598
1194100000 29793.7 -0.0412199 5000.08 0.999564
1194200000 29793.7 -0.062668 5000.09 0.999562
1194300000 29793.7 0.037135 5000.07 0.9996
1194400000 29793.7 -0.0527272 5000.09 0.999563
1194500000 29793.7 -0.203155 5000.11 0.999555
1194600000 29793.7 -0.213414 5000.11 0.99958
1194700000 29793.7 -0.0256412 5000.08 0.999593
1194800000 29793.7 -0.0456604 5000.09 0.999613
1194900000 29793.7 0.255835 5000.03 0.999657
1195000000 29793.7 -0.0993622 5000.09 0.999577
1195100000 29793.7 -0.147731 5000.1 0.999564
1195200000 29793.7 -0.0642701 5000.09 0.999564
1195300000 29793.7 -0.0697091 5000.09 0.999562
1195400000 29793.7 -0.116147 5000.1 0.999587
1195500000 29793.7 -0.0196592 5000.08 0.999593
1195600000 29793.7 -0.0741424 5000.09 0.999563
1195700000 29793.7 0.307196 5000.03 0.999645
1195800000 29793.7 0.777166 4999.95 0.999728
1195900000 29793.7 -0.0947518 5000.09 0.999561
1196000000 29793.7 -0.168346 5000.11 0.999573
1196100000 29793.7 0.0674923 5000.07 0.999612
1196200000 29793.7 -0.131541 5000.1 0.999574
1196300000 29793.7 0.108516 5000.06 0.999633
1196400000 29793.7 0.754087 4999.95 0.999718
1196500000 29793.7 -0.0634697 5000.09 0.999564
1196600000 29793.7 -0.129868 5000.1 0.999589
1196700000 29793.7 -0.118914 5000.1 0.999563
1196800000 29793.7 -0.182262 5000.11 0.999562
1196900000 29793.7 2.24005 4999.7 0.999909
1197000000 29793.7 -0.127038 5000.1 0.99957
1197100000 29793.7 0.73938 4999.95 0.999742
1197200000 29793.7 0.0380604 5000.07 0.999615
1197300000 29793.7 -0.082713 5000.09 0.999571
1197400000 29793.7 -0.0302891 5000.08 0.999565
1197500000 29793.7 -0.0345763 5000.08 0.999585
1197600000 29793.7 1.61777 4999.81 0.999926
1197700000 29793.7 0.537711 4999.99 0.999683
1197800000 29793.7 -0.15301 5000.1 0.999564
1197900000 29793.7 -0.0761543 5000.09 0.999603
1198000000 29793.7 -0.152658 5000.1 0.999563
1198100000 29793.7 0.149053 5000.05 0.999626
1198200000 29793.7 0.280769 5000.03 0.999685
1198300000 29793.7 0.0936792 5000.06 0.999645
1198400000 29793.7 0.577635 4999.98 0.999683
1198500000 29793.7 -0.268705 5000.12 0.999588
1198600000 29793.7 -0.117557 5000.1 0.999571
1198700000 29793.7 -0.0838106 5000.09 0.999562
1198800000 29793.7 2.68231 4999.63 0.999996
1198900000 29793.7 0.0314075 5000.07 0.99961
1199000000 29793.7 0.313189 5000.02 0.999649
1199100000 29793.7 0.0977968 5000.06 0.999617
1199200000 29793.7 -0.0712053 5000.09 0.999563
1199300000 29793.7 -0.117446 5000.1 0.999573
1199400000 29793.7 0.227602 5000.04 0.999633
1199500000 29793.7 -0.0525148 5000.09 0.999564
1199600000 29793.7 0.644288 4999.97 0.999722
1199700000 29793.7 -0.0536406 5000.09 0.999565
1199800000 29793.7 -0.0726326 5000.09 0.999566
1199900000 29793.7 0.443224 5000 0.999676
1200000000 29793.7 -0.00734815 5000.08 0.999596
1200100000 29793.7 0.99758 4999.91 0.999777
1200200000 29793.7 3.91075 4999.42 1.00005
1200300000 29793.7 -0.121186 5000.1 0.999557
1200400000 29793.7 -0.0410316 5000.08 0.999565
1200500000 29793.7 -0.181873 5000.11 0.999569
1200600000 29793.7 -0.0415537 5000.08 0.999564
1200700000 29793.7 -0.238529 5000.12 0.999557
1200800000 29793.7 -0.107168 5000.1 0.999561
1200900000 29793.7 -0.120128 5000.1 0.999563
1201000000 29793.7 -0.0834645 5000.09 0.999575
1201100000 29793.7 4.25592 4999.36 1.00018
1201200000 29793.7 0.127414 5000.06 0.999617
1201300000 29793.7 3.23355 4999.53 1.00002
1201400000 29793.7 -0.214165 5000.11 0.999575
1201500000 29793.7 -0.132379 5000.1 0.999565
1201600000 29793.7 -0.0114082 5000.08 0.999567
1201700000 29793.7 -0.11743 5000.1 0.999561
1201800000 29793.7 0.732191 4999.95 0.999724
1201900000 29793.7 -0.000341062 5000.08 0.999593
1202000000 29793.7 3.95003 4999.41 1.0001
1202100000 29793.7 -0.0836926 5000.09 0.999561
1202200000 29793.7 -0.171631 5000.11 0.999596
1202300000 29793.7 -0.0507634 5000.09 0.999564
1202400000 29793.7 -0.0783979 5000.09 0.999575
1202500000 29793.7 -0.160521 5000.1 0.999558
1202600000 29793.7 -0.128191 5000.1 0.999563
1202700000 29793.7 -0.165203 5000.11 0.999561
1202800000 29793.7 2.58776 4999.64 1.00003
1202900000 29793.7 0.0554873 5000.07 0.999624
1203000000 29793.7 -0.123653 5000.1 0.999561
1203100000 29793.7 0.689055 4999.96 0.999714
1203200000 29793.7 -0.130381 5000.1 0.999575
1203300000 29793.7 -0.109906 5000.1 0.999606
1203400000 29793.7 0.894392 4999.93 0.999777
1203500000 29793.7 -0.129576 5000.1 0.99956
1203600000 29793.7 -0.0556401 5000.09 0.999565
1203700000 29793.7 -0.330845 5000.13 0.999561
1203800000 29793.7 -0.0635691 5000.09 0.999566
1203900000 29793.7 -0.059537 5000.09 0.999564
1204000000 29793.7 0.134851 5000.05 0.999618
1204100000 29793.7 -0.0724242 5000.09 0.999562
1204200000 29793.7 -0.101011 5000.09 0.999561
1204300000 29793.7 0.230204 5000.04 0.999638
1204400000 29793.7 1.16648 4999.88 0.999758
1204500000 29793.7 -0.233358 5000.12 0.999558
1204600000 29793.7 -0.221617 5000.11 0.999559
1204700000 29793.7 -0.0236617 5000.08 0.999566
1204800000 29793.7 -0.116309 5000.1 0.999577
1204900000 29793.7 -0.145996 5000.1 0.999572
1205000000 29793.7 0.498204 4999.99 0.999688
1205100000 29793.7 0.0470684 5000.07 0.999604
1205200000 29793.7 -0.207536 5000.11 0.999585
1205300000 29793.7 0.887314 4999.93 0.999777
1205400000 29793.7 -0.0439439 5000.08 0.999615
1205500000 29793.7 -0.00721888 5000.08 0.999567
1205600000 29793.7 -0.133771 5000.1 0.999565
1205700000 29793.7 -0.178346 5000.11 0.999567
1205800000 29793.7 0.62858 4999.97 0.999692
1205900000 29793.7 -0.00647227 5000.08 0.999591
1206000000 29793.7 -0.198176 5000.11 0.999574
1206100000 29793.7 -0.188573 5000.11 0.999566
1206200000 29793.7 -0.0971444 5000.09 0.99959
1206300000 29793.7 -0.250635 5000.12 0.999562
1206400000 29793.7 -0.0875869 5000.09 0.999582
1206500000 29793.7 1.27531 4999.86 0.999849
1206600000 29793.7 -0.199686 5000.11 0.999555
1206700000 29793.7 0.0941149 5000.06 0.999612
1206800000 29793.7 -0.181078 5000.11 0.99956
1206900000 29793.7 -0.11115 5000.1 0.999561
1207000000 29793.7 -0.056367 5000.09 0.999563
1207100000 29793.7 -0.120877 5000.1 0.999566
1207200000 29793.7 0.060878 5000.07 0.999607
1207300000 29793.7 0.0584919 5000.07 0.999615
1207400000 29793.7 0.328544 5000.02 0.999686
1207500000 29793.7 -0.108715 5000.1 0.99956
1207600000 29793.7 -0.117602 5000.1 0.999582
1207700000 29793.7 0.702572 4999.96 0.999722
1207800000 29793.7 -0.156148 5000.1 0.999566
1207900000 29793.7 0.0715061 5000.07 0.999646
1208000000 29793.7 -0.21461 5000.11 0.999558
1208100000 29793.7 -0.147729 5000.1 0.999565
1208200000 29793.7 -0.13349 5000.1 0.999559
1208300000 29793.7 0.482646 5000 0.999688
1208400000 29793.7 -0.190891 5000.11 0.99959
1208500000 29793.7 -0.120246 5000.1 0.999562
1208600000 29793.7 3.14255 4999.55 0.999989
1208700000 29793.7 -0.0687022 5000.09 0.999569
1208800000 29793.7 0.477798 5000 0.99967
1208900000 29793.7 -0.0808231 5000.09 0.999562
1209000000 29793.7 -0.0594192 5000.09 0.999564
1209100000 29793.7 0.462355 5000 0.999689
1209200000 29793.7 0.140004 5000.05 0.999626
1209300000 29793.7 -0.105328 5000.1 0.999563
1209400000 29793.7 -0.117841 5000.1 0.999599
1209500000 29793.7 -0.0140325 5000.08 0.999567
1209600000 29793.7 1.51177 4999.82 0.999816
1209700000 29793.7 -0.184542 5000.11 0.999569
1209800000 29793.7 -0.240296 5000.12 0.999577
1209900000 29793.7 0.72705 4999.96 0.999737
1210000000 29793.7 -0.0419197 5000.08 0.999564
1210100000 29793.7 -0.191004 5000.11 0.999583
1210200000 29793.7 0.51994 4999.99 0.999707
1210300000 29793.7 -0.0603691 5000.09 0.999565
1210400000 29793.7 -0.115467 5000.1 0.999569
1210500000 29793.7 0.360071 5000.02 0.999653
1210600000 29793.7 -0.031904 5000.08 0.999565
1210700000 29793.7 -0.0541306 5000.09 0.999567
1210800000 29793.7 -0.224383 5000.12 0.999557
1210900000 29793.7 0.0275067 5000.07 0.999604
1211000000 29793.7 -0.0679489 5000.09 0.999564
1211100000 29793.7 -0.240633 5000.12 0.999561
1211200000 29793.7 0.120191 5000.06 0.999651
1211300000 29793.7 -0.0060945 5000.08 0.99959
1211400000 29793.7 -0.0986446 5000.09 0.999622
1211500000 29793.7 -0.134632 5000.1 0.999564
1211600000 29793.7 -0.147507 5000.1 0.999565
1211700000 29793.7 0.722702 4999.96 0.999728
1211800000 29793.7 -0.169916 5000.11 0.999556
1211900000 29793.7 -0.134028 5000.1 0.999563
1212000000 29793.7 -0.151667 5000.1 0.999558
1212100000 29793.7 0.127171 5000.06 0.999665
1212200000 29793.7 0.437592 5000 0.999691
1212300000 29793.7 -0.181807 5000.11 0.999577
1212400000 29793.7 -0.0393284 5000.08 0.999589
1212500000 29793.7 0.45407 5000 0.999718
1212600000 29793.7 -0.101087 5000.09 0.999589
1212700000 29793.7 -0.177436 5000.11 0.999574
1212800000 29793.7 -0.23189 5000.12 0.999595
1212900000 29793.7 -0.0744596 5000.09 0.999575
1213000000 29793.7 -0.0703426 5000.09 0.999561
1213100000 29793.7 -0.196154 5000.11 0.999578
1213200000 29793.7 -0.0508892 5000.09 0.999564
1213300000 29793.7 -0.0510319 5000.09 0.999564
1213400000 29793.7 -0.0437055 5000.08 0.999581
1213500000 29793.7 -0.102091 5000.09 0.999562
1213600000 29793.7 0.433304 5000 0.999674
1213700000 29793.7 -0.0838401 5000.09 0.999561
1213800000 29793.7 -0.1589 5000.1 0.999573
1213900000 29793.7 -0.0277358 5000.08 0.999565
1214000000 29793.7 1.33791 4999.85 0.999816
1214100000 29793.7 -0.0813932 5000.09 0.999568
1214200000 29793.7 -0.0878795 5000.09 0.999569
1214300000 29793.7 -0.219045 5000.11 0.999586
1214400000 29793.7 -0.000955037 5000.08 0.999612
1214500000 29793.7 -0.0327155 5000.08 0.999587
1214600000 29793.7 -0.055496 5000.09 0.999567
1214700000 29793.7 3.41161 4999.51 1.00002
1214800000 29793.7 0.754238 4999.95 0.999737
1214900000 29793.7 -0.154533 5000.1 0.999602
1215000000 29793.7 -0.115528 5000.1 0.999559
1215100000 29793.7 0.123676 5000.06 0.999638
1215200000 29793.7 -0.26116 5000.12 0.999567
1215300000 29793.7 1.10184 4999.89 0.999758
1215400000 29793.7 4.30849 4999.35 1.00014
1215500000 29793.7 -0.0913855 5000.09 0.99956
1215600000 29793.7 2.32571 4999.69 0.999896
1215700000 29793.7 0.105386 5000.06 0.999654
1215800000 29793.7 -0.152402 5000.1 0.999563
1215900000 29793.7 0.00338718 5000.08 0.999639
1216000000 29793.7 0.0191182 5000.07 0.999628
1216100000 29793.7 -0.152202 5000.1 0.999564
1216200000 29793.7 0.232874 5000.04 0.999634
1216300000 29793.7 -0.0745296 5000.09 0.999566
1216400000 29793.7 -0.347748 5000.14 0.999552
1216500000 29793.7 1.24878 4999.87 0.999794
1216600000 29793.7 -0.200303 5000.11 0.999579
1216700000 29793.7 -0.170017 5000.11 0.999562
1216800000 29793.7 -0.223013 5000.11 0.999567
1216900000 29793.7 3.15475 4999.55 0.999974
1217000000 29793.7 -0.0515364 5000.09 0.999564
1217100000 29793.7 -0.248442 5000.12 0.999562
1217200000 29793.7 0.0441413 5000.07 0.999603
1217300000 29793.7 -0.0359119 5000.08 0.999639
1217400000 29793.7 -0.0283994 5000.08 0.999565
1217500000 29793.7 -0.0968651 5000.09 0.999563
1217600000 29793.7 -0.0694616 5000.09 0.999566
1217700000 29793.7 -0.0812545 5000.09 0.999561
1217800000 29793.7 -0.089215 5000.09 0.99956
1217900000 29793.7 -0.154179 5000.1 0.999557
1218000000 29793.7 0.189462 5000.05 0.999639
1218100000 29793.7 -0.0862074 5000.09 0.999566
1218200000 29793.7 -0.170594 5000.11 0.999581
1218300000 29793.7 3.11363 4999.56 0.999975
1218400000 29793.7 -0.194098 5000.11 0.999595
1218500000 29793.7 -0.113452 5000.1 0.999576
1218600000 29793.7 -0.0565267 5000.09 0.999564
1218700000 29793.7 -0.00800213 5000.08 0.999567
1218800000 29793.7 -0.168062 5000.11 0.999557
1218900000 29793.7 0.903753 4999.93 0.999781
1219000000 29793.7 -0.0246398 5000.08 0.999566
1219100000 29793.7 1.63941 4999.8 0.999859
1219200000 29793.7 -0.153164 5000.1 0.999576
1219300000 29793.7 -0.127802 5000.1 0.999567
1219400000 29793.7 0.21956 5000.04 0.999634
1219500000 29793.7 0.562659 4999.98 0.999709
1219600000 29793.7 1.10398 4999.89 0.999787
1219700000 29793.7 -0.0602243 5000.09 0.999565
1219800000 29793.7 3.79065 4999.44 1.00004
1219900000 29793.7 -0.223513 5000.11 0.999565
1220000000 29793.7 -0.0539956 5000.09 0.999563
1220100000 29793.7 -0.205744 5000.11 0.999567
1220200000 29793.7 -0.0746587 5000.09 0.999579
1220300000 29793.7 -0.0673176 5000.09 0.999563
1220400000 29793.7 -0.194597 5000.11 0.999586
1220500000 29793.7 -0.061907 5000.09 0.999566
1220600000 29793.7 0.997573 4999.91 0.999759
1220700000 29793.7 -0.0548305 5000.09 0.999564
1220800000 29793.7 -0.0864673 5000.09 0.999586
1220900000 29793.7 -0.127278 5000.1 0.99956
1221000000 29793.7 -0.135203 5000.1 0.999575
1221100000 29793.7 -0.048805 5000.09 0.999564
1221200000 29793.7 2.53319 4999.65 0.999946
1221300000 29793.7 0.486579 5000 0.999685
1221400000 29793.7 0.0725064 5000.07 0.99963
1221500000 29793.7 1.37524 4999.85 0.999858
1221600000 29793.7 -0.0525886 5000.09 0.999624
1221700000 29793.7 -0.129794 5000.1 0.999581
1221800000 29793.7 -0.103348 5000.09 0.999562
1221900000 29793.7 -0.0261798 5000.08 0.999565
1222000000 29793.7 -0.180086 5000.11 0.999561
1222100000 29793.7 0.339195 5000.02 0.999685
1222200000 29793.7 -0.17363 5000.11 0.999564
1222300000 29793.7 0.876832 4999.93 0.999746
1222400000 29793.7 -0.0526834 5000.09 0.999564
1222500000 29793.7 -0.0813544 5000.09 0.999562
1222600000 29793.7 -0.134906 5000.1 0.999564
1222700000 29793.7 -0.189862 5000.11 0.999571
1222800000 29793.7 -0.0546531 5000.09 0.999564
1222900000 29793.7 -0.123271 5000.1 0.999562
1223000000 29793.7 -0.127148 5000.1 0.999583
1223100000 29793.7 0.491224 5000 0.99968
1223200000 29793.7 -0.150431 5000.1 0.999558
1223300000 29793.7 -0.144454 5000.1 0.999559
1223400000 29793.7 0.0601728 5000.07 0.999646
1223500000 29793.7 0.142707 5000.05 0.999662
1223600000 29793.7 0.973115 4999.91 0.999759
1223700000 29793.7 -0.102425 5000.09 0.999559
1223800000 29793.7 -0.203831 5000.11 0.999599
1223900000 29793.7 -0.228317 5000.12 0.999606
1224000000 29793.7 -0.142255 5000.1 0.99956
1224100000 29793.7 -0.0480916 5000.09 0.999564
1224200000 29793.7 1.33634 4999.85 0.9998
1224300000 29793.7 -0.11089 5000.1 0.999563
1224400000 29793.7 -0.143547 5000.1 0.999565
1224500000 29793.7 -0.194108 5000.11 0.999601
1224600000 29793.7 -0.260258 5000.12 0.999568
1224700000 29793.7 -0.14982 5000.1 0.999557
1224800000 29793.7 -0.0155346 5000.08 0.999567
1224900000 29793.7 -0.0949573 5000.09 0.99958
1225000000 29793.7 -0.096813 5000.09 0.999571
1225100000 29793.7 -0.177416 5000.11 0.999567
1225200000 29793.7 0.748367 4999.95 0.999713
1225300000 29793.7 0.253862 5000.03 0.999684
1225400000 29793.7 -0.208013 5000.11 0.999556
1225500000 29793.7 0.204631 5000.04 0.999655
1225600000 29793.7 -0.17615 5000.11 0.999555
1225700000 29793.7 -0.168445 5000.11 0.999563
1225800000 29793.7 -0.124348 5000.1 0.999562
1225900000 29793.7 -0.089593 5000.09 0.999561
1226000000 29793.7 -0.0619276 5000.09 0.999564
1226100000 29793.7 0.0732101 5000.07 0.999639
1226200000 29793.7 -0.207624 5000.11 0.99956
1226300000 29793.7 1.95456 4999.75 0.999891
1226400000 29793.7 -0.0664639 5000.09 0.999563
1226500000 29793.7 -0.183039 5000.11 0.999561
1226600000 29793.7 -0.112269 5000.1 0.999562
1226700000 29793.7 -0.0458696 5000.09 0.999563
1226800000 29793.7 -0.14175 5000.1 0.999567
1226900000 29793.7 -0.146934 5000.1 0.999557
1227000000 29793.7 0.388129 5000.01 0.999718
1227100000 29793.7 0.190061 5000.05 0.999641
1227200000 29793.7 -0.131513 5000.1 0.999559
1227300000 29793.7 -0.130528 5000.1 0.999563
1227400000 29793.7 -0.114569 5000.1 0.999588
1227500000 29793.7 -0.110879 5000.1 0.999559
1227600000 29793.7 -0.0691143 5000.09 0.999562
1227700000 29793.7 -0.0866075 5000.09 0.999565
1227800000 29793.7 0.572768 4999.98 0.999704
1227900000 29793.7 -0.139316 5000.1 0.999573
1228000000 29793.7 -0.160293 5000.1 0.999561
1228100000 29793.7 0.0792254 5000.06 0.999633
1228200000 29793.7 -0.0431435 5000.08 0.999564
1228300000 29793.7 0.447836 5000 0.99969
1228400000 29793.7 0.0946911 5000.06 0.999654
1228500000 29793.7 -0.054782 5000.09 0.999563
1228600000 29793.7 -0.0884787 5000.09 0.999569
1228700000 29793.7 -0.20511 5000.11 0.999565
1228800000 29793.7 -0.110148 5000.1 0.999562
1228900000 29793.7 -0.0885356 5000.09 0.999561
1229000000 29793.7 -0.091668 5000.09 0.999561
1229100000 29793.7 1.11104 4999.89 0.999768
1229200000 29793.7 -0.0561788 5000.09 0.999564
1229300000 29793.7 -0.193761 5000.11 0.999563
1229400000 29793.7 -0.157811 5000.1 0.999562
1229500000 29793.7 -0.0611582 5000.09 0.999576
1229600000 29793.7 1.62784 4999.8 0.999853
1229700000 29793.7 -0.095744 5000.09 0.999563
1229800000 29793.7 -0.135782 5000.1 0.999567
1229900000 29793.7 0.457777 5000 0.999685
1230000000 29793.7 -0.0804911 5000.09 0.999576
1230100000 29793.7 -0.0909371 5000.09 0.999581
1230200000 29793.7 -0.13019 5000.1 0.999566
1230300000 29793.7 -0.215353 5000.11 0.999556
1230400000 29793.7 -0.0649876 5000.09 0.999564
1230500000 29793.7 -0.149996 5000.1 0.999565
1230600000 29793.7 -0.00523852 5000.08 0.999568
1230700000 29793.7 -0.131307 5000.1 0.999558
1230800000 29793.7 0.648051 4999.97 0.999692
1230900000 29793.7 -0.188345 5000.11 0.999554
1231000000 29793.7 -0.0221741 5000.08 0.999604
1231100000 29793.7 -0.164906 5000.11 0.999558
1231200000 29793.7 0.0332046 5000.07 0.999603
1231300000 29793.7 0.0826401 5000.06 0.999608
1231400000 29793.7 -0.130711 5000.1 0.999559
1231500000 29793.7 0.410073 5000.01 0.999693
1231600000 29793.7 -0.0518714 5000.09 0.999563
1231700000 29793.7 -0.0556301 5000.09 0.999583
1231800000 29793.7 -0.131904 5000.1 0.999596
1231900000 29793.7 0.0207693 5000.07 0.999598
1232000000 29793.7 -0.0198545 5000.08 0.999566
1232100000 29793.7 -0.0562914 5000.09 0.999563
1232200000 29793.7 0.144128 5000.05 0.999645
1232300000 29793.7 0.0158097 5000.07 0.999602
1232400000 29793.7 0.237607 5000.04 0.999637
1232500000 29793.7 -0.145813 5000.1 0.999562
1232600000 29793.7 -0.219767 5000.11 0.999568
1232700000 29793.7 -0.108075 5000.1 0.999561
1232800000 29793.7 0.128484 5000.06 0.999659
1232900000 29793.7 0.314765 5000.02 0.999647
1233000000 29793.7 -0.147813 5000.1 0.999588
1233100000 29793.7 -0.1985 5000.11 0.999567
1233200000 29793.7 -0.292129 5000.13 0.999569
1233300000 29793.7 -0.115949 5000.1 0.999559
1233400000 29793.7 -0.183945 5000.11 0.999565
1233500000 29793.7 -0.263164 5000.12 0.999572
1233600000 29793.7 -0.119885 5000.1 0.999561
1233700000 29793.7 -0.0658856 5000.09 0.999571
1233800000 29793.7 -0.150239 5000.1 0.99957
1233900000 29793.7 -0.191376 5000.11 0.999579
1234000000 29793.7 -0.0185369 5000.08 0.999566
1234100000 29793.7 -0.0929269 5000.09 0.999563
1234200000 29793.7 -0.113303 5000.1 0.999587
1234300000 29793.7 5.506 4999.15 1.00036
1234400000 29793.7 4.71306 4999.29 1.00021
1234500000 29793.7 0.300096 5000.03 0.999668
1234600000 29793.7 -0.233059 5000.12 0.999574
1234700000 29793.7 -0.0522931 5000.09 0.999604
1234800000 29793.7 -0.1983 5000.11 0.999555
1234900000 29793.7 -0.145116 5000.1 0.999563
1235000000 29793.7 -0.0524561 5000.09 0.999586
1235100000 29793.7 -0.0256098 5000.08 0.999591
1235200000 29793.7 0.316075 5000.02 0.999665
1235300000 29793.7 -0.0417976 5000.08 0.999565
1235400000 29793.7 -0.0782532 5000.09 0.999562
1235500000 29793.7 -0.059095 5000.09 0.999602
1235600000 29793.7 0.12435 5000.06 0.999646
1235700000 29793.7 -0.0955666 5000.09 0.999561
1235800000 29793.7 -0.106239 5000.1 0.999562
1235900000 29793.7 -0.0609508 5000.09 0.999579
1236000000 29793.7 -0.186947 5000.11 0.999558
1236100000 29793.7 -0.0316188 5000.08 0.99961
1236200000 29793.7 -0.0749043 5000.09 0.999574
1236300000 29793.7 0.686889 4999.96 0.999715
1236400000 29793.7 -0.144912 5000.1 0.999564
1236500000 29793.7 -0.0684785 5000.09 0.999562
1236600000 29793.7 -0.0556857 5000.09 0.999575
1236700000 29793.7 -0.0816118 5000.09 0.999571
1236800000 29793.7 -0.121765 5000.1 0.999565
1236900000 29793.7 -0.107568 5000.1 0.999569
1237000000 29793.7 -0.0943041 5000.09 0.999578
1237100000 29793.7 1.79869 4999.78 0.999874
1237200000 29793.7 -0.0545325 5000.09 0.999628
1237300000 29793.7 -0.223191 5000.11 0.999558
1237400000 29793.7 -0.142936 5000.1 0.999583
1237500000 29793.7 -0.161114 5000.1 0.99956
1237600000 29793.7 0.620064 4999.97 0.999738
1237700000 29793.7 -0.0925668 5000.09 0.999561
1237800000 29793.7 -0.131999 5000.1 0.999571
1237900000 29793.7 -0.0669457 5000.09 0.999562
1238000000 29793.7 -0.125695 5000.1 0.999558
1238100000 29793.7 0.411187 5000.01 0.999694
1238200000 29793.7 -0.16049 5000.1 0.999563
1238300000 29793.7 -0.0230447 5000.08 0.999599
1238400000 29793.7 -0.0872731 5000.09 0.999561
1238500000 29793.7 -0.191789 5000.11 0.999588
1238600000 29793.7 -0.139864 5000.1 0.999569
1238700000 29793.7 -0.0426062 5000.08 0.999564
1238800000 29793.7 -0.0369759 5000.08 0.999585
1238900000 29793.7 -0.0106055 5000.08 0.999567
1239000000 29793.7 -0.104181 5000.09 0.999561
1239100000 29793.7 0.668906 4999.97 0.999706
1239200000 29793.7 0.77787 4999.95 0.99973
1239300000 29793.7 0.0186365 5000.07 0.999603
1239400000 29793.7 -0.169264 5000.11 0.999558
1239500000 29793.7 0.933996 4999.92 0.999827
1239600000 29793.7 -0.0416837 5000.08 0.999565
1239700000 29793.7 0.00251362 5000.08 0.999599
1239800000 29793.7 -0.0890913 5000.09 0.999615
1239900000 29793.7 0.0788065 5000.06 0.999615
1240000000 29793.7 2.22989 4999.7 0.999876
1240100000 29793.7 -0.0815889 5000.09 0.999569
1240200000 29793.7 -0.0224671 5000.08 0.999593
1240300000 29793.7 1.38051 4999.85 0.999834
1240400000 29793.7 0.128489 5000.06 0.999616
1240500000 29793.7 0.101961 5000.06 0.999628
1240600000 29793.7 -0.085177 5000.09 0.999563
1240700000 29793.7 0.017285 5000.07 0.999597
1240800000 29793.7 -0.29472 5000.13 0.999576
1240900000 29793.7 -0.236509 5000.12 0.999567
1241000000 29793.7 0.263014 5000.03 0.999676
1241100000 29793.7 -0.0663897 5000.09 0.99958
1241200000 29793.7 0.851844 4999.93 0.99976
1241300000 29793.7 -0.0896755 5000.09 0.999561
1241400000 29793.7 12.063 4998.05 1.0007
1241500000 29793.7 -0.138982 5000.1 0.999568
1241600000 29793.7 -0.151388 5000.1 0.999563
1241700000 29793.7 -0.140191 5000.1 0.999567
1241800000 29793.7 -0.1078 5000.1 0.999565
1241900000 29793.7 -0.178453 5000.11 0.999592
1242000000 29793.7 -0.0451374 5000.09 0.999566
1242100000 29793.7 0.125035 5000.06 0.999618
1242200000 29793.7 -0.0360094 5000.08 0.999565
1242300000 29793.7 -0.216506 5000.11 0.999556
1242400000 29793.7 -0.0859255 5000.09 0.999563
1242500000 29793.7 -0.0955426 5000.09 0.999584
1242600000 29793.7 -0.210218 5000.11 0.999564
1242700000 29793.7 -0.0604665 5000.09 0.9996
1242800000 29793.7 0.135071 5000.05 0.999642
1242900000 29793.7 0.817722 4999.94 0.999725
1243000000 29793.7 -0.145518 5000.1 0.999572
1243100000 29793.7 -0.0301021 5000.08 0.999565
1243200000 29793.7 -0.151592 5000.1 0.999561
1243300000 29793.7 -0.115475 5000.1 0.999558
1243400000 29793.7 0.024496 5000.07 0.999597
1243500000 29793.7 -0.102174 5000.09 0.99957
1243600000 29793.7 0.0183501 5000.07 0.999601
1243700000 29793.7 -0.0151734 5000.08 0.999566
1243800000 29793.7 -0.159897 5000.1 0.999594
1243900000 29793.7 -0.15393 5000.1 0.99957
1244000000 29793.7 2.86063 4999.6 0.999939
1244100000 29793.7 -0.107941 5000.1 0.999563
1244200000 29793.7 -0.0362911 5000.08 0.999587
1244300000 29793.7 0.310641 5000.03 0.999659
1244400000 29793.7 -0.100702 5000.09 0.999565
1244500000 29793.7 -0.0459135 5000.09 0.999566
1244600000 29793.7 -0.105797 5000.1 0.999561
1244700000 29793.7 -0.0838285 5000.09 0.99962
1244800000 29793.7 -0.116956 5000.1 0.999563
1244900000 29793.7 1.08606 4999.9 0.999791
1245000000 29793.7 -0.0815773 5000.09 0.999564
1245100000 29793.7 -0.118083 5000.1 0.999558
1245200000 29793.7 1.99307 4999.74 0.999854
1245300000 29793.7 0.379033 5000.01 0.999678
1245400000 29793.7 0.0924286 5000.06 0.99963
1245500000 29793.7 -0.16344 5000.1 0.999568
1245600000 29793.7 0.0522274 5000.07 0.999605
1245700000 29793.7 -0.136188 5000.1 0.999559
1245800000 29793.7 -0.217363 5000.11 0.999571
1245900000 29793.7 0.0890366 5000.06 0.999658
1246000000 29793.7 -0.226264 5000.12 0.999568
1246100000 29793.7 0.0317086 5000.07 0.999599
1246200000 29793.7 -0.182122 5000.11 0.999558
1246300000 29793.7 -0.121224 5000.1 0.999559
1246400000 29793.7 0.248555 5000.04 0.999666
1246500000 29793.7 -0.166958 5000.11 0.999568
1246600000 29793.7 -0.234361 5000.12 0.999594
1246700000 29793.7 -0.0539995 5000.09 0.999563
1246800000 29793.7 -0.192271 5000.11 0.999588
1246900000 29793.7 7.02715 4998.9 1.00031
1247000000 29793.7 -0.132727 5000.1 0.999559
1247100000 29793.7 -0.0140545 5000.08 0.999612
1247200000 29793.7 -0.159623 5000.1 0.999566
1247300000 29793.7 -0.0961965 5000.09 0.999563
1247400000 29793.7 -0.138159 5000.1 0.999574
1247500000 29793.7 0.0156927 5000.07 0.999621
1247600000 29793.7 -0.104692 5000.1 0.999569
1247700000 29793.7 1.67115 4999.8 0.99989
1247800000 29793.7 0.296372 5000.03 0.999668
1247900000 29793.7 -0.0270222 5000.08 0.999566
1248000000 29793.7 -0.12916 5000.1 0.999564
1248100000 29793.7 0.30054 5000.03 0.999646
1248200000 29793.7 0.365905 5000.02 0.999705
1248300000 29793.7 -0.077191 5000.09 0.999565
1248400000 29793.7 -0.0889423 5000.09 0.999567
1248500000 29793.7 -0.0107047 5000.08 0.999613
1248600000 29793.7 0.0937509 5000.06 0.99962
1248700000 29793.7 -0.0707172 5000.09 0.999561
1248800000 29793.7 -0.247464 5000.12 0.999559
1248900000 29793.7 -0.139688 5000.1 0.999563
1249000000 29793.7 -0.127023 5000.1 0.999575
1249100000 29793.7 0.946434 4999.92 0.999749
1249200000 29793.7 4.11737 4999.39 1.00012
1249300000 29793.7 -0.183792 5000.11 0.999556
1249400000 29793.7 -0.172934 5000.11 0.999559
1249500000 29793.7 -0.168415 5000.11 0.999581
1249600000 29793.7 -0.110039 5000.1 0.99956
1249700000 29793.7 -0.218131 5000.11 0.999556
1249800000 29793.7 -0.141086 5000.1 0.999565
1249900000 29793.7 -0.0434918 5000.08 0.999609
1250000000 29793.7 -0.0948635 5000.09 0.999563
1250100000 29793.7 0.27453 5000.03 0.999647
1250200000 29793.7 -0.00621925 5000.08 0.999568
1250300000 29793.7 3.16819 4999.55 1.00006
1250400000 29793.7 -0.0867502 5000.09 0.999563
1250500000 29793.7 -0.0140753 5000.08 0.999567
1250600000 29793.7 0.188672 5000.05 0.999625
1250700000 29793.7 0.35038 5000.02 0.999651
1250800000 29793.7 0.0563103 5000.07 0.999676
1250900000 29793.7 -0.169416 5000.11 0.99958
1251000000 29793.7 0.406637 5000.01 0.999664
1251100000 29793.7 -0.0828714 5000.09 0.999568
1251200000 29793.7 -0.096466 5000.09 0.99958
1251300000 29793.7 -0.0285345 5000.08 0.999565
1251400000 29793.7 -0.0589914 5000.09 0.999562
1251500000 29793.7 -0.0657331 5000.09 0.999578
1251600000 29793.7 2.08185 4999.73 0.999919
1251700000 29793.7 -0.161424 5000.1 0.99956
1251800000 29793.7 -0.0445295 5000.08 0.999564
1251900000 29793.7 -0.184698 5000.11 0.999566
1252000000 29793.7 -0.107781 5000.1 0.999572
1252100000 29793.7 -0.147752 5000.1 0.999571
1252200000 29793.7 -0.232276 5000.12 0.999554
1252300000 29793.7 -0.0776818 5000.09 0.999561
1252400000 29793.7 -0.161065 5000.1 0.999558
1252500000 29793.7 -0.0670586 5000.09 0.999564
1252600000 29793.7 0.155467 5000.05 0.999678
1252700000 29793.7 1.56094 4999.82 0.999817
1252800000 29793.7 0.0827563 5000.06 0.99961
1252900000 29793.7 -0.140359 5000.1 0.999569
1253000000 29793.7 -0.0945928 5000.09 0.99957
1253100000 29793.7 -0.0347099 5000.08 0.999565
1253200000 29793.7 5.07686 4999.23 1.00017
1253300000 29793.7 -0.081711 5000.09 0.999569
1253400000 29793.7 -0.135817 5000.1 0.999559
1253500000 29793.7 -0.0908815 5000.09 0.999561
1253600000 29793.7 0.0343728 5000.07 0.999623
1253700000 29793.7 -0.251334 5000.12 0.999584
1253800000 29793.7 0.564297 4999.98 0.999683
1253900000 29793.7 -0.144172 5000.1 0.99956
1254000000 29793.7 0.0495252 5000.07 0.99961
1254100000 29793.7 0.43345 5000 0.999689
1254200000 29793.7 0.0298238 5000.07 0.999657
1254300000 29793.7 -0.0802997 5000.09 0.999562
1254400000 29793.7 -0.211127 5000.11 0.999604
1254500000 29793.7 -0.174875 5000.11 0.99957
1254600000 29793.7 -0.157825 5000.1 0.999561
1254700000 29793.7 -0.0687497 5000.09 0.999561
1254800000 29793.7 0.222309 5000.04 0.999635
1254900000 29793.7 -0.222273 5000.11 0.999563
1255000000 29793.7 -0.0840962 5000.09 0.999576
1255100000 29793.7 -0.153373 5000.1 0.999568
1255200000 29793.7 0.291571 5000.03 0.999665
1255300000 29793.7 0.576678 4999.98 0.999686
1255400000 29793.7 -0.135108 5000.1 0.999573
1255500000 29793.7 -0.0988592 5000.09 0.999559
1255600000 29793.7 -0.227336 5000.12 0.999568
1255700000 29793.7 -0.0924963 5000.09 0.99956
1255800000 29793.7 -0.104142 5000.09 0.999563
1255900000 29793.7 0.0188393 5000.07 0.999595
1256000000 29793.7 0.257554 5000.03 0.999682
1256100000 29793.7 -0.0812759 5000.09 0.999562
1256200000 29793.7 -0.089959 5000.09 0.999562
1256300000 29793.7 -0.0702132 5000.09 0.999563
1256400000 29793.7 3.06449 4999.56 1.00006
1256500000 29793.7 0.658371 4999.97 0.999697
1256600000 29793.7 0.0550724 5000.07 0.999646
1256700000 29793.7 -0.106551 5000.1 0.999607
1256800000 29793.7 -0.0733514 5000.09 0.999562
1256900000 29793.7 -0.153131 5000.1 0.999558
1257000000 29793.7 -0.0841238 5000.09 0.999564
1257100000 29793.7 -0.181244 5000.11 0.999571
1257200000 29793.7 -0.0999679 5000.09 0.999573
1257300000 29793.7 -0.0221654 5000.08 0.999566
1257400000 29793.7 -0.112361 5000.1 0.999562
1257500000 29793.7 -0.281464 5000.12 0.999603
1257600000 29793.7 -0.0954789 5000.09 0.999574
1257700000 29793.7 -0.204539 5000.11 0.999563
1257800000 29793.7 2.97591 4999.58 1.00001
1257900000 29793.7 -0.18122 5000.11 0.999568
1258000000 29793.7 -0.0756642 5000.09 0.999562
1258100000 29793.7 -0.108628 5000.1 0.999566
1258200000 29793.7 -0.11255 5000.1 0.999565
1258300000 29793.7 -0.163771 5000.1 0.999597
1258400000 29793.7 -0.0702837 5000.09 0.999581
1258500000 29793.7 0.0341834 5000.07 0.999619
1258600000 29793.7 -0.119836 5000.1 0.999594
1258700000 29793.7 -0.0758888 5000.09 0.999605
1258800000 29793.7 -0.141482 5000.1 0.999558
1258900000 29793.7 -0.0541373 5000.09 0.999566
1259000000 29793.7 -0.213524 5000.11 0.999562
1259100000 29793.7 -0.110193 5000.1 0.999607
1259200000 29793.7 0.597679 4999.98 0.999711
1259300000 29793.7 -0.16914 5000.11 0.999562
1259400000 29793.7 -0.11879 5000.1 0.999566
1259500000 29793.7 -0.0689982 5000.09 0.999583
1259600000 29793.7 -0.0145468 5000.08 0.999589
1259700000 29793.7 0.20339 5000.04 0.999629
1259800000 29793.7 -0.0267411 5000.08 0.999583
1259900000 29793.7 2.82591 4999.6 0.999987
1260000000 29793.7 0.00252962 5000.08 0.999591
1260100000 29793.7 0.076833 5000.06 0.999611
1260200000 29793.7 0.0247364 5000.07 0.999633
1260300000 29793.7 -0.0388138 5000.08 0.999565
1260400000 29793.7 -0.172028 5000.11 0.999566
1260500000 29793.7 -0.157423 5000.1 0.99956
1260600000 29793.7 -0.0628897 5000.09 0.999565
1260700000 29793.7 -0.0760338 5000.09 0.999562
1260800000 29793.7 -0.0434209 5000.08 0.999565
1260900000 29793.7 -0.0495756 5000.09 0.999564
1261000000 29793.7 0.627215 4999.97 0.999703
1261100000 29793.7 -0.147111 5000.1 0.999557
1261200000 29793.7 -0.115457 5000.1 0.999575
1261300000 29793.7 -0.0476957 5000.09 0.999598
1261400000 29793.7 -0.0220654 5000.08 0.999567
1261500000 29793.7 -0.0734436 5000.09 0.999562
1261600000 29793.7 -0.102555 5000.09 0.99956
1261700000 29793.7 2.02657 4999.74 0.999941
1261800000 29793.7 -0.0927965 5000.09 0.999562
1261900000 29793.7 -0.0920892 5000.09 0.999562
1262000000 29793.7 0.243414 5000.04 0.999685
1262100000 29793.7 0.613554 4999.97 0.999711
1262200000 29793.7 -0.0710037 5000.09 0.999562
1262300000 29793.7 -0.11101 5000.1 0.999566
1262400000 29793.7 -0.0795705 5000.09 0.999564
1262500000 29793.7 0.567376 4999.98 0.999722
1262600000 29793.7 -0.182943 5000.11 0.999575
1262700000 29793.7 0.64119 4999.97 0.999736
1262800000 29793.7 -0.153129 5000.1 0.999556
1262900000 29793.7 -0.0922601 5000.09 0.999629
1263000000 29793.7 0.308383 5000.03 0.999682
1263100000 29793.7 -0.118775 5000.1 0.999593
1263200000 29793.7 -0.0677461 5000.09 0.999563
1263300000 29793.7 -0.16907 5000.11 0.999574
1263400000 29793.7 -0.0631047 5000.09 0.999575
1263500000 29793.7 1.21205 4999.87 0.999811
1263600000 29793.7 0.337176 5000.02 0.999666
1263700000 29793.7 -0.0644093 5000.09 0.999562
1263800000 29793.7 0.389713 5000.01 0.99967
1263900000 29793.7 -0.140529 5000.1 0.999558
1264000000 29793.7 -0.153109 5000.1 0.999567
1264100000 29793.7 -0.0889943 5000.09 0.999561
1264200000 29793.7 -0.112168 5000.1 0.999586
1264300000 29793.7 -0.121567 5000.1 0.999569
1264400000 29793.7 -0.112903 5000.1 0.999562
1264500000 29793.7 -0.0634175 5000.09 0.999562
1264600000 29793.7 0.0343868 5000.07 0.999618
1264700000 29793.7 0.392303 5000.01 0.999664
1264800000 29793.7 -0.0139203 5000.08 0.999604
1264900000 29793.7 0.138373 5000.05 0.999619
1265000000 29793.7 -0.0976826 5000.09 0.999564
1265100000 29793.7 0.469582 5000 0.999673
1265200000 29793.7 -0.112194 5000.1 0.99956
1265300000 29793.7 -0.0129526 5000.08 0.99959
1265400000 29793.7 -0.160952 5000.1 0.99957
1265500000 29793.7 -0.182261 5000.11 0.99958
1265600000 29793.7 -0.173119 5000.11 0.999557
1265700000 29793.7 2.41112 4999.67 0.999954
1265800000 29793.7 -0.109736 5000.1 0.999568
1265900000 29793.7 -0.102126 5000.09 0.999575
1266000000 29793.7 -0.0652038 5000.09 0.999564
1266100000 29793.7 -0.120462 5000.1 0.999574
1266200000 29793.7 -0.231074 5000.12 0.999562
1266300000 29793.7 0.394647 5000.01 0.999662
1266400000 29793.7 1.74107 4999.79 0.999872
1266500000 29793.7 -0.167198 5000.11 0.999579
1266600000 29793.7 -0.188381 5000.11 0.999574
1266700000 29793.7 -0.089199 5000.09 0.999566
1266800000 29793.7 0.167836 5000.05 0.999623
1266900000 29793.7 -0.0666809 5000.09 0.999564
1267000000 29793.7 -0.0152921 5000.08 0.999567
1267100000 29793.7 -0.095747 5000.09 0.999565
1267200000 29793.7 -0.113116 5000.1 0.999559
1267300000 29793.7 -0.157056 5000.1 0.999565
1267400000 29793.7 0.0244691 5000.07 0.999608
1267500000 29793.7 0.00250946 5000.08 0.999598
1267600000 29793.7 -0.0912167 5000.09 0.999598
1267700000 29793.7 -0.24383 5000.12 0.999562
1267800000 29793.7 -0.0969288 5000.09 0.999586
1267900000 29793.7 -0.145204 5000.1 0.999618
1268000000 29793.7 -0.104717 5000.1 0.999585
1268100000 29793.7 -0.0526821 5000.09 0.999618
1268200000 29793.7 1.23836 4999.87 0.999815
1268300000 29793.7 0.122298 5000.06 0.999641
1268400000 29793.7 -0.0557053 5000.09 0.999564
1268500000 29793.7 0.12579 5000.06 0.999626
1268600000 29793.7 -0.0867213 5000.09 0.999584
1268700000 29793.7 1.82696 4999.77 0.999894
1268800000 29793.7 -0.112195 5000.1 0.999583
1268900000 29793.7 3.68337 4999.46 1.00023
1269000000 29793.7 2.83377 4999.6 0.999941
1269100000 29793.7 -0.141949 5000.1 0.999564
1269200000 29793.7 0.292314 5000.03 0.999644
1269300000 29793.7 0.190182 5000.05 0.999658
1269400000 29793.7 -0.165233 5000.11 0.999563
1269500000 29793.7 -0.106496 5000.1 0.999562
1269600000 29793.7 0.306306 5000.03 0.999645
1269700000 29793.7 -0.167021 5000.11 0.999605
1269800000 29793.7 0.351079 5000.02 0.999684
1269900000 29793.7 0.489416 5000 0.999675
1270000000 29793.7 0.206696 5000.04 0.999637
1270100000 29793.7 -0.0994717 5000.09 0.999567
1270200000 29793.7 -0.11055 5000.1 0.999559
1270300000 29793.7 1.69908 4999.79 0.999817
1270400000 29793.7 0.243419 5000.04 0.99966
1270500000 29793.7 -0.124224 5000.1 0.999583
1270600000 29793.7 -0.115387 5000.1 0.999576
1270700000 29793.7 -0.0371302 5000.08 0.999591
1270800000 29793.7 0.409635 5000.01 0.99967
1270900000 29793.7 -0.145846 5000.1 0.99959
1271000000 29793.7 0.0217499 5000.07 0.999613
1271100000 29793.7 -0.114584 5000.1 0.999582
1271200000 29793.7 -0.160518 5000.1 0.999572
1271300000 29793.7 -0.132804 5000.1 0.999566
1271400000 29793.7 0.525312 4999.99 0.999722
1271500000 29793.7 1.72468 4999.79 0.999824
1271600000 29793.7 -0.156511 5000.1 0.999567
1271700000 29793.7 -0.063961 5000.09 0.999562
1271800000 29793.7 0.264038 5000.03 0.999697
1271900000 29793.7 1.76711 4999.78 0.999863
1272000000 29793.7 -0.0953227 5000.09 0.999589
1272100000 29793.7 -0.130007 5000.1 0.999584
1272200000 29793.7 0.111636 5000.06 0.999613
1272300000 29793.7 -0.0949252 5000.09 0.999566
1272400000 29793.7 0.460647 5000 0.999667
1272500000 29793.7 -0.0381614 5000.08 0.999564
1272600000 29793.7 0.304383 5000.03 0.999684
1272700000 29793.7 0.526947 4999.99 0.999738
1272800000 29793.7 -0.0851358 5000.09 0.999561
1272900000 29793.7 -0.207973 5000.11 0.999572
1273000000 29793.7 1.25413 4999.87 0.999766
1273100000 29793.7 -0.188153 5000.11 0.999569
1273200000 29793.7 -0.0753273 5000.09 0.999576
1273300000 29793.7 0.016994 5000.07 0.9996
1273400000 29793.7 -0.134144 5000.1 0.999565
1273500000 29793.7 -0.160625 5000.1 0.99956
1273600000 29793.7 0.732119 4999.95 0.999707
1273700000 29793.7 -0.0326501 5000.08 0.999565
1273800000 29793.7 -0.132774 5000.1 0.999558
1273900000 29793.7 -0.0667178 5000.09 0.999565
1274000000 29793.7 -0.0222399 5000.08 0.999585
1274100000 29793.7 -0.106019 5000.1 0.999567
1274200000 29793.7 -0.156418 5000.1 0.999577
1274300000 29793.7 -0.0326759 5000.08 0.999594
1274400000 29793.7 -0.138144 5000.1 0.999568
1274500000 29793.7 0.164935 5000.05 0.999636
1274600000 29793.7 -0.114011 5000.1 0.999563
1274700000 29793.7 0.607409 4999.98 0.999728
1274800000 29793.7 -0.112292 5000.1 0.999561
1274900000 29793.7 1.61777 4999.81 0.99981
1275000000 29793.7 0.767663 4999.95 0.999729
1275100000 29793.7 -0.309941 5000.13 0.999564
1275200000 29793.7 1.37348 4999.85 0.99978
1275300000 29793.7 0.227812 5000.04 0.999642
1275400000 29793.7 -0.123727 5000.1 0.99956
1275500000 29793.7 -0.0377588 5000.08 0.999564
1275600000 29793.7 0.0283358 5000.07 0.999615
1275700000 29793.7 -0.12299 5000.1 0.999593
1275800000 29793.7 -0.0725157 5000.09 0.999564
1275900000 29793.7 2.14475 4999.72 0.999866
1276000000 29793.7 -0.0309573 5000.08 0.999565
1276100000 29793.7 -0.139476 5000.1 0.999559
1276200000 29793.7 -0.144095 5000.1 0.999565
1276300000 29793.7 -0.20159 5000.11 0.99956
1276400000 29793.7 -0.202904 5000.11 0.999571
1276500000 29793.7 -0.0755787 5000.09 0.999564
1276600000 29793.7 -0.0507668 5000.09 0.999565
1276700000 29793.7 0.212529 5000.04 0.999662
1276800000 29793.7 -0.131027 5000.1 0.999575
1276900000 29793.7 -0.0420229 5000.08 0.999564
1277000000 29793.7 0.573792 4999.98 0.999731
1277100000 29793.7 0.980995 4999.91 0.999771
1277200000 29793.7 -0.146618 5000.1 0.999561
1277300000 29793.7 -0.0856283 5000.09 0.999563
1277400000 29793.7 -0.160222 5000.1 0.999566
1277500000 29793.7 3.79363 4999.44 1.00012
1277600000 29793.7 0.087318 5000.06 0.999619
1277700000 29793.7 -0.20031 5000.11 0.999562
1277800000 29793.7 3.11739 4999.55 0.999992
1277900000 29793.7 -0.109855 5000.1 0.999575
1278000000 29793.7 0.720034 4999.96 0.999721
1278100000 29793.7 0.503666 4999.99 0.999728
1278200000 29793.7 -0.152263 5000.1 0.999558
1278300000 29793.7 0.117575 5000.06 0.999626
1278400000 29793.7 -0.122912 5000.1 0.999558
1278500000 29793.7 -0.0302625 5000.08 0.999565
1278600000 29793.7 -0.0561486 5000.09 0.999599
1278700000 29793.7 -0.0424991 5000.08 0.999565
1278800000 29793.7 -0.0499755 5000.09 0.99958
1278900000 29793.7 -0.0100207 5000.08 0.999593
1279000000 29793.7 -0.100732 5000.09 0.999581
1279100000 29793.7 -0.0884729 5000.09 0.999567
1279200000 29793.7 -0.0565926 5000.09 0.999564
1279300000 29793.7 1.67196 4999.8 0.999814
1279400000 29793.7 -0.0797392 5000.09 0.999584
1279500000 29793.7 -0.0354613 5000.08 0.999617
1279600000 29793.7 -0.0392879 5000.08 0.999565
1279700000 29793.7 -0.159299 5000.1 0.999558
1279800000 29793.7 -0.0760911 5000.09 0.999567
1279900000 29793.7 0.642523 4999.97 0.999738
1280000000 29793.7 -0.0641603 5000.09 0.999565
1280100000 29793.7 0.133503 5000.06 0.99965
1280200000 29793.7 -0.0910655 5000.09 0.999559
1280300000 29793.7 -0.209098 5000.11 0.999557
1280400000 29793.7 -0.104763 5000.1 0.999579
1280500000 29793.7 0.0623019 5000.07 0.999609
1280600000 29793.7 -0.026302 5000.08 0.999566
1280700000 29793.7 -0.0144174 5000.08 0.999567
1280800000 29793.7 -0.0707372 5000.09 0.999582
1280900000 29793.7 -0.00837507 5000.08 0.999609
1281000000 29793.7 -0.0848825 5000.09 0.999561
1281100000 29793.7 -0.227213 5000.12 0.999563
1281200000 29793.7 0.117923 5000.06 0.999637
1281300000 29793.7 -0.0573808 5000.09 0.999567
1281400000 29793.7 -0.0547485 5000.09 0.999563
1281500000 29793.7 0.391814 5000.01 0.999675
1281600000 29793.7 -0.150783 5000.1 0.999567
1281700000 29793.7 -0.183559 5000.11 0.999567
1281800000 29793.7 -0.126918 5000.1 0.99956
1281900000 29793.7 -0.151745 5000.1 0.999562
1282000000 29793.7 -0.0708102 5000.09 0.999561
1282100000 29793.7 0.377925 5000.01 0.999657
1282200000 29793.7 -0.0920275 5000.09 0.999574
1282300000 29793.7 -0.135977 5000.1 0.999567
1282400000 29793.7 -0.0402517 5000.08 0.999608
1282500000 29793.7 -0.0823376 5000.09 0.999564
1282600000 29793.7 0.21955 5000.04 0.999636
1282700000 29793.7 -0.0760711 5000.09 0.999563
1282800000 29793.7 -0.0999242 5000.09 0.999563
1282900000 29793.7 6.31565 4999.02 1.0003
1283000000 29793.7 -0.0334087 5000.08 0.999565
1283100000 29793.7 0.0193976 5000.07 0.999624
1283200000 29793.7 0.454354 5000 0.999702
1283300000 29793.7 -0.142344 5000.1 0.999595
1283400000 29793.7 -0.166792 5000.11 0.999575
1283500000 29793.7 -0.203708 5000.11 0.999594
1283600000 29793.7 -0.180268 5000.11 0.99957
1283700000 29793.7 -0.0872255 5000.09 0.999598
1283800000 29793.7 -0.234827 5000.12 0.999577
1283900000 29793.7 -0.179779 5000.11 0.999562
1284000000 29793.7 0.263177 5000.03 0.999666
1284100000 29793.7 -0.0841863 5000.09 0.999567
1284200000 29793.7 0.383462 5000.01 0.999665
1284300000 29793.7 2.00027 4999.74 0.999864
1284400000 29793.7 0.291474 5000.03 0.999643
1284500000 29793.7 -0.0344357 5000.08 0.999565
1284600000 29793.7 2.3902 4999.68 0.999934
1284700000 29793.7 -0.216234 5000.11 0.999561
1284800000 29793.7 0.279386 5000.03 0.999658
1284900000 29793.7 -0.0993177 5000.09 0.999599
1285000000 29793.7 1.4546 4999.83 0.999835
1285100000 29793.7 -0.121397 5000.1 0.999563
1285200000 29793.7 -0.147647 5000.1 0.999565
1285300000 29793.7 0.534485 4999.99 0.999715
1285400000 29793.7 0.288391 5000.03 0.999693
1285500000 29793.7 0.0183713 5000.07 0.999623
1285600000 29793.7 -0.249882 5000.12 0.999569
1285700000 29793.7 -0.0704849 5000.09 0.999567
1285800000 29793.7 -0.0535579 5000.09 0.999565
1285900000 29793.7 -0.188442 5000.11 0.999603
1286000000 29793.7 -0.112781 5000.1 0.999562
1286100000 29793.7 -0.210532 5000.11 0.999571
1286200000 29793.7 -0.150643 5000.1 0.999582
1286300000 29793.7 -0.0589147 5000.09 0.999562
1286400000 29793.7 0.152022 5000.05 0.999645
1286500000 29793.7 -0.0866902 5000.09 0.999613
1286600000 29793.7 0.678455 4999.96 0.999696
1286700000 29793.7 -0.0651694 5000.09 0.999562
1286800000 29793.7 -0.168815 5000.11 0.999589
1286900000 29793.7 -0.0598334 5000.09 0.999579
1287000000 29793.7 -0.0986066 5000.09 0.999618
1287100000 29793.7 1.55421 4999.82 0.999806
1287200000 29793.7 -0.122148 5000.1 0.999558
1287300000 29793.7 -0.129176 5000.1 0.999565
1287400000 29793.7 -0.116828 5000.1 0.999562
1287500000 29793.7 -0.102536 5000.09 0.999582
1287600000 29793.7 -0.0707699 5000.09 0.999563
1287700000 29793.7 -0.101802 5000.09 0.999563
1287800000 29793.7 0.425143 5000.01 0.999684
1287900000 29793.7 -0.179875 5000.11 0.999571
1288000000 29793.7 -0.0554016 5000.09 0.999564
1288100000 29793.7 -0.189185 5000.11 0.999577
1288200000 29793.7 -0.048933 5000.09 0.999564
1288300000 29793.7 -0.00739925 5000.08 0.9996
1288400000 29793.7 -0.0592932 5000.09 0.999589
1288500000 29793.7 0.038094 5000.07 0.999632
1288600000 29793.7 -0.0708711 5000.09 0.999564
1288700000 29793.7 -0.0317156 5000.08 0.999586
1288800000 29793.7 -0.0140584 5000.08 0.999567
1288900000 29793.7 -0.169912 5000.11 0.99957
1289000000 29793.7 0.625034 4999.97 0.999688
1289100000 29793.7 -0.145078 5000.1 0.999565
1289200000 29793.7 -0.01037 5000.08 0.99959
1289300000 29793.7 -0.11526 5000.1 0.999559
1289400000 29793.7 -0.260453 5000.12 0.99956
1289500000 29793.7 -0.0691468 5000.09 0.999563
1289600000 29793.7 -0.079222 5000.09 0.999563
1289700000 29793.7 -0.129489 5000.1 0.999566
1289800000 29793.7 -0.161811 5000.1 0.99956
1289900000 29793.7 0.108298 5000.06 0.999629
1290000000 29793.7 -0.105301 5000.1 0.999562
1290100000 29793.7 -0.00876401 5000.08 0.999599
1290200000 29793.7 0.393456 5000.01 0.999663
1290300000 29793.7 1.59071 4999.81 0.999888
1290400000 29793.7 -0.0853653 5000.09 0.999561
1290500000 29793.7 -0.11251 5000.1 0.999559
1290600000 29793.7 -0.0222164 5000.08 0.999567
1290700000 29793.7 -0.131665 5000.1 0.999589
1290800000 29793.7 0.483295 5000 0.99967
1290900000 29793.7 -0.0669384 5000.09 0.999562
1291000000 29793.7 1.1975 4999.88 0.999814
1291100000 29793.7 0.162016 5000.05 0.99963
1291200000 29793.7 -0.0212618 5000.08 0.999566
1291300000 29793.7 -0.341488 5000.13 0.999575
1291400000 29793.7 -0.0867439 5000.09 0.999565
1291500000 29793.7 -0.0675275 5000.09 0.999563
1291600000 29793.7 2.40691 4999.67 0.999947
1291700000 29793.7 -0.0847368 5000.09 0.99956
1291800000 29793.7 1.05016 4999.9 0.99981
1291900000 29793.7 -0.0953445 5000.09 0.999562
1292000000 29793.7 -0.168357 5000.11 0.999584
1292100000 29793.7 0.836511 4999.94 0.999743
1292200000 29793.7 -0.124376 5000.1 0.999591
1292300000 29793.7 -0.0634595 5000.09 0.999608
1292400000 29793.7 -0.229542 5000.12 0.999553
1292500000 29793.7 -0.233051 5000.12 0.999558
1292600000 29793.7 -0.138277 5000.1 0.999566
1292700000 29793.7 -0.115019 5000.1 0.999561
1292800000 29793.7 0.565198 4999.98 0.999691
1292900000 29793.7 -0.00746979 5000.08 0.999618
1293000000 29793.7 -0.0753501 5000.09 0.999572
1293100000 29793.7 0.859031 4999.93 0.999784
1293200000 29793.7 0.437843 5000 0.999668
1293300000 29793.7 2.13743 4999.72 0.999888
1293400000 29793.7 -0.122773 5000.1 0.999562
1293500000 29793.7 0.293186 5000.03 0.999643
1293600000 29793.7 -0.136658 5000.1 0.999577
1293700000 29793.7 -0.0732287 5000.09 0.999569
1293800000 29793.7 -0.154667 5000.1 0.999557
1293900000 29793.7 -0.0920931 5000.09 0.99956
1294000000 29793.7 -0.046075 5000.09 0.999584
1294100000 29793.7 0.0576878 5000.07 0.999633
1294200000 29793.7 -0.0703517 5000.09 0.999569
1294300000 29793.7 -0.116983 5000.1 0.999561
1294400000 29793.7 -0.0486486 5000.09 0.999603
1294500000 29793.7 -0.262019 5000.12 0.999558
1294600000 29793.7 3.38485 4999.51 1.00004
1294700000 29793.7 -0.109 5000.1 0.999562
1294800000 29793.7 -0.184772 5000.11 0.999554
1294900000 29793.7 -0.251707 5000.12 0.999563
1295000000 29793.7 -0.0700079 5000.09 0.99959
1295100000 29793.7 -0.0949811 5000.09 0.99956
1295200000 29793.7 -0.0477914 5000.09 0.999563
1295300000 29793.7 -0.133211 5000.1 0.999562
1295400000 29793.7 2.60053 4999.64 0.999929
1295500000 29793.7 -0.203279 5000.11 0.999557
1295600000 29793.7 -0.11029 5000.1 0.999592
1295700000 29793.7 0.771577 4999.95 0.99976
1295800000 29793.7 0.5293 4999.99 0.999676
1295900000 29793.7 -0.131962 5000.1 0.999576
1296000000 29793.7 -0.160266 5000.1 0.999569
1296100000 29793.7 0.194147 5000.04 0.999629
1296200000 29793.7 -0.130513 5000.1 0.999596
1296300000 29793.7 -0.102279 5000.09 0.999561
1296400000 29793.7 -0.125791 5000.1 0.999564
1296500000 29793.7 -0.101481 5000.09 0.999572
1296600000 29793.7 -0.0529918 5000.09 0.999564
1296700000 29793.7 0.904621 4999.93 0.999743
1296800000 29793.7 -0.281319 5000.12 0.999583
1296900000 29793.7 -0.0726722 5000.09 0.999562
1297000000 29793.7 8.12586 4998.71 1.0004
1297100000 29793.7 0.0193335 5000.07 0.999608
1297200000 29793.7 0.582867 4999.98 0.999724
1297300000 29793.7 4.43148 4999.33 1.00009
1297400000 29793.7 -0.110915 5000.1 0.999566
1297500000 29793.7 -0.127371 5000.1 0.999601
1297600000 29793.7 -0.0318601 5000.08 0.999565
1297700000 29793.7 1.35119 4999.85 0.999794
1297800000 29793.7 0.102851 5000.06 0.999634
1297900000 29793.7 -0.0700772 5000.09 0.999562
1298000000 29793.7 -0.156476 5000.1 0.999568
1298100000 29793.7 -0.270982 5000.12 0.999559
1298200000 29793.7 -0.181265 5000.11 0.999559
1298300000 29793.7 0.358294 5000.02 0.999674
1298400000 29793.7 -0.162571 5000.1 0.999577
1298500000 29793.7 -0.290671 5000.13 0.999565
1298600000 29793.7 -0.0540197 5000.09 0.999563
1298700000 29793.7 -0.0842502 5000.09 0.999569
1298800000 29793.7 -0.018415 5000.08 0.999605
1298900000 29793.7 -0.0705556 5000.09 0.999594
1299000000 29793.7 -0.0229175 5000.08 0.999566
1299100000 29793.7 -0.106014 5000.1 0.999562
1299200000 29793.7 -0.0238506 5000.08 0.999566
1299300000 29793.7 -0.0560047 5000.09 0.999563
1299400000 29793.7 -0.211095 5000.11 0.999581
1299500000 29793.7 -0.0872752 5000.09 0.999562
1299600000 29793.7 -0.104487 5000.1 0.999561
1299700000 29793.7 -0.0933219 5000.09 0.999604
1299800000 29793.7 -0.0872453 5000.09 0.999586
1299900000 29793.7 0.770883 4999.95 0.999718
1300000000 29793.7 -0.203968 5000.11 0.999564
1300100000 29793.7 -0.105903 5000.1 0.999574
1300200000 29793.7 0.842516 4999.94 0.999717
1300300000 29793.7 -0.164841 5000.11 0.999566
1300400000 29793.7 -0.147366 5000.1 0.999564
1300500000 29793.7 0.307594 5000.03 0.999646
1300600000 29793.7 -0.24237 5000.12 0.999556
1300700000 29793.7 0.477046 5000 0.999676
1300800000 29793.7 -0.0656981 5000.09 0.999564
1300900000 29793.7 -0.138019 5000.1 0.99956
1301000000 29793.7 -0.0957506 5000.09 0.999563
1301100000 29793.7 0.34523 5000.02 0.999669
1301200000 29793.7 -0.176937 5000.11 0.99956
1301300000 29793.7 -0.0483831 5000.09 0.999613
1301400000 29793.7 -0.107427 5000.1 0.99956
1301500000 29793.7 -0.151242 5000.1 0.999581
1301600000 29793.7 0.66796 4999.97 0.999712
1301700000 29793.7 -0.180243 5000.11 0.99956
1301800000 29793.7 0.229937 5000.04 0.999634
1301900000 29793.7 -0.0626007 5000.09 0.999571
1302000000 29793.7 1.8635 4999.76 0.999848
1302100000 29793.7 -0.0541271 5000.09 0.999563
1302200000 29793.7 0.230974 5000.04 0.999637
1302300000 29793.7 0.925371 4999.92 0.999732
1302400000 29793.7 -0.0856842 5000.09 0.999572
1302500000 29793.7 0.60127 4999.98 0.999718
1302600000 29793.7 0.00573134 5000.08 0.999608
1302700000 29793.7 -0.0939041 5000.09 0.999564
1302800000 29793.7 0.103965 5000.06 0.999612
1302900000 29793.7 -0.0661654 5000.09 0.999562
1303000000 29793.7 -0.0676416 5000.09 0.999562
1303100000 29793.7 -0.109392 5000.1 0.999585
1303200000 29793.7 3.47982 4999.49 1.00008
1303300000 29793.7 -0.126846 5000.1 0.999565
1303400000 29793.7 0.0397226 5000.07 0.999601
1303500000 29793.7 -0.221172 5000.11 0.999566
1303600000 29793.7 -0.155777 5000.1 0.999559
1303700000 29793.7 -0.206285 5000.11 0.999574
1303800000 29793.7 -0.0415878 5000.08 0.999564
1303900000 29793.7 -0.273986 5000.12 0.999553
1304000000 29793.7 0.375427 5000.01 0.999699
1304100000 29793.7 -0.0619591 5000.09 0.999563
1304200000 29793.7 -0.0687415 5000.09 0.999603
1304300000 29793.7 -0.0425604 5000.08 0.999564
1304400000 29793.7 -0.0664163 5000.09 0.999597
1304500000 29793.7 0.457454 5000 0.999667
1304600000 29793.7 0.822777 4999.94 0.999718
1304700000 29793.7 -0.0376251 5000.08 0.999564
1304800000 29793.7 -0.0405053 5000.08 0.999564
1304900000 29793.7 -0.112953 5000.1 0.99957
1305000000 29793.7 0.0861903 5000.06 0.999632
1305100000 29793.7 -0.0555117 5000.09 0.999563
1305200000 29793.7 0.0451126 5000.07 0.99961
1305300000 29793.7 0.198169 5000.04 0.999631
1305400000 29793.7 0.0338092 5000.07 0.999612
1305500000 29793.7 0.963597 4999.92 0.999776
1305600000 29793.7 -0.153086 5000.1 0.999598
1305700000 29793.7 -0.270811 5000.12 0.99957
1305800000 29793.7 -0.0852808 5000.09 0.999562
1305900000 29793.7 -0.106262 5000.1 0.99957
1306000000 29793.7 -0.0797471 5000.09 0.999564
1306100000 29793.7 -0.142691 5000.1 0.999601
1306200000 29793.7 -0.0277326 5000.08 0.999565
1306300000 29793.7 0.697088 4999.96 0.999745
1306400000 29793.7 -0.0239295 5000.08 0.999566
1306500000 29793.7 0.0313798 5000.07 0.999606
1306600000 29793.7 -0.0996107 5000.09 0.999587
1306700000 29793.7 -0.149121 5000.1 0.999567
1306800000 29793.7 1.71665 4999.79 0.999872
1306900000 29793.7 -0.18078 5000.11 0.999566
1307000000 29793.7 -0.171503 5000.11 0.999566
1307100000 29793.7 4.84311 4999.26 1.00013
1307200000 29793.7 -0.104728 5000.1 0.999594
1307300000 29793.7 0.128492 5000.06 0.999646
1307400000 29793.7 -0.177085 5000.11 0.999561
1307500000 29793.7 0.333122 5000.02 0.999692
1307600000 29793.7 -0.213177 5000.11 0.999562
1307700000 29793.7 -0.0581283 5000.09 0.999562
1307800000 29793.7 0.0221711 5000.07 0.99963
1307900000 29793.7 -0.0731107 5000.09 0.999563
1308000000 29793.7 2.03687 4999.74 0.999912
1308100000 29793.7 -0.117467 5000.1 0.999565
1308200000 29793.7 -0.0973895 5000.09 0.999565
1308300000 29793.7 -0.0341983 5000.08 0.999565
1308400000 29793.7 -0.154894 5000.1 0.999574
1308500000 29793.7 -0.0752168 5000.09 0.999562
1308600000 29793.7 -0.0604463 5000.09 0.999568
1308700000 29793.7 0.369707 5000.02 0.999673
1308800000 29793.7 -0.0691922 5000.09 0.999563
1308900000 29793.7 2.42527 4999.67 0.999914
1309000000 29793.7 -0.0737573 5000.09 0.999606
1309100000 29793.7 -0.115094 5000.1 0.999561
1309200000 29793.7 1.73606 4999.79 0.999885
1309300000 29793.7 0.726369 4999.96 0.999718
1309400000 29793.7 -0.0727355 5000.09 0.999588
1309500000 29793.7 -0.148388 5000.1 0.999559
1309600000 29793.7 -0.0894864 5000.09 0.999561
1309700000 29793.7 -0.0725215 5000.09 0.999582
1309800000 29793.7 -0.132392 5000.1 0.999563
1309900000 29793.7 -0.142807 5000.1 0.99956
1310000000 29793.7 -0.0651374 5000.09 0.999562
1310100000 29793.7 -0.0178586 5000.08 0.999566
1310200000 29793.7 -0.185523 5000.11 0.999565
1310300000 29793.7 -0.0673063 5000.09 0.999564
1310400000 29793.7 -0.037502 5000.08 0.999564
1310500000 29793.7 -0.230315 5000.12 0.999567
1310600000 29793.7 2.04499 4999.73 0.999862
1310700000 29793.7 -0.115302 5000.1 0.999564
1310800000 29793.7 -0.0166494 5000.08 0.999631
1310900000 29793.7 -0.181876 5000.11 0.999567
1311000000 29793.7 -0.0471405 5000.09 0.999563
1311100000 29793.7 0.103079 5000.06 0.99963
1311200000 29793.7 -0.222098 5000.11 0.999567
1311300000 29793.7 0.103341 5000.06 0.999628
1311400000 29793.7 -0.0528035 5000.09 0.999564
1311500000 29793.7 0.0568699 5000.07 0.999624
1311600000 29793.7 -0.177121 5000.11 0.999563
1311700000 29793.7 0.392374 5000.01 0.999664
1311800000 29793.7 -0.185705 5000.11 0.999556
1311900000 29793.7 -0.157564 5000.1 0.999556
1312000000 29793.7 0.979405 4999.91 0.99975
1312100000 29793.7 -0.0765383 5000.09 0.999564
1312200000 29793.7 -0.115609 5000.1 0.999583
1312300000 29793.7 -0.174062 5000.11 0.999598
1312400000 29793.7 3.6237 4999.47 1.00009
1312500000 29793.7 -0.0449748 5000.09 0.999564
1312600000 29793.7 0.0543252 5000.07 0.999619
1312700000 29793.7 -0.0690806 5000.09 0.999562
1312800000 29793.7 -0.117824 5000.1 0.999557
1312900000 29793.7 -0.186453 5000.11 0.999551
1313000000 29793.7 -0.180262 5000.11 0.999579
1313100000 29793.7 -0.134444 5000.1 0.999562
1313200000 29793.7 -0.123043 5000.1 0.999568
1313300000 29793.7 -0.0871826 5000.09 0.999574
1313400000 29793.7 -0.0916068 5000.09 0.999565
1313500000 29793.7 -0.0826731 5000.09 0.999588
1313600000 29793.7 -0.156842 5000.1 0.99959
1313700000 29793.7 0.225921 5000.04 0.999631
1313800000 29793.7 -0.097617 5000.09 0.999565
1313900000 29793.7 -0.081019 5000.09 0.999564
1314000000 29793.7 -0.0453738 5000.09 0.999564
1314100000 29793.7 -0.177489 5000.11 0.999562
1314200000 29793.7 0.950786 4999.92 0.999764
1314300000 29793.7 0.624195 4999.97 0.999692
1314400000 29793.7 -0.173072 5000.11 0.999563
1314500000 29793.7 -0.127951 5000.1 0.99956
1314600000 29793.7 -0.120027 5000.1 0.99956
1314700000 29793.7 -0.143616 5000.1 0.999585
1314800000 29793.7 -0.200249 5000.11 0.999573
1314900000 29793.7 -0.0623294 5000.09 0.999564
1315000000 29793.7 0.026351 5000.07 0.999597
1315100000 29793.7 -0.100898 5000.09 0.999558
1315200000 29793.7 -0.227173 5000.12 0.999551
1315300000 29793.7 1.81798 4999.77 0.999833
1315400000 29793.7 -0.00977185 5000.08 0.999611
1315500000 29793.7 0.349518 5000.02 0.999677
1315600000 29793.7 -0.0740091 5000.09 0.999564
1315700000 29793.7 -0.117387 5000.1 0.99956
1315800000 29793.7 -0.1287 5000.1 0.999562
1315900000 29793.7 -0.147118 5000.1 0.999556
1316000000 29793.7 -0.0117311 5000.08 0.999567
1316100000 29793.7 0.495592 4999.99 0.999673
1316200000 29793.7 1.56833 4999.81 0.999848
1316300000 29793.7 -0.148625 5000.1 0.999563
1316400000 29793.7 0.937463 4999.92 0.999744
1316500000 29793.7 -0.0310788 5000.08 0.999565
1316600000 29793.7 0.563053 4999.98 0.999688
1316700000 29793.7 -0.0977692 5000.09 0.999565
1316800000 29793.7 -0.0373412 5000.08 0.999564
1316900000 29793.7 -0.0501423 5000.09 0.999565
1317000000 29793.7 -0.0482956 5000.09 0.999602
1317100000 29793.7 -0.15401 5000.1 0.999575
1317200000 29793.7 -0.125612 5000.1 0.999568
1317300000 29793.7 -0.0979238 5000.09 0.999604
1317400000 29793.7 0.628241 4999.97 0.999701
1317500000 29793.7 1.50184 4999.83 0.9998
1317600000 29793.7 0.139521 5000.05 0.99963
1317700000 29793.7 -0.149232 5000.1 0.999565
1317800000 29793.7 0.12392 5000.06 0.999629
1317900000 29793.7 -0.200939 5000.11 0.999561
1318000000 29793.7 -0.0661481 5000.09 0.999562
1318100000 29793.7 1.78817 4999.78 0.999831
1318200000 29793.7 -0.235176 5000.12 0.999561
1318300000 29793.7 -0.0501014 5000.09 0.999565
1318400000 29793.7 -0.0991701 5000.09 0.999561
1318500000 29793.7 -0.084108 5000.09 0.999561
1318600000 29793.7 -0.121097 5000.1 0.999568
1318700000 29793.7 -0.0177583 5000.08 0.999567
1318800000 29793.7 1.65907 4999.8 0.999826
1318900000 29793.7 -0.107525 5000.1 0.999562
1319000000 29793.7 -0.0681947 5000.09 0.999577
1319100000 29793.7 0.343612 5000.02 0.999665
1319200000 29793.7 0.407217 5000.01 0.999688
1319300000 29793.7 0.780699 4999.95 0.999715
1319400000 29793.7 0.669245 4999.97 0.99972
1319500000 29793.7 -0.145032 5000.1 0.999591
1319600000 29793.7 0.0702543 5000.07 0.999633
1319700000 29793.7 -0.00567155 5000.08 0.999568
1319800000 29793.7 -0.139052 5000.1 0.999564
1319900000 29793.7 0.0563757 5000.07 0.999602
1320000000 29793.7 -0.0872881 5000.09 0.999583
1320100000 29793.7 -0.0791573 5000.09 0.999561
1320200000 29793.7 1.49092 4999.83 0.999817
1320300000 29793.7 -0.0580282 5000.09 0.999563
1320400000 29793.7 0.0241349 5000.07 0.999597
1320500000 29793.7 0.0337039 5000.07 0.99961
1320600000 29793.7 0.232762 5000.04 0.999639
1320700000 29793.7 0.0185129 5000.07 0.999622
1320800000 29793.7 -0.126616 5000.1 0.999579
1320900000 29793.7 -0.135179 5000.1 0.999577
1321000000 29793.7 -0.0563148 5000.09 0.999562
1321100000 29793.7 -0.151365 5000.1 0.99956
1321200000 29793.7 0.632261 4999.97 0.999712
1321300000 29793.7 -0.254303 5000.12 0.999588
1321400000 29793.7 -0.106115 5000.1 0.999564
1321500000 29793.7 -0.15269 5000.1 0.999554
1321600000 29793.7 -0.213415 5000.11 0.999555
1321700000 29793.7 0.364132 5000.02 0.999665
1321800000 29793.7 -0.0630773 5000.09 0.999562
1321900000 29793.7 0.122946 5000.06 0.999642
1322000000 29793.7 -0.0727694 5000.09 0.999563
1322100000 29793.7 -0.0762106 5000.09 0.99959
1322200000 29793.7 -0.143817 5000.1 0.999564
1322300000 29793.7 -0.226607 5000.12 0.999602
1322400000 29793.7 1.04858 4999.9 0.999748
1322500000 29793.7 -0.0812803 5000.09 0.99958
1322600000 29793.7 -0.17968 5000.11 0.999624
1322700000 29793.7 -0.0827115 5000.09 0.999588
1322800000 29793.7 -0.101926 5000.09 0.999561
1322900000 29793.7 -0.204196 5000.11 0.99957
1323000000 29793.7 1.715 4999.79 0.999844
1323100000 29793.7 1.82798 4999.77 0.999898
1323200000 29793.7 -0.0949292 5000.09 0.99956
1323300000 29793.7 -0.0833217 5000.09 0.999586
1323400000 29793.7 0.00980264 5000.08 0.999623
1323500000 29793.7 0.259488 5000.03 0.999659
1323600000 29793.7 -0.0969552 5000.09 0.999567
1323700000 29793.7 -0.0672486 5000.09 0.999567
1323800000 29793.7 0.500148 4999.99 0.999697
1323900000 29793.7 -0.194394 5000.11 0.999593
1324000000 29793.7 -0.160614 5000.1 0.999569
1324100000 29793.7 0.1658 5000.05 0.999665
1324200000 29793.7 -0.0446358 5000.08 0.999564
1324300000 29793.7 -0.0241035 5000.08 0.999566
1324400000 29793.7 -0.058166 5000.09 0.999564
1324500000 29793.7 -0.0919437 5000.09 0.999638
1324600000 29793.7 -0.0330219 5000.08 0.999565
1324700000 29793.7 -0.0704916 5000.09 0.999563
1324800000 29793.7 -0.110044 5000.1 0.999564
1324900000 29793.7 0.682472 4999.96 0.999701
1325000000 29793.7 -0.0745118 5000.09 0.99959
1325100000 29793.7 -0.191317 5000.11 0.999578
1325200000 29793.7 2.60448 4999.64 0.999951
1325300000 29793.7 0.192385 5000.05 0.999647
1325400000 29793.7 -0.119417 5000.1 0.999593
1325500000 29793.7 1.78424 4999.78 0.999862
1325600000 29793.7 0.002408 5000.08 0.9996
1325700000 29793.7 -0.0836312 5000.09 0.999564
1325800000 29793.7 -0.174432 5000.11 0.999573
1325900000 29793.7 -0.0920987 5000.09 0.999573
1326000000 29793.7 -0.118657 5000.1 0.99956
1326100000 29793.7 -0.0453319 5000.09 0.999564
1326200000 29793.7 -0.124065 5000.1 0.999571
1326300000 29793.7 -0.0979401 5000.09 0.99956
1326400000 29793.7 -0.166763 5000.11 0.999563
1326500000 29793.7 -0.0627279 5000.09 0.999598
1326600000 29793.7 -0.147072 5000.1 0.999562
1326700000 29793.7 -0.115716 5000.1 0.999559
1326800000 29793.7 -0.0890515 5000.09 0.999604
1326900000 29793.7 0.289273 5000.03 0.999662
1327000000 29793.7 -0.132613 5000.1 0.999561
1327100000 29793.7 -0.103444 5000.09 0.999578
1327200000 29793.7 0.0512331 5000.07 0.999612
1327300000 29793.7 5.4564 4999.16 1.00022
1327400000 29793.7 2.46741 4999.66 0.9999
1327500000 29793.7 0.448123 5000 0.999665
1327600000 29793.7 -0.102227 5000.09 0.999572
1327700000 29793.7 -0.0998831 5000.09 0.99956
1327800000 29793.7 0.439439 5000 0.999675
1327900000 29793.7 1.9883 4999.74 0.999868
1328000000 29793.7 -0.0594714 5000.09 0.999589
1328100000 29793.7 -0.0908955 5000.09 0.999576
1328200000 29793.7 -0.05017 5000.09 0.999565
1328300000 29793.7 -0.0895115 5000.09 0.999565
1328400000 29793.7 -0.20146 5000.11 0.999561
1328500000 29793.7 -0.160895 5000.1 0.999568
1328600000 29793.7 -0.056948 5000.09 0.999563
1328700000 29793.7 0.912015 4999.92 0.999736
1328800000 29793.7 -0.0651801 5000.09 0.999562
1328900000 29793.7 0.516189 4999.99 0.999674
1329000000 29793.7 -0.033467 5000.08 0.999617
1329100000 29793.7 -0.134311 5000.1 0.999589
1329200000 29793.7 0.759475 4999.95 0.999712
1329300000 29793.7 -0.156377 5000.1 0.999557
1329400000 29793.7 -0.21094 5000.11 0.99957
1329500000 29793.7 0.386271 5000.01 0.999679
1329600000 29793.7 0.0471503 5000.07 0.999605
1329700000 29793.7 0.187571 5000.05 0.999626
1329800000 29793.7 -0.1793 5000.11 0.999564
1329900000 29793.7 -0.0806745 5000.09 0.999598
1330000000 29793.7 -0.0898563 5000.09 0.999563
1330100000 29793.7 -0.0285516 5000.08 0.999593
1330200000 29793.7 0.745868 4999.95 0.999754
1330300000 29793.7 -0.19429 5000.11 0.999557
1330400000 29793.7 -0.0983365 5000.09 0.999562
1330500000 29793.7 -0.112793 5000.1 0.999559
1330600000 29793.7 -0.235664 5000.12 0.999567
1330700000 29793.7 0.519471 4999.99 0.99973
1330800000 29793.7 -0.03814 5000.08 0.999599
1330900000 29793.7 0.984116 4999.91 0.999768
1331000000 29793.7 -0.0916277 5000.09 0.999563
1331100000 29793.7 -0.0151909 5000.08 0.999604
1331200000 29793.7 -0.0041416 5000.08 0.999568
1331300000 29793.7 -0.0424667 5000.08 0.999564
1331400000 29793.7 -0.089197 5000.09 0.999572
1331500000 29793.7 -0.0592517 5000.09 0.999563
1331600000 29793.7 0.0694 5000.07 0.999614
1331700000 29793.7 -0.121139 5000.1 0.999607
1331800000 29793.7 1.01674 4999.91 0.999773
1331900000 29793.7 -0.195348 5000.11 0.999586
1332000000 29793.7 -0.228972 5000.12 0.999576
1332100000 29793.7 -0.0360777 5000.08 0.999565
1332200000 29793.7 -0.0983795 5000.09 0.99956
1332300000 29793.7 -0.0945852 5000.09 0.999571
1332400000 29793.7 0.815029 4999.94 0.999737
1332500000 29793.7 1.16886 4999.88 0.999827
1332600000 29793.7 -0.0272972 5000.08 0.999565
1332700000 29793.7 -0.100921 5000.09 0.999601
1332800000 29793.7 -0.0216878 5000.08 0.99959
1332900000 29793.7 -0.100506 5000.09 0.999576
1333000000 29793.7 -0.0641265 5000.09 0.999563
1333100000 29793.7 -0.0309338 5000.08 0.999565
1333200000 29793.7 -0.0380477 5000.08 0.999565
1333300000 29793.7 0.166963 5000.05 0.999656
1333400000 29793.7 -0.124174 5000.1 0.999558
1333500000 29793.7 -0.0861294 5000.09 0.999563
1333600000 29793.7 1.02051 4999.91 0.999759
1333700000 29793.7 -0.0505297 5000.09 0.99958
1333800000 29793.7 -0.0498486 5000.09 0.999563
1333900000 29793.7 -0.0274509 5000.08 0.999566
1334000000 29793.7 -0.18315 5000.11 0.999557
1334100000 29793.7 -0.121376 5000.1 0.999567
1334200000 29793.7 0.225025 5000.04 0.999641
1334300000 29793.7 -0.09093 5000.09 0.999571
1334400000 29793.7 -0.127392 5000.1 0.999557
1334500000 29793.7 -0.0853303 5000.09 0.999561
1334600000 29793.7 -0.0976847 5000.09 0.999567
1334700000 29793.7 -0.0210303 5000.08 0.999566
1334800000 29793.7 -0.103627 5000.09 0.99957
1334900000 29793.7 -0.0306333 5000.08 0.999565
1335000000 29793.7 -0.0723732 5000.09 0.99959
1335100000 29793.7 0.126377 5000.06 0.999622
1335200000 29793.7 -0.262202 5000.12 0.99956
1335300000 29793.7 -0.21156 5000.11 0.999573
1335400000 29793.7 0.212586 5000.04 0.999656
1335500000 29793.7 -0.149216 5000.1 0.999569
1335600000 29793.7 1.7731 4999.78 0.999879
1335700000 29793.7 -0.0483409 5000.09 0.999563
1335800000 29793.7 -0.0176372 5000.08 0.999566
1335900000 29793.7 0.0869557 5000.06 0.999647
1336000000 29793.7 0.675347 4999.96 0.999707
1336100000 29793.7 -0.102901 5000.09 0.999565
1336200000 29793.7 -0.0783753 5000.09 0.99957
1336300000 29793.7 -0.0875306 5000.09 0.999568
1336400000 29793.7 -0.0902032 5000.09 0.999563
1336500000 29793.7 0.0872728 5000.06 0.999636
1336600000 29793.7 -0.116591 5000.1 0.999574
1336700000 29793.7 -0.0503484 5000.09 0.999583
1336800000 29793.7 -0.225296 5000.12 0.999559
1336900000 29793.7 1.0111 4999.91 0.999771
1337000000 29793.7 0.275649 5000.03 0.999647
1337100000 29793.7 -0.0715652 5000.09 0.999562
1337200000 29793.7 0.172381 5000.05 0.999652
1337300000 29793.7 -0.0875921 5000.09 0.999563
1337400000 29793.7 -0.0779232 5000.09 0.999576
1337500000 29793.7 -0.084389 5000.09 0.999562
1337600000 29793.7 -0.00757526 5000.08 0.999617
1337700000 29793.7 -0.151494 5000.1 0.999557
1337800000 29793.7 0.0217356 5000.07 0.999606
1337900000 29793.7 -0.0281336 5000.08 0.999565
1338000000 29793.7 -0.0836651 5000.09 0.999565
1338100000 29793.7 -0.108723 5000.1 0.999586
1338200000 29793.7 1.12742 4999.89 0.99977
1338300000 29793.7 -0.011423 5000.08 0.999567
1338400000 29793.7 -0.0386708 5000.08 0.999595
1338500000 29793.7 -0.121532 5000.1 0.999562
1338600000 29793.7 -0.191309 5000.11 0.999575
1338700000 29793.7 -0.0744688 5000.09 0.999598
1338800000 29793.7 -0.076942 5000.09 0.999566
1338900000 29793.7 -0.0619286 5000.09 0.999563
1339000000 29793.7 0.554729 4999.98 0.999745
1339100000 29793.7 -0.295053 5000.13 0.999559
1339200000 29793.7 -0.0967617 5000.09 0.999565
1339300000 29793.7 -0.169002 5000.11 0.999596
1339400000 29793.7 0.652813 4999.97 0.999702
1339500000 29793.7 -0.108558 5000.1 0.999566
1339600000 29793.7 -0.1031 5000.09 0.999561
1339700000 29793.7 0.110418 5000.06 0.999619
1339800000 29793.7 0.752818 4999.95 0.999706
1339900000 29793.7 -0.0534329 5000.09 0.999562
1340000000 29793.7 0.107986 5000.06 0.999621
1340100000 29793.7 -0.053327 5000.09 0.999565
1340200000 29793.7 0.810043 4999.94 0.999759
1340300000 29793.7 4.50921 4999.32 1.0001
1340400000 29793.7 2.07346 4999.73 0.999865
1340500000 29793.7 0.935784 4999.92 0.999752
1340600000 29793.7 -0.0979011 5000.09 0.99956
1340700000 29793.7 -0.12334 5000.1 0.999562
1340800000 29793.7 -0.133669 5000.1 0.999574
1340900000 29793.7 -0.0853195 5000.09 0.999584
1341000000 29793.7 0.215088 5000.04 0.999653
1341100000 29793.7 -0.0635079 5000.09 0.999591
1341200000 29793.7 -0.132469 5000.1 0.999577
1341300000 29793.7 -0.0615691 5000.09 0.999578
1341400000 29793.7 -0.0190506 5000.08 0.999566
1341500000 29793.7 -0.116563 5000.1 0.999587
1341600000 29793.7 0.850065 4999.93 0.999724
1341700000 29793.7 -0.170649 5000.11 0.999559
1341800000 29793.7 -0.116412 5000.1 0.999563
1341900000 29793.7 0.295595 5000.03 0.999663
1342000000 29793.7 -0.0987946 5000.09 0.999563
1342100000 29793.7 2.12149 4999.72 0.999876
1342200000 29793.7 -0.127102 5000.1 0.999559
1342300000 29793.7 -0.100461 5000.09 0.999563
1342400000 29793.7 0.0562622 5000.07 0.999632
1342500000 29793.7 -0.112256 5000.1 0.999573
1342600000 29793.7 -0.089147 5000.09 0.999563
1342700000 29793.7 0.0119351 5000.08 0.999622
1342800000 29793.7 -0.0216277 5000.08 0.999566
1342900000 29793.7 0.984083 4999.91 0.999766
1343000000 29793.7 -0.017313 5000.08 0.999566
1343100000 29793.7 -0.148641 5000.1 0.999567
1343200000 29793.7 -0.10739 5000.1 0.999559
1343300000 29793.7 -0.138197 5000.1 0.99956
1343400000 29793.7 -0.177486 5000.11 0.999564
1343500000 29793.7 -0.0757377 5000.09 0.999563
1343600000 29793.7 -0.0362157 5000.08 0.999565
1343700000 29793.7 -0.221664 5000.11 0.999581
1343800000 29793.7 -0.167597 5000.11 0.999569
1343900000 29793.7 -0.173447 5000.11 0.999562
1344000000 29793.7 -0.189544 5000.11 0.999583
1344100000 29793.7 -0.131722 5000.1 0.999562
1344200000 29793.7 -0.104479 5000.1 0.999564
1344300000 29793.7 -0.216576 5000.11 0.99959
1344400000 29793.7 -0.184743 5000.11 0.999564
1344500000 29793.7 -0.200479 5000.11 0.999571
1344600000 29793.7 -0.167325 5000.11 0.999563
1344700000 29793.7 0.743535 4999.95 0.999755
1344800000 29793.7 0.158475 5000.05 0.999649
1344900000 29793.7 0.584397 4999.98 0.999702
1345000000 29793.7 1.32203 4999.86 0.999794
1345100000 29793.7 -0.00969074 5000.08 0.999623
1345200000 29793.7 0.22854 5000.04 0.999668
1345300000 29793.7 -0.103631 5000.09 0.999563
1345400000 29793.7 -0.0941246 5000.09 0.999633
1345500000 29793.7 -0.0190022 5000.08 0.999587
1345600000 29793.7 -0.0376145 5000.08 0.999565
1345700000 29793.7 -0.143614 5000.1 0.999568
1345800000 29793.7 -0.0987671 5000.09 0.999562
1345900000 29793.7 -0.0969467 5000.09 0.999574
1346000000 29793.7 -0.113556 5000.1 0.999563
1346100000 29793.7 -0.152143 5000.1 0.999589
1346200000 29793.7 -0.0340399 5000.08 0.999565
1346300000 29793.7 -0.122244 5000.1 0.999577
1346400000 29793.7 -0.084541 5000.09 0.999566
1346500000 29793.7 -0.220775 5000.11 0.999578
1346600000 29793.7 0.983134 4999.91 0.999803
1346700000 29793.7 3.04588 4999.57 0.999985
1346800000 29793.7 0.354446 5000.02 0.999679
1346900000 29793.7 -0.168005 5000.11 0.999555
1347000000 29793.7 -0.196608 5000.11 0.999571
1347100000 29793.7 -0.0557744 5000.09 0.999562
1347200000 29793.7 -0.0925527 5000.09 0.99956
1347300000 29793.7 -0.0950578 5000.09 0.999562
1347400000 29793.7 -0.128329 5000.1 0.999569
1347500000 29793.7 0.110937 5000.06 0.999618
1347600000 29793.7 0.608817 4999.98 0.999715
1347700000 29793.7 -0.0925414 5000.09 0.999563
1347800000 29793.7 0.441436 5000 0.999682
1347900000 29793.7 0.453051 5000 0.999686
1348000000 29793.7 -0.110079 5000.1 0.999562
1348100000 29793.7 0.989341 4999.91 0.999742
1348200000 29793.7 -0.137106 5000.1 0.999563
1348300000 29793.7 -0.237638 5000.12 0.999563
1348400000 29793.7 0.0898058 5000.06 0.999614
1348500000 29793.7 -0.22395 5000.12 0.999592
1348600000 29793.7 -0.3143 5000.13 0.999564
1348700000 29793.7 -0.0898984 5000.09 0.999561
1348800000 29793.7 -0.143429 5000.1 0.99956
1348900000 29793.7 1.167 4999.88 0.999757
1349000000 29793.7 -0.164659 5000.11 0.999566
1349100000 29793.7 2.71971 4999.62 0.999932
1349200000 29793.7 1.28921 4999.86 0.999771
1349300000 29793.7 -0.0655888 5000.09 0.999587
1349400000 29793.7 3.1628 4999.55 1.00006
1349500000 29793.7 -0.0319702 5000.08 0.999582
1349600000 29793.7 -0.0822523 5000.09 0.999563
1349700000 29793.7 -0.196075 5000.11 0.999586
1349800000 29793.7 -0.130727 5000.1 0.999564
1349900000 29793.7 -0.00980557 5000.08 0.999567
1350000000 29793.7 -0.0617518 5000.09 0.99962
1350100000 29793.7 -0.0986215 5000.09 0.999571
1350200000 29793.7 0.165848 5000.05 0.999623
1350300000 29793.7 -0.0735509 5000.09 0.9996
1350400000 29793.7 1.2428 4999.87 0.999817
1350500000 29793.7 1.3895 4999.84 0.999784
1350600000 29793.7 -0.132563 5000.1 0.999574
1350700000 29793.7 -0.126999 5000.1 0.999588
1350800000 29793.7 1.48053 4999.83 0.999874
1350900000 29793.7 -0.152467 5000.1 0.999565
1351000000 29793.7 -0.134762 5000.1 0.999561
1351100000 29793.7 -0.159515 5000.1 0.99956
1351200000 29793.7 1.08569 4999.9 0.999758
1351300000 29793.7 -0.238524 5000.12 0.999556
1351400000 29793.7 -0.00919857 5000.08 0.999594
1351500000 29793.7 -0.217214 5000.11 0.999565
1351600000 29793.7 1.05279 4999.9 0.999744
1351700000 29793.7 -0.337596 5000.13 0.999565
1351800000 29793.7 0.738479 4999.95 0.999738
1351900000 29793.7 -0.0803404 5000.09 0.999561
1352000000 29793.7 -0.149639 5000.1 0.999562
1352100000 29793.7 -0.121745 5000.1 0.999572
1352200000 29793.7 -0.0744426 5000.09 0.999589
1352300000 29793.7 0.0306474 5000.07 0.999602
1352400000 29793.7 0.162496 5000.05 0.999636
1352500000 29793.7 -0.130446 5000.1 0.999558
1352600000 29793.7 -0.0797072 5000.09 0.999581
1352700000 29793.7 -0.0958174 5000.09 0.999563
1352800000 29793.7 -0.0871707 5000.09 0.999562
1352900000 29793.7 -0.135656 5000.1 0.999563
1353000000 29793.7 -0.148965 5000.1 0.999566
1353100000 29793.7 2.12607 4999.72 0.999911
1353200000 29793.7 -0.0751441 5000.09 0.999594
1353300000 29793.7 -0.116663 5000.1 0.999561
1353400000 29793.7 0.00241732 5000.08 0.999614
1353500000 29793.7 -0.127878 5000.1 0.999574
1353600000 29793.7 -0.0843292 5000.09 0.999564
1353700000 29793.7 -0.0472841 5000.09 0.999599
1353800000 29793.7 0.437003 5000 0.999663
1353900000 29793.7 0.656015 4999.97 0.999695
1354000000 29793.7 -0.113711 5000.1 0.999562
1354100000 29793.7 0.282502 5000.03 0.999645
1354200000 29793.7 0.148332 5000.05 0.999629
1354300000 29793.7 -0.0776176 5000.09 0.999627
1354400000 29793.7 -0.0483623 5000.09 0.999564
1354500000 29793.7 0.0379779 5000.07 0.9996
1354600000 29793.7 -0.116507 5000.1 0.999568
1354700000 29793.7 -0.0435878 5000.08 0.999564
1354800000 29793.7 -0.253843 5000.12 0.999562
1354900000 29793.7 -0.0219262 5000.08 0.999566
1355000000 29793.7 -0.0661191 5000.09 0.999562
1355100000 29793.7 -0.106915 5000.1 0.999563
1355200000 29793.7 1.54379 4999.82 0.999867
1355300000 29793.7 -0.094798 5000.09 0.999562
1355400000 29793.7 -0.124833 5000.1 0.999558
1355500000 29793.7 0.105667 5000.06 0.999613
1355600000 29793.7 0.111261 5000.06 0.999654
1355700000 29793.7 0.141188 5000.05 0.999636
1355800000 29793.7 -0.0330399 5000.08 0.999564
1355900000 29793.7 -0.0608907 5000.09 0.999562
1356000000 29793.7 -0.137706 5000.1 0.999563
1356100000 29793.7 -0.103173 5000.09 0.999579
1356200000 29793.7 1.65096 4999.8 0.999813
1356300000 29793.7 -0.0783208 5000.09 0.999561
1356400000 29793.7 0.305571 5000.03 0.999644
1356500000 29793.7 0.100129 5000.06 0.999625
1356600000 29793.7 -0.0599953 5000.09 0.999563
1356700000 29793.7 0.094557 5000.06 0.99963
1356800000 29793.7 0.180311 5000.05 0.99964
1356900000 29793.7 -0.288321 5000.13 0.999563
1357000000 29793.7 0.0554668 5000.07 0.999606
1357100000 29793.7 -0.135911 5000.1 0.999576
1357200000 29793.7 -0.210921 5000.11 0.999561
1357300000 29793.7 -0.0521681 5000.09 0.999576
1357400000 29793.7 -0.207027 5000.11 0.999558
1357500000 29793.7 -0.0567375 5000.09 0.999564
1357600000 29793.7 -0.140207 5000.1 0.999556
1357700000 29793.7 -0.0811519 5000.09 0.999566
1357800000 29793.7 1.58878 4999.81 0.999895
1357900000 29793.7 -0.247829 5000.12 0.999567
1358000000 29793.7 -0.101332 5000.09 0.999558
1358100000 29793.7 0.136621 5000.05 0.999654
1358200000 29793.7 -0.12945 5000.1 0.99956
1358300000 29793.7 -0.0752959 5000.09 0.999563
1358400000 29793.7 -0.00866518 5000.08 0.999567
1358500000 29793.7 0.0323995 5000.07 0.999598
1358600000 29793.7 -0.095474 5000.09 0.99956
1358700000 29793.7 0.766355 4999.95 0.999724
1358800000 29793.7 -0.189316 5000.11 0.999596
1358900000 29793.7 1.02122 4999.91 0.99977
1359000000 29793.7 0.168166 5000.05 0.999663
1359100000 29793.7 0.354272 5000.02 0.999651
1359200000 29793.7 -0.171585 5000.11 0.999556
1359300000 29793.7 0.0360954 5000.07 0.999604
1359400000 29793.7 -0.106898 5000.1 0.999578
1359500000 29793.7 0.759476 4999.95 0.999775
1359600000 29793.7 -0.0698064 5000.09 0.999562
1359700000 29793.7 3.13161 4999.55 0.999992
1359800000 29793.7 0.191956 5000.05 0.999629
1359900000 29793.7 -0.027681 5000.08 0.999565
1360000000 29793.7 -0.23837 5000.12 0.999576
1360100000 29793.7 -0.200549 5000.11 0.999555
1360200000 29793.7 -0.13759 5000.1 0.999561
1360300000 29793.7 0.328495 5000.02 0.999647
1360400000 29793.7 -0.26764 5000.12 0.999559
1360500000 29793.7 3.82576 4999.44 1.00003
1360600000 29793.7 -0.190093 5000.11 0.999553
1360700000 29793.7 -0.0795335 5000.09 0.999562
1360800000 29793.7 1.52413 4999.82 0.9998
1360900000 29793.7 -0.00342217 5000.08 0.999568
1361000000 29793.7 0.577735 4999.98 0.999692
1361100000 29793.7 -0.182198 5000.11 0.999574
1361200000 29793.7 -0.0969682 5000.09 0.999589
1361300000 29793.7 0.630549 4999.97 0.999723
1361400000 29793.7 -0.12273 5000.1 0.999584
1361500000 29793.7 -0.0743683 5000.09 0.999563
1361600000 29793.7 0.132025 5000.06 0.999621
1361700000 29793.7 0.0584465 5000.07 0.999632
1361800000 29793.7 -0.190475 5000.11 0.999568
1361900000 29793.7 -0.158837 5000.1 0.999569
1362000000 29793.7 0.112662 5000.06 0.999626
1362100000 29793.7 -0.154904 5000.1 0.999567
1362200000 29793.7 -0.0970282 5000.09 0.999567
1362300000 29793.7 -0.0489988 5000.09 0.999563
1362400000 29793.7 -0.118142 5000.1 0.999558
1362500000 29793.7 -0.0306729 5000.08 0.999565
1362600000 29793.7 -0.059421 5000.09 0.999603
1362700000 29793.7 1.54267 4999.82 0.999832
1362800000 29793.7 -0.260548 5000.12 0.999563
1362900000 29793.7 -0.277224 5000.12 0.999605
1363000000 29793.7 -0.0831272 5000.09 0.999562
1363100000 29793.7 -0.140477 5000.1 0.999565
1363200000 29793.7 -0.0930915 5000.09 0.999561
1363300000 29793.7 -0.113967 5000.1 0.999594
1363400000 29793.7 -0.179179 5000.11 0.999608
1363500000 29793.7 -0.0866627 5000.09 0.999568
1363600000 29793.7 -0.126782 5000.1 0.99957
1363700000 29793.7 -0.0150304 5000.08 0.99961
1363800000 29793.7 1.09038 4999.89 0.999749
1363900000 29793.7 0.0876074 5000.06 0.99963
1364000000 29793.7 -0.230834 5000.12 0.99956
1364100000 29793.7 -0.0387573 5000.08 0.999565
1364200000 29793.7 4.21513 4999.37 1.00007
1364300000 29793.7 -0.141568 5000.1 0.999566
1364400000 29793.7 -0.135838 5000.1 0.99956
1364500000 29793.7 -0.220089 5000.11 0.999581
1364600000 29793.7 -0.174675 5000.11 0.999566
1364700000 29793.7 -0.0488885 5000.09 0.999564
1364800000 29793.7 0.0665549 5000.07 0.999619
1364900000 29793.7 -0.0332361 5000.08 0.999565
1365000000 29793.7 -0.185539 5000.11 0.999601
1365100000 29793.7 0.587662 4999.98 0.999693
1365200000 29793.7 0.415025 5000.01 0.999666
1365300000 29793.7 0.00961905 5000.08 0.999612
1365400000 29793.7 -0.146041 5000.1 0.999565
1365500000 29793.7 -0.105273 5000.1 0.999563
1365600000 29793.7 -0.0889849 5000.09 0.999579
1365700000 29793.7 -0.100874 5000.09 0.999565
1365800000 29793.7 0.440223 5000 0.999741
1365900000 29793.7 -0.0381293 5000.08 0.999581
1366000000 29793.7 0.0794457 5000.06 0.999619
1366100000 29793.7 -0.22223 5000.11 0.999581
1366200000 29793.7 2.48717 4999.66 0.999905
1366300000 29793.7 -0.0891168 5000.09 0.999564
1366400000 29793.7 -0.0818724 5000.09 0.99956
1366500000 29793.7 -0.173279 5000.11 0.999593
1366600000 29793.7 -0.224592 5000.12 0.999593
1366700000 29793.7 0.392364 5000.01 0.999667
1366800000 29793.7 -0.103654 5000.09 0.99958
1366900000 29793.7 0.0307751 5000.07 0.999607
1367000000 29793.7 0.0681373 5000.07 0.99964
1367100000 29793.7 -0.20206 5000.11 0.999571
1367200000 29793.7 -0.187134 5000.11 0.999579
1367300000 29793.7 0.366396 5000.02 0.999652
1367400000 29793.7 -0.0529926 5000.09 0.999563
1367500000 29793.7 -0.118482 5000.1 0.999574
1367600000 29793.7 -0.157408 5000.1 0.999584
1367700000 29793.7 0.19968 5000.04 0.999703
1367800000 29793.7 0.499641 4999.99 0.999693
1367900000 29793.7 -0.137879 5000.1 0.999564
1368000000 29793.7 0.05643 5000.07 0.999606
1368100000 29793.7 -0.111278 5000.1 0.999571
1368200000 29793.7 -0.0492405 5000.09 0.999564
1368300000 29793.7 -0.183738 5000.11 0.999569
1368400000 29793.7 -0.0964926 5000.09 0.999581
1368500000 29793.7 1.11231 4999.89 0.999752
1368600000 29793.7 -0.0969174 5000.09 0.999563
1368700000 29793.7 -0.149714 5000.1 0.999566
1368800000 29793.7 2.53634 4999.65 0.999906
1368900000 29793.7 -0.0808354 5000.09 0.999561
1369000000 29793.7 1.18991 4999.88 0.999767
1369100000 29793.7 -0.0582566 5000.09 0.999596
1369200000 29793.7 -0.0451222 5000.09 0.999565
1369300000 29793.7 -0.0400289 5000.08 0.999564
1369400000 29793.7 -0.198071 5000.11 0.999558
1369500000 29793.7 -0.139932 5000.1 0.999559
1369600000 29793.7 -0.0696078 5000.09 0.999564
1369700000 29793.7 -0.142776 5000.1 0.999592
1369800000 29793.7 -0.156335 5000.1 0.999613
1369900000 29793.7 0.467063 5000 0.999669
1370000000 29793.7 0.145977 5000.05 0.99964
1370100000 29793.7 -0.0986859 5000.09 0.999563
1370200000 29793.7 -0.0825068 5000.09 0.999562
1370300000 29793.7 0.0812322 5000.06 0.999622
1370400000 29793.7 -0.0551463 5000.09 0.999625
1370500000 29793.7 -0.102041 5000.09 0.999562
1370600000 29793.7 -0.119051 5000.1 0.99956
1370700000 29793.7 -0.0180519 5000.08 0.99962
1370800000 29793.7 -0.0913954 5000.09 0.999561
1370900000 29793.7 -0.048798 5000.09 0.999563
1371000000 29793.7 -0.0894233 5000.09 0.999564
1371100000 29793.7 0.128371 5000.06 0.999643
1371200000 29793.7 0.383889 5000.01 0.999682
1371300000 29793.7 -0.153553 5000.1 0.999561
1371400000 29793.7 0.745763 4999.95 0.999709
1371500000 29793.7 -0.106954 5000.1 0.999578
1371600000 29793.7 0.0674482 5000.07 0.999615
1371700000 29793.7 -0.0839987 5000.09 0.999562
1371800000 29793.7 -0.0706049 5000.09 0.999563
1371900000 29793.7 -0.100925 5000.09 0.99957
1372000000 29793.7 0.0785015 5000.06 0.999654
1372100000 29793.7 -0.0253872 5000.08 0.999599
1372200000 29793.7 -0.0862225 5000.09 0.999599
1372300000 29793.7 0.845924 4999.94 0.999719
1372400000 29793.7 -0.0970979 5000.09 0.999561
1372500000 29793.7 -0.149554 5000.1 0.999561
1372600000 29793.7 -0.169194 5000.11 0.999602
1372700000 29793.7 -0.0996749 5000.09 0.99956
1372800000 29793.7 -0.0410539 5000.08 0.999564
1372900000 29793.7 -0.133984 5000.1 0.999561
1373000000 29793.7 -0.0968826 5000.09 0.999574
1373100000 29793.7 -0.0154031 5000.08 0.999606
1373200000 29793.7 -0.157485 5000.1 0.999567
1373300000 29793.7 -0.0304034 5000.08 0.999566
1373400000 29793.7 -0.0805854 5000.09 0.999571
1373500000 29793.7 1.10272 4999.89 0.999758
1373600000 29793.7 1.46052 4999.83 0.999844
1373700000 29793.7 -0.0401215 5000.08 0.999565
1373800000 29793.7 0.348482 5000.02 0.999655
1373900000 29793.7 0.0527463 5000.07 0.999622
1374000000 29793.7 -0.0117746 5000.08 0.999567
1374100000 29793.7 0.568674 4999.98 0.999683
1374200000 29793.7 -0.0442565 5000.08 0.999564
1374300000 29793.7 0.937436 4999.92 0.999728
1374400000 29793.7 1.1076 4999.89 0.999755
1374500000 29793.7 2.63697 4999.63 0.99998
1374600000 29793.7 0.029659 5000.07 0.999629
1374700000 29793.7 0.329798 5000.02 0.999649
1374800000 29793.7 -0.120026 5000.1 0.999585
1374900000 29793.7 0.769691 4999.95 0.999753
1375000000 29793.7 0.134007 5000.05 0.99963
1375100000 29793.7 -0.0197598 5000.08 0.999589
1375200000 29793.7 -0.180848 5000.11 0.999559
1375300000 29793.7 0.0218456 5000.07 0.999627
1375400000 29793.7 -0.0783682 5000.09 0.999568
1375500000 29793.7 -0.0382838 5000.08 0.999564
1375600000 29793.7 -0.10529 5000.1 0.999573
1375700000 29793.7 -0.161754 5000.1 0.999556
1375800000 29793.7 0.152171 5000.05 0.99964
1375900000 29793.7 -0.247767 5000.12 0.999566
1376000000 29793.7 -0.143083 5000.1 0.999561
1376100000 29793.7 -0.0858194 5000.09 0.999561
1376200000 29793.7 -0.120094 5000.1 0.999606
1376300000 29793.7 -0.0683721 5000.09 0.999562
1376400000 29793.7 1.97307 4999.75 0.999871
1376500000 29793.7 0.11801 5000.06 0.99962
1376600000 29793.7 -0.084929 5000.09 0.999561
1376700000 29793.7 0.250632 5000.04 0.999644
1376800000 29793.7 -0.0822982 5000.09 0.999586
1376900000 29793.7 0.435917 5000 0.9997
1377000000 29793.7 -0.0424641 5000.08 0.999564
1377100000 29793.7 -0.101368 5000.09 0.999606
1377200000 29793.7 0.33195 5000.02 0.999665
1377300000 29793.7 -0.0739427 5000.09 0.999562
1377400000 29793.7 -0.11239 5000.1 0.999566
1377500000 29793.7 -0.0862412 5000.09 0.999562
1377600000 29793.7 0.0744225 5000.06 0.999629
1377700000 29793.7 -0.0464434 5000.09 0.999582
1377800000 29793.7 3.06931 4999.56 0.999968
1377900000 29793.7 0.198688 5000.04 0.999649
1378000000 29793.7 1.01766 4999.91 0.999759
1378100000 29793.7 -0.216166 5000.11 0.999575
1378200000 29793.7 0.432946 5000 0.999668
1378300000 29793.7 0.526161 4999.99 0.999712
1378400000 29793.7 -0.0442007 5000.08 0.999563
1378500000 29793.7 -0.127266 5000.1 0.999556
1378600000 29793.7 -0.185435 5000.11 0.999579
1378700000 29793.7 -0.112427 5000.1 0.999594
1378800000 29793.7 0.0603126 5000.07 0.999614
1378900000 29793.7 0.942593 4999.92 0.999763
1379000000 29793.7 -0.0970093 5000.09 0.999582
1379100000 29793.7 -0.14011 5000.1 0.999565
1379200000 29793.7 -0.0468896 5000.09 0.999563
1379300000 29793.7 -0.134663 5000.1 0.999558
1379400000 29793.7 -0.0551713 5000.09 0.99961
1379500000 29793.7 -0.140257 5000.1 0.999588
1379600000 29793.7 -0.116525 5000.1 0.999572
1379700000 29793.7 7.71795 4998.78 1.00037
1379800000 29793.7 -0.140621 5000.1 0.999562
1379900000 29793.7 -0.0813561 5000.09 0.999564
1380000000 29793.7 -0.0267321 5000.08 0.999591
1380100000 29793.7 -0.0781437 5000.09 0.999561
1380200000 29793.7 -0.0277439 5000.08 0.999587
1380300000 29793.7 -0.02291 5000.08 0.999566
1380400000 29793.7 0.118529 5000.06 0.999662
1380500000 29793.7 0.297688 5000.03 0.99965
1380600000 29793.7 -0.0197101 5000.08 0.999566
1380700000 29793.7 0.392916 5000.01 0.999665
1380800000 29793.7 0.804066 4999.94 0.999716
1380900000 29793.7 -0.284368 5000.13 0.999557
1381000000 29793.7 -0.10646 5000.1 0.999561
1381100000 29793.7 -0.123234 5000.1 0.999559
1381200000 29793.7 -0.0840274 5000.09 0.999566
1381300000 29793.7 -0.0313851 5000.08 0.999589
1381400000 29793.7 -0.114148 5000.1 0.999577
1381500000 29793.7 -0.0253321 5000.08 0.999566
1381600000 29793.7 -0.268632 5000.12 0.99958
1381700000 29793.7 -0.108744 5000.1 0.999564
1381800000 29793.7 0.039317 5000.07 0.999622
1381900000 29793.7 -0.159045 5000.1 0.999557
1382000000 29793.7 -0.00865766 5000.08 0.999624
1382100000 29793.7 -0.0540745 5000.09 0.999564
1382200000 29793.7 -0.0905533 5000.09 0.999559
1382300000 29793.7 1.00476 4999.91 0.999737
1382400000 29793.7 -0.115344 5000.1 0.999559
1382500000 29793.7 -0.018466 5000.08 0.999566
1382600000 29793.7 -0.0445253 5000.08 0.999627
1382700000 29793.7 -0.112917 5000.1 0.999576
1382800000 29793.7 -0.157473 5000.1 0.999559
1382900000 29793.7 -0.11703 5000.1 0.999574
1383000000 29793.7 -0.0781463 5000.09 0.999563
1383100000 29793.7 0.0387311 5000.07 0.999639
1383200000 29793.7 -0.17506 5000.11 0.999578
1383300000 29793.7 0.388127 5000.01 0.999699
1383400000 29793.7 -0.00655733 5000.08 0.999568
1383500000 29793.7 1.02905 4999.9 0.999788
1383600000 29793.7 0.0164692 5000.07 0.999604
1383700000 29793.7 -0.263452 5000.12 0.999573
1383800000 29793.7 -0.180922 5000.11 0.999567
1383900000 29793.7 2.17165 4999.71 0.999887
1384000000 29793.7 -0.231258 5000.12 0.999573
1384100000 29793.7 -0.0650214 5000.09 0.999563
1384200000 29793.7 -0.0781957 5000.09 0.999615
1384300000 29793.7 -0.0894301 5000.09 0.999573
1384400000 29793.7 -0.153364 5000.1 0.999562
1384500000 29793.7 1.37411 4999.85 0.999816
1384600000 29793.7 -0.0714892 5000.09 0.999563
1384700000 29793.7 -0.142584 5000.1 0.999582
1384800000 29793.7 -0.171741 5000.11 0.999561
1384900000 29793.7 -0.103307 5000.09 0.99956
1385000000 29793.7 1.92716 4999.75 0.999898
1385100000 29793.7 -0.113033 5000.1 0.999564
1385200000 29793.7 -0.217223 5000.11 0.999556
1385300000 29793.7 -0.0497923 5000.09 0.999564
1385400000 29793.7 -0.172171 5000.11 0.999575
1385500000 29793.7 -0.0675571 5000.09 0.999563
1385600000 29793.7 -0.0538459 5000.09 0.999584
1385700000 29793.7 -0.141557 5000.1 0.999571
1385800000 29793.7 1.33768 4999.85 0.999778
1385900000 29793.7 2.19079 4999.71 0.999881
1386000000 29793.7 -0.106792 5000.1 0.999608
1386100000 29793.7 -0.0576705 5000.09 0.999566
1386200000 29793.7 -0.0862371 5000.09 0.999562
1386300000 29793.7 0.182609 5000.05 0.999625
1386400000 29793.7 -0.020782 5000.08 0.999566
1386500000 29793.7 -0.148683 5000.1 0.999566
1386600000 29793.7 -0.141357 5000.1 0.999562
1386700000 29793.7 -0.136877 5000.1 0.999598
1386800000 29793.7 -0.213864 5000.11 0.999583
1386900000 29793.7 -0.126418 5000.1 0.999582
1387000000 29793.7 -0.112597 5000.1 0.999563
1387100000 29793.7 -0.0802169 5000.09 0.999565
1387200000 29793.7 -0.233897 5000.12 0.999586
1387300000 29793.7 0.220125 5000.04 0.999633
1387400000 29793.7 -0.169637 5000.11 0.999575
1387500000 29793.7 -0.1821 5000.11 0.999602
1387600000 29793.7 -0.173012 5000.11 0.999567
1387700000 29793.7 -0.10947 5000.1 0.999561
1387800000 29793.7 0.0916883 5000.06 0.999626
1387900000 29793.7 0.394973 5000.01 0.999663
1388000000 29793.7 -0.0782507 5000.09 0.999572
1388100000 29793.7 -0.114049 5000.1 0.999568
1388200000 29793.7 0.913863 4999.92 0.999781
1388300000 29793.7 -0.147442 5000.1 0.999562
1388400000 29793.7 0.440302 5000 0.999688
1388500000 29793.7 2.38205 4999.68 0.999925
1388600000 29793.7 0.102691 5000.06 0.99962
1388700000 29793.7 -0.220953 5000.11 0.999592
1388800000 29793.7 -0.0567907 5000.09 0.999563
1388900000 29793.7 -0.198551 5000.11 0.999558
1389000000 29793.7 -0.10454 5000.1 0.999595
1389100000 29793.7 -0.106193 5000.1 0.999565
1389200000 29793.7 -0.187338 5000.11 0.999588
1389300000 29793.7 -0.211972 5000.11 0.999565
1389400000 29793.7 -0.0343566 5000.08 0.999566
1389500000 29793.7 0.902956 4999.93 0.999728
1389600000 29793.7 -0.0847131 5000.09 0.999572
1389700000 29793.7 0.610454 4999.98 0.999689
1389800000 29793.7 -0.152813 5000.1 0.999563
1389900000 29793.7 -0.0713433 5000.09 0.999564
1390000000 29793.7 -0.201368 5000.11 0.999576
1390100000 29793.7 -0.08436 5000.09 0.999562
1390200000 29793.7 0.25948 5000.03 0.99965
1390300000 29793.7 -0.0759797 5000.09 0.999563
1390400000 29793.7 -0.0932142 5000.09 0.999564
1390500000 29793.7 -0.136003 5000.1 0.999598
1390600000 29793.7 -0.0594753 5000.09 0.999588
1390700000 29793.7 -0.0263295 5000.08 0.999565
1390800000 29793.7 0.0666466 5000.07 0.99961
1390900000 29793.7 -0.175807 5000.11 0.999563
1391000000 29793.7 -0.116826 5000.1 0.999565
1391100000 29793.7 3.73844 4999.45 1.00003
1391200000 29793.7 0.777073 4999.95 0.999715
1391300000 29793.7 -0.2079 5000.11 0.99957
1391400000 29793.7 -0.188339 5000.11 0.999607
1391500000 29793.7 -0.123052 5000.1 0.999564
1391600000 29793.7 0.687258 4999.96 0.999733
1391700000 29793.7 -0.101897 5000.09 0.999583
1391800000 29793.7 -0.101057 5000.09 0.999561
1391900000 29793.7 -0.119631 5000.1 0.999558
1392000000 29793.7 0.157946 5000.05 0.99965
1392100000 29793.7 0.0172531 5000.07 0.999647
1392200000 29793.7 0.0874459 5000.06 0.999633
1392300000 29793.7 -0.124849 5000.1 0.999608
1392400000 29793.7 -0.0116199 5000.08 0.999624
1392500000 29793.7 -0.141269 5000.1 0.999597
1392600000 29793.7 0.0867183 5000.06 0.999658
1392700000 29793.7 -0.126608 5000.1 0.999558
1392800000 29793.7 -0.0590282 5000.09 0.999562
1392900000 29793.7 0.530971 4999.99 0.999682
1393000000 29793.7 -0.0682224 5000.09 0.999566
1393100000 29793.7 2.76288 4999.61 0.999964
1393200000 29793.7 0.0587875 5000.07 0.999611
1393300000 29793.7 -0.100248 5000.09 0.999562
1393400000 29793.7 0.214609 5000.04 0.99965
1393500000 29793.7 0.118502 5000.06 0.999617
1393600000 29793.7 -0.0726878 5000.09 0.999577
1393700000 29793.7 0.00109167 5000.08 0.99962
1393800000 29793.7 0.695625 4999.96 0.999706
1393900000 29793.7 -0.0501791 5000.09 0.999564
1394000000 29793.7 -0.0247108 5000.08 0.999565
1394100000 29793.7 -0.148928 5000.1 0.999601
1394200000 29793.7 -0.105723 5000.1 0.999561
1394300000 29793.7 1.59659 4999.81 0.999866
1394400000 29793.7 -0.10639 5000.1 0.999562
1394500000 29793.7 0.183253 5000.05 0.999629
1394600000 29793.7 0.0487757 5000.07 0.999621
1394700000 29793.7 0.52845 4999.99 0.999676
1394800000 29793.7 1.18245 4999.88 0.99976
1394900000 29793.7 -0.136091 5000.1 0.999562
1395000000 29793.7 -0.135727 5000.1 0.999562
1395100000 29793.7 -0.0827817 5000.09 0.999564
1395200000 29793.7 -0.142265 5000.1 0.99957
1395300000 29793.7 0.599321 4999.98 0.99969
1395400000 29793.7 0.197276 5000.04 0.999634
1395500000 29793.7 -0.0946796 5000.09 0.99956
1395600000 29793.7 -0.0796327 5000.09 0.999563
1395700000 29793.7 0.414094 5000.01 0.999665
1395800000 29793.7 0.330907 5000.02 0.999675
1395900000 29793.7 -0.158746 5000.1 0.999574
1396000000 29793.7 0.771629 4999.95 0.999708
1396100000 29793.7 -0.132984 5000.1 0.999578
1396200000 29793.7 -0.0665592 5000.09 0.999565
1396300000 29793.7 1.46186 4999.83 0.999793
1396400000 29793.7 -0.074637 5000.09 0.999563
1396500000 29793.7 -0.0971164 5000.09 0.999577
1396600000 29793.7 -0.0570154 5000.09 0.999636
1396700000 29793.7 -0.164147 5000.11 0.999558
1396800000 29793.7 0.108364 5000.06 0.999615
1396900000 29793.7 -0.0990122 5000.09 0.999564
1397000000 29793.7 -0.0322158 5000.08 0.999584
1397100000 29793.7 -0.114017 5000.1 0.999562
1397200000 29793.7 -0.0849061 5000.09 0.999567
1397300000 29793.7 -0.0771369 5000.09 0.999575
1397400000 29793.7 -0.141666 5000.1 0.999574
1397500000 29793.7 -0.183134 5000.11 0.999568
1397600000 29793.7 0.19634 5000.04 0.999631
1397700000 29793.7 2.25263 4999.7 0.999877
1397800000 29793.7 -0.0790191 5000.09 0.999575
1397900000 29793.7 -0.205087 5000.11 0.999561
1398000000 29793.7 2.58769 4999.64 0.999982
1398100000 29793.7 -0.0272869 5000.08 0.999565
1398200000 29793.7 0.136918 5000.05 0.999668
1398300000 29793.7 -0.0835029 5000.09 0.999579
1398400000 29793.7 -0.0108616 5000.08 0.999638
1398500000 29793.7 -0.0933511 5000.09 0.999577
1398600000 29793.7 4.82576 4999.27 1.00012
1398700000 29793.7 -0.0892034 5000.09 0.999572
1398800000 29793.7 0.0217236 5000.07 0.999609
1398900000 29793.7 -0.124918 5000.1 0.9996
1399000000 29793.7 -0.0870729 5000.09 0.999579
1399100000 29793.7 6.29775 4999.02 1.00025
1399200000 29793.7 0.236636 5000.04 0.999652
1399300000 29793.7 -0.128445 5000.1 0.999586
1399400000 29793.7 0.109886 5000.06 0.999637
1399500000 29793.7 -0.0474231 5000.09 0.999564
1399600000 29793.7 0.326562 5000.02 0.999741
1399700000 29793.7 -0.152288 5000.1 0.999575
1399800000 29793.7 3.78249 4999.44 1.00016
1399900000 29793.7 0.388947 5000.01 0.99967
1400000000 29793.7 -0.142382 5000.1 0.999572
1400100000 29793.7 -0.0340021 5000.08 0.999565
1400200000 29793.7 0.0969807 5000.06 0.999636
1400300000 29793.7 -0.0663739 5000.09 0.999568
1400400000 29793.7 -0.170525 5000.11 0.99956
1400500000 29793.7 -0.150971 5000.1 0.999585
1400600000 29793.7 0.066736 5000.07 0.99961
1400700000 29793.7 -0.17744 5000.11 0.999555
1400800000 29793.7 -0.0937152 5000.09 0.99957
1400900000 29793.7 -0.229401 5000.12 0.999577
1401000000 29793.7 -0.123841 5000.1 0.999571
1401100000 29793.7 -0.122953 5000.1 0.999581
1401200000 29793.7 -0.279958 5000.12 0.999561
1401300000 29793.7 0.7992 4999.94 0.999765
1401400000 29793.7 -0.0811815 5000.09 0.999583
1401500000 29793.7 2.88569 4999.59 0.999992
1401600000 29793.7 -0.0731575 5000.09 0.999564
1401700000 29793.7 -0.135373 5000.1 0.999571
1401800000 29793.7 -0.0987995 5000.09 0.999562
1401900000 29793.7 -0.142385 5000.1 0.999563
1402000000 29793.7 -0.0456496 5000.09 0.999592
1402100000 29793.7 -0.310438 5000.13 0.999572
1402200000 29793.7 -0.0304487 5000.08 0.999565
1402300000 29793.7 -0.13781 5000.1 0.999605
1402400000 29793.7 -0.00932603 5000.08 0.999567
1402500000 29793.7 -0.0948294 5000.09 0.999562
1402600000 29793.7 -0.102931 5000.09 0.999562
1402700000 29793.7 -0.0662144 5000.09 0.999602
1402800000 29793.7 0.0687738 5000.07 0.999652
1402900000 29793.7 0.393594 5000.01 0.999689
1403000000 29793.7 -0.298463 5000.13 0.999575
1403100000 29793.7 -0.0675076 5000.09 0.999561
1403200000 29793.7 -0.0867004 5000.09 0.999566
1403300000 29793.7 1.47227 4999.83 0.999792
1403400000 29793.7 -0.13727 5000.1 0.999591
1403500000 29793.7 -0.0958461 5000.09 0.999607
1403600000 29793.7 -0.102729 5000.09 0.999564
1403700000 29793.7 0.0995805 5000.06 0.99963
1403800000 29793.7 -0.111381 5000.1 0.99956
1403900000 29793.7 -0.0897322 5000.09 0.999571
1404000000 29793.7 -0.114373 5000.1 0.999562
1404100000 29793.7 0.286308 5000.03 0.999642
1404200000 29793.7 0.0884835 5000.06 0.999627
1404300000 29793.7 -0.119565 5000.1 0.999596
1404400000 29793.7 -0.130557 5000.1 0.999562
1404500000 29793.7 -0.0560161 5000.09 0.999563
1404600000 29793.7 -0.00173256 5000.08 0.99959
1404700000 29793.7 -0.077528 5000.09 0.999589
1404800000 29793.7 0.649731 4999.97 0.999693
1404900000 29793.7 -0.0941916 5000.09 0.999562
1405000000 29793.7 -0.211049 5000.11 0.999569
1405100000 29793.7 0.249959 5000.04 0.999649
1405200000 29793.7 -0.177026 5000.11 0.999561
1405300000 29793.7 -0.12985 5000.1 0.999586
1405400000 29793.7 0.0775674 5000.06 0.999634
1405500000 29793.7 0.0463435 5000.07 0.999632
1405600000 29793.7 -0.109333 5000.1 0.99956
1405700000 29793.7 0.846836 4999.94 0.999736
1405800000 29793.7 -0.100337 5000.09 0.999561
1405900000 29793.7 -0.0238872 5000.08 0.999566
1406000000 29793.7 -0.126567 5000.1 0.999562
1406100000 29793.7 -0.132264 5000.1 0.999573
1406200000 29793.7 -0.163792 5000.1 0.999585
1406300000 29793.7 0.14898 5000.05 0.999623
1406400000 29793.7 3.26441 4999.53 0.999986
1406500000 29793.7 -0.125315 5000.1 0.999565
1406600000 29793.7 -0.121081 5000.1 0.999562
1406700000 29793.7 0.0746875 5000.06 0.999611
1406800000 29793.7 0.97577 4999.91 0.999737
1406900000 29793.7 0.281594 5000.03 0.999677
1407000000 29793.7 -0.137167 5000.1 0.999613
1407100000 29793.7 -0.115568 5000.1 0.99959
1407200000 29793.7 -0.116287 5000.1 0.999565
1407300000 29793.7 -0.222793 5000.11 0.999571
1407400000 29793.7 -0.0845235 5000.09 0.999562
1407500000 29793.7 -0.0299559 5000.08 0.999565
1407600000 29793.7 -0.1162 5000.1 0.999582
1407700000 29793.7 -0.150268 5000.1 0.99959
1407800000 29793.7 0.104355 5000.06 0.999647
1407900000 29793.7 -0.0197288 5000.08 0.999566
1408000000 29793.7 -0.113898 5000.1 0.999568
1408100000 29793.7 -0.189886 5000.11 0.999567
1408200000 29793.7 -0.0875559 5000.09 0.99957
1408300000 29793.7 -0.0795618 5000.09 0.999562
1408400000 29793.7 0.289896 5000.03 0.999674
1408500000 29793.7 2.43824 4999.67 0.99995
1408600000 29793.7 -0.103428 5000.09 0.999559
1408700000 29793.7 1.22597 4999.87 0.999838
1408800000 29793.7 0.936235 4999.92 0.999746
1408900000 29793.7 -0.0707119 5000.09 0.999561
1409000000 29793.7 -0.180385 5000.11 0.999582
1409100000 29793.7 -0.0461465 5000.09 0.999594
1409200000 29793.7 -0.07098 5000.09 0.999607
1409300000 29793.7 -0.0966712 5000.09 0.999583
1409400000 29793.7 -0.190847 5000.11 0.999578
1409500000 29793.7 0.885884 4999.93 0.999764
1409600000 29793.7 -0.192661 5000.11 0.999563
1409700000 29793.7 -0.0890655 5000.09 0.999561
1409800000 29793.7 0.10939 5000.06 0.999638
1409900000 29793.7 -0.129017 5000.1 0.999558
1410000000 29793.7 -0.0991349 5000.09 0.999565
1410100000 29793.7 -0.187778 5000.11 0.999557
1410200000 29793.7 0.614535 4999.97 0.999718
1410300000 29793.7 -0.0585554 5000.09 0.999563
1410400000 29793.7 -0.0870693 5000.09 0.999561
1410500000 29793.7 -0.0588715 5000.09 0.999564
1410600000 29793.7 -0.106283 5000.1 0.999578
1410700000 29793.7 -0.202072 5000.11 0.999594
1410800000 29793.7 -0.125893 5000.1 0.999587
1410900000 29793.7 -0.0842135 5000.09 0.999567
1411000000 29793.7 -0.0749095 5000.09 0.999562
1411100000 29793.7 -0.134575 5000.1 0.999561
1411200000 29793.7 -0.264899 5000.12 0.99956
1411300000 29793.7 -0.137741 5000.1 0.999574
1411400000 29793.7 -0.0845527 5000.09 0.999565
1411500000 29793.7 -0.186581 5000.11 0.999565
1411600000 29793.7 -0.0517843 5000.09 0.999563
1411700000 29793.7 -0.0264909 5000.08 0.999565
1411800000 29793.7 -0.124134 5000.1 0.99956
1411900000 29793.7 0.107416 5000.06 0.999621
1412000000 29793.7 -0.414974 5000.15 0.999582
1412100000 29793.7 0.840434 4999.94 0.999764
1412200000 29793.7 -0.0655122 5000.09 0.999573
1412300000 29793.7 -0.166888 5000.11 0.999578
1412400000 29793.7 -0.0321187 5000.08 0.999565
1412500000 29793.7 1.12722 4999.89 0.999799
1412600000 29793.7 -0.0959148 5000.09 0.99956
1412700000 29793.7 4.96293 4999.24 1.00023
1412800000 29793.7 -0.0856235 5000.09 0.999561
1412900000 29793.7 -0.0796042 5000.09 0.99958
1413000000 29793.7 -0.00544267 5000.08 0.999568
1413100000 29793.7 0.327144 5000.02 0.999691
1413200000 29793.7 -0.0637633 5000.09 0.99961
1413300000 29793.7 4.77114 4999.28 1.00013
1413400000 29793.7 -0.147332 5000.1 0.999559
1413500000 29793.7 -0.123915 5000.1 0.999562
1413600000 29793.7 0.136821 5000.05 0.999618
1413700000 29793.7 -0.137327 5000.1 0.999566
1413800000 29793.7 -0.140975 5000.1 0.999636
1413900000 29793.7 -0.0753493 5000.09 0.999561
1414000000 29793.7 -0.0876389 5000.09 0.999564
1414100000 29793.7 -0.130196 5000.1 0.999589
1414200000 29793.7 -0.0151469 5000.08 0.999567
1414300000 29793.7 -0.0284714 5000.08 0.999566
1414400000 29793.7 -0.064184 5000.09 0.999562
1414500000 29793.7 -0.0488298 5000.09 0.999563
1414600000 29793.7 -0.0361355 5000.08 0.999565
1414700000 29793.7 -0.133151 5000.1 0.999563
1414800000 29793.7 -0.226828 5000.12 0.999568
1414900000 29793.7 -0.137248 5000.1 0.999583
1415000000 29793.7 -0.0714954 5000.09 0.999584
1415100000 29793.7 -0.0356029 5000.08 0.99961
1415200000 29793.7 -0.0803337 5000.09 0.999563
1415300000 29793.7 -0.023475 5000.08 0.999566
1415400000 29793.7 1.1609 4999.88 0.999808
1415500000 29793.7 0.456775 5000 0.999715
1415600000 29793.7 0.0131547 5000.08 0.999593
1415700000 29793.7 -0.0731769 5000.09 0.999598
1415800000 29793.7 0.407905 5000.01 0.999683
1415900000 29793.7 0.0563285 5000.07 0.99961
1416000000 29793.7 1.78305 4999.78 0.999878
1416100000 29793.7 -0.169978 5000.11 0.999557
1416200000 29793.7 0.226942 5000.04 0.999687
1416300000 29793.7 -0.067951 5000.09 0.999562
1416400000 29793.7 -0.105221 5000.1 0.999576
1416500000 29793.7 -0.217878 5000.11 0.999587
1416600000 29793.7 -0.0251132 5000.08 0.999614
1416700000 29793.7 -0.138212 5000.1 0.999563
1416800000 29793.7 0.233734 5000.04 0.999643
1416900000 29793.7 0.599842 4999.98 0.99969
1417000000 29793.7 -0.101702 5000.09 0.999564
1417100000 29793.7 1.51703 4999.82 0.999797
1417200000 29793.7 -0.102689 5000.09 0.999559
1417300000 29793.7 -0.261403 5000.12 0.999561
1417400000 29793.7 0.459095 5000 0.999666
1417500000 29793.7 -0.069007 5000.09 0.999563
1417600000 29793.7 3.0794 4999.56 1.00006
1417700000 29793.7 -0.091467 5000.09 0.99956
1417800000 29793.7 1.725 4999.79 0.999854
1417900000 29793.7 1.51685 4999.82 0.999828
1418000000 29793.7 -0.106211 5000.1 0.999566
1418100000 29793.7 -0.0562321 5000.09 0.99964
1418200000 29793.7 -0.1056 5000.1 0.999567
1418300000 29793.7 0.164165 5000.05 0.99965
1418400000 29793.7 -0.196557 5000.11 0.999565
1418500000 29793.7 -0.0253095 5000.08 0.999566
1418600000 29793.7 0.503766 4999.99 0.999681
1418700000 29793.7 -0.145729 5000.1 0.999571
1418800000 29793.7 -0.0931773 5000.09 0.999561
1418900000 29793.7 -0.057359 5000.09 0.999565
1419000000 29793.7 -0.20994 5000.11 0.999562
1419100000 29793.7 0.123693 5000.06 0.999619
1419200000 29793.7 -0.159484 5000.1 0.999588
1419300000 29793.7 2.65105 4999.63 0.99998
1419400000 29793.7 0.296931 5000.03 0.999653
1419500000 29793.7 -0.0651399 5000.09 0.999598
1419600000 29793.7 -0.105055 5000.1 0.999575
1419700000 29793.7 0.940516 4999.92 0.99974
1419800000 29793.7 -0.0714081 5000.09 0.999614
1419900000 29793.7 -0.0838546 5000.09 0.999582
1420000000 29793.7 -0.127951 5000.1 0.999559
1420100000 29793.7 -0.0675797 5000.09 0.999564
1420200000 29793.7 0.723657 4999.96 0.999718
1420300000 29793.7 0.868652 4999.93 0.999792
1420400000 29793.7 -0.109965 5000.1 0.999581
1420500000 29793.7 -0.073397 5000.09 0.999562
1420600000 29793.7 -0.0856119 5000.09 0.999563
1420700000 29793.7 1.25586 4999.87 0.999829
1420800000 29793.7 0.595608 4999.98 0.999696
1420900000 29793.7 -0.0648127 5000.09 0.999563
1421000000 29793.7 -0.0193471 5000.08 0.999598
1421100000 29793.7 -0.0845178 5000.09 0.999573
1421200000 29793.7 -0.126286 5000.1 0.999558
1421300000 29793.7 0.0647674 5000.07 0.999607
1421400000 29793.7 -0.167431 5000.11 0.999563
1421500000 29793.7 1.2892 4999.86 0.999771
1421600000 29793.7 -0.206846 5000.11 0.99957
1421700000 29793.7 -0.0940948 5000.09 0.999563
1421800000 29793.7 1.02108 4999.91 0.99974
1421900000 29793.7 -0.102488 5000.09 0.99956
1422000000 29793.7 -0.111049 5000.1 0.999577
1422100000 29793.7 -0.0375253 5000.08 0.999565
1422200000 29793.7 -0.092837 5000.09 0.999573
1422300000 29793.7 0.659414 4999.97 0.999705
1422400000 29793.7 0.247844 5000.04 0.999657
1422500000 29793.7 0.0805277 5000.06 0.999624
1422600000 29793.7 -0.250266 5000.12 0.999571
1422700000 29793.7 0.464531 5000 0.99968
1422800000 29793.7 -0.0988834 5000.09 0.99956
1422900000 29793.7 0.536803 4999.99 0.999677
1423000000 29793.7 -0.0860647 5000.09 0.999579
1423100000 29793.7 -0.0337052 5000.08 0.999565
1423200000 29793.7 3.26875 4999.53 0.999984
1423300000 29793.7 -0.079908 5000.09 0.999562
1423400000 29793.7 0.894292 4999.93 0.999788
1423500000 29793.7 0.918982 4999.92 0.999762
1423600000 29793.7 -0.0331589 5000.08 0.999604
1423700000 29793.7 0.0242898 5000.07 0.999601
1423800000 29793.7 -0.228271 5000.12 0.999568
1423900000 29793.7 0.415575 5000.01 0.999662
1424000000 29793.7 -0.0802453 5000.09 0.999565
1424100000 29793.7 -0.144823 5000.1 0.99961
1424200000 29793.7 1.87771 4999.76 0.999837
1424300000 29793.7 0.923159 4999.92 0.999806
1424400000 29793.7 -0.1252 5000.1 0.99956
1424500000 29793.7 -0.271446 5000.12 0.99959
1424600000 29793.7 -0.069257 5000.09 0.999568
1424700000 29793.7 -0.0254874 5000.08 0.999566
1424800000 29793.7 -0.0935724 5000.09 0.999571
1424900000 29793.7 -0.159163 5000.1 0.999569
1425000000 29793.7 0.0090308 5000.08 0.999651
1425100000 29793.7 -0.185449 5000.11 0.999557
1425200000 29793.7 -0.102917 5000.09 0.999566
1425300000 29793.7 -0.115455 5000.1 0.999569
1425400000 29793.7 0.94229 4999.92 0.999742
1425500000 29793.7 -0.133299 5000.1 0.999561
1425600000 29793.7 1.94311 4999.75 0.999896
1425700000 29793.7 -0.193775 5000.11 0.999587
1425800000 29793.7 -0.137775 5000.1 0.999567
1425900000 29793.7 -0.0688503 5000.09 0.999575
1426000000 29793.7 0.255345 5000.03 0.999636
1426100000 29793.7 -0.0897511 5000.09 0.999562
1426200000 29793.7 -0.124055 5000.1 0.999595
1426300000 29793.7 -0.142613 5000.1 0.999559
1426400000 29793.7 -0.143334 5000.1 0.999578
1426500000 29793.7 -0.138579 5000.1 0.999567
1426600000 29793.7 -0.0816332 5000.09 0.999572
1426700000 29793.7 -0.0385473 5000.08 0.999565
1426800000 29793.7 -0.0991152 5000.09 0.999561
1426900000 29793.7 1.40429 4999.84 0.999797
1427000000 29793.7 -0.0858652 5000.09 0.999561
1427100000 29793.7 -0.0395341 5000.08 0.999564
1427200000 29793.7 -0.0505656 5000.09 0.999609
1427300000 29793.7 -0.0429915 5000.08 0.999564
1427400000 29793.7 -0.147585 5000.1 0.999557
1427500000 29793.7 -0.0496185 5000.09 0.999566
1427600000 29793.7 -0.0245497 5000.08 0.999565
1427700000 29793.7 -0.0772817 5000.09 0.999562
1427800000 29793.7 -0.0893647 5000.09 0.99956
1427900000 29793.7 -0.108401 5000.1 0.999567
1428000000 29793.7 -0.114785 5000.1 0.999565
1428100000 29793.7 -0.0472306 5000.09 0.999565
1428200000 29793.7 -0.0319823 5000.08 0.999565
1428300000 29793.7 -0.0321339 5000.08 0.999565
1428400000 29793.7 -0.155041 5000.1 0.99958
1428500000 29793.7 0.0510015 5000.07 0.999601
1428600000 29793.7 -0.0965853 5000.09 0.999562
1428700000 29793.7 0.260265 5000.03 0.999643
1428800000 29793.7 0.133275 5000.06 0.999618
1428900000 29793.7 -0.0840059 5000.09 0.999565
1429000000 29793.7 -0.0863946 5000.09 0.999586
1429100000 29793.7 0.147102 5000.05 0.999622
1429200000 29793.7 -0.0883501 5000.09 0.999575
1429300000 29793.7 -0.205237 5000.11 0.999569
1429400000 29793.7 -0.0731247 5000.09 0.999594
1429500000 29793.7 -0.0414101 5000.08 0.999565
1429600000 29793.7 -0.0645661 5000.09 0.999565
1429700000 29793.7 -0.137385 5000.1 0.99961
1429800000 29793.7 -0.0209042 5000.08 0.999566
1429900000 29793.7 -0.0835121 5000.09 0.999562
1430000000 29793.7 0.353833 5000.02 0.999654
1430100000 29793.7 -0.0714488 5000.09 0.999562
1430200000 29793.7 -0.10618 5000.1 0.999568
1430300000 29793.7 -0.0916524 5000.09 0.999566
1430400000 29793.7 -0.132112 5000.1 0.999594
1430500000 29793.7 -0.0653546 5000.09 0.999571
1430600000 29793.7 -0.0123053 5000.08 0.999594
1430700000 29793.7 1.33288 4999.85 0.999817
1430800000 29793.7 -0.0486029 5000.09 0.999603
1430900000 29793.7 -0.115307 5000.1 0.999577
1431000000 29793.7 -0.176621 5000.11 0.999587
1431100000 29793.7 -0.0404651 5000.08 0.999564
1431200000 29793.7 1.96403 4999.75 1.00001
1431300000 29793.7 -0.0526608 5000.09 0.99958
1431400000 29793.7 0.205265 5000.04 0.999631
1431500000 29793.7 -0.198657 5000.11 0.999564
1431600000 29793.7 0.381733 5000.01 0.99969
1431700000 29793.7 0.104736 5000.06 0.99962
1431800000 29793.7 1.03008 4999.9 0.999754
1431900000 29793.7 0.161311 5000.05 0.999663
1432000000 29793.7 -0.0524387 5000.09 0.999594
1432100000 29793.7 -0.12042 5000.1 0.999566
1432200000 29793.7 1.16991 4999.88 0.99977
1432300000 29793.7 -0.0316737 5000.08 0.999604
1432400000 29793.7 2.70287 4999.62 0.999949
1432500000 29793.7 -0.217347 5000.11 0.999564
1432600000 29793.7 -0.196558 5000.11 0.999604
1432700000 29793.7 2.28674 4999.69 1.00002
1432800000 29793.7 -0.107092 5000.1 0.99956
1432900000 29793.7 -0.213371 5000.11 0.999555
1433000000 29793.7 -0.0674141 5000.09 0.999563
1433100000 29793.7 0.164673 5000.05 0.999629
1433200000 29793.7 -0.13508 5000.1 0.99956
1433300000 29793.7 0.495469 4999.99 0.999694
1433400000 29793.7 -0.0284849 5000.08 0.999595
1433500000 29793.7 -0.0109535 5000.08 0.999603
1433600000 29793.7 1.63226 4999.8 0.999831
1433700000 29793.7 -0.0862899 5000.09 0.99956
1433800000 29793.7 -0.0938597 5000.09 0.99956
1433900000 29793.7 -0.0417942 5000.08 0.999594
1434000000 29793.7 -0.0445616 5000.08 0.999565
1434100000 29793.7 -0.0712927 5000.09 0.999618
1434200000 29793.7 -0.0989572 5000.09 0.999559
1434300000 29793.7 -0.164821 5000.11 0.999558
1434400000 29793.7 -0.030497 5000.08 0.999603
1434500000 29793.7 -0.117974 5000.1 0.999561
1434600000 29793.7 -0.055738 5000.09 0.999562
1434700000 29793.7 0.113258 5000.06 0.999627
1434800000 29793.7 -0.019453 5000.08 0.999566
1434900000 29793.7 -0.144497 5000.1 0.999586
1435000000 29793.7 -0.0891375 5000.09 0.999586
1435100000 29793.7 0.25465 5000.03 0.999646
1435200000 29793.7 0.704784 4999.96 0.999701
1435300000 29793.7 -0.101358 5000.09 0.999566
1435400000 29793.7 -0.0651636 5000.09 0.999598
1435500000 29793.7 -0.210418 5000.11 0.999569
1435600000 29793.7 -0.098356 5000.09 0.999564
1435700000 29793.7 1.06692 4999.9 0.999783
1435800000 29793.7 -0.0737644 5000.09 0.999561
1435900000 29793.7 3.25027 4999.53 0.99998
1436000000 29793.7 0.0882147 5000.06 0.999615
1436100000 29793.7 -0.183893 5000.11 0.999565
1436200000 29793.7 -0.113405 5000.1 0.999586
1436300000 29793.7 -0.08831 5000.09 0.999561
1436400000 29793.7 -0.124499 5000.1 0.999571
1436500000 29793.7 0.0353322 5000.07 0.999617
1436600000 29793.7 -0.0576504 5000.09 0.999565
1436700000 29793.7 -0.163065 5000.1 0.999557
1436800000 29793.7 -0.0120735 5000.08 0.999567
1436900000 29793.7 -0.0508549 5000.09 0.999563
1437000000 29793.7 -0.0562837 5000.09 0.999605
1437100000 29793.7 1.28051 4999.86 0.999777
1437200000 29793.7 -0.00411354 5000.08 0.999596
1437300000 29793.7 -0.00824969 5000.08 0.999567
1437400000 29793.7 -0.21233 5000.11 0.999571
1437500000 29793.7 0.172412 5000.05 0.999654
1437600000 29793.7 -0.17985 5000.11 0.999564
1437700000 29793.7 0.569113 4999.98 0.999697
1437800000 29793.7 -0.0743228 5000.09 0.999562
1437900000 29793.7 -0.0302884 5000.08 0.99959
1438000000 29793.7 -0.137055 5000.1 0.999563
1438100000 29793.7 1.55366 4999.82 0.999811
1438200000 29793.7 -0.175343 5000.11 0.999561
1438300000 29793.7 -0.0678848 5000.09 0.999562
1438400000 29793.7 1.94893 4999.75 0.999864
1438500000 29793.7 0.491314 5000 0.99972
1438600000 29793.7 1.00616 4999.91 0.999745
1438700000 29793.7 -0.0963214 5000.09 0.999564
1438800000 29793.7 -0.0569421 5000.09 0.999562
1438900000 29793.7 -0.121344 5000.1 0.999593
1439000000 29793.7 -0.118311 5000.1 0.999559
1439100000 29793.7 0.870128 4999.93 0.999728
1439200000 29793.7 -0.178298 5000.11 0.999556
1439300000 29793.7 -0.212334 5000.11 0.999577
1439400000 29793.7 -0.061087 5000.09 0.999564
1439500000 29793.7 2.99437 4999.57 1.00001
1439600000 29793.7 0.0442552 5000.07 0.999658
1439700000 29793.7 -0.133521 5000.1 0.999586
1439800000 29793.7 -0.0891783 5000.09 0.999565
1439900000 29793.7 -0.0301714 5000.08 0.999565
1440000000 29793.7 -0.118738 5000.1 0.999567
1440100000 29793.7 0.220394 5000.04 0.999666
1440200000 29793.7 1.21399 4999.87 0.999809
1440300000 29793.7 -0.203677 5000.11 0.999566
1440400000 29793.7 -0.148634 5000.1 0.999567
1440500000 29793.7 -0.176121 5000.11 0.99956
1440600000 29793.7 -0.179248 5000.11 0.999592
1440700000 29793.7 -0.0133245 5000.08 0.999602
1440800000 29793.7 -0.0801535 5000.09 0.999588
1440900000 29793.7 0.502228 4999.99 0.999703
1441000000 29793.7 -0.0211107 5000.08 0.999566
1441100000 29793.7 1.55 4999.82 0.999805
1441200000 29793.7 -0.0390503 5000.08 0.999565
1441300000 29793.7 -0.0877414 5000.09 0.999562
1441400000 29793.7 -0.191976 5000.11 0.999586
1441500000 29793.7 -0.178015 5000.11 0.999579
1441600000 29793.7 -0.121022 5000.1 0.99956
1441700000 29793.7 -0.102669 5000.09 0.999561
1441800000 29793.7 0.106838 5000.06 0.999634
1441900000 29793.7 -0.0746082 5000.09 0.999577
1442000000 29793.7 -0.118236 5000.1 0.999566
1442100000 29793.7 -0.0608046 5000.09 0.999595
1442200000 29793.7 -0.23744 5000.12 0.999574
1442300000 29793.7 -0.146566 5000.1 0.999559
1442400000 29793.7 0.417347 5000.01 0.999751
1442500000 29793.7 -0.194044 5000.11 0.999578
1442600000 29793.7 -0.0716545 5000.09 0.999562
1442700000 29793.7 -0.0908427 5000.09 0.999563
1442800000 29793.7 -0.0742525 5000.09 0.999561
1442900000 29793.7 -0.0912767 5000.09 0.99956
1443000000 29793.7 -0.0146354 5000.08 0.999567
1443100000 29793.7 -0.0942178 5000.09 0.999576
1443200000 29793.7 -0.10736 5000.1 0.999559
1443300000 29793.7 4.82068 4999.27 1.00029
1443400000 29793.7 -0.0452874 5000.09 0.999563
1443500000 29793.7 -0.0439408 5000.08 0.999587
1443600000 29793.7 0.323191 5000.02 0.999656
1443700000 29793.7 -0.119408 5000.1 0.999569
1443800000 29793.7 -0.202859 5000.11 0.999569
1443900000 29793.7 0.600761 4999.98 0.999687
1444000000 29793.7 -0.198425 5000.11 0.999571
1444100000 29793.7 -0.0276268 5000.08 0.999565
1444200000 29793.7 0.321629 5000.02 0.999672
1444300000 29793.7 0.660742 4999.97 0.999695
1444400000 29793.7 -0.120608 5000.1 0.99957
1444500000 29793.7 -0.0740841 5000.09 0.999581
1444600000 29793.7 -0.12844 5000.1 0.999569
1444700000 29793.7 -0.0222416 5000.08 0.999566
1444800000 29793.7 -0.102639 5000.09 0.999575
1444900000 29793.7 -0.0101959 5000.08 0.999608
1445000000 29793.7 0.253263 5000.03 0.999649
1445100000 29793.7 0.699595 4999.96 0.999721
1445200000 29793.7 0.0847194 5000.06 0.999649
1445300000 29793.7 -0.0440795 5000.08 0.999563
1445400000 29793.7 -0.216903 5000.11 0.999571
1445500000 29793.7 0.041979 5000.07 0.999618
1445600000 29793.7 -0.154497 5000.1 0.999563
1445700000 29793.7 -0.18263 5000.11 0.999597
1445800000 29793.7 -0.0843929 5000.09 0.999584
1445900000 29793.7 0.683339 4999.96 0.999698
1446000000 29793.7 0.123106 5000.06 0.999635
1446100000 29793.7 -0.0192873 5000.08 0.999613
1446200000 29793.7 -0.0825307 5000.09 0.999563
1446300000 29793.7 -0.298442 5000.13 0.999566
1446400000 29793.7 -0.142953 5000.1 0.999572
1446500000 29793.7 0.561159 4999.98 0.999735
1446600000 29793.7 0.0274353 5000.07 0.999646
1446700000 29793.7 -0.027451 5000.08 0.999584
1446800000 29793.7 -0.085733 5000.09 0.99961
1446900000 29793.7 -0.0740769 5000.09 0.999573
1447000000 29793.7 -0.174418 5000.11 0.999567
1447100000 29793.7 0.0204321 5000.07 0.999602
1447200000 29793.7 -0.0880203 5000.09 0.999561
1447300000 29793.7 0.325395 5000.02 0.999648
1447400000 29793.7 -0.0714446 5000.09 0.999562
1447500000 29793.7 1.53446 4999.82 0.999842
1447600000 29793.7 1.43549 4999.84 0.999837
1447700000 29793.7 -0.0233641 5000.08 0.999585
1447800000 29793.7 -0.0350735 5000.08 0.999584
1447900000 29793.7 -0.162582 5000.1 0.999567
1448000000 29793.7 -0.104657 5000.1 0.999574
1448100000 29793.7 -0.0935075 5000.09 0.999572
1448200000 29793.7 0.0560854 5000.07 0.999622
1448300000 29793.7 -0.0889778 5000.09 0.999565
1448400000 29793.7 -0.0764097 5000.09 0.999582
1448500000 29793.7 -0.133443 5000.1 0.999567
1448600000 29793.7 -0.0450876 5000.09 0.999564
1448700000 29793.7 -0.0618895 5000.09 0.999563
1448800000 29793.7 -0.0538516 5000.09 0.999563
1448900000 29793.7 -0.18569 5000.11 0.999567
1449000000 29793.7 0.246619 5000.04 0.999636
1449100000 29793.7 0.264558 5000.03 0.999641
1449200000 29793.7 -0.0633442 5000.09 0.999564
1449300000 29793.7 2.17098 4999.71 0.999936
1449400000 29793.7 -0.102398 5000.09 0.999562
1449500000 29793.7 -0.16077 5000.1 0.999589
1449600000 29793.7 -0.0196704 5000.08 0.999566
1449700000 29793.7 -0.0984612 5000.09 0.99956
1449800000 29793.7 0.019506 5000.07 0.999626
1449900000 29793.7 0.127488 5000.06 0.999627
1450000000 29793.7 0.186004 5000.05 0.999635
1450100000 29793.7 -0.178469 5000.11 0.999555
1450200000 29793.7 -0.057979 5000.09 0.999563
1450300000 29793.7 -0.027098 5000.08 0.999588
1450400000 29793.7 1.90409 4999.76 0.999851
1450500000 29793.7 -0.135735 5000.1 0.999558
1450600000 29793.7 -0.0430123 5000.08 0.999564
1450700000 29793.7 5.06324 4999.23 1.00026
1450800000 29793.7 -0.104348 5000.09 0.99957
1450900000 29793.7 0.227684 5000.04 0.99966
1451000000 29793.7 -0.0575918 5000.09 0.9996
1451100000 29793.7 0.329851 5000.02 0.999648
1451200000 29793.7 -0.111991 5000.1 0.999592
1451300000 29793.7 -0.0634923 5000.09 0.999564
1451400000 29793.7 -0.097096 5000.09 0.999589
1451500000 29793.7 -0.139899 5000.1 0.999577
1451600000 29793.7 -0.112623 5000.1 0.99956
1451700000 29793.7 -0.0438731 5000.08 0.999564
1451800000 29793.7 0.0558558 5000.07 0.99963
1451900000 29793.7 2.36333 4999.68 0.999913
1452000000 29793.7 0.455142 5000 0.999697
1452100000 29793.7 -0.132589 5000.1 0.999569
1452200000 29793.7 -0.164804 5000.11 0.999576
1452300000 29793.7 0.0327179 5000.07 0.999618
1452400000 29793.7 1.13655 4999.89 0.999813
1452500000 29793.7 -0.126574 5000.1 0.999565
1452600000 29793.7 -0.0173478 5000.08 0.999566
1452700000 29793.7 -0.116837 5000.1 0.999565
1452800000 29793.7 -0.11728 5000.1 0.999569
1452900000 29793.7 -0.169428 5000.11 0.999565
1453000000 29793.7 -0.0528559 5000.09 0.999563
1453100000 29793.7 3.72737 4999.45 1.00003
1453200000 29793.7 0.519068 4999.99 0.99969
1453300000 29793.7 -0.107521 5000.1 0.999562
1453400000 29793.7 -0.0946818 5000.09 0.999563
1453500000 29793.7 -0.0689421 5000.09 0.999628
1453600000 29793.7 -0.033313 5000.08 0.999565
1453700000 29793.7 0.119583 5000.06 0.999616
1453800000 29793.7 2.09179 4999.73 0.999864
1453900000 29793.7 -0.0146818 5000.08 0.999567
1454000000 29793.7 1.56421 4999.81 0.999861
1454100000 29793.7 -0.0281341 5000.08 0.999565
1454200000 29793.7 -0.125279 5000.1 0.999558
1454300000 29793.7 -0.232555 5000.12 0.999574
1454400000 29793.7 2.75617 4999.62 0.999936
1454500000 29793.7 -0.0920689 5000.09 0.999564
1454600000 29793.7 -0.0698681 5000.09 0.999563
1454700000 29793.7 -0.15395 5000.1 0.999561
1454800000 29793.7 -0.0388897 5000.08 0.999564
1454900000 29793.7 0.0421292 5000.07 0.999602
1455000000 29793.7 0.00736734 5000.08 0.999599
1455100000 29793.7 0.69455 4999.96 0.999724
1455200000 29793.7 -0.146604 5000.1 0.999575
1455300000 29793.7 -0.0526688 5000.09 0.99962
1455400000 29793.7 -0.0497696 5000.09 0.999594
1455500000 29793.7 -0.114804 5000.1 0.999583
1455600000 29793.7 -0.0593835 5000.09 0.999563
1455700000 29793.7 -0.0741845 5000.09 0.999565
1455800000 29793.7 -0.113262 5000.1 0.999568
1455900000 29793.7 -0.0372508 5000.08 0.999565
1456000000 29793.7 0.666264 4999.97 0.999746
1456100000 29793.7 -0.0876695 5000.09 0.999566
1456200000 29793.7 0.251301 5000.04 0.999638
1456300000 29793.7 0.487879 5000 0.99972
1456400000 29793.7 -0.179778 5000.11 0.999559
1456500000 29793.7 -0.0923028 5000.09 0.999564
1456600000 29793.7 1.39969 4999.84 0.999805
1456700000 29793.7 -0.0671511 5000.09 0.999606
1456800000 29793.7 -0.119886 5000.1 0.999595
1456900000 29793.7 -0.0360474 5000.08 0.999565
1457000000 29793.7 -0.0844903 5000.09 0.999602
1457100000 29793.7 -0.0119506 5000.08 0.999567
1457200000 29793.7 -0.375039 5000.14 0.999578
1457300000 29793.7 -0.0860188 5000.09 0.999572
1457400000 29793.7 -0.0896024 5000.09 0.999564
1457500000 29793.7 0.412047 5000.01 0.999675
1457600000 29793.7 -0.180317 5000.11 0.999558
1457700000 29793.7 1.78259 4999.78 0.999847
1457800000 29793.7 -0.0685522 5000.09 0.999566
1457900000 29793.7 -0.0818092 5000.09 0.999561
1458000000 29793.7 -0.0106729 5000.08 0.999567
1458100000 29793.7 -0.0674623 5000.09 0.999564
1458200000 29793.7 0.349483 5000.02 0.999683
1458300000 29793.7 -0.0867007 5000.09 0.999569
1458400000 29793.7 -0.123615 5000.1 0.999559
1458500000 29793.7 0.0683087 5000.07 0.999633
1458600000 29793.7 -0.0699715 5000.09 0.999565
1458700000 29793.7 -0.154389 5000.1 0.999564
1458800000 29793.7 0.337153 5000.02 0.999669
1458900000 29793.7 0.474007 5000 0.999675
1459000000 29793.7 0.402294 5000.01 0.999718
1459100000 29793.7 -0.103886 5000.09 0.99958
1459200000 29793.7 -0.0322315 5000.08 0.999565
1459300000 29793.7 0.0500028 5000.07 0.999607
1459400000 29793.7 -0.162201 5000.1 0.999565
1459500000 29793.7 2.5064 4999.66 1.00001
1459600000 29793.7 0.0332791 5000.07 0.999605
1459700000 29793.7 -0.185673 5000.11 0.999565
1459800000 29793.7 -0.0166242 5000.08 0.999567
1459900000 29793.7 -0.0662288 5000.09 0.999562
1460000000 29793.7 0.290969 5000.03 0.999649
1460100000 29793.7 -0.156258 5000.1 0.999562
1460200000 29793.7 -0.208232 5000.11 0.999607
1460300000 29793.7 0.00749086 5000.08 0.999594
1460400000 29793.7 -0.159618 5000.1 0.999557
1460500000 29793.7 0.754704 4999.95 0.999735
1460600000 29793.7 -0.169299 5000.11 0.999566
1460700000 29793.7 -0.0177078 5000.08 0.999626
1460800000 29793.7 -0.00234823 5000.08 0.999606
1460900000 29793.7 -0.0351213 5000.08 0.999565
1461000000 29793.7 0.491165 5000 0.999684
1461100000 29793.7 -0.135667 5000.1 0.999567
1461200000 29793.7 -0.0533746 5000.09 0.999597
1461300000 29793.7 -0.148372 5000.1 0.999583
1461400000 29793.7 -0.0705681 5000.09 0.999563
1461500000 29793.7 -0.125957 5000.1 0.999563
1461600000 29793.7 0.0871632 5000.06 0.999616
1461700000 29793.7 -0.0102874 5000.08 0.999599
1461800000 29793.7 0.566862 4999.98 0.999701
1461900000 29793.7 -0.0238229 5000.08 0.999566
1462000000 29793.7 -0.0740395 5000.09 0.999563
1462100000 29793.7 -0.0936244 5000.09 0.999576
1462200000 29793.7 -0.0690754 5000.09 0.999564
1462300000 29793.7 -0.109971 5000.1 0.999561
1462400000 29793.7 0.140992 5000.05 0.99962
1462500000 29793.7 0.493796 4999.99 0.999689
1462600000 29793.7 0.0431144 5000.07 0.999613
1462700000 29793.7 -0.146493 5000.1 0.999566
1462800000 29793.7 -0.0810041 5000.09 0.999561
1462900000 29793.7 -0.254009 5000.12 0.99957
1463000000 29793.7 -0.282417 5000.12 0.999561
1463100000 29793.7 -0.129796 5000.1 0.999563
1463200000 29793.7 -0.15121 5000.1 0.999558
1463300000 29793.7 -0.0682629 5000.09 0.999565
1463400000 29793.7 0.236046 5000.04 0.999679
1463500000 29793.7 -0.19803 5000.11 0.999579
1463600000 29793.7 -0.041389 5000.08 0.999564
1463700000 29793.7 -0.320549 5000.13 0.999552
1463800000 29793.7 0.0144361 5000.08 0.999604
1463900000 29793.7 0.415133 5000.01 0.999689
1464000000 29793.7 -0.135649 5000.1 0.999588
1464100000 29793.7 -0.0765355 5000.09 0.999563
1464200000 29793.7 0.0353408 5000.07 0.999606
1464300000 29793.7 -0.153239 5000.1 0.999563
1464400000 29793.7 -0.139926 5000.1 0.99956
1464500000 29793.7 -0.093828 5000.09 0.999561
1464600000 29793.7 -0.151823 5000.1 0.999572
1464700000 29793.7 -0.0602855 5000.09 0.999563
1464800000 29793.7 -0.210168 5000.11 0.999561
1464900000 29793.7 -0.0180514 5000.08 0.999609
1465000000 29793.7 -0.0649634 5000.09 0.999571
1465100000 29793.7 -0.0828907 5000.09 0.999579
1465200000 29793.7 -0.0760653 5000.09 0.999561
1465300000 29793.7 -0.138798 5000.1 0.999559
1465400000 29793.7 -0.0482514 5000.09 0.999609
1465500000 29793.7 -0.0448964 5000.09 0.999564
1465600000 29793.7 -0.135237 5000.1 0.999563
1465700000 29793.7 -0.120219 5000.1 0.999559
1465800000 29793.7 0.142842 5000.05 0.999618
1465900000 29793.7 0.0565193 5000.07 0.99963
1466000000 29793.7 -0.021945 5000.08 0.999603
1466100000 29793.7 0.780715 4999.95 0.999736
1466200000 29793.7 -0.0893734 5000.09 0.999562
1466300000 29793.7 -0.199121 5000.11 0.999556
1466400000 29793.7 -0.0563207 5000.09 0.999565
1466500000 29793.7 -0.0135798 5000.08 0.999567
1466600000 29793.7 3.8343 4999.43 1.00009
1466700000 29793.7 0.201777 5000.04 0.999661
1466800000 29793.7 0.931488 4999.92 0.999742
1466900000 29793.7 -0.179919 5000.11 0.999577
1467000000 29793.7 -0.084127 5000.09 0.999577
1467100000 29793.7 -0.164683 5000.11 0.999596
1467200000 29793.7 0.0370281 5000.07 0.999609
1467300000 29793.7 -0.172927 5000.11 0.99957
1467400000 29793.7 0.00906165 5000.08 0.999606
1467500000 29793.7 -0.233626 5000.12 0.999578
1467600000 29793.7 -0.179646 5000.11 0.999587
1467700000 29793.7 1.40172 4999.84 0.999833
1467800000 29793.7 -0.407164 5000.15 0.999555
1467900000 29793.7 -0.0330243 5000.08 0.999565
1468000000 29793.7 0.0977283 5000.06 0.999612
1468100000 29793.7 -0.0475287 5000.09 0.999564
1468200000 29793.7 -0.0827497 5000.09 0.999599
1468300000 29793.7 -0.165384 5000.11 0.999581
1468400000 29793.7 0.0392737 5000.07 0.9996
1468500000 29793.7 0.14061 5000.05 0.999647
1468600000 29793.7 -0.0820165 5000.09 0.999563
1468700000 29793.7 -0.0809598 5000.09 0.999564
1468800000 29793.7 -0.14528 5000.1 0.999577
1468900000 29793.7 -0.218677 5000.11 0.999558
1469000000 29793.7 -0.0591738 5000.09 0.999588
1469100000 29793.7 0.387955 5000.01 0.999656
1469200000 29793.7 -0.110202 5000.1 0.999562
1469300000 29793.7 -0.0655821 5000.09 0.999563
1469400000 29793.7 -0.0698108 5000.09 0.999563
1469500000 29793.7 -0.0771664 5000.09 0.999563
1469600000 29793.7 -0.281188 5000.12 0.999567
1469700000 29793.7 -0.117491 5000.1 0.999561
1469800000 29793.7 -0.0917869 5000.09 0.999581
1469900000 29793.7 0.43859 5000 0.999663
1470000000 29793.7 0.776899 4999.95 0.999718
1470100000 29793.7 -0.145587 5000.1 0.99956
1470200000 29793.7 -0.0537908 5000.09 0.999606
1470300000 29793.7 -0.0304604 5000.08 0.999565
1470400000 29793.7 0.656992 4999.97 0.999764
1470500000 29793.7 0.0392792 5000.07 0.999635
1470600000 29793.7 -0.109211 5000.1 0.999573
1470700000 29793.7 -0.0203186 5000.08 0.999566
1470800000 29793.7 -0.166817 5000.11 0.99956
1470900000 29793.7 -0.219841 5000.11 0.99957
1471000000 29793.7 -0.192025 5000.11 0.999565
1471100000 29793.7 -0.0621204 5000.09 0.99957
1471200000 29793.7 -0.0638289 5000.09 0.999586
1471300000 29793.7 0.280557 5000.03 0.99964
1471400000 29793.7 -0.047461 5000.09 0.999564
1471500000 29793.7 -0.0493708 5000.09 0.999588
1471600000 29793.7 -0.161899 5000.1 0.999557
1471700000 29793.7 0.00263702 5000.08 0.999617
1471800000 29793.7 -0.123855 5000.1 0.999585
1471900000 29793.7 -0.0365823 5000.08 0.999607
1472000000 29793.7 -0.109086 5000.1 0.999569
1472100000 29793.7 -0.106118 5000.1 0.999561
1472200000 29793.7 -0.0202218 5000.08 0.999616
1472300000 29793.7 3.09002 4999.56 1.0001
1472400000 29793.7 -0.100967 5000.09 0.99958
1472500000 29793.7 0.297021 5000.03 0.999649
1472600000 29793.7 -0.117326 5000.1 0.999573
1472700000 29793.7 -0.0795329 5000.09 0.99959
1472800000 29793.7 -0.243449 5000.12 0.999558
1472900000 29793.7 -0.144639 5000.1 0.999576
1473000000 29793.7 -0.105345 5000.1 0.999573
1473100000 29793.7 -0.0945672 5000.09 0.999563
1473200000 29793.7 -0.106716 5000.1 0.999566
1473300000 29793.7 0.575665 4999.98 0.999714
1473400000 29793.7 -0.143646 5000.1 0.999568
1473500000 29793.7 0.541009 4999.99 0.999698
1473600000 29793.7 -0.0885956 5000.09 0.999563
1473700000 29793.7 -0.0581093 5000.09 0.999563
1473800000 29793.7 -0.064573 5000.09 0.999563
1473900000 29793.7 -0.125284 5000.1 0.999606
1474000000 29793.7 -0.0088502 5000.08 0.999594
1474100000 29793.7 -0.183161 5000.11 0.999559
1474200000 29793.7 0.30547 5000.03 0.999645
1474300000 29793.7 -0.0020454 5000.08 0.99959
1474400000 29793.7 -0.19862 5000.11 0.999555
1474500000 29793.7 -0.173486 5000.11 0.999564
1474600000 29793.7 -0.0668906 5000.09 0.999563
1474700000 29793.7 -0.0193146 5000.08 0.999591
1474800000 29793.7 -0.0846086 5000.09 0.999561
1474900000 29793.7 -0.0282123 5000.08 0.999565
1475000000 29793.7 -0.101016 5000.09 0.999564
1475100000 29793.7 0.414574 5000.01 0.999703
1475200000 29793.7 0.127397 5000.06 0.999627
1475300000 29793.7 0.330524 5000.02 0.999655
1475400000 29793.7 -0.118539 5000.1 0.999561
1475500000 29793.7 -0.167988 5000.11 0.999563
1475600000 29793.7 -0.0615061 5000.09 0.999562
1475700000 29793.7 -0.144601 5000.1 0.999573
1475800000 29793.7 -0.0203817 5000.08 0.999566
1475900000 29793.7 -0.108281 5000.1 0.999563
1476000000 29793.7 -0.0911476 5000.09 0.999562
1476100000 29793.7 -0.123964 5000.1 0.999586
1476200000 29793.7 -0.0466546 5000.09 0.999564
1476300000 29793.7 -0.112507 5000.1 0.99956
1476400000 29793.7 3.26547 4999.53 0.99998
1476500000 29793.7 -0.126805 5000.1 0.999565
1476600000 29793.7 -0.0196457 5000.08 0.999566
1476700000 29793.7 -0.0636026 5000.09 0.999579
1476800000 29793.7 -0.092824 5000.09 0.999601
1476900000 29793.7 0.855967 4999.93 0.999721
1477000000 29793.7 -0.160837 5000.1 0.999587
1477100000 29793.7 -0.183768 5000.11 0.999565
1477200000 29793.7 -0.103684 5000.09 0.999587
1477300000 29793.7 0.81352 4999.94 0.999713
1477400000 29793.7 0.0929041 5000.06 0.999621
1477500000 29793.7 -0.142357 5000.1 0.999561
1477600000 29793.7 -0.0327339 5000.08 0.999565
1477700000 29793.7 1.13153 4999.89 0.999808
1477800000 29793.7 2.55998 4999.65 0.999912
1477900000 29793.7 -0.147537 5000.1 0.999569
1478000000 29793.7 0.570368 4999.98 0.999713
1478100000 29793.7 0.138333 5000.05 0.999623
1478200000 29793.7 0.107275 5000.06 0.99962
1478300000 29793.7 -0.0875048 5000.09 0.999563
1478400000 29793.7 -0.13597 5000.1 0.999571
1478500000 29793.7 1.28473 4999.86 0.999812
1478600000 29793.7 -0.0583594 5000.09 0.999569
1478700000 29793.7 -0.120052 5000.1 0.999564
1478800000 29793.7 0.590462 4999.98 0.999691
1478900000 29793.7 -0.0835172 5000.09 0.99957
1479000000 29793.7 -0.0777641 5000.09 0.999564
1479100000 29793.7 -0.115097 5000.1 0.999563
1479200000 29793.7 1.49613 4999.83 0.999835
1479300000 29793.7 1.02733 4999.91 0.999782
1479400000 29793.7 -0.133942 5000.1 0.999559
1479500000 29793.7 -0.123088 5000.1 0.999571
1479600000 29793.7 1.9929 4999.74 0.999895
1479700000 29793.7 -0.0879894 5000.09 0.999561
1479800000 29793.7 -0.0505918 5000.09 0.99962
1479900000 29793.7 2.78753 4999.61 0.999935
1480000000 29793.7 -0.0609589 5000.09 0.999566
1480100000 29793.7 2.59853 4999.64 0.999969
1480200000 29793.7 0.259448 5000.03 0.999658
1480300000 29793.7 -0.0680264 5000.09 0.999585
1480400000 29793.7 0.0245994 5000.07 0.999627
1480500000 29793.7 -0.117249 5000.1 0.999577
1480600000 29793.7 -0.0494397 5000.09 0.999564
1480700000 29793.7 -0.0175756 5000.08 0.999593
1480800000 29793.7 -0.21997 5000.11 0.999557
1480900000 29793.7 -0.155503 5000.1 0.999564
1481000000 29793.7 -0.0700584 5000.09 0.999562
1481100000 29793.7 -0.0182037 5000.08 0.999567
1481200000 29793.7 3.87411 4999.43 1.00004
1481300000 29793.7 0.303366 5000.03 0.999665
1481400000 29793.7 2.51803 4999.66 0.999917
1481500000 29793.7 -0.0644451 5000.09 0.999563
1481600000 29793.7 0.218015 5000.04 0.999663
1481700000 29793.7 0.122867 5000.06 0.99963
1481800000 29793.7 -0.0586496 5000.09 0.999594
1481900000 29793.7 -0.118989 5000.1 0.999566
1482000000 29793.7 -0.106749 5000.1 0.999609
1482100000 29793.7 0.381861 5000.01 0.999675
1482200000 29793.7 -0.135328 5000.1 0.999559
1482300000 29793.7 0.149575 5000.05 0.999638
1482400000 29793.7 -0.286874 5000.13 0.999583
1482500000 29793.7 0.261939 5000.03 0.999672
1482600000 29793.7 -0.152544 5000.1 0.999561
1482700000 29793.7 -0.0836336 5000.09 0.999561
1482800000 29793.7 -0.0666828 5000.09 0.999608
1482900000 29793.7 1.38806 4999.84 0.999829
1483000000 29793.7 -0.0722644 5000.09 0.999564
1483100000 29793.7 0.412177 5000.01 0.999711
1483200000 29793.7 0.472837 5000 0.999679
1483300000 29793.7 -0.244331 5000.12 0.999587
1483400000 29793.7 0.103745 5000.06 0.999631
1483500000 29793.7 -0.138969 5000.1 0.999565
1483600000 29793.7 -0.118158 5000.1 0.999573
1483700000 29793.7 0.132417 5000.06 0.999616
1483800000 29793.7 -0.128285 5000.1 0.999559
1483900000 29793.7 -0.144314 5000.1 0.999563
1484000000 29793.7 -0.155448 5000.1 0.999559
1484100000 29793.7 -0.106695 5000.1 0.99956
1484200000 29793.7 -0.197746 5000.11 0.999563
1484300000 29793.7 -0.143884 5000.1 0.999571
1484400000 29793.7 -0.188851 5000.11 0.999574
1484500000 29793.7 -0.0835698 5000.09 0.999563
1484600000 29793.7 -0.0612883 5000.09 0.999561
1484700000 29793.7 -0.125742 5000.1 0.999568
1484800000 29793.7 -0.136993 5000.1 0.999574
1484900000 29793.7 -0.179393 5000.11 0.999568
1485000000 29793.7 -0.0778911 5000.09 0.999562
1485100000 29793.7 -0.216229 5000.11 0.999569
1485200000 29793.7 -0.184313 5000.11 0.999561
1485300000 29793.7 0.354377 5000.02 0.999693
1485400000 29793.7 0.887464 4999.93 0.999728
1485500000 29793.7 2.36815 4999.68 0.999898
1485600000 29793.7 2.72043 4999.62 0.999952
1485700000 29793.7 0.995962 4999.91 0.999784
1485800000 29793.7 -0.13572 5000.1 0.999575
1485900000 29793.7 -0.0388793 5000.08 0.999612
1486000000 29793.7 -0.075642 5000.09 0.999562
1486100000 29793.7 -0.0653811 5000.09 0.999563
1486200000 29793.7 -0.173618 5000.11 0.999588
1486300000 29793.7 -0.0385304 5000.08 0.999613
1486400000 29793.7 0.528205 4999.99 0.999685
1486500000 29793.7 -0.0890802 5000.09 0.999563
1486600000 29793.7 -0.0433252 5000.08 0.99958
1486700000 29793.7 -0.134836 5000.1 0.999561
1486800000 29793.7 -0.115608 5000.1 0.999563
1486900000 29793.7 0.374284 5000.01 0.999661
1487000000 29793.7 -0.18169 5000.11 0.999566
1487100000 29793.7 -0.0355282 5000.08 0.999564
1487200000 29793.7 1.60703 4999.81 0.999807
1487300000 29793.7 -0.088243 5000.09 0.999593
1487400000 29793.7 0.0394551 5000.07 0.999632
1487500000 29793.7 -0.077246 5000.09 0.999566
1487600000 29793.7 -0.0674192 5000.09 0.999563
1487700000 29793.7 0.0227641 5000.07 0.999624
1487800000 29793.7 0.696676 4999.96 0.999718
1487900000 29793.7 -0.0960839 5000.09 0.999563
1488000000 29793.7 -0.073604 5000.09 0.999571
1488100000 29793.7 -0.179885 5000.11 0.99956
1488200000 29793.7 0.304631 5000.03 0.999674
1488300000 29793.7 -0.0780542 5000.09 0.999582
1488400000 29793.7 -0.130569 5000.1 0.999558
1488500000 29793.7 -0.0813373 5000.09 0.999563
1488600000 29793.7 -0.0365493 5000.08 0.999595
1488700000 29793.7 -0.128441 5000.1 0.999557
1488800000 29793.7 0.727419 4999.96 0.999732
1488900000 29793.7 0.262383 5000.03 0.999669
1489000000 29793.7 -0.0519628 5000.09 0.999564
1489100000 29793.7 -0.0505993 5000.09 0.999564
1489200000 29793.7 2.43035 4999.67 0.999897
1489300000 29793.7 -0.109618 5000.1 0.999561
1489400000 29793.7 0.10523 5000.06 0.999614
1489500000 29793.7 -0.13538 5000.1 0.999581
1489600000 29793.7 -0.0810985 5000.09 0.99956
1489700000 29793.7 -0.132135 5000.1 0.999566
1489800000 29793.7 -0.182945 5000.11 0.999575
1489900000 29793.7 0.090555 5000.06 0.999619
1490000000 29793.7 0.300892 5000.03 0.999688
1490100000 29793.7 -0.170155 5000.11 0.99958
1490200000 29793.7 0.512338 4999.99 0.999684
1490300000 29793.7 0.122196 5000.06 0.999619
1490400000 29793.7 2.37012 4999.68 0.999958
1490500000 29793.7 -0.0271991 5000.08 0.999565
1490600000 29793.7 -0.104462 5000.1 0.999563
1490700000 29793.7 -0.143672 5000.1 0.999566
1490800000 29793.7 -0.159892 5000.1 0.999564
1490900000 29793.7 0.172941 5000.05 0.999647
1491000000 29793.7 -0.0565113 5000.09 0.999586
1491100000 29793.7 -0.122338 5000.1 0.999559
1491200000 29793.7 -0.0407331 5000.08 0.999565
1491300000 29793.7 -0.121283 5000.1 0.999559
1491400000 29793.7 0.0793099 5000.06 0.999607
1491500000 29793.7 0.0671098 5000.07 0.999607
1491600000 29793.7 0.220577 5000.04 0.999632
1491700000 29793.7 5.20704 4999.2 1.00033
1491800000 29793.7 -0.141945 5000.1 0.999558
1491900000 29793.7 -0.0520536 5000.09 0.999562
1492000000 29793.7 -0.112306 5000.1 0.999576
1492100000 29793.7 -0.156975 5000.1 0.999571
1492200000 29793.7 -0.0391456 5000.08 0.999564
1492300000 29793.7 -0.0617189 5000.09 0.999564
1492400000 29793.7 -0.0314513 5000.08 0.999565
1492500000 29793.7 -0.0779759 5000.09 0.999562
1492600000 29793.7 -0.0775351 5000.09 0.999565
1492700000 29793.7 1.58579 4999.81 0.999854
1492800000 29793.7 -0.0168881 5000.08 0.999566
1492900000 29793.7 -0.0864404 5000.09 0.999568
1493000000 29793.7 -0.0827556 5000.09 0.999591
1493100000 29793.7 0.246992 5000.04 0.999672
1493200000 29793.7 0.362984 5000.02 0.99967
1493300000 29793.7 -0.218635 5000.11 0.999562
1493400000 29793.7 -0.0215776 5000.08 0.999566
1493500000 29793.7 2.98287 4999.58 0.999956
1493600000 29793.7 -0.12653 5000.1 0.999569
1493700000 29793.7 -0.0131734 5000.08 0.999567
1493800000 29793.7 -0.0240142 5000.08 0.999648
1493900000 29793.7 -0.0262471 5000.08 0.999602
1494000000 29793.7 -0.129807 5000.1 0.999566
1494100000 29793.7 -0.11725 5000.1 0.999561
1494200000 29793.7 1.55214 4999.82 0.999819
1494300000 29793.7 3.24169 4999.53 1.00002
1494400000 29793.7 0.0150847 5000.07 0.999622
1494500000 29793.7 -0.117281 5000.1 0.999572
1494600000 29793.7 -0.0377056 5000.08 0.999565
1494700000 29793.7 -0.126825 5000.1 0.999596
1494800000 29793.7 0.36008 5000.02 0.999676
1494900000 29793.7 -0.0712472 5000.09 0.999588
1495000000 29793.7 -0.092154 5000.09 0.99957
1495100000 29793.7 -0.122584 5000.1 0.999598
1495200000 29793.7 3.06286 4999.56 0.99996
1495300000 29793.7 0.135931 5000.05 0.999628
1495400000 29793.7 -0.243243 5000.12 0.999603
1495500000 29793.7 -0.0328923 5000.08 0.999602
1495600000 29793.7 -0.073373 5000.09 0.999582
1495700000 29793.7 -0.187276 5000.11 0.999571
1495800000 29793.7 -0.0445504 5000.08 0.999564
1495900000 29793.7 -0.160949 5000.1 0.999561
1496000000 29793.7 -0.120583 5000.1 0.999566
1496100000 29793.7 -0.142963 5000.1 0.999558
1496200000 29793.7 0.0488995 5000.07 0.999616
1496300000 29793.7 -0.103174 5000.09 0.999575
1496400000 29793.7 -0.0166278 5000.08 0.999594
1496500000 29793.7 -0.103071 5000.09 0.999595
1496600000 29793.7 -0.0805694 5000.09 0.999566
1496700000 29793.7 -0.0964871 5000.09 0.999563
1496800000 29793.7 0.0424269 5000.07 0.999639
1496900000 29793.7 0.540592 4999.99 0.999706
1497000000 29793.7 2.92684 4999.59 0.999949
1497100000 29793.7 -0.0336511 5000.08 0.999639
1497200000 29793.7 -0.208505 5000.11 0.999564
1497300000 29793.7 1.14695 4999.88 0.999796
1497400000 29793.7 -0.11026 5000.1 0.999562
1497500000 29793.7 -0.071576 5000.09 0.999564
1497600000 29793.7 0.132732 5000.06 0.999639
1497700000 29793.7 -0.0459894 5000.09 0.999564
1497800000 29793.7 -0.0850844 5000.09 0.999607
1497900000 29793.7 -0.109221 5000.1 0.999566
1498000000 29793.7 -0.0242501 5000.08 0.999566
1498100000 29793.7 -0.170789 5000.11 0.99957
1498200000 29793.7 -0.0790368 5000.09 0.999563
1498300000 29793.7 0.640133 4999.97 0.99971
1498400000 29793.7 -0.183319 5000.11 0.999563
1498500000 29793.7 0.270514 5000.03 0.999658
1498600000 29793.7 -0.0877462 5000.09 0.999574
1498700000 29793.7 -0.0467123 5000.09 0.999563
1498800000 29793.7 -0.0389432 5000.08 0.999565
1498900000 29793.7 -0.164667 5000.11 0.999576
1499000000 29793.7 0.897284 4999.93 0.999728
1499100000 29793.7 -0.0556865 5000.09 0.999563
1499200000 29793.7 6.78129 4998.94 1.00033
1499300000 29793.7 -0.0606357 5000.09 0.999563
1499400000 29793.7 -0.0744061 5000.09 0.999582
1499500000 29793.7 -0.0821765 5000.09 0.999583
1499600000 29793.7 -0.103457 5000.09 0.999562
1499700000 29793.7 -0.0759707 5000.09 0.999564
1499800000 29793.7 0.290726 5000.03 0.999647
1499900000 29793.7 -0.0225854 5000.08 0.999594
1500000000 29793.7 -0.193514 5000.11 0.999579
1500100000 29793.7 -0.153022 5000.1 0.999586
1500200000 29793.7 -0.213159 5000.11 0.999561
1500300000 29793.7 0.714316 4999.96 0.999712
1500400000 29793.7 -0.373574 5000.14 0.999583
1500500000 29793.7 -0.200775 5000.11 0.999556
1500600000 29793.7 -0.0739161 5000.09 0.999566
1500700000 29793.7 -0.148507 5000.1 0.999563
1500800000 29793.7 0.112094 5000.06 0.999665
1500900000 29793.7 0.0734992 5000.07 0.999629
1501000000 29793.7 -0.057973 5000.09 0.999564
1501100000 29793.7 0.181455 5000.05 0.999632
1501200000 29793.7 -0.118627 5000.1 0.999562
1501300000 29793.7 -0.189779 5000.11 0.999587
1501400000 29793.7 -0.0772124 5000.09 0.999568
1501500000 29793.7 -0.048799 5000.09 0.999563
1501600000 29793.7 -0.0617281 5000.09 0.999572
1501700000 29793.7 -0.144094 5000.1 0.999562
1501800000 29793.7 0.00173289 5000.08 0.999626
1501900000 29793.7 4.90417 4999.25 1.00023
1502000000 29793.7 -0.172111 5000.11 0.999602
1502100000 29793.7 1.09703 4999.89 0.99979
1502200000 29793.7 -0.101805 5000.09 0.999571
1502300000 29793.7 -0.0830607 5000.09 0.999561
1502400000 29793.7 -0.0872986 5000.09 0.999562
1502500000 29793.7 -0.0732831 5000.09 0.999616
1502600000 29793.7 -0.11507 5000.1 0.99957
1502700000 29793.7 1.27694 4999.86 0.999801
1502800000 29793.7 -0.201524 5000.11 0.999588
1502900000 29793.7 -0.135848 5000.1 0.999561
1503000000 29793.7 0.012662 5000.08 0.999596
1503100000 29793.7 1.89197 4999.76 0.999855
1503200000 29793.7 -0.0894607 5000.09 0.99956
1503300000 29793.7 -0.165391 5000.11 0.999563
1503400000 29793.7 -0.105088 5000.1 0.999562
1503500000 29793.7 0.119507 5000.06 0.999639
1503600000 29793.7 -0.0412049 5000.08 0.999587
1503700000 29793.7 -0.0598131 5000.09 0.999609
1503800000 29793.7 -0.0134644 5000.08 0.999567
1503900000 29793.7 -0.170571 5000.11 0.999559
1504000000 29793.7 -0.00620009 5000.08 0.999615
1504100000 29793.7 -0.0878955 5000.09 0.999564
1504200000 29793.7 -0.112353 5000.1 0.999568
1504300000 29793.7 0.354215 5000.02 0.999653
1504400000 29793.7 -0.147992 5000.1 0.999579
1504500000 29793.7 -0.127936 5000.1 0.999562
1504600000 29793.7 -0.0225788 5000.08 0.999589
1504700000 29793.7 0.30805 5000.03 0.999644
1504800000 29793.7 -0.148728 5000.1 0.999584
1504900000 29793.7 -0.0837799 5000.09 0.999571
1505000000 29793.7 0.0284626 5000.07 0.999618
1505100000 29793.7 0.736585 4999.95 0.999704
1505200000 29793.7 -0.0701857 5000.09 0.999601
1505300000 29793.7 -0.16687 5000.11 0.999559
1505400000 29793.7 0.666661 4999.97 0.999714
1505500000 29793.7 -0.142675 5000.1 0.999576
1505600000 29793.7 -0.17904 5000.11 0.999558
1505700000 29793.7 -0.101244 5000.09 0.999609
1505800000 29793.7 -0.0795659 5000.09 0.999593
1505900000 29793.7 -0.166521 5000.11 0.999561
1506000000 29793.7 -0.242641 5000.12 0.999553
1506100000 29793.7 -0.0733106 5000.09 0.999566
1506200000 29793.7 1.27378 4999.86 0.999775
1506300000 29793.7 0.0505764 5000.07 0.999634
1506400000 29793.7 -0.0766286 5000.09 0.999564
1506500000 29793.7 -0.16192 5000.1 0.9996
1506600000 29793.7 -0.0198946 5000.08 0.999566
1506700000 29793.7 -0.147619 5000.1 0.99959
1506800000 29793.7 -0.145638 5000.1 0.999562
1506900000 29793.7 2.10301 4999.72 0.999912
1507000000 29793.7 -0.187487 5000.11 0.999558
1507100000 29793.7 -0.124318 5000.1 0.999563
1507200000 29793.7 -0.0946054 5000.09 0.999576
1507300000 29793.7 -0.112119 5000.1 0.99956
1507400000 29793.7 0.0625412 5000.07 0.999621
1507500000 29793.7 -0.117816 5000.1 0.999564
1507600000 29793.7 -0.127376 5000.1 0.999572
1507700000 29793.7 -0.0903488 5000.09 0.999579
1507800000 29793.7 -0.100294 5000.09 0.999583
1507900000 29793.7 -0.106373 5000.1 0.999564
1508000000 29793.7 -0.111374 5000.1 0.999581
1508100000 29793.7 2.30425 4999.69 0.999979
1508200000 29793.7 -0.0166793 5000.08 0.999567
1508300000 29793.7 -0.124717 5000.1 0.999574
1508400000 29793.7 -0.0851499 5000.09 0.999582
1508500000 29793.7 -0.060449 5000.09 0.999578
1508600000 29793.7 -0.235587 5000.12 0.99956
1508700000 29793.7 -0.0303553 5000.08 0.999565
1508800000 29793.7 -0.0999939 5000.09 0.999559
1508900000 29793.7 0.399852 5000.01 0.999661
1509000000 29793.7 -0.0829098 5000.09 0.999582
1509100000 29793.7 0.551946 4999.98 0.999679
1509200000 29793.7 -0.150289 5000.1 0.99957
1509300000 29793.7 -0.120362 5000.1 0.999567
1509400000 29793.7 -0.116047 5000.1 0.999559
1509500000 29793.7 -0.147827 5000.1 0.999603
1509600000 29793.7 -0.0636921 5000.09 0.999583
1509700000 29793.7 -0.0555001 5000.09 0.999587
1509800000 29793.7 -0.162256 5000.1 0.999568
1509900000 29793.7 -0.0868475 5000.09 0.999576
1510000000 29793.7 1.99483 4999.74 0.999858
1510100000 29793.7 0.0804141 5000.06 0.999611
1510200000 29793.7 -0.091137 5000.09 0.999563
1510300000 29793.7 0.785808 4999.95 0.999724
1510400000 29793.7 0.112586 5000.06 0.99963
1510500000 29793.7 -0.0322965 5000.08 0.999565
1510600000 29793.7 -0.160002 5000.1 0.999577
1510700000 29793.7 0.47509 5000 0.999708
1510800000 29793.7 0.0622479 5000.07 0.999627
1510900000 29793.7 -0.117075 5000.1 0.999564
1511000000 29793.7 -0.0314411 5000.08 0.999565
1511100000 29793.7 -0.162899 5000.1 0.999566
1511200000 29793.7 -0.137815 5000.1 0.999584
1511300000 29793.7 -0.131092 5000.1 0.999563
1511400000 29793.7 -0.03999 5000.08 0.999565
1511500000 29793.7 0.220248 5000.04 0.999674
1511600000 29793.7 -0.107532 5000.1 0.999559
1511700000 29793.7 -0.193026 5000.11 0.999559
1511800000 29793.7 0.836499 4999.94 0.999752
1511900000 29793.7 3.16359 4999.55 0.999983
1512000000 29793.7 -0.0777926 5000.09 0.999564
1512100000 29793.7 -0.183536 5000.11 0.999575
1512200000 29793.7 -0.0799951 5000.09 0.999566
1512300000 29793.7 -0.162588 5000.1 0.999575
1512400000 29793.7 -0.114559 5000.1 0.999576
1512500000 29793.7 -0.0519593 5000.09 0.999563
1512600000 29793.7 -0.0659096 5000.09 0.999561
1512700000 29793.7 -0.084209 5000.09 0.999565
1512800000 29793.7 0.25566 5000.03 0.999639
1512900000 29793.7 -0.145022 5000.1 0.999561
1513000000 29793.7 -0.0622211 5000.09 0.999564
1513100000 29793.7 -0.138805 5000.1 0.999588
1513200000 29793.7 -0.150512 5000.1 0.999569
1513300000 29793.7 -0.0336132 5000.08 0.999565
1513400000 29793.7 -0.144802 5000.1 0.999562
1513500000 29793.7 0.0535916 5000.07 0.999622
1513600000 29793.7 1.73264 4999.79 0.999826
1513700000 29793.7 -0.0602267 5000.09 0.999577
1513800000 29793.7 -0.1872 5000.11 0.999568
1513900000 29793.7 -0.064011 5000.09 0.99958
1514000000 29793.7 -0.0389711 5000.08 0.999623
1514100000 29793.7 -0.0226981 5000.08 0.999566
1514200000 29793.7 -0.0319636 5000.08 0.999584
1514300000 29793.7 -0.0981527 5000.09 0.999584
1514400000 29793.7 -0.188863 5000.11 0.99957
1514500000 29793.7 -0.156847 5000.1 0.999605
1514600000 29793.7 -0.0181156 5000.08 0.999566
1514700000 29793.7 -0.0904577 5000.09 0.999578
1514800000 29793.7 -0.0997055 5000.09 0.999577
1514900000 29793.7 -0.0413849 5000.08 0.999629
1515000000 29793.7 -0.0870401 5000.09 0.999562
1515100000 29793.7 -0.0850309 5000.09 0.99959
1515200000 29793.7 -0.0877427 5000.09 0.999565
1515300000 29793.7 -0.0644163 5000.09 0.999595
1515400000 29793.7 -0.0432992 5000.08 0.999614
1515500000 29793.7 -0.0902426 5000.09 0.999565
1515600000 29793.7 -0.057112 5000.09 0.999563
1515700000 29793.7 -0.0202311 5000.08 0.999566
1515800000 29793.7 -0.043372 5000.08 0.999564
1515900000 29793.7 0.262589 5000.03 0.99966
1516000000 29793.7 -0.0822674 5000.09 0.999565
1516100000 29793.7 0.26539 5000.03 0.999682
1516200000 29793.7 0.0391376 5000.07 0.999618
1516300000 29793.7 -0.0270291 5000.08 0.999566
1516400000 29793.7 1.0022 4999.91 0.999743
1516500000 29793.7 -0.152171 5000.1 0.999576
1516600000 29793.7 -0.0727695 5000.09 0.999562
1516700000 29793.7 -0.105542 5000.1 0.999562
1516800000 29793.7 0.0636373 5000.07 0.999606
1516900000 29793.7 -0.179756 5000.11 0.999562
1517000000 29793.7 -0.151462 5000.1 0.999581
1517100000 29793.7 -0.0586638 5000.09 0.999563
1517200000 29793.7 0.272994 5000.03 0.999651
1517300000 29793.7 -0.145143 5000.1 0.999573
1517400000 29793.7 -0.116326 5000.1 0.999564
1517500000 29793.7 0.295812 5000.03 0.999658
1517600000 29793.7 -0.014806 5000.08 0.999567
1517700000 29793.7 -0.208567 5000.11 0.999568
1517800000 29793.7 -0.0759834 5000.09 0.999599
1517900000 29793.7 -0.0919441 5000.09 0.999561
1518000000 29793.7 -0.100584 5000.09 0.999563
1518100000 29793.7 -0.0153336 5000.08 0.999567
1518200000 29793.7 0.672584 4999.96 0.999712
1518300000 29793.7 -0.105314 5000.1 0.999571
1518400000 29793.7 -0.0545292 5000.09 0.999566
1518500000 29793.7 0.552464 4999.98 0.999728
1518600000 29793.7 -0.259539 5000.12 0.999587
1518700000 29793.7 -0.123202 5000.1 0.999558
1518800000 29793.7 -0.00401914 5000.08 0.999591
1518900000 29793.7 -0.0109982 5000.08 0.999567
1519000000 29793.7 0.369068 5000.02 0.99967
1519100000 29793.7 -0.163715 5000.1 0.999556
1519200000 29793.7 -0.013954 5000.08 0.999595
1519300000 29793.7 -0.0640281 5000.09 0.99958
1519400000 29793.7 -0.171119 5000.11 0.999565
1519500000 29793.7 -0.062555 5000.09 0.999564
1519600000 29793.7 -0.0861732 5000.09 0.999592
1519700000 29793.7 1.10751 4999.89 0.999818
1519800000 29793.7 -0.199946 5000.11 0.999561
1519900000 29793.7 -0.206332 5000.11 0.999577
1520000000 29793.7 -0.189778 5000.11 0.999564
1520100000 29793.7 0.148659 5000.05 0.999642
1520200000 29793.7 -0.0732443 5000.09 0.999562
1520300000 29793.7 -0.0292581 5000.08 0.999586
1520400000 29793.7 -0.108005 5000.1 0.999561
1520500000 29793.7 -0.0730081 5000.09 0.999561
1520600000 29793.7 -0.0340496 5000.08 0.999638
1520700000 29793.7 -0.114009 5000.1 0.999573
1520800000 29793.7 -0.0740195 5000.09 0.999561
1520900000 29793.7 0.549568 4999.99 0.999712
1521000000 29793.7 -0.0120827 5000.08 0.999593
1521100000 29793.7 -0.0548633 5000.09 0.999563
1521200000 29793.7 -0.00888864 5000.08 0.999616
1521300000 29793.7 -0.0452175 5000.09 0.999599
1521400000 29793.7 -0.138096 5000.1 0.999567
1521500000 29793.7 -0.109172 5000.1 0.999568
1521600000 29793.7 -0.154834 5000.1 0.999569
1521700000 29793.7 -0.149322 5000.1 0.99957
1521800000 29793.7 -0.090112 5000.09 0.999569
1521900000 29793.7 0.235461 5000.04 0.999639
1522000000 29793.7 -0.301765 5000.13 0.999555
1522100000 29793.7 -0.177534 5000.11 0.999575
1522200000 29793.7 -0.0673079 5000.09 0.999568
1522300000 29793.7 -0.10282 5000.09 0.999575
1522400000 29793.7 1.77326 4999.78 0.999871
1522500000 29793.7 -0.169268 5000.11 0.999556
1522600000 29793.7 -0.0212574 5000.08 0.999566
1522700000 29793.7 -0.106822 5000.1 0.99956
1522800000 29793.7 1.07495 4999.9 0.999747
1522900000 29793.7 0.221452 5000.04 0.999645
1523000000 29793.7 -0.174382 5000.11 0.999557
1523100000 29793.7 -0.115664 5000.1 0.999569
1523200000 29793.7 -0.170034 5000.11 0.999564
1523300000 29793.7 -0.11177 5000.1 0.999568
1523400000 29793.7 -0.0883741 5000.09 0.999567
1523500000 29793.7 0.0262931 5000.07 0.999628
1523600000 29793.7 -0.0597982 5000.09 0.999562
1523700000 29793.7 8.36087e-05 5000.08 0.999619
1523800000 29793.7 -0.10557 5000.1 0.99956
1523900000 29793.7 -0.159163 5000.1 0.99956
1524000000 29793.7 0.104665 5000.06 0.999682
1524100000 29793.7 -0.0883736 5000.09 0.999562
1524200000 29793.7 1.07302 4999.9 0.999852
1524300000 29793.7 -0.168798 5000.11 0.999569
1524400000 29793.7 -0.0540548 5000.09 0.999581
1524500000 29793.7 -0.111712 5000.1 0.999561
1524600000 29793.7 -0.0304228 5000.08 0.999565
1524700000 29793.7 0.0367748 5000.07 0.999624
1524800000 29793.7 1.20384 4999.88 0.99981
1524900000 29793.7 -0.064673 5000.09 0.999578
1525000000 29793.7 -0.096253 5000.09 0.999561
1525100000 29793.7 -0.176211 5000.11 0.999568
1525200000 29793.7 -0.137516 5000.1 0.999562
1525300000 29793.7 0.733658 4999.95 0.999706
1525400000 29793.7 0.814894 4999.94 0.999715
1525500000 29793.7 3.65814 4999.46 1.00002
1525600000 29793.7 -0.0903422 5000.09 0.99958
1525700000 29793.7 -0.125932 5000.1 0.999561
1525800000 29793.7 -0.0438195 5000.08 0.999564
1525900000 29793.7 0.110447 5000.06 0.999626
1526000000 29793.7 -0.0677523 5000.09 0.999594
1526100000 29793.7 -0.055108 5000.09 0.999601
1526200000 29793.7 -0.149086 5000.1 0.999558
1526300000 29793.7 0.129663 5000.06 0.999623
1526400000 29793.7 -0.131078 5000.1 0.999561
1526500000 29793.7 -0.0493887 5000.09 0.999564
1526600000 29793.7 0.226734 5000.04 0.999702
1526700000 29793.7 -0.234859 5000.12 0.999561
1526800000 29793.7 -0.0935001 5000.09 0.999614
1526900000 29793.7 -0.128819 5000.1 0.999559
1527000000 29793.7 -0.153573 5000.1 0.999586
1527100000 29793.7 -0.0551156 5000.09 0.999566
1527200000 29793.7 -0.094791 5000.09 0.999564
1527300000 29793.7 -0.0758987 5000.09 0.999561
1527400000 29793.7 1.37269 4999.85 0.999828
1527500000 29793.7 0.0723811 5000.07 0.99965
1527600000 29793.7 -0.191327 5000.11 0.999561
1527700000 29793.7 -0.130827 5000.1 0.999567
1527800000 29793.7 -0.0440427 5000.08 0.999564
1527900000 29793.7 -0.0931884 5000.09 0.99956
1528000000 29793.7 0.197688 5000.04 0.999673
1528100000 29793.7 0.180414 5000.05 0.999697
1528200000 29793.7 -0.0577311 5000.09 0.999592
1528300000 29793.7 -0.128548 5000.1 0.999595
1528400000 29793.7 1.43546 4999.84 0.999797
1528500000 29793.7 -0.0948211 5000.09 0.999561
1528600000 29793.7 -0.209978 5000.11 0.999561
1528700000 29793.7 0.647877 4999.97 0.999749
1528800000 29793.7 -0.104041 5000.09 0.999594
1528900000 29793.7 -0.0199096 5000.08 0.999566
1529000000 29793.7 -0.0673397 5000.09 0.999562
1529100000 29793.7 -0.160304 5000.1 0.999558
1529200000 29793.7 -0.0665761 5000.09 0.999562
1529300000 29793.7 -0.149488 5000.1 0.999586
1529400000 29793.7 2.68781 4999.63 0.999984
1529500000 29793.7 0.10573 5000.06 0.99962
1529600000 29793.7 0.166185 5000.05 0.999632
1529700000 29793.7 -0.235283 5000.12 0.999573
1529800000 29793.7 -0.0559857 5000.09 0.999574
1529900000 29793.7 -0.0533583 5000.09 0.999564
1530000000 29793.7 -0.141294 5000.1 0.999564
1530100000 29793.7 -0.17914 5000.11 0.999556
1530200000 29793.7 -0.0788051 5000.09 0.999571
1530300000 29793.7 0.0984765 5000.06 0.999621
1530400000 29793.7 -0.118674 5000.1 0.999581
1530500000 29793.7 0.00447531 5000.08 0.99961
1530600000 29793.7 -0.0604986 5000.09 0.999586
1530700000 29793.7 -0.0538674 5000.09 0.999563
1530800000 29793.7 1.02779 4999.91 0.999754
1530900000 29793.7 -0.0628348 5000.09 0.999564
1531000000 29793.7 -0.121969 5000.1 0.999612
1531100000 29793.7 0.729145 4999.96 0.999719
1531200000 29793.7 0.69352 4999.96 0.999774
1531300000 29793.7 -0.241209 5000.12 0.99956
1531400000 29793.7 0.62941 4999.97 0.999695
1531500000 29793.7 -0.168491 5000.11 0.999596
1531600000 29793.7 -0.163046 5000.1 0.999577
1531700000 29793.7 -0.169109 5000.11 0.99957
1531800000 29793.7 -0.101258 5000.09 0.999569
1531900000 29793.7 3.06011 4999.56 1.00001
1532000000 29793.7 -0.290554 5000.13 0.999569
1532100000 29793.7 -0.162896 5000.1 0.999584
1532200000 29793.7 -0.18324 5000.11 0.999576
1532300000 29793.7 -0.149659 5000.1 0.999615
1532400000 29793.7 6.52447 4998.98 1.00031
1532500000 29793.7 0.0184757 5000.07 0.999615
1532600000 29793.7 -0.142696 5000.1 0.99957
1532700000 29793.7 0.251078 5000.04 0.999644
1532800000 29793.7 -0.12294 5000.1 0.999589
1532900000 29793.7 0.359771 5000.02 0.999701
1533000000 29793.7 0.0514443 5000.07 0.999623
1533100000 29793.7 1.04572 4999.9 0.999743
1533200000 29793.7 0.522806 4999.99 0.99968
1533300000 29793.7 -0.199731 5000.11 0.999587
1533400000 29793.7 0.200026 5000.04 0.999629
1533500000 29793.7 -0.0772341 5000.09 0.99961
1533600000 29793.7 -0.169669 5000.11 0.999589
1533700000 29793.7 -0.159317 5000.1 0.999571
1533800000 29793.7 1.63396 4999.8 0.999858
1533900000 29793.7 0.229178 5000.04 0.99964
1534000000 29793.7 1.39694 4999.84 0.999817
1534100000 29793.7 0.264163 5000.03 0.999648
1534200000 29793.7 -0.156499 5000.1 0.999569
1534300000 29793.7 -0.111889 5000.1 0.999562
1534400000 29793.7 -0.222413 5000.11 0.999565
1534500000 29793.7 -0.0546562 5000.09 0.999564
1534600000 29793.7 1.38277 4999.85 0.999798
1534700000 29793.7 -0.1431 5000.1 0.999569
1534800000 29793.7 0.654525 4999.97 0.999693
1534900000 29793.7 -0.0944064 5000.09 0.99956
1535000000 29793.7 -0.0937415 5000.09 0.99956
1535100000 29793.7 0.376663 5000.01 0.99968
1535200000 29793.7 -0.168588 5000.11 0.999578
1535300000 29793.7 0.599301 4999.98 0.999709
1535400000 29793.7 -0.0172592 5000.08 0.999566
1535500000 29793.7 -0.0947466 5000.09 0.999582
1535600000 29793.7 -0.0376035 5000.08 0.999565
1535700000 29793.7 -0.0888051 5000.09 0.9996
1535800000 29793.7 -0.267693 5000.12 0.999567
1535900000 29793.7 -0.190518 5000.11 0.999566
1536000000 29793.7 -0.126938 5000.1 0.999561
1536100000 29793.7 -0.0500757 5000.09 0.999602
1536200000 29793.7 0.924352 4999.92 0.999733
1536300000 29793.7 0.0449553 5000.07 0.999663
1536400000 29793.7 -0.18337 5000.11 0.999556
1536500000 29793.7 1.13463 4999.89 0.999824
1536600000 29793.7 -0.159552 5000.1 0.999573
1536700000 29793.7 -0.101503 5000.09 0.99957
1536800000 29793.7 -0.123891 5000.1 0.999574
1536900000 29793.7 -0.0136045 5000.08 0.999609
1537000000 29793.7 0.0885945 5000.06 0.999616
1537100000 29793.7 -0.0295728 5000.08 0.999591
1537200000 29793.7 1.24227 4999.87 0.99977
1537300000 29793.7 -0.0152357 5000.08 0.999644
1537400000 29793.7 -0.00932942 5000.08 0.999567
1537500000 29793.7 -0.132749 5000.1 0.999558
1537600000 29793.7 -0.239594 5000.12 0.999601
1537700000 29793.7 -0.118463 5000.1 0.999569
1537800000 29793.7 0.377241 5000.01 0.999702
1537900000 29793.7 -0.056799 5000.09 0.999563
1538000000 29793.7 -0.204175 5000.11 0.999563
1538100000 29793.7 -0.169172 5000.11 0.999557
1538200000 29793.7 -0.0194623 5000.08 0.999566
1538300000 29793.7 0.663539 4999.97 0.999712
1538400000 29793.7 3.08744 4999.56 1.00003
1538500000 29793.7 0.433091 5000 0.999662
1538600000 29793.7 -0.0969831 5000.09 0.999561
1538700000 29793.7 -0.0468472 5000.09 0.999564
1538800000 29793.7 1.4235 4999.84 0.999876
1538900000 29793.7 -0.160395 5000.1 0.999578
1539000000 29793.7 -0.0604423 5000.09 0.999568
1539100000 29793.7 -0.162516 5000.1 0.999564
1539200000 29793.7 -0.0486399 5000.09 0.999564
1539300000 29793.7 0.778762 4999.95 0.999745
1539400000 29793.7 -0.0995271 5000.09 0.999563
1539500000 29793.7 -0.148383 5000.1 0.999596
1539600000 29793.7 -0.00676601 5000.08 0.999568
1539700000 29793.7 -0.133574 5000.1 0.999567
1539800000 29793.7 -0.118458 5000.1 0.999589
1539900000 29793.7 -0.027219 5000.08 0.999608
1540000000 29793.7 -0.0799761 5000.09 0.999561
1540100000 29793.7 -0.0336138 5000.08 0.999566
1540200000 29793.7 0.0772969 5000.06 0.999631
1540300000 29793.7 1.9267 4999.75 0.999879
1540400000 29793.7 -0.246265 5000.12 0.999595
1540500000 29793.7 -0.313041 5000.13 0.999567
1540600000 29793.7 0.0273956 5000.07 0.999605
1540700000 29793.7 1.75925 4999.78 0.99983
1540800000 29793.7 -0.0766232 5000.09 0.999605
1540900000 29793.7 -0.0322954 5000.08 0.999565
1541000000 29793.7 -0.0506059 5000.09 0.9996
1541100000 29793.7 -0.132653 5000.1 0.999561
1541200000 29793.7 -0.161551 5000.1 0.999594
1541300000 29793.7 -0.0196994 5000.08 0.999566
1541400000 29793.7 2.04787 4999.73 0.999893
1541500000 29793.7 -0.102857 5000.09 0.999584
1541600000 29793.7 -0.0202057 5000.08 0.999625
1541700000 29793.7 0.231195 5000.04 0.999681
1541800000 29793.7 -0.183885 5000.11 0.999604
1541900000 29793.7 0.423163 5000.01 0.999674
1542000000 29793.7 -0.100269 5000.09 0.999581
1542100000 29793.7 -0.121639 5000.1 0.999562
1542200000 29793.7 -0.101991 5000.09 0.999564
1542300000 29793.7 -0.109371 5000.1 0.999566
1542400000 29793.7 0.0287175 5000.07 0.999612
1542500000 29793.7 -0.0999096 5000.09 0.999587
1542600000 29793.7 0.0957441 5000.06 0.999628
1542700000 29793.7 -0.0360778 5000.08 0.999565
1542800000 29793.7 0.317933 5000.02 0.999674
1542900000 29793.7 -0.0258275 5000.08 0.999566
1543000000 29793.7 -0.0667886 5000.09 0.999562
1543100000 29793.7 -0.0745735 5000.09 0.999562
1543200000 29793.7 0.146662 5000.05 0.999626
1543300000 29793.7 -0.130143 5000.1 0.99957
1543400000 29793.7 -0.0103832 5000.08 0.999602
1543500000 29793.7 -0.0982919 5000.09 0.99956
1543600000 29793.7 0.00688011 5000.08 0.999599
1543700000 29793.7 -0.19594 5000.11 0.99958
1543800000 29793.7 -0.120719 5000.1 0.999563
1543900000 29793.7 -0.0883188 5000.09 0.999562
1544000000 29793.7 -0.0942277 5000.09 0.999574
1544100000 29793.7 -0.0771998 5000.09 0.999601
1544200000 29793.7 0.162046 5000.05 0.999647
1544300000 29793.7 -0.0501307 5000.09 0.999564
1544400000 29793.7 0.0145429 5000.08 0.999607
1544500000 29793.7 -0.161534 5000.1 0.999587
1544600000 29793.7 -0.0780816 5000.09 0.999575
1544700000 29793.7 -0.1895 5000.11 0.999552
1544800000 29793.7 -0.170026 5000.11 0.999571
1544900000 29793.7 0.227297 5000.04 0.999685
1545000000 29793.7 -0.203822 5000.11 0.99957
1545100000 29793.7 -0.0541848 5000.09 0.999588
1545200000 29793.7 -0.0562906 5000.09 0.999574
1545300000 29793.7 -0.102929 5000.09 0.999601
1545400000 29793.7 -0.158672 5000.1 0.999572
1545500000 29793.7 -0.0104802 5000.08 0.999597
1545600000 29793.7 -0.0456713 5000.09 0.999564
1545700000 29793.7 -0.0984687 5000.09 0.999561
1545800000 29793.7 0.522706 4999.99 0.999704
1545900000 29793.7 -0.0775463 5000.09 0.999612
1546000000 29793.7 0.120946 5000.06 0.999636
1546100000 29793.7 -0.0460497 5000.09 0.999564
1546200000 29793.7 -0.0499974 5000.09 0.999614
1546300000 29793.7 -0.1982 5000.11 0.999559
1546400000 29793.7 -0.0810855 5000.09 0.999562
1546500000 29793.7 -0.071927 5000.09 0.999568
1546600000 29793.7 -0.0214537 5000.08 0.999592
1546700000 29793.7 -0.158614 5000.1 0.999562
1546800000 29793.7 0.069249 5000.07 0.999628
1546900000 29793.7 -0.146152 5000.1 0.999563
1547000000 29793.7 0.0203022 5000.07 0.999645
1547100000 29793.7 -0.0896711 5000.09 0.999561
1547200000 29793.7 2.68438 4999.63 0.999982
1547300000 29793.7 -0.10437 5000.1 0.999571
1547400000 29793.7 -0.0770683 5000.09 0.999565
1547500000 29793.7 -0.022523 5000.08 0.999566
1547600000 29793.7 -0.114664 5000.1 0.99959
1547700000 29793.7 -0.0284204 5000.08 0.999606
1547800000 29793.7 -0.0827348 5000.09 0.99956
1547900000 29793.7 -0.177972 5000.11 0.999557
1548000000 29793.7 -0.0532853 5000.09 0.999565
1548100000 29793.7 0.289238 5000.03 0.999663
1548200000 29793.7 1.14049 4999.89 0.999775
1548300000 29793.7 -0.139916 5000.1 0.999576
1548400000 29793.7 -0.0483012 5000.09 0.999565
1548500000 29793.7 -0.106419 5000.1 0.999562
1548600000 29793.7 -0.117524 5000.1 0.999563
1548700000 29793.7 -0.104034 5000.09 0.99956
1548800000 29793.7 0.0673634 5000.07 0.999619
1548900000 29793.7 -0.0843723 5000.09 0.999617
1549000000 29793.7 -0.0376751 5000.08 0.999564
1549100000 29793.7 -0.0294157 5000.08 0.999565
1549200000 29793.7 0.273433 5000.03 0.999643
1549300000 29793.7 -0.0677273 5000.09 0.999566
1549400000 29793.7 0.866161 4999.93 0.999729
1549500000 29793.7 -0.121137 5000.1 0.999562
1549600000 29793.7 3.07966 4999.56 0.999981
1549700000 29793.7 -0.0472311 5000.09 0.999563
1549800000 29793.7 0.0932205 5000.06 0.999645
1549900000 29793.7 0.570572 4999.98 0.999718
1550000000 29793.7 -0.119554 5000.1 0.999562
1550100000 29793.7 -0.196218 5000.11 0.999569
1550200000 29793.7 -0.0854343 5000.09 0.999564
1550300000 29793.7 0.755731 4999.95 0.999726
1550400000 29793.7 -0.00609991 5000.08 0.999568
1550500000 29793.7 -0.0544518 5000.09 0.999564
1550600000 29793.7 -0.0809649 5000.09 0.999592
1550700000 29793.7 -0.0976858 5000.09 0.99957
1550800000 29793.7 -0.12902 5000.1 0.999559
1550900000 29793.7 -0.088415 5000.09 0.999574
1551000000 29793.7 -0.0520212 5000.09 0.999563
1551100000 29793.7 -0.123179 5000.1 0.999576
1551200000 29793.7 -0.0357349 5000.08 0.999565
1551300000 29793.7 -0.0487106 5000.09 0.999564
1551400000 29793.7 0.644412 4999.97 0.999701
1551500000 29793.7 -0.0864632 5000.09 0.999576
1551600000 29793.7 0.875922 4999.93 0.999758
1551700000 29793.7 0.160859 5000.05 0.999622
1551800000 29793.7 0.107542 5000.06 0.999623
1551900000 29793.7 -0.160213 5000.1 0.999559
1552000000 29793.7 0.638344 4999.97 0.999739
1552100000 29793.7 -0.166478 5000.11 0.999561
1552200000 29793.7 -0.128069 5000.1 0.999565
1552300000 29793.7 0.0451988 5000.07 0.999649
1552400000 29793.7 0.725289 4999.96 0.999765
1552500000 29793.7 -0.0662162 5000.09 0.9996
1552600000 29793.7 -0.111927 5000.1 0.999563
1552700000 29793.7 -0.111327 5000.1 0.999576
1552800000 29793.7 -0.0719719 5000.09 0.999574
1552900000 29793.7 -0.132167 5000.1 0.999558
1553000000 29793.7 -0.124832 5000.1 0.999575
1553100000 29793.7 -0.0497154 5000.09 0.999563
1553200000 29793.7 -0.136567 5000.1 0.999583
1553300000 29793.7 -0.13731 5000.1 0.999564
1553400000 29793.7 -0.0503327 5000.09 0.999565
1553500000 29793.7 -0.0914931 5000.09 0.999562
1553600000 29793.7 -0.162473 5000.1 0.999571
1553700000 29793.7 0.00464425 5000.08 0.999593
1553800000 29793.7 -0.0707871 5000.09 0.999569
1553900000 29793.7 -0.1366 5000.1 0.999575
1554000000 29793.7 -0.0723816 5000.09 0.999569
1554100000 29793.7 -0.092962 5000.09 0.999575
1554200000 29793.7 -0.236946 5000.12 0.99956
1554300000 29793.7 -0.054428 5000.09 0.999563
1554400000 29793.7 0.253055 5000.04 0.999636
1554500000 29793.7 -0.0215031 5000.08 0.999585
1554600000 29793.7 -0.164249 5000.11 0.999574
1554700000 29793.7 -0.0658288 5000.09 0.999584
1554800000 29793.7 -0.111026 5000.1 0.999576
1554900000 29793.7 0.668838 4999.97 0.999708
1555000000 29793.7 0.284507 5000.03 0.999676
1555100000 29793.7 -0.13603 5000.1 0.999569
1555200000 29793.7 0.808673 4999.94 0.999719
1555300000 29793.7 -0.100781 5000.09 0.999571
1555400000 29793.7 -0.121968 5000.1 0.999562
1555500000 29793.7 -0.076433 5000.09 0.999562
1555600000 29793.7 -0.0547139 5000.09 0.999563
1555700000 29793.7 0.214265 5000.04 0.999635
1555800000 29793.7 -0.0540613 5000.09 0.999565
1555900000 29793.7 -0.10395 5000.09 0.999618
1556000000 29793.7 -0.134313 5000.1 0.999567
1556100000 29793.7 -0.0814918 5000.09 0.999561
1556200000 29793.7 -0.162 5000.1 0.999562
1556300000 29793.7 0.50886 4999.99 0.99968
1556400000 29793.7 -0.0552059 5000.09 0.999564
1556500000 29793.7 -0.128554 5000.1 0.999566
1556600000 29793.7 -0.162719 5000.1 0.999561
1556700000 29793.7 0.813334 4999.94 0.999715
1556800000 29793.7 -0.0607386 5000.09 0.999624
1556900000 29793.7 2.36841 4999.68 0.99995
1557000000 29793.7 -0.157814 5000.1 0.999557
1557100000 29793.7 0.390972 5000.01 0.999664
1557200000 29793.7 -0.035687 5000.08 0.999564
1557300000 29793.7 -0.0912488 5000.09 0.999591
1557400000 29793.7 -0.0957764 5000.09 0.999563
1557500000 29793.7 -0.0814718 5000.09 0.999562
1557600000 29793.7 -0.117557 5000.1 0.999563
1557700000 29793.7 -0.179004 5000.11 0.999565
1557800000 29793.7 0.0042565 5000.08 0.999659
1557900000 29793.7 -0.113122 5000.1 0.999571
1558000000 29793.7 -0.0289904 5000.08 0.999565
1558100000 29793.7 -0.0660882 5000.09 0.999565
1558200000 29793.7 -0.123739 5000.1 0.99956
1558300000 29793.7 -0.0553849 5000.09 0.999563
1558400000 29793.7 -0.117712 5000.1 0.999565
1558500000 29793.7 -0.105484 5000.1 0.999561
1558600000 29793.7 -0.222747 5000.11 0.999558
1558700000 29793.7 0.247338 5000.04 0.999634
1558800000 29793.7 -0.0268916 5000.08 0.999566
1558900000 29793.7 -0.160776 5000.1 0.999573
1559000000 29793.7 -0.0105833 5000.08 0.999567
1559100000 29793.7 -0.187053 5000.11 0.999587
1559200000 29793.7 -0.132126 5000.1 0.99956
1559300000 29793.7 -0.0887222 5000.09 0.999586
1559400000 29793.7 -0.0998875 5000.09 0.999567
1559500000 29793.7 0.215561 5000.04 0.99965
1559600000 29793.7 -0.00891983 5000.08 0.999567
1559700000 29793.7 -0.0751458 5000.09 0.999564
1559800000 29793.7 -0.102833 5000.09 0.999586
1559900000 29793.7 2.22633 4999.7 0.999903
1560000000 29793.7 0.459077 5000 0.999676
1560100000 29793.7 -0.0352451 5000.08 0.999587
1560200000 29793.7 0.607846 4999.98 0.999688
1560300000 29793.7 -0.118591 5000.1 0.999572
1560400000 29793.7 0.0103926 5000.08 0.999603
1560500000 29793.7 -0.180845 5000.11 0.999571
1560600000 29793.7 7.57458 4998.81 1.00036
1560700000 29793.7 0.261509 5000.03 0.999666
1560800000 29793.7 -0.0433038 5000.08 0.999565
1560900000 29793.7 -0.0311662 5000.08 0.999566
1561000000 29793.7 -0.143258 5000.1 0.999567
1561100000 29793.7 -0.122835 5000.1 0.999567
1561200000 29793.7 -0.098019 5000.09 0.999561
1561300000 29793.7 -0.102008 5000.09 0.999561
1561400000 29793.7 -0.144906 5000.1 0.999578
1561500000 29793.7 -0.158161 5000.1 0.999559
1561600000 29793.7 -0.052869 5000.09 0.999608
1561700000 29793.7 -0.155825 5000.1 0.999628
1561800000 29793.7 -0.144356 5000.1 0.99957
1561900000 29793.7 -0.130668 5000.1 0.999567
1562000000 29793.7 -0.155857 5000.1 0.999566
1562100000 29793.7 -0.173773 5000.11 0.999559
1562200000 29793.7 -0.167035 5000.11 0.999583
1562300000 29793.7 1.41284 4999.84 0.999814
1562400000 29793.7 -0.183996 5000.11 0.999595
1562500000 29793.7 -0.129739 5000.1 0.99956
1562600000 29793.7 -0.0912584 5000.09 0.999568
1562700000 29793.7 -0.174501 5000.11 0.999563
1562800000 29793.7 0.71835 4999.96 0.999719
1562900000 29793.7 -0.0633336 5000.09 0.999563
1563000000 29793.7 -0.121454 5000.1 0.999571
1563100000 29793.7 -0.136594 5000.1 0.999559
1563200000 29793.7 0.119038 5000.06 0.999681
1563300000 29793.7 1.33257 4999.85 0.999811
1563400000 29793.7 -0.0710697 5000.09 0.999562
1563500000 29793.7 -0.220715 5000.11 0.999561
1563600000 29793.7 0.879069 4999.93 0.999727
1563700000 29793.7 -0.208304 5000.11 0.999567
1563800000 29793.7 1.49268 4999.83 0.999798
1563900000 29793.7 3.05274 4999.57 1.00002
1564000000 29793.7 0.183189 5000.05 0.999662
1564100000 29793.7 -0.100259 5000.09 0.99956
1564200000 29793.7 4.15908 4999.38 1.00016
1564300000 29793.7 0.152594 5000.05 0.999663
1564400000 29793.7 -0.242047 5000.12 0.999554
1564500000 29793.7 -0.0956384 5000.09 0.999561
1564600000 29793.7 -0.0422933 5000.08 0.999598
1564700000 29793.7 -0.0629432 5000.09 0.999562
1564800000 29793.7 1.65138 4999.8 0.999859
1564900000 29793.7 -0.132892 5000.1 0.999592
1565000000 29793.7 -0.0745852 5000.09 0.999607
1565100000 29793.7 -0.0408774 5000.08 0.999588
1565200000 29793.7 4.23829 4999.37 1.00014
1565300000 29793.7 -0.135037 5000.1 0.999577
1565400000 29793.7 -0.114779 5000.1 0.999563
1565500000 29793.7 -0.184297 5000.11 0.99956
1565600000 29793.7 0.0267733 5000.07 0.9996
1565700000 29793.7 -0.0574918 5000.09 0.999563
1565800000 29793.7 0.371263 5000.02 0.999693
1565900000 29793.7 0.104762 5000.06 0.999656
1566000000 29793.7 0.243891 5000.04 0.999642
1566100000 29793.7 -0.192457 5000.11 0.999569
1566200000 29793.7 0.698005 4999.96 0.999721
1566300000 29793.7 -0.171413 5000.11 0.999569
1566400000 29793.7 0.0405061 5000.07 0.999604
1566500000 29793.7 0.0496973 5000.07 0.999614
1566600000 29793.7 -0.225724 5000.12 0.999562
1566700000 29793.7 -0.167696 5000.11 0.999596
1566800000 29793.7 0.298757 5000.03 0.999674
1566900000 29793.7 -0.0835976 5000.09 0.999562
1567000000 29793.7 -0.130939 5000.1 0.99956
1567100000 29793.7 0.362704 5000.02 0.999673
1567200000 29793.7 -0.0402585 5000.08 0.999564
1567300000 29793.7 -0.140202 5000.1 0.999574
1567400000 29793.7 -0.0493922 5000.09 0.999617
1567500000 29793.7 -0.228881 5000.12 0.999564
1567600000 29793.7 0.610081 4999.98 0.999687
1567700000 29793.7 0.0289645 5000.07 0.999635
1567800000 29793.7 0.169353 5000.05 0.999673
1567900000 29793.7 2.62769 4999.64 0.999925
1568000000 29793.7 0.82176 4999.94 0.999717
1568100000 29793.7 -0.0719647 5000.09 0.999561
1568200000 29793.7 0.985927 4999.91 0.999787
1568300000 29793.7 0.106333 5000.06 0.999616
1568400000 29793.7 -0.152891 5000.1 0.999568
1568500000 29793.7 -0.11799 5000.1 0.999574
1568600000 29793.7 -0.0469153 5000.09 0.999564
1568700000 29793.7 0.114212 5000.06 0.999616
1568800000 29793.7 -0.123807 5000.1 0.99956
1568900000 29793.7 -0.238097 5000.12 0.999569
1569000000 29793.7 -0.084228 5000.09 0.999562
1569100000 29793.7 -0.0993853 5000.09 0.99957
1569200000 29793.7 -0.0763414 5000.09 0.999564
1569300000 29793.7 -0.139682 5000.1 0.999563
1569400000 29793.7 1.82934 4999.77 0.99991
1569500000 29793.7 -0.142259 5000.1 0.999561
1569600000 29793.7 -0.170708 5000.11 0.999562
1569700000 29793.7 -0.0629815 5000.09 0.999563
1569800000 29793.7 -0.167542 5000.11 0.999574
1569900000 29793.7 0.0702948 5000.07 0.999649
1570000000 29793.7 -0.0116627 5000.08 0.999567
1570100000 29793.7 1.05143 4999.9 0.99975
1570200000 29793.7 -0.0564577 5000.09 0.999562
1570300000 29793.7 0.13228 5000.06 0.999617
1570400000 29793.7 -0.0487877 5000.09 0.999564
1570500000 29793.7 1.73237 4999.79 0.999871
1570600000 29793.7 -0.232463 5000.12 0.999571
1570700000 29793.7 0.223708 5000.04 0.999684
1570800000 29793.7 -0.0313718 5000.08 0.999565
1570900000 29793.7 -0.0807122 5000.09 0.999579
1571000000 29793.7 -0.128111 5000.1 0.999558
1571100000 29793.7 0.142807 5000.05 0.999656
1571200000 29793.7 -0.0935166 5000.09 0.999572
1571300000 29793.7 -0.0661235 5000.09 0.999603
1571400000 29793.7 -0.158644 5000.1 0.999558
1571500000 29793.7 -0.0795333 5000.09 0.999574
1571600000 29793.7 -0.0854451 5000.09 0.99957
1571700000 29793.7 -0.0226194 5000.08 0.999566
1571800000 29793.7 1.62113 4999.81 0.999865
1571900000 29793.7 -0.0580136 5000.09 0.999563
1572000000 29793.7 0.09086 5000.06 0.999641
1572100000 29793.7 -0.110464 5000.1 0.999597
1572200000 29793.7 -0.0300818 5000.08 0.999565
1572300000 29793.7 -0.216866 5000.11 0.99958
1572400000 29793.7 -0.132271 5000.1 0.99957
1572500000 29793.7 -0.0767024 5000.09 0.999561
1572600000 29793.7 -0.133326 5000.1 0.999566
1572700000 29793.7 0.398207 5000.01 0.999671
1572800000 29793.7 0.0587712 5000.07 0.999636
1572900000 29793.7 -0.0787899 5000.09 0.999561
1573000000 29793.7 -0.0629955 5000.09 0.999563
1573100000 29793.7 -0.0848048 5000.09 0.999574
1573200000 29793.7 1.14752 4999.88 0.999824
1573300000 29793.7 -0.297379 5000.13 0.999578
1573400000 29793.7 -0.143092 5000.1 0.999589
1573500000 29793.7 -0.0552117 5000.09 0.999601
1573600000 29793.7 -0.150048 5000.1 0.999567
1573700000 29793.7 -0.146673 5000.1 0.99957
1573800000 29793.7 0.431105 5000.01 0.99967
1573900000 29793.7 -0.0379328 5000.08 0.999565
1574000000 29793.7 -0.0724105 5000.09 0.999568
1574100000 29793.7 -0.148865 5000.1 0.999561
1574200000 29793.7 -0.0855485 5000.09 0.999564
1574300000 29793.7 -0.128951 5000.1 0.999567
1574400000 29793.7 0.339248 5000.02 0.99966
1574500000 29793.7 -0.111514 5000.1 0.999563
1574600000 29793.7 -0.080406 5000.09 0.999619
1574700000 29793.7 -0.109451 5000.1 0.999586
1574800000 29793.7 -0.10298 5000.09 0.999561
1574900000 29793.7 -0.00247637 5000.08 0.999598
1575000000 29793.7 -0.161443 5000.1 0.999565
1575100000 29793.7 -0.204857 5000.11 0.999567
1575200000 29793.7 -0.162683 5000.1 0.999567
1575300000 29793.7 -0.115623 5000.1 0.999625
1575400000 29793.7 -0.152383 5000.1 0.999561
1575500000 29793.7 -0.108273 5000.1 0.999564
1575600000 29793.7 -0.178852 5000.11 0.999584
1575700000 29793.7 -0.057659 5000.09 0.999583
1575800000 29793.7 0.288758 5000.03 0.999642
1575900000 29793.7 0.0958543 5000.06 0.999613
1576000000 29793.7 -0.139089 5000.1 0.999558
1576100000 29793.7 0.507785 4999.99 0.999723
1576200000 29793.7 -0.0705361 5000.09 0.999562
1576300000 29793.7 -0.0543111 5000.09 0.999564
1576400000 29793.7 -0.0887625 5000.09 0.999578
1576500000 29793.7 0.142897 5000.05 0.999618
1576600000 29793.7 -0.0983273 5000.09 0.999584
1576700000 29793.7 -0.201598 5000.11 0.999577
1576800000 29793.7 -0.113098 5000.1 0.999577
1576900000 29793.7 -0.0383052 5000.08 0.999565
1577000000 29793.7 -0.128831 5000.1 0.999562
1577100000 29793.7 -0.0928311 5000.09 0.999562
1577200000 29793.7 -0.0697682 5000.09 0.999561
1577300000 29793.7 -0.108588 5000.1 0.999567
1577400000 29793.7 -0.10701 5000.1 0.999561
1577500000 29793.7 -0.250031 5000.12 0.999577
1577600000 29793.7 -0.113603 5000.1 0.999561
1577700000 29793.7 0.45807 5000 0.999694
1577800000 29793.7 -0.109341 5000.1 0.99956
1577900000 29793.7 -0.0765961 5000.09 0.999621
1578000000 29793.7 -0.0516664 5000.09 0.999566
1578100000 29793.7 -0.0203037 5000.08 0.999566
1578200000 29793.7 -0.0884973 5000.09 0.999561
1578300000 29793.7 0.736363 4999.95 0.999707
1578400000 29793.7 -0.13688 5000.1 0.999596
1578500000 29793.7 -0.0371209 5000.08 0.999565
1578600000 29793.7 -0.176772 5000.11 0.999567
1578700000 29793.7 -0.162419 5000.1 0.99958
1578800000 29793.7 -0.0922248 5000.09 0.999564
1578900000 29793.7 0.449333 5000 0.999668
1579000000 29793.7 0.102355 5000.06 0.999612
1579100000 29793.7 -0.151913 5000.1 0.999588
1579200000 29793.7 0.334126 5000.02 0.999675
1579300000 29793.7 1.82268 4999.77 0.999888
1579400000 29793.7 -0.0907884 5000.09 0.999563
1579500000 29793.7 -0.0788764 5000.09 0.999578
1579600000 29793.7 -0.111086 5000.1 0.99956
1579700000 29793.7 -0.0576744 5000.09 0.9996
1579800000 29793.7 0.0569408 5000.07 0.999623
1579900000 29793.7 -0.104958 5000.1 0.999558
1580000000 29793.7 -0.231943 5000.12 0.999557
1580100000 29793.7 -0.0206231 5000.08 0.999566
1580200000 29793.7 1.05454 4999.9 0.99975
1580300000 29793.7 1.14535 4999.89 0.999839
1580400000 29793.7 2.10694 4999.72 0.999865
1580500000 29793.7 1.40782 4999.84 0.9998
1580600000 29793.7 4.19029 4999.37 1.00007
1580700000 29793.7 -0.00693739 5000.08 0.99959
1580800000 29793.7 0.181147 5000.05 0.999634
1580900000 29793.7 -0.161857 5000.1 0.999565
1581000000 29793.7 2.70103 4999.62 0.999926
1581100000 29793.7 -0.0112135 5000.08 0.999567
1581200000 29793.7 -0.0672347 5000.09 0.999565
1581300000 29793.7 -0.121863 5000.1 0.999608
1581400000 29793.7 -0.038407 5000.08 0.999564
1581500000 29793.7 -0.182903 5000.11 0.999574
1581600000 29793.7 0.931121 4999.92 0.999779
1581700000 29793.7 0.825785 4999.94 0.999725
1581800000 29793.7 -0.187106 5000.11 0.999569
1581900000 29793.7 -0.0113405 5000.08 0.999567
1582000000 29793.7 1.95919 4999.75 0.999931
1582100000 29793.7 0.0687479 5000.07 0.999627
1582200000 29793.7 0.293924 5000.03 0.999642
1582300000 29793.7 -0.0462325 5000.09 0.999564
1582400000 29793.7 -0.175151 5000.11 0.99956
1582500000 29793.7 -0.145371 5000.1 0.999572
1582600000 29793.7 6.99546 4998.9 1.00055
1582700000 29793.7 -0.131327 5000.1 0.999583
1582800000 29793.7 -0.0721 5000.09 0.999581
1582900000 29793.7 -0.186494 5000.11 0.99958
1583000000 29793.7 2.85917 4999.6 1.00002
1583100000 29793.7 0.853114 4999.93 0.999754
1583200000 29793.7 -0.0878908 5000.09 0.999567
1583300000 29793.7 4.51104 4999.32 1.0001
1583400000 29793.7 0.0735053 5000.07 0.999629
1583500000 29793.7 -0.055032 5000.09 0.999565
1583600000 29793.7 -0.0712148 5000.09 0.999568
1583700000 29793.7 -0.109109 5000.1 0.999568
1583800000 29793.7 -0.0880928 5000.09 0.999561
1583900000 29793.7 -0.00968783 5000.08 0.9996
1584000000 29793.7 0.0835619 5000.06 0.999639
1584100000 29793.7 1.35052 4999.85 0.999855
1584200000 29793.7 0.153095 5000.05 0.999668
1584300000 29793.7 -0.182177 5000.11 0.999557
1584400000 29793.7 -0.0372602 5000.08 0.999588
1584500000 29793.7 -0.0827926 5000.09 0.999576
1584600000 29793.7 -0.146207 5000.1 0.999579
1584700000 29793.7 -0.0159747 5000.08 0.999567
1584800000 29793.7 -0.122963 5000.1 0.999584
1584900000 29793.7 0.282595 5000.03 0.999646
1585000000 29793.7 -0.0206553 5000.08 0.999566
1585100000 29793.7 -0.0971551 5000.09 0.999583
1585200000 29793.7 -0.123768 5000.1 0.999566
1585300000 29793.7 -0.055274 5000.09 0.999564
1585400000 29793.7 1.17563 4999.88 0.999761
1585500000 29793.7 -0.0776915 5000.09 0.999602
1585600000 29793.7 0.189566 5000.05 0.999658
1585700000 29793.7 -0.173302 5000.11 0.999559
1585800000 29793.7 -0.151058 5000.1 0.999559
1585900000 29793.7 0.498503 4999.99 0.999672
1586000000 29793.7 -0.126497 5000.1 0.999589
1586100000 29793.7 -0.0862462 5000.09 0.999561
1586200000 29793.7 1.24665 4999.87 0.999768
1586300000 29793.7 -0.143286 5000.1 0.999559
1586400000 29793.7 -0.0946191 5000.09 0.99959
1586500000 29793.7 -0.0117964 5000.08 0.999567
1586600000 29793.7 0.307135 5000.03 0.999662
1586700000 29793.7 -0.0128388 5000.08 0.999606
1586800000 29793.7 -0.183584 5000.11 0.999561
1586900000 29793.7 0.0117536 5000.08 0.999622
1587000000 29793.7 1.10489 4999.89 0.999754
1587100000 29793.7 0.277744 5000.03 0.999639
1587200000 29793.7 -0.119899 5000.1 0.999562
1587300000 29793.7 0.953938 4999.92 0.999732
1587400000 29793.7 -0.118108 5000.1 0.999573
1587500000 29793.7 -0.199135 5000.11 0.999559
1587600000 29793.7 -0.0638656 5000.09 0.999563
1587700000 29793.7 0.039896 5000.07 0.99961
1587800000 29793.7 -0.101337 5000.09 0.999559
1587900000 29793.7 -0.0530037 5000.09 0.99959
1588000000 29793.7 -0.0602016 5000.09 0.999605
1588100000 29793.7 0.00893346 5000.08 0.999643
1588200000 29793.7 -0.116069 5000.1 0.999561
1588300000 29793.7 -0.15348 5000.1 0.999562
1588400000 29793.7 -0.209783 5000.11 0.999561
1588500000 29793.7 0.0235368 5000.07 0.999636
1588600000 29793.7 0.841031 4999.94 0.999733
1588700000 29793.7 0.0778459 5000.06 0.999618
1588800000 29793.7 -0.18872 5000.11 0.999585
1588900000 29793.7 -0.0519161 5000.09 0.999563
1589000000 29793.7 -0.0807427 5000.09 0.999564
1589100000 29793.7 -0.203129 5000.11 0.999567
1589200000 29793.7 1.01153 4999.91 0.99974
1589300000 29793.7 0.071032 5000.07 0.999609
1589400000 29793.7 -0.00797479 5000.08 0.999609
1589500000 29793.7 -0.0448615 5000.09 0.999604
1589600000 29793.7 0.511938 4999.99 0.9997
1589700000 29793.7 0.254035 5000.03 0.999641
1589800000 29793.7 -0.186782 5000.11 0.999591
1589900000 29793.7 -0.0803412 5000.09 0.999563
1590000000 29793.7 2.10993 4999.72 0.999862
1590100000 29793.7 -0.40076 5000.14 0.999555
1590200000 29793.7 -0.0668987 5000.09 0.999562
1590300000 29793.7 -0.260864 5000.12 0.99958
1590400000 29793.7 -0.0545332 5000.09 0.999564
1590500000 29793.7 -0.177127 5000.11 0.999561
1590600000 29793.7 -0.0739847 5000.09 0.999565
1590700000 29793.7 -0.067131 5000.09 0.999562
1590800000 29793.7 1.8238 4999.77 0.999843
1590900000 29793.7 -0.134334 5000.1 0.999561
1591000000 29793.7 -0.125843 5000.1 0.999574
1591100000 29793.7 -0.173661 5000.11 0.999595
1591200000 29793.7 1.30044 4999.86 0.999816
1591300000 29793.7 -0.0633028 5000.09 0.999564
1591400000 29793.7 -0.0731789 5000.09 0.999562
1591500000 29793.7 0.322921 5000.02 0.999662
1591600000 29793.7 -0.0524836 5000.09 0.999597
1591700000 29793.7 2.40322 4999.67 0.999914
1591800000 29793.7 0.0090293 5000.08 0.999628
1591900000 29793.7 -0.157604 5000.1 0.999575
1592000000 29793.7 -0.257211 5000.12 0.999563
1592100000 29793.7 -0.136989 5000.1 0.999562
1592200000 29793.7 0.270029 5000.03 0.999669
1592300000 29793.7 0.441968 5000 0.999674
1592400000 29793.7 -0.0958116 5000.09 0.999561
1592500000 29793.7 -0.128814 5000.1 0.999561
1592600000 29793.7 -0.0863813 5000.09 0.999581
1592700000 29793.7 -0.13749 5000.1 0.999565
1592800000 29793.7 0.946144 4999.92 0.99976
1592900000 29793.7 -0.0766278 5000.09 0.99957
1593000000 29793.7 -0.12875 5000.1 0.99957
1593100000 29793.7 -0.0853493 5000.09 0.99957
1593200000 29793.7 -0.0519034 5000.09 0.999564
1593300000 29793.7 -0.0805925 5000.09 0.999563
1593400000 29793.7 -0.188182 5000.11 0.999558
1593500000 29793.7 -0.204324 5000.11 0.99957
1593600000 29793.7 -0.0870868 5000.09 0.999561
1593700000 29793.7 -0.111156 5000.1 0.999578
1593800000 29793.7 -0.0646843 5000.09 0.999564
1593900000 29793.7 -0.00858828 5000.08 0.999567
1594000000 29793.7 0.170141 5000.05 0.999661
1594100000 29793.7 -0.0510363 5000.09 0.999564
1594200000 29793.7 -0.113715 5000.1 0.999566
1594300000 29793.7 -0.110741 5000.1 0.999585
1594400000 29793.7 -0.114654 5000.1 0.99958
1594500000 29793.7 -0.206589 5000.11 0.999565
1594600000 29793.7 -0.0268994 5000.08 0.999614
1594700000 29793.7 -0.319661 5000.13 0.999588
1594800000 29793.7 -0.158535 5000.1 0.999564
1594900000 29793.7 -0.12626 5000.1 0.999564
1595000000 29793.7 1.41154 4999.84 0.999792
1595100000 29793.7 -0.147395 5000.1 0.999573
1595200000 29793.7 0.0217018 5000.07 0.999636
1595300000 29793.7 2.09682 4999.73 0.999909
1595400000 29793.7 -0.0705883 5000.09 0.999603
1595500000 29793.7 -0.0938113 5000.09 0.999564
1595600000 29793.7 -0.137216 5000.1 0.999559
1595700000 29793.7 0.0550868 5000.07 0.99961
1595800000 29793.7 -0.0570597 5000.09 0.999563
1595900000 29793.7 -0.150918 5000.1 0.99956
1596000000 29793.7 1.76653 4999.78 0.999858
1596100000 29793.7 0.292461 5000.03 0.999665
1596200000 29793.7 -0.0878981 5000.09 0.999561
1596300000 29793.7 -0.0640723 5000.09 0.999562
1596400000 29793.7 -0.176415 5000.11 0.99957
1596500000 29793.7 -0.00576738 5000.08 0.999568
1596600000 29793.7 0.0333746 5000.07 0.99965
1596700000 29793.7 -0.148367 5000.1 0.99956
1596800000 29793.7 -0.0799674 5000.09 0.999562
1596900000 29793.7 0.0541885 5000.07 0.99962
1597000000 29793.7 -0.0424473 5000.08 0.999565
1597100000 29793.7 1.1669 4999.88 0.999788
1597200000 29793.7 0.731677 4999.95 0.999729
1597300000 29793.7 1.3407 4999.85 0.999785
1597400000 29793.7 -0.06082 5000.09 0.999578
1597500000 29793.7 -0.178133 5000.11 0.999562
1597600000 29793.7 0.386731 5000.01 0.999657
1597700000 29793.7 -0.0029763 5000.08 0.999654
1597800000 29793.7 -0.0681831 5000.09 0.999569
1597900000 29793.7 -0.0448813 5000.09 0.999564
1598000000 29793.7 -0.121577 5000.1 0.999562
1598100000 29793.7 0.983315 4999.91 0.999779
1598200000 29793.7 -0.112075 5000.1 0.999561
1598300000 29793.7 -0.128623 5000.1 0.999563
1598400000 29793.7 -0.0894597 5000.09 0.999561
1598500000 29793.7 -0.0451731 5000.09 0.999591
1598600000 29793.7 -0.0875735 5000.09 0.999573
1598700000 29793.7 -0.123712 5000.1 0.999566
1598800000 29793.7 1.11524 4999.89 0.999815
1598900000 29793.7 -0.0296152 5000.08 0.999565
1599000000 29793.7 -0.129802 5000.1 0.999585
1599100000 29793.7 -0.201282 5000.11 0.999572
1599200000 29793.7 -0.176948 5000.11 0.999563
1599300000 29793.7 0.564761 4999.98 0.99971
1599400000 29793.7 0.974513 4999.91 0.999738
1599500000 29793.7 -0.0242538 5000.08 0.999566
1599600000 29793.7 0.310671 5000.03 0.999662
1599700000 29793.7 -0.169341 5000.11 0.999563
1599800000 29793.7 0.475565 5000 0.999739
1599900000 29793.7 -0.0527135 5000.09 0.999598
1600000000 29793.7 -0.160886 5000.1 0.999559
1600100000 29793.7 0.170397 5000.05 0.99964
1600200000 29793.7 -0.0508723 5000.09 0.999633
1600300000 29793.7 -0.11568 5000.1 0.99958
1600400000 29793.7 0.322573 5000.02 0.999655
1600500000 29793.7 -0.0853759 5000.09 0.999565
1600600000 29793.7 -0.0124858 5000.08 0.999567
1600700000 29793.7 -0.0611945 5000.09 0.999562
1600800000 29793.7 -0.120302 5000.1 0.999562
1600900000 29793.7 -0.0897301 5000.09 0.999561
1601000000 29793.7 -0.0825943 5000.09 0.999563
1601100000 29793.7 -0.0904063 5000.09 0.999571
1601200000 29793.7 0.346765 5000.02 0.999679
1601300000 29793.7 -0.084027 5000.09 0.999563
1601400000 29793.7 0.174149 5000.05 0.999625
1601500000 29793.7 -0.066413 5000.09 0.999563
1601600000 29793.7 0.325852 5000.02 0.999708
1601700000 29793.7 0.740686 4999.95 0.999757
1601800000 29793.7 2.86887 4999.6 1.00005
1601900000 29793.7 -0.0608672 5000.09 0.999593
1602000000 29793.7 -0.136107 5000.1 0.999563
1602100000 29793.7 1.1085 4999.89 0.999791
1602200000 29793.7 -0.145648 5000.1 0.999562
1602300000 29793.7 -0.0192375 5000.08 0.999566
1602400000 29793.7 -0.0904885 5000.09 0.999563
1602500000 29793.7 -0.0594382 5000.09 0.999596
1602600000 29793.7 -0.0645568 5000.09 0.999569
1602700000 29793.7 -0.191486 5000.11 0.999582
1602800000 29793.7 0.246958 5000.04 0.999674
1602900000 29793.7 1.29916 4999.86 0.999786
1603000000 29793.7 -0.0453345 5000.09 0.999565
1603100000 29793.7 0.519886 4999.99 0.999694
1603200000 29793.7 -0.069157 5000.09 0.999562
1603300000 29793.7 -0.135999 5000.1 0.999558
1603400000 29793.7 -0.128221 5000.1 0.999582
1603500000 29793.7 2.10563 4999.72 0.999931
1603600000 29793.7 -0.111985 5000.1 0.999581
1603700000 29793.7 -0.152074 5000.1 0.999566
1603800000 29793.7 -0.141536 5000.1 0.999562
1603900000 29793.7 -0.00544483 5000.08 0.999605
1604000000 29793.7 0.137826 5000.05 0.99965
1604100000 29793.7 -0.125334 5000.1 0.999577
1604200000 29793.7 -0.14004 5000.1 0.99956
1604300000 29793.7 -0.213624 5000.11 0.999558
1604400000 29793.7 -0.156333 5000.1 0.999572
1604500000 29793.7 -0.113768 5000.1 0.999566
1604600000 29793.7 -0.10004 5000.09 0.999572
1604700000 29793.7 -0.121083 5000.1 0.999564
1604800000 29793.7 -0.175331 5000.11 0.999566
1604900000 29793.7 -0.0413379 5000.08 0.999565
1605000000 29793.7 -0.130648 5000.1 0.999566
1605100000 29793.7 0.0401363 5000.07 0.999609
1605200000 29793.7 -0.135328 5000.1 0.999574
1605300000 29793.7 -0.00713972 5000.08 0.999568
1605400000 29793.7 -0.087898 5000.09 0.999565
1605500000 29793.7 -0.146859 5000.1 0.999559
1605600000 29793.7 0.0574177 5000.07 0.999621
1605700000 29793.7 -0.157697 5000.1 0.999567
1605800000 29793.7 -0.162439 5000.1 0.999561
1605900000 29793.7 -0.243853 5000.12 0.999581
1606000000 29793.7 0.0363092 5000.07 0.999609
1606100000 29793.7 -0.0466744 5000.09 0.999564
1606200000 29793.7 -0.049827 5000.09 0.999565
1606300000 29793.7 0.00444218 5000.08 0.999612
1606400000 29793.7 -0.183052 5000.11 0.999574
1606500000 29793.7 -0.127095 5000.1 0.999558
1606600000 29793.7 -0.0957275 5000.09 0.999561
1606700000 29793.7 0.905242 4999.93 0.999774
1606800000 29793.7 -0.0733707 5000.09 0.999561
1606900000 29793.7 -0.110472 5000.1 0.999577
1607000000 29793.7 -0.117161 5000.1 0.99956
1607100000 29793.7 -0.146134 5000.1 0.999559
1607200000 29793.7 -0.0508389 5000.09 0.999563
1607300000 29793.7 -0.113184 5000.1 0.999559
1607400000 29793.7 0.700852 4999.96 0.999704
1607500000 29793.7 -0.142744 5000.1 0.999597
1607600000 29793.7 -0.0849544 5000.09 0.999565
1607700000 29793.7 0.200355 5000.04 0.999641
1607800000 29793.7 -0.189717 5000.11 0.999556
1607900000 29793.7 -0.133512 5000.1 0.999562
1608000000 29793.7 -0.19414 5000.11 0.999561
1608100000 29793.7 -0.158622 5000.1 0.999569
1608200000 29793.7 0.772048 4999.95 0.999766
1608300000 29793.7 -0.101545 5000.09 0.999561
1608400000 29793.7 0.325966 5000.02 0.999672
1608500000 29793.7 1.24342 4999.87 0.999771
1608600000 29793.7 0.20067 5000.04 0.99964
1608700000 29793.7 -0.0664311 5000.09 0.999568
1608800000 29793.7 2.4091 4999.67 0.999893
1608900000 29793.7 -0.107902 5000.1 0.999564
1609000000 29793.7 -0.0519087 5000.09 0.999578
1609100000 29793.7 -0.178423 5000.11 0.999558
1609200000 29793.7 -0.103063 5000.09 0.999562
1609300000 29793.7 -0.0119383 5000.08 0.999567
1609400000 29793.7 0.43029 5000.01 0.999693
1609500000 29793.7 -0.0380737 5000.08 0.999565
1609600000 29793.7 -0.0938963 5000.09 0.99956
1609700000 29793.7 -0.0744843 5000.09 0.999578
1609800000 29793.7 -0.114054 5000.1 0.999565
1609900000 29793.7 -0.0966879 5000.09 0.999561
1610000000 29793.7 -0.092835 5000.09 0.999563
1610100000 29793.7 -0.0845788 5000.09 0.999561
1610200000 29793.7 0.12496 5000.06 0.999634
1610300000 29793.7 1.56571 4999.81 0.999813
1610400000 29793.7 -0.053965 5000.09 0.999563
1610500000 29793.7 -0.0435346 5000.08 0.999564
1610600000 29793.7 0.0835987 5000.06 0.999614
1610700000 29793.7 -0.0862207 5000.09 0.999562
1610800000 29793.7 -0.0686333 5000.09 0.999564
1610900000 29793.7 -0.0956229 5000.09 0.999581
1611000000 29793.7 -0.038591 5000.08 0.999564
1611100000 29793.7 0.968 4999.92 0.999776
1611200000 29793.7 0.476626 5000 0.999689
1611300000 29793.7 0.234579 5000.04 0.999657
1611400000 29793.7 -0.0661792 5000.09 0.999574
1611500000 29793.7 -0.0921938 5000.09 0.999591
1611600000 29793.7 0.506644 4999.99 0.999681
1611700000 29793.7 -0.125369 5000.1 0.99956
1611800000 29793.7 1.41824 4999.84 0.9998
1611900000 29793.7 -0.0307964 5000.08 0.99962
1612000000 29793.7 -0.0515387 5000.09 0.999624
1612100000 29793.7 -0.113267 5000.1 0.999579
1612200000 29793.7 1.6974 4999.79 0.999856
1612300000 29793.7 0.0336047 5000.07 0.99961
1612400000 29793.7 -0.130448 5000.1 0.99962
1612500000 29793.7 -0.0698748 5000.09 0.999625
1612600000 29793.7 0.454851 5000 0.999671
1612700000 29793.7 1.09433 4999.89 0.999763
1612800000 29793.7 -0.102306 5000.09 0.999561
1612900000 29793.7 -0.254275 5000.12 0.99956
1613000000 29793.7 -0.00649075 5000.08 0.999568
1613100000 29793.7 1.30148 4999.86 0.999841
1613200000 29793.7 5.47016 4999.16 1.00024
1613300000 29793.7 -0.022917 5000.08 0.999566
1613400000 29793.7 -0.0456755 5000.09 0.999563
1613500000 29793.7 -0.212702 5000.11 0.999566
1613600000 29793.7 -0.127634 5000.1 0.999571
1613700000 29793.7 -0.0643501 5000.09 0.999563
1613800000 29793.7 -0.140217 5000.1 0.999559
1613900000 29793.7 0.224722 5000.04 0.999632
1614000000 29793.7 -0.0464686 5000.09 0.999563
1614100000 29793.7 -0.15009 5000.1 0.999589
1614200000 29793.7 1.38759 4999.84 0.999893
1614300000 29793.7 -0.0177417 5000.08 0.999587
1614400000 29793.7 -0.119016 5000.1 0.999559
1614500000 29793.7 0.0188193 5000.07 0.999609
1614600000 29793.7 -0.0508476 5000.09 0.999564
1614700000 29793.7 -0.111532 5000.1 0.999575
1614800000 29793.7 -0.076403 5000.09 0.99957
1614900000 29793.7 -0.0574854 5000.09 0.999584
1615000000 29793.7 -0.201885 5000.11 0.999575
1615100000 29793.7 -0.0835946 5000.09 0.999564
1615200000 29793.7 -0.203518 5000.11 0.999562
1615300000 29793.7 -0.0435963 5000.08 0.999564
1615400000 29793.7 0.262858 5000.03 0.999664
1615500000 29793.7 0.576926 4999.98 0.999715
1615600000 29793.7 -0.0664317 5000.09 0.999562
1615700000 29793.7 -0.184194 5000.11 0.999568
1615800000 29793.7 -0.172314 5000.11 0.999564
1615900000 29793.7 0.00187842 5000.08 0.999616
1616000000 29793.7 -0.133562 5000.1 0.999595
1616100000 29793.7 -0.158318 5000.1 0.99956
1616200000 29793.7 -0.12949 5000.1 0.999573
1616300000 29793.7 0.360791 5000.02 0.999657
1616400000 29793.7 -0.114021 5000.1 0.999566
1616500000 29793.7 -0.126379 5000.1 0.999559
1616600000 29793.7 2.80986 4999.61 0.999959
1616700000 29793.7 -0.0983377 5000.09 0.99956
1616800000 29793.7 -0.0739033 5000.09 0.999562
1616900000 29793.7 -0.0376578 5000.08 0.999645
1617000000 29793.7 -0.240576 5000.12 0.999585
1617100000 29793.7 -0.267548 5000.12 0.999579
1617200000 29793.7 0.0542278 5000.07 0.999658
1617300000 29793.7 0.292379 5000.03 0.999646
1617400000 29793.7 -0.0251936 5000.08 0.999566
1617500000 29793.7 -0.0202826 5000.08 0.99959
1617600000 29793.7 -0.106936 5000.1 0.999589
1617700000 29793.7 -0.0485556 5000.09 0.999564
1617800000 29793.7 -0.111949 5000.1 0.999566
1617900000 29793.7 -0.0907767 5000.09 0.999565
1618000000 29793.7 -0.133207 5000.1 0.999564
1618100000 29793.7 -0.186262 5000.11 0.999573
1618200000 29793.7 -0.113573 5000.1 0.99956
1618300000 29793.7 0.205505 5000.04 0.999635
1618400000 29793.7 -0.0414846 5000.08 0.999564
1618500000 29793.7 -0.0248233 5000.08 0.999566
1618600000 29793.7 -0.0248575 5000.08 0.999566
1618700000 29793.7 -0.0412937 5000.08 0.999599
1618800000 29793.7 0.478214 5000 0.999699
1618900000 29793.7 -0.0496621 5000.09 0.999564
1619000000 29793.7 -0.094391 5000.09 0.999564
1619100000 29793.7 -0.158395 5000.1 0.99957
1619200000 29793.7 -0.145329 5000.1 0.999567
1619300000 29793.7 0.153446 5000.05 0.99965
1619400000 29793.7 -0.0462174 5000.09 0.999564
1619500000 29793.7 -0.0156179 5000.08 0.999566
1619600000 29793.7 -0.15912 5000.1 0.999581
1619700000 29793.7 0.00668633 5000.08 0.999635
1619800000 29793.7 -0.0861643 5000.09 0.999583
1619900000 29793.7 2.1191 4999.72 0.999895
1620000000 29793.7 2.19363 4999.71 0.999878
1620100000 29793.7 -0.0758325 5000.09 0.999562
1620200000 29793.7 -0.148398 5000.1 0.999563
1620300000 29793.7 2.67795 4999.63 0.999987
1620400000 29793.7 0.722795 4999.96 0.999704
1620500000 29793.7 -0.0547795 5000.09 0.999563
1620600000 29793.7 0.197249 5000.04 0.999631
1620700000 29793.7 -0.0794621 5000.09 0.999562
1620800000 29793.7 1.03011 4999.9 0.999743
1620900000 29793.7 0.0411064 5000.07 0.999604
1621000000 29793.7 1.84593 4999.77 0.999901
1621100000 29793.7 2.81254 4999.61 0.999968
1621200000 29793.7 3.53463 4999.48 1.00013
1621300000 29793.7 -0.175916 5000.11 0.999587
1621400000 29793.7 -0.114481 5000.1 0.999567
1621500000 29793.7 -0.0267384 5000.08 0.999565
1621600000 29793.7 -0.211355 5000.11 0.999568
1621700000 29793.7 -0.0917107 5000.09 0.999564
1621800000 29793.7 -0.0964132 5000.09 0.999564
1621900000 29793.7 -0.069209 5000.09 0.999561
1622000000 29793.7 -0.0765845 5000.09 0.9996
1622100000 29793.7 -0.212574 5000.11 0.999563
1622200000 29793.7 -0.210134 5000.11 0.999602
1622300000 29793.7 -0.077479 5000.09 0.999563
1622400000 29793.7 -0.244877 5000.12 0.999576
1622500000 29793.7 0.516424 4999.99 0.999678
1622600000 29793.7 -0.0157838 5000.08 0.99959
1622700000 29793.7 -0.0676199 5000.09 0.999633
1622800000 29793.7 -0.0700958 5000.09 0.999562
1622900000 29793.7 -0.0868731 5000.09 0.999567
1623000000 29793.7 0.250439 5000.04 0.999662
1623100000 29793.7 -0.14573 5000.1 0.999563
1623200000 29793.7 -0.106636 5000.1 0.999572
1623300000 29793.7 0.454323 5000 0.999671
1623400000 29793.7 0.183851 5000.05 0.999649
1623500000 29793.7 0.8836 4999.93 0.999753
1623600000 29793.7 -0.0966472 5000.09 0.999591
1623700000 29793.7 0.46209 5000 0.999675
1623800000 29793.7 -0.0197337 5000.08 0.9996
1623900000 29793.7 1.55588 4999.82 0.999808
1624000000 29793.7 -0.111256 5000.1 0.999582
1624100000 29793.7 -0.0682989 5000.09 0.999563
1624200000 29793.7 0.575213 4999.98 0.999701
1624300000 29793.7 -0.0457186 5000.09 0.999564
1624400000 29793.7 0.197024 5000.04 0.999645
1624500000 29793.7 -0.107321 5000.1 0.99956
1624600000 29793.7 -0.0463753 5000.09 0.999563
1624700000 29793.7 -0.19776 5000.11 0.999554
1624800000 29793.7 0.632963 4999.97 0.999754
1624900000 29793.7 -0.212871 5000.11 0.999585
1625000000 29793.7 0.0169556 5000.07 0.999635
1625100000 29793.7 0.0268397 5000.07 0.999652
1625200000 29793.7 -0.172333 5000.11 0.999562
1625300000 29793.7 -0.134801 5000.1 0.99956
1625400000 29793.7 -0.163215 5000.1 0.999559
1625500000 29793.7 -0.141166 5000.1 0.999558
1625600000 29793.7 0.47677 5000 0.999699
1625700000 29793.7 -0.0845404 5000.09 0.999562
1625800000 29793.7 2.24663 4999.7 0.999939
1625900000 29793.7 -0.119576 5000.1 0.999559
1626000000 29793.7 0.291571 5000.03 0.999658
1626100000 29793.7 -0.0764265 5000.09 0.999564
1626200000 29793.7 3.60596 4999.47 1.00002
1626300000 29793.7 -0.0913645 5000.09 0.999561
1626400000 29793.7 0.341319 5000.02 0.999661
1626500000 29793.7 -0.188941 5000.11 0.999564
1626600000 29793.7 -0.110162 5000.1 0.999564
1626700000 29793.7 -0.130498 5000.1 0.99956
1626800000 29793.7 0.261464 5000.03 0.99964
1626900000 29793.7 -0.0774705 5000.09 0.999561
1627000000 29793.7 0.189106 5000.05 0.99967
1627100000 29793.7 0.420421 5000.01 0.999666
1627200000 29793.7 -0.0741961 5000.09 0.999563
1627300000 29793.7 -0.0671571 5000.09 0.999572
1627400000 29793.7 -0.0945718 5000.09 0.999571
1627500000 29793.7 -0.153541 5000.1 0.999557
1627600000 29793.7 0.336834 5000.02 0.99968
1627700000 29793.7 -0.146181 5000.1 0.999576
1627800000 29793.7 -0.0628071 5000.09 0.999562
1627900000 29793.7 -0.0836752 5000.09 0.999581
1628000000 29793.7 -0.0712581 5000.09 0.999626
1628100000 29793.7 -0.0409904 5000.08 0.999564
1628200000 29793.7 -0.120617 5000.1 0.999567
1628300000 29793.7 0.0323632 5000.07 0.999636
1628400000 29793.7 -0.109978 5000.1 0.999559
1628500000 29793.7 1.24413 4999.87 0.999769
1628600000 29793.7 0.0305832 5000.07 0.999612
1628700000 29793.7 -0.12369 5000.1 0.999572
1628800000 29793.7 -0.11258 5000.1 0.999561
1628900000 29793.7 -0.0957796 5000.09 0.999581
1629000000 29793.7 0.034503 5000.07 0.999614
1629100000 29793.7 -0.149155 5000.1 0.999561
1629200000 29793.7 0.760248 4999.95 0.999715
1629300000 29793.7 0.0400419 5000.07 0.99963
1629400000 29793.7 0.758436 4999.95 0.999748
1629500000 29793.7 -0.0890738 5000.09 0.999565
1629600000 29793.7 -0.251109 5000.12 0.999566
1629700000 29793.7 -0.140984 5000.1 0.999579
1629800000 29793.7 -0.0434582 5000.08 0.999564
1629900000 29793.7 2.86503 4999.6 1.00003
1630000000 29793.7 -0.0859986 5000.09 0.999561
1630100000 29793.7 -0.197819 5000.11 0.999572
1630200000 29793.7 -0.0482915 5000.09 0.999564
1630300000 29793.7 -0.213613 5000.11 0.999555
1630400000 29793.7 0.0389933 5000.07 0.999619
1630500000 29793.7 -0.0999017 5000.09 0.99959
1630600000 29793.7 0.614262 4999.97 0.99972
1630700000 29793.7 -0.0299077 5000.08 0.999565
1630800000 29793.7 -0.18241 5000.11 0.999568
1630900000 29793.7 -0.0502187 5000.09 0.999564
1631000000 29793.7 0.444159 5000 0.999666
1631100000 29793.7 -0.0957758 5000.09 0.999568
1631200000 29793.7 0.315298 5000.02 0.999701
1631300000 29793.7 -0.107978 5000.1 0.999561
1631400000 29793.7 0.0181091 5000.07 0.999624
1631500000 29793.7 -0.103619 5000.09 0.999583
1631600000 29793.7 -0.12483 5000.1 0.999565
1631700000 29793.7 4.51374 4999.32 1.0001
1631800000 29793.7 -0.0821348 5000.09 0.999565
1631900000 29793.7 -0.0457015 5000.09 0.999643
1632000000 29793.7 4.39589 4999.34 1.00014
1632100000 29793.7 -0.167867 5000.11 0.999609
1632200000 29793.7 -0.117624 5000.1 0.999558
1632300000 29793.7 -0.168796 5000.11 0.999585
1632400000 29793.7 -0.160766 5000.1 0.999564
1632500000 29793.7 -0.22893 5000.12 0.999564
1632600000 29793.7 0.163238 5000.05 0.999656
1632700000 29793.7 -0.154389 5000.1 0.999569
1632800000 29793.7 -0.220364 5000.11 0.999564
1632900000 29793.7 1.35773 4999.85 0.999818
1633000000 29793.7 1.17573 4999.88 0.999762
1633100000 29793.7 -0.102061 5000.09 0.999594
1633200000 29793.7 -0.14833 5000.1 0.999583
1633300000 29793.7 -0.191502 5000.11 0.999572
1633400000 29793.7 -0.154056 5000.1 0.999578
1633500000 29793.7 -0.0160684 5000.08 0.99961
1633600000 29793.7 -0.0785702 5000.09 0.999571
1633700000 29793.7 0.376883 5000.01 0.999669
1633800000 29793.7 -0.0263242 5000.08 0.999565
1633900000 29793.7 -0.0833039 5000.09 0.99956
1634000000 29793.7 0.442041 5000 0.999676
1634100000 29793.7 0.430299 5000.01 0.999683
1634200000 29793.7 -0.00929364 5000.08 0.999623
1634300000 29793.7 0.715998 4999.96 0.999703
1634400000 29793.7 -0.150935 5000.1 0.999575
1634500000 29793.7 4.71897 4999.29 1.00012
1634600000 29793.7 -0.160103 5000.1 0.999559
1634700000 29793.7 -0.0212196 5000.08 0.999566
1634800000 29793.7 -0.154397 5000.1 0.99957
1634900000 29793.7 0.490514 5000 0.99977
1635000000 29793.7 -0.039337 5000.08 0.999564
1635100000 29793.7 -0.196109 5000.11 0.999564
1635200000 29793.7 1.13141 4999.89 0.999826
1635300000 29793.7 -0.105456 5000.1 0.999562
1635400000 29793.7 0.0861229 5000.06 0.999618
1635500000 29793.7 0.528355 4999.99 0.999677
1635600000 29793.7 0.586782 4999.98 0.99971
1635700000 29793.7 -0.131872 5000.1 0.999563
1635800000 29793.7 1.46673 4999.83 0.999811
1635900000 29793.7 -0.0450975 5000.09 0.999593
1636000000 29793.7 -0.103215 5000.09 0.999561
1636100000 29793.7 0.11116 5000.06 0.999615
1636200000 29793.7 1.63423 4999.8 0.999818
1636300000 29793.7 -0.151357 5000.1 0.999556
1636400000 29793.7 -0.157334 5000.1 0.999565
1636500000 29793.7 -0.0986391 5000.09 0.999577
1636600000 29793.7 1.06844 4999.9 0.999746
1636700000 29793.7 3.1164 4999.55 1.00001
1636800000 29793.7 -0.110671 5000.1 0.999579
1636900000 29793.7 0.114523 5000.06 0.999665
1637000000 29793.7 -0.0988734 5000.09 0.999563
1637100000 29793.7 -0.0848891 5000.09 0.999561
1637200000 29793.7 -0.0617581 5000.09 0.999564
1637300000 29793.7 0.177529 5000.05 0.999643
1637400000 29793.7 -0.0990622 5000.09 0.999562
1637500000 29793.7 0.242145 5000.04 0.999652
1637600000 29793.7 -0.0952152 5000.09 0.999561
1637700000 29793.7 0.771075 4999.95 0.999721
1637800000 29793.7 -0.0585672 5000.09 0.999563
1637900000 29793.7 -0.133284 5000.1 0.999577
1638000000 29793.7 1.43533 4999.84 0.999835
1638100000 29793.7 -0.145523 5000.1 0.999572
1638200000 29793.7 -0.0389691 5000.08 0.999564
1638300000 29793.7 0.580756 4999.98 0.999705
1638400000 29793.7 -0.0647245 5000.09 0.999573
1638500000 29793.7 -0.0212895 5000.08 0.999566
1638600000 29793.7 -0.145798 5000.1 0.999561
1638700000 29793.7 0.106304 5000.06 0.999624
1638800000 29793.7 0.705105 4999.96 0.999707
1638900000 29793.7 -0.0504447 5000.09 0.99962
1639000000 29793.7 -0.0912715 5000.09 0.999561
1639100000 29793.7 -0.106923 5000.1 0.99956
1639200000 29793.7 -0.147763 5000.1 0.999559
1639300000 29793.7 -0.253295 5000.12 0.999565
1639400000 29793.7 -0.0995178 5000.09 0.999573
1639500000 29793.7 -0.0849523 5000.09 0.99958
1639600000 29793.7 1.89868 4999.76 0.999839
1639700000 29793.7 -0.0478103 5000.09 0.999567
1639800000 29793.7 0.739843 4999.95 0.99971
1639900000 29793.7 -0.140555 5000.1 0.999562
1640000000 29793.7 0.529743 4999.99 0.999688
1640100000 29793.7 -0.0648091 5000.09 0.999566
1640200000 29793.7 0.285185 5000.03 0.99966
1640300000 29793.7 -0.0563542 5000.09 0.999565
1640400000 29793.7 2.08868 4999.73 0.999887
1640500000 29793.7 -0.0816064 5000.09 0.999561
1640600000 29793.7 -0.148499 5000.1 0.999566
1640700000 29793.7 -0.0893694 5000.09 0.999612
1640800000 29793.7 -0.0226672 5000.08 0.999565
1640900000 29793.7 -0.14536 5000.1 0.999597
1641000000 29793.7 -0.273701 5000.12 0.999572
1641100000 29793.7 -0.141384 5000.1 0.999562
1641200000 29793.7 0.0304803 5000.07 0.999597
1641300000 29793.7 -0.0256298 5000.08 0.999565
1641400000 29793.7 -0.115884 5000.1 0.999559
1641500000 29793.7 -0.0763154 5000.09 0.999581
1641600000 29793.7 0.462164 5000 0.999675
1641700000 29793.7 -0.112628 5000.1 0.999561
1641800000 29793.7 -0.081925 5000.09 0.999605
1641900000 29793.7 0.600735 4999.98 0.99969
1642000000 29793.7 -0.138739 5000.1 0.999567
1642100000 29793.7 0.502978 4999.99 0.999674
1642200000 29793.7 -0.146278 5000.1 0.999582
1642300000 29793.7 -0.122375 5000.1 0.999583
1642400000 29793.7 0.09201 5000.06 0.999648
1642500000 29793.7 -0.0649971 5000.09 0.999563
1642600000 29793.7 -0.17277 5000.11 0.999582
1642700000 29793.7 -0.0727542 5000.09 0.999594
1642800000 29793.7 -0.141021 5000.1 0.999566
1642900000 29793.7 0.599832 4999.98 0.999685
1643000000 29793.7 -0.127623 5000.1 0.999561
1643100000 29793.7 -0.00859929 5000.08 0.999567
1643200000 29793.7 -0.0895568 5000.09 0.999562
1643300000 29793.7 0.286644 5000.03 0.999646
1643400000 29793.7 -0.0378912 5000.08 0.999564
1643500000 29793.7 -0.0561107 5000.09 0.999562
1643600000 29793.7 -0.0673029 5000.09 0.999562
1643700000 29793.7 -0.0939725 5000.09 0.999565
1643800000 29793.7 -0.179549 5000.11 0.999562
1643900000 29793.7 -0.149342 5000.1 0.999561
1644000000 29793.7 -0.12852 5000.1 0.999565
1644100000 29793.7 -0.0610509 5000.09 0.999563
1644200000 29793.7 0.36532 5000.02 0.999655
1644300000 29793.7 -0.0836518 5000.09 0.999562
1644400000 29793.7 0.818984 4999.94 0.999719
1644500000 29793.7 0.16202 5000.05 0.999663
1644600000 29793.7 0.51808 4999.99 0.999732
1644700000 29793.7 -0.0934616 5000.09 0.99956
1644800000 29793.7 -0.0750268 5000.09 0.999561
1644900000 29793.7 -0.070083 5000.09 0.999563
1645000000 29793.7 0.0784155 5000.06 0.999619
1645100000 29793.7 -0.147331 5000.1 0.999583
1645200000 29793.7 -0.176043 5000.11 0.999579
1645300000 29793.7 -0.13178 5000.1 0.999585
1645400000 29793.7 0.267919 5000.03 0.999659
1645500000 29793.7 -0.0742501 5000.09 0.999571
1645600000 29793.7 -0.0590409 5000.09 0.999571
1645700000 29793.7 -0.0525371 5000.09 0.999622
1645800000 29793.7 -0.0795112 5000.09 0.999563
1645900000 29793.7 0.681595 4999.96 0.999717
1646000000 29793.7 0.0265249 5000.07 0.9996
1646100000 29793.7 0.0675194 5000.07 0.999609
1646200000 29793.7 -0.175229 5000.11 0.999567
1646300000 29793.7 2.18453 4999.71 0.999948
1646400000 29793.7 -0.179686 5000.11 0.999555
1646500000 29793.7 -0.200453 5000.11 0.999602
1646600000 29793.7 -0.0690882 5000.09 0.999562
1646700000 29793.7 -0.102117 5000.09 0.999564
1646800000 29793.7 -0.165491 5000.11 0.999557
1646900000 29793.7 3.01074 4999.57 0.999956
1647000000 29793.7 -0.233457 5000.12 0.999567
1647100000 29793.7 0.11437 5000.06 0.999637
1647200000 29793.7 -0.0206596 5000.08 0.999566
1647300000 29793.7 -0.109246 5000.1 0.999591
1647400000 29793.7 -0.0799724 5000.09 0.999562
1647500000 29793.7 -0.229537 5000.12 0.999574
1647600000 29793.7 0.115616 5000.06 0.999625
1647700000 29793.7 -0.158251 5000.1 0.999562
1647800000 29793.7 -0.0762985 5000.09 0.999584
1647900000 29793.7 4.41421 4999.34 1.00009
1648000000 29793.7 -0.124037 5000.1 0.999579
1648100000 29793.7 -0.119418 5000.1 0.999576
1648200000 29793.7 -0.0786296 5000.09 0.999565
1648300000 29793.7 0.919268 4999.92 0.999774
1648400000 29793.7 0.683674 4999.96 0.999732
1648500000 29793.7 -0.170885 5000.11 0.999575
1648600000 29793.7 0.913782 4999.92 0.999742
1648700000 29793.7 -0.0633674 5000.09 0.999563
1648800000 29793.7 0.656404 4999.97 0.999745
1648900000 29793.7 0.266403 5000.03 0.999639
1649000000 29793.7 -0.100083 5000.09 0.999559
1649100000 29793.7 -0.188116 5000.11 0.999566
1649200000 29793.7 -0.144105 5000.1 0.999563
1649300000 29793.7 -0.152813 5000.1 0.999576
1649400000 29793.7 0.0360379 5000.07 0.999608
1649500000 29793.7 -0.175674 5000.11 0.999561
1649600000 29793.7 -0.0536576 5000.09 0.999564
1649700000 29793.7 -0.0411869 5000.08 0.999564
1649800000 29793.7 0.0126175 5000.08 0.999596
1649900000 29793.7 -0.0731863 5000.09 0.999566
1650000000 29793.7 -0.142776 5000.1 0.999593
1650100000 29793.7 -0.13555 5000.1 0.999572
1650200000 29793.7 -0.139068 5000.1 0.999569
1650300000 29793.7 -0.0839749 5000.09 0.999563
1650400000 29793.7 -0.0911931 5000.09 0.999562
1650500000 29793.7 -0.285668 5000.13 0.99958
1650600000 29793.7 -0.0505441 5000.09 0.999565
1650700000 29793.7 -0.105862 5000.1 0.999559
1650800000 29793.7 -0.0807837 5000.09 0.999594
1650900000 29793.7 -0.027538 5000.08 0.999565
1651000000 29793.7 0.210557 5000.04 0.999645
1651100000 29793.7 -0.175952 5000.11 0.999563
1651200000 29793.7 -0.134166 5000.1 0.99956
1651300000 29793.7 -0.119747 5000.1 0.999557
1651400000 29793.7 0.296687 5000.03 0.999676
1651500000 29793.7 -0.0935307 5000.09 0.99956
1651600000 29793.7 -0.106397 5000.1 0.999567
1651700000 29793.7 -0.0706009 5000.09 0.999563
1651800000 29793.7 1.77752 4999.78 0.999827
1651900000 29793.7 -0.0298408 5000.08 0.999565
1652000000 29793.7 -0.0545146 5000.09 0.999564
1652100000 29793.7 -0.0967568 5000.09 0.99956
1652200000 29793.7 -0.0326883 5000.08 0.999584
1652300000 29793.7 -0.10565 5000.1 0.999582
1652400000 29793.7 0.265604 5000.03 0.999695
1652500000 29793.7 -0.0996512 5000.09 0.999565
1652600000 29793.7 -0.0552315 5000.09 0.999575
1652700000 29793.7 0.521526 4999.99 0.999681
1652800000 29793.7 0.39553 5000.01 0.999664
1652900000 29793.7 -0.121625 5000.1 0.999567
1653000000 29793.7 -0.0942369 5000.09 0.999566
1653100000 29793.7 -0.130676 5000.1 0.999564
1653200000 29793.7 2.04981 4999.73 0.99988
1653300000 29793.7 -0.0912427 5000.09 0.999562
1653400000 29793.7 -0.24288 5000.12 0.999561
1653500000 29793.7 2.2504 4999.7 0.999899
1653600000 29793.7 1.2618 4999.87 0.999783
1653700000 29793.7 -0.163167 5000.1 0.999573
1653800000 29793.7 0.138517 5000.05 0.999672
1653900000 29793.7 -0.20554 5000.11 0.999562
1654000000 29793.7 -0.0317839 5000.08 0.999583
1654100000 29793.7 -0.129331 5000.1 0.999561
1654200000 29793.7 -0.140036 5000.1 0.999574
1654300000 29793.7 -0.107109 5000.1 0.999563
1654400000 29793.7 -0.214428 5000.11 0.999565
1654500000 29793.7 -0.118638 5000.1 0.999562
1654600000 29793.7 -0.154573 5000.1 0.999557
1654700000 29793.7 0.143675 5000.05 0.999625
1654800000 29793.7 0.250265 5000.04 0.999638
1654900000 29793.7 -0.154897 5000.1 0.999565
1655000000 29793.7 -0.0697326 5000.09 0.999566
1655100000 29793.7 -0.129559 5000.1 0.999562
1655200000 29793.7 0.481405 5000 0.999708
1655300000 29793.7 0.123562 5000.06 0.999638
1655400000 29793.7 0.99909 4999.91 0.999736
1655500000 29793.7 1.97715 4999.75 0.999914
1655600000 29793.7 -0.0869258 5000.09 0.999564
1655700000 29793.7 -0.0594859 5000.09 0.999562
1655800000 29793.7 -0.0267865 5000.08 0.999585
1655900000 29793.7 -0.203381 5000.11 0.999553
1656000000 29793.7 -0.0399243 5000.08 0.999565
1656100000 29793.7 -0.0394813 5000.08 0.999565
1656200000 29793.7 -0.0505746 5000.09 0.999588
1656300000 29793.7 0.0189232 5000.07 0.99962
1656400000 29793.7 0.284085 5000.03 0.99964
1656500000 29793.7 -0.135854 5000.1 0.999581
1656600000 29793.7 -0.0910088 5000.09 0.999562
1656700000 29793.7 -0.194957 5000.11 0.999561
1656800000 29793.7 2.01594 4999.74 0.999924
1656900000 29793.7 -0.232766 5000.12 0.999565
1657000000 29793.7 -0.133103 5000.1 0.99957
1657100000 29793.7 -0.121296 5000.1 0.999562
1657200000 29793.7 -0.0275723 5000.08 0.999565
1657300000 29793.7 -0.0820073 5000.09 0.999567
1657400000 29793.7 -0.0527022 5000.09 0.999619
1657500000 29793.7 5.35693 4999.18 1.00021
1657600000 29793.7 1.35909 4999.85 0.999779
1657700000 29793.7 -0.121718 5000.1 0.999576
1657800000 29793.7 -0.194416 5000.11 0.999566
1657900000 29793.7 -0.0909088 5000.09 0.999573
1658000000 29793.7 -0.0938771 5000.09 0.999561
1658100000 29793.7 -0.106916 5000.1 0.999564
1658200000 29793.7 -0.145542 5000.1 0.999586
1658300000 29793.7 -0.0309752 5000.08 0.999565
1658400000 29793.7 -0.0430565 5000.08 0.999586
1658500000 29793.7 0.0513579 5000.07 0.999618
1658600000 29793.7 -0.176434 5000.11 0.999565
1658700000 29793.7 1.49295 4999.83 0.99981
1658800000 29793.7 -0.105359 5000.1 0.999583
1658900000 29793.7 -0.090898 5000.09 0.99956
1659000000 29793.7 -0.0685505 5000.09 0.999578
1659100000 29793.7 -0.166925 5000.11 0.999588
1659200000 29793.7 -0.170495 5000.11 0.999595
1659300000 29793.7 2.7167 4999.62 1.00003
1659400000 29793.7 -0.098956 5000.09 0.999567
1659500000 29793.7 -0.0233868 5000.08 0.999591
1659600000 29793.7 0.327055 5000.02 0.99969
1659700000 29793.7 -0.0648718 5000.09 0.999562
1659800000 29793.7 -0.0768633 5000.09 0.99959
1659900000 29793.7 -0.0890884 5000.09 0.999567
1660000000 29793.7 -0.16259 5000.1 0.999563
1660100000 29793.7 0.132649 5000.06 0.999636
1660200000 29793.7 -0.109937 5000.1 0.999565
1660300000 29793.7 -0.0412243 5000.08 0.999564
1660400000 29793.7 0.0304021 5000.07 0.999639
1660500000 29793.7 2.37663 4999.68 0.99996
1660600000 29793.7 -0.0587472 5000.09 0.999576
1660700000 29793.7 0.113372 5000.06 0.999653
1660800000 29793.7 -0.183603 5000.11 0.999581
1660900000 29793.7 -0.0971953 5000.09 0.99956
1661000000 29793.7 0.0080332 5000.08 0.999625
1661100000 29793.7 -0.124905 5000.1 0.999561
1661200000 29793.7 -0.133252 5000.1 0.999564
1661300000 29793.7 -0.0745615 5000.09 0.999564
1661400000 29793.7 -0.135845 5000.1 0.999565
1661500000 29793.7 0.269534 5000.03 0.999647
1661600000 29793.7 -0.063568 5000.09 0.999594
1661700000 29793.7 -0.0744999 5000.09 0.999563
1661800000 29793.7 0.838108 4999.94 0.999749
1661900000 29793.7 0.974873 4999.91 0.999744
1662000000 29793.7 -0.177956 5000.11 0.999561
1662100000 29793.7 -0.191534 5000.11 0.999557
1662200000 29793.7 -0.0919806 5000.09 0.999576
1662300000 29793.7 -0.214351 5000.11 0.999555
1662400000 29793.7 -0.210914 5000.11 0.999559
1662500000 29793.7 -0.0477919 5000.09 0.999563
1662600000 29793.7 0.0257353 5000.07 0.999632
1662700000 29793.7 -0.235337 5000.12 0.999573
1662800000 29793.7 -0.0901522 5000.09 0.999581
1662900000 29793.7 -0.0390251 5000.08 0.999565
1663000000 29793.7 -0.107257 5000.1 0.999562
1663100000 29793.7 -0.118721 5000.1 0.999565
1663200000 29793.7 -0.0894156 5000.09 0.99956
1663300000 29793.7 -0.0781322 5000.09 0.999561
1663400000 29793.7 -0.0467331 5000.09 0.999583
1663500000 29793.7 -0.102638 5000.09 0.999581
1663600000 29793.7 -0.0809065 5000.09 0.999587
1663700000 29793.7 2.14355 4999.72 0.999895
1663800000 29793.7 -0.119031 5000.1 0.999559
1663900000 29793.7 -0.276028 5000.12 0.999608
1664000000 29793.7 -0.0146276 5000.08 0.999567
1664100000 29793.7 -0.185843 5000.11 0.999555
1664200000 29793.7 -0.0617219 5000.09 0.999571
1664300000 29793.7 -0.108111 5000.1 0.999603
1664400000 29793.7 1.01989 4999.91 0.999801
1664500000 29793.7 -0.210069 5000.11 0.999579
1664600000 29793.7 0.323896 5000.02 0.999665
1664700000 29793.7 -0.193693 5000.11 0.99959
1664800000 29793.7 -0.0780142 5000.09 0.999569
1664900000 29793.7 -0.141097 5000.1 0.99956
1665000000 29793.7 -0.140814 5000.1 0.999562
1665100000 29793.7 -0.250903 5000.12 0.999562
1665200000 29793.7 -0.0933535 5000.09 0.999559
1665300000 29793.7 -0.117758 5000.1 0.999562
1665400000 29793.7 0.332001 5000.02 0.999674
1665500000 29793.7 -0.161102 5000.1 0.99956
1665600000 29793.7 -0.142071 5000.1 0.999567
1665700000 29793.7 -0.031443 5000.08 0.999565
1665800000 29793.7 -0.0171571 5000.08 0.999591
1665900000 29793.7 0.198603 5000.04 0.999641
1666000000 29793.7 -0.247671 5000.12 0.999563
1666100000 29793.7 -0.102889 5000.09 0.999584
1666200000 29793.7 0.118921 5000.06 0.999677
1666300000 29793.7 -0.119887 5000.1 0.999577
1666400000 29793.7 -0.0448499 5000.09 0.999584
1666500000 29793.7 0.305313 5000.03 0.999644
1666600000 29793.7 -0.112124 5000.1 0.999559
1666700000 29793.7 -0.0912681 5000.09 0.999563
1666800000 29793.7 0.593478 4999.98 0.999704
1666900000 29793.7 -0.150438 5000.1 0.999561
1667000000 29793.7 -0.0844534 5000.09 0.999562
1667100000 29793.7 -0.0796386 5000.09 0.999561
1667200000 29793.7 1.06796 4999.9 0.999762
1667300000 29793.7 1.50274 4999.83 0.99983
1667400000 29793.7 -0.0588891 5000.09 0.999564
1667500000 29793.7 1.11353 4999.89 0.999755
1667600000 29793.7 -0.0696554 5000.09 0.999563
1667700000 29793.7 -0.209822 5000.11 0.999566
1667800000 29793.7 -0.117285 5000.1 0.999584
1667900000 29793.7 0.749729 4999.95 0.999723
1668000000 29793.7 0.482426 5000 0.999704
1668100000 29793.7 -0.0681106 5000.09 0.999567
1668200000 29793.7 -0.000971562 5000.08 0.999591
1668300000 29793.7 -0.0485984 5000.09 0.999563
1668400000 29793.7 -0.18147 5000.11 0.999557
1668500000 29793.7 -0.052383 5000.09 0.999562
1668600000 29793.7 -0.0958935 5000.09 0.999576
1668700000 29793.7 -0.0504471 5000.09 0.999592
1668800000 29793.7 -0.0575757 5000.09 0.999594
1668900000 29793.7 0.369153 5000.02 0.999692
1669000000 29793.7 0.618487 4999.97 0.999738
1669100000 29793.7 -0.138225 5000.1 0.999577
1669200000 29793.7 -0.10482 5000.1 0.999562
1669300000 29793.7 1.10338 4999.89 0.999755
1669400000 29793.7 -0.127122 5000.1 0.999595
1669500000 29793.7 -0.0614878 5000.09 0.999562
1669600000 29793.7 -0.0695215 5000.09 0.999586
1669700000 29793.7 -0.146166 5000.1 0.999572
1669800000 29793.7 -0.104516 5000.1 0.999598
1669900000 29793.7 -0.185781 5000.11 0.999589
1670000000 29793.7 -0.160356 5000.1 0.999561
1670100000 29793.7 0.550746 4999.99 0.999711
1670200000 29793.7 -0.0321782 5000.08 0.999596
1670300000 29793.7 -0.0974173 5000.09 0.999561
1670400000 29793.7 -0.0293512 5000.08 0.999596
1670500000 29793.7 -0.0847766 5000.09 0.999563
1670600000 29793.7 -0.257756 5000.12 0.999557
1670700000 29793.7 -0.189133 5000.11 0.999562
1670800000 29793.7 0.112243 5000.06 0.999613
1670900000 29793.7 -0.0454058 5000.09 0.999564
1671000000 29793.7 -0.189767 5000.11 0.999623
1671100000 29793.7 0.0370936 5000.07 0.999608
1671200000 29793.7 -0.130367 5000.1 0.99959
1671300000 29793.7 -0.0689749 5000.09 0.999564
1671400000 29793.7 -0.0785077 5000.09 0.999611
1671500000 29793.7 1.15159 4999.88 0.999819
1671600000 29793.7 0.274994 5000.03 0.999649
1671700000 29793.7 -0.100514 5000.09 0.999581
1671800000 29793.7 -0.115605 5000.1 0.99956
1671900000 29793.7 -0.0210951 5000.08 0.999566
1672000000 29793.7 -0.156691 5000.1 0.99956
1672100000 29793.7 -0.198007 5000.11 0.999577
1672200000 29793.7 -0.0718032 5000.09 0.999575
1672300000 29793.7 2.8858 4999.59 0.999946
1672400000 29793.7 -0.0943229 5000.09 0.999566
1672500000 29793.7 -0.173818 5000.11 0.999564
1672600000 29793.7 -0.181703 5000.11 0.999563
1672700000 29793.7 -0.0980607 5000.09 0.999631
1672800000 29793.7 0.218864 5000.04 0.999694
1672900000 29793.7 0.165772 5000.05 0.999657
1673000000 29793.7 1.89109 4999.76 0.999874
1673100000 29793.7 -0.157826 5000.1 0.999564
1673200000 29793.7 -0.0955639 5000.09 0.999595
1673300000 29793.7 -0.0302653 5000.08 0.999565
1673400000 29793.7 -0.0746226 5000.09 0.999576
1673500000 29793.7 0.262048 5000.03 0.999652
1673600000 29793.7 -0.0416946 5000.08 0.999564
1673700000 29793.7 -0.134146 5000.1 0.999583
1673800000 29793.7 -0.0977504 5000.09 0.999583
1673900000 29793.7 -0.217934 5000.11 0.999564
1674000000 29793.7 -0.0453843 5000.09 0.999617
1674100000 29793.7 -0.152667 5000.1 0.999567
1674200000 29793.7 0.0911174 5000.06 0.999612
1674300000 29793.7 -0.0258054 5000.08 0.999565
1674400000 29793.7 -0.043954 5000.08 0.999598
1674500000 29793.7 3.08243 4999.56 0.999963
1674600000 29793.7 0.961737 4999.92 0.999779
1674700000 29793.7 0.604318 4999.98 0.999717
1674800000 29793.7 -0.0722787 5000.09 0.999566
1674900000 29793.7 -0.0985821 5000.09 0.99956
1675000000 29793.7 -0.0743998 5000.09 0.99956
1675100000 29793.7 -0.0542888 5000.09 0.999616
1675200000 29793.7 1.14387 4999.89 0.999768
1675300000 29793.7 0.571289 4999.98 0.999688
1675400000 29793.7 -0.0536763 5000.09 0.999563
1675500000 29793.7 -0.0643592 5000.09 0.999564
1675600000 29793.7 1.72213 4999.79 0.999826
1675700000 29793.7 0.536702 4999.99 0.999691
1675800000 29793.7 -0.0821541 5000.09 0.999562
1675900000 29793.7 0.795038 4999.94 0.999711
1676000000 29793.7 -0.0446388 5000.08 0.999583
1676100000 29793.7 0.0644413 5000.07 0.99965
1676200000 29793.7 -0.152814 5000.1 0.999564
1676300000 29793.7 0.354641 5000.02 0.999651
1676400000 29793.7 -0.199972 5000.11 0.999577
1676500000 29793.7 -0.0646862 5000.09 0.999595
1676600000 29793.7 -0.239377 5000.12 0.999557
1676700000 29793.7 -0.224066 5000.12 0.999564
1676800000 29793.7 0.803465 4999.94 0.999732
1676900000 29793.7 -0.0564385 5000.09 0.999563
1677000000 29793.7 0.243234 5000.04 0.999638
1677100000 29793.7 0.491486 5000 0.999672
1677200000 29793.7 -0.0867284 5000.09 0.99956
1677300000 29793.7 -0.146862 5000.1 0.999566
1677400000 29793.7 0.259725 5000.03 0.999655
1677500000 29793.7 -0.139824 5000.1 0.999562
1677600000 29793.7 -0.0485082 5000.09 0.999565
1677700000 29793.7 -0.173778 5000.11 0.999557
1677800000 29793.7 -0.0449104 5000.09 0.999564
1677900000 29793.7 -0.113113 5000.1 0.999565
1678000000 29793.7 -0.157616 5000.1 0.99956
1678100000 29793.7 -0.0397831 5000.08 0.999564
1678200000 29793.7 1.62214 4999.81 0.999839
1678300000 29793.7 1.31866 4999.86 0.999808
1678400000 29793.7 -0.0862951 5000.09 0.999561
1678500000 29793.7 -0.158537 5000.1 0.999563
1678600000 29793.7 -0.0298831 5000.08 0.999565
1678700000 29793.7 -0.148941 5000.1 0.999573
1678800000 29793.7 -0.180473 5000.11 0.999593
1678900000 29793.7 -0.0428649 5000.08 0.999621
1679000000 29793.7 -0.193714 5000.11 0.999573
1679100000 29793.7 -0.197903 5000.11 0.999577
1679200000 29793.7 -0.00332007 5000.08 0.999568
1679300000 29793.7 -0.0536029 5000.09 0.999565
1679400000 29793.7 0.0850903 5000.06 0.999626
1679500000 29793.7 0.170505 5000.05 0.99965
1679600000 29793.7 -0.274376 5000.12 0.999611
1679700000 29793.7 -0.203719 5000.11 0.999563
1679800000 29793.7 -0.125615 5000.1 0.999561
1679900000 29793.7 0.280965 5000.03 0.99964
1680000000 29793.7 -0.0546245 5000.09 0.999566
1680100000 29793.7 -0.0561234 5000.09 0.999563
1680200000 29793.7 -0.0728741 5000.09 0.999562
1680300000 29793.7 3.32411 4999.52 1.00008
1680400000 29793.7 -0.0520848 5000.09 0.999584
1680500000 29793.7 -0.118036 5000.1 0.999566
1680600000 29793.7 -0.0930151 5000.09 0.999575
1680700000 29793.7 -0.163933 5000.1 0.999559
1680800000 29793.7 -0.0685096 5000.09 0.999563
1680900000 29793.7 -0.157116 5000.1 0.999565
1681000000 29793.7 -0.109846 5000.1 0.999563
1681100000 29793.7 -0.106492 5000.1 0.999586
1681200000 29793.7 0.250735 5000.04 0.999651
1681300000 29793.7 -0.0448586 5000.09 0.999564
1681400000 29793.7 -0.0799295 5000.09 0.999586
1681500000 29793.7 -0.192029 5000.11 0.999558
1681600000 29793.7 0.0183728 5000.07 0.999601
1681700000 29793.7 -0.177703 5000.11 0.999576
1681800000 29793.7 -0.00825242 5000.08 0.999567
1681900000 29793.7 -0.113999 5000.1 0.999589
1682000000 29793.7 0.13283 5000.06 0.999624
1682100000 29793.7 -0.0735727 5000.09 0.99962
1682200000 29793.7 -0.130072 5000.1 0.999561
1682300000 29793.7 -0.0489519 5000.09 0.999564
1682400000 29793.7 -0.202374 5000.11 0.999608
1682500000 29793.7 -0.233655 5000.12 0.999554
1682600000 29793.7 -0.094269 5000.09 0.999582
1682700000 29793.7 0.1221 5000.06 0.999618
1682800000 29793.7 -0.0105841 5000.08 0.999567
1682900000 29793.7 -0.0649306 5000.09 0.999565
1683000000 29793.7 -0.149595 5000.1 0.999597
1683100000 29793.7 0.805189 4999.94 0.999725
1683200000 29793.7 0.33207 5000.02 0.999678
1683300000 29793.7 0.114894 5000.06 0.999622
1683400000 29793.7 0.59016 4999.98 0.999709
1683500000 29793.7 -0.0246802 5000.08 0.999566
1683600000 29793.7 3.3424 4999.52 0.999986
1683700000 29793.7 -0.0174026 5000.08 0.999598
1683800000 29793.7 -0.19136 5000.11 0.999582
1683900000 29793.7 -0.100417 5000.09 0.99957
1684000000 29793.7 -0.0508895 5000.09 0.999563
1684100000 29793.7 -0.0630754 5000.09 0.999564
1684200000 29793.7 -0.0836068 5000.09 0.999561
1684300000 29793.7 -0.0157434 5000.08 0.999567
1684400000 29793.7 -0.0865196 5000.09 0.999573
1684500000 29793.7 3.43112 4999.5 1.00007
1684600000 29793.7 0.207542 5000.04 0.999632
1684700000 29793.7 -0.164011 5000.11 0.999576
1684800000 29793.7 -0.125911 5000.1 0.99958
1684900000 29793.7 1.19876 4999.88 0.999761
1685000000 29793.7 -0.0521479 5000.09 0.999565
1685100000 29793.7 -0.0697523 5000.09 0.999565
1685200000 29793.7 0.0247919 5000.07 0.999596
1685300000 29793.7 -0.107214 5000.1 0.999573
1685400000 29793.7 0.855016 4999.93 0.999751
1685500000 29793.7 1.82131 4999.77 0.999848
1685600000 29793.7 -0.055278 5000.09 0.999563
1685700000 29793.7 4.52295 4999.32 1.0001
1685800000 29793.7 0.291049 5000.03 0.999665
1685900000 29793.7 -0.0776893 5000.09 0.999588
1686000000 29793.7 2.68665 4999.63 0.999926
1686100000 29793.7 -0.00771947 5000.08 0.999623
1686200000 29793.7 -0.100644 5000.09 0.999584
1686300000 29793.7 0.0341244 5000.07 0.999601
1686400000 29793.7 -0.0851124 5000.09 0.999562
1686500000 29793.7 -0.038657 5000.08 0.999625
1686600000 29793.7 -0.147331 5000.1 0.99957
1686700000 29793.7 -0.040989 5000.08 0.999605
1686800000 29793.7 -0.0866136 5000.09 0.999584
1686900000 29793.7 0.555478 4999.98 0.999698
1687000000 29793.7 0.0324835 5000.07 0.999599
1687100000 29793.7 -0.0656709 5000.09 0.999562
1687200000 29793.7 0.250112 5000.04 0.999658
1687300000 29793.7 -0.134977 5000.1 0.999577
1687400000 29793.7 -0.0944145 5000.09 0.999609
1687500000 29793.7 0.307037 5000.03 0.999668
1687600000 29793.7 -0.141739 5000.1 0.999568
1687700000 29793.7 -0.141823 5000.1 0.999558
1687800000 29793.7 -0.106807 5000.1 0.999561
1687900000 29793.7 0.262849 5000.03 0.999684
1688000000 29793.7 -0.180231 5000.11 0.999566
1688100000 29793.7 -0.0250602 5000.08 0.999591
1688200000 29793.7 0.00228845 5000.08 0.999596
1688300000 29793.7 -0.0904231 5000.09 0.999562
1688400000 29793.7 -0.0809432 5000.09 0.999589
1688500000 29793.7 -0.071458 5000.09 0.99958
1688600000 29793.7 -0.118442 5000.1 0.999563
1688700000 29793.7 5.44839 4999.16 1.00026
1688800000 29793.7 1.97861 4999.75 0.999933
1688900000 29793.7 0.0112991 5000.08 0.999627
1689000000 29793.7 0.609403 4999.98 0.999723
1689100000 29793.7 -0.126171 5000.1 0.999585
1689200000 29793.7 -0.0916263 5000.09 0.999562
1689300000 29793.7 -0.187679 5000.11 0.99956
1689400000 29793.7 -0.106252 5000.1 0.999561
1689500000 29793.7 -0.168403 5000.11 0.999553
1689600000 29793.7 0.209884 5000.04 0.999642
1689700000 29793.7 -0.0330533 5000.08 0.999565
1689800000 29793.7 -0.0814911 5000.09 0.999563
1689900000 29793.7 1.16796 4999.88 0.999759
1690000000 29793.7 -0.167669 5000.11 0.999566
1690100000 29793.7 0.113756 5000.06 0.999623
1690200000 29793.7 -0.037528 5000.08 0.999564
1690300000 29793.7 -0.191694 5000.11 0.999585
1690400000 29793.7 -0.0335149 5000.08 0.999565
1690500000 29793.7 -0.0115665 5000.08 0.999567
1690600000 29793.7 -0.152806 5000.1 0.999559
1690700000 29793.7 -0.0795996 5000.09 0.999625
1690800000 29793.7 -0.18637 5000.11 0.999562
1690900000 29793.7 2.20547 4999.71 0.999936
1691000000 29793.7 -0.0756404 5000.09 0.999578
1691100000 29793.7 0.267175 5000.03 0.999641
1691200000 29793.7 -0.190858 5000.11 0.99957
1691300000 29793.7 -0.0962714 5000.09 0.999559
1691400000 29793.7 -0.0378659 5000.08 0.999566
1691500000 29793.7 -0.148778 5000.1 0.999559
1691600000 29793.7 1.63427 4999.8 0.999825
1691700000 29793.7 0.92873 4999.92 0.999729
1691800000 29793.7 0.0240698 5000.07 0.999637
1691900000 29793.7 0.0854099 5000.06 0.999608
1692000000 29793.7 -0.0280578 5000.08 0.999614
1692100000 29793.7 -0.116075 5000.1 0.999562
1692200000 29793.7 0.00706728 5000.08 0.999628
1692300000 29793.7 3.85514 4999.43 1.00005
1692400000 29793.7 -0.12287 5000.1 0.999575
1692500000 29793.7 -0.0931224 5000.09 0.999561
1692600000 29793.7 0.993311 4999.91 0.999739
1692700000 29793.7 -0.108448 5000.1 0.999564
1692800000 29793.7 -0.148014 5000.1 0.999571
1692900000 29793.7 -0.150393 5000.1 0.999561
1693000000 29793.7 -0.10677 5000.1 0.999561
1693100000 29793.7 -0.181498 5000.11 0.999556
1693200000 29793.7 -0.040628 5000.08 0.999565
1693300000 29793.7 -0.165541 5000.11 0.999559
1693400000 29793.7 1.51405 4999.82 0.999817
1693500000 29793.7 -0.0831217 5000.09 0.999562
1693600000 29793.7 -0.0749343 5000.09 0.999565
1693700000 29793.7 -0.176595 5000.11 0.999593
1693800000 29793.7 -0.115477 5000.1 0.999564
1693900000 29793.7 -0.111665 5000.1 0.9996
1694000000 29793.7 -0.15878 5000.1 0.99956
1694100000 29793.7 0.197254 5000.04 0.999633
1694200000 29793.7 -0.174545 5000.11 0.999569
1694300000 29793.7 -0.0721829 5000.09 0.999562
1694400000 29793.7 -0.103219 5000.09 0.999562
1694500000 29793.7 -0.0725174 5000.09 0.999578
1694600000 29793.7 -0.0160087 5000.08 0.999592
1694700000 29793.7 4.19785 4999.37 1.00008
1694800000 29793.7 -0.0360825 5000.08 0.999565
1694900000 29793.7 -0.0815183 5000.09 0.999574
1695000000 29793.7 -0.171837 5000.11 0.999579
1695100000 29793.7 -0.250444 5000.12 0.999592
1695200000 29793.7 -0.0771646 5000.09 0.999562
1695300000 29793.7 0.608725 4999.98 0.999726
1695400000 29793.7 2.99902 4999.57 0.999985
1695500000 29793.7 0.697143 4999.96 0.99971
1695600000 29793.7 -0.0730814 5000.09 0.999563
1695700000 29793.7 0.341312 5000.02 0.999655
1695800000 29793.7 -0.121377 5000.1 0.99956
1695900000 29793.7 -0.110864 5000.1 0.999574
1696000000 29793.7 -0.117873 5000.1 0.99956
1696100000 29793.7 -0.0658044 5000.09 0.999564
1696200000 29793.7 -0.0515462 5000.09 0.999581
1696300000 29793.7 0.421638 5000.01 0.999666
1696400000 29793.7 -0.0649869 5000.09 0.999563
1696500000 29793.7 -0.230221 5000.12 0.999565
1696600000 29793.7 -0.120554 5000.1 0.999568
1696700000 29793.7 -0.0518721 5000.09 0.999633
1696800000 29793.7 -0.169352 5000.11 0.999556
1696900000 29793.7 0.147856 5000.05 0.999659
1697000000 29793.7 -0.00836639 5000.08 0.999567
1697100000 29793.7 0.23029 5000.04 0.999637
1697200000 29793.7 -0.0578452 5000.09 0.99963
1697300000 29793.7 -0.0217813 5000.08 0.999566
1697400000 29793.7 -0.110878 5000.1 0.99956
1697500000 29793.7 -0.0717875 5000.09 0.999568
1697600000 29793.7 -0.0254359 5000.08 0.999566
1697700000 29793.7 -0.165087 5000.11 0.999557
1697800000 29793.7 3.37222 4999.51 0.999992
1697900000 29793.7 -0.0905145 5000.09 0.999559
1698000000 29793.7 2.10024 4999.72 0.999861
1698100000 29793.7 -0.178635 5000.11 0.999562
1698200000 29793.7 -0.16629 5000.11 0.999566
1698300000 29793.7 -0.138367 5000.1 0.99957
1698400000 29793.7 0.685679 4999.96 0.999716
1698500000 29793.7 -0.149557 5000.1 0.999578
1698600000 29793.7 -0.10255 5000.09 0.999561
1698700000 29793.7 1.62839 4999.8 0.999887
1698800000 29793.7 -0.0971321 5000.09 0.999563
1698900000 29793.7 0.576192 4999.98 0.999695
1699000000 29793.7 -0.0967016 5000.09 0.999559
1699100000 29793.7 -0.0558569 5000.09 0.99958
1699200000 29793.7 -0.0974139 5000.09 0.999562
1699300000 29793.7 -0.0492937 5000.09 0.999603
1699400000 29793.7 -0.211274 5000.11 0.999569
1699500000 29793.7 -0.0727069 5000.09 0.999565
1699600000 29793.7 0.262725 5000.03 0.999644
1699700000 29793.7 -0.154074 5000.1 0.999599
1699800000 29793.7 -0.0528756 5000.09 0.999564
1699900000 29793.7 -0.127236 5000.1 0.999581
1700000000 29793.7 -0.237677 5000.12 0.999554
1700100000 29793.7 0.366818 5000.02 0.999653
1700200000 29793.7 -0.272364 5000.12 0.999565
1700300000 29793.7 -0.0955062 5000.09 0.999635
1700400000 29793.7 -0.0746524 5000.09 0.999562
1700500000 29793.7 -0.0035548 5000.08 0.999568
1700600000 29793.7 -0.104332 5000.09 0.999571
1700700000 29793.7 -0.0971227 5000.09 0.999563
1700800000 29793.7 0.320294 5000.02 0.999646
1700900000 29793.7 -0.163039 5000.1 0.999557
1701000000 29793.7 -0.19518 5000.11 0.999563
1701100000 29793.7 0.100411 5000.06 0.999648
1701200000 29793.7 -0.0508108 5000.09 0.999588
1701300000 29793.7 -0.119552 5000.1 0.999559
1701400000 29793.7 -0.0593769 5000.09 0.999564
1701500000 29793.7 -0.108636 5000.1 0.99956
1701600000 29793.7 -0.11217 5000.1 0.999585
1701700000 29793.7 -0.132309 5000.1 0.999561
1701800000 29793.7 -0.131065 5000.1 0.999564
1701900000 29793.7 -0.0341266 5000.08 0.999565
1702000000 29793.7 -0.0375649 5000.08 0.999564
1702100000 29793.7 1.83537 4999.77 0.999875
1702200000 29793.7 -0.14137 5000.1 0.99956
1702300000 29793.7 -0.0973781 5000.09 0.999563
1702400000 29793.7 -0.123921 5000.1 0.999562
1702500000 29793.7 -0.0371387 5000.08 0.999565
1702600000 29793.7 -0.125564 5000.1 0.999566
1702700000 29793.7 0.466039 5000 0.999717
1702800000 29793.7 -0.0629677 5000.09 0.999562
1702900000 29793.7 0.394348 5000.01 0.999687
1703000000 29793.7 -0.0703084 5000.09 0.999562
1703100000 29793.7 -0.119492 5000.1 0.99959
1703200000 29793.7 0.0768323 5000.06 0.999633
1703300000 29793.7 -0.0458558 5000.09 0.999565
1703400000 29793.7 0.566844 4999.98 0.999689
1703500000 29793.7 -0.109937 5000.1 0.999561
1703600000 29793.7 0.550447 4999.99 0.999678
1703700000 29793.7 -0.18584 5000.11 0.999563
1703800000 29793.7 -0.093278 5000.09 0.999565
1703900000 29793.7 1.27939 4999.86 0.999812
1704000000 29793.7 1.29535 4999.86 0.999814
1704100000 29793.7 -0.0395236 5000.08 0.999589
1704200000 29793.7 -0.230156 5000.12 0.999554
1704300000 29793.7 -0.0931699 5000.09 0.999584
1704400000 29793.7 -0.130373 5000.1 0.999584
1704500000 29793.7 -0.163059 5000.1 0.999558
1704600000 29793.7 -0.0167671 5000.08 0.999566
1704700000 29793.7 0.312063 5000.03 0.999674
1704800000 29793.7 -0.0262412 5000.08 0.999566
1704900000 29793.7 -0.075282 5000.09 0.999561
1705000000 29793.7 -0.118533 5000.1 0.999561
1705100000 29793.7 -0.138661 5000.1 0.999582
1705200000 29793.7 -0.141968 5000.1 0.999566
1705300000 29793.7 -0.23337 5000.12 0.999578
1705400000 29793.7 0.41417 5000.01 0.999661
1705500000 29793.7 -0.102546 5000.09 0.999562
1705600000 29793.7 -0.0475321 5000.09 0.999605
1705700000 29793.7 -0.127553 5000.1 0.999561
1705800000 29793.7 -0.124244 5000.1 0.999559
1705900000 29793.7 -0.107652 5000.1 0.999561
1706000000 29793.7 -0.142478 5000.1 0.999559
1706100000 29793.7 -0.0728377 5000.09 0.999562
1706200000 29793.7 -0.052132 5000.09 0.999564
1706300000 29793.7 -0.0933448 5000.09 0.999561
1706400000 29793.7 1.43228 4999.84 0.999799
1706500000 29793.7 -0.124782 5000.1 0.999562
1706600000 29793.7 -0.131428 5000.1 0.999565
1706700000 29793.7 0.390753 5000.01 0.999693
1706800000 29793.7 -0.122274 5000.1 0.99958
1706900000 29793.7 -0.114731 5000.1 0.999562
1707000000 29793.7 -0.0231769 5000.08 0.999566
1707100000 29793.7 -0.0426055 5000.08 0.999565
1707200000 29793.7 -0.0472491 5000.09 0.999564
1707300000 29793.7 -0.211929 5000.11 0.999583
1707400000 29793.7 -0.0485652 5000.09 0.999603
1707500000 29793.7 -0.098597 5000.09 0.999575
1707600000 29793.7 -0.0588759 5000.09 0.999563
1707700000 29793.7 0.0704969 5000.07 0.999613
1707800000 29793.7 -0.109793 5000.1 0.999559
1707900000 29793.7 0.353671 5000.02 0.99966
1708000000 29793.7 -0.138991 5000.1 0.999558
1708100000 29793.7 -0.0514289 5000.09 0.999563
1708200000 29793.7 -0.123326 5000.1 0.999587
1708300000 29793.7 0.120956 5000.06 0.99962
1708400000 29793.7 1.09115 4999.89 0.999793
1708500000 29793.7 -0.105972 5000.1 0.999572
1708600000 29793.7 -0.102441 5000.09 0.999559
1708700000 29793.7 -0.153005 5000.1 0.999567
1708800000 29793.7 0.193943 5000.04 0.999651
1708900000 29793.7 -0.0518808 5000.09 0.999563
1709000000 29793.7 -0.109961 5000.1 0.999564
1709100000 29793.7 -0.0976291 5000.09 0.999563
1709200000 29793.7 -0.0552317 5000.09 0.999564
1709300000 29793.7 -0.128686 5000.1 0.999572
1709400000 29793.7 4.18291 4999.38 1.00021
1709500000 29793.7 -0.00708982 5000.08 0.999611
1709600000 29793.7 -0.138334 5000.1 0.999559
1709700000 29793.7 -0.117025 5000.1 0.999572
1709800000 29793.7 -0.057691 5000.09 0.99958
1709900000 29793.7 -0.0138041 5000.08 0.999594
1710000000 29793.7 0.0386052 5000.07 0.9996
1710100000 29793.7 -0.0595558 5000.09 0.999563
1710200000 29793.7 -0.185153 5000.11 0.999563
1710300000 29793.7 -0.0551908 5000.09 0.999566
1710400000 29793.7 -0.0722569 5000.09 0.999575
1710500000 29793.7 -0.0655133 5000.09 0.999563
1710600000 29793.7 -0.124016 5000.1 0.99956
1710700000 29793.7 -0.0470931 5000.09 0.999566
1710800000 29793.7 1.16827 4999.88 0.999763
1710900000 29793.7 0.347238 5000.02 0.999675
1711000000 29793.7 4.72722 4999.28 1.00014
1711100000 29793.7 0.467161 5000 0.999671
1711200000 29793.7 0.345162 5000.02 0.999651
1711300000 29793.7 0.456095 5000 0.999681
1711400000 29793.7 -0.0479154 5000.09 0.999593
1711500000 29793.7 -0.176334 5000.11 0.999601
1711600000 29793.7 0.758336 4999.95 0.999751
1711700000 29793.7 0.921149 4999.92 0.999739
1711800000 29793.7 -0.182491 5000.11 0.999559
1711900000 29793.7 0.415023 5000.01 0.999695
1712000000 29793.7 1.33281 4999.85 0.999858
1712100000 29793.7 -0.167555 5000.11 0.999557
1712200000 29793.7 0.0549636 5000.07 0.999627
1712300000 29793.7 -0.201662 5000.11 0.99956
1712400000 29793.7 -0.169326 5000.11 0.999559
1712500000 29793.7 -0.0165572 5000.08 0.999566
1712600000 29793.7 -0.0562558 5000.09 0.999576
1712700000 29793.7 -0.152733 5000.1 0.99958
1712800000 29793.7 -0.227841 5000.12 0.99957
1712900000 29793.7 0.385782 5000.01 0.999666
1713000000 29793.7 3.5748 4999.48 1.00001
1713100000 29793.7 -0.085803 5000.09 0.999593
1713200000 29793.7 -0.220571 5000.11 0.999559
1713300000 29793.7 -0.149114 5000.1 0.999561
1713400000 29793.7 -0.0854664 5000.09 0.999589
1713500000 29793.7 0.106785 5000.06 0.999613
1713600000 29793.7 -0.000228253 5000.08 0.999623
1713700000 29793.7 -0.203694 5000.11 0.999577
1713800000 29793.7 -0.0448463 5000.09 0.999564
1713900000 29793.7 -0.0967069 5000.09 0.999564
1714000000 29793.7 -0.161056 5000.1 0.999566
1714100000 29793.7 -0.0839683 5000.09 0.999577
1714200000 29793.7 0.688813 4999.96 0.999702
1714300000 29793.7 -0.00435004 5000.08 0.999614
1714400000 29793.7 -0.10462 5000.1 0.999561
1714500000 29793.7 0.35447 5000.02 0.999662
1714600000 29793.7 -0.180233 5000.11 0.999575
1714700000 29793.7 -0.129633 5000.1 0.999565
1714800000 29793.7 0.578417 4999.98 0.999696
1714900000 29793.7 -0.114695 5000.1 0.999574
1715000000 29793.7 1.15626 4999.88 0.999755
1715100000 29793.7 -0.0588115 5000.09 0.999589
1715200000 29793.7 -0.133715 5000.1 0.999559
1715300000 29793.7 -0.0275489 5000.08 0.999632
1715400000 29793.7 -0.0284091 5000.08 0.999565
1715500000 29793.7 -0.0798766 5000.09 0.999564
1715600000 29793.7 -0.118393 5000.1 0.999592
1715700000 29793.7 -0.145043 5000.1 0.999564
1715800000 29793.7 -0.0131341 5000.08 0.999567
1715900000 29793.7 -0.0381622 5000.08 0.999564
1716000000 29793.7 0.0269999 5000.07 0.999598
1716100000 29793.7 0.328888 5000.02 0.999684
1716200000 29793.7 -0.00999165 5000.08 0.999567
1716300000 29793.7 -0.0822946 5000.09 0.999566
1716400000 29793.7 -0.0187502 5000.08 0.999567
1716500000 29793.7 -0.158752 5000.1 0.999561
1716600000 29793.7 -0.156951 5000.1 0.999559
1716700000 29793.7 0.0406428 5000.07 0.999615
1716800000 29793.7 -0.058624 5000.09 0.999584
1716900000 29793.7 0.565909 4999.98 0.999745
1717000000 29793.7 -0.185187 5000.11 0.999585
1717100000 29793.7 0.222727 5000.04 0.999648
1717200000 29793.7 -0.13433 5000.1 0.999561
1717300000 29793.7 -0.229699 5000.12 0.999555
1717400000 29793.7 1.26411 4999.87 0.999772
1717500000 29793.7 -0.0658843 5000.09 0.999579
1717600000 29793.7 -0.128917 5000.1 0.999566
1717700000 29793.7 -0.010342 5000.08 0.999592
1717800000 29793.7 -0.143115 5000.1 0.999563
1717900000 29793.7 -0.100611 5000.09 0.99956
1718000000 29793.7 -0.126211 5000.1 0.999567
1718100000 29793.7 0.162157 5000.05 0.999621
1718200000 29793.7 -0.0554501 5000.09 0.999563
1718300000 29793.7 -0.0896331 5000.09 0.999566
1718400000 29793.7 -0.130587 5000.1 0.999567
1718500000 29793.7 -0.115084 5000.1 0.999578
1718600000 29793.7 0.0284891 5000.07 0.999617
1718700000 29793.7 -0.0537258 5000.09 0.999563
1718800000 29793.7 -0.0266907 5000.08 0.999565
1718900000 29793.7 -0.208769 5000.11 0.999558
1719000000 29793.7 -0.0399537 5000.08 0.999564
1719100000 29793.7 -0.178292 5000.11 0.999587
1719200000 29793.7 -0.104159 5000.09 0.999587
1719300000 29793.7 -0.08486 5000.09 0.999561
1719400000 29793.7 -0.0879489 5000.09 0.999569
1719500000 29793.7 -0.0168481 5000.08 0.999566
1719600000 29793.7 -0.0580393 5000.09 0.999602
1719700000 29793.7 -0.164995 5000.11 0.999558
1719800000 29793.7 -0.116513 5000.1 0.999559
1719900000 29793.7 -0.134593 5000.1 0.99958
1720000000 29793.7 -0.051332 5000.09 0.999563
1720100000 29793.7 -0.0343982 5000.08 0.999587
1720200000 29793.7 0.0482955 5000.07 0.999642
1720300000 29793.7 -0.0730925 5000.09 0.999561
1720400000 29793.7 -0.0362541 5000.08 0.999565
1720500000 29793.7 -0.0981657 5000.09 0.999563
1720600000 29793.7 -0.0670819 5000.09 0.999603
1720700000 29793.7 -0.188597 5000.11 0.999557
1720800000 29793.7 -0.104317 5000.09 0.999567
1720900000 29793.7 -0.21443 5000.11 0.999557
1721000000 29793.7 0.454036 5000 0.999665
1721100000 29793.7 -0.117848 5000.1 0.999571
1721200000 29793.7 -0.0349818 5000.08 0.999596
1721300000 29793.7 0.127298 5000.06 0.999654
1721400000 29793.7 -0.0890873 5000.09 0.999564
1721500000 29793.7 0.35017 5000.02 0.999676
1721600000 29793.7 -0.115277 5000.1 0.999564
1721700000 29793.7 0.512745 4999.99 0.999693
1721800000 29793.7 0.248153 5000.04 0.999656
1721900000 29793.7 -0.0309717 5000.08 0.999565
1722000000 29793.7 -0.0786538 5000.09 0.999582
1722100000 29793.7 -0.19448 5000.11 0.999562
1722200000 29793.7 -0.0758056 5000.09 0.999573
1722300000 29793.7 -0.120498 5000.1 0.999567
1722400000 29793.7 1.25556 4999.87 0.999806
1722500000 29793.7 1.21807 4999.87 0.999765
1722600000 29793.7 0.104916 5000.06 0.999637
1722700000 29793.7 -0.105787 5000.1 0.999562
1722800000 29793.7 -0.069842 5000.09 0.999562
1722900000 29793.7 -0.0667048 5000.09 0.999568
1723000000 29793.7 0.787316 4999.95 0.999712
1723100000 29793.7 -0.104782 5000.1 0.999563
1723200000 29793.7 0.0725069 5000.07 0.999645
1723300000 29793.7 0.0524287 5000.07 0.999605
1723400000 29793.7 -0.0114038 5000.08 0.999567
1723500000 29793.7 0.00870608 5000.08 0.999593
1723600000 29793.7 -0.113747 5000.1 0.99956
1723700000 29793.7 -0.178992 5000.11 0.999584
1723800000 29793.7 -0.0324638 5000.08 0.999565
1723900000 29793.7 0.308502 5000.03 0.99967
1724000000 29793.7 -0.153872 5000.1 0.99956
1724100000 29793.7 -0.0906471 5000.09 0.999566
1724200000 29793.7 0.271062 5000.03 0.999662
1724300000 29793.7 1.75207 4999.78 0.999877
1724400000 29793.7 0.625653 4999.97 0.999689
1724500000 29793.7 0.312497 5000.03 0.99969
1724600000 29793.7 -0.178478 5000.11 0.999577
1724700000 29793.7 -0.222517 5000.11 0.999562
1724800000 29793.7 0.838591 4999.94 0.999757
1724900000 29793.7 0.00330863 5000.08 0.999601
1725000000 29793.7 3.34377 4999.52 1.00002
1725100000 29793.7 0.429984 5000.01 0.999685
1725200000 29793.7 -0.179422 5000.11 0.999566
1725300000 29793.7 -0.103544 5000.09 0.999563
1725400000 29793.7 -0.16632 5000.11 0.999557
1725500000 29793.7 -0.129298 5000.1 0.999561
1725600000 29793.7 -0.183816 5000.11 0.999578
1725700000 29793.7 -0.11555 5000.1 0.99958
1725800000 29793.7 1.78631 4999.78 0.999853
1725900000 29793.7 -0.144603 5000.1 0.999587
1726000000 29793.7 -0.1111 5000.1 0.999561
1726100000 29793.7 0.299817 5000.03 0.99965
1726200000 29793.7 -0.0240298 5000.08 0.999566
1726300000 29793.7 -0.103416 5000.09 0.999575
1726400000 29793.7 0.652658 4999.97 0.999718
1726500000 29793.7 -0.270883 5000.12 0.999587
1726600000 29793.7 1.36953 4999.85 0.99983
1726700000 29793.7 -0.0162794 5000.08 0.999566
1726800000 29793.7 -0.0496671 5000.09 0.999564
1726900000 29793.7 0.444436 5000 0.999666
1727000000 29793.7 1.33965 4999.85 0.99978
1727100000 29793.7 0.592065 4999.98 0.999746
1727200000 29793.7 0.43055 5000.01 0.999672
1727300000 29793.7 -0.0558966 5000.09 0.999562
1727400000 29793.7 -0.0705496 5000.09 0.999571
1727500000 29793.7 0.624794 4999.97 0.999736
1727600000 29793.7 -0.0647626 5000.09 0.999562
1727700000 29793.7 -0.161747 5000.1 0.999578
1727800000 29793.7 -0.103922 5000.09 0.999562
1727900000 29793.7 -0.0850179 5000.09 0.999571
1728000000 29793.7 0.697316 4999.96 0.999748
1728100000 29793.7 -0.0667894 5000.09 0.999561
1728200000 29793.7 0.562754 4999.98 0.999686
1728300000 29793.7 0.438028 5000 0.99968
1728400000 29793.7 -0.111413 5000.1 0.999566
1728500000 29793.7 -0.0931021 5000.09 0.999559
1728600000 29793.7 2.19262 4999.71 0.999943
1728700000 29793.7 0.624222 4999.97 0.999734
1728800000 29793.7 -0.180656 5000.11 0.999572
1728900000 29793.7 -0.0487025 5000.09 0.99958
1729000000 29793.7 0.566694 4999.98 0.999695
1729100000 29793.7 0.125681 5000.06 0.999639
1729200000 29793.7 -0.173507 5000.11 0.999561
1729300000 29793.7 -0.14299 5000.1 0.999574
1729400000 29793.7 0.389285 5000.01 0.999679
1729500000 29793.7 -0.0109093 5000.08 0.999567
1729600000 29793.7 -0.093296 5000.09 0.999564
1729700000 29793.7 -0.23679 5000.12 0.999565
1729800000 29793.7 0.158352 5000.05 0.999641
1729900000 29793.7 -0.123685 5000.1 0.99959
1730000000 29793.7 -0.116547 5000.1 0.999564
1730100000 29793.7 -0.0560811 5000.09 0.999564
1730200000 29793.7 -0.0127714 5000.08 0.999567
1730300000 29793.7 0.120527 5000.06 0.99965
1730400000 29793.7 -0.0952552 5000.09 0.999596
1730500000 29793.7 -0.0900347 5000.09 0.999593
1730600000 29793.7 -0.0211232 5000.08 0.999596
1730700000 29793.7 -0.0893261 5000.09 0.999561
1730800000 29793.7 0.248932 5000.04 0.999662
1730900000 29793.7 -0.0356488 5000.08 0.999566
1731000000 29793.7 -0.0699677 5000.09 0.999587
1731100000 29793.7 -0.0857421 5000.09 0.999566
1731200000 29793.7 -0.0403926 5000.08 0.999565
1731300000 29793.7 0.487853 5000 0.999717
1731400000 29793.7 -0.209967 5000.11 0.999561
1731500000 29793.7 -0.0862737 5000.09 0.999561
1731600000 29793.7 -0.129906 5000.1 0.999572
1731700000 29793.7 0.838082 4999.94 0.999727
1731800000 29793.7 -0.157417 5000.1 0.99956
1731900000 29793.7 4.43302 4999.33 1.00009
1732000000 29793.7 0.278315 5000.03 0.999672
1732100000 29793.7 -0.024949 5000.08 0.999566
1732200000 29793.7 1.37128 4999.85 0.999828
1732300000 29793.7 -0.0776335 5000.09 0.99957
1732400000 29793.7 -0.0401652 5000.08 0.999564
1732500000 29793.7 -0.139388 5000.1 0.999558
1732600000 29793.7 0.477882 5000 0.999685
1732700000 29793.7 -0.0640738 5000.09 0.999563
1732800000 29793.7 -0.0668828 5000.09 0.999561
1732900000 29793.7 0.106562 5000.06 0.999652
1733000000 29793.7 -0.0968928 5000.09 0.99956
1733100000 29793.7 -0.0458363 5000.09 0.999563
1733200000 29793.7 -0.0232288 5000.08 0.999621
1733300000 29793.7 -0.199483 5000.11 0.999565
1733400000 29793.7 -0.0702935 5000.09 0.999563
1733500000 29793.7 2.33916 4999.68 0.999945
1733600000 29793.7 -0.184517 5000.11 0.999558
1733700000 29793.7 -0.191642 5000.11 0.999557
1733800000 29793.7 -0.119713 5000.1 0.99956
1733900000 29793.7 0.173563 5000.05 0.999672
1734000000 29793.7 0.330033 5000.02 0.999677
1734100000 29793.7 0.333192 5000.02 0.999652
1734200000 29793.7 0.00936017 5000.08 0.999626
1734300000 29793.7 -0.036408 5000.08 0.999564
1734400000 29793.7 -0.111343 5000.1 0.999576
1734500000 29793.7 -0.0986606 5000.09 0.999562
1734600000 29793.7 -0.169515 5000.11 0.99958
1734700000 29793.7 -0.148617 5000.1 0.999559
1734800000 29793.7 -0.0874613 5000.09 0.999591
1734900000 29793.7 1.96932 4999.75 0.999878
1735000000 29793.7 -0.0263302 5000.08 0.999566
1735100000 29793.7 0.0396752 5000.07 0.999625
1735200000 29793.7 3.53717 4999.48 1.00005
1735300000 29793.7 -0.00214811 5000.08 0.999568
1735400000 29793.7 -0.0990264 5000.09 0.999585
1735500000 29793.7 -0.0419664 5000.08 0.999564
1735600000 29793.7 -0.110674 5000.1 0.999561
1735700000 29793.7 -0.197032 5000.11 0.999576
1735800000 29793.7 -0.000974178 5000.08 0.999604
1735900000 29793.7 0.664186 4999.97 0.99973
1736000000 29793.7 -0.189547 5000.11 0.99958
1736100000 29793.7 -0.166962 5000.11 0.999577
1736200000 29793.7 0.236834 5000.04 0.999634
1736300000 29793.7 0.126231 5000.06 0.999632
1736400000 29793.7 -0.128026 5000.1 0.999574
1736500000 29793.7 -0.103113 5000.09 0.99956
1736600000 29793.7 -0.212022 5000.11 0.999558
1736700000 29793.7 -0.181895 5000.11 0.999559
1736800000 29793.7 -0.0264287 5000.08 0.999565
1736900000 29793.7 -0.0982359 5000.09 0.99957
1737000000 29793.7 -0.00899365 5000.08 0.999617
1737100000 29793.7 0.323652 5000.02 0.999663
1737200000 29793.7 -0.0527118 5000.09 0.999564
1737300000 29793.7 0.0319535 5000.07 0.999607
1737400000 29793.7 -0.101879 5000.09 0.999565
1737500000 29793.7 -0.140302 5000.1 0.999589
1737600000 29793.7 0.0471087 5000.07 0.999615
1737700000 29793.7 0.678396 4999.96 0.999698
1737800000 29793.7 -0.213182 5000.11 0.999559
1737900000 29793.7 1.51351 4999.82 0.999841
1738000000 29793.7 1.53951 4999.82 0.999819
1738100000 29793.7 0.496869 4999.99 0.999713
1738200000 29793.7 -0.0142378 5000.08 0.999567
1738300000 29793.7 -0.12883 5000.1 0.999564
1738400000 29793.7 -0.0999086 5000.09 0.999573
1738500000 29793.7 -0.113078 5000.1 0.99958
1738600000 29793.7 0.315551 5000.02 0.999668
1738700000 29793.7 -0.0714359 5000.09 0.999561
1738800000 29793.7 -0.137808 5000.1 0.999564
1738900000 29793.7 -0.17627 5000.11 0.999585
1739000000 29793.7 0.130058 5000.06 0.999637
1739100000 29793.7 -0.0799538 5000.09 0.999562
1739200000 29793.7 -0.115536 5000.1 0.999579
1739300000 29793.7 -0.125009 5000.1 0.999561
1739400000 29793.7 -0.102648 5000.09 0.999609
1739500000 29793.7 0.157284 5000.05 0.999629
1739600000 29793.7 0.132473 5000.06 0.999647
1739700000 29793.7 0.05729 5000.07 0.999604
1739800000 29793.7 0.0332165 5000.07 0.999603
1739900000 29793.7 1.18061 4999.88 0.999765
1740000000 29793.7 -0.1335 5000.1 0.999565
1740100000 29793.7 -0.0998703 5000.09 0.999614
1740200000 29793.7 -0.197702 5000.11 0.999567
1740300000 29793.7 0.161273 5000.05 0.999637
1740400000 29793.7 -0.111718 5000.1 0.999572
1740500000 29793.7 -0.123381 5000.1 0.999569
1740600000 29793.7 -0.115144 5000.1 0.999569
1740700000 29793.7 0.0132849 5000.08 0.999611
1740800000 29793.7 -0.0804944 5000.09 0.999565
1740900000 29793.7 0.452767 5000 0.999673
1741000000 29793.7 -0.162558 5000.1 0.999562
1741100000 29793.7 -0.047964 5000.09 0.99959
1741200000 29793.7 -0.0748466 5000.09 0.999562
1741300000 29793.7 0.299358 5000.03 0.999646
1741400000 29793.7 -0.124767 5000.1 0.999561
1741500000 29793.7 -0.16788 5000.11 0.999582
1741600000 29793.7 0.608994 4999.98 0.9997
1741700000 29793.7 -0.141986 5000.1 0.999561
1741800000 29793.7 -0.200754 5000.11 0.999571
1741900000 29793.7 -0.103429 5000.09 0.999566
1742000000 29793.7 -0.0940478 5000.09 0.999559
1742100000 29793.7 -0.0990124 5000.09 0.999561
1742200000 29793.7 1.87704 4999.76 0.999891
1742300000 29793.7 -0.0694164 5000.09 0.999565
1742400000 29793.7 -0.0642611 5000.09 0.999585
1742500000 29793.7 -0.243326 5000.12 0.999563
1742600000 29793.7 -0.0190449 5000.08 0.999566
1742700000 29793.7 0.582409 4999.98 0.999695
1742800000 29793.7 -0.0865216 5000.09 0.999563
1742900000 29793.7 -0.0792608 5000.09 0.999562
1743000000 29793.7 -0.195955 5000.11 0.999582
1743100000 29793.7 0.407539 5000.01 0.999711
1743200000 29793.7 -0.0652607 5000.09 0.999562
1743300000 29793.7 -0.137905 5000.1 0.999601
1743400000 29793.7 -0.128154 5000.1 0.999571
1743500000 29793.7 -0.0620539 5000.09 0.999562
1743600000 29793.7 0.198972 5000.04 0.999648
1743700000 29793.7 1.28959 4999.86 0.999778
1743800000 29793.7 3.34089 4999.52 1.00003
1743900000 29793.7 -0.0870638 5000.09 0.999563
1744000000 29793.7 -0.155655 5000.1 0.999589
1744100000 29793.7 0.0905209 5000.06 0.999647
1744200000 29793.7 1.10192 4999.89 0.999789
1744300000 29793.7 -0.17837 5000.11 0.999564
1744400000 29793.7 -0.0336491 5000.08 0.999603
1744500000 29793.7 0.0168246 5000.07 0.999609
1744600000 29793.7 1.07947 4999.9 0.999784
1744700000 29793.7 -0.169949 5000.11 0.999557
1744800000 29793.7 0.334858 5000.02 0.999649
1744900000 29793.7 -0.146195 5000.1 0.99956
1745000000 29793.7 -0.111362 5000.1 0.999574
1745100000 29793.7 -0.132676 5000.1 0.99956
1745200000 29793.7 0.224183 5000.04 0.999666
1745300000 29793.7 0.0317336 5000.07 0.999605
1745400000 29793.7 0.339129 5000.02 0.999651
1745500000 29793.7 -0.152591 5000.1 0.999576
1745600000 29793.7 0.150321 5000.05 0.999653
1745700000 29793.7 -0.154665 5000.1 0.999565
1745800000 29793.7 0.308421 5000.03 0.999651
1745900000 29793.7 -0.218625 5000.11 0.999563
1746000000 29793.7 -0.097226 5000.09 0.999571
1746100000 29793.7 -0.128301 5000.1 0.999578
1746200000 29793.7 3.28086 4999.53 0.999996
1746300000 29793.7 0.635179 4999.97 0.999719
1746400000 29793.7 -0.00207543 5000.08 0.999591
1746500000 29793.7 -0.135095 5000.1 0.99956
1746600000 29793.7 1.74108 4999.79 0.999877
1746700000 29793.7 -0.0188597 5000.08 0.999595
1746800000 29793.7 -0.0505776 5000.09 0.999563
1746900000 29793.7 -0.0944077 5000.09 0.99956
1747000000 29793.7 0.409778 5000.01 0.999665
1747100000 29793.7 -0.161392 5000.1 0.999559
1747200000 29793.7 0.247113 5000.04 0.99964
1747300000 29793.7 -0.0823852 5000.09 0.999603
1747400000 29793.7 -0.00608521 5000.08 0.999648
1747500000 29793.7 -0.0589169 5000.09 0.999566
1747600000 29793.7 -0.111867 5000.1 0.999561
1747700000 29793.7 -0.109987 5000.1 0.999564
1747800000 29793.7 -0.117538 5000.1 0.999576
1747900000 29793.7 -0.0855906 5000.09 0.999561
1748000000 29793.7 -0.140907 5000.1 0.99956
1748100000 29793.7 -0.194636 5000.11 0.999556
1748200000 29793.7 -0.132614 5000.1 0.999611
1748300000 29793.7 -0.0978863 5000.09 0.999563
1748400000 29793.7 -0.0413069 5000.08 0.999599
1748500000 29793.7 -0.253819 5000.12 0.999571
1748600000 29793.7 0.1613 5000.05 0.999621
1748700000 29793.7 -0.312708 5000.13 0.99956
1748800000 29793.7 -0.0853745 5000.09 0.999565
1748900000 29793.7 -0.244679 5000.12 0.999561
1749000000 29793.7 -0.131714 5000.1 0.99956
1749100000 29793.7 -0.172877 5000.11 0.999565
1749200000 29793.7 0.174321 5000.05 0.99965
1749300000 29793.7 1.70397 4999.79 0.999875
1749400000 29793.7 -0.105934 5000.1 0.999573
1749500000 29793.7 1.34648 4999.85 0.999809
1749600000 29793.7 -0.100315 5000.09 0.999581
1749700000 29793.7 0.0899748 5000.06 0.999621
1749800000 29793.7 3.20007 4999.54 1.00002
1749900000 29793.7 0.30468 5000.03 0.999644
1750000000 29793.7 -0.097111 5000.09 0.99956
1750100000 29793.7 -0.146175 5000.1 0.999557
1750200000 29793.7 -0.199694 5000.11 0.99957
1750300000 29793.7 0.0794946 5000.06 0.999615
1750400000 29793.7 -0.159678 5000.1 0.999561
1750500000 29793.7 -0.185753 5000.11 0.999559
1750600000 29793.7 -0.166918 5000.11 0.999558
1750700000 29793.7 -0.0570199 5000.09 0.999564
1750800000 29793.7 -0.0378706 5000.08 0.999606
1750900000 29793.7 -0.0485943 5000.09 0.999579
1751000000 29793.7 1.09363 4999.89 0.999795
1751100000 29793.7 0.410714 5000.01 0.999671
1751200000 29793.7 -0.0943176 5000.09 0.999564
1751300000 29793.7 0.043853 5000.07 0.999608
1751400000 29793.7 0.526185 4999.99 0.999686
1751500000 29793.7 -0.233974 5000.12 0.999562
1751600000 29793.7 -0.174239 5000.11 0.999569
1751700000 29793.7 -0.0370977 5000.08 0.999565
1751800000 29793.7 -0.112489 5000.1 0.99958
1751900000 29793.7 -0.10803 5000.1 0.999565
1752000000 29793.7 -0.0950983 5000.09 0.999583
1752100000 29793.7 1.69282 4999.79 0.999819
1752200000 29793.7 -0.163319 5000.1 0.999558
1752300000 29793.7 -0.0668197 5000.09 0.999596
1752400000 29793.7 0.231222 5000.04 0.999676
1752500000 29793.7 -0.0667511 5000.09 0.999583
1752600000 29793.7 0.963664 4999.92 0.99975
1752700000 29793.7 -0.186807 5000.11 0.999572
1752800000 29793.7 -0.05421 5000.09 0.999585
1752900000 29793.7 -0.204979 5000.11 0.999563
1753000000 29793.7 0.373101 5000.01 0.999671
1753100000 29793.7 -0.191079 5000.11 0.99958
1753200000 29793.7 -0.0569779 5000.09 0.999564
1753300000 29793.7 -0.049999 5000.09 0.999563
1753400000 29793.7 -0.108155 5000.1 0.999565
1753500000 29793.7 0.205687 5000.04 0.999646
1753600000 29793.7 -0.224657 5000.12 0.999571
1753700000 29793.7 0.768122 4999.95 0.999718
1753800000 29793.7 -0.243836 5000.12 0.999592
1753900000 29793.7 -0.0791851 5000.09 0.99958
1754000000 29793.7 -0.289717 5000.13 0.99957
1754100000 29793.7 -0.185539 5000.11 0.999576
1754200000 29793.7 0.921495 4999.92 0.999734
1754300000 29793.7 -0.110615 5000.1 0.999563
1754400000 29793.7 -0.0370962 5000.08 0.999564
1754500000 29793.7 -0.0956373 5000.09 0.999562
1754600000 29793.7 -0.0359571 5000.08 0.999565
1754700000 29793.7 -0.1021 5000.09 0.999574
1754800000 29793.7 0.193554 5000.04 0.999663
1754900000 29793.7 -0.0565832 5000.09 0.999588
1755000000 29793.7 -0.103828 5000.09 0.999561
1755100000 29793.7 0.0344747 5000.07 0.999625
1755200000 29793.7 -0.0571343 5000.09 0.999568
1755300000 29793.7 -0.115577 5000.1 0.999561
1755400000 29793.7 -0.0809852 5000.09 0.999561
1755500000 29793.7 0.0617721 5000.07 0.999628
1755600000 29793.7 -0.0768478 5000.09 0.999566
1755700000 29793.7 -0.143068 5000.1 0.99956
1755800000 29793.7 -0.0700671 5000.09 0.999561
1755900000 29793.7 0.55145 4999.98 0.999715
1756000000 29793.7 -0.167949 5000.11 0.99956
1756100000 29793.7 -0.141132 5000.1 0.999581
1756200000 29793.7 0.0735781 5000.07 0.999615
1756300000 29793.7 -0.00899945 5000.08 0.999614
1756400000 29793.7 -0.163236 5000.1 0.999583
1756500000 29793.7 0.944697 4999.92 0.99979
1756600000 29793.7 -0.16574 5000.11 0.99958
1756700000 29793.7 -0.213357 5000.11 0.99956
1756800000 29793.7 -0.112466 5000.1 0.999564
1756900000 29793.7 -0.233544 5000.12 0.999556
1757000000 29793.7 -0.0242694 5000.08 0.999566
1757100000 29793.7 -0.103001 5000.09 0.999587
1757200000 29793.7 -0.152247 5000.1 0.999566
1757300000 29793.7 -0.119213 5000.1 0.99957
1757400000 29793.7 -0.0920189 5000.09 0.999564
1757500000 29793.7 -0.114598 5000.1 0.999576
1757600000 29793.7 -0.0779488 5000.09 0.99958
1757700000 29793.7 0.265463 5000.03 0.999649
1757800000 29793.7 -0.0750981 5000.09 0.999577
1757900000 29793.7 -0.188248 5000.11 0.999555
1758000000 29793.7 -0.006251 5000.08 0.999568
1758100000 29793.7 -0.117337 5000.1 0.999607
1758200000 29793.7 4.65316 4999.3 1.00022
1758300000 29793.7 -0.0421486 5000.08 0.999564
1758400000 29793.7 -0.181636 5000.11 0.999581
1758500000 29793.7 1.49076 4999.83 0.999854
1758600000 29793.7 -0.0821257 5000.09 0.999573
1758700000 29793.7 -0.0772069 5000.09 0.999562
1758800000 29793.7 -0.011443 5000.08 0.999567
1758900000 29793.7 -0.0517396 5000.09 0.999563
1759000000 29793.7 -0.240632 5000.12 0.999563
1759100000 29793.7 -0.00257169 5000.08 0.999634
1759200000 29793.7 -0.146067 5000.1 0.999559
1759300000 29793.7 -0.0633649 5000.09 0.999597
1759400000 29793.7 -0.119436 5000.1 0.999561
1759500000 29793.7 -0.0828676 5000.09 0.999578
1759600000 29793.7 0.594992 4999.98 0.999701
1759700000 29793.7 -0.319048 5000.13 0.99958
1759800000 29793.7 0.0338811 5000.07 0.999632
1759900000 29793.7 0.869646 4999.93 0.999728
1760000000 29793.7 4.62695 4999.3 1.00019
1760100000 29793.7 -0.184754 5000.11 0.999562
1760200000 29793.7 -0.128909 5000.1 0.999577
1760300000 29793.7 -0.0598095 5000.09 0.999587
1760400000 29793.7 -0.0457066 5000.09 0.999583
1760500000 29793.7 0.180192 5000.05 0.999629
1760600000 29793.7 -0.139238 5000.1 0.999564
1760700000 29793.7 -0.186914 5000.11 0.999564
1760800000 29793.7 -0.156719 5000.1 0.999569
1760900000 29793.7 -0.0629128 5000.09 0.999563
1761000000 29793.7 1.26424 4999.87 0.999791
1761100000 29793.7 -0.0895398 5000.09 0.999568
1761200000 29793.7 -0.134151 5000.1 0.99956
1761300000 29793.7 0.215863 5000.04 0.999634
1761400000 29793.7 -0.0769977 5000.09 0.999588
1761500000 29793.7 2.23835 4999.7 1
1761600000 29793.7 -0.0343036 5000.08 0.999586
1761700000 29793.7 0.0723364 5000.07 0.99962
1761800000 29793.7 0.395811 5000.01 0.999683
1761900000 29793.7 0.0780173 5000.06 0.999637
1762000000 29793.7 0.197223 5000.04 0.999638
1762100000 29793.7 -0.124564 5000.1 0.999562
1762200000 29793.7 0.208458 5000.04 0.999664
1762300000 29793.7 0.953584 4999.92 0.999771
1762400000 29793.7 -0.0901936 5000.09 0.999561
1762500000 29793.7 1.41103 4999.84 0.999844
1762600000 29793.7 -0.132978 5000.1 0.99956
1762700000 29793.7 2.21441 4999.71 0.999888
1762800000 29793.7 1.24069 4999.87 0.9998
1762900000 29793.7 -0.144342 5000.1 0.999584
1763000000 29793.7 1.31726 4999.86 0.999821
1763100000 29793.7 -0.0764311 5000.09 0.999566
1763200000 29793.7 -0.0834287 5000.09 0.999616
1763300000 29793.7 0.0772467 5000.06 0.999681
1763400000 29793.7 0.287827 5000.03 0.999642
1763500000 29793.7 3.66587 4999.46 1.00002
1763600000 29793.7 -0.14746 5000.1 0.999559
1763700000 29793.7 -0.215111 5000.11 0.999592
1763800000 29793.7 0.126513 5000.06 0.999645
1763900000 29793.7 -0.123955 5000.1 0.99956
1764000000 29793.7 -0.0380386 5000.08 0.999583
1764100000 29793.7 -0.0375018 5000.08 0.999564
1764200000 29793.7 -0.125345 5000.1 0.999559
1764300000 29793.7 -0.082239 5000.09 0.999561
1764400000 29793.7 0.0442368 5000.07 0.999631
1764500000 29793.7 1.15301 4999.88 0.999757
1764600000 29793.7 -0.182575 5000.11 0.999583
1764700000 29793.7 -0.246919 5000.12 0.999578
1764800000 29793.7 -0.125037 5000.1 0.999562
1764900000 29793.7 1.06841 4999.9 0.999748
1765000000 29793.7 0.777963 4999.95 0.999734
1765100000 29793.7 -0.0860309 5000.09 0.999592
1765200000 29793.7 -0.0332002 5000.08 0.999565
1765300000 29793.7 -0.117759 5000.1 0.999586
1765400000 29793.7 0.909897 4999.92 0.999739
1765500000 29793.7 -0.10253 5000.09 0.999558
1765600000 29793.7 -0.16777 5000.11 0.999556
1765700000 29793.7 -0.0847974 5000.09 0.999562
1765800000 29793.7 -0.0726106 5000.09 0.999565
1765900000 29793.7 0.00757806 5000.08 0.999617
1766000000 29793.7 -0.148582 5000.1 0.999563
1766100000 29793.7 -0.0563491 5000.09 0.999567
1766200000 29793.7 0.00833708 5000.08 0.99962
1766300000 29793.7 -0.0612359 5000.09 0.999583
1766400000 29793.7 -0.156789 5000.1 0.999565
1766500000 29793.7 -0.0573505 5000.09 0.999564
1766600000 29793.7 -0.187469 5000.11 0.999556
1766700000 29793.7 -0.0200543 5000.08 0.999566
1766800000 29793.7 -0.04542 5000.09 0.999564
1766900000 29793.7 -0.0948248 5000.09 0.999561
1767000000 29793.7 -0.094224 5000.09 0.999563
1767100000 29793.7 0.317633 5000.02 0.999703
1767200000 29793.7 0.807246 4999.94 0.999752
1767300000 29793.7 -0.0984896 5000.09 0.99956
1767400000 29793.7 1.12088 4999.89 0.999786
1767500000 29793.7 0.141861 5000.05 0.999666
1767600000 29793.7 -0.183246 5000.11 0.99956
1767700000 29793.7 -0.0929619 5000.09 0.999563
1767800000 29793.7 -0.0341652 5000.08 0.999598
1767900000 29793.7 -0.14677 5000.1 0.999573
1768000000 29793.7 0.0424235 5000.07 0.999635
1768100000 29793.7 -0.0697471 5000.09 0.999562
1768200000 29793.7 -0.144608 5000.1 0.999595
1768300000 29793.7 -0.168578 5000.11 0.999555
1768400000 29793.7 -0.040521 5000.08 0.999565
1768500000 29793.7 1.34442 4999.85 0.999858
1768600000 29793.7 -0.0292372 5000.08 0.999565
1768700000 29793.7 -0.157924 5000.1 0.999556
1768800000 29793.7 -0.0884798 5000.09 0.999567
1768900000 29793.7 0.0335277 5000.07 0.999605
1769000000 29793.7 -0.113891 5000.1 0.999578
1769100000 29793.7 -0.0701541 5000.09 0.999584
1769200000 29793.7 0.159572 5000.05 0.999626
1769300000 29793.7 -0.133853 5000.1 0.999558
1769400000 29793.7 -0.0364431 5000.08 0.999564
1769500000 29793.7 -0.145705 5000.1 0.999575
1769600000 29793.7 0.0315063 5000.07 0.999597
1769700000 29793.7 -0.096431 5000.09 0.999564
1769800000 29793.7 -0.180454 5000.11 0.999565
1769900000 29793.7 -0.0787216 5000.09 0.999562
1770000000 29793.7 -0.0824244 5000.09 0.999599
1770100000 29793.7 0.484705 5000 0.999729
1770200000 29793.7 -0.17834 5000.11 0.999559
1770300000 29793.7 -0.127923 5000.1 0.999568
1770400000 29793.7 -0.0300464 5000.08 0.999565
1770500000 29793.7 -0.0226932 5000.08 0.999566
1770600000 29793.7 0.936478 4999.92 0.999736
1770700000 29793.7 -0.0823571 5000.09 0.99956
1770800000 29793.7 0.431029 5000.01 0.99968
1770900000 29793.7 -0.201627 5000.11 0.999566
1771000000 29793.7 -0.179483 5000.11 0.999566
1771100000 29793.7 -0.0378268 5000.08 0.999564
1771200000 29793.7 -0.155719 5000.1 0.999558
1771300000 29793.7 1.0236 4999.91 0.99977
1771400000 29793.7 -0.040175 5000.08 0.999591
1771500000 29793.7 0.167565 5000.05 0.999632
1771600000 29793.7 -0.032592 5000.08 0.999565
1771700000 29793.7 0.364808 5000.02 0.999699
1771800000 29793.7 -0.108416 5000.1 0.999593
1771900000 29793.7 -0.159404 5000.1 0.999567
1772000000 29793.7 0.176617 5000.05 0.999643
1772100000 29793.7 -0.104309 5000.09 0.999563
1772200000 29793.7 0.272078 5000.03 0.999651
1772300000 29793.7 0.371956 5000.02 0.999676
1772400000 29793.7 -0.0336971 5000.08 0.999565
1772500000 29793.7 -0.145993 5000.1 0.999561
1772600000 29793.7 0.0689902 5000.07 0.999625
1772700000 29793.7 -0.207563 5000.11 0.999579
1772800000 29793.7 -0.046058 5000.09 0.999598
1772900000 29793.7 -0.135448 5000.1 0.999562
1773000000 29793.7 -0.0118897 5000.08 0.999567
1773100000 29793.7 -0.0634846 5000.09 0.999562
1773200000 29793.7 -0.0953359 5000.09 0.999563
1773300000 29793.7 -0.104186 5000.09 0.999563
1773400000 29793.7 1.18397 4999.88 0.999808
1773500000 29793.7 -0.128932 5000.1 0.999575
1773600000 29793.7 -0.0105117 5000.08 0.999567
1773700000 29793.7 1.21564 4999.87 0.9998
1773800000 29793.7 0.461062 5000 0.999718
1773900000 29793.7 -0.176597 5000.11 0.999587
1774000000 29793.7 -0.127597 5000.1 0.999559
1774100000 29793.7 -0.139299 5000.1 0.99956
1774200000 29793.7 0.099805 5000.06 0.999614
1774300000 29793.7 0.245271 5000.04 0.99966
1774400000 29793.7 -0.155401 5000.1 0.999561
1774500000 29793.7 -0.147577 5000.1 0.999561
1774600000 29793.7 0.700977 4999.96 0.999746
1774700000 29793.7 -0.0934304 5000.09 0.999599
1774800000 29793.7 -0.0985132 5000.09 0.999567
1774900000 29793.7 0.168087 5000.05 0.999676
1775000000 29793.7 -0.107175 5000.1 0.99956
1775100000 29793.7 -0.0491469 5000.09 0.999596
1775200000 29793.7 -0.148507 5000.1 0.999558
1775300000 29793.7 -0.228224 5000.12 0.999566
1775400000 29793.7 -0.0944214 5000.09 0.999561
1775500000 29793.7 -0.0147503 5000.08 0.999567
1775600000 29793.7 -0.172645 5000.11 0.999574
1775700000 29793.7 -0.142421 5000.1 0.999561
1775800000 29793.7 -0.199798 5000.11 0.999562
1775900000 29793.7 -0.0756817 5000.09 0.999616
1776000000 29793.7 -0.150573 5000.1 0.999554
1776100000 29793.7 -0.123252 5000.1 0.999562
1776200000 29793.7 -0.157951 5000.1 0.999573
1776300000 29793.7 -0.0829438 5000.09 0.99958
1776400000 29793.7 -0.0423675 5000.08 0.999565
1776500000 29793.7 0.201586 5000.04 0.999676
1776600000 29793.7 -0.132101 5000.1 0.999562
1776700000 29793.7 -0.0965151 5000.09 0.999562
1776800000 29793.7 -0.175913 5000.11 0.999591
1776900000 29793.7 2.22799 4999.7 0.999891
1777000000 29793.7 -0.19253 5000.11 0.999573
1777100000 29793.7 -0.021112 5000.08 0.999566
1777200000 29793.7 -0.099312 5000.09 0.99957
1777300000 29793.7 -0.068806 5000.09 0.999587
1777400000 29793.7 -0.0964005 5000.09 0.999562
1777500000 29793.7 -0.203916 5000.11 0.999574
1777600000 29793.7 -0.17983 5000.11 0.999598
1777700000 29793.7 -0.183698 5000.11 0.999574
1777800000 29793.7 -0.179695 5000.11 0.999565
1777900000 29793.7 -0.0873732 5000.09 0.999614
1778000000 29793.7 -0.123375 5000.1 0.999563
1778100000 29793.7 -0.0543396 5000.09 0.999585
1778200000 29793.7 0.0107939 5000.08 0.999595
1778300000 29793.7 -0.190827 5000.11 0.999567
1778400000 29793.7 -0.120673 5000.1 0.999578
1778500000 29793.7 0.109103 5000.06 0.999627
1778600000 29793.7 0.575156 4999.98 0.999689
1778700000 29793.7 -0.152144 5000.1 0.99956
1778800000 29793.7 -0.0465935 5000.09 0.999588
1778900000 29793.7 -0.123323 5000.1 0.999579
1779000000 29793.7 1.08441 4999.9 0.999752
1779100000 29793.7 -0.0648799 5000.09 0.999564
1779200000 29793.7 -0.112426 5000.1 0.999571
1779300000 29793.7 -0.0682439 5000.09 0.999564
1779400000 29793.7 -0.170817 5000.11 0.99957
1779500000 29793.7 -0.180839 5000.11 0.999561
1779600000 29793.7 0.0530002 5000.07 0.999604
1779700000 29793.7 -0.0622231 5000.09 0.999563
1779800000 29793.7 -0.0460872 5000.09 0.999564
1779900000 29793.7 -0.0816974 5000.09 0.999565
1780000000 29793.7 -0.141058 5000.1 0.999557
1780100000 29793.7 2.13253 4999.72 0.999872
1780200000 29793.7 -0.11728 5000.1 0.999565
1780300000 29793.7 -0.0674457 5000.09 0.999576
1780400000 29793.7 -0.10306 5000.09 0.999559
1780500000 29793.7 -0.0805105 5000.09 0.999608
1780600000 29793.7 -0.14743 5000.1 0.999557
1780700000 29793.7 -0.0792492 5000.09 0.99956
1780800000 29793.7 -0.092208 5000.09 0.999561
1780900000 29793.7 0.00992041 5000.08 0.999629
1781000000 29793.7 -0.175919 5000.11 0.999561
1781100000 29793.7 -0.11096 5000.1 0.99956
1781200000 29793.7 -0.194242 5000.11 0.999574
1781300000 29793.7 -0.0134174 5000.08 0.999619
1781400000 29793.7 -0.140248 5000.1 0.999585
1781500000 29793.7 -0.0718887 5000.09 0.999563
1781600000 29793.7 0.47776 5000 0.999669
1781700000 29793.7 -0.0395236 5000.08 0.999635
1781800000 29793.7 0.0262571 5000.07 0.999641
1781900000 29793.7 -0.0176919 5000.08 0.999567
1782000000 29793.7 -0.0730988 5000.09 0.999569
1782100000 29793.7 1.48686 4999.83 0.999799
1782200000 29793.7 -0.157231 5000.1 0.999579
1782300000 29793.7 -0.0409962 5000.08 0.999564
1782400000 29793.7 -0.0786484 5000.09 0.99956
1782500000 29793.7 -0.117057 5000.1 0.999559
1782600000 29793.7 -0.115494 5000.1 0.999561
1782700000 29793.7 -0.199171 5000.11 0.999582
1782800000 29793.7 -0.12853 5000.1 0.999579
1782900000 29793.7 -0.132235 5000.1 0.999561
1783000000 29793.7 -0.0669727 5000.09 0.999562
1783100000 29793.7 0.0326748 5000.07 0.99961
1783200000 29793.7 -0.032814 5000.08 0.999564
1783300000 29793.7 -0.0695131 5000.09 0.999561
1783400000 29793.7 2.30467 4999.69 0.999899
1783500000 29793.7 -0.0271628 5000.08 0.999613
1783600000 29793.7 -0.0733593 5000.09 0.999568
1783700000 29793.7 -0.110684 5000.1 0.999563
1783800000 29793.7 2.47024 4999.66 0.999917
1783900000 29793.7 -0.0693129 5000.09 0.999567
1784000000 29793.7 -0.0627993 5000.09 0.999589
1784100000 29793.7 -0.178916 5000.11 0.999567
1784200000 29793.7 -0.132639 5000.1 0.999568
1784300000 29793.7 -0.0286458 5000.08 0.999566
1784400000 29793.7 -0.0944984 5000.09 0.999586
1784500000 29793.7 -0.157272 5000.1 0.999576
1784600000 29793.7 -0.129094 5000.1 0.999561
1784700000 29793.7 -0.177062 5000.11 0.999559
1784800000 29793.7 -0.019245 5000.08 0.999566
1784900000 29793.7 0.0279776 5000.07 0.999626
1785000000 29793.7 -0.0153431 5000.08 0.999566
1785100000 29793.7 -0.0468161 5000.09 0.999616
1785200000 29793.7 0.400478 5000.01 0.999659
1785300000 29793.7 -0.189671 5000.11 0.999566
1785400000 29793.7 0.30495 5000.03 0.999675
1785500000 29793.7 -0.0834944 5000.09 0.99957
1785600000 29793.7 0.248194 5000.04 0.999685
1785700000 29793.7 0.0903904 5000.06 0.999634
1785800000 29793.7 0.0847821 5000.06 0.999609
1785900000 29793.7 -0.0791387 5000.09 0.999563
1786000000 29793.7 -0.0364357 5000.08 0.999564
1786100000 29793.7 0.0111096 5000.08 0.999603
1786200000 29793.7 -0.0847409 5000.09 0.999587
1786300000 29793.7 -0.126291 5000.1 0.999562
1786400000 29793.7 -0.121837 5000.1 0.999589
1786500000 29793.7 0.244506 5000.04 0.999639
1786600000 29793.7 0.718824 4999.96 0.999734
1786700000 29793.7 -0.0856915 5000.09 0.999577
1786800000 29793.7 1.56342 4999.82 0.999831
1786900000 29793.7 -0.160344 5000.1 0.999562
1787000000 29793.7 -0.0689401 5000.09 0.999563
1787100000 29793.7 -0.0104239 5000.08 0.999567
1787200000 29793.7 0.0297859 5000.07 0.999603
1787300000 29793.7 0.245595 5000.04 0.999682
1787400000 29793.7 -0.279868 5000.12 0.999581
1787500000 29793.7 1.51011 4999.82 0.999821
1787600000 29793.7 -0.0425522 5000.08 0.999564
1787700000 29793.7 -0.088382 5000.09 0.999562
1787800000 29793.7 -0.113338 5000.1 0.999573
1787900000 29793.7 -0.0892864 5000.09 0.99956
1788000000 29793.7 -0.121887 5000.1 0.999565
1788100000 29793.7 0.00342484 5000.08 0.999604
1788200000 29793.7 -0.257846 5000.12 0.999569
1788300000 29793.7 2.07941 4999.73 0.999862
1788400000 29793.7 -0.0309443 5000.08 0.999631
1788500000 29793.7 -0.0971102 5000.09 0.999565
1788600000 29793.7 0.532581 4999.99 0.999715
1788700000 29793.7 -0.0636037 5000.09 0.999586
1788800000 29793.7 -0.0538013 5000.09 0.999593
1788900000 29793.7 -0.0977816 5000.09 0.999559
1789000000 29793.7 0.189967 5000.05 0.99963
1789100000 29793.7 -0.124981 5000.1 0.999596
1789200000 29793.7 -0.165432 5000.11 0.999586
1789300000 29793.7 -0.110545 5000.1 0.999574
1789400000 29793.7 -0.0077716 5000.08 0.999594
1789500000 29793.7 -0.125529 5000.1 0.999563
1789600000 29793.7 0.050135 5000.07 0.999617
1789700000 29793.7 0.220366 5000.04 0.999641
1789800000 29793.7 0.0106709 5000.08 0.99964
1789900000 29793.7 0.384785 5000.01 0.999681
1790000000 29793.7 -0.0278735 5000.08 0.999602
1790100000 29793.7 -0.0743741 5000.09 0.999564
1790200000 29793.7 -0.178383 5000.11 0.999564
1790300000 29793.7 -0.134164 5000.1 0.999572
1790400000 29793.7 -0.131228 5000.1 0.999584
1790500000 29793.7 -0.0238735 5000.08 0.999587
1790600000 29793.7 -0.180283 5000.11 0.999582
1790700000 29793.7 -0.0835199 5000.09 0.999561
1790800000 29793.7 -0.157821 5000.1 0.999565
1790900000 29793.7 -0.223706 5000.12 0.999578
1791000000 29793.7 -0.0505419 5000.09 0.999563
1791100000 29793.7 0.0386352 5000.07 0.999623
1791200000 29793.7 -0.115695 5000.1 0.999561
1791300000 29793.7 4.98809 4999.24 1.00024
1791400000 29793.7 0.760749 4999.95 0.999763
1791500000 29793.7 -0.0771638 5000.09 0.999565
1791600000 29793.7 -0.223825 5000.12 0.999575
1791700000 29793.7 0.703861 4999.96 0.999703
1791800000 29793.7 -0.170363 5000.11 0.999563
1791900000 29793.7 -0.0908312 5000.09 0.999564
1792000000 29793.7 -0.134447 5000.1 0.999561
1792100000 29793.7 0.0555066 5000.07 0.999619
1792200000 29793.7 -0.0923421 5000.09 0.999562
1792300000 29793.7 0.204027 5000.04 0.999635
1792400000 29793.7 0.388192 5000.01 0.999688
1792500000 29793.7 -0.0145149 5000.08 0.999567
1792600000 29793.7 -0.282544 5000.12 0.999573
1792700000 29793.7 0.390597 5000.01 0.999666
1792800000 29793.7 -0.146423 5000.1 0.999567
1792900000 29793.7 0.21268 5000.04 0.999665
1793000000 29793.7 1.08884 4999.89 0.999751
1793100000 29793.7 -0.165189 5000.11 0.999568
1793200000 29793.7 0.0226861 5000.07 0.999612
1793300000 29793.7 -0.13507 5000.1 0.999561
1793400000 29793.7 -0.108389 5000.1 0.999586
1793500000 29793.7 -0.0668953 5000.09 0.999571
1793600000 29793.7 -0.0947245 5000.09 0.999586
1793700000 29793.7 0.112889 5000.06 0.99963
1793800000 29793.7 0.98029 4999.91 0.999841
1793900000 29793.7 0.0275438 5000.07 0.999627
1794000000 29793.7 -0.183845 5000.11 0.999562
1794100000 29793.7 -0.0766604 5000.09 0.999583
1794200000 29793.7 0.762084 4999.95 0.999779
1794300000 29793.7 -0.0678179 5000.09 0.999564
1794400000 29793.7 0.00336026 5000.08 0.999611
1794500000 29793.7 -0.0864212 5000.09 0.999562
1794600000 29793.7 -0.132577 5000.1 0.99957
1794700000 29793.7 -0.132659 5000.1 0.999561
1794800000 29793.7 -0.286645 5000.13 0.999558
1794900000 29793.7 -0.102815 5000.09 0.999563
1795000000 29793.7 1.16939 4999.88 0.999796
1795100000 29793.7 -0.0265089 5000.08 0.999566
1795200000 29793.7 0.0393081 5000.07 0.999615
1795300000 29793.7 -0.0887712 5000.09 0.999561
1795400000 29793.7 -0.141875 5000.1 0.999574
1795500000 29793.7 0.391624 5000.01 0.999657
1795600000 29793.7 -0.0532045 5000.09 0.999563
1795700000 29793.7 -0.00876147 5000.08 0.999567
1795800000 29793.7 0.222264 5000.04 0.999655
1795900000 29793.7 3.50463 4999.49 1
1796000000 29793.7 -0.0309985 5000.08 0.999565
1796100000 29793.7 -0.234249 5000.12 0.999557
1796200000 29793.7 -0.223951 5000.12 0.999567
1796300000 29793.7 0.887767 4999.93 0.999794
1796400000 29793.7 -0.00504164 5000.08 0.999568
1796500000 29793.7 -0.146338 5000.1 0.999562
1796600000 29793.7 -0.108768 5000.1 0.999563
1796700000 29793.7 -0.062435 5000.09 0.999584
1796800000 29793.7 -0.082248 5000.09 0.999567
1796900000 29793.7 -0.104779 5000.1 0.999559
1797000000 29793.7 -0.0655427 5000.09 0.999572
1797100000 29793.7 -0.0155755 5000.08 0.999566
1797200000 29793.7 -0.188651 5000.11 0.999576
1797300000 29793.7 -0.0147545 5000.08 0.999567
1797400000 29793.7 0.150305 5000.05 0.999665
1797500000 29793.7 1.00176 4999.91 0.999743
1797600000 29793.7 0.0737081 5000.06 0.999638
1797700000 29793.7 0.271303 5000.03 0.999646
1797800000 29793.7 -0.0376406 5000.08 0.999564
1797900000 29793.7 -0.123477 5000.1 0.999564
1798000000 29793.7 0.677821 4999.96 0.999703
1798100000 29793.7 -0.0632441 5000.09 0.999564
1798200000 29793.7 0.291331 5000.03 0.999648
1798300000 29793.7 -0.0934032 5000.09 0.999561
1798400000 29793.7 -0.059866 5000.09 0.999563
1798500000 29793.7 -0.0012399 5000.08 0.999591
1798600000 29793.7 -0.0713678 5000.09 0.999562
1798700000 29793.7 0.0281082 5000.07 0.999625
1798800000 29793.7 -0.0556489 5000.09 0.999563
1798900000 29793.7 -0.0599111 5000.09 0.999565
1799000000 29793.7 -0.045086 5000.09 0.999565
1799100000 29793.7 -0.0741797 5000.09 0.999564
1799200000 29793.7 0.330975 5000.02 0.999656
1799300000 29793.7 0.65262 4999.97 0.999709
1799400000 29793.7 -0.0190091 5000.08 0.999566
1799500000 29793.7 -0.0531391 5000.09 0.999599
1799600000 29793.7 -0.0882642 5000.09 0.999565
1799700000 29793.7 -0.188168 5000.11 0.99957
1799800000 29793.7 -0.119227 5000.1 0.999561
1799900000 29793.7 -0.1822 5000.11 0.999583
1800000000 29793.7 -0.1043 5000.09 0.999569
1800100000 29793.7 -0.220612 5000.11 0.99956
1800200000 29793.7 0.0173706 5000.07 0.999605
1800300000 29793.7 0.125442 5000.06 0.99963
1800400000 29793.7 -0.11488 5000.1 0.999559
1800500000 29793.7 -0.197867 5000.11 0.999568
1800600000 29793.7 -0.0491327 5000.09 0.999563
1800700000 29793.7 -0.126784 5000.1 0.99956
1800800000 29793.7 -0.0524081 5000.09 0.999563
1800900000 29793.7 0.00974202 5000.08 0.999611
1801000000 29793.7 0.888393 4999.93 0.999759
1801100000 29793.7 -0.0262957 5000.08 0.999565
1801200000 29793.7 2.23576 4999.7 0.999973
1801300000 29793.7 -0.238628 5000.12 0.999579
1801400000 29793.7 -0.0554641 5000.09 0.999563
1801500000 29793.7 -0.20438 5000.11 0.999557
1801600000 29793.7 -0.157568 5000.1 0.999559
1801700000 29793.7 0.715742 4999.96 0.999718
1801800000 29793.7 -0.0494278 5000.09 0.999564
1801900000 29793.7 0.135516 5000.05 0.999622
1802000000 29793.7 -0.0914996 5000.09 0.999566
1802100000 29793.7 -0.155298 5000.1 0.999558
1802200000 29793.7 0.303589 5000.03 0.999644
1802300000 29793.7 -0.175849 5000.11 0.999592
1802400000 29793.7 -0.0616687 5000.09 0.999565
1802500000 29793.7 -0.188158 5000.11 0.999579
1802600000 29793.7 -0.0355485 5000.08 0.999566
1802700000 29793.7 3.23135 4999.53 1.00005
1802800000 29793.7 -0.129933 5000.1 0.999571
1802900000 29793.7 -0.145081 5000.1 0.999582
1803000000 29793.7 0.0361785 5000.07 0.999636
1803100000 29793.7 -0.0605455 5000.09 0.999563
1803200000 29793.7 -0.0816915 5000.09 0.999579
1803300000 29793.7 -0.113533 5000.1 0.999562
1803400000 29793.7 -0.157024 5000.1 0.999563
1803500000 29793.7 -0.0902888 5000.09 0.999564
1803600000 29793.7 1.46763 4999.83 0.999798
1803700000 29793.7 -0.0353809 5000.08 0.999564
1803800000 29793.7 -0.17649 5000.11 0.999583
1803900000 29793.7 -0.161935 5000.1 0.999574
1804000000 29793.7 3.39536 4999.51 0.999991
1804100000 29793.7 -0.0754762 5000.09 0.999563
1804200000 29793.7 -0.0723262 5000.09 0.999561
1804300000 29793.7 -0.092927 5000.09 0.99956
1804400000 29793.7 -0.0664783 5000.09 0.999564
1804500000 29793.7 -0.118587 5000.1 0.999562
1804600000 29793.7 -0.111749 5000.1 0.999561
1804700000 29793.7 -0.201061 5000.11 0.999578
1804800000 29793.7 -0.151785 5000.1 0.99957
1804900000 29793.7 -0.0269149 5000.08 0.999566
1805000000 29793.7 -0.189763 5000.11 0.999635
1805100000 29793.7 -0.0751669 5000.09 0.999563
1805200000 29793.7 0.100388 5000.06 0.999633
1805300000 29793.7 -0.044752 5000.08 0.999564
1805400000 29793.7 -0.126054 5000.1 0.999594
1805500000 29793.7 -0.00162443 5000.08 0.99959
1805600000 29793.7 -0.221894 5000.11 0.999565
1805700000 29793.7 -0.280271 5000.12 0.999559
1805800000 29793.7 -0.0161658 5000.08 0.999566
1805900000 29793.7 -0.141211 5000.1 0.99958
1806000000 29793.7 0.16025 5000.05 0.999685
1806100000 29793.7 3.06453 4999.56 0.999987
1806200000 29793.7 -0.238656 5000.12 0.999587
1806300000 29793.7 0.851749 4999.93 0.99975
1806400000 29793.7 -0.0312157 5000.08 0.999593
1806500000 29793.7 -0.158255 5000.1 0.99956
1806600000 29793.7 -0.135277 5000.1 0.999567
1806700000 29793.7 1.72691 4999.79 0.999842
1806800000 29793.7 -0.10431 5000.09 0.999587
1806900000 29793.7 -0.141099 5000.1 0.999581
1807000000 29793.7 0.439279 5000 0.999692
1807100000 29793.7 -0.034736 5000.08 0.999565
1807200000 29793.7 -0.153817 5000.1 0.999559
1807300000 29793.7 -0.0342843 5000.08 0.999565
1807400000 29793.7 -0.078666 5000.09 0.999561
1807500000 29793.7 0.443413 5000 0.999674
1807600000 29793.7 0.0467694 5000.07 0.999606
1807700000 29793.7 -0.0498537 5000.09 0.999564
1807800000 29793.7 -0.0907456 5000.09 0.999564
1807900000 29793.7 -0.132273 5000.1 0.999598
1808000000 29793.7 -0.135112 5000.1 0.999571
1808100000 29793.7 0.0891969 5000.06 0.999624
1808200000 29793.7 -0.0644967 5000.09 0.999562
1808300000 29793.7 -0.0587488 5000.09 0.999575
1808400000 29793.7 0.0446625 5000.07 0.9996
1808500000 29793.7 0.528143 4999.99 0.9997
1808600000 29793.7 1.53292 4999.82 0.999875
1808700000 29793.7 -0.0895998 5000.09 0.999569
1808800000 29793.7 -0.0624131 5000.09 0.999574
1808900000 29793.7 -0.07651 5000.09 0.999567
1809000000 29793.7 -0.172295 5000.11 0.999558
1809100000 29793.7 2.63542 4999.64 1.00005
1809200000 29793.7 -0.0898868 5000.09 0.999566
1809300000 29793.7 -0.0395178 5000.08 0.999564
1809400000 29793.7 0.11737 5000.06 0.999634
1809500000 29793.7 -0.17756 5000.11 0.999558
1809600000 29793.7 -0.131446 5000.1 0.999564
1809700000 29793.7 -0.0546023 5000.09 0.999563
1809800000 29793.7 -0.132047 5000.1 0.99956
1809900000 29793.7 -0.0841817 5000.09 0.999565
1810000000 29793.7 -0.0663791 5000.09 0.999563
1810100000 29793.7 1.52314 4999.82 0.999838
1810200000 29793.7 -0.171429 5000.11 0.999562
1810300000 29793.7 0.126837 5000.06 0.999634
1810400000 29793.7 -0.129197 5000.1 0.999558
1810500000 29793.7 -0.123275 5000.1 0.999565
1810600000 29793.7 -0.140578 5000.1 0.999557
1810700000 29793.7 -0.178415 5000.11 0.999576
1810800000 29793.7 1.25549 4999.87 0.999874
1810900000 29793.7 -0.109062 5000.1 0.999558
1811000000 29793.7 -0.12771 5000.1 0.999566
1811100000 29793.7 1.54249 4999.82 0.999861
1811200000 29793.7 -0.147633 5000.1 0.999593
1811300000 29793.7 -0.223526 5000.11 0.999559
1811400000 29793.7 -0.24545 5000.12 0.999576
1811500000 29793.7 0.918903 4999.92 0.999742
1811600000 29793.7 -0.111686 5000.1 0.999563
1811700000 29793.7 -0.0920731 5000.09 0.999562
1811800000 29793.7 -0.0774538 5000.09 0.999575
1811900000 29793.7 -0.0832089 5000.09 0.999571
1812000000 29793.7 1.08035 4999.9 0.999817
1812100000 29793.7 -0.0522783 5000.09 0.999564
1812200000 29793.7 -0.149025 5000.1 0.999562
1812300000 29793.7 -0.0751686 5000.09 0.999588
1812400000 29793.7 0.852855 4999.93 0.999759
1812500000 29793.7 -0.0690285 5000.09 0.999565
1812600000 29793.7 -0.106041 5000.1 0.99956
1812700000 29793.7 1.59565 4999.81 0.999823
1812800000 29793.7 1.20766 4999.87 0.999771
1812900000 29793.7 2.76748 4999.61 0.999937
1813000000 29793.7 -0.241438 5000.12 0.999563
1813100000 29793.7 -0.0709149 5000.09 0.999562
1813200000 29793.7 -0.067677 5000.09 0.999562
1813300000 29793.7 -0.0724304 5000.09 0.999564
1813400000 29793.7 -0.106162 5000.1 0.999565
1813500000 29793.7 -0.126668 5000.1 0.999571
1813600000 29793.7 0.333317 5000.02 0.999659
1813700000 29793.7 -0.0385266 5000.08 0.999564
1813800000 29793.7 -0.0444934 5000.08 0.999566
1813900000 29793.7 -0.133801 5000.1 0.99956
1814000000 29793.7 -0.155581 5000.1 0.999578
1814100000 29793.7 0.440899 5000 0.999672
1814200000 29793.7 -0.170816 5000.11 0.999623
1814300000 29793.7 -0.105781 5000.1 0.999567
1814400000 29793.7 -0.0672747 5000.09 0.999581
1814500000 29793.7 -0.0858588 5000.09 0.99956
1814600000 29793.7 0.0845651 5000.06 0.999619
1814700000 29793.7 -0.0958692 5000.09 0.999621
1814800000 29793.7 0.0386759 5000.07 0.999607
1814900000 29793.7 -0.160291 5000.1 0.999585
1815000000 29793.7 -0.0792823 5000.09 0.999561
1815100000 29793.7 0.219418 5000.04 0.999663
1815200000 29793.7 -0.0494577 5000.09 0.999564
1815300000 29793.7 -0.0546974 5000.09 0.999564
1815400000 29793.7 -0.00649448 5000.08 0.999568
1815500000 29793.7 -0.0670592 5000.09 0.999562
1815600000 29793.7 1.45192 4999.83 0.99979
1815700000 29793.7 -0.0750222 5000.09 0.999561
1815800000 29793.7 -0.162379 5000.1 0.999567
1815900000 29793.7 -0.218604 5000.11 0.999595
1816000000 29793.7 0.0265105 5000.07 0.999611
1816100000 29793.7 -0.137065 5000.1 0.999561
1816200000 29793.7 -0.158299 5000.1 0.999566
1816300000 29793.7 -0.0645899 5000.09 0.999563
1816400000 29793.7 -0.10091 5000.09 0.999577
1816500000 29793.7 0.61615 4999.97 0.999723
1816600000 29793.7 -0.0854462 5000.09 0.999562
1816700000 29793.7 -0.117839 5000.1 0.999584
1816800000 29793.7 0.639502 4999.97 0.999737
1816900000 29793.7 -0.247225 5000.12 0.999568
1817000000 29793.7 -0.101453 5000.09 0.999562
1817100000 29793.7 -0.133336 5000.1 0.999573
1817200000 29793.7 0.600586 4999.98 0.99974
1817300000 29793.7 -0.139742 5000.1 0.999589
1817400000 29793.7 -0.255783 5000.12 0.999574
1817500000 29793.7 -0.0934435 5000.09 0.999576
1817600000 29793.7 -0.0668856 5000.09 0.999564
1817700000 29793.7 -0.0668618 5000.09 0.99957
1817800000 29793.7 -0.139335 5000.1 0.999558
1817900000 29793.7 0.170149 5000.05 0.999629
1818000000 29793.7 0.126757 5000.06 0.999651
1818100000 29793.7 1.2624 4999.87 0.999767
1818200000 29793.7 -0.250581 5000.12 0.999565
1818300000 29793.7 -0.118211 5000.1 0.999562
1818400000 29793.7 3.46963 4999.5 1.00007
1818500000 29793.7 -0.123726 5000.1 0.999591
1818600000 29793.7 1.8429 4999.77 0.999852
1818700000 29793.7 1.60245 4999.81 0.999833
1818800000 29793.7 2.30899 4999.69 0.999943
1818900000 29793.7 0.426112 5000.01 0.999745
1819000000 29793.7 -0.20222 5000.11 0.999564
1819100000 29793.7 0.36933 5000.02 0.999666
1819200000 29793.7 -0.153606 5000.1 0.999569
1819300000 29793.7 -0.167822 5000.11 0.999577
1819400000 29793.7 -0.0255274 5000.08 0.999566
1819500000 29793.7 -0.116246 5000.1 0.999566
1819600000 29793.7 0.194238 5000.04 0.999628
1819700000 29793.7 -0.0673902 5000.09 0.999562
1819800000 29793.7 -0.0958738 5000.09 0.999564
1819900000 29793.7 -0.0398228 5000.08 0.999564
1820000000 29793.7 -0.144949 5000.1 0.99956
1820100000 29793.7 -0.0300586 5000.08 0.999565
1820200000 29793.7 1.11037 4999.89 0.999788
1820300000 29793.7 -0.0410227 5000.08 0.999564
1820400000 29793.7 -0.0364243 5000.08 0.999564
1820500000 29793.7 -0.17118 5000.11 0.999559
1820600000 29793.7 -0.116796 5000.1 0.999576
1820700000 29793.7 -0.169472 5000.11 0.999574
1820800000 29793.7 1.47075 4999.83 0.999793
1820900000 29793.7 -0.240816 5000.12 0.999569
1821000000 29793.7 -0.145935 5000.1 0.999603
1821100000 29793.7 0.125569 5000.06 0.99962
1821200000 29793.7 0.209142 5000.04 0.999647
1821300000 29793.7 -0.0864924 5000.09 0.999561
1821400000 29793.7 0.836109 4999.94 0.999765
1821500000 29793.7 -0.149786 5000.1 0.999559
1821600000 29793.7 -0.027291 5000.08 0.999565
1821700000 29793.7 2.08843 4999.73 0.999873
1821800000 29793.7 3.59263 4999.47 1.00004
1821900000 29793.7 -0.15793 5000.1 0.999574
1822000000 29793.7 -0.0611562 5000.09 0.999586
1822100000 29793.7 0.00790705 5000.08 0.999599
1822200000 29793.7 -0.027303 5000.08 0.999566
1822300000 29793.7 -0.0511644 5000.09 0.999566
1822400000 29793.7 -0.137696 5000.1 0.999558
1822500000 29793.7 0.090018 5000.06 0.999618
1822600000 29793.7 -0.155699 5000.1 0.99957
1822700000 29793.7 -0.124167 5000.1 0.999607
1822800000 29793.7 -0.0787855 5000.09 0.999583
1822900000 29793.7 -0.0848626 5000.09 0.999565
1823000000 29793.7 0.00099149 5000.08 0.999617
1823100000 29793.7 -0.187367 5000.11 0.999567
1823200000 29793.7 -0.13414 5000.1 0.999562
1823300000 29793.7 -0.0999003 5000.09 0.999562
1823400000 29793.7 -0.0518238 5000.09 0.999564
1823500000 29793.7 -0.0122436 5000.08 0.999567
1823600000 29793.7 -0.110949 5000.1 0.999559
1823700000 29793.7 -0.106916 5000.1 0.999576
1823800000 29793.7 0.190913 5000.05 0.999653
1823900000 29793.7 -0.118525 5000.1 0.999564
1824000000 29793.7 -0.0773675 5000.09 0.999565
1824100000 29793.7 0.563519 4999.98 0.999685
1824200000 29793.7 -0.1447 5000.1 0.99956
1824300000 29793.7 -0.102574 5000.09 0.999566
1824400000 29793.7 0.704573 4999.96 0.999705
1824500000 29793.7 -0.119557 5000.1 0.999567
1824600000 29793.7 -0.207892 5000.11 0.999572
1824700000 29793.7 -0.216165 5000.11 0.99956
1824800000 29793.7 -0.18619 5000.11 0.999563
1824900000 29793.7 3.67733 4999.46 1.00006
1825000000 29793.7 0.613441 4999.97 0.9997
1825100000 29793.7 2.38304 4999.68 0.999949
1825200000 29793.7 -0.11202 5000.1 0.999568
1825300000 29793.7 0.0253752 5000.07 0.999612
1825400000 29793.7 -0.0693238 5000.09 0.999566
1825500000 29793.7 0.642477 4999.97 0.999742
1825600000 29793.7 0.901043 4999.93 0.999731
1825700000 29793.7 -0.0810455 5000.09 0.999562
1825800000 29793.7 -0.0511393 5000.09 0.999564
1825900000 29793.7 0.439445 5000 0.999709
1826000000 29793.7 0.184403 5000.05 0.999648
1826100000 29793.7 0.484787 5000 0.999701
1826200000 29793.7 -0.225772 5000.12 0.99956
1826300000 29793.7 -0.068308 5000.09 0.999565
1826400000 29793.7 -0.27177 5000.12 0.999575
1826500000 29793.7 -0.125582 5000.1 0.999565
1826600000 29793.7 -0.162602 5000.1 0.999583
1826700000 29793.7 2.18647 4999.71 0.999898
1826800000 29793.7 -0.0461291 5000.09 0.999598
1826900000 29793.7 0.017102 5000.07 0.99962
1827000000 29793.7 -0.172754 5000.11 0.999575
1827100000 29793.7 0.296711 5000.03 0.999656
1827200000 29793.7 -0.053072 5000.09 0.999563
1827300000 29793.7 0.809071 4999.94 0.999783
1827400000 29793.7 -0.067925 5000.09 0.999582
1827500000 29793.7 -0.0316255 5000.08 0.999565
1827600000 29793.7 0.965408 4999.92 0.999786
1827700000 29793.7 -0.133135 5000.1 0.99956
1827800000 29793.7 0.187595 5000.05 0.99963
1827900000 29793.7 1.66283 4999.8 0.99983
1828000000 29793.7 -0.0833654 5000.09 0.999584
1828100000 29793.7 -0.149593 5000.1 0.999568
1828200000 29793.7 0.921741 4999.92 0.999754
1828300000 29793.7 0.0341758 5000.07 0.999616
1828400000 29793.7 -0.0721138 5000.09 0.999562
1828500000 29793.7 -0.0420052 5000.08 0.999565
1828600000 29793.7 0.379961 5000.01 0.99966
1828700000 29793.7 -0.167488 5000.11 0.999609
1828800000 29793.7 -0.072676 5000.09 0.999564
1828900000 29793.7 0.0929669 5000.06 0.99962
1829000000 29793.7 -0.041077 5000.08 0.999565
1829100000 29793.7 -0.136914 5000.1 0.999568
1829200000 29793.7 0.152598 5000.05 0.99964
1829300000 29793.7 -0.0960667 5000.09 0.999574
1829400000 29793.7 -0.1744 5000.11 0.999564
1829500000 29793.7 -0.135876 5000.1 0.999567
1829600000 29793.7 -0.0572609 5000.09 0.999563
1829700000 29793.7 -0.132141 5000.1 0.999565
1829800000 29793.7 -0.0778533 5000.09 0.999562
1829900000 29793.7 -0.127813 5000.1 0.999566
1830000000 29793.7 -0.0902173 5000.09 0.99956
1830100000 29793.7 4.42602 4999.33 1.00019
1830200000 29793.7 -0.10676 5000.1 0.999563
1830300000 29793.7 0.0541203 5000.07 0.999623
1830400000 29793.7 0.092664 5000.06 0.999638
1830500000 29793.7 -0.0348495 5000.08 0.999565
1830600000 29793.7 -0.0507758 5000.09 0.999619
1830700000 29793.7 -0.123313 5000.1 0.999587
1830800000 29793.7 -0.129436 5000.1 0.999579
1830900000 29793.7 0.84332 4999.94 0.999717
1831000000 29793.7 -0.19509 5000.11 0.999573
1831100000 29793.7 -0.0646885 5000.09 0.999562
1831200000 29793.7 -0.0996327 5000.09 0.999564
1831300000 29793.7 2.25412 4999.7 0.999882
1831400000 29793.7 -0.235144 5000.12 0.999572
1831500000 29793.7 -0.263245 5000.12 0.999573
1831600000 29793.7 0.0725564 5000.07 0.99963
1831700000 29793.7 0.128611 5000.06 0.999647
1831800000 29793.7 -0.060822 5000.09 0.999578
1831900000 29793.7 -0.043979 5000.08 0.999565
1832000000 29793.7 -0.030014 5000.08 0.999565
1832100000 29793.7 -0.0172187 5000.08 0.999567
1832200000 29793.7 0.677853 4999.96 0.999703
1832300000 29793.7 0.074565 5000.06 0.999611
1832400000 29793.7 0.505997 4999.99 0.999684
1832500000 29793.7 -0.169391 5000.11 0.99956
1832600000 29793.7 -0.0254158 5000.08 0.999586
1832700000 29793.7 -0.227334 5000.12 0.999557
1832800000 29793.7 -0.0647386 5000.09 0.999562
1832900000 29793.7 0.30135 5000.03 0.999658
1833000000 29793.7 -0.0332117 5000.08 0.999606
1833100000 29793.7 -0.199084 5000.11 0.999564
1833200000 29793.7 -0.0128701 5000.08 0.999567
1833300000 29793.7 0.557968 4999.98 0.9997
1833400000 29793.7 -0.0145081 5000.08 0.999567
1833500000 29793.7 0.277446 5000.03 0.999692
1833600000 29793.7 -0.0919455 5000.09 0.999568
1833700000 29793.7 -0.0697878 5000.09 0.999584
1833800000 29793.7 -0.0850772 5000.09 0.999561
1833900000 29793.7 0.450944 5000 0.999683
1834000000 29793.7 0.0247565 5000.07 0.999633
1834100000 29793.7 -0.00397309 5000.08 0.999568
1834200000 29793.7 -0.07067 5000.09 0.999579
1834300000 29793.7 -0.145464 5000.1 0.999561
1834400000 29793.7 -0.127384 5000.1 0.999559
1834500000 29793.7 0.441965 5000 0.999715
1834600000 29793.7 -0.154294 5000.1 0.999568
1834700000 29793.7 -0.143813 5000.1 0.99958
1834800000 29793.7 -0.0525501 5000.09 0.999609
1834900000 29793.7 0.801205 4999.94 0.999755
1835000000 29793.7 -0.140031 5000.1 0.999587
1835100000 29793.7 0.392849 5000.01 0.99966
1835200000 29793.7 -0.198279 5000.11 0.999569
1835300000 29793.7 2.38974 4999.68 0.999925
1835400000 29793.7 3.82928 4999.44 1.00004
1835500000 29793.7 -0.121571 5000.1 0.999557
1835600000 29793.7 2.99837 4999.57 1
1835700000 29793.7 -0.0981514 5000.09 0.999576
1835800000 29793.7 -0.10576 5000.1 0.999565
1835900000 29793.7 -0.164405 5000.11 0.999557
1836000000 29793.7 -0.0555965 5000.09 0.999566
1836100000 29793.7 0.200044 5000.04 0.999629
1836200000 29793.7 -0.177735 5000.11 0.999564
1836300000 29793.7 -0.0710078 5000.09 0.999604
1836400000 29793.7 0.630395 4999.97 0.999707
1836500000 29793.7 0.641544 4999.97 0.999718
1836600000 29793.7 -0.110711 5000.1 0.999562
1836700000 29793.7 0.371183 5000.02 0.999691
1836800000 29793.7 0.915095 4999.92 0.999735
1836900000 29793.7 -0.195563 5000.11 0.999558
1837000000 29793.7 -0.153259 5000.1 0.999561
1837100000 29793.7 -0.111576 5000.1 0.999568
1837200000 29793.7 -0.143169 5000.1 0.999561
1837300000 29793.7 -0.253873 5000.12 0.99957
1837400000 29793.7 -0.0701643 5000.09 0.999615
1837500000 29793.7 -0.0884868 5000.09 0.999563
1837600000 29793.7 -0.100954 5000.09 0.99957
1837700000 29793.7 -0.128912 5000.1 0.999559
1837800000 29793.7 0.45294 5000 0.999693
1837900000 29793.7 0.0373475 5000.07 0.999632
1838000000 29793.7 -0.114738 5000.1 0.999569
1838100000 29793.7 -0.20692 5000.11 0.999553
1838200000 29793.7 1.73084 4999.79 0.999821
1838300000 29793.7 1.43436 4999.84 0.999849
1838400000 29793.7 -0.180418 5000.11 0.999568
1838500000 29793.7 0.0441449 5000.07 0.999612
1838600000 29793.7 1.90618 4999.76 0.999855
1838700000 29793.7 -0.116363 5000.1 0.999594
1838800000 29793.7 1.21997 4999.87 0.999834
1838900000 29793.7 -0.219455 5000.11 0.999558
1839000000 29793.7 0.0424154 5000.07 0.999621
1839100000 29793.7 -0.131199 5000.1 0.999565
1839200000 29793.7 -0.1811 5000.11 0.999554
1839300000 29793.7 -0.144287 5000.1 0.999569
1839400000 29793.7 -0.0726566 5000.09 0.999564
1839500000 29793.7 -0.069767 5000.09 0.999603
1839600000 29793.7 -0.127891 5000.1 0.999577
1839700000 29793.7 -0.0877767 5000.09 0.999561
1839800000 29793.7 -0.166245 5000.11 0.999562
1839900000 29793.7 -0.150254 5000.1 0.999562
1840000000 29793.7 -0.13998 5000.1 0.999572
1840100000 29793.7 -0.0931823 5000.09 0.999567
1840200000 29793.7 5.12059 4999.22 1.00026
1840300000 29793.7 -0.0642212 5000.09 0.999563
1840400000 29793.7 -0.0344863 5000.08 0.999565
1840500000 29793.7 -0.0345228 5000.08 0.999564
1840600000 29793.7 -0.0735309 5000.09 0.999567
1840700000 29793.7 -0.117447 5000.1 0.999564
1840800000 29793.7 1.0786 4999.9 0.999775
1840900000 29793.7 4.63378 4999.3 1.00014
1841000000 29793.7 -0.228921 5000.12 0.999573
1841100000 29793.7 8.84113 4998.59 1.00065
1841200000 29793.7 0.887308 4999.93 0.999744
1841300000 29793.7 -0.121037 5000.1 0.999557
1841400000 29793.7 2.19942 4999.71 0.999876
1841500000 29793.7 -0.0760898 5000.09 0.9996
1841600000 29793.7 -0.0853152 5000.09 0.99956
1841700000 29793.7 0.0174303 5000.07 0.999597
1841800000 29793.7 -0.11456 5000.1 0.999561
1841900000 29793.7 -0.150939 5000.1 0.999565
1842000000 29793.7 0.427602 5000.01 0.999668
1842100000 29793.7 0.570735 4999.98 0.999715
1842200000 29793.7 -0.0340977 5000.08 0.999607
1842300000 29793.7 0.343614 5000.02 0.999658
1842400000 29793.7 -0.0829575 5000.09 0.999578
1842500000 29793.7 0.0176133 5000.07 0.999609
1842600000 29793.7 -0.248972 5000.12 0.999569
1842700000 29793.7 -0.0528883 5000.09 0.999564
1842800000 29793.7 -0.138028 5000.1 0.999563
1842900000 29793.7 -0.126529 5000.1 0.99956
1843000000 29793.7 6.57801 4998.97 1.00028
1843100000 29793.7 -0.121719 5000.1 0.999582
1843200000 29793.7 -0.164961 5000.11 0.999564
1843300000 29793.7 -0.202444 5000.11 0.999558
1843400000 29793.7 0.0865788 5000.06 0.999632
1843500000 29793.7 1.36589 4999.85 0.999805
1843600000 29793.7 0.229908 5000.04 0.999673
1843700000 29793.7 0.0586988 5000.07 0.999645
1843800000 29793.7 -0.112322 5000.1 0.99956
1843900000 29793.7 1.59349 4999.81 0.999811
1844000000 29793.7 -0.000589301 5000.08 0.999595
1844100000 29793.7 -0.231984 5000.12 0.999584
1844200000 29793.7 0.0525954 5000.07 0.999602
1844300000 29793.7 -0.0874174 5000.09 0.999562
1844400000 29793.7 -0.121372 5000.1 0.999561
1844500000 29793.7 4.68773 4999.29 1.00013
1844600000 29793.7 -0.0389767 5000.08 0.999564
1844700000 29793.7 -0.179873 5000.11 0.999594
1844800000 29793.7 -0.0920619 5000.09 0.999561
1844900000 29793.7 0.195505 5000.04 0.999636
1845000000 29793.7 -0.0164583 5000.08 0.999598
1845100000 29793.7 -0.109191 5000.1 0.999561
1845200000 29793.7 0.60106 4999.98 0.999716
1845300000 29793.7 -0.11051 5000.1 0.999563
1845400000 29793.7 -0.0481177 5000.09 0.999564
1845500000 29793.7 -0.142271 5000.1 0.999557
1845600000 29793.7 -0.148275 5000.1 0.999566
1845700000 29793.7 -0.0598631 5000.09 0.999564
1845800000 29793.7 -0.105291 5000.1 0.99956
1845900000 29793.7 0.244387 5000.04 0.999656
1846000000 29793.7 -0.0520806 5000.09 0.999563
1846100000 29793.7 0.572513 4999.98 0.999713
1846200000 29793.7 -0.205171 5000.11 0.999578
1846300000 29793.7 -0.0383057 5000.08 0.999565
1846400000 29793.7 -0.212065 5000.11 0.999561
1846500000 29793.7 0.0713042 5000.07 0.999625
1846600000 29793.7 -0.0397331 5000.08 0.999603
1846700000 29793.7 -0.160687 5000.1 0.999558
1846800000 29793.7 0.400586 5000.01 0.999684
1846900000 29793.7 2.18207 4999.71 0.99989
1847000000 29793.7 -0.157873 5000.1 0.999572
1847100000 29793.7 -0.0375427 5000.08 0.999564
1847200000 29793.7 -0.125031 5000.1 0.999561
1847300000 29793.7 -0.0529405 5000.09 0.999564
1847400000 29793.7 0.0275531 5000.07 0.999596
1847500000 29793.7 -0.179845 5000.11 0.999559
1847600000 29793.7 -0.284866 5000.13 0.999566
1847700000 29793.7 -0.23771 5000.12 0.9996
1847800000 29793.7 -0.0769435 5000.09 0.999562
1847900000 29793.7 1.99657 4999.74 0.999912
1848000000 29793.7 2.72703 4999.62 0.999951
1848100000 29793.7 -0.109269 5000.1 0.999612
1848200000 29793.7 -0.12823 5000.1 0.99956
1848300000 29793.7 -0.14781 5000.1 0.999558
1848400000 29793.7 -0.0229996 5000.08 0.999566
1848500000 29793.7 0.0306738 5000.07 0.999631
1848600000 29793.7 -0.078478 5000.09 0.999562
1848700000 29793.7 0.0433901 5000.07 0.999628
1848800000 29793.7 -0.00813551 5000.08 0.99965
1848900000 29793.7 -0.179654 5000.11 0.999557
1849000000 29793.7 5.30233 4999.19 1.00017
1849100000 29793.7 0.569122 4999.98 0.999745
1849200000 29793.7 -0.236809 5000.12 0.999553
1849300000 29793.7 -0.0216352 5000.08 0.99959
1849400000 29793.7 -0.0251379 5000.08 0.999607
1849500000 29793.7 -0.0702906 5000.09 0.999567
1849600000 29793.7 -0.172557 5000.11 0.999577
1849700000 29793.7 -0.136931 5000.1 0.999564
1849800000 29793.7 3.07449 4999.56 1.00006
1849900000 29793.7 -0.0390079 5000.08 0.999564
1850000000 29793.7 -0.143365 5000.1 0.999559
1850100000 29793.7 -0.0582151 5000.09 0.999563
1850200000 29793.7 -0.165999 5000.11 0.999594
1850300000 29793.7 -0.135675 5000.1 0.999563
1850400000 29793.7 0.00470004 5000.08 0.999597
1850500000 29793.7 0.0729366 5000.07 0.999609
1850600000 29793.7 0.0828685 5000.06 0.999627
1850700000 29793.7 -0.0857548 5000.09 0.999565
1850800000 29793.7 -0.0493062 5000.09 0.999602
1850900000 29793.7 -0.173827 5000.11 0.999584
1851000000 29793.7 0.971531 4999.91 0.999807
1851100000 29793.7 -0.208179 5000.11 0.999576
1851200000 29793.7 -0.105974 5000.1 0.999587
1851300000 29793.7 -0.0448575 5000.09 0.999592
1851400000 29793.7 -0.203973 5000.11 0.999572
1851500000 29793.7 -0.233578 5000.12 0.999574
1851600000 29793.7 -0.101716 5000.09 0.999564
1851700000 29793.7 -0.151139 5000.1 0.999592
1851800000 29793.7 0.232774 5000.04 0.999661
1851900000 29793.7 -0.115496 5000.1 0.999572
1852000000 29793.7 0.779215 4999.95 0.999732
1852100000 29793.7 -0.101725 5000.09 0.99956
1852200000 29793.7 0.0321333 5000.07 0.999635
1852300000 29793.7 0.308093 5000.03 0.999644
1852400000 29793.7 -0.199709 5000.11 0.999557
1852500000 29793.7 -0.164378 5000.11 0.99956
1852600000 29793.7 -0.157414 5000.1 0.999561
1852700000 29793.7 -0.137924 5000.1 0.999575
1852800000 29793.7 -0.0609414 5000.09 0.999563
1852900000 29793.7 -0.194126 5000.11 0.999565
1853000000 29793.7 1.61563 4999.81 0.999824
1853100000 29793.7 -0.20533 5000.11 0.999575
1853200000 29793.7 -0.0273611 5000.08 0.999606
1853300000 29793.7 -0.11512 5000.1 0.999568
1853400000 29793.7 1.2704 4999.86 0.999778
1853500000 29793.7 -0.0883235 5000.09 0.999561
1853600000 29793.7 -0.108164 5000.1 0.999566
1853700000 29793.7 -0.0966074 5000.09 0.999594
1853800000 29793.7 -0.143925 5000.1 0.999602
1853900000 29793.7 -0.0261853 5000.08 0.999565
1854000000 29793.7 -0.0892131 5000.09 0.999599
1854100000 29793.7 -0.0966963 5000.09 0.99956
1854200000 29793.7 0.305611 5000.03 0.999648
1854300000 29793.7 -0.198036 5000.11 0.999585
1854400000 29793.7 0.0256569 5000.07 0.999611
1854500000 29793.7 -0.0672431 5000.09 0.999563
1854600000 29793.7 -0.104787 5000.1 0.99956
1854700000 29793.7 -0.0483659 5000.09 0.999564
1854800000 29793.7 -0.117046 5000.1 0.999562
1854900000 29793.7 0.103831 5000.06 0.999617
1855000000 29793.7 -0.10187 5000.09 0.999564
1855100000 29793.7 -0.0149253 5000.08 0.999628
1855200000 29793.7 -0.0540039 5000.09 0.999585
1855300000 29793.7 -0.0616474 5000.09 0.999575
1855400000 29793.7 -0.0200915 5000.08 0.999602
1855500000 29793.7 -0.0822048 5000.09 0.999566
1855600000 29793.7 0.0143365 5000.08 0.999598
1855700000 29793.7 3.02212 4999.57 0.999991
1855800000 29793.7 -0.129491 5000.1 0.999562
1855900000 29793.7 0.796806 4999.94 0.99974
1856000000 29793.7 -0.0697217 5000.09 0.999563
1856100000 29793.7 -0.0283031 5000.08 0.999596
1856200000 29793.7 -0.144116 5000.1 0.999563
1856300000 29793.7 -0.0361089 5000.08 0.999582
1856400000 29793.7 -0.0788955 5000.09 0.999562
1856500000 29793.7 -0.143073 5000.1 0.999578
1856600000 29793.7 -0.226748 5000.12 0.999568
1856700000 29793.7 -0.141482 5000.1 0.999565
1856800000 29793.7 0.11102 5000.06 0.999626
1856900000 29793.7 -0.0253838 5000.08 0.999565
1857000000 29793.7 -0.0653342 5000.09 0.999566
1857100000 29793.7 -0.095129 5000.09 0.999638
1857200000 29793.7 -0.0599118 5000.09 0.999564
1857300000 29793.7 -0.12826 5000.1 0.999563
1857400000 29793.7 -0.0448661 5000.09 0.999589
1857500000 29793.7 -0.128316 5000.1 0.999577
1857600000 29793.7 -0.125244 5000.1 0.99956
1857700000 29793.7 2.02252 4999.74 0.999879
1857800000 29793.7 -0.0456756 5000.09 0.999563
1857900000 29793.7 0.482648 5000 0.999673
1858000000 29793.7 0.220843 5000.04 0.999676
1858100000 29793.7 -0.0889176 5000.09 0.999562
1858200000 29793.7 -0.189702 5000.11 0.999576
1858300000 29793.7 0.578569 4999.98 0.999688
1858400000 29793.7 -0.114247 5000.1 0.999578
1858500000 29793.7 -0.0122958 5000.08 0.999567
1858600000 29793.7 -0.157851 5000.1 0.999562
1858700000 29793.7 -0.230338 5000.12 0.999567
1858800000 29793.7 -0.101229 5000.09 0.999619
1858900000 29793.7 -0.0605663 5000.09 0.999561
1859000000 29793.7 -0.165198 5000.11 0.999562
1859100000 29793.7 0.00312322 5000.08 0.999638
1859200000 29793.7 -0.107073 5000.1 0.999561
1859300000 29793.7 -0.0876224 5000.09 0.999564
1859400000 29793.7 -0.154375 5000.1 0.999562
1859500000 29793.7 -0.0801412 5000.09 0.999581
1859600000 29793.7 -0.250832 5000.12 0.999571
1859700000 29793.7 0.511965 4999.99 0.999728
1859800000 29793.7 -0.0851007 5000.09 0.999594
1859900000 29793.7 4.15226 4999.38 1.00012
1860000000 29793.7 -0.0641097 5000.09 0.999575
1860100000 29793.7 -0.132335 5000.1 0.999561
1860200000 29793.7 -0.136509 5000.1 0.999563
1860300000 29793.7 -0.0511764 5000.09 0.999563
1860400000 29793.7 -0.0804084 5000.09 0.999561
1860500000 29793.7 -0.0842333 5000.09 0.999561
1860600000 29793.7 0.151402 5000.05 0.999645
1860700000 29793.7 -0.0918923 5000.09 0.999562
1860800000 29793.7 0.157166 5000.05 0.999654
1860900000 29793.7 -0.109255 5000.1 0.99958
1861000000 29793.7 0.322331 5000.02 0.999648
1861100000 29793.7 -0.0427867 5000.08 0.999565
1861200000 29793.7 -0.12997 5000.1 0.999563
1861300000 29793.7 -0.0369626 5000.08 0.999565
1861400000 29793.7 0.89277 4999.93 0.999776
1861500000 29793.7 0.187177 5000.05 0.999642
1861600000 29793.7 2.18249 4999.71 0.999882
1861700000 29793.7 -0.17867 5000.11 0.999559
1861800000 29793.7 -0.0440114 5000.08 0.99958
1861900000 29793.7 -0.0425517 5000.08 0.999565
1862000000 29793.7 -0.0774346 5000.09 0.999562
1862100000 29793.7 -0.0720201 5000.09 0.999561
1862200000 29793.7 0.670192 4999.96 0.999781
1862300000 29793.7 -0.0625205 5000.09 0.999581
1862400000 29793.7 -0.121681 5000.1 0.999565
1862500000 29793.7 -0.159393 5000.1 0.999603
1862600000 29793.7 -0.121731 5000.1 0.999573
1862700000 29793.7 -0.19982 5000.11 0.999581
1862800000 29793.7 -0.30095 5000.13 0.99956
1862900000 29793.7 0.939517 4999.92 0.999749
1863000000 29793.7 0.0228189 5000.07 0.999614
1863100000 29793.7 -0.0799851 5000.09 0.999564
1863200000 29793.7 0.342845 5000.02 0.999717
1863300000 29793.7 -0.00905333 5000.08 0.999609
1863400000 29793.7 -0.193573 5000.11 0.999576
1863500000 29793.7 -0.0258458 5000.08 0.999623
1863600000 29793.7 -0.120156 5000.1 0.999587
1863700000 29793.7 -0.178648 5000.11 0.999574
1863800000 29793.7 -0.0966968 5000.09 0.999569
1863900000 29793.7 -0.0223807 5000.08 0.999621
1864000000 29793.7 0.127584 5000.06 0.999615
1864100000 29793.7 -0.025931 5000.08 0.999565
1864200000 29793.7 -0.244731 5000.12 0.99959
1864300000 29793.7 -0.211956 5000.11 0.999564
1864400000 29793.7 -0.234593 5000.12 0.999578
1864500000 29793.7 2.70968 4999.62 0.99994
1864600000 29793.7 -0.13608 5000.1 0.999595
1864700000 29793.7 -0.236075 5000.12 0.999566
1864800000 29793.7 -0.104305 5000.09 0.999563
1864900000 29793.7 -0.172052 5000.11 0.999565
1865000000 29793.7 -0.110561 5000.1 0.999575
1865100000 29793.7 -0.11872 5000.1 0.999559
1865200000 29793.7 -0.118148 5000.1 0.999582
1865300000 29793.7 -0.0328122 5000.08 0.999565
1865400000 29793.7 0.727393 4999.96 0.999749
1865500000 29793.7 -0.00453344 5000.08 0.999589
1865600000 29793.7 0.229728 5000.04 0.999633
1865700000 29793.7 -0.0890712 5000.09 0.999618
1865800000 29793.7 -0.043759 5000.08 0.999566
1865900000 29793.7 -0.14816 5000.1 0.999562
1866000000 29793.7 -0.262766 5000.12 0.999596
1866100000 29793.7 -0.0827451 5000.09 0.999576
1866200000 29793.7 -0.120175 5000.1 0.999563
1866300000 29793.7 -0.0287352 5000.08 0.999565
1866400000 29793.7 -0.000706692 5000.08 0.999593
1866500000 29793.7 -0.113008 5000.1 0.999585
1866600000 29793.7 2.95201 4999.58 0.999996
1866700000 29793.7 0.384033 5000.01 0.999667
1866800000 29793.7 -0.018663 5000.08 0.999566
1866900000 29793.7 1.02802 4999.9 0.999763
1867000000 29793.7 -0.300846 5000.13 0.999571
1867100000 29793.7 2.38767 4999.68 0.999914
1867200000 29793.7 -0.0105705 5000.08 0.999601
1867300000 29793.7 0.740994 4999.95 0.99977
1867400000 29793.7 -0.0943344 5000.09 0.999583
1867500000 29793.7 0.729612 4999.96 0.99974
1867600000 29793.7 0.1715 5000.05 0.999631
1867700000 29793.7 -0.00964565 5000.08 0.999567
1867800000 29793.7 -0.0227807 5000.08 0.999614
1867900000 29793.7 -0.175591 5000.11 0.999574
1868000000 29793.7 -0.0901466 5000.09 0.999577
1868100000 29793.7 -0.0439017 5000.08 0.999564
1868200000 29793.7 0.579036 4999.98 0.999689
1868300000 29793.7 -0.163629 5000.1 0.999562
1868400000 29793.7 -0.155213 5000.1 0.999561
1868500000 29793.7 0.0699872 5000.07 0.999608
1868600000 29793.7 -0.0378462 5000.08 0.999607
1868700000 29793.7 1.16112 4999.88 0.999807
1868800000 29793.7 -0.118281 5000.1 0.999563
1868900000 29793.7 0.469317 5000 0.999671
1869000000 29793.7 -0.220911 5000.11 0.999555
1869100000 29793.7 -0.154105 5000.1 0.999575
1869200000 29793.7 -0.0887257 5000.09 0.999561
1869300000 29793.7 2.72173 4999.62 0.999929
1869400000 29793.7 -0.0599373 5000.09 0.999563
1869500000 29793.7 -0.213289 5000.11 0.999574
1869600000 29793.7 -0.135861 5000.1 0.99956
1869700000 29793.7 -0.0763863 5000.09 0.999606
1869800000 29793.7 -0.100303 5000.09 0.999561
1869900000 29793.7 -0.0485029 5000.09 0.999563
1870000000 29793.7 -0.0300362 5000.08 0.999588
1870100000 29793.7 -0.181844 5000.11 0.999579
1870200000 29793.7 -0.0830623 5000.09 0.999564
1870300000 29793.7 -0.113294 5000.1 0.999559
1870400000 29793.7 -0.0961848 5000.09 0.999584
1870500000 29793.7 0.950177 4999.92 0.999731
1870600000 29793.7 2.99595 4999.57 0.999969
1870700000 29793.7 -0.0151055 5000.08 0.999567
1870800000 29793.7 0.155774 5000.05 0.999626
1870900000 29793.7 6.22074 4999.03 1.00025
1871000000 29793.7 -0.282076 5000.12 0.99956
1871100000 29793.7 -0.149419 5000.1 0.999563
1871200000 29793.7 -0.0105159 5000.08 0.999615
1871300000 29793.7 -0.172827 5000.11 0.999561
1871400000 29793.7 0.00378053 5000.08 0.999614
1871500000 29793.7 -0.0743864 5000.09 0.999561
1871600000 29793.7 1.07298 4999.9 0.999795
1871700000 29793.7 0.244659 5000.04 0.999634
1871800000 29793.7 -0.133148 5000.1 0.999564
1871900000 29793.7 -0.0620709 5000.09 0.999586
1872000000 29793.7 1.49739 4999.83 0.999797
1872100000 29793.7 0.169444 5000.05 0.999624
1872200000 29793.7 -0.133156 5000.1 0.999559
1872300000 29793.7 -0.0174365 5000.08 0.999566
1872400000 29793.7 -0.0791743 5000.09 0.999563
1872500000 29793.7 -0.104966 5000.1 0.999564
1872600000 29793.7 -0.0492954 5000.09 0.999563
1872700000 29793.7 -0.0679924 5000.09 0.999563
1872800000 29793.7 -0.0709463 5000.09 0.999567
1872900000 29793.7 -0.193052 5000.11 0.999557
1873000000 29793.7 -0.0535255 5000.09 0.999563
1873100000 29793.7 -0.0678833 5000.09 0.99958
1873200000 29793.7 -0.12906 5000.1 0.999565
1873300000 29793.7 1.03319 4999.9 0.9998
1873400000 29793.7 0.00634919 5000.08 0.999596
1873500000 29793.7 0.748126 4999.95 0.999739
1873600000 29793.7 -0.059803 5000.09 0.99959
1873700000 29793.7 -0.125118 5000.1 0.999566
1873800000 29793.7 0.157817 5000.05 0.99962
1873900000 29793.7 -0.0675918 5000.09 0.999565
1874000000 29793.7 -0.0627086 5000.09 0.999562
1874100000 29793.7 -0.151128 5000.1 0.999555
1874200000 29793.7 0.402682 5000.01 0.999667
1874300000 29793.7 -0.125751 5000.1 0.999568
1874400000 29793.7 -0.133702 5000.1 0.999563
1874500000 29793.7 -0.265804 5000.12 0.999561
1874600000 29793.7 -0.139869 5000.1 0.999558
1874700000 29793.7 -0.0928271 5000.09 0.99957
1874800000 29793.7 -0.130837 5000.1 0.999575
1874900000 29793.7 -0.12652 5000.1 0.999563
1875000000 29793.7 -0.0469549 5000.09 0.999579
1875100000 29793.7 -0.0879503 5000.09 0.999562
1875200000 29793.7 -0.148539 5000.1 0.999569
1875300000 29793.7 0.714182 4999.96 0.999742
1875400000 29793.7 -0.0596286 5000.09 0.999563
1875500000 29793.7 -0.194007 5000.11 0.99956
1875600000 29793.7 -0.06589 5000.09 0.999567
1875700000 29793.7 -0.0696315 5000.09 0.999564
1875800000 29793.7 0.011509 5000.08 0.999599
1875900000 29793.7 0.275479 5000.03 0.999667
1876000000 29793.7 -0.0980783 5000.09 0.999567
1876100000 29793.7 -0.0790848 5000.09 0.999636
1876200000 29793.7 0.11967 5000.06 0.999631
1876300000 29793.7 -0.0995272 5000.09 0.999593
1876400000 29793.7 -0.122034 5000.1 0.999559
1876500000 29793.7 -0.108376 5000.1 0.999559
1876600000 29793.7 -0.226944 5000.12 0.999597
1876700000 29793.7 -0.106093 5000.1 0.999564
1876800000 29793.7 -0.175011 5000.11 0.99956
1876900000 29793.7 -0.0783844 5000.09 0.99957
1877000000 29793.7 -0.131516 5000.1 0.99958
1877100000 29793.7 -0.110811 5000.1 0.999626
1877200000 29793.7 -0.111353 5000.1 0.999588
1877300000 29793.7 -0.22444 5000.12 0.999594
1877400000 29793.7 -0.229723 5000.12 0.999571
1877500000 29793.7 -0.0663809 5000.09 0.999563
1877600000 29793.7 0.00311356 5000.08 0.999619
1877700000 29793.7 -0.0890337 5000.09 0.999564
1877800000 29793.7 -0.120711 5000.1 0.99956
1877900000 29793.7 -0.141883 5000.1 0.999573
1878000000 29793.7 -0.216363 5000.11 0.99957
1878100000 29793.7 -0.0418755 5000.08 0.999564
1878200000 29793.7 -0.0660695 5000.09 0.999646
1878300000 29793.7 0.146249 5000.05 0.999627
1878400000 29793.7 1.31848 4999.86 0.999842
1878500000 29793.7 1.22324 4999.87 0.999781
1878600000 29793.7 0.309864 5000.03 0.999663
1878700000 29793.7 -0.00591375 5000.08 0.999599
1878800000 29793.7 -0.0690867 5000.09 0.999562
1878900000 29793.7 -0.190478 5000.11 0.999561
1879000000 29793.7 -0.0686719 5000.09 0.999561
1879100000 29793.7 -0.187826 5000.11 0.999564
1879200000 29793.7 6.76348 4998.94 1.00052
1879300000 29793.7 -0.160397 5000.1 0.999565
1879400000 29793.7 0.176928 5000.05 0.999635
1879500000 29793.7 -0.181003 5000.11 0.999565
1879600000 29793.7 -0.170314 5000.11 0.999576
1879700000 29793.7 1.32165 4999.86 0.999785
1879800000 29793.7 -0.0976538 5000.09 0.999562
1879900000 29793.7 0.00379213 5000.08 0.99968
1880000000 29793.7 0.636557 4999.97 0.999708
1880100000 29793.7 1.15156 4999.88 0.999795
1880200000 29793.7 -0.114206 5000.1 0.999567
1880300000 29793.7 -0.0275839 5000.08 0.999566
1880400000 29793.7 -0.191526 5000.11 0.999591
1880500000 29793.7 -0.1126 5000.1 0.99957
1880600000 29793.7 -0.262719 5000.12 0.999581
1880700000 29793.7 0.0880205 5000.06 0.999613
1880800000 29793.7 -0.167697 5000.11 0.999569
1880900000 29793.7 -0.0427238 5000.08 0.999589
1881000000 29793.7 -0.134268 5000.1 0.999562
1881100000 29793.7 -0.0939443 5000.09 0.999562
1881200000 29793.7 -0.163278 5000.1 0.99958
1881300000 29793.7 -0.0318623 5000.08 0.999565
1881400000 29793.7 0.714085 4999.96 0.999701
1881500000 29793.7 -0.231316 5000.12 0.999578
1881600000 29793.7 -0.0242277 5000.08 0.999566
1881700000 29793.7 -0.275586 5000.12 0.999577
1881800000 29793.7 0.050534 5000.07 0.999694
1881900000 29793.7 -0.0964382 5000.09 0.999583
1882000000 29793.7 -0.154406 5000.1 0.999563
1882100000 29793.7 -0.12209 5000.1 0.99958
1882200000 29793.7 -0.0705081 5000.09 0.999568
1882300000 29793.7 -0.106917 5000.1 0.999608
1882400000 29793.7 -0.105794 5000.1 0.999558
1882500000 29793.7 0.426697 5000.01 0.999694
1882600000 29793.7 -0.167965 5000.11 0.999566
1882700000 29793.7 0.965962 4999.92 0.999773
1882800000 29793.7 -0.159825 5000.1 0.999574
1882900000 29793.7 0.434074 5000 0.999663
1883000000 29793.7 -0.0935032 5000.09 0.999565
1883100000 29793.7 -0.121409 5000.1 0.999559
1883200000 29793.7 -0.12685 5000.1 0.999573
1883300000 29793.7 -0.123805 5000.1 0.999571
1883400000 29793.7 -0.119541 5000.1 0.999568
1883500000 29793.7 -0.152343 5000.1 0.999583
1883600000 29793.7 -0.0730611 5000.09 0.999561
1883700000 29793.7 0.521567 4999.99 0.999686
1883800000 29793.7 -0.0538005 5000.09 0.999563
1883900000 29793.7 -0.122093 5000.1 0.999574
1884000000 29793.7 -0.0714123 5000.09 0.999562
1884100000 29793.7 -0.0753682 5000.09 0.999561
1884200000 29793.7 0.492283 4999.99 0.999685
1884300000 29793.7 -0.154853 5000.1 0.999561
1884400000 29793.7 -0.219755 5000.11 0.99958
1884500000 29793.7 1.18118 4999.88 0.999764
1884600000 29793.7 -0.144564 5000.1 0.999566
1884700000 29793.7 0.495017 4999.99 0.999691
1884800000 29793.7 -0.141328 5000.1 0.999571
1884900000 29793.7 -0.075047 5000.09 0.999561
1885000000 29793.7 -0.0839589 5000.09 0.999561
1885100000 29793.7 1.2877 4999.86 0.99978
1885200000 29793.7 0.387005 5000.01 0.99967
1885300000 29793.7 -0.0211553 5000.08 0.999566
1885400000 29793.7 0.160969 5000.05 0.999623
1885500000 29793.7 -0.0715689 5000.09 0.999561
1885600000 29793.7 -0.082748 5000.09 0.999568
1885700000 29793.7 0.667151 4999.97 0.999704
1885800000 29793.7 -0.0860312 5000.09 0.999579
1885900000 29793.7 -0.0283616 5000.08 0.999565
1886000000 29793.7 -0.212196 5000.11 0.999561
1886100000 29793.7 -0.0392868 5000.08 0.999611
1886200000 29793.7 -0.0625224 5000.09 0.999594
1886300000 29793.7 -0.0126775 5000.08 0.999567
1886400000 29793.7 1.14658 4999.88 0.999823
1886500000 29793.7 0.44632 5000 0.999682
1886600000 29793.7 -0.252019 5000.12 0.999588
1886700000 29793.7 -0.13409 5000.1 0.999567
1886800000 29793.7 -0.0484871 5000.09 0.999563
1886900000 29793.7 -0.036681 5000.08 0.999593
1887000000 29793.7 -0.0485666 5000.09 0.999582
1887100000 29793.7 0.0645043 5000.07 0.999613
1887200000 29793.7 -0.0909746 5000.09 0.999584
1887300000 29793.7 -0.139544 5000.1 0.999601
1887400000 29793.7 0.106208 5000.06 0.999636
1887500000 29793.7 3.74285 4999.45 1.0002
1887600000 29793.7 0.0417659 5000.07 0.999609
1887700000 29793.7 3.34812 4999.52 1.00001
1887800000 29793.7 -0.176923 5000.11 0.999563
1887900000 29793.7 -0.0915856 5000.09 0.999586
1888000000 29793.7 -0.0974918 5000.09 0.999559
1888100000 29793.7 -0.0386383 5000.08 0.999564
1888200000 29793.7 -0.0744422 5000.09 0.999573
1888300000 29793.7 2.78925 4999.61 1.00002
1888400000 29793.7 2.49482 4999.66 0.999928
1888500000 29793.7 5.86048 4999.09 1.00022
1888600000 29793.7 -0.137589 5000.1 0.999571
1888700000 29793.7 -0.0928807 5000.09 0.999563
1888800000 29793.7 -0.0497806 5000.09 0.999565
1888900000 29793.7 4.6457 4999.3 1.00017
1889000000 29793.7 -0.0597514 5000.09 0.999562
1889100000 29793.7 -0.121564 5000.1 0.999564
1889200000 29793.7 -0.228424 5000.12 0.999558
1889300000 29793.7 -0.107422 5000.1 0.999569
1889400000 29793.7 0.0611577 5000.07 0.999628
1889500000 29793.7 -0.0408887 5000.08 0.999564
1889600000 29793.7 -0.110005 5000.1 0.99956
1889700000 29793.7 1.46655 4999.83 0.999813
1889800000 29793.7 3.01974 4999.57 0.999968
1889900000 29793.7 -0.121994 5000.1 0.999559
1890000000 29793.7 -0.0406311 5000.08 0.999564
1890100000 29793.7 -0.262226 5000.12 0.999552
1890200000 29793.7 -0.05171 5000.09 0.999563
1890300000 29793.7 -0.0901803 5000.09 0.999563
1890400000 29793.7 -0.0260334 5000.08 0.999649
1890500000 29793.7 -0.120029 5000.1 0.999571
1890600000 29793.7 -0.200205 5000.11 0.999567
1890700000 29793.7 -0.0889789 5000.09 0.999578
1890800000 29793.7 -0.0613649 5000.09 0.999565
1890900000 29793.7 -0.0500194 5000.09 0.999564
1891000000 29793.7 -0.197937 5000.11 0.999576
1891100000 29793.7 0.048403 5000.07 0.999624
1891200000 29793.7 0.00531756 5000.08 0.999598
1891300000 29793.7 2.19695 4999.71 0.999875
1891400000 29793.7 -0.166488 5000.11 0.999565
1891500000 29793.7 -0.202354 5000.11 0.999576
1891600000 29793.7 0.0580927 5000.07 0.999625
1891700000 29793.7 -0.0852928 5000.09 0.999562
1891800000 29793.7 -0.172004 5000.11 0.999564
1891900000 29793.7 -0.0828051 5000.09 0.999566
1892000000 29793.7 -0.0392916 5000.08 0.999564
1892100000 29793.7 -0.0866327 5000.09 0.999591
1892200000 29793.7 0.0944593 5000.06 0.999629
1892300000 29793.7 0.822559 4999.94 0.999731
1892400000 29793.7 0.0709379 5000.07 0.999667
1892500000 29793.7 -0.0947932 5000.09 0.999561
1892600000 29793.7 -0.0802812 5000.09 0.999596
1892700000 29793.7 -0.0314144 5000.08 0.999565
1892800000 29793.7 -0.129451 5000.1 0.999565
1892900000 29793.7 -0.0908627 5000.09 0.999582
1893000000 29793.7 -0.0243677 5000.08 0.999566
1893100000 29793.7 -0.0983239 5000.09 0.999565
1893200000 29793.7 -0.00471547 5000.08 0.999594
1893300000 29793.7 0.507265 4999.99 0.999695
1893400000 29793.7 -0.135279 5000.1 0.999561
1893500000 29793.7 2.17969 4999.71 0.999927
1893600000 29793.7 0.624989 4999.97 0.999707
1893700000 29793.7 -0.128865 5000.1 0.999559
1893800000 29793.7 -0.0901703 5000.09 0.99956
1893900000 29793.7 -0.111766 5000.1 0.999571
1894000000 29793.7 -0.0885513 5000.09 0.999593
1894100000 29793.7 1.44304 4999.84 0.99983
1894200000 29793.7 -0.0978446 5000.09 0.999582
1894300000 29793.7 -0.0422222 5000.08 0.999565
1894400000 29793.7 -0.252301 5000.12 0.999599
1894500000 29793.7 -0.156962 5000.1 0.999567
1894600000 29793.7 -0.229821 5000.12 0.999561
1894700000 29793.7 0.113758 5000.06 0.999626
1894800000 29793.7 -0.091586 5000.09 0.999559
1894900000 29793.7 0.801646 4999.94 0.999718
1895000000 29793.7 -0.0380492 5000.08 0.999601
1895100000 29793.7 -0.0645468 5000.09 0.999565
1895200000 29793.7 -0.0144062 5000.08 0.999567
1895300000 29793.7 -0.0787988 5000.09 0.999563
1895400000 29793.7 0.239612 5000.04 0.999673
1895500000 29793.7 0.702599 4999.96 0.999699
1895600000 29793.7 -0.100206 5000.09 0.999562
1895700000 29793.7 -0.153817 5000.1 0.999557
1895800000 29793.7 -0.0953883 5000.09 0.999579
1895900000 29793.7 -0.0408693 5000.08 0.999564
1896000000 29793.7 -0.0785752 5000.09 0.9996
1896100000 29793.7 0.182866 5000.05 0.999675
1896200000 29793.7 -0.0478184 5000.09 0.999564
1896300000 29793.7 -0.0828116 5000.09 0.999564
1896400000 29793.7 -0.021618 5000.08 0.999566
1896500000 29793.7 0.849561 4999.93 0.999727
1896600000 29793.7 -0.099226 5000.09 0.999562
1896700000 29793.7 -0.198222 5000.11 0.999555
1896800000 29793.7 -0.156985 5000.1 0.999567
1896900000 29793.7 -0.10315 5000.09 0.999559
1897000000 29793.7 -0.022794 5000.08 0.999588
1897100000 29793.7 -0.114973 5000.1 0.999567
1897200000 29793.7 -0.0661814 5000.09 0.999575
1897300000 29793.7 -0.06861 5000.09 0.999563
1897400000 29793.7 -0.0946629 5000.09 0.999612
1897500000 29793.7 0.672353 4999.96 0.999707
1897600000 29793.7 -0.0582909 5000.09 0.999582
1897700000 29793.7 -0.269887 5000.12 0.999582
1897800000 29793.7 -0.119293 5000.1 0.999559
1897900000 29793.7 2.02116 4999.74 0.999877
1898000000 29793.7 0.0388405 5000.07 0.999608
1898100000 29793.7 0.0202805 5000.07 0.999616
1898200000 29793.7 -0.103079 5000.09 0.999565
1898300000 29793.7 -0.161171 5000.1 0.999561
1898400000 29793.7 4.11387 4999.39 1.00008
1898500000 29793.7 0.398882 5000.01 0.999699
1898600000 29793.7 0.916443 4999.92 0.999726
1898700000 29793.7 0.409655 5000.01 0.999673
1898800000 29793.7 0.145306 5000.05 0.999619
1898900000 29793.7 -0.165562 5000.11 0.999557
1899000000 29793.7 8.53764 4998.65 1.00046
1899100000 29793.7 -0.0506873 5000.09 0.999563
1899200000 29793.7 -0.134438 5000.1 0.99957
1899300000 29793.7 0.133442 5000.06 0.999616
1899400000 29793.7 -0.103533 5000.09 0.999562
1899500000 29793.7 -0.151568 5000.1 0.999557
1899600000 29793.7 1.10198 4999.89 0.999793
1899700000 29793.7 -0.109975 5000.1 0.99958
1899800000 29793.7 0.0860437 5000.06 0.999651
1899900000 29793.7 -0.0919467 5000.09 0.999571
1900000000 29793.7 0.0118814 5000.08 0.999596
1900100000 29793.7 1.1154 4999.89 0.999773
1900200000 29793.7 -0.156351 5000.1 0.999564
1900300000 29793.7 0.112455 5000.06 0.999646
1900400000 29793.7 -0.0646613 5000.09 0.999591
1900500000 29793.7 -0.062052 5000.09 0.999577
1900600000 29793.7 -0.152007 5000.1 0.999563
1900700000 29793.7 -0.17767 5000.11 0.999567
1900800000 29793.7 -0.195808 5000.11 0.99956
1900900000 29793.7 -0.0970562 5000.09 0.999567
1901000000 29793.7 -0.0374994 5000.08 0.999587
1901100000 29793.7 -0.0373133 5000.08 0.999564
1901200000 29793.7 -0.0249526 5000.08 0.999566
1901300000 29793.7 -0.0719798 5000.09 0.999563
1901400000 29793.7 -0.0682342 5000.09 0.999562
1901500000 29793.7 -0.117235 5000.1 0.999566
1901600000 29793.7 1.16082 4999.88 0.999765
1901700000 29793.7 2.34383 4999.68 0.999945
1901800000 29793.7 -0.0546146 5000.09 0.999564
1901900000 29793.7 -0.0250833 5000.08 0.999566
1902000000 29793.7 -0.0401129 5000.08 0.999564
1902100000 29793.7 3.80791 4999.44 1.00007
1902200000 29793.7 -0.120702 5000.1 0.999557
1902300000 29793.7 -0.0980837 5000.09 0.999566
1902400000 29793.7 -0.129787 5000.1 0.999587
1902500000 29793.7 -0.059317 5000.09 0.999562
1902600000 29793.7 0.143767 5000.05 0.999641
1902700000 29793.7 -0.086851 5000.09 0.999565
1902800000 29793.7 -0.055196 5000.09 0.999562
1902900000 29793.7 -0.134148 5000.1 0.999572
1903000000 29793.7 0.349002 5000.02 0.999656
1903100000 29793.7 0.0792951 5000.06 0.999623
1903200000 29793.7 -0.116914 5000.1 0.999565
1903300000 29793.7 -0.0682732 5000.09 0.999564
1903400000 29793.7 -0.0909087 5000.09 0.999585
1903500000 29793.7 0.0758909 5000.06 0.999642
1903600000 29793.7 -0.195125 5000.11 0.999562
1903700000 29793.7 -0.17986 5000.11 0.999563
1903800000 29793.7 -0.0350894 5000.08 0.99961
1903900000 29793.7 -0.197769 5000.11 0.999564
1904000000 29793.7 -0.0583391 5000.09 0.999583
1904100000 29793.7 -0.143503 5000.1 0.999579
1904200000 29793.7 -0.000645538 5000.08 0.9996
1904300000 29793.7 -0.0300876 5000.08 0.999565
1904400000 29793.7 -0.00735154 5000.08 0.999615
1904500000 29793.7 -0.204677 5000.11 0.999584
1904600000 29793.7 -0.127824 5000.1 0.999568
1904700000 29793.7 -0.0570289 5000.09 0.999562
1904800000 29793.7 -0.101904 5000.09 0.999559
1904900000 29793.7 -0.331346 5000.13 0.999569
1905000000 29793.7 -0.0981437 5000.09 0.999564
1905100000 29793.7 -0.0350576 5000.08 0.999565
1905200000 29793.7 -0.111441 5000.1 0.999598
1905300000 29793.7 0.137185 5000.05 0.999658
1905400000 29793.7 -0.0602852 5000.09 0.999564
1905500000 29793.7 0.355497 5000.02 0.999654
1905600000 29793.7 -0.068695 5000.09 0.999573
1905700000 29793.7 -0.227522 5000.12 0.999572
1905800000 29793.7 -0.0496054 5000.09 0.999563
1905900000 29793.7 -0.036381 5000.08 0.999565
1906000000 29793.7 -0.158596 5000.1 0.999558
1906100000 29793.7 0.423914 5000.01 0.999682
1906200000 29793.7 -0.147409 5000.1 0.99958
1906300000 29793.7 -0.0660152 5000.09 0.999562
1906400000 29793.7 -0.0922011 5000.09 0.999567
1906500000 29793.7 -0.108946 5000.1 0.99956
1906600000 29793.7 -0.0995772 5000.09 0.999573
1906700000 29793.7 0.00250027 5000.08 0.999606
1906800000 29793.7 0.571535 4999.98 0.999685
1906900000 29793.7 -0.136668 5000.1 0.999564
1907000000 29793.7 -0.0479566 5000.09 0.99959
1907100000 29793.7 0.0447329 5000.07 0.999635
1907200000 29793.7 -0.113894 5000.1 0.999571
1907300000 29793.7 -0.0602212 5000.09 0.999563
1907400000 29793.7 -0.104257 5000.09 0.99956
1907500000 29793.7 3.26162 4999.53 1.00001
1907600000 29793.7 2.06475 4999.73 0.99996
1907700000 29793.7 0.0312707 5000.07 0.999602
1907800000 29793.7 0.39073 5000.01 0.999679
1907900000 29793.7 0.315386 5000.02 0.999665
1908000000 29793.7 -0.205323 5000.11 0.99956
1908100000 29793.7 -0.024077 5000.08 0.999565
1908200000 29793.7 0.352139 5000.02 0.99971
1908300000 29793.7 2.52993 4999.65 0.99996
1908400000 29793.7 -0.152837 5000.1 0.999577
1908500000 29793.7 -0.0952757 5000.09 0.999578
1908600000 29793.7 -0.0695433 5000.09 0.999562
1908700000 29793.7 -0.288431 5000.13 0.999589
1908800000 29793.7 -0.0864671 5000.09 0.999562
1908900000 29793.7 -0.0391304 5000.08 0.999565
1909000000 29793.7 -0.0721756 5000.09 0.999608
1909100000 29793.7 -0.0234031 5000.08 0.999565
1909200000 29793.7 -0.162753 5000.1 0.999561
1909300000 29793.7 -0.13892 5000.1 0.999566
1909400000 29793.7 -0.0579382 5000.09 0.999564
1909500000 29793.7 -0.0184343 5000.08 0.999589
1909600000 29793.7 -0.0179441 5000.08 0.999566
1909700000 29793.7 -0.0385481 5000.08 0.999564
1909800000 29793.7 1.05632 4999.9 0.999798
1909900000 29793.7 -0.0690673 5000.09 0.999592
1910000000 29793.7 -0.230812 5000.12 0.999557
1910100000 29793.7 -0.206531 5000.11 0.999563
1910200000 29793.7 -0.147467 5000.1 0.99956
1910300000 29793.7 -0.148592 5000.1 0.999563
1910400000 29793.7 -0.0891982 5000.09 0.999564
1910500000 29793.7 -0.0667957 5000.09 0.999562
1910600000 29793.7 -0.0317354 5000.08 0.999597
1910700000 29793.7 -0.0895404 5000.09 0.999562
1910800000 29793.7 -0.00701735 5000.08 0.999589
1910900000 29793.7 -0.0975461 5000.09 0.999563
1911000000 29793.7 0.0205416 5000.07 0.999596
1911100000 29793.7 -0.0333925 5000.08 0.999565
1911200000 29793.7 -0.164359 5000.11 0.999568
1911300000 29793.7 -0.119246 5000.1 0.999574
1911400000 29793.7 -0.0368294 5000.08 0.999564
1911500000 29793.7 -0.236107 5000.12 0.999558
1911600000 29793.7 0.81796 4999.94 0.999737
1911700000 29793.7 -0.131389 5000.1 0.999563
1911800000 29793.7 -0.0491054 5000.09 0.999564
1911900000 29793.7 1.79184 4999.78 0.999852
1912000000 29793.7 -0.15741 5000.1 0.999562
1912100000 29793.7 -0.0844981 5000.09 0.999562
1912200000 29793.7 -0.102739 5000.09 0.999562
1912300000 29793.7 0.00714369 5000.08 0.999611
1912400000 29793.7 -0.0697097 5000.09 0.999562
1912500000 29793.7 -0.064558 5000.09 0.999564
1912600000 29793.7 -0.0193565 5000.08 0.999627
1912700000 29793.7 -0.159927 5000.1 0.999558
1912800000 29793.7 -0.153152 5000.1 0.999571
1912900000 29793.7 2.55731 4999.65 0.999956
1913000000 29793.7 -0.145723 5000.1 0.999567
1913100000 29793.7 1.04128 4999.9 0.999817
1913200000 29793.7 -0.173329 5000.11 0.99956
1913300000 29793.7 -0.0805354 5000.09 0.999586
1913400000 29793.7 -0.0546659 5000.09 0.999565
1913500000 29793.7 -0.0694774 5000.09 0.999563
1913600000 29793.7 -0.108828 5000.1 0.999625
1913700000 29793.7 -0.153785 5000.1 0.999574
1913800000 29793.7 0.449327 5000 0.999728
1913900000 29793.7 0.224701 5000.04 0.999638
1914000000 29793.7 -0.133248 5000.1 0.999558
1914100000 29793.7 -0.0707801 5000.09 0.999619
1914200000 29793.7 -0.0047399 5000.08 0.999603
1914300000 29793.7 -0.122044 5000.1 0.99956
1914400000 29793.7 1.01013 4999.91 0.999792
1914500000 29793.7 -0.099136 5000.09 0.999574
1914600000 29793.7 -0.0830029 5000.09 0.999589
1914700000 29793.7 -0.0480524 5000.09 0.999563
1914800000 29793.7 -0.114575 5000.1 0.999561
1914900000 29793.7 -0.171113 5000.11 0.999557
1915000000 29793.7 -0.154561 5000.1 0.999578
1915100000 29793.7 -0.0628083 5000.09 0.99959
1915200000 29793.7 -0.140455 5000.1 0.999569
1915300000 29793.7 -0.0277961 5000.08 0.999565
1915400000 29793.7 -0.00230633 5000.08 0.999593
1915500000 29793.7 -0.0244301 5000.08 0.999611
1915600000 29793.7 -0.0504331 5000.09 0.999564
1915700000 29793.7 -0.0519043 5000.09 0.999585
1915800000 29793.7 -0.10395 5000.09 0.99956
1915900000 29793.7 -0.11172 5000.1 0.999572
1916000000 29793.7 1.89505 4999.76 0.999896
1916100000 29793.7 -0.17276 5000.11 0.999566
1916200000 29793.7 0.00301283 5000.08 0.999603
1916300000 29793.7 -0.155449 5000.1 0.999565
1916400000 29793.7 0.34528 5000.02 0.999677
1916500000 29793.7 -0.0116203 5000.08 0.999591
1916600000 29793.7 -0.0255543 5000.08 0.999606
1916700000 29793.7 -0.0573669 5000.09 0.999607
1916800000 29793.7 -0.191253 5000.11 0.999568
1916900000 29793.7 -0.151104 5000.1 0.999579
1917000000 29793.7 -0.191445 5000.11 0.999557
1917100000 29793.7 -0.0799801 5000.09 0.999596
1917200000 29793.7 -0.0904103 5000.09 0.999561
1917300000 29793.7 -0.121987 5000.1 0.999559
1917400000 29793.7 -0.179561 5000.11 0.999562
1917500000 29793.7 -0.0158456 5000.08 0.999566
1917600000 29793.7 -0.0609207 5000.09 0.999562
1917700000 29793.7 -0.0488503 5000.09 0.999564
1917800000 29793.7 -0.137321 5000.1 0.999565
1917900000 29793.7 1.05214 4999.9 0.999769
1918000000 29793.7 0.715769 4999.96 0.999716
1918100000 29793.7 -0.134643 5000.1 0.999561
1918200000 29793.7 -0.238042 5000.12 0.999573
1918300000 29793.7 -0.154009 5000.1 0.999608
1918400000 29793.7 -0.0530214 5000.09 0.999563
1918500000 29793.7 -0.221361 5000.11 0.999562
1918600000 29793.7 0.114176 5000.06 0.999615
1918700000 29793.7 -0.0870656 5000.09 0.999563
1918800000 29793.7 -0.0473873 5000.09 0.999565
1918900000 29793.7 -0.188833 5000.11 0.999569
1919000000 29793.7 0.713623 4999.96 0.999742
1919100000 29793.7 -0.0777208 5000.09 0.999564
1919200000 29793.7 -0.0605748 5000.09 0.999598
1919300000 29793.7 0.86652 4999.93 0.999801
1919400000 29793.7 -0.178479 5000.11 0.999555
1919500000 29793.7 -0.199275 5000.11 0.999568
1919600000 29793.7 -0.0623518 5000.09 0.999563
1919700000 29793.7 -0.0117703 5000.08 0.999596
1919800000 29793.7 -0.0764203 5000.09 0.999563
1919900000 29793.7 0.342259 5000.02 0.999684
1920000000 29793.7 1.84109 4999.77 0.9999
1920100000 29793.7 1.63127 4999.8 0.999814
1920200000 29793.7 -0.0577215 5000.09 0.999564
1920300000 29793.7 -0.0560985 5000.09 0.999564
1920400000 29793.7 0.0254428 5000.07 0.999629
1920500000 29793.7 -0.0695756 5000.09 0.999566
1920600000 29793.7 -0.0210727 5000.08 0.999566
1920700000 29793.7 2.23453 4999.7 0.9999
1920800000 29793.7 -0.00910962 5000.08 0.999593
1920900000 29793.7 1.16978 4999.88 0.999837
1921000000 29793.7 -0.0886613 5000.09 0.999566
1921100000 29793.7 -0.0596685 5000.09 0.999564
1921200000 29793.7 -0.0997117 5000.09 0.99956
1921300000 29793.7 -0.178488 5000.11 0.999557
1921400000 29793.7 -0.236513 5000.12 0.999577
1921500000 29793.7 0.264886 5000.03 0.999661
1921600000 29793.7 -0.0934159 5000.09 0.999593
1921700000 29793.7 -0.134184 5000.1 0.999585
1921800000 29793.7 0.218368 5000.04 0.999632
1921900000 29793.7 4.74722 4999.28 1.00014
1922000000 29793.7 -0.00875392 5000.08 0.999567
1922100000 29793.7 -0.0437045 5000.08 0.999564
1922200000 29793.7 0.430011 5000.01 0.999702
1922300000 29793.7 0.0300889 5000.07 0.999608
1922400000 29793.7 -0.111688 5000.1 0.999575
1922500000 29793.7 -0.0400892 5000.08 0.999614
1922600000 29793.7 -0.0696514 5000.09 0.999611
1922700000 29793.7 0.13291 5000.06 0.999648
1922800000 29793.7 0.0849386 5000.06 0.999612
1922900000 29793.7 -0.0893149 5000.09 0.999561
1923000000 29793.7 -0.0867129 5000.09 0.999561
1923100000 29793.7 0.547894 4999.99 0.999687
1923200000 29793.7 -0.0354097 5000.08 0.999583
1923300000 29793.7 -0.0876559 5000.09 0.999568
1923400000 29793.7 -0.0925673 5000.09 0.999561
1923500000 29793.7 -0.0777606 5000.09 0.999562
1923600000 29793.7 -0.210474 5000.11 0.999563
1923700000 29793.7 -0.161459 5000.1 0.999555
1923800000 29793.7 -0.111539 5000.1 0.999567
1923900000 29793.7 -0.0494287 5000.09 0.999566
1924000000 29793.7 -0.0502322 5000.09 0.999564
1924100000 29793.7 7.906 4998.75 1.00041
1924200000 29793.7 -0.0205374 5000.08 0.999602
1924300000 29793.7 -0.145077 5000.1 0.99956
1924400000 29793.7 1.77659 4999.78 0.999876
1924500000 29793.7 0.845295 4999.94 0.999762
1924600000 29793.7 0.169608 5000.05 0.999625
1924700000 29793.7 -0.0549233 5000.09 0.999562
1924800000 29793.7 -0.152686 5000.1 0.999593
1924900000 29793.7 -0.188224 5000.11 0.999574
1925000000 29793.7 -0.102064 5000.09 0.999569
1925100000 29793.7 -0.120394 5000.1 0.999568
1925200000 29793.7 0.237434 5000.04 0.999635
1925300000 29793.7 -0.197739 5000.11 0.999568
1925400000 29793.7 -0.0636137 5000.09 0.99958
1925500000 29793.7 -0.0322273 5000.08 0.999565
1925600000 29793.7 -0.0856515 5000.09 0.999561
1925700000 29793.7 -0.079622 5000.09 0.999566
1925800000 29793.7 -0.105202 5000.1 0.99956
1925900000 29793.7 0.200042 5000.04 0.999638
1926000000 29793.7 -0.121524 5000.1 0.99957
1926100000 29793.7 -0.308707 5000.13 0.999585
1926200000 29793.7 2.1026 4999.72 0.999869
1926300000 29793.7 -0.125332 5000.1 0.999561
1926400000 29793.7 2.27986 4999.69 0.999936
1926500000 29793.7 -0.0957763 5000.09 0.999566
1926600000 29793.7 -0.0772242 5000.09 0.999575
1926700000 29793.7 1.18412 4999.88 0.999793
1926800000 29793.7 -0.0163829 5000.08 0.999611
1926900000 29793.7 0.0052281 5000.08 0.999619
1927000000 29793.7 -0.0568254 5000.09 0.999564
1927100000 29793.7 -0.212339 5000.11 0.999553
1927200000 29793.7 -0.0500278 5000.09 0.999564
1927300000 29793.7 0.108211 5000.06 0.999616
1927400000 29793.7 -0.114998 5000.1 0.999559
1927500000 29793.7 -0.127175 5000.1 0.99958
1927600000 29793.7 0.984324 4999.91 0.999786
1927700000 29793.7 0.346546 5000.02 0.999653
1927800000 29793.7 -0.0510797 5000.09 0.999564
1927900000 29793.7 -0.0768105 5000.09 0.999573
1928000000 29793.7 -0.0506732 5000.09 0.999564
1928100000 29793.7 -0.0303112 5000.08 0.999604
1928200000 29793.7 -0.0812701 5000.09 0.999569
1928300000 29793.7 -0.123262 5000.1 0.999562
1928400000 29793.7 -0.151556 5000.1 0.99956
1928500000 29793.7 -0.113831 5000.1 0.999566
1928600000 29793.7 0.787868 4999.95 0.999724
1928700000 29793.7 -0.104069 5000.09 0.999593
1928800000 29793.7 -0.13708 5000.1 0.999559
1928900000 29793.7 -0.15559 5000.1 0.999564
1929000000 29793.7 0.306987 5000.03 0.999673
1929100000 29793.7 0.602168 4999.98 0.999713
1929200000 29793.7 -0.237309 5000.12 0.999562
1929300000 29793.7 -0.079467 5000.09 0.999608
1929400000 29793.7 0.230412 5000.04 0.999677
1929500000 29793.7 -0.0717529 5000.09 0.999567
1929600000 29793.7 -0.058816 5000.09 0.999585
1929700000 29793.7 -0.0747537 5000.09 0.999563
1929800000 29793.7 -0.0894947 5000.09 0.999571
1929900000 29793.7 -0.0911348 5000.09 0.999562
1930000000 29793.7 0.0958866 5000.06 0.999616
1930100000 29793.7 0.790383 4999.94 0.999738
1930200000 29793.7 -0.153511 5000.1 0.999567
1930300000 29793.7 -0.134238 5000.1 0.99956
1930400000 29793.7 -0.117043 5000.1 0.999581
1930500000 29793.7 -0.0174577 5000.08 0.999566
1930600000 29793.7 2.39665 4999.68 0.99995
1930700000 29793.7 -0.0795666 5000.09 0.99959
1930800000 29793.7 -0.166792 5000.11 0.999563
1930900000 29793.7 -0.0474179 5000.09 0.999564
1931000000 29793.7 -0.229797 5000.12 0.999571
1931100000 29793.7 -0.16564 5000.11 0.99956
1931200000 29793.7 0.100145 5000.06 0.999635
1931300000 29793.7 -0.0440944 5000.08 0.999564
1931400000 29793.7 -0.0449069 5000.09 0.999564
1931500000 29793.7 -0.0480268 5000.09 0.999563
1931600000 29793.7 -0.0577396 5000.09 0.999564
1931700000 29793.7 -0.15351 5000.1 0.999556
1931800000 29793.7 0.363888 5000.02 0.999677
1931900000 29793.7 -0.0382157 5000.08 0.999637
1932000000 29793.7 -0.0985342 5000.09 0.999561
1932100000 29793.7 0.393861 5000.01 0.999686
1932200000 29793.7 -0.169097 5000.11 0.99959
1932300000 29793.7 -0.136182 5000.1 0.999562
1932400000 29793.7 -0.156491 5000.1 0.999562
1932500000 29793.7 -0.0648353 5000.09 0.999563
1932600000 29793.7 -0.141632 5000.1 0.999563
1932700000 29793.7 1.3905 4999.84 0.999843
1932800000 29793.7 -0.136293 5000.1 0.999565
1932900000 29793.7 -0.0360653 5000.08 0.999564
1933000000 29793.7 -0.129893 5000.1 0.999585
1933100000 29793.7 -0.0650264 5000.09 0.999581
1933200000 29793.7 0.0489643 5000.07 0.99961
1933300000 29793.7 0.572701 4999.98 0.999714
1933400000 29793.7 0.725449 4999.96 0.999762
1933500000 29793.7 -0.215425 5000.11 0.999569
1933600000 29793.7 2.91357 4999.59 0.999992
1933700000 29793.7 -0.144087 5000.1 0.999564
1933800000 29793.7 -0.157603 5000.1 0.99957
1933900000 29793.7 -0.161856 5000.1 0.999567
1934000000 29793.7 -0.0477039 5000.09 0.999563
1934100000 29793.7 0.0453764 5000.07 0.99962
1934200000 29793.7 -0.113875 5000.1 0.999573
1934300000 29793.7 -0.260448 5000.12 0.999586
1934400000 29793.7 -0.0616592 5000.09 0.999564
1934500000 29793.7 -0.0924037 5000.09 0.999566
1934600000 29793.7 -0.176656 5000.11 0.999564
1934700000 29793.7 -0.182555 5000.11 0.999562
1934800000 29793.7 -0.0303949 5000.08 0.999588
1934900000 29793.7 0.347308 5000.02 0.999658
1935000000 29793.7 -0.107304 5000.1 0.999582
1935100000 29793.7 -0.0762305 5000.09 0.999562
1935200000 29793.7 -0.109231 5000.1 0.999564
1935300000 29793.7 -0.234454 5000.12 0.999556
1935400000 29793.7 -0.115175 5000.1 0.999609
1935500000 29793.7 -0.0590334 5000.09 0.999581
1935600000 29793.7 0.0705507 5000.07 0.999651
1935700000 29793.7 0.00871446 5000.08 0.9996
1935800000 29793.7 -0.0549696 5000.09 0.999563
1935900000 29793.7 0.143709 5000.05 0.999638
1936000000 29793.7 0.321201 5000.02 0.999651
1936100000 29793.7 -0.092655 5000.09 0.99956
1936200000 29793.7 -0.0267275 5000.08 0.999596
1936300000 29793.7 -0.0570508 5000.09 0.999569
1936400000 29793.7 -0.0420296 5000.08 0.999564
1936500000 29793.7 -0.0419861 5000.08 0.999592
1936600000 29793.7 -0.187546 5000.11 0.999559
1936700000 29793.7 1.68387 4999.79 0.999833
1936800000 29793.7 -0.179521 5000.11 0.999585
1936900000 29793.7 -0.0359449 5000.08 0.999564
1937000000 29793.7 0.00790189 5000.08 0.999613
1937100000 29793.7 -0.0752563 5000.09 0.999564
1937200000 29793.7 -0.0877691 5000.09 0.999579
1937300000 29793.7 -0.178701 5000.11 0.999599
1937400000 29793.7 0.286787 5000.03 0.999688
1937500000 29793.7 -0.122062 5000.1 0.999561
1937600000 29793.7 -0.0482243 5000.09 0.999564
1937700000 29793.7 -0.104649 5000.1 0.999578
1937800000 29793.7 -0.0779698 5000.09 0.999561
1937900000 29793.7 -0.134585 5000.1 0.999567
1938000000 29793.7 -0.0800467 5000.09 0.999572
1938100000 29793.7 -0.174043 5000.11 0.999564
1938200000 29793.7 0.171349 5000.05 0.999652
1938300000 29793.7 0.0643266 5000.07 0.999603
1938400000 29793.7 4.67433 4999.29 1.0002
1938500000 29793.7 -0.0926327 5000.09 0.999571
1938600000 29793.7 -0.143417 5000.1 0.999559
1938700000 29793.7 -0.117668 5000.1 0.999577
1938800000 29793.7 -0.0926203 5000.09 0.999573
1938900000 29793.7 -0.187234 5000.11 0.999573
1939000000 29793.7 -0.145104 5000.1 0.999586
1939100000 29793.7 -0.0801072 5000.09 0.999571
1939200000 29793.7 0.107958 5000.06 0.999632
1939300000 29793.7 -0.0416502 5000.08 0.999646
1939400000 29793.7 0.102546 5000.06 0.999617
1939500000 29793.7 -0.135366 5000.1 0.999562
1939600000 29793.7 -0.165311 5000.11 0.999579
1939700000 29793.7 -0.197074 5000.11 0.999578
1939800000 29793.7 4.00697 4999.41 1.00005
1939900000 29793.7 -0.0799752 5000.09 0.999577
1940000000 29793.7 0.504412 4999.99 0.999674
1940100000 29793.7 0.0377503 5000.07 0.999606
1940200000 29793.7 -0.296726 5000.13 0.99957
1940300000 29793.7 0.235302 5000.04 0.999632
1940400000 29793.7 -0.0640596 5000.09 0.999624
1940500000 29793.7 -0.0797102 5000.09 0.999584
1940600000 29793.7 -0.158226 5000.1 0.999565
1940700000 29793.7 -0.118982 5000.1 0.999559
1940800000 29793.7 0.16224 5000.05 0.999647
1940900000 29793.7 -0.0691481 5000.09 0.999583
1941000000 29793.7 -0.21979 5000.11 0.99957
1941100000 29793.7 -0.0502811 5000.09 0.999592
1941200000 29793.7 1.03044 4999.9 0.999771
1941300000 29793.7 -0.07421 5000.09 0.999564
1941400000 29793.7 -0.0652711 5000.09 0.999563
1941500000 29793.7 0.24626 5000.04 0.999656
1941600000 29793.7 0.788268 4999.95 0.999711
1941700000 29793.7 0.139708 5000.05 0.999638
1941800000 29793.7 -0.118892 5000.1 0.999565
1941900000 29793.7 -0.0727743 5000.09 0.999563
1942000000 29793.7 -0.0919471 5000.09 0.999572
1942100000 29793.7 -0.0975814 5000.09 0.999562
1942200000 29793.7 -0.0671089 5000.09 0.99959
1942300000 29793.7 0.414083 5000.01 0.99968
1942400000 29793.7 -0.122762 5000.1 0.999579
1942500000 29793.7 -0.153304 5000.1 0.999559
1942600000 29793.7 0.492388 4999.99 0.999683
1942700000 29793.7 -0.0482077 5000.09 0.999564
1942800000 29793.7 -0.123352 5000.1 0.999563
1942900000 29793.7 -0.0709237 5000.09 0.999565
1943000000 29793.7 0.189364 5000.05 0.99964
1943100000 29793.7 0.530594 4999.99 0.999701
1943200000 29793.7 0.341382 5000.02 0.999672
1943300000 29793.7 -0.0220041 5000.08 0.999566
1943400000 29793.7 -0.0306713 5000.08 0.999593
1943500000 29793.7 -0.0685075 5000.09 0.999565
1943600000 29793.7 -0.133309 5000.1 0.999591
1943700000 29793.7 -0.0494088 5000.09 0.999563
1943800000 29793.7 1.31201 4999.86 0.999782
1943900000 29793.7 0.112242 5000.06 0.999613
1944000000 29793.7 -0.121061 5000.1 0.99956
1944100000 29793.7 -0.39492 5000.14 0.999607
1944200000 29793.7 -0.107842 5000.1 0.999564
1944300000 29793.7 -0.193817 5000.11 0.999564
1944400000 29793.7 0.00322327 5000.08 0.999669
1944500000 29793.7 -0.0299517 5000.08 0.999565
1944600000 29793.7 -0.206369 5000.11 0.999564
1944700000 29793.7 -0.0508135 5000.09 0.999563
1944800000 29793.7 -0.214151 5000.11 0.999558
1944900000 29793.7 -0.0826849 5000.09 0.999589
1945000000 29793.7 0.513836 4999.99 0.999754
1945100000 29793.7 -0.192121 5000.11 0.999573
1945200000 29793.7 0.901692 4999.93 0.999758
1945300000 29793.7 -0.149727 5000.1 0.999559
1945400000 29793.7 -0.0431374 5000.08 0.999615
1945500000 29793.7 -0.0501939 5000.09 0.999602
1945600000 29793.7 -0.0933908 5000.09 0.999583
1945700000 29793.7 -0.0597851 5000.09 0.999563
1945800000 29793.7 -0.204104 5000.11 0.999568
1945900000 29793.7 -0.0935194 5000.09 0.999598
1946000000 29793.7 0.327462 5000.02 0.999693
1946100000 29793.7 -0.241071 5000.12 0.999565
1946200000 29793.7 -0.0788974 5000.09 0.999563
1946300000 29793.7 3.42968 4999.5 1.00009
1946400000 29793.7 -0.168176 5000.11 0.999569
1946500000 29793.7 0.596106 4999.98 0.9997
1946600000 29793.7 -0.136036 5000.1 0.999583
1946700000 29793.7 -0.106125 5000.1 0.999567
1946800000 29793.7 -0.0807459 5000.09 0.99956
1946900000 29793.7 -0.124417 5000.1 0.99956
1947000000 29793.7 0.518944 4999.99 0.999699
1947100000 29793.7 -0.0214852 5000.08 0.999649
1947200000 29793.7 -0.0380269 5000.08 0.999564
1947300000 29793.7 1.35594 4999.85 0.99981
1947400000 29793.7 -0.163134 5000.1 0.99956
1947500000 29793.7 -0.131142 5000.1 0.999589
1947600000 29793.7 -0.0649298 5000.09 0.999564
1947700000 29793.7 -0.131309 5000.1 0.999559
1947800000 29793.7 -0.176544 5000.11 0.999577
1947900000 29793.7 -0.0490752 5000.09 0.99961
1948000000 29793.7 -0.0624894 5000.09 0.999574
1948100000 29793.7 2.52675 4999.65 0.999906
1948200000 29793.7 0.10891 5000.06 0.999681
1948300000 29793.7 -0.128049 5000.1 0.999558
1948400000 29793.7 -0.109086 5000.1 0.999566
1948500000 29793.7 0.709067 4999.96 0.999701
1948600000 29793.7 -0.0869938 5000.09 0.999571
1948700000 29793.7 -0.0621769 5000.09 0.999562
1948800000 29793.7 -0.0326783 5000.08 0.999565
1948900000 29793.7 -0.208723 5000.11 0.999563
1949000000 29793.7 -0.0940425 5000.09 0.999597
1949100000 29793.7 -0.00316509 5000.08 0.999568
1949200000 29793.7 -0.0837574 5000.09 0.999572
1949300000 29793.7 -0.194522 5000.11 0.999559
1949400000 29793.7 -0.0724683 5000.09 0.999562
1949500000 29793.7 -0.0841849 5000.09 0.999561
1949600000 29793.7 0.106148 5000.06 0.999628
1949700000 29793.7 -0.231196 5000.12 0.999601
1949800000 29793.7 -0.142206 5000.1 0.999567
1949900000 29793.7 0.638457 4999.97 0.999712
1950000000 29793.7 -0.0946998 5000.09 0.999561
1950100000 29793.7 -0.107906 5000.1 0.999582
1950200000 29793.7 -0.160345 5000.1 0.999567
1950300000 29793.7 -0.0318935 5000.08 0.999585
1950400000 29793.7 0.0560657 5000.07 0.999628
1950500000 29793.7 0.481002 5000 0.999705
1950600000 29793.7 -0.0695933 5000.09 0.999563
1950700000 29793.7 0.0364883 5000.07 0.999603
1950800000 29793.7 -0.0996057 5000.09 0.999568
1950900000 29793.7 -0.175983 5000.11 0.999561
1951000000 29793.7 -0.0423151 5000.08 0.999565
1951100000 29793.7 -0.132921 5000.1 0.999569
1951200000 29793.7 -0.0721074 5000.09 0.999569
1951300000 29793.7 -0.221515 5000.11 0.999572
1951400000 29793.7 -0.235396 5000.12 0.999565
1951500000 29793.7 -0.152383 5000.1 0.99956
1951600000 29793.7 -0.128715 5000.1 0.999599
1951700000 29793.7 -0.0346495 5000.08 0.999565
1951800000 29793.7 6.59777 4998.97 1.0004
1951900000 29793.7 -0.0340654 5000.08 0.999565
1952000000 29793.7 0.712336 4999.96 0.99974
1952100000 29793.7 -0.128233 5000.1 0.999557
1952200000 29793.7 -0.165065 5000.11 0.999558
1952300000 29793.7 -0.0212698 5000.08 0.999609
1952400000 29793.7 1.9242 4999.75 0.999845
1952500000 29793.7 -0.184636 5000.11 0.999585
1952600000 29793.7 -0.0361324 5000.08 0.999584
1952700000 29793.7 -0.179459 5000.11 0.999561
1952800000 29793.7 -0.0795751 5000.09 0.999573
1952900000 29793.7 0.00709609 5000.08 0.9996
1953000000 29793.7 -0.0504466 5000.09 0.999564
1953100000 29793.7 -0.0988914 5000.09 0.999586
1953200000 29793.7 0.0834017 5000.06 0.99963
1953300000 29793.7 -0.133783 5000.1 0.999561
1953400000 29793.7 -0.0278262 5000.08 0.999623
1953500000 29793.7 -0.0534637 5000.09 0.999563
1953600000 29793.7 -0.228325 5000.12 0.999559
1953700000 29793.7 -0.167573 5000.11 0.999569
1953800000 29793.7 -0.229838 5000.12 0.99956
1953900000 29793.7 -0.116812 5000.1 0.999566
1954000000 29793.7 0.147773 5000.05 0.999628
1954100000 29793.7 -0.0503937 5000.09 0.999595
1954200000 29793.7 -0.0764037 5000.09 0.999602
1954300000 29793.7 -0.109417 5000.1 0.999605
1954400000 29793.7 0.0686286 5000.07 0.999645
1954500000 29793.7 -0.0600653 5000.09 0.999596
1954600000 29793.7 -0.0622982 5000.09 0.999569
1954700000 29793.7 -0.115147 5000.1 0.999577
1954800000 29793.7 -0.110781 5000.1 0.999566
1954900000 29793.7 -0.0577786 5000.09 0.999565
1955000000 29793.7 -0.219035 5000.11 0.999557
1955100000 29793.7 0.219634 5000.04 0.999632
1955200000 29793.7 -0.0454438 5000.09 0.999564
1955300000 29793.7 0.876825 4999.93 0.999744
1955400000 29793.7 -0.0536311 5000.09 0.999585
1955500000 29793.7 -0.159368 5000.1 0.999562
1955600000 29793.7 -0.098075 5000.09 0.999562
1955700000 29793.7 -0.171656 5000.11 0.999574
1955800000 29793.7 0.048378 5000.07 0.999601
1955900000 29793.7 -0.16714 5000.11 0.99957
1956000000 29793.7 -0.194834 5000.11 0.999592
1956100000 29793.7 0.776766 4999.95 0.999762
1956200000 29793.7 0.695495 4999.96 0.999703
1956300000 29793.7 0.626284 4999.97 0.999715
1956400000 29793.7 -0.0665073 5000.09 0.999563
1956500000 29793.7 -0.0930425 5000.09 0.999563
1956600000 29793.7 -0.273243 5000.12 0.999572
1956700000 29793.7 -0.0268366 5000.08 0.999566
1956800000 29793.7 0.660726 4999.97 0.999747
1956900000 29793.7 -0.0274369 5000.08 0.999604
1957000000 29793.7 0.849211 4999.93 0.999733
1957100000 29793.7 -0.0539386 5000.09 0.999639
1957200000 29793.7 -0.178019 5000.11 0.999561
1957300000 29793.7 -0.119567 5000.1 0.999559
1957400000 29793.7 -0.130048 5000.1 0.999561
1957500000 29793.7 -0.243644 5000.12 0.999563
1957600000 29793.7 -0.198708 5000.11 0.999606
1957700000 29793.7 -0.0761837 5000.09 0.999563
1957800000 29793.7 -0.0804012 5000.09 0.999581
1957900000 29793.7 -0.0947364 5000.09 0.999562
1958000000 29793.7 -0.0576817 5000.09 0.999564
1958100000 29793.7 3.90122 4999.42 1.00016
1958200000 29793.7 -0.0442934 5000.08 0.999581
1958300000 29793.7 0.0896278 5000.06 0.999639
1958400000 29793.7 -0.170525 5000.11 0.999573
1958500000 29793.7 1.04423 4999.9 0.999821
1958600000 29793.7 -0.333565 5000.13 0.999565
1958700000 29793.7 -0.172746 5000.11 0.99956
1958800000 29793.7 -0.0211852 5000.08 0.999566
1958900000 29793.7 -0.023386 5000.08 0.999585
1959000000 29793.7 0.372595 5000.01 0.999676
1959100000 29793.7 -0.0524756 5000.09 0.999564
1959200000 29793.7 0.12399 5000.06 0.999617
1959300000 29793.7 -0.0434352 5000.08 0.999565
1959400000 29793.7 2.02077 4999.74 0.999863
1959500000 29793.7 -0.0829248 5000.09 0.999591
1959600000 29793.7 0.555388 4999.98 0.999728
1959700000 29793.7 -0.0965161 5000.09 0.999566
1959800000 29793.7 -0.188571 5000.11 0.999559
1959900000 29793.7 -0.151106 5000.1 0.999567
1960000000 29793.7 -0.171865 5000.11 0.999563
1960100000 29793.7 -0.156538 5000.1 0.999558
1960200000 29793.7 -0.105648 5000.1 0.999567
1960300000 29793.7 -0.0432334 5000.08 0.999564
1960400000 29793.7 0.128863 5000.06 0.999652
1960500000 29793.7 -0.0676262 5000.09 0.999579
1960600000 29793.7 -0.104155 5000.09 0.999604
1960700000 29793.7 3.47625 4999.49 0.999999
1960800000 29793.7 -0.0561823 5000.09 0.999566
1960900000 29793.7 -0.13611 5000.1 0.999562
1961000000 29793.7 -0.128629 5000.1 0.999565
1961100000 29793.7 -0.125017 5000.1 0.999566
1961200000 29793.7 -0.110119 5000.1 0.999566
1961300000 29793.7 -0.0682346 5000.09 0.999581
1961400000 29793.7 1.06472 4999.9 0.999746
1961500000 29793.7 -0.0470407 5000.09 0.999564
1961600000 29793.7 -0.115625 5000.1 0.999558
1961700000 29793.7 -0.096989 5000.09 0.999605
1961800000 29793.7 -0.111143 5000.1 0.99956
1961900000 29793.7 -0.0955388 5000.09 0.999559
1962000000 29793.7 1.46295 4999.83 0.999829
1962100000 29793.7 2.9834 4999.58 1.00002
1962200000 29793.7 -0.0796074 5000.09 0.999561
1962300000 29793.7 1.01618 4999.91 0.999742
1962400000 29793.7 -0.0929083 5000.09 0.999565
1962500000 29793.7 -0.0720949 5000.09 0.999608
1962600000 29793.7 -0.140218 5000.1 0.999567
1962700000 29793.7 -0.150357 5000.1 0.999588
1962800000 29793.7 -0.0644204 5000.09 0.999599
1962900000 29793.7 -0.0587481 5000.09 0.999561
1963000000 29793.7 -0.119202 5000.1 0.999581
1963100000 29793.7 -0.135158 5000.1 0.999559
1963200000 29793.7 0.0853846 5000.06 0.999626
1963300000 29793.7 -0.0538714 5000.09 0.999565
1963400000 29793.7 -0.108503 5000.1 0.99956
1963500000 29793.7 -0.0544064 5000.09 0.999566
1963600000 29793.7 -0.10381 5000.09 0.999566
1963700000 29793.7 0.332527 5000.02 0.99965
1963800000 29793.7 -0.057591 5000.09 0.999563
1963900000 29793.7 1.68475 4999.79 0.999866
1964000000 29793.7 0.491522 4999.99 0.999684
1964100000 29793.7 -0.0428245 5000.08 0.999564
1964200000 29793.7 -0.0784883 5000.09 0.999579
1964300000 29793.7 -0.134746 5000.1 0.999559
1964400000 29793.7 -0.0721463 5000.09 0.999571
1964500000 29793.7 -0.244975 5000.12 0.999553
1964600000 29793.7 -0.216354 5000.11 0.999552
1964700000 29793.7 -0.0825596 5000.09 0.999579
1964800000 29793.7 -0.101535 5000.09 0.999576
1964900000 29793.7 -0.0899697 5000.09 0.999568
1965000000 29793.7 0.104475 5000.06 0.999641
1965100000 29793.7 -0.221784 5000.11 0.999568
1965200000 29793.7 0.51472 4999.99 0.999714
1965300000 29793.7 0.162013 5000.05 0.999639
1965400000 29793.7 -0.105009 5000.1 0.999562
1965500000 29793.7 -0.150439 5000.1 0.99958
1965600000 29793.7 -0.113905 5000.1 0.999559
1965700000 29793.7 -0.171583 5000.11 0.999568
1965800000 29793.7 -0.108332 5000.1 0.99957
1965900000 29793.7 -0.0916249 5000.09 0.999571
1966000000 29793.7 -0.127298 5000.1 0.999579
1966100000 29793.7 -0.141271 5000.1 0.999558
1966200000 29793.7 0.0989378 5000.06 0.999631
1966300000 29793.7 -0.0890626 5000.09 0.999619
1966400000 29793.7 -0.0585931 5000.09 0.999563
1966500000 29793.7 -0.137498 5000.1 0.999576
1966600000 29793.7 0.422859 5000.01 0.999664
1966700000 29793.7 -0.181728 5000.11 0.999574
1966800000 29793.7 6.48963 4998.99 1.00028
1966900000 29793.7 -0.0899763 5000.09 0.999568
1967000000 29793.7 -0.180362 5000.11 0.999562
1967100000 29793.7 -0.110717 5000.1 0.99957
1967200000 29793.7 -0.0760156 5000.09 0.999563
1967300000 29793.7 1.2059 4999.88 0.999764
1967400000 29793.7 -0.132934 5000.1 0.999584
1967500000 29793.7 -0.249406 5000.12 0.999593
1967600000 29793.7 -0.0756594 5000.09 0.999562
1967700000 29793.7 -0.0369415 5000.08 0.999565
1967800000 29793.7 -0.0715302 5000.09 0.999564
1967900000 29793.7 0.161512 5000.05 0.999642
1968000000 29793.7 -0.0132557 5000.08 0.999567
1968100000 29793.7 -0.105745 5000.1 0.999564
1968200000 29793.7 -0.0957662 5000.09 0.999578
1968300000 29793.7 -0.00867106 5000.08 0.999604
1968400000 29793.7 -0.121933 5000.1 0.999606
1968500000 29793.7 -0.0750346 5000.09 0.999564
1968600000 29793.7 -0.1229 5000.1 0.999566
1968700000 29793.7 -0.0328928 5000.08 0.999564
1968800000 29793.7 -0.130042 5000.1 0.999573
1968900000 29793.7 -0.0725103 5000.09 0.999573
1969000000 29793.7 1.0303 4999.9 0.999746
1969100000 29793.7 0.10475 5000.06 0.999625
1969200000 29793.7 -0.11703 5000.1 0.999574
1969300000 29793.7 -0.117865 5000.1 0.999564
1969400000 29793.7 -0.0432606 5000.08 0.999565
1969500000 29793.7 -0.0163485 5000.08 0.999566
1969600000 29793.7 -0.0610456 5000.09 0.999563
1969700000 29793.7 -0.127731 5000.1 0.999571
1969800000 29793.7 -0.0236587 5000.08 0.999591
1969900000 29793.7 -0.0665456 5000.09 0.999569
1970000000 29793.7 0.0620061 5000.07 0.99961
1970100000 29793.7 -0.204042 5000.11 0.99958
1970200000 29793.7 -0.0181919 5000.08 0.999566
1970300000 29793.7 -0.0870049 5000.09 0.999572
1970400000 29793.7 -0.273388 5000.12 0.999573
1970500000 29793.7 -0.196761 5000.11 0.999573
1970600000 29793.7 -0.0571523 5000.09 0.999563
1970700000 29793.7 -0.151288 5000.1 0.999561
1970800000 29793.7 -0.120031 5000.1 0.999577
1970900000 29793.7 0.0473846 5000.07 0.999634
1971000000 29793.7 -0.00740284 5000.08 0.999567
1971100000 29793.7 -0.136643 5000.1 0.999558
1971200000 29793.7 -0.13458 5000.1 0.999558
1971300000 29793.7 -0.0636511 5000.09 0.999563
1971400000 29793.7 -0.0742057 5000.09 0.999562
1971500000 29793.7 -0.159894 5000.1 0.999557
1971600000 29793.7 -0.0697958 5000.09 0.999563
1971700000 29793.7 -0.0339202 5000.08 0.999591
1971800000 29793.7 -0.0436441 5000.08 0.99959
1971900000 29793.7 -0.126435 5000.1 0.999559
1972000000 29793.7 -0.0871946 5000.09 0.999572
1972100000 29793.7 3.15208 4999.55 0.999968
1972200000 29793.7 -0.202229 5000.11 0.99957
1972300000 29793.7 -0.109656 5000.1 0.999558
1972400000 29793.7 -0.113617 5000.1 0.999559
1972500000 29793.7 0.151285 5000.05 0.999643
1972600000 29793.7 -0.0839777 5000.09 0.99957
1972700000 29793.7 0.157764 5000.05 0.999644
1972800000 29793.7 -0.0884971 5000.09 0.99956
1972900000 29793.7 1.73735 4999.79 0.999859
1973000000 29793.7 0.700011 4999.96 0.999702
1973100000 29793.7 -0.120252 5000.1 0.999582
1973200000 29793.7 2.34499 4999.68 0.999922
1973300000 29793.7 -0.0839412 5000.09 0.999561
1973400000 29793.7 -0.00170328 5000.08 0.999609
1973500000 29793.7 -0.0613968 5000.09 0.999597
1973600000 29793.7 -0.0995429 5000.09 0.999577
1973700000 29793.7 -0.058784 5000.09 0.999563
1973800000 29793.7 -0.060056 5000.09 0.999563
1973900000 29793.7 -0.0598839 5000.09 0.999562
1974000000 29793.7 -0.0983407 5000.09 0.99956
1974100000 29793.7 -0.186647 5000.11 0.999562
1974200000 29793.7 -0.184797 5000.11 0.999571
1974300000 29793.7 0.259784 5000.03 0.999657
1974400000 29793.7 -0.161571 5000.1 0.999575
1974500000 29793.7 0.432726 5000 0.999689
1974600000 29793.7 0.331482 5000.02 0.999735
1974700000 29793.7 -0.0956379 5000.09 0.99956
1974800000 29793.7 -0.0499823 5000.09 0.999591
1974900000 29793.7 -0.114402 5000.1 0.999559
1975000000 29793.7 0.691612 4999.96 0.999764
1975100000 29793.7 -0.0134388 5000.08 0.999597
1975200000 29793.7 0.697005 4999.96 0.999698
1975300000 29793.7 -0.0959407 5000.09 0.999567
1975400000 29793.7 0.405308 5000.01 0.999691
1975500000 29793.7 -0.164413 5000.11 0.999573
1975600000 29793.7 -0.13955 5000.1 0.999559
1975700000 29793.7 -0.076842 5000.09 0.999561
1975800000 29793.7 1.34219 4999.85 0.999817
1975900000 29793.7 -0.00682996 5000.08 0.999568
1976000000 29793.7 -0.208877 5000.11 0.999561
1976100000 29793.7 -0.108371 5000.1 0.999561
1976200000 29793.7 3.19924 4999.54 0.999986
1976300000 29793.7 -0.106778 5000.1 0.999561
1976400000 29793.7 -0.127473 5000.1 0.999577
1976500000 29793.7 -0.105528 5000.1 0.99956
1976600000 29793.7 -0.146649 5000.1 0.999557
1976700000 29793.7 -0.0150943 5000.08 0.999567
1976800000 29793.7 -0.0347972 5000.08 0.999565
1976900000 29793.7 0.0650312 5000.07 0.99964
1977000000 29793.7 -0.129813 5000.1 0.999563
1977100000 29793.7 0.200182 5000.04 0.99966
1977200000 29793.7 -0.111884 5000.1 0.999585
1977300000 29793.7 1.21125 4999.87 0.999762
1977400000 29793.7 -0.139654 5000.1 0.999563
1977500000 29793.7 -0.0772248 5000.09 0.999564
1977600000 29793.7 -0.0971772 5000.09 0.999561
1977700000 29793.7 -0.161834 5000.1 0.999564
1977800000 29793.7 1.19096 4999.88 0.999807
1977900000 29793.7 0.239224 5000.04 0.999637
1978000000 29793.7 -0.0787419 5000.09 0.999594
1978100000 29793.7 0.199424 5000.04 0.999666
1978200000 29793.7 -0.0239113 5000.08 0.999566
1978300000 29793.7 0.309362 5000.03 0.999662
1978400000 29793.7 -0.145085 5000.1 0.999594
1978500000 29793.7 1.47188 4999.83 0.999829
1978600000 29793.7 -0.0919435 5000.09 0.999572
1978700000 29793.7 -0.111921 5000.1 0.999562
1978800000 29793.7 0.0431205 5000.07 0.99961
1978900000 29793.7 -0.0280262 5000.08 0.999594
1979000000 29793.7 -0.229779 5000.12 0.999552
1979100000 29793.7 -0.199056 5000.11 0.999557
1979200000 29793.7 -0.138549 5000.1 0.999592
1979300000 29793.7 -0.116794 5000.1 0.999564
1979400000 29793.7 2.25582 4999.7 0.999889
1979500000 29793.7 -0.0912204 5000.09 0.999561
1979600000 29793.7 -0.0363087 5000.08 0.999565
1979700000 29793.7 -0.176026 5000.11 0.999564
1979800000 29793.7 0.000352764 5000.08 0.999596
1979900000 29793.7 -0.0168337 5000.08 0.999633
1980000000 29793.7 -0.164867 5000.11 0.999572
1980100000 29793.7 -0.142563 5000.1 0.99956
1980200000 29793.7 -0.0772122 5000.09 0.999562
1980300000 29793.7 0.00849329 5000.08 0.999613
1980400000 29793.7 -0.118438 5000.1 0.999557
1980500000 29793.7 0.184514 5000.05 0.999629
1980600000 29793.7 1.03059 4999.9 0.99974
1980700000 29793.7 -0.0468259 5000.09 0.999563
1980800000 29793.7 -0.0957871 5000.09 0.999562
1980900000 29793.7 -0.0522128 5000.09 0.999563
1981000000 29793.7 -0.0382005 5000.08 0.999564
1981100000 29793.7 -0.11054 5000.1 0.9996
1981200000 29793.7 -0.0893612 5000.09 0.99956
1981300000 29793.7 -0.114377 5000.1 0.999567
1981400000 29793.7 -0.0883083 5000.09 0.999618
1981500000 29793.7 -0.0321278 5000.08 0.999588
1981600000 29793.7 0.339621 5000.02 0.999675
1981700000 29793.7 0.30736 5000.03 0.99971
1981800000 29793.7 -0.159207 5000.1 0.999561
1981900000 29793.7 0.65027 4999.97 0.999729
1982000000 29793.7 1.73166 4999.79 0.999855
1982100000 29793.7 -0.122158 5000.1 0.999561
1982200000 29793.7 0.0748712 5000.06 0.999608
1982300000 29793.7 -0.114881 5000.1 0.99956
1982400000 29793.7 -0.191501 5000.11 0.999568
1982500000 29793.7 -0.217953 5000.11 0.999566
1982600000 29793.7 0.0971095 5000.06 0.999612
1982700000 29793.7 -0.0680545 5000.09 0.999562
1982800000 29793.7 -0.0873758 5000.09 0.999563
1982900000 29793.7 -0.063462 5000.09 0.999562
1983000000 29793.7 0.289488 5000.03 0.999663
1983100000 29793.7 -0.146202 5000.1 0.999562
1983200000 29793.7 0.00980111 5000.08 0.999622
1983300000 29793.7 0.108544 5000.06 0.999653
1983400000 29793.7 -0.0705378 5000.09 0.999562
1983500000 29793.7 -0.254371 5000.12 0.999566
1983600000 29793.7 -0.152215 5000.1 0.999557
1983700000 29793.7 -0.143203 5000.1 0.999582
1983800000 29793.7 -0.24607 5000.12 0.999604
1983900000 29793.7 -0.195208 5000.11 0.99957
1984000000 29793.7 -0.142196 5000.1 0.999581
1984100000 29793.7 -0.170811 5000.11 0.999562
1984200000 29793.7 -0.0602689 5000.09 0.999588
1984300000 29793.7 -0.0753609 5000.09 0.999575
1984400000 29793.7 -0.218752 5000.11 0.999564
1984500000 29793.7 0.705136 4999.96 0.999731
1984600000 29793.7 -0.0477618 5000.09 0.999564
1984700000 29793.7 -0.0438511 5000.08 0.999564
1984800000 29793.7 0.0838294 5000.06 0.999616
1984900000 29793.7 1.04728 4999.9 0.999762
1985000000 29793.7 -0.122033 5000.1 0.999561
1985100000 29793.7 0.014289 5000.08 0.999595
1985200000 29793.7 1.17438 4999.88 0.999792
1985300000 29793.7 0.262045 5000.03 0.999665
1985400000 29793.7 -0.0396489 5000.08 0.999565
1985500000 29793.7 -0.0149562 5000.08 0.999567
1985600000 29793.7 -0.0605212 5000.09 0.999563
1985700000 29793.7 -0.164231 5000.11 0.99956
1985800000 29793.7 -0.0411607 5000.08 0.999564
1985900000 29793.7 -0.0725389 5000.09 0.999564
1986000000 29793.7 -0.140499 5000.1 0.999563
1986100000 29793.7 -0.0395179 5000.08 0.999583
1986200000 29793.7 -0.178486 5000.11 0.999559
1986300000 29793.7 0.494942 4999.99 0.999691
1986400000 29793.7 -0.0960997 5000.09 0.999605
1986500000 29793.7 -0.10212 5000.09 0.999559
1986600000 29793.7 -0.171129 5000.11 0.999562
1986700000 29793.7 -0.0709646 5000.09 0.999564
1986800000 29793.7 -0.0277392 5000.08 0.999565
1986900000 29793.7 -0.111197 5000.1 0.999563
1987000000 29793.7 -0.0673414 5000.09 0.999566
1987100000 29793.7 -0.158496 5000.1 0.999564
1987200000 29793.7 -0.120818 5000.1 0.999611
1987300000 29793.7 -0.0719256 5000.09 0.999562
1987400000 29793.7 -0.035726 5000.08 0.999592
1987500000 29793.7 0.725522 4999.96 0.999704
1987600000 29793.7 -0.0799549 5000.09 0.999563
1987700000 29793.7 0.18252 5000.05 0.999633
1987800000 29793.7 -0.126409 5000.1 0.99958
1987900000 29793.7 -0.100848 5000.09 0.999565
1988000000 29793.7 0.103941 5000.06 0.999623
1988100000 29793.7 -0.116187 5000.1 0.99957
1988200000 29793.7 -0.0867758 5000.09 0.999578
1988300000 29793.7 -0.0543296 5000.09 0.999562
1988400000 29793.7 -0.110582 5000.1 0.999564
1988500000 29793.7 -0.115506 5000.1 0.999572
1988600000 29793.7 0.768924 4999.95 0.999753
1988700000 29793.7 0.042069 5000.07 0.999616
1988800000 29793.7 -0.186027 5000.11 0.999562
1988900000 29793.7 -0.0991787 5000.09 0.999562
1989000000 29793.7 -0.132028 5000.1 0.999568
1989100000 29793.7 0.172622 5000.05 0.999622
1989200000 29793.7 -0.00899171 5000.08 0.999567
1989300000 29793.7 0.524788 4999.99 0.999733
1989400000 29793.7 0.673733 4999.96 0.999723
1989500000 29793.7 -0.0933668 5000.09 0.99958
1989600000 29793.7 -0.198128 5000.11 0.999561
1989700000 29793.7 -0.124036 5000.1 0.999559
1989800000 29793.7 -0.0488004 5000.09 0.999565
1989900000 29793.7 -0.0806399 5000.09 0.999562
1990000000 29793.7 -0.0315618 5000.08 0.999565
1990100000 29793.7 -0.195805 5000.11 0.999561
1990200000 29793.7 -0.150396 5000.1 0.999564
1990300000 29793.7 0.252898 5000.04 0.999668
1990400000 29793.7 -0.074554 5000.09 0.999565
1990500000 29793.7 -0.100531 5000.09 0.999598
1990600000 29793.7 -0.0307745 5000.08 0.999565
1990700000 29793.7 -0.0580799 5000.09 0.999563
1990800000 29793.7 -0.180994 5000.11 0.999567
1990900000 29793.7 -0.163635 5000.1 0.999561
1991000000 29793.7 -0.0391849 5000.08 0.999564
1991100000 29793.7 0.0293949 5000.07 0.999639
1991200000 29793.7 -0.0292892 5000.08 0.999598
1991300000 29793.7 -0.0518172 5000.09 0.999565
1991400000 29793.7 0.104055 5000.06 0.999642
1991500000 29793.7 1.32996 4999.85 0.999779
1991600000 29793.7 0.222613 5000.04 0.999644
1991700000 29793.7 -0.193948 5000.11 0.999576
1991800000 29793.7 -0.14627 5000.1 0.999578
1991900000 29793.7 -0.104806 5000.1 0.999573
1992000000 29793.7 -0.137986 5000.1 0.99957
1992100000 29793.7 -0.193354 5000.11 0.999573
1992200000 29793.7 0.0354772 5000.07 0.999602
1992300000 29793.7 0.209269 5000.04 0.999635
1992400000 29793.7 -0.213393 5000.11 0.999616
1992500000 29793.7 -0.109796 5000.1 0.999561
1992600000 29793.7 -0.0289633 5000.08 0.999565
1992700000 29793.7 -0.0140351 5000.08 0.999567
1992800000 29793.7 -0.0215487 5000.08 0.999566
1992900000 29793.7 -0.229227 5000.12 0.999563
1993000000 29793.7 -0.0184332 5000.08 0.999626
1993100000 29793.7 -0.132867 5000.1 0.999562
1993200000 29793.7 0.797365 4999.94 0.999737
1993300000 29793.7 -0.192204 5000.11 0.999568
1993400000 29793.7 -0.0593781 5000.09 0.999562
1993500000 29793.7 -0.0690686 5000.09 0.999562
1993600000 29793.7 2.97118 4999.58 0.999957
1993700000 29793.7 -0.189635 5000.11 0.999579
1993800000 29793.7 -0.150108 5000.1 0.999557
1993900000 29793.7 0.0189205 5000.07 0.999595
1994000000 29793.7 -0.0830318 5000.09 0.999589
1994100000 29793.7 -0.0621676 5000.09 0.999563
1994200000 29793.7 -0.0712534 5000.09 0.999561
1994300000 29793.7 -0.14543 5000.1 0.999559
1994400000 29793.7 0.348598 5000.02 0.999662
1994500000 29793.7 -0.0646839 5000.09 0.999563
1994600000 29793.7 -0.103328 5000.09 0.999559
1994700000 29793.7 0.0448474 5000.07 0.999641
1994800000 29793.7 0.670021 4999.97 0.999702
1994900000 29793.7 -0.0434675 5000.08 0.999583
1995000000 29793.7 0.614988 4999.97 0.999688
1995100000 29793.7 -0.070266 5000.09 0.999565
1995200000 29793.7 -0.0787655 5000.09 0.999584
1995300000 29793.7 -0.19301 5000.11 0.999567
1995400000 29793.7 -0.098568 5000.09 0.999584
1995500000 29793.7 0.115824 5000.06 0.999657
1995600000 29793.7 3.96487 4999.41 1.00005
1995700000 29793.7 -0.14279 5000.1 0.999569
1995800000 29793.7 -0.134261 5000.1 0.999587
1995900000 29793.7 -0.105667 5000.1 0.99956
1996000000 29793.7 0.122307 5000.06 0.999651
1996100000 29793.7 -0.174586 5000.11 0.999573
1996200000 29793.7 -0.106757 5000.1 0.999602
1996300000 29793.7 0.0607374 5000.07 0.999638
1996400000 29793.7 -0.106873 5000.1 0.999576
1996500000 29793.7 -0.0816316 5000.09 0.999617
1996600000 29793.7 -0.167594 5000.11 0.999584
1996700000 29793.7 -0.128985 5000.1 0.999576
1996800000 29793.7 1.20143 4999.88 0.999763
1996900000 29793.7 0.227767 5000.04 0.999648
1997000000 29793.7 1.2758 4999.86 0.999777
1997100000 29793.7 0.458979 5000 0.999718
1997200000 29793.7 0.395435 5000.01 0.999715
1997300000 29793.7 -0.120762 5000.1 0.999561
1997400000 29793.7 -0.174641 5000.11 0.999568
1997500000 29793.7 -0.154221 5000.1 0.999571
1997600000 29793.7 0.0109808 5000.08 0.999596
1997700000 29793.7 -0.0427081 5000.08 0.999565
1997800000 29793.7 -0.0381356 5000.08 0.999593
1997900000 29793.7 -0.146515 5000.1 0.999582
1998000000 29793.7 -0.00753869 5000.08 0.999607
1998100000 29793.7 -0.0404935 5000.08 0.999565
1998200000 29793.7 -0.0200467 5000.08 0.999566
1998300000 29793.7 -0.0857277 5000.09 0.999574
1998400000 29793.7 -0.0463176 5000.09 0.999564
1998500000 29793.7 0.774286 4999.95 0.999715
1998600000 29793.7 -0.16173 5000.1 0.999562
1998700000 29793.7 -0.115256 5000.1 0.999571
1998800000 29793.7 -0.0631175 5000.09 0.999628
1998900000 29793.7 -0.082717 5000.09 0.999565
1999000000 29793.7 -0.0851224 5000.09 0.999561
1999100000 29793.7 -0.0730389 5000.09 0.999562
1999200000 29793.7 -0.0402112 5000.08 0.999584
1999300000 29793.7 2.2199 4999.7 0.999893
1999400000 29793.7 -0.243751 5000.12 0.999565
1999500000 29793.7 -0.0767961 5000.09 0.999561
1999600000 29793.7 -0.176368 5000.11 0.999574
1999700000 29793.7 -0.163501 5000.1 0.99956
1999800000 29793.7 0.205015 5000.04 0.99963
1999900000 29793.7 -0.0924784 5000.09 0.999561
2000000000 29793.7 0.0923489 5000.06 0.999612
