# Time-averaged data for fix AveAll
# TimeStep v_TotEn v_PotEn c_T c_P
100000 41717 1.75056 7000.81 0.999815
200000 41717 -0.0824756 7001.12 0.999612
300000 41717 -0.0340286 7001.11 0.999615
400000 41717 0.863581 7000.96 0.999778
500000 41717 -0.0896371 7001.12 0.999614
600000 41717 -0.00669714 7001.1 0.999617
700000 41717 2.67101 7000.65 0.999902
800000 41717 2.56145 7000.67 0.999905
900000 41717 -0.0235178 7001.11 0.999616
1000000 41717 0.0239872 7001.1 0.999637
1100000 41717 0.505354 7001.02 0.999717
1200000 41717 -0.0594724 7001.11 0.999621
1300000 41717 -0.0342968 7001.11 0.999615
1400000 41717 0.138661 7001.08 0.999662
1500000 41717 0.00262726 7001.1 0.999648
1600000 41717 -0.0356293 7001.11 0.999615
1700000 41717 0.893568 7000.95 0.999762
1800000 41717 0.076562 7001.09 0.99965
1900000 41717 0.0948824 7001.09 0.999667
2000000 41717 -0.12039 7001.12 0.999612
2100000 41717 1.46935 7000.86 0.999792
2200000 41717 -0.118373 7001.12 0.999637
2300000 41717 -0.140424 7001.13 0.999612
2400000 41717 -0.0930532 7001.12 0.999618
2500000 41717 0.329517 7001.05 0.999674
2600000 41717 -0.174021 7001.13 0.999635
2700000 41717 -0.00944645 7001.1 0.999617
2800000 41717 -0.137698 7001.12 0.999615
2900000 41717 -0.0652887 7001.11 0.999613
3000000 41717 0.255346 7001.06 0.999679
3100000 41717 -0.0165616 7001.1 0.999634
3200000 41717 -0.0564086 7001.11 0.999614
3300000 41717 -0.0738116 7001.11 0.999613
3400000 41717 -0.0113785 7001.1 0.999617
3500000 41717 -0.12101 7001.12 0.999613
3600000 41717 -0.112542 7001.12 0.999624
3700000 41717 -0.164212 7001.13 0.999612
3800000 41717 -0.0720975 7001.11 0.999612
3900000 41717 -0.0976679 7001.12 0.999623
4000000 41717 -0.0101496 7001.1 0.999617
4100000 41717 -0.118291 7001.12 0.999631
4200000 41717 -0.0941349 7001.12 0.99962
4300000 41717 -0.0183665 7001.1 0.999616
4400000 41717 0.168938 7001.07 0.999672
4500000 41717 -0.17509 7001.13 0.999623
4600000 41717 0.118072 7001.08 0.99967
4700000 41717 -0.0147265 7001.1 0.999617
4800000 41717 -0.0793789 7001.11 0.99965
4900000 41717 -0.0902603 7001.12 0.999611
5000000 41717 -0.0429808 7001.11 0.999638
5100000 41717 -0.0522849 7001.11 0.999615
5200000 41717 -0.0777863 7001.11 0.999614
5300000 41717 0.61914 7001 0.999709
5400000 41717 -0.0552799 7001.11 0.999646
5500000 41717 0.0331297 7001.1 0.999658
5600000 41717 -0.0827466 7001.12 0.999614
5700000 41717 -0.100931 7001.12 0.999613
5800000 41717 0.587166 7001 0.999708
5900000 41717 -0.086545 7001.12 0.999614
6000000 41717 -0.236784 7001.14 0.999615
6100000 41717 -0.0678064 7001.11 0.999614
6200000 41717 -0.0833196 7001.12 0.999622
6300000 41717 -0.174217 7001.13 0.999634
6400000 41717 0.0407532 7001.09 0.999655
6500000 41717 -0.0495546 7001.11 0.999614
6600000 41717 -0.0812086 7001.12 0.999613
6700000 41717 -0.00941869 7001.1 0.999617
6800000 41717 1.92607 7000.78 0.999814
6900000 41717 0.338638 7001.04 0.999675
7000000 41717 -0.022381 7001.11 0.999616
7100000 41717 -0.142977 7001.13 0.999628
7200000 41717 -0.0785136 7001.11 0.999614
7300000 41717 3.09866 7000.58 0.999899
7400000 41717 -0.105262 7001.12 0.999645
7500000 41717 0.0297204 7001.1 0.999639
7600000 41717 -0.0877151 7001.12 0.999613
7700000 41717 -0.0196771 7001.1 0.999616
7800000 41717 -0.0171166 7001.1 0.999633
7900000 41717 1.09041 7000.92 0.999758
8000000 41717 -0.171882 7001.13 0.99962
8100000 41717 0.396432 7001.04 0.999686
8200000 41717 -0.0497101 7001.11 0.999614
8300000 41717 5.28453 7000.22 1.00004
8400000 41717 -0.0887777 7001.12 0.999617
8500000 41717 -0.0874195 7001.12 0.999625
8600000 41717 -0.0235155 7001.11 0.999616
8700000 41717 0.236447 7001.06 0.999675
8800000 41717 1.83976 7000.79 0.999814
8900000 41717 -0.0385433 7001.11 0.999615
9000000 41717 -0.0417518 7001.11 0.999615
9100000 41717 -0.0527012 7001.11 0.999615
9200000 41717 -0.17391 7001.13 0.999609
9300000 41717 0.0297398 7001.1 0.999641
9400000 41717 1.63829 7000.83 0.999792
9500000 41717 0.180252 7001.07 0.999665
9600000 41717 -0.0133614 7001.1 0.999617
9700000 41717 -0.155792 7001.13 0.999615
9800000 41717 0.205216 7001.07 0.999671
9900000 41717 -0.153472 7001.13 0.999624
10000000 41717 -0.0523461 7001.11 0.999615
10100000 41717 -0.181824 7001.13 0.999624
10200000 41717 -0.0860765 7001.12 0.999614
10300000 41717 -0.0609661 7001.11 0.999615
10400000 41717 -0.158419 7001.13 0.999613
10500000 41717 -0.108576 7001.12 0.999616
10600000 41717 -0.0820065 7001.12 0.999614
10700000 41717 2.41584 7000.7 0.999875
10800000 41717 0.120851 7001.08 0.99965
10900000 41717 4.36375 7000.37 0.99999
11000000 41717 -0.0913921 7001.12 0.99962
11100000 41717 -0.074157 7001.11 0.999614
11200000 41717 -0.0701787 7001.11 0.999615
11300000 41717 1.57156 7000.84 0.999806
11400000 41717 -0.122038 7001.12 0.999619
11500000 41717 -0.0826031 7001.12 0.999613
11600000 41717 -0.0529937 7001.11 0.999626
11700000 41717 -0.0604653 7001.11 0.999626
11800000 41717 -0.0562677 7001.11 0.999615
11900000 41717 -0.0708069 7001.11 0.999617
12000000 41717 -0.0469237 7001.11 0.999616
12100000 41717 -0.0205448 7001.11 0.999616
12200000 41717 -0.00138881 7001.1 0.999618
12300000 41717 -0.099397 7001.12 0.999613
12400000 41717 -0.118039 7001.12 0.999612
12500000 41717 -0.0918485 7001.12 0.999621
12600000 41717 -0.0388503 7001.11 0.999615
12700000 41717 0.396439 7001.04 0.999688
12800000 41717 -0.0291826 7001.11 0.999616
12900000 41717 -0.102892 7001.12 0.999616
13000000 41717 -0.0539708 7001.11 0.999615
13100000 41717 0.216269 7001.07 0.99967
13200000 41717 -0.0575735 7001.11 0.999614
13300000 41717 -0.0259785 7001.11 0.999616
13400000 41717 -0.119542 7001.12 0.999625
13500000 41717 -0.0800607 7001.12 0.999619
13600000 41717 -0.195702 7001.13 0.999611
13700000 41717 -0.139614 7001.13 0.99961
13800000 41717 0.350809 7001.04 0.999676
13900000 41717 0.575267 7001.01 0.999709
14000000 41717 -0.0145623 7001.1 0.999616
14100000 41717 -0.0450532 7001.11 0.999637
14200000 41717 -0.0325224 7001.11 0.999615
14300000 41717 -0.0361742 7001.11 0.999615
14400000 41717 -0.0677457 7001.11 0.999614
14500000 41717 -0.0148607 7001.1 0.999616
14600000 41717 -0.0369232 7001.11 0.99963
14700000 41717 -0.0493416 7001.11 0.999614
14800000 41717 -0.0706282 7001.11 0.999614
14900000 41717 -0.0281753 7001.11 0.999615
15000000 41717 -0.0912167 7001.12 0.999619
15100000 41717 -0.101678 7001.12 0.999624
15200000 41717 -0.228965 7001.14 0.999627
15300000 41717 -0.0511489 7001.11 0.999615
15400000 41717 0.254514 7001.06 0.99968
15500000 41717 -0.0967459 7001.12 0.999617
15600000 41717 -0.0332372 7001.11 0.999615
15700000 41717 -0.0567569 7001.11 0.999642
15800000 41717 -0.0968951 7001.12 0.999613
15900000 41717 -0.141702 7001.13 0.999634
16000000 41717 -0.0292405 7001.11 0.999615
16100000 41717 -0.177433 7001.13 0.999611
16200000 41717 -0.0649825 7001.11 0.999616
16300000 41717 -0.119505 7001.12 0.999616
16400000 41717 0.0183933 7001.1 0.999647
16500000 41717 3.36614 7000.54 0.999928
16600000 41717 -0.0835296 7001.12 0.999642
16700000 41717 0.755452 7000.97 0.999725
16800000 41717 -0.0990018 7001.12 0.999615
16900000 41717 4.12924 7000.41 1
17000000 41717 0.538877 7001.01 0.999698
17100000 41717 -0.106399 7001.12 0.999636
17200000 41717 0.0889879 7001.09 0.999666
17300000 41717 -0.159175 7001.13 0.999613
17400000 41717 -0.15168 7001.13 0.999611
17500000 41717 0.844116 7000.96 0.999747
17600000 41717 -0.0217588 7001.11 0.999616
17700000 41717 -0.024483 7001.11 0.999616
17800000 41717 -0.0367536 7001.11 0.999616
17900000 41717 -0.164089 7001.13 0.999611
18000000 41717 0.177287 7001.07 0.99967
18100000 41717 0.904877 7000.95 0.999737
18200000 41717 0.773927 7000.97 0.999751
18300000 41717 0.800019 7000.97 0.999721
18400000 41717 -0.0143339 7001.1 0.999616
18500000 41717 -0.109899 7001.12 0.999621
18600000 41717 -0.0889677 7001.12 0.999622
18700000 41717 0.240161 7001.06 0.999671
18800000 41717 -0.0614956 7001.11 0.999614
18900000 41717 -0.098624 7001.12 0.999615
19000000 41717 -0.148306 7001.13 0.99961
19100000 41717 -0.0951882 7001.12 0.999614
19200000 41717 -0.0518429 7001.11 0.999615
19300000 41717 -0.0549908 7001.11 0.999622
19400000 41717 -0.120297 7001.12 0.99961
19500000 41717 0.200789 7001.07 0.999678
19600000 41717 -0.0479833 7001.11 0.999626
19700000 41717 -0.080108 7001.12 0.99962
19800000 41717 5.00258 7000.26 1.00003
19900000 41717 -0.0190269 7001.1 0.999647
20000000 41717 0.209423 7001.07 0.999666
20100000 41717 -0.089213 7001.12 0.999614
20200000 41717 1.39451 7000.87 0.999775
20300000 41717 0.114612 7001.08 0.999671
20400000 41717 0.759067 7000.97 0.999739
20500000 41717 -0.149238 7001.13 0.999619
20600000 41717 0.34409 7001.04 0.999675
20700000 41717 0.650785 7000.99 0.999744
20800000 41717 -0.101453 7001.12 0.999613
20900000 41717 -0.0630488 7001.11 0.999615
21000000 41717 -0.00740007 7001.1 0.999617
21100000 41717 -0.0679029 7001.11 0.999614
21200000 41717 0.674688 7000.99 0.999713
21300000 41717 -0.0550291 7001.11 0.999617
21400000 41717 -0.0990844 7001.12 0.999635
21500000 41717 0.310407 7001.05 0.99968
21600000 41717 0.704499 7000.98 0.999721
21700000 41717 5.08022 7000.25 1.00003
21800000 41717 -0.0245404 7001.11 0.999616
21900000 41717 0.11498 7001.08 0.999661
22000000 41717 0.156675 7001.08 0.999658
22100000 41717 0.3426 7001.04 0.999677
22200000 41717 0.163604 7001.07 0.999656
22300000 41717 -0.0556184 7001.11 0.999649
22400000 41717 -0.0298521 7001.11 0.999635
22500000 41717 -0.0941932 7001.12 0.999615
22600000 41717 -0.0852701 7001.12 0.999613
22700000 41717 -0.0913854 7001.12 0.999633
22800000 41717 -0.0403714 7001.11 0.999615
22900000 41717 -0.101666 7001.12 0.999614
23000000 41717 -0.166994 7001.13 0.999611
23100000 41717 -0.150188 7001.13 0.999619
23200000 41717 0.0158068 7001.1 0.999654
23300000 41717 -0.0112952 7001.1 0.999633
23400000 41717 -0.152228 7001.13 0.99962
23500000 41717 3.31068 7000.55 0.999914
23600000 41717 -0.0789806 7001.11 0.999626
23700000 41717 -0.0234713 7001.11 0.999616
23800000 41717 -0.0928165 7001.12 0.999614
23900000 41717 -0.148129 7001.13 0.999619
24000000 41717 6.51363 7000.01 1.00012
24100000 41717 0.176088 7001.07 0.999664
24200000 41717 1.09072 7000.92 0.999802
24300000 41717 -0.00844406 7001.1 0.999634
24400000 41717 0.174355 7001.07 0.999657
24500000 41717 -0.0719661 7001.11 0.999616
24600000 41717 -0.0176351 7001.1 0.999616
24700000 41717 -0.00630031 7001.1 0.999617
24800000 41717 0.0715718 7001.09 0.999644
24900000 41717 -0.0967567 7001.12 0.999642
25000000 41717 -0.0900454 7001.12 0.99962
25100000 41717 1.62008 7000.83 0.999792
25200000 41717 -0.0347804 7001.11 0.999616
25300000 41717 -0.0379795 7001.11 0.999615
25400000 41717 -0.0412417 7001.11 0.999615
25500000 41717 -0.0438379 7001.11 0.999615
25600000 41717 0.0992808 7001.08 0.999654
25700000 41717 0.998186 7000.93 0.999741
25800000 41717 0.753489 7000.98 0.999717
25900000 41717 -0.00703387 7001.1 0.999617
26000000 41717 -0.057959 7001.11 0.999614
26100000 41717 6.14339 7000.07 1.0001
26200000 41717 -0.0633455 7001.11 0.999616
26300000 41717 -0.0309503 7001.11 0.999636
26400000 41717 -0.0656919 7001.11 0.999616
26500000 41717 -0.0355034 7001.11 0.999631
26600000 41717 -0.0594863 7001.11 0.999621
26700000 41717 -0.09919 7001.12 0.999623
26800000 41717 -0.109478 7001.12 0.999614
26900000 41717 -0.0573885 7001.11 0.999615
27000000 41717 -0.0150799 7001.1 0.999616
27100000 41717 -0.0728658 7001.11 0.999616
27200000 41717 -0.132899 7001.12 0.999619
27300000 41717 -0.172269 7001.13 0.999619
27400000 41717 0.160762 7001.07 0.999659
27500000 41717 -0.0609557 7001.11 0.999614
27600000 41717 2.2135 7000.73 0.999875
27700000 41717 -0.0471718 7001.11 0.999616
27800000 41717 -0.0899145 7001.12 0.999644
27900000 41717 -0.0619461 7001.11 0.999622
28000000 41717 -0.0987445 7001.12 0.999613
28100000 41717 -0.15279 7001.13 0.99962
28200000 41717 -0.114305 7001.12 0.999617
28300000 41717 0.473661 7001.02 0.999694
28400000 41717 0.490682 7001.02 0.999727
28500000 41717 0.0871771 7001.09 0.999646
28600000 41717 0.0263996 7001.1 0.999654
28700000 41717 0.0176343 7001.1 0.999639
28800000 41717 0.500682 7001.02 0.999736
28900000 41717 -0.127385 7001.12 0.999622
29000000 41717 -0.0516984 7001.11 0.999615
29100000 41717 -0.141112 7001.13 0.999621
29200000 41717 -0.034731 7001.11 0.999615
29300000 41717 0.0439092 7001.09 0.999647
29400000 41717 -0.0791487 7001.11 0.999622
29500000 41717 -0.0519243 7001.11 0.999615
29600000 41717 0.062296 7001.09 0.999664
29700000 41717 -0.0275872 7001.11 0.999615
29800000 41717 0.973023 7000.94 0.999737
29900000 41717 -0.0979367 7001.12 0.999614
30000000 41717 -0.239083 7001.14 0.999611
30100000 41717 -0.0662799 7001.11 0.999614
30200000 41717 -0.144431 7001.13 0.999618
30300000 41717 -0.0729104 7001.11 0.999624
30400000 41717 -0.274424 7001.15 0.999643
30500000 41717 0.00448051 7001.1 0.999649
30600000 41717 -0.0333057 7001.11 0.999616
30700000 41717 0.0153769 7001.1 0.999639
30800000 41717 1.5828 7000.84 0.99982
30900000 41717 -0.0080968 7001.1 0.999617
31000000 41717 -0.0278015 7001.11 0.99964
31100000 41717 -0.0602271 7001.11 0.999624
31200000 41717 0.0387733 7001.1 0.999646
31300000 41717 -0.0340027 7001.11 0.999615
31400000 41717 4.35228 7000.37 1.00002
31500000 41717 0.613718 7001 0.999724
31600000 41717 -0.10027 7001.12 0.999612
31700000 41717 -0.112481 7001.12 0.999613
31800000 41717 0.0585866 7001.09 0.999651
31900000 41717 1.13544 7000.91 0.99975
32000000 41717 -0.103762 7001.12 0.999616
32100000 41717 2.70863 7000.65 0.999872
32200000 41717 -0.178439 7001.13 0.999619
32300000 41717 -0.0331974 7001.11 0.999615
32400000 41717 -0.0801233 7001.12 0.999615
32500000 41717 -0.246909 7001.14 0.999609
32600000 41717 -0.0675331 7001.11 0.999614
32700000 41717 0.117844 7001.08 0.999652
32800000 41717 -0.0339687 7001.11 0.999615
32900000 41717 -0.145444 7001.13 0.999617
33000000 41717 -0.102274 7001.12 0.999613
33100000 41717 -0.0714735 7001.11 0.999615
33200000 41717 -0.041476 7001.11 0.999616
33300000 41717 0.0129918 7001.1 0.999638
33400000 41717 0.0999329 7001.08 0.99965
33500000 41717 -0.113125 7001.12 0.999619
33600000 41717 -0.0580761 7001.11 0.999614
33700000 41717 -0.0769176 7001.11 0.999612
33800000 41717 -0.0313535 7001.11 0.999616
33900000 41717 -0.0407045 7001.11 0.999615
34000000 41717 -0.0938704 7001.12 0.999614
34100000 41717 -0.0948784 7001.12 0.999613
34200000 41717 -0.0602851 7001.11 0.999624
34300000 41717 -0.0277358 7001.11 0.999616
34400000 41717 0.122817 7001.08 0.999652
34500000 41717 -0.0840791 7001.12 0.999625
34600000 41717 0.301212 7001.05 0.999688
34700000 41717 -0.163624 7001.13 0.999615
34800000 41717 -0.0608888 7001.11 0.999621
34900000 41717 -0.104845 7001.12 0.999623
35000000 41717 2.76703 7000.64 0.99988
35100000 41717 -0.0136735 7001.1 0.999617
35200000 41717 -0.0774414 7001.11 0.999613
35300000 41717 -0.0340162 7001.11 0.999615
35400000 41717 -0.0934424 7001.12 0.999615
35500000 41717 -0.185768 7001.13 0.999622
35600000 41717 -0.0540172 7001.11 0.999615
35700000 41717 -0.0702364 7001.11 0.999637
35800000 41717 0.973626 7000.94 0.999735
35900000 41717 -0.09379 7001.12 0.999613
36000000 41717 -0.00209165 7001.1 0.999617
36100000 41717 -0.05934 7001.11 0.999617
36200000 41717 -0.0954378 7001.12 0.999616
36300000 41717 -0.0713889 7001.11 0.999614
36400000 41717 1.47284 7000.85 0.999803
36500000 41717 -0.060882 7001.11 0.999621
36600000 41717 -0.101171 7001.12 0.999616
36700000 41717 -0.156339 7001.13 0.99962
36800000 41717 -0.0153324 7001.1 0.999631
36900000 41717 -0.0491941 7001.11 0.999615
37000000 41717 -0.0212868 7001.11 0.999616
37100000 41717 -0.0871363 7001.12 0.999612
37200000 41717 1.58143 7000.84 0.999787
37300000 41717 0.489573 7001.02 0.99969
37400000 41717 -0.0590228 7001.11 0.999622
37500000 41717 -0.122586 7001.12 0.999612
37600000 41717 -0.0789128 7001.11 0.999614
37700000 41717 -0.0627002 7001.11 0.999614
37800000 41717 -0.103226 7001.12 0.999612
37900000 41717 0.00834304 7001.1 0.999645
38000000 41717 -0.0723915 7001.11 0.999613
38100000 41717 -0.0768446 7001.11 0.999613
38200000 41717 -0.0282964 7001.11 0.999615
38300000 41717 -0.0385447 7001.11 0.999614
38400000 41717 1.09072 7000.92 0.999759
38500000 41717 -0.0864946 7001.12 0.999613
38600000 41717 -0.0516214 7001.11 0.999615
38700000 41717 0.276237 7001.06 0.999695
38800000 41717 -0.178282 7001.13 0.999615
38900000 41717 -0.0455774 7001.11 0.999614
39000000 41717 -0.0648757 7001.11 0.999617
39100000 41717 0.460955 7001.02 0.999691
39200000 41717 0.919284 7000.95 0.999777
39300000 41717 1.60361 7000.83 0.99979
39400000 41717 -0.029813 7001.11 0.999615
39500000 41717 0.401453 7001.03 0.999702
39600000 41717 -0.170528 7001.13 0.999616
39700000 41717 -0.157424 7001.13 0.999621
39800000 41717 -0.107512 7001.12 0.999612
39900000 41717 -0.0386326 7001.11 0.999616
40000000 41717 -0.100831 7001.12 0.999614
40100000 41717 -0.0590717 7001.11 0.999613
40200000 41717 -0.132334 7001.12 0.999611
40300000 41717 1.77911 7000.8 0.999804
40400000 41717 -0.0698566 7001.11 0.999613
40500000 41717 -0.0726755 7001.11 0.999631
40600000 41717 -0.00434047 7001.1 0.999617
40700000 41717 -0.131454 7001.12 0.999618
40800000 41717 -0.0580167 7001.11 0.999615
40900000 41717 -0.00830321 7001.1 0.999617
41000000 41717 -0.0970792 7001.12 0.999633
41100000 41717 0.300217 7001.05 0.99968
41200000 41717 0.012417 7001.1 0.999636
41300000 41717 2.4171 7000.7 0.999853
41400000 41717 -0.059472 7001.11 0.999614
41500000 41717 -0.0708312 7001.11 0.999621
41600000 41717 -0.0882616 7001.12 0.999614
41700000 41717 -0.0703804 7001.11 0.999614
41800000 41717 -0.00662915 7001.1 0.999617
41900000 41717 -0.0982726 7001.12 0.999613
42000000 41717 -0.0369915 7001.11 0.999615
42100000 41717 -0.100522 7001.12 0.999616
42200000 41717 0.806923 7000.97 0.999721
42300000 41717 -0.141087 7001.13 0.999628
42400000 41717 -0.00727711 7001.1 0.999617
42500000 41717 -0.0101355 7001.1 0.999617
42600000 41717 -0.0973631 7001.12 0.999616
42700000 41717 -0.102727 7001.12 0.999619
42800000 41717 -0.161514 7001.13 0.999619
42900000 41717 -0.0516898 7001.11 0.999625
43000000 41717 0.748721 7000.98 0.999734
43100000 41717 -0.0725601 7001.11 0.999614
43200000 41717 -0.0347944 7001.11 0.999615
43300000 41717 -0.0819039 7001.12 0.999615
43400000 41717 -0.0522359 7001.11 0.999642
43500000 41717 -0.0705063 7001.11 0.999613
43600000 41717 -0.0363644 7001.11 0.999615
43700000 41717 2.24893 7000.72 0.999837
43800000 41717 -0.0474261 7001.11 0.999616
43900000 41717 -0.0199488 7001.1 0.999641
44000000 41717 -0.0961473 7001.12 0.999614
44100000 41717 0.223549 7001.06 0.999666
44200000 41717 -0.0548915 7001.11 0.999613
44300000 41717 -0.0488257 7001.11 0.999616
44400000 41717 -0.201618 7001.14 0.999618
44500000 41717 0.624747 7001 0.999713
44600000 41717 -0.098351 7001.12 0.999615
44700000 41717 -0.0201863 7001.11 0.999616
44800000 41717 -0.0510943 7001.11 0.999643
44900000 41717 -0.110006 7001.12 0.999618
45000000 41717 -0.176882 7001.13 0.999617
45100000 41717 -0.0655779 7001.11 0.999616
45200000 41717 -0.0675648 7001.11 0.999617
45300000 41717 -0.0858345 7001.12 0.999638
45400000 41717 -0.0169638 7001.1 0.999616
45500000 41717 -0.124896 7001.12 0.999622
45600000 41717 0.0585961 7001.09 0.999643
45700000 41717 -0.0530187 7001.11 0.999615
45800000 41717 -0.0660102 7001.11 0.999613
45900000 41717 0.0417811 7001.09 0.999641
46000000 41717 -0.0755053 7001.11 0.999636
46100000 41717 -0.0656741 7001.11 0.999615
46200000 41717 -0.0165251 7001.1 0.999616
46300000 41717 -0.0602322 7001.11 0.999619
46400000 41717 -0.0288276 7001.11 0.999615
46500000 41717 -0.120694 7001.12 0.999614
46600000 41717 -0.129751 7001.12 0.999615
46700000 41717 -0.0751985 7001.11 0.999615
46800000 41717 -0.115493 7001.12 0.999632
46900000 41717 -0.0283681 7001.11 0.999615
47000000 41717 0.256746 7001.06 0.999704
47100000 41717 -0.128549 7001.12 0.999622
47200000 41717 0.0624053 7001.09 0.999655
47300000 41717 -0.0826654 7001.12 0.999615
47400000 41717 -0.044642 7001.11 0.999615
47500000 41717 0.595067 7001 0.999708
47600000 41717 -0.0561738 7001.11 0.999614
47700000 41717 -0.139929 7001.13 0.999638
47800000 41717 -0.0740559 7001.11 0.999613
47900000 41717 0.0858152 7001.09 0.999671
48000000 41717 -0.0767667 7001.11 0.999614
48100000 41717 -0.0920046 7001.12 0.999618
48200000 41717 -0.0459623 7001.11 0.999614
48300000 41717 -0.163269 7001.13 0.999619
48400000 41717 -0.0781563 7001.11 0.999613
48500000 41717 0.516619 7001.01 0.999693
48600000 41717 -0.0314897 7001.11 0.999615
48700000 41717 -0.0894005 7001.12 0.999612
48800000 41717 -0.106594 7001.12 0.999614
48900000 41717 0.288019 7001.05 0.999687
49000000 41717 -0.046189 7001.11 0.999615
49100000 41717 -0.0808686 7001.12 0.999613
49200000 41717 -0.129765 7001.12 0.999614
49300000 41717 -0.0707318 7001.11 0.99962
49400000 41717 -0.0208355 7001.11 0.999616
49500000 41717 -0.0690116 7001.11 0.999614
49600000 41717 -0.0107068 7001.1 0.999636
49700000 41717 -0.0958894 7001.12 0.999618
49800000 41717 0.0988117 7001.09 0.999648
49900000 41717 0.176126 7001.07 0.999657
50000000 41717 0.299971 7001.05 0.999715
50100000 41717 -0.017503 7001.1 0.999616
50200000 41717 -0.17003 7001.13 0.999619
50300000 41717 -0.0798779 7001.12 0.999623
50400000 41717 -0.0889712 7001.12 0.999612
50500000 41717 1.33432 7000.88 0.99981
50600000 41717 -0.0349268 7001.11 0.999615
50700000 41717 -0.0709589 7001.11 0.999613
50800000 41717 -0.0690072 7001.11 0.999614
50900000 41717 -0.0769584 7001.11 0.999612
51000000 41717 0.0629237 7001.09 0.999642
51100000 41717 -0.0891437 7001.12 0.999614
51200000 41717 -0.0828879 7001.12 0.999616
51300000 41717 0.100926 7001.08 0.99967
51400000 41717 7.39825 6999.86 1.00017
51500000 41717 -0.0183334 7001.1 0.999616
51600000 41717 -0.0228219 7001.11 0.999616
51700000 41717 -0.0919421 7001.12 0.999628
51800000 41717 -0.0836751 7001.12 0.999615
51900000 41717 -0.112635 7001.12 0.999614
52000000 41717 -0.0479112 7001.11 0.999614
52100000 41717 -0.090825 7001.12 0.999617
52200000 41717 -0.159028 7001.13 0.999625
52300000 41717 -0.0598976 7001.11 0.999614
52400000 41717 -0.0870274 7001.12 0.999613
52500000 41717 -0.128492 7001.12 0.999615
52600000 41717 -0.0100447 7001.1 0.999617
52700000 41717 -0.120356 7001.12 0.999621
52800000 41717 -0.069529 7001.11 0.999614
52900000 41717 -0.0292393 7001.11 0.999616
53000000 41717 -0.0788488 7001.11 0.999618
53100000 41717 -0.0795361 7001.11 0.999614
53200000 41717 -0.0362709 7001.11 0.999615
53300000 41717 -0.0786821 7001.11 0.999618
53400000 41717 -0.0948518 7001.12 0.999616
53500000 41717 -0.0605973 7001.11 0.999614
53600000 41717 -0.110934 7001.12 0.999625
53700000 41717 -0.122629 7001.12 0.999631
53800000 41717 -0.224847 7001.14 0.999614
53900000 41717 -0.0625548 7001.11 0.999614
54000000 41717 -0.0318449 7001.11 0.999615
54100000 41717 -0.0728095 7001.11 0.999613
54200000 41717 -0.110848 7001.12 0.999629
54300000 41717 -0.0527498 7001.11 0.999623
54400000 41717 -0.033474 7001.11 0.999615
54500000 41717 0.134606 7001.08 0.999653
54600000 41717 -0.174582 7001.13 0.999611
54700000 41717 -0.13963 7001.13 0.999652
54800000 41717 -0.049795 7001.11 0.999644
54900000 41717 -0.145281 7001.13 0.999616
55000000 41717 10.5949 6999.32 1.00036
55100000 41717 -0.162251 7001.13 0.999617
55200000 41717 -0.0896843 7001.12 0.999614
55300000 41717 -0.0201718 7001.11 0.999616
55400000 41717 -0.111753 7001.12 0.999623
55500000 41717 -0.0890526 7001.12 0.999611
55600000 41717 -0.129163 7001.12 0.999635
55700000 41717 -0.0139056 7001.1 0.999632
55800000 41717 0.258003 7001.06 0.999693
55900000 41717 -0.0568288 7001.11 0.999614
56000000 41717 -0.0921435 7001.12 0.999614
56100000 41717 -0.00515442 7001.1 0.999617
56200000 41717 0.215211 7001.07 0.99967
56300000 41717 0.593807 7001 0.999706
56400000 41717 9.30069 6999.54 1.00028
56500000 41717 -0.0510446 7001.11 0.999614
56600000 41717 -0.0543464 7001.11 0.999614
56700000 41717 0.821641 7000.96 0.999762
56800000 41717 -0.179143 7001.13 0.99962
56900000 41717 -0.0810611 7001.12 0.999615
57000000 41717 1.12655 7000.91 0.999754
57100000 41717 -0.0790896 7001.11 0.999612
57200000 41717 -0.0649067 7001.11 0.999614
57300000 41717 0.212557 7001.07 0.999662
57400000 41717 -0.100349 7001.12 0.999615
57500000 41717 -0.155707 7001.13 0.999612
57600000 41717 0.70999 7000.98 0.999711
57700000 41717 -0.0679626 7001.11 0.999619
57800000 41717 -0.0207518 7001.11 0.999616
57900000 41717 0.114413 7001.08 0.999678
58000000 41717 -0.0280093 7001.11 0.999615
58100000 41717 -0.0376594 7001.11 0.999615
58200000 41717 0.653247 7000.99 0.999713
58300000 41717 -0.128186 7001.12 0.999613
58400000 41717 1.16113 7000.91 0.999815
58500000 41717 -0.0769313 7001.11 0.999616
58600000 41717 -0.0839178 7001.12 0.999623
58700000 41717 -0.100792 7001.12 0.999611
58800000 41717 -0.0288977 7001.11 0.999615
58900000 41717 -0.102519 7001.12 0.99963
59000000 41717 0.0287731 7001.1 0.999645
59100000 41717 -0.118544 7001.12 0.99962
59200000 41717 -0.0895565 7001.12 0.999613
59300000 41717 -0.0412532 7001.11 0.999615
59400000 41717 -0.0389117 7001.11 0.999615
59500000 41717 -0.0578591 7001.11 0.999623
59600000 41717 -0.0648396 7001.11 0.999624
59700000 41717 0.266745 7001.06 0.999676
59800000 41717 -0.0668236 7001.11 0.999625
59900000 41717 -0.0256806 7001.11 0.999632
60000000 41717 -0.0861459 7001.12 0.999612
60100000 41717 -0.11205 7001.12 0.999628
60200000 41717 -0.101648 7001.12 0.999612
60300000 41717 -0.0944478 7001.12 0.999619
60400000 41717 -0.0222932 7001.11 0.999616
60500000 41717 -0.0734578 7001.11 0.999614
60600000 41717 2.87032 7000.62 0.999899
60700000 41717 0.46154 7001.02 0.999703
60800000 41717 -0.0916436 7001.12 0.99962
60900000 41717 0.990598 7000.94 0.999738
61000000 41717 -0.0740531 7001.11 0.999627
61100000 41717 -0.0563192 7001.11 0.999614
61200000 41717 -0.153867 7001.13 0.999618
61300000 41717 -0.0643561 7001.11 0.999624
61400000 41717 -0.119976 7001.12 0.999613
61500000 41717 0.645308 7000.99 0.999715
61600000 41717 -0.107936 7001.12 0.999621
61700000 41717 -0.0670698 7001.11 0.999613
61800000 41717 -0.0392521 7001.11 0.999615
61900000 41717 2.08501 7000.75 0.999829
62000000 41717 -0.0587828 7001.11 0.999614
62100000 41717 2.1505 7000.74 0.999859
62200000 41717 -0.0127699 7001.1 0.999616
62300000 41717 -0.0543636 7001.11 0.999614
62400000 41717 -0.159996 7001.13 0.999615
62500000 41717 -0.0303249 7001.11 0.999615
62600000 41717 -0.0902269 7001.12 0.99964
62700000 41717 -0.0333751 7001.11 0.999615
62800000 41717 -0.092888 7001.12 0.999615
62900000 41717 0.017812 7001.1 0.999641
63000000 41717 0.401344 7001.03 0.999687
63100000 41717 -0.0126723 7001.1 0.999616
63200000 41717 1.22268 7000.9 0.99976
63300000 41717 0.636764 7000.99 0.999715
63400000 41717 -0.0221638 7001.11 0.999616
63500000 41717 -0.0369368 7001.11 0.999615
63600000 41717 -0.143652 7001.13 0.999627
63700000 41717 -0.139078 7001.12 0.999627
63800000 41717 4.74277 7000.3 1.00001
63900000 41717 3.40654 7000.53 0.999924
64000000 41717 0.801669 7000.97 0.999735
64100000 41717 -0.0412207 7001.11 0.999614
64200000 41717 -0.0593178 7001.11 0.999614
64300000 41717 -0.00255554 7001.1 0.999617
64400000 41717 -0.127778 7001.12 0.999613
64500000 41717 -0.121919 7001.12 0.999612
64600000 41717 0.0506105 7001.09 0.999647
64700000 41717 0.0874965 7001.09 0.999647
64800000 41717 -0.0541012 7001.11 0.999614
64900000 41717 -0.087263 7001.12 0.999613
65000000 41717 -0.00897482 7001.1 0.999645
65100000 41717 -0.0348757 7001.11 0.999615
65200000 41717 -0.0631725 7001.11 0.999634
65300000 41717 0.756266 7000.97 0.999721
65400000 41717 -0.0477157 7001.11 0.999614
65500000 41717 -0.0906486 7001.12 0.999612
65600000 41717 0.433225 7001.03 0.999685
65700000 41717 0.0588547 7001.09 0.999646
65800000 41717 -0.0391044 7001.11 0.999643
65900000 41717 1.08264 7000.92 0.999746
66000000 41717 -0.0862856 7001.12 0.999613
66100000 41717 -0.108192 7001.12 0.999616
66200000 41717 0.147579 7001.08 0.999654
66300000 41717 -0.0206338 7001.11 0.999616
66400000 41717 -0.153399 7001.13 0.99963
66500000 41717 0.0108529 7001.1 0.999641
66600000 41717 -0.0139397 7001.1 0.999616
66700000 41717 -0.0696701 7001.11 0.999614
66800000 41717 -0.0299533 7001.11 0.999615
66900000 41717 -0.0449091 7001.11 0.999615
67000000 41717 -0.0126322 7001.1 0.999617
67100000 41717 -0.114852 7001.12 0.999623
67200000 41717 -0.0703756 7001.11 0.999613
67300000 41717 0.185916 7001.07 0.999659
67400000 41717 -0.0761563 7001.11 0.999617
67500000 41717 -0.0422079 7001.11 0.999614
67600000 41717 -0.0142139 7001.1 0.999616
67700000 41717 -0.0203977 7001.11 0.999616
67800000 41717 -0.147827 7001.13 0.99962
67900000 41717 -0.043657 7001.11 0.999615
68000000 41717 -0.0862757 7001.12 0.99962
68100000 41717 -0.0911591 7001.12 0.999614
68200000 41717 -0.090908 7001.12 0.999614
68300000 41717 -0.00736586 7001.1 0.999617
68400000 41717 -0.0505111 7001.11 0.999616
68500000 41717 -0.0500286 7001.11 0.999615
68600000 41717 -0.0493792 7001.11 0.999639
68700000 41717 -0.0699372 7001.11 0.999614
68800000 41717 -0.0780932 7001.11 0.999624
68900000 41717 -0.09828 7001.12 0.999616
69000000 41717 -0.0628356 7001.11 0.999614
69100000 41717 -0.258237 7001.14 0.999619
69200000 41717 -0.067605 7001.11 0.999614
69300000 41717 -0.0274136 7001.11 0.999616
69400000 41717 2.51183 7000.68 0.999857
69500000 41717 -0.14586 7001.13 0.999613
69600000 41717 0.0948671 7001.09 0.99966
69700000 41717 -0.090524 7001.12 0.999611
69800000 41717 -0.0718613 7001.11 0.999619
69900000 41717 -0.00644861 7001.1 0.999635
70000000 41717 -0.0389992 7001.11 0.999615
70100000 41717 -0.117832 7001.12 0.99961
70200000 41717 -0.117417 7001.12 0.999618
70300000 41717 0.0932225 7001.09 0.999648
70400000 41717 -0.0142618 7001.1 0.999631
70500000 41717 -0.0862138 7001.12 0.999617
70600000 41717 -0.165749 7001.13 0.99962
70700000 41717 -0.0537681 7001.11 0.999616
70800000 41717 0.0354716 7001.1 0.99964
70900000 41717 -0.0132984 7001.1 0.999617
71000000 41717 0.00752444 7001.1 0.999637
71100000 41717 -0.150401 7001.13 0.999616
71200000 41717 -0.0400668 7001.11 0.999615
71300000 41717 -0.109322 7001.12 0.999628
71400000 41717 -0.111449 7001.12 0.999618
71500000 41717 1.1156 7000.91 0.999756
71600000 41717 -0.0137988 7001.1 0.999616
71700000 41717 -0.132726 7001.12 0.99961
71800000 41717 -0.193337 7001.13 0.999615
71900000 41717 0.768167 7000.97 0.999717
72000000 41717 0.220611 7001.06 0.999679
72100000 41717 0.0934328 7001.09 0.999647
72200000 41717 2.34204 7000.71 0.999849
72300000 41717 1.46342 7000.86 0.999808
72400000 41717 3.16938 7000.57 0.999918
72500000 41717 -0.0683168 7001.11 0.999615
72600000 41717 -0.11858 7001.12 0.999614
72700000 41717 -0.0997187 7001.12 0.999615
72800000 41717 -0.0427531 7001.11 0.999628
72900000 41717 0.173927 7001.07 0.999669
73000000 41717 -0.0220215 7001.11 0.999616
73100000 41717 -0.0259918 7001.11 0.999616
73200000 41717 -0.122761 7001.12 0.999648
73300000 41717 -0.192874 7001.13 0.999611
73400000 41717 0.0680466 7001.09 0.999661
73500000 41717 -0.0331664 7001.11 0.999654
73600000 41717 -0.0223891 7001.11 0.999642
73700000 41717 -0.0286934 7001.11 0.999615
73800000 41717 0.358786 7001.04 0.999709
73900000 41717 -0.0147262 7001.1 0.999616
74000000 41717 0.882376 7000.95 0.999734
74100000 41717 0.189764 7001.07 0.999669
74200000 41717 0.149041 7001.08 0.999662
74300000 41717 -0.0583184 7001.11 0.999614
74400000 41717 -0.110461 7001.12 0.999613
74500000 41717 -0.0467989 7001.11 0.999625
74600000 41717 -0.0980708 7001.12 0.999616
74700000 41717 -0.185268 7001.13 0.999614
74800000 41717 -0.105305 7001.12 0.999628
74900000 41717 0.718366 7000.98 0.999713
75000000 41717 -0.0154149 7001.1 0.999616
75100000 41717 -0.11174 7001.12 0.999615
75200000 41717 -0.0938318 7001.12 0.999633
75300000 41717 -0.0346278 7001.11 0.999634
75400000 41717 1.58133 7000.84 0.99983
75500000 41717 -0.0728487 7001.11 0.999622
75600000 41717 -0.020282 7001.11 0.999616
75700000 41717 -0.0539468 7001.11 0.999615
75800000 41717 -0.0803115 7001.12 0.999613
75900000 41717 0.198674 7001.07 0.999682
76000000 41717 0.503057 7001.02 0.999709
76100000 41717 -0.0255212 7001.11 0.999616
76200000 41717 -0.0841967 7001.12 0.999615
76300000 41717 2.3125 7000.71 0.999847
76400000 41717 0.954574 7000.94 0.999735
76500000 41717 0.00673574 7001.1 0.999634
76600000 41717 -0.0609584 7001.11 0.999615
76700000 41717 -0.00111204 7001.1 0.99964
76800000 41717 1.71254 7000.81 0.999818
76900000 41717 0.691245 7000.99 0.999713
77000000 41717 -0.157919 7001.13 0.999614
77100000 41717 2.87582 7000.62 0.999889
77200000 41717 -0.10155 7001.12 0.999621
77300000 41717 -0.004129 7001.1 0.999617
77400000 41717 -0.0279789 7001.11 0.999615
77500000 41717 -0.0239363 7001.11 0.999616
77600000 41717 -0.223545 7001.14 0.999607
77700000 41717 -0.0235139 7001.11 0.999616
77800000 41717 0.426089 7001.03 0.999684
77900000 41717 -0.0952031 7001.12 0.999616
78000000 41717 -0.0936342 7001.12 0.999612
78100000 41717 -0.0150765 7001.1 0.999616
78200000 41717 1.7205 7000.81 0.999797
78300000 41717 -0.0200765 7001.1 0.999631
78400000 41717 -0.0130356 7001.1 0.999617
78500000 41717 -0.0130246 7001.1 0.999617
78600000 41717 -0.0390045 7001.11 0.999614
78700000 41717 -0.190439 7001.13 0.999624
78800000 41717 -0.0460045 7001.11 0.999614
78900000 41717 -0.149114 7001.13 0.999613
79000000 41717 -0.219903 7001.14 0.999612
79100000 41717 -0.168514 7001.13 0.999612
79200000 41717 0.875833 7000.95 0.999753
79300000 41717 -0.0206738 7001.11 0.999616
79400000 41717 -0.076899 7001.11 0.999616
79500000 41717 -0.0629278 7001.11 0.999617
79600000 41717 -0.0850959 7001.12 0.999615
79700000 41717 -0.0461181 7001.11 0.999615
79800000 41717 -0.164536 7001.13 0.999615
79900000 41717 -0.0414502 7001.11 0.999615
80000000 41717 -0.0916619 7001.12 0.999613
80100000 41717 -0.0405957 7001.11 0.999615
80200000 41717 -0.0380372 7001.11 0.999616
80300000 41717 -0.079551 7001.11 0.999613
80400000 41717 -0.0909383 7001.12 0.999614
80500000 41717 0.0627118 7001.09 0.999642
80600000 41717 -0.104293 7001.12 0.999628
80700000 41717 -0.0635006 7001.11 0.999613
80800000 41717 -0.10458 7001.12 0.999615
80900000 41717 -0.0758767 7001.11 0.999613
81000000 41717 -0.0906274 7001.12 0.999622
81100000 41717 -0.0763989 7001.11 0.999612
81200000 41717 -0.0886564 7001.12 0.999612
81300000 41717 1.30155 7000.88 0.999763
81400000 41717 -0.0588855 7001.11 0.999614
81500000 41717 -0.0633225 7001.11 0.999623
81600000 41717 -0.0810444 7001.12 0.999621
81700000 41717 -0.154629 7001.13 0.999622
81800000 41717 0.839387 7000.96 0.999732
81900000 41717 -0.0382505 7001.11 0.999637
82000000 41717 -0.0307319 7001.11 0.999616
82100000 41717 -0.0649511 7001.11 0.99962
82200000 41717 -0.0700561 7001.11 0.999642
82300000 41717 -0.0625503 7001.11 0.999614
82400000 41717 -0.0673924 7001.11 0.999614
82500000 41717 0.539099 7001.01 0.999699
82600000 41717 -0.134081 7001.12 0.999619
82700000 41717 -0.126362 7001.12 0.999614
82800000 41717 -0.0334165 7001.11 0.999615
82900000 41717 -0.139313 7001.12 0.999621
83000000 41717 -0.0729656 7001.11 0.999615
83100000 41717 -0.176126 7001.13 0.999615
83200000 41717 -0.266622 7001.15 0.999619
83300000 41717 -0.0198894 7001.1 0.999616
83400000 41717 -0.0205542 7001.11 0.999616
83500000 41717 0.725778 7000.98 0.999721
83600000 41717 -0.211576 7001.14 0.999617
83700000 41717 -0.124733 7001.12 0.999627
83800000 41717 -0.02934 7001.11 0.999615
83900000 41717 -0.0163315 7001.1 0.999647
84000000 41717 -0.0092952 7001.1 0.999617
84100000 41717 -0.0774099 7001.11 0.999635
84200000 41717 -0.0813268 7001.12 0.999616
84300000 41717 0.304346 7001.05 0.999683
84400000 41717 -0.0111284 7001.1 0.999645
84500000 41717 2.59792 7000.67 0.999926
84600000 41717 -0.03758 7001.11 0.999615
84700000 41717 -0.150709 7001.13 0.999617
84800000 41717 -0.128913 7001.12 0.999614
84900000 41717 -0.0585827 7001.11 0.999614
85000000 41717 -0.0228414 7001.11 0.999616
85100000 41717 -0.121003 7001.12 0.999614
85200000 41717 -0.20108 7001.14 0.999638
85300000 41717 -0.049157 7001.11 0.999614
85400000 41717 -0.0578422 7001.11 0.999614
85500000 41717 -0.0414042 7001.11 0.999632
85600000 41717 -0.120918 7001.12 0.999616
85700000 41717 -0.144643 7001.13 0.999621
85800000 41717 -0.0958991 7001.12 0.999615
85900000 41717 -0.056076 7001.11 0.99963
86000000 41717 -0.093943 7001.12 0.999613
86100000 41717 -0.121372 7001.12 0.999618
86200000 41717 -0.0546986 7001.11 0.999615
86300000 41717 0.136392 7001.08 0.999661
86400000 41717 -0.00282399 7001.1 0.999637
86500000 41717 -0.0151417 7001.1 0.999616
86600000 41717 -0.0577459 7001.11 0.999618
86700000 41717 -0.0659889 7001.11 0.999615
86800000 41717 -0.116215 7001.12 0.999623
86900000 41717 -0.0472299 7001.11 0.999614
87000000 41717 2.01324 7000.76 0.99982
87100000 41717 0.362845 7001.04 0.999691
87200000 41717 -0.17587 7001.13 0.999624
87300000 41717 -0.103848 7001.12 0.999616
87400000 41717 1.43593 7000.86 0.999774
87500000 41717 -0.0382376 7001.11 0.999615
87600000 41717 -0.00987457 7001.1 0.999617
87700000 41717 0.900117 7000.95 0.999732
87800000 41717 -0.0728875 7001.11 0.999628
87900000 41717 4.07319 7000.42 0.999971
88000000 41717 -0.0420042 7001.11 0.999615
88100000 41717 0.746871 7000.98 0.999749
88200000 41717 -0.0387677 7001.11 0.999615
88300000 41717 0.0603048 7001.09 0.999642
88400000 41717 -0.0241733 7001.11 0.999616
88500000 41717 -0.0344684 7001.11 0.999649
88600000 41717 -0.0475133 7001.11 0.999625
88700000 41717 -0.0729269 7001.11 0.999621
88800000 41717 -0.0949423 7001.12 0.999617
88900000 41717 1.06049 7000.92 0.999746
89000000 41717 -0.0734631 7001.11 0.999612
89100000 41717 -0.102386 7001.12 0.999618
89200000 41717 1.41983 7000.86 0.999781
89300000 41717 -0.100702 7001.12 0.999613
89400000 41717 0.244588 7001.06 0.999667
89500000 41717 0.766011 7000.97 0.999729
89600000 41717 -0.0178198 7001.1 0.999636
89700000 41717 -0.127367 7001.12 0.999633
89800000 41717 -0.102435 7001.12 0.999631
89900000 41717 -0.0610233 7001.11 0.999625
90000000 41717 -0.198965 7001.14 0.999617
90100000 41717 -0.0266516 7001.11 0.999616
90200000 41717 -0.127058 7001.12 0.999638
90300000 41717 -0.169798 7001.13 0.999616
90400000 41717 -0.0344161 7001.11 0.999615
90500000 41717 -0.09694 7001.12 0.999617
90600000 41717 -0.0510841 7001.11 0.999615
90700000 41717 -0.013949 7001.1 0.999616
90800000 41717 -0.0580604 7001.11 0.999615
90900000 41717 -0.0712238 7001.11 0.999616
91000000 41717 -0.0694773 7001.11 0.999615
91100000 41717 -0.0370787 7001.11 0.999615
91200000 41717 -0.180997 7001.13 0.999615
91300000 41717 -0.0527659 7001.11 0.999614
91400000 41717 -0.0662761 7001.11 0.999613
91500000 41717 -0.0616223 7001.11 0.999619
91600000 41717 0.100621 7001.08 0.999648
91700000 41717 -0.0864542 7001.12 0.999614
91800000 41717 -0.0808595 7001.12 0.999619
91900000 41717 0.0425343 7001.09 0.999641
92000000 41717 -0.0491904 7001.11 0.999615
92100000 41717 -0.0355965 7001.11 0.999615
92200000 41717 -0.119245 7001.12 0.999627
92300000 41717 -0.157449 7001.13 0.999633
92400000 41717 -0.0230092 7001.11 0.999616
92500000 41717 -0.0291586 7001.11 0.999615
92600000 41717 -0.114842 7001.12 0.999617
92700000 41717 -0.0723291 7001.11 0.999613
92800000 41717 1.56457 7000.84 0.999809
92900000 41717 -0.0461055 7001.11 0.999614
93000000 41717 1.1367 7000.91 0.999749
93100000 41717 -0.154634 7001.13 0.999619
93200000 41717 0.284961 7001.05 0.999671
93300000 41717 -0.0126084 7001.1 0.999617
93400000 41717 -0.0487558 7001.11 0.999614
93500000 41717 -0.170671 7001.13 0.99962
93600000 41717 -0.0540676 7001.11 0.999615
93700000 41717 -0.0318841 7001.11 0.999615
93800000 41717 0.390573 7001.04 0.99968
93900000 41717 -0.0220157 7001.11 0.999616
94000000 41717 -0.0134679 7001.1 0.999617
94100000 41717 -0.120763 7001.12 0.999623
94200000 41717 -0.171562 7001.13 0.999611
94300000 41717 0.00321507 7001.1 0.999635
94400000 41717 -0.0642226 7001.11 0.999633
94500000 41717 -0.140237 7001.13 0.999632
94600000 41717 -0.132813 7001.12 0.999626
94700000 41717 -0.078695 7001.11 0.999612
94800000 41717 -0.164491 7001.13 0.999622
94900000 41717 0.071857 7001.09 0.999647
95000000 41717 0.344931 7001.04 0.999695
95100000 41717 -0.10316 7001.12 0.999623
95200000 41717 0.28241 7001.05 0.999687
95300000 41717 -0.0664798 7001.11 0.999615
95400000 41717 -0.0518535 7001.11 0.999615
95500000 41717 -0.0249714 7001.11 0.999616
95600000 41717 -0.0471929 7001.11 0.999614
95700000 41717 -0.0705621 7001.11 0.999614
95800000 41717 -0.0548902 7001.11 0.999656
95900000 41717 0.064218 7001.09 0.999673
96000000 41717 1.79231 7000.8 0.999804
96100000 41717 1.00565 7000.93 0.999767
96200000 41717 -0.0549319 7001.11 0.999633
96300000 41717 -0.000705806 7001.1 0.999618
96400000 41717 -0.0788136 7001.11 0.999613
96500000 41717 -0.0776738 7001.11 0.999614
96600000 41717 3.64256 7000.49 0.999937
96700000 41717 -0.152832 7001.13 0.999611
96800000 41717 1.1744 7000.9 0.99977
96900000 41717 0.325671 7001.05 0.999688
97000000 41717 -0.118575 7001.12 0.999621
97100000 41717 -0.148435 7001.13 0.999615
97200000 41717 -0.0676641 7001.11 0.99962
97300000 41717 -0.0903853 7001.12 0.999613
97400000 41717 -0.0144811 7001.1 0.999616
97500000 41717 -0.0916685 7001.12 0.999612
97600000 41717 0.346081 7001.04 0.999685
97700000 41717 -0.00723626 7001.1 0.999617
97800000 41717 -0.00749983 7001.1 0.999635
97900000 41717 -0.0912351 7001.12 0.999615
98000000 41717 -0.0770739 7001.11 0.999613
98100000 41717 0.104027 7001.08 0.999659
98200000 41717 -0.0675043 7001.11 0.999614
98300000 41717 -0.0274595 7001.11 0.999615
98400000 41717 0.0281398 7001.1 0.999654
98500000 41717 -0.101248 7001.12 0.999613
98600000 41717 0.350727 7001.04 0.999684
98700000 41717 -0.0738355 7001.11 0.999627
98800000 41717 -0.047908 7001.11 0.999615
98900000 41717 -0.0939055 7001.12 0.999614
99000000 41717 -0.0426308 7001.11 0.999615
99100000 41717 -0.103995 7001.12 0.999616
99200000 41717 -0.0511753 7001.11 0.999616
99300000 41717 -0.0666553 7001.11 0.999614
99400000 41717 0.91504 7000.95 0.99973
99500000 41717 0.134457 7001.08 0.99966
99600000 41717 -0.116777 7001.12 0.99962
99700000 41717 -0.186364 7001.13 0.999616
99800000 41717 0.0506647 7001.09 0.999659
99900000 41717 -0.00896469 7001.1 0.999617
100000000 41717 0.807363 7000.97 0.999745
100100000 41717 -0.114077 7001.12 0.99963
100200000 41717 2.38128 7000.7 0.999885
100300000 41717 0.569276 7001.01 0.9997
100400000 41717 -0.0642055 7001.11 0.999634
100500000 41717 -0.0806578 7001.12 0.999621
100600000 41717 -0.0386639 7001.11 0.999615
100700000 41717 -0.040223 7001.11 0.99963
100800000 41717 -0.0943351 7001.12 0.999612
100900000 41717 -0.000632299 7001.1 0.999652
101000000 41717 0.56504 7001.01 0.9997
101100000 41717 -0.0991969 7001.12 0.999613
101200000 41717 -0.074655 7001.11 0.999616
101300000 41717 -0.169815 7001.13 0.999617
101400000 41717 0.642733 7000.99 0.999723
101500000 41717 -0.0692828 7001.11 0.999614
101600000 41717 0.113301 7001.08 0.999664
101700000 41717 -0.0695687 7001.11 0.999621
101800000 41717 0.423986 7001.03 0.999696
101900000 41717 -0.0330503 7001.11 0.999615
102000000 41717 -0.132501 7001.12 0.999615
102100000 41717 -0.168591 7001.13 0.999615
102200000 41717 -0.115612 7001.12 0.999622
102300000 41717 0.503992 7001.02 0.999695
102400000 41717 0.368213 7001.04 0.999682
102500000 41717 0.334738 7001.05 0.999691
102600000 41717 -0.122786 7001.12 0.999614
102700000 41717 -0.102402 7001.12 0.999622
102800000 41717 -0.0179026 7001.1 0.999616
102900000 41717 -0.105315 7001.12 0.999616
103000000 41717 -0.110082 7001.12 0.999627
103100000 41717 -0.100038 7001.12 0.999614
103200000 41717 -0.0678116 7001.11 0.999615
103300000 41717 -0.104188 7001.12 0.99962
103400000 41717 -0.100578 7001.12 0.999613
103500000 41717 -0.107426 7001.12 0.999617
103600000 41717 -0.0099329 7001.1 0.999617
103700000 41717 0.313839 7001.05 0.999681
103800000 41717 -0.0196427 7001.1 0.999616
103900000 41717 -0.0225546 7001.11 0.999616
104000000 41717 -0.163141 7001.13 0.999648
104100000 41717 -0.062523 7001.11 0.999615
104200000 41717 -0.131022 7001.12 0.999618
104300000 41717 -0.126549 7001.12 0.999616
104400000 41717 -0.0573904 7001.11 0.999614
104500000 41717 2.37022 7000.7 0.999849
104600000 41717 -0.163096 7001.13 0.999618
104700000 41717 -0.0696077 7001.11 0.999613
104800000 41717 0.664235 7000.99 0.999739
104900000 41717 0.560031 7001.01 0.999708
105000000 41717 -0.0603078 7001.11 0.999614
105100000 41717 -0.0584754 7001.11 0.999633
105200000 41717 -0.0569491 7001.11 0.999616
105300000 41717 -0.0315495 7001.11 0.999615
105400000 41717 -0.0326752 7001.11 0.999615
105500000 41717 0.00608296 7001.1 0.999648
105600000 41717 0.385695 7001.04 0.999682
105700000 41717 -0.0911893 7001.12 0.999613
105800000 41717 -0.0772141 7001.11 0.999623
105900000 41717 -0.103351 7001.12 0.999614
106000000 41717 -0.202396 7001.14 0.999626
106100000 41717 0.121821 7001.08 0.999651
106200000 41717 -0.10311 7001.12 0.999616
106300000 41717 0.012423 7001.1 0.999636
106400000 41717 -0.00780364 7001.1 0.999617
106500000 41717 0.613202 7001 0.999717
106600000 41717 2.39369 7000.7 0.999852
106700000 41717 0.729608 7000.98 0.999719
106800000 41717 -0.0589604 7001.11 0.999628
106900000 41717 -0.0574403 7001.11 0.999618
107000000 41717 -0.0557621 7001.11 0.999614
107100000 41717 0.365884 7001.04 0.999681
107200000 41717 0.32791 7001.05 0.999674
107300000 41717 -0.072902 7001.11 0.999613
107400000 41717 0.188996 7001.07 0.999658
107500000 41717 0.0336905 7001.1 0.999645
107600000 41717 0.0216636 7001.1 0.99964
107700000 41717 -0.0192149 7001.1 0.999616
107800000 41717 2.84617 7000.62 0.99994
107900000 41717 -0.112004 7001.12 0.999666
108000000 41717 0.0807626 7001.09 0.999658
108100000 41717 2.63854 7000.66 0.999879
108200000 41717 -0.0844962 7001.12 0.999643
108300000 41717 -0.0865093 7001.12 0.999631
108400000 41717 0.0511312 7001.09 0.999645
108500000 41717 -0.05209 7001.11 0.999615
108600000 41717 -0.0858475 7001.12 0.999647
108700000 41717 -0.137292 7001.12 0.999631
108800000 41717 -0.0122145 7001.1 0.999631
108900000 41717 -0.0756336 7001.11 0.999614
109000000 41717 -0.044605 7001.11 0.999615
109100000 41717 -0.0697289 7001.11 0.999613
109200000 41717 -0.0674576 7001.11 0.999638
109300000 41717 -0.129745 7001.12 0.999619
109400000 41717 1.9364 7000.78 0.999821
109500000 41717 -0.0962839 7001.12 0.999633
109600000 41717 0.0509126 7001.09 0.999648
109700000 41717 -0.0465009 7001.11 0.999614
109800000 41717 0.327452 7001.05 0.999717
109900000 41717 -0.0891233 7001.12 0.999621
110000000 41717 -0.0810065 7001.12 0.999628
110100000 41717 -0.103739 7001.12 0.999611
110200000 41717 -0.0940621 7001.12 0.999613
110300000 41717 1.52219 7000.85 0.999804
110400000 41717 0.796888 7000.97 0.999746
110500000 41717 0.227699 7001.06 0.999669
110600000 41717 0.279751 7001.05 0.999668
110700000 41717 1.10612 7000.92 0.999754
110800000 41717 -0.135626 7001.12 0.999613
110900000 41717 -0.0128081 7001.1 0.999638
111000000 41717 0.022419 7001.1 0.999638
111100000 41717 -0.107869 7001.12 0.999618
111200000 41717 -0.128624 7001.12 0.999611
111300000 41717 -0.0986088 7001.12 0.999613
111400000 41717 1.31046 7000.88 0.999764
111500000 41717 -0.0362588 7001.11 0.999615
111600000 41717 -0.0572615 7001.11 0.999628
111700000 41717 -0.137765 7001.12 0.999613
111800000 41717 -0.168672 7001.13 0.999631
111900000 41717 4.11614 7000.41 0.999969
112000000 41717 -0.0981437 7001.12 0.999617
112100000 41717 1.25918 7000.89 0.999776
112200000 41717 -0.145306 7001.13 0.999615
112300000 41717 0.17242 7001.07 0.999659
112400000 41717 -0.0736221 7001.11 0.999613
112500000 41717 0.798575 7000.97 0.999731
112600000 41717 -0.0257134 7001.11 0.999651
112700000 41717 -0.0444161 7001.11 0.999615
112800000 41717 3.09419 7000.58 0.999899
112900000 41717 1.71449 7000.81 0.999818
113000000 41717 -0.0220089 7001.11 0.999632
113100000 41717 0.351619 7001.04 0.999678
113200000 41717 0.0209525 7001.1 0.999651
113300000 41717 0.263065 7001.06 0.999704
113400000 41717 -0.0140356 7001.1 0.999617
113500000 41717 1.17072 7000.91 0.999754
113600000 41717 -0.0309495 7001.11 0.999616
113700000 41717 -0.0996228 7001.12 0.999612
113800000 41717 -0.0704211 7001.11 0.999637
113900000 41717 -0.023394 7001.11 0.999629
114000000 41717 -0.145951 7001.13 0.999624
114100000 41717 -0.0684365 7001.11 0.999616
114200000 41717 -0.0471976 7001.11 0.999614
114300000 41717 -0.0557896 7001.11 0.999623
114400000 41717 -0.0488398 7001.11 0.999615
114500000 41717 -0.0337976 7001.11 0.999615
114600000 41717 -0.0747776 7001.11 0.999613
114700000 41717 2.03158 7000.76 0.999823
114800000 41717 -0.0804132 7001.12 0.999653
114900000 41717 -0.0618647 7001.11 0.99964
115000000 41717 -0.0856416 7001.12 0.999624
115100000 41717 -0.0692573 7001.11 0.999614
115200000 41717 0.431607 7001.03 0.999685
115300000 41717 -0.0586148 7001.11 0.999614
115400000 41717 -0.110196 7001.12 0.999638
115500000 41717 -0.0427595 7001.11 0.999615
115600000 41717 -0.0515676 7001.11 0.999614
115700000 41717 0.0899197 7001.09 0.999649
115800000 41717 -0.0746838 7001.11 0.99964
115900000 41717 -0.0571279 7001.11 0.999619
116000000 41717 0.00951236 7001.1 0.999639
116100000 41717 0.138687 7001.08 0.999676
116200000 41717 -0.0185922 7001.1 0.999616
116300000 41717 -0.17789 7001.13 0.99961
116400000 41717 -0.128915 7001.12 0.999611
116500000 41717 -0.0207038 7001.11 0.999616
116600000 41717 -0.0591144 7001.11 0.999614
116700000 41717 -0.229373 7001.14 0.99961
116800000 41717 -0.0718989 7001.11 0.999614
116900000 41717 0.476049 7001.02 0.999692
117000000 41717 -0.0919367 7001.12 0.999613
117100000 41717 -0.0238608 7001.11 0.999616
117200000 41717 0.25397 7001.06 0.999666
117300000 41717 0.889637 7000.95 0.999731
117400000 41717 -0.0872381 7001.12 0.99962
117500000 41717 -0.120525 7001.12 0.999618
117600000 41717 -0.0629075 7001.11 0.999635
117700000 41717 -0.130512 7001.12 0.999614
117800000 41717 -0.00509802 7001.1 0.999617
117900000 41717 -0.0820616 7001.12 0.999617
118000000 41717 -0.125025 7001.12 0.999622
118100000 41717 -0.0711716 7001.11 0.999618
118200000 41717 -0.054771 7001.11 0.999614
118300000 41717 -0.0979697 7001.12 0.999611
118400000 41717 -0.0996708 7001.12 0.999612
118500000 41717 -0.0922587 7001.12 0.999613
118600000 41717 -0.0628384 7001.11 0.999614
118700000 41717 -0.0900468 7001.12 0.999613
118800000 41717 -0.117685 7001.12 0.999626
118900000 41717 -0.243113 7001.14 0.999616
119000000 41717 -0.021384 7001.11 0.999654
119100000 41717 -0.0641104 7001.11 0.99963
119200000 41717 -0.113513 7001.12 0.999623
119300000 41717 -0.0388769 7001.11 0.999615
119400000 41717 -0.130649 7001.12 0.999631
119500000 41717 0.24151 7001.06 0.999687
119600000 41717 -0.0727853 7001.11 0.999615
119700000 41717 -0.062231 7001.11 0.999615
119800000 41717 -0.102346 7001.12 0.999628
119900000 41717 1.0991 7000.92 0.999772
120000000 41717 -0.161859 7001.13 0.999614
120100000 41717 -0.308377 7001.15 0.999619
120200000 41717 -0.102426 7001.12 0.999613
120300000 41717 0.781063 7000.97 0.99972
120400000 41717 -0.147324 7001.13 0.99963
120500000 41717 -0.0612318 7001.11 0.999619
120600000 41717 -0.0159814 7001.1 0.999616
120700000 41717 -0.135267 7001.12 0.999623
120800000 41717 -0.0170565 7001.1 0.999616
120900000 41717 -0.0774389 7001.11 0.999631
121000000 41717 -0.0581063 7001.11 0.999615
121100000 41717 -0.184666 7001.13 0.999616
121200000 41717 1.88139 7000.79 0.99981
121300000 41717 -0.110785 7001.12 0.999618
121400000 41717 -0.04751 7001.11 0.999614
121500000 41717 -0.032284 7001.11 0.999615
121600000 41717 -0.0093559 7001.1 0.999617
121700000 41717 -0.104184 7001.12 0.999613
121800000 41717 0.145626 7001.08 0.999657
121900000 41717 -0.0571742 7001.11 0.99964
122000000 41717 -0.006183 7001.1 0.999617
122100000 41717 -0.0630118 7001.11 0.999626
122200000 41717 0.112732 7001.08 0.999659
122300000 41717 -0.0310318 7001.11 0.999636
122400000 41717 -0.0216694 7001.11 0.999616
122500000 41717 -0.0277443 7001.11 0.999616
122600000 41717 0.03158 7001.1 0.999639
122700000 41717 1.63052 7000.83 0.999846
122800000 41717 6.5192 7000.01 1.00014
122900000 41717 -0.0362842 7001.11 0.999615
123000000 41717 0.500992 7001.02 0.999708
123100000 41717 -0.0294825 7001.11 0.999615
123200000 41717 -0.0670872 7001.11 0.999615
123300000 41717 -0.0787166 7001.11 0.999613
123400000 41717 -0.248899 7001.14 0.999623
123500000 41717 0.839818 7000.96 0.999734
123600000 41717 -0.0838002 7001.12 0.999613
123700000 41717 -0.165671 7001.13 0.999614
123800000 41717 0.0779955 7001.09 0.999659
123900000 41717 -0.0519011 7001.11 0.999614
124000000 41717 -0.128762 7001.12 0.999609
124100000 41717 -0.00769845 7001.1 0.999617
124200000 41717 -0.00718129 7001.1 0.999617
124300000 41717 -0.0926141 7001.12 0.999619
124400000 41717 -0.102465 7001.12 0.999619
124500000 41717 -0.0227942 7001.11 0.999616
124600000 41717 -0.103533 7001.12 0.999618
124700000 41717 -0.148343 7001.13 0.999615
124800000 41717 1.45078 7000.86 0.999778
124900000 41717 5.59888 7000.16 1.00007
125000000 41717 -0.0514862 7001.11 0.999614
125100000 41717 -0.0429378 7001.11 0.999615
125200000 41717 0.0493337 7001.09 0.99965
125300000 41717 -0.193658 7001.13 0.999631
125400000 41717 -0.0326432 7001.11 0.999615
125500000 41717 -0.143526 7001.13 0.999613
125600000 41717 -0.0270689 7001.11 0.999629
125700000 41717 0.517154 7001.01 0.999698
125800000 41717 -0.0388467 7001.11 0.999644
125900000 41717 -0.022354 7001.11 0.999616
126000000 41717 2.21032 7000.73 0.999867
126100000 41717 -0.156965 7001.13 0.999617
126200000 41717 -0.0506063 7001.11 0.999614
126300000 41717 -0.138879 7001.12 0.999612
126400000 41717 -0.181638 7001.13 0.999617
126500000 41717 1.45828 7000.86 0.999778
126600000 41717 0.00643919 7001.1 0.999648
126700000 41717 -0.0265304 7001.11 0.999616
126800000 41717 -0.110624 7001.12 0.999626
126900000 41717 -0.0540505 7001.11 0.999614
127000000 41717 -0.0816242 7001.12 0.999619
127100000 41717 -0.00929239 7001.1 0.999617
127200000 41717 -0.190728 7001.13 0.999615
127300000 41717 -0.04923 7001.11 0.999614
127400000 41717 5.5304 7000.17 1.00017
127500000 41717 -0.0926992 7001.12 0.999613
127600000 41717 -0.150024 7001.13 0.99963
127700000 41717 -0.0221302 7001.11 0.999616
127800000 41717 -0.0823639 7001.12 0.999616
127900000 41717 0.0322698 7001.1 0.99964
128000000 41717 0.0163052 7001.1 0.999648
128100000 41717 -0.204089 7001.14 0.999622
128200000 41717 -0.130946 7001.12 0.999628
128300000 41717 0.904957 7000.95 0.999743
128400000 41717 0.637682 7000.99 0.999706
128500000 41717 1.11949 7000.91 0.999748
128600000 41717 -0.0422786 7001.11 0.999615
128700000 41717 -0.0440721 7001.11 0.999614
128800000 41717 1.10202 7000.92 0.999751
128900000 41717 -0.0770599 7001.11 0.999613
129000000 41717 -0.071679 7001.11 0.999617
129100000 41717 -0.0857235 7001.12 0.999616
129200000 41717 -0.0184051 7001.1 0.999616
129300000 41717 0.648152 7000.99 0.999736
129400000 41717 0.980388 7000.94 0.999792
129500000 41717 -0.0533666 7001.11 0.999622
129600000 41717 -0.053597 7001.11 0.999616
129700000 41717 -0.0821397 7001.12 0.999624
129800000 41717 -0.067525 7001.11 0.999616
129900000 41717 1.51515 7000.85 0.999783
130000000 41717 0.635537 7000.99 0.999721
130100000 41717 0.156509 7001.08 0.999656
130200000 41717 0.494765 7001.02 0.999711
130300000 41717 -0.0807686 7001.12 0.999624
130400000 41717 -0.102746 7001.12 0.999618
130500000 41717 -0.038029 7001.11 0.999615
130600000 41717 -0.0571685 7001.11 0.999615
130700000 41717 -0.020083 7001.1 0.999634
130800000 41717 -0.0329558 7001.11 0.999615
130900000 41717 1.3411 7000.88 0.999768
131000000 41717 -0.0491152 7001.11 0.999625
131100000 41717 -0.0826067 7001.12 0.999629
131200000 41717 -0.0739208 7001.11 0.999622
131300000 41717 0.19897 7001.07 0.999671
131400000 41717 -0.131832 7001.12 0.999614
131500000 41717 2.30012 7000.72 0.999915
131600000 41717 -0.0432402 7001.11 0.999615
131700000 41717 -0.139376 7001.13 0.999615
131800000 41717 -0.0604427 7001.11 0.999629
131900000 41717 -0.0183951 7001.1 0.999616
132000000 41717 -0.00513481 7001.1 0.999617
132100000 41717 -0.0647779 7001.11 0.999615
132200000 41717 0.681087 7000.99 0.999709
132300000 41717 -0.0669983 7001.11 0.999619
132400000 41717 0.00394431 7001.1 0.999634
132500000 41717 -0.0679861 7001.11 0.999632
132600000 41717 -0.0681881 7001.11 0.999616
132700000 41717 -0.00745384 7001.1 0.999617
132800000 41717 -0.0693615 7001.11 0.999613
132900000 41717 -0.0605683 7001.11 0.999613
133000000 41717 -0.0164678 7001.1 0.999616
133100000 41717 0.177634 7001.07 0.999667
133200000 41717 -0.172989 7001.13 0.999611
133300000 41717 0.149013 7001.08 0.999667
133400000 41717 -0.117405 7001.12 0.999612
133500000 41717 -0.106522 7001.12 0.999613
133600000 41717 -0.129648 7001.12 0.999612
133700000 41717 0.142345 7001.08 0.999654
133800000 41717 1.03953 7000.93 0.999742
133900000 41717 -0.108949 7001.12 0.999611
134000000 41717 1.82754 7000.79 0.999806
134100000 41717 0.479224 7001.02 0.999699
134200000 41717 -0.0920446 7001.12 0.99963
134300000 41717 -0.18588 7001.13 0.999608
134400000 41717 -0.100589 7001.12 0.999613
134500000 41717 0.596605 7001 0.999701
134600000 41717 -0.129843 7001.12 0.999622
134700000 41717 -0.0987872 7001.12 0.999616
134800000 41717 -0.0572678 7001.11 0.999615
134900000 41717 -0.187349 7001.13 0.99962
135000000 41717 0.782766 7000.97 0.999722
135100000 41717 -0.106027 7001.12 0.999618
135200000 41717 0.1897 7001.07 0.999673
135300000 41717 -0.153198 7001.13 0.999612
135400000 41717 -0.0684473 7001.11 0.999619
135500000 41717 0.0767586 7001.09 0.999659
135600000 41717 -0.168238 7001.13 0.999613
135700000 41717 -0.110398 7001.12 0.999612
135800000 41717 -0.0511157 7001.11 0.999615
135900000 41717 -0.000869988 7001.1 0.999651
136000000 41717 -0.017339 7001.1 0.999616
136100000 41717 -0.099659 7001.12 0.999611
136200000 41717 -0.100074 7001.12 0.999614
136300000 41717 0.0718614 7001.09 0.99967
136400000 41717 -0.057818 7001.11 0.999614
136500000 41717 0.226565 7001.06 0.999668
136600000 41717 0.479138 7001.02 0.999692
136700000 41717 -0.0545225 7001.11 0.999614
136800000 41717 -0.146688 7001.13 0.999612
136900000 41717 -0.0806911 7001.12 0.999625
137000000 41717 -0.126776 7001.12 0.999634
137100000 41717 -0.142938 7001.13 0.999611
137200000 41717 0.575253 7001.01 0.999698
137300000 41717 -0.0307223 7001.11 0.999616
137400000 41717 -0.0196805 7001.1 0.999616
137500000 41717 -0.0954022 7001.12 0.999616
137600000 41717 -0.0657594 7001.11 0.999617
137700000 41717 -0.0771692 7001.11 0.999613
137800000 41717 0.0722295 7001.09 0.999653
137900000 41717 -0.173926 7001.13 0.99962
138000000 41717 -0.0209507 7001.11 0.999616
138100000 41717 1.98527 7000.77 0.999818
138200000 41717 0.157681 7001.08 0.999678
138300000 41717 5.76163 7000.13 1.00008
138400000 41717 0.0714247 7001.09 0.999645
138500000 41717 8.99392 6999.59 1.00039
138600000 41717 2.89761 7000.62 0.999911
138700000 41717 0.128725 7001.08 0.999652
138800000 41717 0.0716202 7001.09 0.999644
138900000 41717 -0.0421684 7001.11 0.999614
139000000 41717 -0.00332459 7001.1 0.999617
139100000 41717 -0.074192 7001.11 0.999623
139200000 41717 -0.121038 7001.12 0.999612
139300000 41717 -0.131432 7001.12 0.999613
139400000 41717 3.76507 7000.47 0.999957
139500000 41717 0.180162 7001.07 0.999659
139600000 41717 -0.125388 7001.12 0.999612
139700000 41717 -0.0756097 7001.11 0.999621
139800000 41717 0.339587 7001.04 0.999679
139900000 41717 0.0122824 7001.1 0.999642
140000000 41717 0.362995 7001.04 0.999679
140100000 41717 -0.116469 7001.12 0.999616
140200000 41717 -0.060996 7001.11 0.999613
140300000 41717 -0.101524 7001.12 0.999616
140400000 41717 -0.0285185 7001.11 0.999616
140500000 41717 0.861308 7000.96 0.99973
140600000 41717 -0.0633798 7001.11 0.999618
140700000 41717 -0.0550127 7001.11 0.999614
140800000 41717 -0.00894928 7001.1 0.999617
140900000 41717 0.680162 7000.99 0.999721
141000000 41717 -0.0285719 7001.11 0.999615
141100000 41717 -0.0990262 7001.12 0.999639
141200000 41717 -0.0976685 7001.12 0.999622
141300000 41717 -0.208258 7001.14 0.999629
141400000 41717 -0.0435307 7001.11 0.999614
141500000 41717 -0.0449845 7001.11 0.999615
141600000 41717 -0.0257299 7001.11 0.999615
141700000 41717 0.383711 7001.04 0.999679
141800000 41717 -0.030528 7001.11 0.999615
141900000 41717 -0.0784011 7001.11 0.999613
142000000 41717 -0.171582 7001.13 0.999611
142100000 41717 -0.0132148 7001.1 0.999617
142200000 41717 -0.071057 7001.11 0.999637
142300000 41717 -0.0201901 7001.11 0.999616
142400000 41717 -0.0470149 7001.11 0.999615
142500000 41717 -0.100108 7001.12 0.999618
142600000 41717 0.103859 7001.08 0.999665
142700000 41717 -0.0519563 7001.11 0.999615
142800000 41717 4.7294 7000.31 1.00001
142900000 41717 2.60269 7000.66 0.999864
143000000 41717 -0.132762 7001.12 0.999615
143100000 41717 0.981246 7000.94 0.999739
143200000 41717 -0.0318152 7001.11 0.999615
143300000 41717 -0.0821974 7001.12 0.999615
143400000 41717 -0.155373 7001.13 0.999614
143500000 41717 4.6179 7000.33 1
143600000 41717 0.278422 7001.05 0.999674
143700000 41717 -0.0967207 7001.12 0.999613
143800000 41717 2.47656 7000.69 0.999873
143900000 41717 -0.150855 7001.13 0.999613
144000000 41717 0.113683 7001.08 0.99965
144100000 41717 -0.037325 7001.11 0.999615
144200000 41717 0.00467117 7001.1 0.999643
144300000 41717 0.598105 7001 0.99971
144400000 41717 2.44452 7000.69 0.999856
144500000 41717 1.56051 7000.84 0.999821
144600000 41717 -0.0333049 7001.11 0.999616
144700000 41717 0.904833 7000.95 0.999746
144800000 41717 -0.0625356 7001.11 0.999617
144900000 41717 -0.0939424 7001.12 0.999614
145000000 41717 -0.0351618 7001.11 0.999615
145100000 41717 5.19173 7000.23 1.00005
145200000 41717 -0.170759 7001.13 0.999613
145300000 41717 0.208404 7001.07 0.999663
145400000 41717 -0.0156812 7001.1 0.999616
145500000 41717 -0.0249904 7001.11 0.999616
145600000 41717 0.101546 7001.08 0.999657
145700000 41717 -0.0487313 7001.11 0.999614
145800000 41717 -0.126079 7001.12 0.999617
145900000 41717 -0.0874975 7001.12 0.999613
146000000 41717 -0.054774 7001.11 0.999614
146100000 41717 -0.0552036 7001.11 0.999613
146200000 41717 -0.18399 7001.13 0.999614
146300000 41717 -0.172888 7001.13 0.999624
146400000 41717 -0.0560868 7001.11 0.999613
146500000 41717 -0.104104 7001.12 0.999614
146600000 41717 0.0115333 7001.1 0.999636
146700000 41717 -0.0610144 7001.11 0.999614
146800000 41717 1.25238 7000.89 0.999761
146900000 41717 -0.107079 7001.12 0.999633
147000000 41717 -0.177737 7001.13 0.999614
147100000 41717 -0.0943755 7001.12 0.999613
147200000 41717 -0.00250072 7001.1 0.999617
147300000 41717 1.13618 7000.91 0.999789
147400000 41717 -0.0719767 7001.11 0.999614
147500000 41717 1.88885 7000.78 0.999813
147600000 41717 -0.059795 7001.11 0.999613
147700000 41717 -0.114122 7001.12 0.999615
147800000 41717 -0.132391 7001.12 0.999618
147900000 41717 -0.0635957 7001.11 0.999613
148000000 41717 0.147673 7001.08 0.999654
148100000 41717 -0.1184 7001.12 0.999615
148200000 41717 -0.118753 7001.12 0.999618
148300000 41717 -0.159123 7001.13 0.999611
148400000 41717 1.19624 7000.9 0.999767
148500000 41717 1.80577 7000.8 0.999806
148600000 41717 -0.070812 7001.11 0.999614
148700000 41717 -0.0868134 7001.12 0.999613
148800000 41717 -0.17056 7001.13 0.999622
148900000 41717 -0.0392291 7001.11 0.999615
149000000 41717 -0.0134963 7001.1 0.999637
149100000 41717 -0.113458 7001.12 0.999624
149200000 41717 -0.0715788 7001.11 0.999617
149300000 41717 0.32128 7001.05 0.999673
149400000 41717 -0.1231 7001.12 0.999614
149500000 41717 -0.290915 7001.15 0.999612
149600000 41717 -0.129551 7001.12 0.999622
149700000 41717 -0.0808366 7001.12 0.999613
149800000 41717 -0.0595195 7001.11 0.999614
149900000 41717 -0.0227985 7001.11 0.999616
150000000 41717 -0.108158 7001.12 0.999628
150100000 41717 -0.00833569 7001.1 0.999617
150200000 41717 0.371727 7001.04 0.999687
150300000 41717 -0.0477231 7001.11 0.999614
150400000 41717 -0.0679285 7001.11 0.999613
150500000 41717 -0.0559575 7001.11 0.999615
150600000 41717 -0.0786428 7001.11 0.999623
150700000 41717 -0.109745 7001.12 0.999619
150800000 41717 0.486787 7001.02 0.999691
150900000 41717 -0.104735 7001.12 0.999615
151000000 41717 0.352293 7001.04 0.999676
151100000 41717 0.0759232 7001.09 0.999647
151200000 41717 -0.208838 7001.14 0.999631
151300000 41717 -0.0939192 7001.12 0.999613
151400000 41717 -0.128875 7001.12 0.99962
151500000 41717 0.33057 7001.05 0.999675
151600000 41717 -0.0112979 7001.1 0.999617
151700000 41717 -0.110766 7001.12 0.999643
151800000 41717 1.33513 7000.88 0.99978
151900000 41717 -0.0852432 7001.12 0.999615
152000000 41717 -0.0784252 7001.11 0.99962
152100000 41717 -0.0591227 7001.11 0.999614
152200000 41717 -0.0650948 7001.11 0.999614
152300000 41717 -0.067745 7001.11 0.999616
152400000 41717 -0.00786283 7001.1 0.999635
152500000 41717 -0.159675 7001.13 0.999624
152600000 41717 0.111889 7001.08 0.999671
152700000 41717 1.18998 7000.9 0.999758
152800000 41717 0.109547 7001.08 0.99965
152900000 41717 2.38258 7000.7 0.999891
153000000 41717 0.197287 7001.07 0.99966
153100000 41717 -0.072147 7001.11 0.99963
153200000 41717 -0.107902 7001.12 0.999624
153300000 41717 -0.0293538 7001.11 0.999631
153400000 41717 1.12139 7000.91 0.999775
153500000 41717 -0.102299 7001.12 0.999612
153600000 41717 -0.10381 7001.12 0.999634
153700000 41717 0.0489643 7001.09 0.999644
153800000 41717 0.0662327 7001.09 0.999643
153900000 41717 -0.135747 7001.12 0.999642
154000000 41717 1.3135 7000.88 0.999802
154100000 41717 0.134517 7001.08 0.999669
154200000 41717 -0.118454 7001.12 0.999634
154300000 41717 0.787483 7000.97 0.999718
154400000 41717 -0.0833374 7001.12 0.99963
154500000 41717 -0.0230025 7001.11 0.999616
154600000 41717 0.299565 7001.05 0.999703
154700000 41717 1.86536 7000.79 0.999845
154800000 41717 0.027745 7001.1 0.999642
154900000 41717 -0.0441727 7001.11 0.999615
155000000 41717 -0.0234829 7001.11 0.999616
155100000 41717 -0.0158085 7001.1 0.999616
155200000 41717 -0.016383 7001.1 0.999617
155300000 41717 -0.076574 7001.11 0.999624
155400000 41717 -0.0692818 7001.11 0.999614
155500000 41717 0.14964 7001.08 0.999655
155600000 41717 0.0836032 7001.09 0.999656
155700000 41717 -0.0779423 7001.11 0.999613
155800000 41717 -0.0171915 7001.1 0.999616
155900000 41717 -0.0633374 7001.11 0.999626
156000000 41717 -0.0917196 7001.12 0.999642
156100000 41717 -0.107993 7001.12 0.999618
156200000 41717 -0.0611055 7001.11 0.999613
156300000 41717 -0.113566 7001.12 0.999616
156400000 41717 -0.0162476 7001.1 0.999616
156500000 41717 -0.0797941 7001.12 0.99962
156600000 41717 -0.105852 7001.12 0.999613
156700000 41717 -0.136323 7001.12 0.999614
156800000 41717 -0.0254933 7001.11 0.999616
156900000 41717 -0.123146 7001.12 0.999631
157000000 41717 -0.0120847 7001.1 0.999617
157100000 41717 -0.0299759 7001.11 0.999615
157200000 41717 0.090653 7001.09 0.999648
157300000 41717 -0.0679751 7001.11 0.999621
157400000 41717 -0.0627827 7001.11 0.99962
157500000 41717 -0.208474 7001.14 0.999622
157600000 41717 -0.0990362 7001.12 0.999615
157700000 41717 0.955127 7000.94 0.99974
157800000 41717 -0.0519301 7001.11 0.999616
157900000 41717 -0.105458 7001.12 0.999619
158000000 41717 -0.0110944 7001.1 0.999617
158100000 41717 0.757009 7000.97 0.999716
158200000 41717 -0.119055 7001.12 0.999611
158300000 41717 0.0208778 7001.1 0.999641
158400000 41717 0.0124709 7001.1 0.999635
158500000 41717 -0.0409222 7001.11 0.999615
158600000 41717 -0.130535 7001.12 0.999617
158700000 41717 -0.0733255 7001.11 0.999619
158800000 41717 -0.0405269 7001.11 0.999615
158900000 41717 0.637346 7000.99 0.999708
159000000 41717 -0.153497 7001.13 0.999621
159100000 41717 0.220951 7001.06 0.999663
159200000 41717 -0.0783559 7001.11 0.999628
159300000 41717 0.0821093 7001.09 0.999652
159400000 41717 -0.160752 7001.13 0.999613
159500000 41717 -0.093096 7001.12 0.999624
159600000 41717 -0.0615051 7001.11 0.999615
159700000 41717 -0.101952 7001.12 0.999612
159800000 41717 -0.0783476 7001.11 0.999616
159900000 41717 -0.0239826 7001.11 0.999616
160000000 41717 0.0961331 7001.09 0.999648
160100000 41717 -0.0305159 7001.11 0.999616
160200000 41717 0.331977 7001.05 0.999674
160300000 41717 -0.031208 7001.11 0.999615
160400000 41717 -0.187839 7001.13 0.999614
160500000 41717 -0.180396 7001.13 0.99961
160600000 41717 -0.167282 7001.13 0.999611
160700000 41717 1.50817 7000.85 0.99978
160800000 41717 0.416393 7001.03 0.999683
160900000 41717 -0.0677492 7001.11 0.999616
161000000 41717 -0.0973572 7001.12 0.999612
161100000 41717 -0.105767 7001.12 0.999615
161200000 41717 -0.0570578 7001.11 0.999614
161300000 41717 1.1374 7000.91 0.99975
161400000 41717 -0.0497865 7001.11 0.999623
161500000 41717 -0.0656185 7001.11 0.999615
161600000 41717 0.976495 7000.94 0.999759
161700000 41717 0.458235 7001.02 0.999688
161800000 41717 1.22399 7000.9 0.999767
161900000 41717 -0.0323454 7001.11 0.999615
162000000 41717 0.149631 7001.08 0.999655
162100000 41717 0.11068 7001.08 0.999649
162200000 41717 0.385519 7001.04 0.999694
162300000 41717 -0.119372 7001.12 0.999616
162400000 41717 0.413047 7001.03 0.999696
162500000 41717 3.14617 7000.57 0.999941
162600000 41717 -0.0659873 7001.11 0.999613
162700000 41717 -0.229224 7001.14 0.999618
162800000 41717 -0.20133 7001.14 0.999614
162900000 41717 -0.0880097 7001.12 0.999614
163000000 41717 -0.0609174 7001.11 0.999614
163100000 41717 4.54273 7000.34 0.999997
163200000 41717 -0.0587944 7001.11 0.999614
163300000 41717 -0.020255 7001.11 0.999616
163400000 41717 -0.143099 7001.13 0.999621
163500000 41717 0.355651 7001.04 0.999691
163600000 41717 -0.144887 7001.13 0.999616
163700000 41717 0.70164 7000.98 0.999713
163800000 41717 -0.0796711 7001.12 0.999615
163900000 41717 0.0791245 7001.09 0.99965
164000000 41717 -0.0513597 7001.11 0.999615
164100000 41717 -0.0945065 7001.12 0.999635
164200000 41717 0.0273407 7001.1 0.999651
164300000 41717 -0.0635157 7001.11 0.999614
164400000 41717 0.350028 7001.04 0.999697
164500000 41717 -0.00818458 7001.1 0.999617
164600000 41717 -0.0816705 7001.12 0.999614
164700000 41717 -0.0100035 7001.1 0.999617
164800000 41717 -0.0681514 7001.11 0.999613
164900000 41717 0.367134 7001.04 0.999678
165000000 41717 0.118435 7001.08 0.999669
165100000 41717 3.26606 7000.55 0.999927
165200000 41717 0.0789844 7001.09 0.999664
165300000 41717 -0.151909 7001.13 0.999631
165400000 41717 -0.0886702 7001.12 0.999619
165500000 41717 -0.0532818 7001.11 0.999614
165600000 41717 -0.0335218 7001.11 0.999615
165700000 41717 3.58759 7000.5 0.999934
165800000 41717 0.0164928 7001.1 0.999639
165900000 41717 0.415754 7001.03 0.999695
166000000 41717 -0.0762103 7001.11 0.999613
166100000 41717 -0.0810166 7001.12 0.999618
166200000 41717 -0.102181 7001.12 0.999613
166300000 41717 2.02798 7000.76 0.999826
166400000 41717 -0.0358871 7001.11 0.999615
166500000 41717 -0.0176026 7001.1 0.999616
166600000 41717 -0.0664412 7001.11 0.999615
166700000 41717 0.579144 7001 0.999707
166800000 41717 -0.0753032 7001.11 0.999614
166900000 41717 0.294655 7001.05 0.999673
167000000 41717 -0.0387831 7001.11 0.999615
167100000 41717 -0.102693 7001.12 0.999617
167200000 41717 -0.167209 7001.13 0.999619
167300000 41717 -0.0477149 7001.11 0.999614
167400000 41717 0.00804081 7001.1 0.999655
167500000 41717 0.588437 7001 0.999701
167600000 41717 -0.0403021 7001.11 0.999641
167700000 41717 -0.151567 7001.13 0.999635
167800000 41717 -0.218995 7001.14 0.999607
167900000 41717 0.139822 7001.08 0.999666
168000000 41717 -0.0389481 7001.11 0.999615
168100000 41717 0.120143 7001.08 0.99965
168200000 41717 -0.00493393 7001.1 0.999617
168300000 41717 -0.106025 7001.12 0.999618
168400000 41717 -0.0354993 7001.11 0.999635
168500000 41717 -0.0493657 7001.11 0.999615
168600000 41717 -0.0340534 7001.11 0.999615
168700000 41717 -0.0553529 7001.11 0.999615
168800000 41717 -0.0359565 7001.11 0.999615
168900000 41717 -0.104128 7001.12 0.999613
169000000 41717 -0.0573495 7001.11 0.999614
169100000 41717 -0.0178212 7001.1 0.999616
169200000 41717 -0.104793 7001.12 0.999619
169300000 41717 0.171017 7001.07 0.999672
169400000 41717 -0.0742214 7001.11 0.999634
169500000 41717 -0.112686 7001.12 0.999616
169600000 41717 -0.214098 7001.14 0.999615
169700000 41717 -0.0854608 7001.12 0.999617
169800000 41717 -0.0901661 7001.12 0.999632
169900000 41717 -0.070106 7001.11 0.999636
170000000 41717 -0.0674326 7001.11 0.999613
170100000 41717 -0.0301382 7001.11 0.999616
170200000 41717 -0.171637 7001.13 0.999613
170300000 41717 0.562163 7001.01 0.999707
170400000 41717 -0.145827 7001.13 0.999622
170500000 41717 -0.00443513 7001.1 0.999617
170600000 41717 -0.0484791 7001.11 0.999614
170700000 41717 -0.0864073 7001.12 0.999623
170800000 41717 -0.127086 7001.12 0.999615
170900000 41717 -0.171994 7001.13 0.99961
171000000 41717 -0.0856457 7001.12 0.999614
171100000 41717 0.285674 7001.05 0.999694
171200000 41717 0.0958909 7001.09 0.999647
171300000 41717 -0.154175 7001.13 0.999617
171400000 41717 0.799782 7000.97 0.999757
171500000 41717 -0.0181129 7001.1 0.999616
171600000 41717 -0.164245 7001.13 0.999612
171700000 41717 -0.0546833 7001.11 0.999623
171800000 41717 0.0538208 7001.09 0.999661
171900000 41717 0.981957 7000.94 0.999744
172000000 41717 -0.101843 7001.12 0.999646
172100000 41717 0.0798358 7001.09 0.999694
172200000 41717 0.201685 7001.07 0.999664
172300000 41717 -0.121893 7001.12 0.999634
172400000 41717 -0.0262009 7001.11 0.999616
172500000 41717 -0.00307029 7001.1 0.999647
172600000 41717 -0.00462873 7001.1 0.999617
172700000 41717 0.145526 7001.08 0.999673
172800000 41717 -0.0137934 7001.1 0.999616
172900000 41717 -0.13712 7001.12 0.999618
173000000 41717 -0.0796438 7001.12 0.999619
173100000 41717 -0.0951279 7001.12 0.999614
173200000 41717 -0.127264 7001.12 0.999615
173300000 41717 0.378438 7001.04 0.999724
173400000 41717 0.651707 7000.99 0.999719
173500000 41717 -0.152161 7001.13 0.999612
173600000 41717 0.0482753 7001.09 0.999642
173700000 41717 -0.11449 7001.12 0.999615
173800000 41717 -0.0922442 7001.12 0.999624
173900000 41717 -0.101861 7001.12 0.999614
174000000 41717 -0.135975 7001.12 0.99961
174100000 41717 2.03152 7000.76 0.99986
174200000 41717 -0.113237 7001.12 0.999613
174300000 41717 -0.0329118 7001.11 0.999615
174400000 41717 -0.142081 7001.13 0.999612
174500000 41717 -0.151269 7001.13 0.999612
174600000 41717 -0.0520839 7001.11 0.999614
174700000 41717 0.300634 7001.05 0.999676
174800000 41717 -0.0505616 7001.11 0.999615
174900000 41717 1.21252 7000.9 0.999756
175000000 41717 -0.110481 7001.12 0.999614
175100000 41717 -0.0121233 7001.1 0.999617
175200000 41717 0.207568 7001.07 0.999677
175300000 41717 0.0543333 7001.09 0.999642
175400000 41717 -0.00892951 7001.1 0.999617
175500000 41717 -0.181542 7001.13 0.999614
175600000 41717 0.354473 7001.04 0.999677
175700000 41717 -0.0630338 7001.11 0.999616
175800000 41717 -0.0811577 7001.12 0.999615
175900000 41717 -0.0208041 7001.11 0.999616
176000000 41717 -0.140398 7001.13 0.999617
176100000 41717 -0.0412789 7001.11 0.999614
176200000 41717 -0.0427848 7001.11 0.999615
176300000 41717 -0.0654067 7001.11 0.999614
176400000 41717 -0.0198978 7001.1 0.999616
176500000 41717 -0.172536 7001.13 0.999619
176600000 41717 -0.0018306 7001.1 0.999647
176700000 41717 -0.0356608 7001.11 0.999615
176800000 41717 -0.0929983 7001.12 0.999618
176900000 41717 -0.0474597 7001.11 0.999615
177000000 41717 0.0223928 7001.1 0.999648
177100000 41717 0.80326 7000.97 0.99972
177200000 41717 -0.0467867 7001.11 0.999616
177300000 41717 -0.104633 7001.12 0.999613
177400000 41717 0.162808 7001.07 0.999666
177500000 41717 -0.0790989 7001.11 0.999613
177600000 41717 -0.0891914 7001.12 0.999612
177700000 41717 0.554483 7001.01 0.999725
177800000 41717 0.439768 7001.03 0.999722
177900000 41717 -0.0554862 7001.11 0.999616
178000000 41717 -0.147004 7001.13 0.999612
178100000 41717 -0.108947 7001.12 0.999611
178200000 41717 -0.0747612 7001.11 0.999628
178300000 41717 -0.0543905 7001.11 0.999616
178400000 41717 -0.0932634 7001.12 0.999613
178500000 41717 -0.0262725 7001.11 0.999616
178600000 41717 -0.0681865 7001.11 0.999618
178700000 41717 -0.0731845 7001.11 0.999618
178800000 41717 -0.0673445 7001.11 0.999633
178900000 41717 -0.034905 7001.11 0.999615
179000000 41717 0.765239 7000.97 0.999716
179100000 41717 -0.0458923 7001.11 0.999615
179200000 41717 -0.0243389 7001.11 0.999616
179300000 41717 0.155831 7001.08 0.999684
179400000 41717 -0.0686541 7001.11 0.999615
179500000 41717 0.148412 7001.08 0.999655
179600000 41717 -0.0468485 7001.11 0.999615
179700000 41717 -0.245022 7001.14 0.999623
179800000 41717 -0.0260298 7001.11 0.999615
179900000 41717 6.53637 7000 1.00017
180000000 41717 -0.100707 7001.12 0.999617
180100000 41717 0.0295819 7001.1 0.999638
180200000 41717 2.32059 7000.71 0.999843
180300000 41717 -0.0404677 7001.11 0.999635
180400000 41717 3.26257 7000.55 0.99991
180500000 41717 0.361482 7001.04 0.999684
180600000 41717 0.140547 7001.08 0.999689
180700000 41717 -0.0799606 7001.12 0.999613
180800000 41717 -0.0458941 7001.11 0.999616
180900000 41717 -0.0613473 7001.11 0.999621
181000000 41717 -0.103218 7001.12 0.999614
181100000 41717 -0.112037 7001.12 0.999618
181200000 41717 -0.0210077 7001.11 0.999616
181300000 41717 -0.123738 7001.12 0.999618
181400000 41717 -0.147997 7001.13 0.999614
181500000 41717 -0.0545031 7001.11 0.999615
181600000 41717 0.335685 7001.05 0.999677
181700000 41717 -0.0373321 7001.11 0.999649
181800000 41717 0.757182 7000.97 0.999722
181900000 41717 -0.0100148 7001.1 0.999617
182000000 41717 0.0373354 7001.1 0.999645
182100000 41717 -0.0295601 7001.11 0.999616
182200000 41717 -0.0594311 7001.11 0.999614
182300000 41717 0.413576 7001.03 0.999696
182400000 41717 -0.116658 7001.12 0.999617
182500000 41717 -0.182337 7001.13 0.999614
182600000 41717 -0.0110892 7001.1 0.999617
182700000 41717 0.0318202 7001.1 0.999641
182800000 41717 0.223828 7001.06 0.999682
182900000 41717 -0.0561436 7001.11 0.999614
183000000 41717 -0.0363427 7001.11 0.999616
183100000 41717 -0.17979 7001.13 0.999613
183200000 41717 -0.085749 7001.12 0.999614
183300000 41717 0.550771 7001.01 0.999721
183400000 41717 -0.0212239 7001.11 0.999616
183500000 41717 0.467717 7001.02 0.999689
183600000 41717 0.314096 7001.05 0.999676
183700000 41717 -0.168954 7001.13 0.999623
183800000 41717 -0.0671724 7001.11 0.999621
183900000 41717 -0.0498071 7001.11 0.999614
184000000 41717 -0.0696238 7001.11 0.999634
184100000 41717 0.546622 7001.01 0.999725
184200000 41717 -0.0490838 7001.11 0.999624
184300000 41717 0.24678 7001.06 0.999693
184400000 41717 -0.0646206 7001.11 0.999614
184500000 41717 -0.0188371 7001.1 0.999616
184600000 41717 0.0147604 7001.1 0.999642
184700000 41717 -0.135991 7001.12 0.999646
184800000 41717 -0.048659 7001.11 0.999616
184900000 41717 -0.0552545 7001.11 0.999616
185000000 41717 -0.190494 7001.13 0.999611
185100000 41717 -0.103587 7001.12 0.999612
185200000 41717 -0.0990144 7001.12 0.999616
185300000 41717 0.00114199 7001.1 0.999644
185400000 41717 -0.0423481 7001.11 0.999642
185500000 41717 -0.150631 7001.13 0.999613
185600000 41717 0.150276 7001.08 0.999654
185700000 41717 -0.175094 7001.13 0.999607
185800000 41717 0.387567 7001.04 0.999686
185900000 41717 -0.152013 7001.13 0.999612
186000000 41717 -0.100576 7001.12 0.999622
186100000 41717 -0.0992545 7001.12 0.999623
186200000 41717 0.330819 7001.05 0.999682
186300000 41717 -0.0717258 7001.11 0.999614
186400000 41717 -0.041946 7001.11 0.999614
186500000 41717 -0.089324 7001.12 0.99962
186600000 41717 0.347363 7001.04 0.999676
186700000 41717 0.328384 7001.05 0.999699
186800000 41717 -0.167969 7001.13 0.999614
186900000 41717 0.155835 7001.08 0.999675
187000000 41717 -0.00777865 7001.1 0.999617
187100000 41717 -0.0366362 7001.11 0.999615
187200000 41717 0.392662 7001.04 0.999703
187300000 41717 0.704311 7000.98 0.999711
187400000 41717 -0.135887 7001.12 0.999615
187500000 41717 -0.0692868 7001.11 0.999626
187600000 41717 -0.1209 7001.12 0.999614
187700000 41717 0.14078 7001.08 0.999653
187800000 41717 -0.136879 7001.12 0.999613
187900000 41717 -0.0165951 7001.1 0.999616
188000000 41717 -0.0842696 7001.12 0.999614
188100000 41717 -0.0869902 7001.12 0.999613
188200000 41717 -0.0697586 7001.11 0.999613
188300000 41717 -0.0947252 7001.12 0.999615
188400000 41717 0.0819262 7001.09 0.999645
188500000 41717 -0.0740011 7001.11 0.999616
188600000 41717 -0.11422 7001.12 0.999635
188700000 41717 -0.124401 7001.12 0.999612
188800000 41717 -0.0206824 7001.11 0.999616
188900000 41717 0.0819539 7001.09 0.999647
189000000 41717 -0.0716638 7001.11 0.999615
189100000 41717 -0.149831 7001.13 0.999612
189200000 41717 -0.0672488 7001.11 0.999618
189300000 41717 -0.0666506 7001.11 0.999614
189400000 41717 -0.0998424 7001.12 0.999633
189500000 41717 -0.0179333 7001.1 0.999616
189600000 41717 -0.0190641 7001.1 0.999616
189700000 41717 6.44927 7000.02 1.00012
189800000 41717 -0.0223605 7001.11 0.999616
189900000 41717 0.00160738 7001.1 0.999672
190000000 41717 0.249732 7001.06 0.999665
190100000 41717 0.50178 7001.02 0.999693
190200000 41717 -0.0902939 7001.12 0.999616
190300000 41717 -0.00533219 7001.1 0.999634
190400000 41717 2.70336 7000.65 0.999878
190500000 41717 -0.0588967 7001.11 0.999627
190600000 41717 -0.0355058 7001.11 0.999616
190700000 41717 -0.0336889 7001.11 0.999628
190800000 41717 0.379623 7001.04 0.999679
190900000 41717 -0.0438083 7001.11 0.999615
191000000 41717 -0.0546859 7001.11 0.999615
191100000 41717 -0.0633868 7001.11 0.999614
191200000 41717 0.552388 7001.01 0.9997
191300000 41717 -0.0522946 7001.11 0.999614
191400000 41717 -0.0395749 7001.11 0.999614
191500000 41717 0.0448142 7001.09 0.999657
191600000 41717 -0.0879477 7001.12 0.999617
191700000 41717 0.0251692 7001.1 0.999639
191800000 41717 -0.0149239 7001.1 0.999616
191900000 41717 -0.116705 7001.12 0.999618
192000000 41717 -0.125726 7001.12 0.999614
192100000 41717 -0.144436 7001.13 0.999618
192200000 41717 -0.14839 7001.13 0.999614
192300000 41717 -0.198347 7001.13 0.999609
192400000 41717 2.16384 7000.74 0.999843
192500000 41717 -0.0750222 7001.11 0.999618
192600000 41717 -0.0320644 7001.11 0.999615
192700000 41717 -0.131287 7001.12 0.999617
192800000 41717 -0.0133444 7001.1 0.999616
192900000 41717 -0.0502075 7001.11 0.999616
193000000 41717 -0.0324665 7001.11 0.999615
193100000 41717 0.549438 7001.01 0.999705
193200000 41717 -0.0451604 7001.11 0.999615
193300000 41717 -0.143081 7001.13 0.999622
193400000 41717 0.842636 7000.96 0.999725
193500000 41717 -0.094951 7001.12 0.999615
193600000 41717 -0.0104654 7001.1 0.999617
193700000 41717 -0.17373 7001.13 0.99961
193800000 41717 0.460431 7001.02 0.999694
193900000 41717 0.818488 7000.96 0.999775
194000000 41717 -0.157191 7001.13 0.999616
194100000 41717 0.0310194 7001.1 0.999641
194200000 41717 -0.03185 7001.11 0.999615
194300000 41717 -0.189001 7001.13 0.999613
194400000 41717 -0.0428431 7001.11 0.999616
194500000 41717 -0.198927 7001.13 0.99963
194600000 41717 -0.0215322 7001.11 0.999616
194700000 41717 0.386567 7001.04 0.99968
194800000 41717 -0.211715 7001.14 0.999617
194900000 41717 -0.0156916 7001.1 0.999634
195000000 41717 -0.124543 7001.12 0.999616
195100000 41717 -0.0518498 7001.11 0.999614
195200000 41717 0.0721029 7001.09 0.999648
195300000 41717 -0.0638221 7001.11 0.999621
195400000 41717 2.07787 7000.75 0.999826
195500000 41717 3.34404 7000.54 0.999921
195600000 41717 -0.0569224 7001.11 0.999626
195700000 41717 -0.0224308 7001.11 0.999616
195800000 41717 -0.0226205 7001.11 0.999616
195900000 41717 -0.0187149 7001.1 0.999616
196000000 41717 -0.0508213 7001.11 0.999614
196100000 41717 -0.0848872 7001.12 0.999656
196200000 41717 0.178985 7001.07 0.99966
196300000 41717 -0.0805591 7001.12 0.999614
196400000 41717 0.0248289 7001.1 0.999638
196500000 41717 -0.0406819 7001.11 0.99964
196600000 41717 0.295158 7001.05 0.999671
196700000 41717 1.51953 7000.85 0.999781
196800000 41717 -0.0247109 7001.11 0.999616
196900000 41717 0.254694 7001.06 0.999676
197000000 41717 -0.125175 7001.12 0.999614
197100000 41717 -0.00557672 7001.1 0.999646
197200000 41717 -0.0309068 7001.11 0.999629
197300000 41717 -0.203637 7001.14 0.999615
197400000 41717 -0.124132 7001.12 0.999616
197500000 41717 -0.217732 7001.14 0.999613
197600000 41717 1.26975 7000.89 0.99978
197700000 41717 -0.0249021 7001.11 0.999616
197800000 41717 0.0163524 7001.1 0.999647
197900000 41717 -0.0767166 7001.11 0.999613
198000000 41717 -0.097724 7001.12 0.999613
198100000 41717 -0.0907545 7001.12 0.99963
198200000 41717 -0.024587 7001.11 0.999616
198300000 41717 -0.0101891 7001.1 0.999617
198400000 41717 -0.110024 7001.12 0.999615
198500000 41717 0.972357 7000.94 0.999748
198600000 41717 1.23818 7000.89 0.999775
198700000 41717 -0.0506732 7001.11 0.999614
198800000 41717 1.51766 7000.85 0.999782
198900000 41717 0.599971 7001 0.999724
199000000 41717 -0.065744 7001.11 0.999627
199100000 41717 -0.0268538 7001.11 0.99963
199200000 41717 -0.020128 7001.11 0.999616
199300000 41717 -0.00766246 7001.1 0.999632
199400000 41717 -0.0562069 7001.11 0.999614
199500000 41717 -0.0566112 7001.11 0.999629
199600000 41717 -0.105132 7001.12 0.99962
199700000 41717 0.0347421 7001.1 0.999651
199800000 41717 -0.27867 7001.15 0.999619
199900000 41717 -0.00364554 7001.1 0.999617
200000000 41717 -0.0239921 7001.11 0.99965
200100000 41717 -0.0292338 7001.11 0.999616
200200000 41717 0.263242 7001.06 0.999672
200300000 41717 0.0467329 7001.09 0.999641
200400000 41717 -0.0313286 7001.11 0.999615
200500000 41717 -0.116577 7001.12 0.999641
200600000 41717 -0.0642955 7001.11 0.999628
200700000 41717 -0.0550678 7001.11 0.999615
200800000 41717 -0.0462632 7001.11 0.999639
200900000 41717 -0.0427686 7001.11 0.999614
201000000 41717 -0.0846757 7001.12 0.999613
201100000 41717 -0.00717957 7001.1 0.999617
201200000 41717 -0.0622833 7001.11 0.999641
201300000 41717 -0.0386714 7001.11 0.999615
201400000 41717 1.06479 7000.92 0.999744
201500000 41717 0.0805078 7001.09 0.999648
201600000 41717 -0.0846677 7001.12 0.999623
201700000 41717 1.49995 7000.85 0.99978
201800000 41717 -0.063405 7001.11 0.999614
201900000 41717 0.285549 7001.05 0.999688
202000000 41717 0.062141 7001.09 0.999643
202100000 41717 -0.0679823 7001.11 0.999615
202200000 41717 0.0308973 7001.1 0.999654
202300000 41717 0.819447 7000.96 0.999721
202400000 41717 1.9145 7000.78 0.999848
202500000 41717 -0.08504 7001.12 0.999624
202600000 41717 -0.0516045 7001.11 0.999627
202700000 41717 -0.124876 7001.12 0.99962
202800000 41717 -0.172332 7001.13 0.999611
202900000 41717 -0.10899 7001.12 0.999618
203000000 41717 0.0757447 7001.09 0.999647
203100000 41717 -0.083595 7001.12 0.999634
203200000 41717 -0.146876 7001.13 0.999618
203300000 41717 0.763418 7000.97 0.999717
203400000 41717 -0.0799914 7001.12 0.999614
203500000 41717 0.709924 7000.98 0.999719
203600000 41717 0.522513 7001.01 0.999695
203700000 41717 -0.0686862 7001.11 0.999615
203800000 41717 -0.0650929 7001.11 0.999613
203900000 41717 -0.0552043 7001.11 0.999614
204000000 41717 -0.0297499 7001.11 0.999615
204100000 41717 -0.162584 7001.13 0.999616
204200000 41717 1.04611 7000.93 0.999758
204300000 41717 -0.0315841 7001.11 0.999633
204400000 41717 -0.0690923 7001.11 0.999633
204500000 41717 1.2978 7000.88 0.999797
204600000 41717 0.0713448 7001.09 0.999647
204700000 41717 -0.0277591 7001.11 0.999615
204800000 41717 -0.0648083 7001.11 0.999614
204900000 41717 0.453728 7001.03 0.999715
205000000 41717 -0.0990317 7001.12 0.999613
205100000 41717 -0.0736391 7001.11 0.999621
205200000 41717 -0.0403502 7001.11 0.999632
205300000 41717 -0.0606729 7001.11 0.999613
205400000 41717 -0.0290259 7001.11 0.999616
205500000 41717 -0.119523 7001.12 0.999616
205600000 41717 -0.0493099 7001.11 0.999614
205700000 41717 -0.116133 7001.12 0.999614
205800000 41717 -0.206795 7001.14 0.999632
205900000 41717 -0.107703 7001.12 0.99962
206000000 41717 -0.0452167 7001.11 0.999614
206100000 41717 -0.00363464 7001.1 0.999617
206200000 41717 0.248603 7001.06 0.999674
206300000 41717 3.88188 7000.45 0.999982
206400000 41717 0.0528374 7001.09 0.999644
206500000 41717 -0.0522343 7001.11 0.999629
206600000 41717 -0.00381962 7001.1 0.999617
206700000 41717 -0.0246275 7001.11 0.999615
206800000 41717 0.179966 7001.07 0.999667
206900000 41717 0.464431 7001.02 0.999688
207000000 41717 -0.13591 7001.12 0.999611
207100000 41717 -0.113524 7001.12 0.999632
207200000 41717 -0.115793 7001.12 0.999613
207300000 41717 -0.033018 7001.11 0.999615
207400000 41717 0.714415 7000.98 0.999715
207500000 41717 -0.0857454 7001.12 0.999613
207600000 41717 2.40051 7000.7 0.99985
207700000 41717 -0.0840004 7001.12 0.999613
207800000 41717 -0.0524037 7001.11 0.999614
207900000 41717 -0.184013 7001.13 0.999614
208000000 41717 0.135551 7001.08 0.999652
208100000 41717 0.640882 7000.99 0.999709
208200000 41717 1.3538 7000.87 0.999776
208300000 41717 -0.172221 7001.13 0.999633
208400000 41717 -0.0844873 7001.12 0.999625
208500000 41717 0.155484 7001.08 0.999654
208600000 41717 0.442329 7001.03 0.999711
208700000 41717 -0.01818 7001.1 0.999631
208800000 41717 -0.0634813 7001.11 0.999636
208900000 41717 -0.0466551 7001.11 0.999614
209000000 41717 -0.0243272 7001.11 0.999616
209100000 41717 -0.035594 7001.11 0.999615
209200000 41717 -0.00176486 7001.1 0.999618
209300000 41717 -0.0682619 7001.11 0.999614
209400000 41717 -0.0961912 7001.12 0.999616
209500000 41717 -0.0374014 7001.11 0.999615
209600000 41717 -0.0472513 7001.11 0.999614
209700000 41717 0.853461 7000.96 0.999726
209800000 41717 0.124034 7001.08 0.99965
209900000 41717 -0.0467407 7001.11 0.999614
210000000 41717 0.123842 7001.08 0.999655
210100000 41717 -0.114557 7001.12 0.999625
210200000 41717 -0.0187703 7001.1 0.999616
210300000 41717 -0.118027 7001.12 0.999614
210400000 41717 -0.0167823 7001.1 0.999616
210500000 41717 -0.0947054 7001.12 0.999611
210600000 41717 0.0757471 7001.09 0.999647
210700000 41717 0.160941 7001.07 0.999696
210800000 41717 2.00467 7000.77 0.999848
210900000 41717 -0.0657592 7001.11 0.999614
211000000 41717 0.137674 7001.08 0.999653
211100000 41717 -0.0628238 7001.11 0.999614
211200000 41717 -0.118225 7001.12 0.999616
211300000 41717 -0.0530173 7001.11 0.999615
211400000 41717 -0.0756218 7001.11 0.999613
211500000 41717 -0.121506 7001.12 0.99962
211600000 41717 0.587959 7001 0.999732
211700000 41717 0.567825 7001.01 0.9997
211800000 41717 0.259805 7001.06 0.99967
211900000 41717 -0.0642866 7001.11 0.999619
212000000 41717 3.81893 7000.46 1.00008
212100000 41717 -0.0804307 7001.12 0.999615
212200000 41717 -0.122268 7001.12 0.999613
212300000 41717 0.485734 7001.02 0.999692
212400000 41717 -0.0905649 7001.12 0.999615
212500000 41717 0.284018 7001.05 0.999689
212600000 41717 0.391515 7001.04 0.999684
212700000 41717 -0.0564066 7001.11 0.999614
212800000 41717 -0.0952788 7001.12 0.99963
212900000 41717 -0.0503398 7001.11 0.999614
213000000 41717 -0.115329 7001.12 0.999614
213100000 41717 2.0145 7000.76 0.999861
213200000 41717 1.7616 7000.81 0.999804
213300000 41717 -0.0626082 7001.11 0.999618
213400000 41717 -0.0830233 7001.12 0.999613
213500000 41717 -0.0666152 7001.11 0.999617
213600000 41717 -0.0506243 7001.11 0.999615
213700000 41717 -0.0925224 7001.12 0.999614
213800000 41717 -0.142759 7001.13 0.999613
213900000 41717 0.0360148 7001.1 0.999639
214000000 41717 3.51626 7000.51 0.999933
214100000 41717 -0.0565718 7001.11 0.999617
214200000 41717 -0.0180152 7001.1 0.999616
214300000 41717 -0.0176838 7001.1 0.999616
214400000 41717 -0.00231508 7001.1 0.999617
214500000 41717 -0.0139884 7001.1 0.999634
214600000 41717 -0.0987773 7001.12 0.999616
214700000 41717 -0.197734 7001.13 0.999611
214800000 41717 -0.140745 7001.13 0.999616
214900000 41717 0.398379 7001.03 0.999695
215000000 41717 -0.0384455 7001.11 0.999615
215100000 41717 -0.110008 7001.12 0.999613
215200000 41717 -0.0181583 7001.1 0.999616
215300000 41717 -0.12978 7001.12 0.999633
215400000 41717 -0.0867909 7001.12 0.999615
215500000 41717 -0.0366942 7001.11 0.999615
215600000 41717 -0.0758733 7001.11 0.999617
215700000 41717 -0.0940573 7001.12 0.999616
215800000 41717 -0.131737 7001.12 0.999615
215900000 41717 -0.0716839 7001.11 0.999613
216000000 41717 0.00901115 7001.1 0.999635
216100000 41717 -0.123683 7001.12 0.99961
216200000 41717 -0.0337458 7001.11 0.999634
216300000 41717 -0.0839924 7001.12 0.999621
216400000 41717 0.185369 7001.07 0.999661
216500000 41717 -0.010394 7001.1 0.999617
216600000 41717 0.10694 7001.08 0.999648
216700000 41717 -0.100594 7001.12 0.99963
216800000 41717 -0.164074 7001.13 0.999614
216900000 41717 0.081146 7001.09 0.999649
217000000 41717 -0.069024 7001.11 0.999613
217100000 41717 -0.0181554 7001.1 0.999616
217200000 41717 -0.181793 7001.13 0.999618
217300000 41717 -0.0665084 7001.11 0.999615
217400000 41717 -0.017677 7001.1 0.999616
217500000 41717 -0.0201363 7001.11 0.999616
217600000 41717 -0.0442498 7001.11 0.999615
217700000 41717 1.41603 7000.86 0.999812
217800000 41717 -0.251964 7001.14 0.999622
217900000 41717 -0.0451592 7001.11 0.999615
218000000 41717 2.56629 7000.67 0.999861
218100000 41717 0.375959 7001.04 0.999687
218200000 41717 -0.01432 7001.1 0.999616
218300000 41717 -0.132399 7001.12 0.999623
218400000 41717 -0.00729817 7001.1 0.999617
218500000 41717 -0.0150292 7001.1 0.999616
218600000 41717 -0.0836596 7001.12 0.999615
218700000 41717 0.00324299 7001.1 0.999633
218800000 41717 -0.160268 7001.13 0.99962
218900000 41717 0.149352 7001.08 0.999663
219000000 41717 -0.143924 7001.13 0.999614
219100000 41717 -0.023571 7001.11 0.999616
219200000 41717 -0.186758 7001.13 0.999612
219300000 41717 -0.11575 7001.12 0.999616
219400000 41717 -0.0601747 7001.11 0.999624
219500000 41717 -0.145247 7001.13 0.999615
219600000 41717 0.149738 7001.08 0.999679
219700000 41717 0.0914172 7001.09 0.999659
219800000 41717 1.77501 7000.8 0.999841
219900000 41717 -0.032773 7001.11 0.99963
220000000 41717 -0.139395 7001.13 0.999623
220100000 41717 -0.0308088 7001.11 0.999615
220200000 41717 2.36732 7000.7 0.999865
220300000 41717 -0.0951061 7001.12 0.999622
220400000 41717 -0.0088579 7001.1 0.999633
220500000 41717 -0.150046 7001.13 0.999619
220600000 41717 0.458798 7001.02 0.999704
220700000 41717 0.0746008 7001.09 0.999649
220800000 41717 -0.0858193 7001.12 0.999618
220900000 41717 -0.0626365 7001.11 0.999613
221000000 41717 -0.121543 7001.12 0.999623
221100000 41717 -0.0948589 7001.12 0.99963
221200000 41717 1.85777 7000.79 0.999814
221300000 41717 1.2635 7000.89 0.99976
221400000 41717 -0.107297 7001.12 0.999612
221500000 41717 -0.133418 7001.12 0.999614
221600000 41717 -0.114309 7001.12 0.999614
221700000 41717 -0.0597236 7001.11 0.999614
221800000 41717 -0.0785085 7001.11 0.999631
221900000 41717 -0.0353915 7001.11 0.999615
222000000 41717 -0.00705681 7001.1 0.999617
222100000 41717 0.347548 7001.04 0.999701
222200000 41717 -0.118164 7001.12 0.999631
222300000 41717 -0.021363 7001.11 0.999616
222400000 41717 -0.092839 7001.12 0.999635
222500000 41717 -0.0762658 7001.11 0.999615
222600000 41717 -0.121299 7001.12 0.999616
222700000 41717 0.135885 7001.08 0.999658
222800000 41717 0.986361 7000.94 0.999738
222900000 41717 -0.0305366 7001.11 0.999616
223000000 41717 -0.0203841 7001.11 0.999616
223100000 41717 -0.0888162 7001.12 0.99962
223200000 41717 -0.0610216 7001.11 0.999615
223300000 41717 -0.0159482 7001.1 0.999616
223400000 41717 -0.0885163 7001.12 0.999613
223500000 41717 -0.00353631 7001.1 0.999617
223600000 41717 -0.0807517 7001.12 0.999615
223700000 41717 0.040598 7001.09 0.99964
223800000 41717 -0.115835 7001.12 0.999611
223900000 41717 -0.0615383 7001.11 0.999614
224000000 41717 -0.043131 7001.11 0.999614
224100000 41717 -0.111715 7001.12 0.999629
224200000 41717 -0.0325071 7001.11 0.999615
224300000 41717 -0.0217131 7001.11 0.999616
224400000 41717 -0.0340687 7001.11 0.999616
224500000 41717 -0.146289 7001.13 0.999635
224600000 41717 0.326554 7001.05 0.999688
224700000 41717 3.58598 7000.5 0.999944
224800000 41717 0.40499 7001.03 0.999751
224900000 41717 -0.0194007 7001.1 0.999616
225000000 41717 2.92676 7000.61 0.999887
225100000 41717 -0.0697283 7001.11 0.999615
225200000 41717 -0.0234824 7001.11 0.999616
225300000 41717 -0.0601634 7001.11 0.999625
225400000 41717 -0.0452587 7001.11 0.999614
225500000 41717 -0.216725 7001.14 0.999616
225600000 41717 -0.139338 7001.13 0.999627
225700000 41717 -0.0768756 7001.11 0.999614
225800000 41717 -0.0677131 7001.11 0.999632
225900000 41717 -0.00868721 7001.1 0.999617
226000000 41717 -0.0324986 7001.11 0.999615
226100000 41717 -0.0583368 7001.11 0.999613
226200000 41717 0.4172 7001.03 0.99969
226300000 41717 0.121925 7001.08 0.999657
226400000 41717 -0.0906997 7001.12 0.999615
226500000 41717 1.0974 7000.92 0.999747
226600000 41717 0.0875847 7001.09 0.999646
226700000 41717 -0.0176331 7001.1 0.999616
226800000 41717 -0.000574157 7001.1 0.999618
226900000 41717 -0.0199124 7001.1 0.999616
227000000 41717 -0.0582504 7001.11 0.999614
227100000 41717 0.135761 7001.08 0.999656
227200000 41717 0.394275 7001.04 0.99969
227300000 41717 -0.0730126 7001.11 0.99962
227400000 41717 -0.112726 7001.12 0.999612
227500000 41717 -0.0105327 7001.1 0.999617
227600000 41717 0.347986 7001.04 0.999678
227700000 41717 -0.0580309 7001.11 0.999614
227800000 41717 -0.0754979 7001.11 0.999616
227900000 41717 0.0898038 7001.09 0.999666
228000000 41717 -0.200168 7001.14 0.999614
228100000 41717 0.416193 7001.03 0.999685
228200000 41717 0.142708 7001.08 0.999663
228300000 41717 -0.0323615 7001.11 0.999615
228400000 41717 0.721517 7000.98 0.999733
228500000 41717 -0.151177 7001.13 0.999632
228600000 41717 -0.194365 7001.13 0.999612
228700000 41717 -0.008064 7001.1 0.999617
228800000 41717 -0.00450057 7001.1 0.999637
228900000 41717 -0.0624052 7001.11 0.999614
229000000 41717 -0.0265485 7001.11 0.999616
229100000 41717 -0.0996267 7001.12 0.999625
229200000 41717 -0.109139 7001.12 0.999628
229300000 41717 0.334378 7001.05 0.999675
229400000 41717 -0.107899 7001.12 0.99962
229500000 41717 0.028172 7001.1 0.99964
229600000 41717 -0.0257109 7001.11 0.999616
229700000 41717 -0.0581078 7001.11 0.999614
229800000 41717 0.550462 7001.01 0.999702
229900000 41717 -0.0122353 7001.1 0.999617
230000000 41717 -0.0632582 7001.11 0.999614
230100000 41717 0.0105504 7001.1 0.999642
230200000 41717 -0.088502 7001.12 0.999618
230300000 41717 -0.102533 7001.12 0.999616
230400000 41717 -0.157763 7001.13 0.999626
230500000 41717 -0.0776056 7001.11 0.999612
230600000 41717 3.19424 7000.57 0.999943
230700000 41717 -0.058833 7001.11 0.999613
230800000 41717 0.706848 7000.98 0.999742
230900000 41717 -0.0632018 7001.11 0.999615
231000000 41717 2.08894 7000.75 0.999864
231100000 41717 -0.105136 7001.12 0.999619
231200000 41717 -0.083382 7001.12 0.999614
231300000 41717 0.298568 7001.05 0.999684
231400000 41717 -0.00525293 7001.1 0.999617
231500000 41717 -0.0155431 7001.1 0.999616
231600000 41717 -0.197268 7001.13 0.99961
231700000 41717 -0.0645668 7001.11 0.999614
231800000 41717 -0.0483935 7001.11 0.999642
231900000 41717 -0.139777 7001.13 0.999619
232000000 41717 -0.11535 7001.12 0.999613
232100000 41717 -0.0462334 7001.11 0.999615
232200000 41717 -0.066786 7001.11 0.999613
232300000 41717 -0.0112293 7001.1 0.999617
232400000 41717 -0.127529 7001.12 0.99962
232500000 41717 -0.0912522 7001.12 0.999636
232600000 41717 -0.108631 7001.12 0.999612
232700000 41717 0.779684 7000.97 0.999724
232800000 41717 -0.0492046 7001.11 0.999615
232900000 41717 -0.112424 7001.12 0.999612
233000000 41717 0.191201 7001.07 0.999675
233100000 41717 -0.0798238 7001.12 0.999615
233200000 41717 -0.154935 7001.13 0.999613
233300000 41717 -0.0143127 7001.1 0.999642
233400000 41717 -0.0510343 7001.11 0.999614
233500000 41717 -0.0105395 7001.1 0.999617
233600000 41717 0.0712289 7001.09 0.999663
233700000 41717 -0.17986 7001.13 0.999617
233800000 41717 -0.0250722 7001.11 0.999616
233900000 41717 -0.118053 7001.12 0.999612
234000000 41717 -0.0308333 7001.11 0.999615
234100000 41717 -0.230694 7001.14 0.999633
234200000 41717 -0.115807 7001.12 0.999621
234300000 41717 -0.183897 7001.13 0.99961
234400000 41717 -0.111098 7001.12 0.999614
234500000 41717 0.0272157 7001.1 0.999638
234600000 41717 -0.0214807 7001.11 0.999616
234700000 41717 -0.0784004 7001.11 0.999614
234800000 41717 -0.0398815 7001.11 0.999638
234900000 41717 -0.108237 7001.12 0.999625
235000000 41717 -0.027987 7001.11 0.999615
235100000 41717 -0.168145 7001.13 0.999613
235200000 41717 -0.0587926 7001.11 0.999624
235300000 41717 -0.0448934 7001.11 0.999615
235400000 41717 -0.0107976 7001.1 0.999635
235500000 41717 0.630742 7001 0.999704
235600000 41717 -0.0198725 7001.1 0.999616
235700000 41717 0.0283566 7001.1 0.99968
235800000 41717 0.0781695 7001.09 0.999655
235900000 41717 -0.197738 7001.13 0.999624
236000000 41717 -0.150276 7001.13 0.999626
236100000 41717 -0.145036 7001.13 0.999611
236200000 41717 -0.136713 7001.12 0.99962
236300000 41717 -0.0183325 7001.1 0.999616
236400000 41717 -0.0258716 7001.11 0.999616
236500000 41717 2.86702 7000.62 0.999912
236600000 41717 2.2105 7000.73 0.999837
236700000 41717 0.0796069 7001.09 0.999673
236800000 41717 -0.0851153 7001.12 0.999613
236900000 41717 -0.0439554 7001.11 0.999615
237000000 41717 -0.0574156 7001.11 0.999638
237100000 41717 0.115915 7001.08 0.999653
237200000 41717 0.835645 7000.96 0.99973
237300000 41717 0.724173 7000.98 0.999721
237400000 41717 -0.0739665 7001.11 0.999624
237500000 41717 0.237859 7001.06 0.999665
237600000 41717 -0.00372786 7001.1 0.999636
237700000 41717 -0.027656 7001.11 0.999616
237800000 41717 0.11496 7001.08 0.999657
237900000 41717 -0.0359048 7001.11 0.999627
238000000 41717 -0.0618747 7001.11 0.999627
238100000 41717 -0.0773586 7001.11 0.999614
238200000 41717 -0.124876 7001.12 0.999618
238300000 41717 0.243363 7001.06 0.999671
238400000 41717 -0.0673551 7001.11 0.999623
238500000 41717 0.258021 7001.06 0.999679
238600000 41717 -0.136714 7001.12 0.999621
238700000 41717 -0.0296823 7001.11 0.999616
238800000 41717 -0.107056 7001.12 0.999613
238900000 41717 -0.0516789 7001.11 0.999614
239000000 41717 -0.251462 7001.14 0.999619
239100000 41717 -0.0155824 7001.1 0.999616
239200000 41717 -0.0949939 7001.12 0.999613
239300000 41717 -0.129478 7001.12 0.999613
239400000 41717 -0.0341521 7001.11 0.999616
239500000 41717 -0.0710636 7001.11 0.999619
239600000 41717 -0.0334627 7001.11 0.999615
239700000 41717 -0.0683264 7001.11 0.999651
239800000 41717 -0.0417364 7001.11 0.999614
239900000 41717 -0.172361 7001.13 0.999623
240000000 41717 -0.0393936 7001.11 0.999615
240100000 41717 -0.0672941 7001.11 0.999614
240200000 41717 -0.0590781 7001.11 0.999614
240300000 41717 -0.0388976 7001.11 0.999615
240400000 41717 -0.0760423 7001.11 0.999613
240500000 41717 0.106058 7001.08 0.999652
240600000 41717 -0.142907 7001.13 0.999621
240700000 41717 -0.0610025 7001.11 0.999613
240800000 41717 -0.07718 7001.11 0.999614
240900000 41717 -0.145288 7001.13 0.999613
241000000 41717 -0.0354103 7001.11 0.999615
241100000 41717 -0.0662681 7001.11 0.999614
241200000 41717 1.69502 7000.82 0.999795
241300000 41717 -0.0150768 7001.1 0.999616
241400000 41717 0.160669 7001.07 0.999665
241500000 41717 -0.0693186 7001.11 0.999616
241600000 41717 -0.0785798 7001.11 0.999614
241700000 41717 3.99472 7000.43 0.99996
241800000 41717 -0.0235743 7001.11 0.999616
241900000 41717 -0.112566 7001.12 0.999617
242000000 41717 -0.0298029 7001.11 0.999616
242100000 41717 0.0491489 7001.09 0.99967
242200000 41717 0.537419 7001.01 0.999696
242300000 41717 0.669444 7000.99 0.999707
242400000 41717 -0.00499729 7001.1 0.999617
242500000 41717 -0.152506 7001.13 0.999621
242600000 41717 -0.170696 7001.13 0.999615
242700000 41717 -0.105063 7001.12 0.999626
242800000 41717 -0.0318799 7001.11 0.999616
242900000 41717 -0.143166 7001.13 0.999622
243000000 41717 -0.0598895 7001.11 0.999615
243100000 41717 -0.239738 7001.14 0.999616
243200000 41717 -0.167471 7001.13 0.999626
243300000 41717 -0.0448439 7001.11 0.999615
243400000 41717 -0.125777 7001.12 0.999613
243500000 41717 0.0109186 7001.1 0.999664
243600000 41717 -0.134113 7001.12 0.999614
243700000 41717 -0.181805 7001.13 0.999613
243800000 41717 1.72491 7000.81 0.99981
243900000 41717 -0.0421767 7001.11 0.999629
244000000 41717 -0.0767301 7001.11 0.999613
244100000 41717 -0.100519 7001.12 0.999616
244200000 41717 -0.0433928 7001.11 0.999614
244300000 41717 2.19662 7000.73 0.999869
244400000 41717 0.0463995 7001.09 0.999673
244500000 41717 -0.0635364 7001.11 0.999614
244600000 41717 -0.0276967 7001.11 0.999615
244700000 41717 -0.0175888 7001.1 0.999617
244800000 41717 0.105427 7001.08 0.99965
244900000 41717 0.0703115 7001.09 0.999646
245000000 41717 -0.169673 7001.13 0.999611
245100000 41717 -0.0776 7001.11 0.999615
245200000 41717 -0.0474395 7001.11 0.999615
245300000 41717 -0.159039 7001.13 0.999614
245400000 41717 -0.125317 7001.12 0.999612
245500000 41717 -0.0569302 7001.11 0.999614
245600000 41717 1.2542 7000.89 0.999759
245700000 41717 -0.0247608 7001.11 0.999616
245800000 41717 -0.178048 7001.13 0.999614
245900000 41717 -0.101674 7001.12 0.999614
246000000 41717 -0.103548 7001.12 0.999622
246100000 41717 -0.138213 7001.12 0.999614
246200000 41717 0.439626 7001.03 0.999707
246300000 41717 2.13683 7000.74 0.999855
246400000 41717 0.0477913 7001.09 0.999647
246500000 41717 -0.0446411 7001.11 0.999615
246600000 41717 -0.0814402 7001.12 0.999615
246700000 41717 -0.0559758 7001.11 0.999643
246800000 41717 -0.0297876 7001.11 0.999616
246900000 41717 0.108352 7001.08 0.999661
247000000 41717 -0.00383975 7001.1 0.999617
247100000 41717 -0.00849631 7001.1 0.999617
247200000 41717 1.27115 7000.89 0.999775
247300000 41717 -0.151449 7001.13 0.999612
247400000 41717 -0.112359 7001.12 0.999615
247500000 41717 -0.134242 7001.12 0.999619
247600000 41717 1.10351 7000.92 0.999747
247700000 41717 -0.0420899 7001.11 0.999656
247800000 41717 -0.0462928 7001.11 0.999616
247900000 41717 -0.0644436 7001.11 0.999614
248000000 41717 -0.0492835 7001.11 0.999625
248100000 41717 0.413663 7001.03 0.999701
248200000 41717 0.500035 7001.02 0.999696
248300000 41717 -0.117804 7001.12 0.999613
248400000 41717 -0.0411039 7001.11 0.999615
248500000 41717 -0.0521361 7001.11 0.999615
248600000 41717 -0.107033 7001.12 0.999615
248700000 41717 0.952171 7000.94 0.999774
248800000 41717 -0.0784806 7001.11 0.999613
248900000 41717 -0.12952 7001.12 0.999618
249000000 41717 0.158122 7001.08 0.999659
249100000 41717 -0.0366067 7001.11 0.999615
249200000 41717 -0.0719079 7001.11 0.999613
249300000 41717 0.271734 7001.06 0.999682
249400000 41717 -0.079179 7001.11 0.999614
249500000 41717 -0.0718946 7001.11 0.999627
249600000 41717 -0.0306215 7001.11 0.999642
249700000 41717 -0.064667 7001.11 0.999614
249800000 41717 -0.104868 7001.12 0.999616
249900000 41717 -0.102763 7001.12 0.999612
250000000 41717 -0.0327333 7001.11 0.999616
250100000 41717 0.30499 7001.05 0.999685
250200000 41717 -0.0838501 7001.12 0.999621
250300000 41717 -0.0726309 7001.11 0.999614
250400000 41717 -0.0603581 7001.11 0.999616
250500000 41717 -0.0455805 7001.11 0.999614
250600000 41717 -0.114777 7001.12 0.999612
250700000 41717 0.432107 7001.03 0.999714
250800000 41717 -0.0954864 7001.12 0.999613
250900000 41717 -0.0708045 7001.11 0.999618
251000000 41717 -0.0600862 7001.11 0.999613
251100000 41717 -0.0335232 7001.11 0.999615
251200000 41717 -0.0338291 7001.11 0.999636
251300000 41717 -0.0860736 7001.12 0.999623
251400000 41717 -0.0981966 7001.12 0.999613
251500000 41717 -0.124655 7001.12 0.999622
251600000 41717 -0.104648 7001.12 0.999614
251700000 41717 0.466163 7001.02 0.999725
251800000 41717 -0.117793 7001.12 0.999624
251900000 41717 -0.050346 7001.11 0.999615
252000000 41717 -0.0617802 7001.11 0.999614
252100000 41717 0.0813834 7001.09 0.999653
252200000 41717 4.25681 7000.39 0.999988
252300000 41717 -0.0838451 7001.12 0.999614
252400000 41717 -0.00947045 7001.1 0.999617
252500000 41717 -0.0165446 7001.1 0.999616
252600000 41717 -0.173562 7001.13 0.999644
252700000 41717 6.43302 7000.02 1.00011
252800000 41717 0.0513854 7001.09 0.999647
252900000 41717 -0.104662 7001.12 0.999612
253000000 41717 -0.166647 7001.13 0.999633
253100000 41717 0.00716163 7001.1 0.999646
253200000 41717 -0.00946583 7001.1 0.999617
253300000 41717 -0.0638907 7001.11 0.999625
253400000 41717 -0.0548954 7001.11 0.999614
253500000 41717 -0.031568 7001.11 0.999615
253600000 41717 -0.0572608 7001.11 0.999633
253700000 41717 -0.108484 7001.12 0.999612
253800000 41717 -0.248246 7001.14 0.999621
253900000 41717 -0.143461 7001.13 0.999612
254000000 41717 -0.0620529 7001.11 0.999629
254100000 41717 3.53425 7000.51 0.999962
254200000 41717 -0.0460516 7001.11 0.999615
254300000 41717 0.176862 7001.07 0.999658
254400000 41717 -0.0691552 7001.11 0.999616
254500000 41717 -0.10133 7001.12 0.999612
254600000 41717 0.0450326 7001.09 0.999641
254700000 41717 -0.0135289 7001.1 0.999616
254800000 41717 0.277719 7001.06 0.999686
254900000 41717 -0.193503 7001.13 0.999622
255000000 41717 -0.199258 7001.14 0.999612
255100000 41717 -0.0164395 7001.1 0.999616
255200000 41717 -0.0403679 7001.11 0.999638
255300000 41717 -0.0733111 7001.11 0.999615
255400000 41717 0.1715 7001.07 0.999671
255500000 41717 -0.152126 7001.13 0.99961
255600000 41717 7.51105 6999.84 1.00021
255700000 41717 -0.0570546 7001.11 0.999614
255800000 41717 -0.0314642 7001.11 0.999615
255900000 41717 -0.0842515 7001.12 0.999619
256000000 41717 -0.0782528 7001.11 0.999626
256100000 41717 2.52492 7000.68 0.99986
256200000 41717 -0.00344676 7001.1 0.999617
256300000 41717 -0.00751149 7001.1 0.999617
256400000 41717 -0.0938107 7001.12 0.999612
256500000 41717 -0.0477414 7001.11 0.999615
256600000 41717 0.0971548 7001.09 0.999664
256700000 41717 -0.106593 7001.12 0.999611
256800000 41717 -0.209793 7001.14 0.999622
256900000 41717 -0.0171004 7001.1 0.999616
257000000 41717 2.07643 7000.75 0.999842
257100000 41717 -0.0148063 7001.1 0.999616
257200000 41717 -0.105779 7001.12 0.999623
257300000 41717 -0.0674199 7001.11 0.999616
257400000 41717 1.53661 7000.84 0.999784
257500000 41717 2.33077 7000.71 0.999851
257600000 41717 -0.146488 7001.13 0.999613
257700000 41717 0.147763 7001.08 0.999671
257800000 41717 -0.034093 7001.11 0.999627
257900000 41717 0.325587 7001.05 0.999693
258000000 41717 -0.0105063 7001.1 0.999643
258100000 41717 -0.0876187 7001.12 0.999616
258200000 41717 -0.056628 7001.11 0.999616
258300000 41717 -0.100647 7001.12 0.999617
258400000 41717 -0.0587486 7001.11 0.999615
258500000 41717 -0.13421 7001.12 0.999613
258600000 41717 -0.0290663 7001.11 0.999616
258700000 41717 -0.0973013 7001.12 0.999625
258800000 41717 1.40475 7000.87 0.999775
258900000 41717 -0.191873 7001.13 0.999613
259000000 41717 -0.117109 7001.12 0.999614
259100000 41717 9.3648 6999.53 1.00028
259200000 41717 -0.11937 7001.12 0.999614
259300000 41717 -0.0350044 7001.11 0.999615
259400000 41717 -0.119431 7001.12 0.999611
259500000 41717 -0.0510955 7001.11 0.999615
259600000 41717 -0.0745085 7001.11 0.99963
259700000 41717 -0.0605267 7001.11 0.999618
259800000 41717 -0.129873 7001.12 0.999619
259900000 41717 -0.162739 7001.13 0.999615
260000000 41717 7.74677 6999.8 1.00032
260100000 41717 -0.0620716 7001.11 0.999634
260200000 41717 0.416061 7001.03 0.999686
260300000 41717 -0.0230592 7001.11 0.999632
260400000 41717 -0.0682796 7001.11 0.999618
260500000 41717 -0.0713258 7001.11 0.999617
260600000 41717 -0.0800481 7001.12 0.999615
260700000 41717 0.162943 7001.07 0.999661
260800000 41717 -0.127185 7001.12 0.999618
260900000 41717 -0.0173881 7001.1 0.999616
261000000 41717 0.0297666 7001.1 0.999642
261100000 41717 -0.138074 7001.12 0.999612
261200000 41717 -0.1293 7001.12 0.999615
261300000 41717 0.627451 7001 0.999704
261400000 41717 -0.0818308 7001.12 0.999624
261500000 41717 -0.161132 7001.13 0.999618
261600000 41717 -0.0443716 7001.11 0.999614
261700000 41717 -0.0142793 7001.1 0.999646
261800000 41717 -0.016661 7001.1 0.999616
261900000 41717 -0.0229869 7001.11 0.999616
262000000 41717 2.25661 7000.72 0.999846
262100000 41717 0.1002 7001.08 0.999647
262200000 41717 -0.074973 7001.11 0.99962
262300000 41717 -0.0201576 7001.11 0.999658
262400000 41717 -0.0271368 7001.11 0.999616
262500000 41717 -0.0642254 7001.11 0.999615
262600000 41717 -0.123391 7001.12 0.999623
262700000 41717 -0.0930327 7001.12 0.999614
262800000 41717 -0.0705952 7001.11 0.999619
262900000 41717 0.167213 7001.07 0.999656
263000000 41717 3.21005 7000.56 0.999923
263100000 41717 -0.023942 7001.11 0.999616
263200000 41717 -0.0422837 7001.11 0.999614
263300000 41717 0.0568724 7001.09 0.999642
263400000 41717 -0.0381969 7001.11 0.999646
263500000 41717 -0.0897677 7001.12 0.999626
263600000 41717 -0.0655592 7001.11 0.999615
263700000 41717 -0.10457 7001.12 0.999617
263800000 41717 -0.0635969 7001.11 0.999634
263900000 41717 5.16235 7000.24 1.00004
264000000 41717 -0.0537963 7001.11 0.999614
264100000 41717 -0.044665 7001.11 0.999615
264200000 41717 -0.080397 7001.12 0.999614
264300000 41717 -0.0586432 7001.11 0.999622
264400000 41717 -0.085347 7001.12 0.999631
264500000 41717 -0.108581 7001.12 0.999612
264600000 41717 -0.111352 7001.12 0.999625
264700000 41717 1.87303 7000.79 0.999821
264800000 41717 -0.0149574 7001.1 0.999616
264900000 41717 -0.0272937 7001.11 0.999616
265000000 41717 -0.0357557 7001.11 0.999615
265100000 41717 0.669073 7000.99 0.999715
265200000 41717 -0.0302467 7001.11 0.99963
265300000 41717 2.54182 7000.68 0.999905
265400000 41717 -0.0625994 7001.11 0.999614
265500000 41717 0.105493 7001.08 0.999651
265600000 41717 -0.149375 7001.13 0.999622
265700000 41717 0.687071 7000.99 0.99971
265800000 41717 -0.056823 7001.11 0.999615
265900000 41717 -0.16085 7001.13 0.999614
266000000 41717 1.08824 7000.92 0.99977
266100000 41717 -0.0702038 7001.11 0.999616
266200000 41717 -0.033778 7001.11 0.999615
266300000 41717 -0.058776 7001.11 0.999614
266400000 41717 2.21562 7000.73 0.999857
266500000 41717 -0.0645937 7001.11 0.999616
266600000 41717 -0.0971969 7001.12 0.999615
266700000 41717 -0.0196276 7001.1 0.999616
266800000 41717 -0.100563 7001.12 0.999614
266900000 41717 -0.132776 7001.12 0.999614
267000000 41717 -0.0185008 7001.1 0.999616
267100000 41717 -0.0967337 7001.12 0.999617
267200000 41717 -0.112945 7001.12 0.999615
267300000 41717 -0.0800605 7001.12 0.999614
267400000 41717 0.662076 7000.99 0.99971
267500000 41717 -0.0602684 7001.11 0.999675
267600000 41717 2.87095 7000.62 0.999897
267700000 41717 -0.076855 7001.11 0.999613
267800000 41717 -0.11233 7001.12 0.999614
267900000 41717 -0.216152 7001.14 0.999628
268000000 41717 -0.0862928 7001.12 0.999614
268100000 41717 -0.0684466 7001.11 0.999625
268200000 41717 -0.113666 7001.12 0.999613
268300000 41717 -0.0357751 7001.11 0.999615
268400000 41717 -0.229549 7001.14 0.999618
268500000 41717 -0.0114474 7001.1 0.999617
268600000 41717 -0.0957177 7001.12 0.999614
268700000 41717 -0.115965 7001.12 0.999612
268800000 41717 0.529628 7001.01 0.999728
268900000 41717 -0.0192594 7001.1 0.999616
269000000 41717 -0.0299946 7001.11 0.999615
269100000 41717 -0.0318216 7001.11 0.999616
269200000 41717 -0.0285929 7001.11 0.999616
269300000 41717 -0.0324803 7001.11 0.999615
269400000 41717 -0.0966768 7001.12 0.999614
269500000 41717 -0.109136 7001.12 0.999616
269600000 41717 -0.165468 7001.13 0.999629
269700000 41717 -0.00421331 7001.1 0.999617
269800000 41717 -0.115969 7001.12 0.999623
269900000 41717 -0.0815228 7001.12 0.999613
270000000 41717 -0.113655 7001.12 0.999636
270100000 41717 0.0600176 7001.09 0.999647
270200000 41717 -0.152135 7001.13 0.999615
270300000 41717 -0.0130464 7001.1 0.999617
270400000 41717 -0.0909688 7001.12 0.999626
270500000 41717 0.598365 7001 0.99971
270600000 41717 -0.0734936 7001.11 0.999613
270700000 41717 -0.0161605 7001.1 0.999616
270800000 41717 2.29443 7000.72 0.999879
270900000 41717 0.00472671 7001.1 0.999638
271000000 41717 -0.0266962 7001.11 0.999616
271100000 41717 -0.112251 7001.12 0.99962
271200000 41717 -0.0473857 7001.11 0.999615
271300000 41717 -0.112123 7001.12 0.999616
271400000 41717 -0.037625 7001.11 0.999615
271500000 41717 -0.0313515 7001.11 0.999615
271600000 41717 -0.0613581 7001.11 0.999615
271700000 41717 0.106946 7001.08 0.99965
271800000 41717 -0.0495439 7001.11 0.999615
271900000 41717 -0.0378017 7001.11 0.999615
272000000 41717 0.00327349 7001.1 0.999643
272100000 41717 0.0665903 7001.09 0.999651
272200000 41717 2.11342 7000.75 0.999829
272300000 41717 -0.0532773 7001.11 0.999615
272400000 41717 -0.011823 7001.1 0.999617
272500000 41717 0.207941 7001.07 0.99966
272600000 41717 -0.024825 7001.11 0.999659
272700000 41717 -0.167271 7001.13 0.999623
272800000 41717 0.0437495 7001.09 0.999654
272900000 41717 -0.00397623 7001.1 0.999617
273000000 41717 -0.0368355 7001.11 0.999615
273100000 41717 -0.0881742 7001.12 0.999625
273200000 41717 4.89835 7000.28 1.00002
273300000 41717 -0.0286344 7001.11 0.999634
273400000 41717 -0.0573476 7001.11 0.999614
273500000 41717 2.41668 7000.7 0.999851
273600000 41717 -0.0416688 7001.11 0.999616
273700000 41717 -0.0661904 7001.11 0.999619
273800000 41717 -0.0952216 7001.12 0.999613
273900000 41717 -0.00910963 7001.1 0.999617
274000000 41717 -0.179893 7001.13 0.999616
274100000 41717 0.52419 7001.01 0.999696
274200000 41717 -0.0982823 7001.12 0.999617
274300000 41717 0.299607 7001.05 0.999673
274400000 41717 -0.280602 7001.15 0.99962
274500000 41717 0.268196 7001.06 0.999667
274600000 41717 4.95678 7000.27 1.00002
274700000 41717 -0.050343 7001.11 0.999631
274800000 41717 -0.00768762 7001.1 0.999617
274900000 41717 -0.0223626 7001.11 0.999616
275000000 41717 -0.0107979 7001.1 0.999617
275100000 41717 -0.0053703 7001.1 0.999617
275200000 41717 -0.0208983 7001.11 0.999616
275300000 41717 0.0510874 7001.09 0.999642
275400000 41717 -0.130977 7001.12 0.999629
275500000 41717 1.66168 7000.82 0.999793
275600000 41717 -0.196832 7001.13 0.999612
275700000 41717 -0.0357354 7001.11 0.999616
275800000 41717 0.580026 7001 0.99971
275900000 41717 -0.2366 7001.14 0.999611
276000000 41717 -0.149713 7001.13 0.999616
276100000 41717 -0.0803904 7001.12 0.999667
276200000 41717 -0.0303774 7001.11 0.999628
276300000 41717 0.275987 7001.06 0.999669
276400000 41717 -0.0152045 7001.1 0.999616
276500000 41717 -0.0238053 7001.11 0.999616
276600000 41717 -0.0974585 7001.12 0.999616
276700000 41717 -0.114931 7001.12 0.999611
276800000 41717 0.0935014 7001.09 0.999653
276900000 41717 -0.0734034 7001.11 0.999614
277000000 41717 -0.00787576 7001.1 0.999617
277100000 41717 0.772252 7000.97 0.999744
277200000 41717 0.331513 7001.05 0.999675
277300000 41717 -0.134245 7001.12 0.99962
277400000 41717 -0.0721794 7001.11 0.999615
277500000 41717 -0.0788442 7001.11 0.999613
277600000 41717 -0.102697 7001.12 0.999612
277700000 41717 0.742596 7000.98 0.999722
277800000 41717 -0.215372 7001.14 0.99962
277900000 41717 -0.00494501 7001.1 0.999648
278000000 41717 -0.0182679 7001.1 0.999648
278100000 41717 -0.0259665 7001.11 0.999615
278200000 41717 -0.0266736 7001.11 0.999616
278300000 41717 0.0104682 7001.1 0.999637
278400000 41717 -0.0742059 7001.11 0.999614
278500000 41717 -0.100154 7001.12 0.999615
278600000 41717 1.59594 7000.83 0.999796
278700000 41717 -0.00978009 7001.1 0.999617
278800000 41717 -0.136497 7001.12 0.999621
278900000 41717 4.94994 7000.27 1.00007
279000000 41717 0.0574924 7001.09 0.999651
279100000 41717 -0.0579459 7001.11 0.99963
279200000 41717 2.41007 7000.7 0.999922
279300000 41717 -0.0476578 7001.11 0.999614
279400000 41717 0.21108 7001.07 0.999662
279500000 41717 4.38642 7000.37 1
279600000 41717 -0.139138 7001.12 0.999614
279700000 41717 -0.0597395 7001.11 0.99962
279800000 41717 2.17725 7000.74 0.999838
279900000 41717 0.0690601 7001.09 0.999644
280000000 41717 -0.106943 7001.12 0.999611
280100000 41717 0.130086 7001.08 0.99966
280200000 41717 -0.0849892 7001.12 0.999615
280300000 41717 -0.0731603 7001.11 0.999613
280400000 41717 -0.157721 7001.13 0.999611
280500000 41717 -0.131267 7001.12 0.999614
280600000 41717 -0.0769614 7001.11 0.999615
280700000 41717 0.04038 7001.09 0.999655
280800000 41717 -0.0658286 7001.11 0.999623
280900000 41717 -0.194271 7001.13 0.999615
281000000 41717 0.138916 7001.08 0.999675
281100000 41717 -0.0322472 7001.11 0.999615
281200000 41717 2.36315 7000.7 0.999898
281300000 41717 -0.0640083 7001.11 0.999626
281400000 41717 -0.06802 7001.11 0.999617
281500000 41717 -0.0718423 7001.11 0.999617
281600000 41717 -0.0582718 7001.11 0.999625
281700000 41717 0.0385253 7001.1 0.999651
281800000 41717 -0.0277364 7001.11 0.999616
281900000 41717 -0.092825 7001.12 0.999614
282000000 41717 -0.0270313 7001.11 0.999615
282100000 41717 -0.127397 7001.12 0.999612
282200000 41717 -0.146524 7001.13 0.999614
282300000 41717 -0.130711 7001.12 0.999615
282400000 41717 -0.102884 7001.12 0.999669
282500000 41717 -0.114631 7001.12 0.999621
282600000 41717 -0.0778976 7001.11 0.999613
282700000 41717 3.39291 7000.53 0.999942
282800000 41717 -0.0853595 7001.12 0.999613
282900000 41717 -0.118431 7001.12 0.999612
283000000 41717 -0.0917427 7001.12 0.999612
283100000 41717 -0.147519 7001.13 0.999619
283200000 41717 -0.0633977 7001.11 0.999616
283300000 41717 -0.205737 7001.14 0.999618
283400000 41717 0.389329 7001.04 0.999685
283500000 41717 -0.0784082 7001.11 0.999613
283600000 41717 4.59369 7000.33 1
283700000 41717 -0.120394 7001.12 0.999629
283800000 41717 -0.0707672 7001.11 0.999618
283900000 41717 -0.0253885 7001.11 0.999616
284000000 41717 1.10638 7000.92 0.999751
284100000 41717 -0.10728 7001.12 0.999614
284200000 41717 0.120112 7001.08 0.999652
284300000 41717 -0.0100525 7001.1 0.999617
284400000 41717 -0.12999 7001.12 0.999614
284500000 41717 0.331049 7001.05 0.999686
284600000 41717 -0.0754325 7001.11 0.999615
284700000 41717 -0.129818 7001.12 0.999615
284800000 41717 1.01653 7000.93 0.999768
284900000 41717 -0.10892 7001.12 0.999614
285000000 41717 1.3847 7000.87 0.999772
285100000 41717 0.0355674 7001.1 0.999658
285200000 41717 1.42135 7000.86 0.999794
285300000 41717 -0.0189763 7001.1 0.999616
285400000 41717 -0.162718 7001.13 0.999625
285500000 41717 -0.0635784 7001.11 0.999613
285600000 41717 -0.0893336 7001.12 0.999636
285700000 41717 -0.0246223 7001.11 0.999616
285800000 41717 -0.0141864 7001.1 0.999616
285900000 41717 0.0016944 7001.1 0.999633
286000000 41717 0.0442595 7001.09 0.999641
286100000 41717 -0.0527864 7001.11 0.999615
286200000 41717 -0.0641212 7001.11 0.999614
286300000 41717 0.559134 7001.01 0.999701
286400000 41717 0.891476 7000.95 0.999734
286500000 41717 -0.118775 7001.12 0.999615
286600000 41717 0.189626 7001.07 0.999658
286700000 41717 -0.0696946 7001.11 0.99962
286800000 41717 -0.0731834 7001.11 0.999613
286900000 41717 -0.0550503 7001.11 0.999617
287000000 41717 0.148349 7001.08 0.999654
287100000 41717 -0.0189981 7001.1 0.999647
287200000 41717 -0.0826053 7001.12 0.999615
287300000 41717 -0.0540318 7001.11 0.999615
287400000 41717 1.68159 7000.82 0.999794
287500000 41717 -0.115403 7001.12 0.999616
287600000 41717 -0.00703655 7001.1 0.999617
287700000 41717 -0.0433001 7001.11 0.999615
287800000 41717 2.49494 7000.68 0.999856
287900000 41717 -0.136117 7001.12 0.999615
288000000 41717 -0.0652981 7001.11 0.999614
288100000 41717 -0.0319083 7001.11 0.999615
288200000 41717 -0.105602 7001.12 0.999614
288300000 41717 -0.0573324 7001.11 0.999621
288400000 41717 -0.0335073 7001.11 0.999632
288500000 41717 0.17091 7001.07 0.999658
288600000 41717 -0.0576719 7001.11 0.999621
288700000 41717 -0.00514725 7001.1 0.999617
288800000 41717 -0.119142 7001.12 0.999616
288900000 41717 -0.0460914 7001.11 0.999614
289000000 41717 -0.149258 7001.13 0.999632
289100000 41717 -0.00923053 7001.1 0.999617
289200000 41717 -0.128008 7001.12 0.999613
289300000 41717 -0.109782 7001.12 0.999612
289400000 41717 0.142072 7001.08 0.99967
289500000 41717 0.16229 7001.07 0.999666
289600000 41717 -0.1306 7001.12 0.999625
289700000 41717 -0.139431 7001.13 0.999621
289800000 41717 -0.191939 7001.13 0.999623
289900000 41717 -0.0180188 7001.1 0.999616
290000000 41717 0.149255 7001.08 0.999656
290100000 41717 -0.0480319 7001.11 0.999615
290200000 41717 -0.180652 7001.13 0.999615
290300000 41717 -0.0257428 7001.11 0.999615
290400000 41717 -0.112631 7001.12 0.999616
290500000 41717 -0.135305 7001.12 0.999616
290600000 41717 1.90793 7000.78 0.999829
290700000 41717 -0.117365 7001.12 0.999614
290800000 41717 -0.0599972 7001.11 0.999614
290900000 41717 -0.110523 7001.12 0.999622
291000000 41717 -0.0185899 7001.1 0.999616
291100000 41717 -0.176719 7001.13 0.999616
291200000 41717 0.683578 7000.99 0.999711
291300000 41717 -0.0163596 7001.1 0.999616
291400000 41717 -0.0608312 7001.11 0.999618
291500000 41717 0.00220108 7001.1 0.999647
291600000 41717 0.134483 7001.08 0.999652
291700000 41717 1.78173 7000.8 0.999802
291800000 41717 -0.144181 7001.13 0.999611
291900000 41717 -0.0661479 7001.11 0.999624
292000000 41717 0.415545 7001.03 0.999687
292100000 41717 -0.0364294 7001.11 0.999615
292200000 41717 0.136901 7001.08 0.999655
292300000 41717 -0.0294389 7001.11 0.999628
292400000 41717 -0.124533 7001.12 0.999614
292500000 41717 -0.139126 7001.12 0.999614
292600000 41717 -0.10248 7001.12 0.999624
292700000 41717 -0.119694 7001.12 0.999614
292800000 41717 -0.0139657 7001.1 0.999616
292900000 41717 -0.0465216 7001.11 0.999614
293000000 41717 -0.082314 7001.12 0.999615
293100000 41717 0.425938 7001.03 0.99971
293200000 41717 0.0713396 7001.09 0.999644
293300000 41717 0.753579 7000.98 0.999728
293400000 41717 -0.195958 7001.13 0.99962
293500000 41717 -0.143176 7001.13 0.999617
293600000 41717 -0.157167 7001.13 0.999616
293700000 41717 3.36593 7000.54 0.999929
293800000 41717 0.363292 7001.04 0.999677
293900000 41717 4.59652 7000.33 1
294000000 41717 -0.094135 7001.12 0.999619
294100000 41717 -0.039229 7001.11 0.999615
294200000 41717 0.342564 7001.04 0.999676
294300000 41717 -0.0107352 7001.1 0.999617
294400000 41717 4.40165 7000.36 0.999987
294500000 41717 -0.096061 7001.12 0.999616
294600000 41717 -0.0581711 7001.11 0.999615
294700000 41717 -0.0321084 7001.11 0.999615
294800000 41717 -0.135673 7001.12 0.999635
294900000 41717 1.92919 7000.78 0.999817
295000000 41717 1.46452 7000.86 0.999784
295100000 41717 -0.253357 7001.14 0.999609
295200000 41717 1.98779 7000.77 0.999852
295300000 41717 0.50105 7001.02 0.999717
295400000 41717 -0.00473807 7001.1 0.999636
295500000 41717 -0.0794133 7001.11 0.999614
295600000 41717 -0.168745 7001.13 0.999622
295700000 41717 -0.0793734 7001.11 0.999617
295800000 41717 1.25783 7000.89 0.99979
295900000 41717 -0.0443264 7001.11 0.999616
296000000 41717 -0.152265 7001.13 0.999612
296100000 41717 0.709854 7000.98 0.999725
296200000 41717 -0.11288 7001.12 0.999619
296300000 41717 -0.0857106 7001.12 0.999626
296400000 41717 -0.105886 7001.12 0.999617
296500000 41717 0.144601 7001.08 0.999678
296600000 41717 0.108538 7001.08 0.999667
296700000 41717 -0.154463 7001.13 0.999618
296800000 41717 -0.105899 7001.12 0.999615
296900000 41717 -0.0160565 7001.1 0.999616
297000000 41717 -0.0517087 7001.11 0.999614
297100000 41717 -0.142224 7001.13 0.999616
297200000 41717 -0.057848 7001.11 0.999614
297300000 41717 0.217493 7001.07 0.999662
297400000 41717 -0.057544 7001.11 0.999614
297500000 41717 -0.0411491 7001.11 0.999615
297600000 41717 -0.0950688 7001.12 0.99962
297700000 41717 0.367625 7001.04 0.999693
297800000 41717 -0.107351 7001.12 0.999612
297900000 41717 0.251931 7001.06 0.999683
298000000 41717 -0.0944467 7001.12 0.999614
298100000 41717 -0.0534558 7001.11 0.999614
298200000 41717 0.288201 7001.05 0.999679
298300000 41717 -0.155908 7001.13 0.999616
298400000 41717 1.28368 7000.89 0.999769
298500000 41717 -0.112582 7001.12 0.999617
298600000 41717 0.0439467 7001.09 0.999646
298700000 41717 -0.0386047 7001.11 0.999615
298800000 41717 -0.104772 7001.12 0.999611
298900000 41717 -0.0998881 7001.12 0.999616
299000000 41717 -0.0570336 7001.11 0.999614
299100000 41717 -0.00728921 7001.1 0.999617
299200000 41717 -0.139198 7001.12 0.999616
299300000 41717 -0.0549475 7001.11 0.999614
299400000 41717 -0.0132734 7001.1 0.999616
299500000 41717 -0.0523925 7001.11 0.999614
299600000 41717 -0.111992 7001.12 0.999615
299700000 41717 -0.128471 7001.12 0.999613
299800000 41717 -0.0466771 7001.11 0.999614
299900000 41717 -0.0229576 7001.11 0.999616
300000000 41717 -0.0283711 7001.11 0.999615
300100000 41717 -0.0678074 7001.11 0.999614
300200000 41717 -0.104688 7001.12 0.999614
300300000 41717 0.379972 7001.04 0.999702
300400000 41717 -0.118734 7001.12 0.99962
300500000 41717 -0.115838 7001.12 0.999612
300600000 41717 -0.0682121 7001.11 0.999615
300700000 41717 -0.125426 7001.12 0.999615
300800000 41717 -0.0684423 7001.11 0.999623
300900000 41717 1.04768 7000.93 0.999769
301000000 41717 -0.108698 7001.12 0.999617
301100000 41717 -0.0858801 7001.12 0.999613
301200000 41717 -0.00734207 7001.1 0.999617
301300000 41717 -0.0858998 7001.12 0.999615
301400000 41717 -0.0301758 7001.11 0.999616
301500000 41717 -0.130321 7001.12 0.999619
301600000 41717 -0.014953 7001.1 0.999616
301700000 41717 -0.087626 7001.12 0.999614
301800000 41717 -0.0422774 7001.11 0.999614
301900000 41717 -0.0846662 7001.12 0.999617
302000000 41717 -0.0672482 7001.11 0.999624
302100000 41717 -0.113314 7001.12 0.999632
302200000 41717 -0.152682 7001.13 0.999612
302300000 41717 0.011408 7001.1 0.999636
302400000 41717 -0.0742438 7001.11 0.999624
302500000 41717 -0.118683 7001.12 0.999613
302600000 41717 -0.0986309 7001.12 0.999612
302700000 41717 -0.0425666 7001.11 0.999636
302800000 41717 -0.0611399 7001.11 0.999629
302900000 41717 -0.0790571 7001.11 0.999647
303000000 41717 -0.193268 7001.13 0.999614
303100000 41717 -0.148301 7001.13 0.999629
303200000 41717 1.17546 7000.9 0.999756
303300000 41717 0.0743887 7001.09 0.99966
303400000 41717 -0.0931533 7001.12 0.999623
303500000 41717 -0.0623828 7001.11 0.999614
303600000 41717 -0.0897623 7001.12 0.999623
303700000 41717 -0.0641644 7001.11 0.999614
303800000 41717 -0.0323364 7001.11 0.999615
303900000 41717 0.271951 7001.06 0.999734
304000000 41717 -0.136373 7001.12 0.999618
304100000 41717 -0.0593819 7001.11 0.999661
304200000 41717 -0.0448043 7001.11 0.999615
304300000 41717 -0.107976 7001.12 0.999636
304400000 41717 -0.0223652 7001.11 0.999616
304500000 41717 0.579985 7001 0.999699
304600000 41717 4.07037 7000.42 0.999965
304700000 41717 -0.14193 7001.13 0.999638
304800000 41717 -0.0626419 7001.11 0.999621
304900000 41717 0.0970657 7001.09 0.999649
305000000 41717 -0.0275928 7001.11 0.999616
305100000 41717 -0.0906686 7001.12 0.999614
305200000 41717 -0.137319 7001.12 0.999624
305300000 41717 -0.110919 7001.12 0.999624
305400000 41717 -0.107707 7001.12 0.999619
305500000 41717 2.85056 7000.62 0.999888
305600000 41717 -0.125445 7001.12 0.999614
305700000 41717 -0.0292589 7001.11 0.999615
305800000 41717 -0.0632764 7001.11 0.999616
305900000 41717 -0.0389477 7001.11 0.999633
306000000 41717 -0.00639282 7001.1 0.999617
306100000 41717 -0.0053166 7001.1 0.999617
306200000 41717 -0.0223156 7001.11 0.999668
306300000 41717 -0.0959417 7001.12 0.999648
306400000 41717 -0.0770146 7001.11 0.999622
306500000 41717 0.1262 7001.08 0.999652
306600000 41717 0.408791 7001.03 0.999707
306700000 41717 0.619426 7001 0.999703
306800000 41717 2.79798 7000.63 0.999879
306900000 41717 2.18344 7000.74 0.999892
307000000 41717 -0.0312608 7001.11 0.999615
307100000 41717 -0.0122744 7001.1 0.999616
307200000 41717 -0.0257177 7001.11 0.999616
307300000 41717 -0.023824 7001.11 0.999616
307400000 41717 -0.0203589 7001.11 0.999634
307500000 41717 -0.00818906 7001.1 0.99965
307600000 41717 2.52913 7000.68 0.999861
307700000 41717 0.513697 7001.02 0.999714
307800000 41717 0.412153 7001.03 0.999689
307900000 41717 -0.0327193 7001.11 0.999616
308000000 41717 4.9289 7000.27 1.00009
308100000 41717 -0.0864938 7001.12 0.999621
308200000 41717 -0.0316006 7001.11 0.999616
308300000 41717 -0.0140732 7001.1 0.999616
308400000 41717 -0.055848 7001.11 0.999613
308500000 41717 0.19011 7001.07 0.999659
308600000 41717 -0.033027 7001.11 0.999615
308700000 41717 -0.0262896 7001.11 0.999616
308800000 41717 -0.0599459 7001.11 0.999622
308900000 41717 -0.0216334 7001.11 0.999616
309000000 41717 -0.0885788 7001.12 0.999614
309100000 41717 -0.0456783 7001.11 0.999632
309200000 41717 -0.0266024 7001.11 0.999638
309300000 41717 -0.0720238 7001.11 0.999614
309400000 41717 -0.144894 7001.13 0.999617
309500000 41717 -0.045944 7001.11 0.999615
309600000 41717 -0.015641 7001.1 0.999616
309700000 41717 -0.0548036 7001.11 0.999614
309800000 41717 2.06171 7000.76 0.999824
309900000 41717 1.25208 7000.89 0.99977
310000000 41717 -0.158635 7001.13 0.999653
310100000 41717 -0.0219103 7001.11 0.999616
310200000 41717 -0.102702 7001.12 0.999613
310300000 41717 0.5986 7001 0.999702
310400000 41717 -0.0727019 7001.11 0.999618
310500000 41717 2.73378 7000.64 0.999899
310600000 41717 0.0226363 7001.1 0.999636
310700000 41717 -0.0461029 7001.11 0.999615
310800000 41717 0.256964 7001.06 0.999676
310900000 41717 -0.0672771 7001.11 0.999614
311000000 41717 -0.0759955 7001.11 0.999619
311100000 41717 -0.079857 7001.12 0.999631
311200000 41717 -0.106535 7001.12 0.999626
311300000 41717 -0.227274 7001.14 0.999616
311400000 41717 0.503133 7001.02 0.999701
311500000 41717 -0.0947984 7001.12 0.999614
311600000 41717 0.193806 7001.07 0.99966
311700000 41717 -0.0112333 7001.1 0.999617
311800000 41717 -0.14158 7001.13 0.999617
311900000 41717 -0.0864359 7001.12 0.99963
312000000 41717 1.35616 7000.87 0.999785
312100000 41717 -0.049184 7001.11 0.999614
312200000 41717 -0.0650244 7001.11 0.999618
312300000 41717 -0.0485605 7001.11 0.999626
312400000 41717 -0.0985389 7001.12 0.999614
312500000 41717 0.194578 7001.07 0.999666
312600000 41717 -0.0392242 7001.11 0.999615
312700000 41717 -0.0731941 7001.11 0.999617
312800000 41717 -0.00229234 7001.1 0.999617
312900000 41717 -0.126056 7001.12 0.999621
313000000 41717 -0.133346 7001.12 0.999614
313100000 41717 -0.0974887 7001.12 0.999614
313200000 41717 -0.0901654 7001.12 0.999614
313300000 41717 -0.0333512 7001.11 0.999615
313400000 41717 -0.039948 7001.11 0.999615
313500000 41717 0.483217 7001.02 0.999715
313600000 41717 0.0499172 7001.09 0.999645
313700000 41717 -0.101176 7001.12 0.99964
313800000 41717 -0.0738696 7001.11 0.999614
313900000 41717 0.34337 7001.04 0.999679
314000000 41717 -0.110827 7001.12 0.999622
314100000 41717 5.03187 7000.26 1.00005
314200000 41717 0.974321 7000.94 0.99974
314300000 41717 -0.0987215 7001.12 0.999614
314400000 41717 -0.0291259 7001.11 0.999616
314500000 41717 -0.1287 7001.12 0.999613
314600000 41717 0.28745 7001.05 0.999673
314700000 41717 -0.115641 7001.12 0.999614
314800000 41717 -0.0853961 7001.12 0.999612
314900000 41717 -0.0301337 7001.11 0.999616
315000000 41717 -0.104734 7001.12 0.999623
315100000 41717 -0.0923406 7001.12 0.999619
315200000 41717 0.29161 7001.05 0.999674
315300000 41717 0.706554 7000.98 0.999726
315400000 41717 -0.0549773 7001.11 0.999616
315500000 41717 9.7498 6999.47 1.00038
315600000 41717 -0.0617902 7001.11 0.999614
315700000 41717 -0.134354 7001.12 0.999614
315800000 41717 3.14345 7000.57 0.99992
315900000 41717 -0.0504153 7001.11 0.999614
316000000 41717 -0.0118471 7001.1 0.999617
316100000 41717 -0.149693 7001.13 0.999613
316200000 41717 -0.0960971 7001.12 0.999631
316300000 41717 0.130178 7001.08 0.999652
316400000 41717 1.80879 7000.8 0.999848
316500000 41717 0.440646 7001.03 0.999692
316600000 41717 -0.015558 7001.1 0.999638
316700000 41717 -0.0952261 7001.12 0.999627
316800000 41717 -0.0322951 7001.11 0.999639
316900000 41717 3.86503 7000.45 0.999958
317000000 41717 -0.0709596 7001.11 0.999614
317100000 41717 1.17977 7000.9 0.999768
317200000 41717 -0.102247 7001.12 0.999614
317300000 41717 0.0873587 7001.09 0.999647
317400000 41717 0.360496 7001.04 0.999681
317500000 41717 0.289459 7001.05 0.999689
317600000 41717 0.0332764 7001.1 0.999654
317700000 41717 -0.103114 7001.12 0.999632
317800000 41717 -0.0817912 7001.12 0.999617
317900000 41717 -0.0670255 7001.11 0.999614
318000000 41717 -0.107893 7001.12 0.99962
318100000 41717 -0.118718 7001.12 0.999631
318200000 41717 -0.129643 7001.12 0.999619
318300000 41717 -0.0677445 7001.11 0.999619
318400000 41717 -0.0331317 7001.11 0.999632
318500000 41717 -0.0252232 7001.11 0.999616
318600000 41717 -0.110807 7001.12 0.999618
318700000 41717 -0.116491 7001.12 0.999613
318800000 41717 -0.0590288 7001.11 0.999617
318900000 41717 -0.0832942 7001.12 0.999612
319000000 41717 -0.0417783 7001.11 0.999615
319100000 41717 4.52917 7000.34 1.00005
319200000 41717 0.111165 7001.08 0.999649
319300000 41717 0.219281 7001.06 0.999664
319400000 41717 -0.0806911 7001.12 0.999619
319500000 41717 -0.284605 7001.15 0.999628
319600000 41717 -0.0866396 7001.12 0.999614
319700000 41717 0.42313 7001.03 0.999685
319800000 41717 -0.152427 7001.13 0.999623
319900000 41717 0.430806 7001.03 0.9997
320000000 41717 -0.151455 7001.13 0.999613
320100000 41717 -0.0822913 7001.12 0.999639
320200000 41717 -0.0617469 7001.11 0.999613
320300000 41717 -0.0917353 7001.12 0.999615
320400000 41717 -0.0805511 7001.12 0.999616
320500000 41717 11.1218 6999.24 1.00042
320600000 41717 0.064298 7001.09 0.999652
320700000 41717 -0.0171325 7001.1 0.999616
320800000 41717 1.35838 7000.87 0.999779
320900000 41717 -0.0173135 7001.1 0.999616
321000000 41717 3.67295 7000.49 0.999939
321100000 41717 -0.0978596 7001.12 0.999618
321200000 41717 0.0377352 7001.1 0.999641
321300000 41717 -0.0957262 7001.12 0.999616
321400000 41717 1.8483 7000.79 0.999807
321500000 41717 -0.00647341 7001.1 0.999617
321600000 41717 6.86381 6999.95 1.00014
321700000 41717 -0.0525893 7001.11 0.999615
321800000 41717 -0.0312174 7001.11 0.999615
321900000 41717 -0.07047 7001.11 0.999623
322000000 41717 -0.0575534 7001.11 0.999625
322100000 41717 0.56618 7001.01 0.999705
322200000 41717 0.0725919 7001.09 0.999647
322300000 41717 1.29954 7000.88 0.999775
322400000 41717 0.191124 7001.07 0.999679
322500000 41717 -0.09897 7001.12 0.999611
322600000 41717 2.2565 7000.72 0.999872
322700000 41717 0.86312 7000.96 0.999725
322800000 41717 1.28101 7000.89 0.999763
322900000 41717 -0.0675068 7001.11 0.999616
323000000 41717 -0.0987917 7001.12 0.999613
323100000 41717 -0.10879 7001.12 0.999631
323200000 41717 -0.10833 7001.12 0.999614
323300000 41717 -0.058615 7001.11 0.999616
323400000 41717 -0.112565 7001.12 0.999614
323500000 41717 -0.00745353 7001.1 0.999642
323600000 41717 -0.0111852 7001.1 0.999617
323700000 41717 -0.152122 7001.13 0.999613
323800000 41717 -0.0577353 7001.11 0.999614
323900000 41717 -0.143846 7001.13 0.999619
324000000 41717 -0.0140892 7001.1 0.999617
324100000 41717 3.92323 7000.44 0.999958
324200000 41717 -0.00964027 7001.1 0.999617
324300000 41717 -0.0750535 7001.11 0.99963
324400000 41717 1.27587 7000.89 0.999769
324500000 41717 -0.0672109 7001.11 0.99963
324600000 41717 -0.150188 7001.13 0.999618
324700000 41717 -0.157206 7001.13 0.999627
324800000 41717 -0.0323505 7001.11 0.999615
324900000 41717 -0.18947 7001.13 0.999621
325000000 41717 0.948494 7000.94 0.99977
325100000 41717 -0.0545221 7001.11 0.999614
325200000 41717 1.1701 7000.91 0.999754
325300000 41717 2.25139 7000.72 0.999854
325400000 41717 -0.180092 7001.13 0.999612
325500000 41717 -0.00161189 7001.1 0.999657
325600000 41717 0.278237 7001.05 0.999683
325700000 41717 5.56461 7000.17 1.00013
325800000 41717 -0.0880198 7001.12 0.999619
325900000 41717 0.685195 7000.99 0.999715
326000000 41717 -0.176463 7001.13 0.999646
326100000 41717 -0.039969 7001.11 0.999615
326200000 41717 -0.140589 7001.13 0.999635
326300000 41717 0.132483 7001.08 0.999665
326400000 41717 -0.00634686 7001.1 0.999617
326500000 41717 2.59332 7000.67 0.999932
326600000 41717 -0.0332505 7001.11 0.999615
326700000 41717 -0.068816 7001.11 0.999617
326800000 41717 -0.0732061 7001.11 0.999613
326900000 41717 0.216369 7001.07 0.999673
327000000 41717 -0.134408 7001.12 0.999618
327100000 41717 -0.0504014 7001.11 0.999615
327200000 41717 -0.117942 7001.12 0.999616
327300000 41717 -0.0954643 7001.12 0.999614
327400000 41717 -0.0779079 7001.11 0.999614
327500000 41717 -0.108172 7001.12 0.999616
327600000 41717 -0.0963118 7001.12 0.999616
327700000 41717 -0.0189997 7001.1 0.999616
327800000 41717 -0.195016 7001.13 0.999617
327900000 41717 0.992737 7000.94 0.999737
328000000 41717 1.49767 7000.85 0.999782
328100000 41717 -0.127251 7001.12 0.999626
328200000 41717 -0.0984367 7001.12 0.999616
328300000 41717 -0.115266 7001.12 0.999614
328400000 41717 -0.0706235 7001.11 0.999614
328500000 41717 0.394075 7001.04 0.999686
328600000 41717 -0.0864519 7001.12 0.999614
328700000 41717 -0.0523096 7001.11 0.999615
328800000 41717 -0.103763 7001.12 0.999613
328900000 41717 0.750135 7000.98 0.99972
329000000 41717 -0.0935766 7001.12 0.999613
329100000 41717 -0.0482278 7001.11 0.999614
329200000 41717 -0.0666844 7001.11 0.999614
329300000 41717 -0.0333315 7001.11 0.999616
329400000 41717 -0.0795581 7001.11 0.999619
329500000 41717 -0.129392 7001.12 0.99964
329600000 41717 0.43405 7001.03 0.999691
329700000 41717 -0.0286205 7001.11 0.999616
329800000 41717 -0.0998112 7001.12 0.999613
329900000 41717 -0.0552149 7001.11 0.999615
330000000 41717 -0.00424678 7001.1 0.999617
330100000 41717 0.534205 7001.01 0.999701
330200000 41717 0.415744 7001.03 0.999715
330300000 41717 -0.0783314 7001.11 0.999614
330400000 41717 0.56538 7001.01 0.999698
330500000 41717 -0.123991 7001.12 0.999612
330600000 41717 0.967751 7000.94 0.999736
330700000 41717 2.10135 7000.75 0.999859
330800000 41717 -0.00625455 7001.1 0.999617
330900000 41717 1.08716 7000.92 0.999747
331000000 41717 1.12428 7000.91 0.999752
331100000 41717 -0.0213827 7001.11 0.999616
331200000 41717 -0.129456 7001.12 0.999624
331300000 41717 -0.0708725 7001.11 0.999613
331400000 41717 -0.019132 7001.1 0.999637
331500000 41717 0.410854 7001.03 0.999702
331600000 41717 -0.0945586 7001.12 0.999615
331700000 41717 0.372097 7001.04 0.999723
331800000 41717 -0.0718077 7001.11 0.999619
331900000 41717 -0.0823157 7001.12 0.999617
332000000 41717 -0.048729 7001.11 0.999615
332100000 41717 0.281759 7001.05 0.999669
332200000 41717 1.83927 7000.79 0.999809
332300000 41717 -0.00871268 7001.1 0.999617
332400000 41717 0.86378 7000.96 0.999757
332500000 41717 -0.115979 7001.12 0.999613
332600000 41717 -0.110947 7001.12 0.999615
332700000 41717 0.102015 7001.08 0.999672
332800000 41717 -0.11489 7001.12 0.999627
332900000 41717 1.7502 7000.81 0.999806
333000000 41717 -0.0707536 7001.11 0.99962
333100000 41717 -0.109696 7001.12 0.999613
333200000 41717 -0.0874191 7001.12 0.999614
333300000 41717 0.346597 7001.04 0.999712
333400000 41717 0.0691132 7001.09 0.999662
333500000 41717 1.2053 7000.9 0.999781
333600000 41717 -0.0862194 7001.12 0.999613
333700000 41717 -0.154646 7001.13 0.999625
333800000 41717 0.0136083 7001.1 0.99965
333900000 41717 -0.065606 7001.11 0.999621
334000000 41717 -0.117344 7001.12 0.999612
334100000 41717 -0.170526 7001.13 0.999611
334200000 41717 -0.10825 7001.12 0.999614
334300000 41717 -0.110665 7001.12 0.999617
334400000 41717 -0.119286 7001.12 0.999614
334500000 41717 0.468901 7001.02 0.999702
334600000 41717 -0.0654595 7001.11 0.999619
334700000 41717 -0.126173 7001.12 0.999634
334800000 41717 -0.105625 7001.12 0.999613
334900000 41717 -0.0148016 7001.1 0.999616
335000000 41717 -0.0463645 7001.11 0.999615
335100000 41717 -0.00847874 7001.1 0.999617
335200000 41717 -0.0638426 7001.11 0.999616
335300000 41717 -0.0769098 7001.11 0.999614
335400000 41717 -0.109351 7001.12 0.999614
335500000 41717 -0.218157 7001.14 0.999617
335600000 41717 1.36176 7000.87 0.999809
335700000 41717 0.680753 7000.99 0.99971
335800000 41717 -0.120394 7001.12 0.999615
335900000 41717 -0.0683405 7001.11 0.999614
336000000 41717 -0.0751152 7001.11 0.999614
336100000 41717 -0.113245 7001.12 0.999622
336200000 41717 -0.0908558 7001.12 0.999615
336300000 41717 -0.0718075 7001.11 0.999627
336400000 41717 -0.143112 7001.13 0.999618
336500000 41717 0.113174 7001.08 0.999661
336600000 41717 0.840384 7000.96 0.999726
336700000 41717 0.217425 7001.07 0.999663
336800000 41717 -0.182148 7001.13 0.999616
336900000 41717 -0.0452336 7001.11 0.999628
337000000 41717 -0.178727 7001.13 0.999629
337100000 41717 -0.0771429 7001.11 0.999624
337200000 41717 0.195776 7001.07 0.999662
337300000 41717 -0.0405392 7001.11 0.999614
337400000 41717 -0.00929071 7001.1 0.999617
337500000 41717 -0.0372038 7001.11 0.999629
337600000 41717 -0.0414566 7001.11 0.999615
337700000 41717 -0.0683379 7001.11 0.999616
337800000 41717 -0.0078114 7001.1 0.999672
337900000 41717 -0.126722 7001.12 0.999614
338000000 41717 -0.141051 7001.13 0.999615
338100000 41717 0.448107 7001.03 0.999686
338200000 41717 -0.0379471 7001.11 0.999615
338300000 41717 -0.0307391 7001.11 0.999615
338400000 41717 0.741372 7000.98 0.999727
338500000 41717 -0.0292915 7001.11 0.999615
338600000 41717 -0.0611033 7001.11 0.999633
338700000 41717 -0.162187 7001.13 0.999618
338800000 41717 -0.0600412 7001.11 0.999615
338900000 41717 -0.00525277 7001.1 0.999617
339000000 41717 -0.0177215 7001.1 0.999616
339100000 41717 -0.0589821 7001.11 0.999616
339200000 41717 -0.00202479 7001.1 0.999655
339300000 41717 -0.0660031 7001.11 0.999626
339400000 41717 -0.183866 7001.13 0.999621
339500000 41717 -0.0540048 7001.11 0.999615
339600000 41717 5.27842 7000.22 1.00004
339700000 41717 -0.086711 7001.12 0.999617
339800000 41717 -0.133459 7001.12 0.999613
339900000 41717 -0.036224 7001.11 0.999615
340000000 41717 -0.109196 7001.12 0.999611
340100000 41717 -0.170631 7001.13 0.999622
340200000 41717 -0.0830101 7001.12 0.999624
340300000 41717 -0.0424918 7001.11 0.999614
340400000 41717 0.421792 7001.03 0.9997
340500000 41717 0.0368182 7001.1 0.999645
340600000 41717 0.754148 7000.98 0.999716
340700000 41717 -0.0343344 7001.11 0.999616
340800000 41717 0.0271068 7001.1 0.999639
340900000 41717 0.346839 7001.04 0.999676
341000000 41717 -0.0213151 7001.11 0.999616
341100000 41717 -0.0544061 7001.11 0.999622
341200000 41717 0.0444648 7001.09 0.999672
341300000 41717 -0.020373 7001.11 0.999616
341400000 41717 -0.154843 7001.13 0.999626
341500000 41717 -0.144516 7001.13 0.999639
341600000 41717 -0.0950222 7001.12 0.999631
341700000 41717 -0.0300676 7001.11 0.999615
341800000 41717 -0.033561 7001.11 0.999616
341900000 41717 -0.117031 7001.12 0.999615
342000000 41717 0.0318204 7001.1 0.999647
342100000 41717 -0.0283664 7001.11 0.999616
342200000 41717 0.0849891 7001.09 0.999656
342300000 41717 -0.0529642 7001.11 0.999615
342400000 41717 2.19355 7000.73 0.999887
342500000 41717 -0.0564827 7001.11 0.999628
342600000 41717 -0.0694276 7001.11 0.999625
342700000 41717 -0.0511284 7001.11 0.999616
342800000 41717 -0.0296784 7001.11 0.999615
342900000 41717 -0.0435944 7001.11 0.999626
343000000 41717 0.647217 7000.99 0.99972
343100000 41717 -0.153587 7001.13 0.999612
343200000 41717 -0.0325309 7001.11 0.999615
343300000 41717 -0.0201811 7001.11 0.999616
343400000 41717 -0.0206479 7001.11 0.999616
343500000 41717 -0.108138 7001.12 0.999616
343600000 41717 -0.160588 7001.13 0.999618
343700000 41717 0.025026 7001.1 0.999657
343800000 41717 -0.065261 7001.11 0.999616
343900000 41717 0.188436 7001.07 0.999661
344000000 41717 -0.0443128 7001.11 0.999614
344100000 41717 -0.0424665 7001.11 0.999615
344200000 41717 -0.00828019 7001.1 0.99964
344300000 41717 0.372434 7001.04 0.999679
344400000 41717 0.0775486 7001.09 0.999645
344500000 41717 -0.0922562 7001.12 0.999626
344600000 41717 -0.119144 7001.12 0.999613
344700000 41717 -0.0858041 7001.12 0.999614
344800000 41717 3.20985 7000.56 0.999907
344900000 41717 -0.0308118 7001.11 0.999615
345000000 41717 -0.0785448 7001.11 0.999614
345100000 41717 -0.0138962 7001.1 0.999616
345200000 41717 -0.0987131 7001.12 0.999612
345300000 41717 -0.0776354 7001.11 0.999636
345400000 41717 -0.00330947 7001.1 0.999617
345500000 41717 -0.055092 7001.11 0.999639
345600000 41717 -0.0546441 7001.11 0.999617
345700000 41717 -0.053671 7001.11 0.999614
345800000 41717 0.784102 7000.97 0.999718
345900000 41717 -0.0778576 7001.11 0.999646
346000000 41717 -0.0694398 7001.11 0.999615
346100000 41717 -0.0928812 7001.12 0.99962
346200000 41717 -0.0902301 7001.12 0.999622
346300000 41717 -0.0830351 7001.12 0.999613
346400000 41717 -0.0455628 7001.11 0.999616
346500000 41717 -0.0210385 7001.11 0.999616
346600000 41717 -0.0633617 7001.11 0.999623
346700000 41717 0.435513 7001.03 0.999693
346800000 41717 -0.0100751 7001.1 0.999617
346900000 41717 -0.0787999 7001.11 0.999614
347000000 41717 -0.0671322 7001.11 0.999614
347100000 41717 -0.0963325 7001.12 0.999629
347200000 41717 -0.0530114 7001.11 0.999614
347300000 41717 -0.0940828 7001.12 0.999622
347400000 41717 0.568447 7001.01 0.999699
347500000 41717 -0.077038 7001.11 0.999637
347600000 41717 -0.099788 7001.12 0.999615
347700000 41717 -0.0817161 7001.12 0.999632
347800000 41717 -0.0764322 7001.11 0.999616
347900000 41717 -0.0424104 7001.11 0.999615
348000000 41717 -0.0675292 7001.11 0.999614
348100000 41717 -0.104685 7001.12 0.999612
348200000 41717 0.6557 7000.99 0.999709
348300000 41717 -0.0812727 7001.12 0.999615
348400000 41717 0.220322 7001.06 0.999675
348500000 41717 -0.0967456 7001.12 0.99962
348600000 41717 -0.0529766 7001.11 0.999616
348700000 41717 -0.034676 7001.11 0.999615
348800000 41717 -0.0209927 7001.11 0.999616
348900000 41717 -0.0604381 7001.11 0.999644
349000000 41717 -0.213627 7001.14 0.999624
349100000 41717 0.0252391 7001.1 0.999638
349200000 41717 -0.150865 7001.13 0.999612
349300000 41717 2.44885 7000.69 0.999852
349400000 41717 -0.165196 7001.13 0.999617
349500000 41717 -0.100641 7001.12 0.999629
349600000 41717 0.0482933 7001.09 0.99964
349700000 41717 -0.0536237 7001.11 0.999614
349800000 41717 -0.0271101 7001.11 0.999616
349900000 41717 3.44961 7000.52 0.999955
350000000 41717 1.07566 7000.92 0.999749
350100000 41717 -0.112985 7001.12 0.999613
350200000 41717 -0.0278988 7001.11 0.999615
350300000 41717 -0.00769487 7001.1 0.999617
350400000 41717 -0.0632339 7001.11 0.999614
350500000 41717 -0.0185116 7001.1 0.999637
350600000 41717 -0.0729683 7001.11 0.999615
350700000 41717 -0.0403436 7001.11 0.999614
350800000 41717 -0.135203 7001.12 0.999613
350900000 41717 0.208826 7001.07 0.999664
351000000 41717 -0.0632582 7001.11 0.999613
351100000 41717 -0.00222646 7001.1 0.999617
351200000 41717 0.140837 7001.08 0.999666
351300000 41717 -0.109212 7001.12 0.999613
351400000 41717 -0.150197 7001.13 0.999621
351500000 41717 -0.0422379 7001.11 0.999625
351600000 41717 -0.0240651 7001.11 0.999616
351700000 41717 -0.102672 7001.12 0.999616
351800000 41717 0.171613 7001.07 0.999656
351900000 41717 -0.0329063 7001.11 0.999616
352000000 41717 -0.0317167 7001.11 0.999615
352100000 41717 -0.0727766 7001.11 0.999615
352200000 41717 0.751681 7000.98 0.999724
352300000 41717 -0.0330754 7001.11 0.999615
352400000 41717 -0.105122 7001.12 0.999613
352500000 41717 -0.0679357 7001.11 0.999613
352600000 41717 -0.09911 7001.12 0.999613
352700000 41717 -0.0911618 7001.12 0.999614
352800000 41717 0.059075 7001.09 0.999646
352900000 41717 -0.112647 7001.12 0.999621
353000000 41717 -0.0577509 7001.11 0.999614
353100000 41717 0.809752 7000.97 0.999721
353200000 41717 -0.215748 7001.14 0.999609
353300000 41717 -0.0623259 7001.11 0.999673
353400000 41717 3.54844 7000.51 0.999948
353500000 41717 -0.0129414 7001.1 0.999616
353600000 41717 -0.0180467 7001.1 0.999616
353700000 41717 -0.0375089 7001.11 0.999615
353800000 41717 -0.00822157 7001.1 0.999632
353900000 41717 -0.117993 7001.12 0.999624
354000000 41717 4.41555 7000.36 0.999988
354100000 41717 -0.0220103 7001.11 0.999616
354200000 41717 -0.11701 7001.12 0.999617
354300000 41717 -0.0590271 7001.11 0.999614
354400000 41717 -0.0414767 7001.11 0.999616
354500000 41717 1.79823 7000.8 0.999803
354600000 41717 2.24363 7000.73 0.999837
354700000 41717 -0.0372115 7001.11 0.999615
354800000 41717 -0.0171279 7001.1 0.999616
354900000 41717 -0.0887738 7001.12 0.999627
355000000 41717 2.47635 7000.69 0.999859
355100000 41717 -0.0322339 7001.11 0.999616
355200000 41717 0.408377 7001.03 0.999693
355300000 41717 -0.0227938 7001.11 0.999633
355400000 41717 -0.0601084 7001.11 0.999649
355500000 41717 -0.181712 7001.13 0.999651
355600000 41717 0.282703 7001.05 0.999671
355700000 41717 -0.130636 7001.12 0.99962
355800000 41717 -0.0560659 7001.11 0.999617
355900000 41717 -0.0418654 7001.11 0.999615
356000000 41717 -0.0670793 7001.11 0.999616
356100000 41717 -0.0215439 7001.11 0.999616
356200000 41717 -0.00574955 7001.1 0.999646
356300000 41717 -0.137833 7001.12 0.999625
356400000 41717 -0.041505 7001.11 0.999614
356500000 41717 0.413201 7001.03 0.999713
356600000 41717 0.23188 7001.06 0.999717
356700000 41717 -0.129843 7001.12 0.999612
356800000 41717 -0.114878 7001.12 0.999613
356900000 41717 -0.109054 7001.12 0.999617
357000000 41717 -0.0532882 7001.11 0.999617
357100000 41717 -0.0449977 7001.11 0.999614
357200000 41717 1.00032 7000.93 0.999742
357300000 41717 -0.0145793 7001.1 0.999616
357400000 41717 -0.113492 7001.12 0.999616
357500000 41717 -0.0929659 7001.12 0.999624
357600000 41717 3.99266 7000.43 0.999963
357700000 41717 -0.0774487 7001.11 0.999616
357800000 41717 -0.116115 7001.12 0.999615
357900000 41717 -0.0528545 7001.11 0.999615
358000000 41717 -0.0130001 7001.1 0.999616
358100000 41717 -0.118864 7001.12 0.999621
358200000 41717 -0.0145527 7001.1 0.999616
358300000 41717 3.60826 7000.5 0.999934
358400000 41717 -0.238839 7001.14 0.999644
358500000 41717 0.0067146 7001.1 0.999637
358600000 41717 -0.0313014 7001.11 0.999615
358700000 41717 -0.0941699 7001.12 0.999624
358800000 41717 -0.0863986 7001.12 0.999613
358900000 41717 -0.104544 7001.12 0.999625
359000000 41717 -0.0511451 7001.11 0.999615
359100000 41717 -0.0176051 7001.1 0.999616
359200000 41717 -0.0261353 7001.11 0.999616
359300000 41717 1.08345 7000.92 0.999745
359400000 41717 -0.105605 7001.12 0.999611
359500000 41717 -0.04613 7001.11 0.999615
359600000 41717 -0.0554725 7001.11 0.999643
359700000 41717 0.115754 7001.08 0.999664
359800000 41717 -0.124618 7001.12 0.999613
359900000 41717 0.241135 7001.06 0.999668
360000000 41717 -0.00872243 7001.1 0.999617
360100000 41717 0.227871 7001.06 0.999665
360200000 41717 -0.0755296 7001.11 0.999614
360300000 41717 0.0337892 7001.1 0.999645
360400000 41717 3.34704 7000.54 1.00001
360500000 41717 -0.128487 7001.12 0.999626
360600000 41717 -0.078266 7001.11 0.999612
360700000 41717 -0.0538406 7001.11 0.999614
360800000 41717 -0.0478846 7001.11 0.999624
360900000 41717 -0.0554237 7001.11 0.999614
361000000 41717 0.163081 7001.07 0.999664
361100000 41717 0.527912 7001.01 0.999703
361200000 41717 -0.0248097 7001.11 0.999644
361300000 41717 1.969 7000.77 0.999816
361400000 41717 -0.0967119 7001.12 0.999617
361500000 41717 0.0322504 7001.1 0.999672
361600000 41717 0.254773 7001.06 0.999668
361700000 41717 -0.0557906 7001.11 0.999616
361800000 41717 2.39463 7000.7 0.999849
361900000 41717 -0.117241 7001.12 0.999612
362000000 41717 -0.0123863 7001.1 0.999617
362100000 41717 0.00292362 7001.1 0.999635
362200000 41717 0.523955 7001.01 0.999704
362300000 41717 -0.1277 7001.12 0.999623
362400000 41717 -0.0465953 7001.11 0.999626
362500000 41717 -0.164876 7001.13 0.999619
362600000 41717 -0.100045 7001.12 0.999612
362700000 41717 -0.0387097 7001.11 0.999615
362800000 41717 0.198525 7001.07 0.99966
362900000 41717 1.65508 7000.82 0.999819
363000000 41717 -0.0913389 7001.12 0.999615
363100000 41717 -0.0239842 7001.11 0.999616
363200000 41717 -0.0872918 7001.12 0.999616
363300000 41717 0.372821 7001.04 0.99968
363400000 41717 -0.0375969 7001.11 0.999615
363500000 41717 -0.0768649 7001.11 0.999614
363600000 41717 -0.0372698 7001.11 0.999615
363700000 41717 11.7415 6999.13 1.00041
363800000 41717 0.610839 7001 0.999714
363900000 41717 -0.0569394 7001.11 0.999614
364000000 41717 -0.0707225 7001.11 0.999614
364100000 41717 -0.0448743 7001.11 0.999629
364200000 41717 1.02887 7000.93 0.99974
364300000 41717 -0.0255039 7001.11 0.999638
364400000 41717 -0.029167 7001.11 0.999615
364500000 41717 -0.0534312 7001.11 0.999614
364600000 41717 -0.0473028 7001.11 0.999626
364700000 41717 0.596219 7001 0.999704
364800000 41717 -0.149979 7001.13 0.999621
364900000 41717 -0.00842212 7001.1 0.999617
365000000 41717 -0.0741812 7001.11 0.999613
365100000 41717 -0.0192357 7001.1 0.999616
365200000 41717 -0.071293 7001.11 0.999613
365300000 41717 -0.073413 7001.11 0.999614
365400000 41717 0.736585 7000.98 0.99975
365500000 41717 0.3547 7001.04 0.999676
365600000 41717 -0.00794651 7001.1 0.999617
365700000 41717 1.37881 7000.87 0.999832
365800000 41717 -0.0820229 7001.12 0.999613
365900000 41717 -0.056472 7001.11 0.999621
366000000 41717 -0.0173722 7001.1 0.999633
366100000 41717 -0.163535 7001.13 0.999613
366200000 41717 -0.172212 7001.13 0.999616
366300000 41717 4.93113 7000.27 1.00002
366400000 41717 -0.0708645 7001.11 0.999617
366500000 41717 -0.0870147 7001.12 0.999616
366600000 41717 -0.0244034 7001.11 0.999634
366700000 41717 -0.0354113 7001.11 0.999615
366800000 41717 0.696537 7000.98 0.999711
366900000 41717 0.326466 7001.05 0.99968
367000000 41717 3.17306 7000.57 0.999904
367100000 41717 -0.108642 7001.12 0.999611
367200000 41717 -0.0696015 7001.11 0.999619
367300000 41717 -0.0235529 7001.11 0.999616
367400000 41717 0.00976311 7001.1 0.999634
367500000 41717 -0.0479469 7001.11 0.999629
367600000 41717 0.0875275 7001.09 0.999646
367700000 41717 0.0519149 7001.09 0.999645
367800000 41717 -0.0259259 7001.11 0.999616
367900000 41717 -0.0362806 7001.11 0.999615
368000000 41717 -0.17566 7001.13 0.999615
368100000 41717 -0.0855493 7001.12 0.999613
368200000 41717 -0.0729782 7001.11 0.999613
368300000 41717 -0.115057 7001.12 0.999615
368400000 41717 0.473943 7001.02 0.9997
368500000 41717 -0.0843841 7001.12 0.999615
368600000 41717 -0.0540984 7001.11 0.999615
368700000 41717 -0.0385964 7001.11 0.999627
368800000 41717 -0.0263919 7001.11 0.999636
368900000 41717 -0.06769 7001.11 0.999629
369000000 41717 -0.0221656 7001.11 0.999616
369100000 41717 -0.0191499 7001.1 0.99966
369200000 41717 -0.117224 7001.12 0.999612
369300000 41717 -0.135299 7001.12 0.999612
369400000 41717 -0.0369372 7001.11 0.999616
369500000 41717 -0.0713527 7001.11 0.999616
369600000 41717 -0.0779287 7001.11 0.999616
369700000 41717 0.100035 7001.08 0.999649
369800000 41717 -0.0427166 7001.11 0.999615
369900000 41717 -0.13624 7001.12 0.999629
370000000 41717 -0.202459 7001.14 0.999613
370100000 41717 -0.0747688 7001.11 0.999627
370200000 41717 -0.0286348 7001.11 0.999639
370300000 41717 -0.0246331 7001.11 0.999616
370400000 41717 0.340721 7001.04 0.999725
370500000 41717 -0.0260949 7001.11 0.999615
370600000 41717 -0.0759216 7001.11 0.999612
370700000 41717 1.32928 7000.88 0.999769
370800000 41717 -0.0369346 7001.11 0.999616
370900000 41717 -0.106389 7001.12 0.999612
371000000 41717 -0.0482352 7001.11 0.999614
371100000 41717 0.326178 7001.05 0.999678
371200000 41717 -0.0985804 7001.12 0.999612
371300000 41717 -0.0897769 7001.12 0.999622
371400000 41717 -0.0838857 7001.12 0.999632
371500000 41717 0.22295 7001.06 0.999667
371600000 41717 -0.0508441 7001.11 0.999615
371700000 41717 -0.130101 7001.12 0.999612
371800000 41717 0.157843 7001.08 0.999665
371900000 41717 -0.0900893 7001.12 0.999614
372000000 41717 -0.0802649 7001.12 0.999632
372100000 41717 -0.00952411 7001.1 0.999617
372200000 41717 0.14507 7001.08 0.999655
372300000 41717 -0.0605365 7001.11 0.999629
372400000 41717 1.47622 7000.85 0.999779
372500000 41717 2.02983 7000.76 0.999856
372600000 41717 -0.0897315 7001.12 0.999614
372700000 41717 -0.0704031 7001.11 0.999614
372800000 41717 -0.0752751 7001.11 0.999613
372900000 41717 -0.00788994 7001.1 0.999617
373000000 41717 -0.158685 7001.13 0.999621
373100000 41717 -0.0808361 7001.12 0.999624
373200000 41717 -0.10371 7001.12 0.999614
373300000 41717 -0.0406267 7001.11 0.999616
373400000 41717 -0.0722607 7001.11 0.999614
373500000 41717 -0.0290941 7001.11 0.999615
373600000 41717 -0.0134133 7001.1 0.999617
373700000 41717 -0.110362 7001.12 0.999615
373800000 41717 -0.0897429 7001.12 0.999623
373900000 41717 -0.0837681 7001.12 0.999612
374000000 41717 0.22923 7001.06 0.999666
374100000 41717 1.05329 7000.92 0.999753
374200000 41717 -0.0989771 7001.12 0.999621
374300000 41717 -0.0935431 7001.12 0.999615
374400000 41717 4.42586 7000.36 0.999991
374500000 41717 -0.178477 7001.13 0.99962
374600000 41717 -0.0469286 7001.11 0.999627
374700000 41717 -0.0419684 7001.11 0.999616
374800000 41717 -0.0739899 7001.11 0.999618
374900000 41717 -0.11804 7001.12 0.999618
375000000 41717 -0.174706 7001.13 0.999611
375100000 41717 -0.135676 7001.12 0.999624
375200000 41717 -0.0185456 7001.1 0.999616
375300000 41717 -0.16107 7001.13 0.999628
375400000 41717 -0.183571 7001.13 0.999616
375500000 41717 -0.0765188 7001.11 0.999617
375600000 41717 2.48365 7000.68 0.999896
375700000 41717 0.223922 7001.06 0.999662
375800000 41717 -0.151129 7001.13 0.999623
375900000 41717 1.53716 7000.84 0.999784
376000000 41717 -0.0348182 7001.11 0.999615
376100000 41717 0.0127528 7001.1 0.999651
376200000 41717 -0.0896402 7001.12 0.999629
376300000 41717 -0.170489 7001.13 0.999618
376400000 41717 -0.118267 7001.12 0.999618
376500000 41717 0.700695 7000.98 0.99972
376600000 41717 0.33892 7001.04 0.999681
376700000 41717 -0.107966 7001.12 0.999611
376800000 41717 0.985647 7000.94 0.999755
376900000 41717 -0.0676526 7001.11 0.999615
377000000 41717 0.0352483 7001.1 0.999649
377100000 41717 0.185632 7001.07 0.999661
377200000 41717 -0.052661 7001.11 0.999614
377300000 41717 -0.088565 7001.12 0.999613
377400000 41717 0.286266 7001.05 0.99967
377500000 41717 -0.136237 7001.12 0.99962
377600000 41717 -0.0210586 7001.11 0.999616
377700000 41717 -0.137758 7001.12 0.999614
377800000 41717 -0.128362 7001.12 0.999619
377900000 41717 -0.021243 7001.11 0.999616
378000000 41717 1.02579 7000.93 0.999799
378100000 41717 -0.0981609 7001.12 0.999625
378200000 41717 -0.161686 7001.13 0.999611
378300000 41717 0.0967508 7001.09 0.999656
378400000 41717 -0.00765101 7001.1 0.999617
378500000 41717 1.0568 7000.92 0.999742
378600000 41717 -0.149151 7001.13 0.999613
378700000 41717 -0.0186259 7001.1 0.999616
378800000 41717 -0.0998122 7001.12 0.999613
378900000 41717 -0.043933 7001.11 0.999614
379000000 41717 -0.126597 7001.12 0.999625
379100000 41717 0.267019 7001.06 0.999688
379200000 41717 -0.0114182 7001.1 0.999634
379300000 41717 -0.109103 7001.12 0.999621
379400000 41717 0.525936 7001.01 0.999701
379500000 41717 0.33991 7001.04 0.999678
379600000 41717 0.64794 7000.99 0.999706
379700000 41717 2.62637 7000.66 0.999865
379800000 41717 -0.00794838 7001.1 0.999617
379900000 41717 -0.0608323 7001.11 0.999614
380000000 41717 -0.0810777 7001.12 0.999613
380100000 41717 -0.0641725 7001.11 0.999667
380200000 41717 -0.0752102 7001.11 0.999627
380300000 41717 -0.19769 7001.13 0.999618
380400000 41717 -0.274731 7001.15 0.999618
380500000 41717 -0.0234705 7001.11 0.999616
380600000 41717 -0.067325 7001.11 0.999639
380700000 41717 -0.141383 7001.13 0.999633
380800000 41717 -0.0296432 7001.11 0.999616
380900000 41717 -0.106338 7001.12 0.999625
381000000 41717 -0.0588876 7001.11 0.999613
381100000 41717 0.0037398 7001.1 0.999637
381200000 41717 0.271137 7001.06 0.999681
381300000 41717 -0.0390554 7001.11 0.999615
381400000 41717 -0.0518488 7001.11 0.999629
381500000 41717 0.101953 7001.08 0.99966
381600000 41717 -0.0476549 7001.11 0.999626
381700000 41717 2.89722 7000.62 0.999903
381800000 41717 -0.0293962 7001.11 0.999616
381900000 41717 -0.133334 7001.12 0.999618
382000000 41717 -0.0445613 7001.11 0.999615
382100000 41717 -0.046356 7001.11 0.999614
382200000 41717 -0.0664034 7001.11 0.999619
382300000 41717 0.121974 7001.08 0.999668
382400000 41717 -0.140451 7001.13 0.999623
382500000 41717 -0.0663224 7001.11 0.999614
382600000 41717 -0.0419163 7001.11 0.999615
382700000 41717 -0.0905432 7001.12 0.999641
382800000 41717 -0.0597504 7001.11 0.999641
382900000 41717 0.61703 7001 0.999708
383000000 41717 -0.148919 7001.13 0.999615
383100000 41717 -0.126038 7001.12 0.999616
383200000 41717 -0.215942 7001.14 0.999615
383300000 41717 0.330936 7001.05 0.999695
383400000 41717 -0.118505 7001.12 0.999612
383500000 41717 -0.130819 7001.12 0.999622
383600000 41717 -0.131634 7001.12 0.999616
383700000 41717 -0.055905 7001.11 0.999617
383800000 41717 0.132503 7001.08 0.999662
383900000 41717 1.5891 7000.83 0.999791
384000000 41717 -0.0935839 7001.12 0.999613
384100000 41717 -0.139368 7001.13 0.999618
384200000 41717 -0.0996194 7001.12 0.999617
384300000 41717 0.0974513 7001.09 0.999653
384400000 41717 -0.104806 7001.12 0.999614
384500000 41717 -0.0290928 7001.11 0.99963
384600000 41717 -0.0882336 7001.12 0.999613
384700000 41717 1.02795 7000.93 0.99976
384800000 41717 -0.0491756 7001.11 0.999614
384900000 41717 -0.105398 7001.12 0.999618
385000000 41717 -0.0761079 7001.11 0.999615
385100000 41717 -0.052825 7001.11 0.999615
385200000 41717 -0.0711356 7001.11 0.999629
385300000 41717 -0.0877206 7001.12 0.999613
385400000 41717 0.02327 7001.1 0.999649
385500000 41717 -0.00544716 7001.1 0.999617
385600000 41717 -0.0127128 7001.1 0.999616
385700000 41717 -0.114643 7001.12 0.999631
385800000 41717 0.103203 7001.08 0.999648
385900000 41717 -0.0409549 7001.11 0.999631
386000000 41717 0.362173 7001.04 0.999681
386100000 41717 0.0768997 7001.09 0.999654
386200000 41717 -0.0620781 7001.11 0.999614
386300000 41717 -0.17646 7001.13 0.999619
386400000 41717 -0.0295161 7001.11 0.999616
386500000 41717 0.118354 7001.08 0.999656
386600000 41717 -0.0461684 7001.11 0.999614
386700000 41717 -0.0281039 7001.11 0.999616
386800000 41717 -0.110985 7001.12 0.999615
386900000 41717 -0.148562 7001.13 0.999614
387000000 41717 0.00576495 7001.1 0.999645
387100000 41717 -0.0136266 7001.1 0.999636
387200000 41717 -0.120565 7001.12 0.999625
387300000 41717 0.512256 7001.02 0.99971
387400000 41717 -0.0253623 7001.11 0.999616
387500000 41717 0.040167 7001.09 0.999645
387600000 41717 0.417086 7001.03 0.999704
387700000 41717 0.0978951 7001.09 0.999656
387800000 41717 2.53067 7000.68 0.999858
387900000 41717 0.250907 7001.06 0.999666
388000000 41717 -0.0194282 7001.1 0.999616
388100000 41717 -0.106845 7001.12 0.999614
388200000 41717 -0.196031 7001.13 0.999625
388300000 41717 -0.0996737 7001.12 0.999615
388400000 41717 0.0641581 7001.09 0.999659
388500000 41717 -0.124138 7001.12 0.999618
388600000 41717 -0.091267 7001.12 0.999612
388700000 41717 -0.111746 7001.12 0.999642
388800000 41717 -0.163469 7001.13 0.999618
388900000 41717 -0.047536 7001.11 0.999616
389000000 41717 -0.0866817 7001.12 0.999615
389100000 41717 -0.0792778 7001.11 0.999627
389200000 41717 0.991382 7000.94 0.999746
389300000 41717 -0.0565249 7001.11 0.999616
389400000 41717 0.586296 7001 0.999718
389500000 41717 -0.0362814 7001.11 0.999615
389600000 41717 0.0587993 7001.09 0.999649
389700000 41717 -0.1264 7001.12 0.999613
389800000 41717 -0.0375335 7001.11 0.999615
389900000 41717 -0.153292 7001.13 0.999615
390000000 41717 -0.0624412 7001.11 0.999624
390100000 41717 -0.114163 7001.12 0.999614
390200000 41717 4.38152 7000.37 1.00001
390300000 41717 0.373468 7001.04 0.999681
390400000 41717 -0.0800485 7001.12 0.999613
390500000 41717 -0.0713178 7001.11 0.999617
390600000 41717 -0.199699 7001.14 0.999628
390700000 41717 -0.101299 7001.12 0.999613
390800000 41717 -0.0675276 7001.11 0.999617
390900000 41717 -0.0581271 7001.11 0.999614
391000000 41717 -0.122066 7001.12 0.999616
391100000 41717 -0.172784 7001.13 0.99963
391200000 41717 -0.191971 7001.13 0.999611
391300000 41717 -0.208599 7001.14 0.999625
391400000 41717 0.304337 7001.05 0.999706
391500000 41717 -0.00513032 7001.1 0.99965
391600000 41717 0.214627 7001.07 0.999669
391700000 41717 -0.0127138 7001.1 0.999616
391800000 41717 -0.199027 7001.14 0.99961
391900000 41717 -0.0463475 7001.11 0.999614
392000000 41717 2.09779 7000.75 0.99983
392100000 41717 -0.0163543 7001.1 0.999616
392200000 41717 -0.0704107 7001.11 0.999621
392300000 41717 -0.112622 7001.12 0.999626
392400000 41717 -0.0902263 7001.12 0.999617
392500000 41717 -0.103519 7001.12 0.999612
392600000 41717 -0.0168553 7001.1 0.999616
392700000 41717 -0.00627477 7001.1 0.999617
392800000 41717 -0.0769383 7001.11 0.999614
392900000 41717 0.357124 7001.04 0.999678
393000000 41717 0.762127 7000.97 0.99974
393100000 41717 -0.0712452 7001.11 0.99962
393200000 41717 1.08193 7000.92 0.999751
393300000 41717 0.375949 7001.04 0.999691
393400000 41717 -0.0939525 7001.12 0.999616
393500000 41717 -0.0248837 7001.11 0.999616
393600000 41717 -0.0617219 7001.11 0.999613
393700000 41717 0.116791 7001.08 0.999653
393800000 41717 -0.122035 7001.12 0.999613
393900000 41717 0.275436 7001.06 0.999673
394000000 41717 5.02192 7000.26 1.00006
394100000 41717 -0.105613 7001.12 0.999614
394200000 41717 -0.125225 7001.12 0.999628
394300000 41717 -0.089883 7001.12 0.99962
394400000 41717 0.232989 7001.06 0.999663
394500000 41717 -0.1215 7001.12 0.999614
394600000 41717 -0.0499423 7001.11 0.999615
394700000 41717 -0.0496046 7001.11 0.999615
394800000 41717 -0.105283 7001.12 0.999621
394900000 41717 -0.076517 7001.11 0.999614
395000000 41717 -0.104936 7001.12 0.999617
395100000 41717 -0.141998 7001.13 0.999656
395200000 41717 -0.00376435 7001.1 0.999617
395300000 41717 -0.0427843 7001.11 0.999616
395400000 41717 -0.00404072 7001.1 0.999646
395500000 41717 -0.0512744 7001.11 0.999614
395600000 41717 -0.0795336 7001.11 0.999621
395700000 41717 -0.0737323 7001.11 0.999622
395800000 41717 -0.00431651 7001.1 0.999617
395900000 41717 -0.0929781 7001.12 0.999617
396000000 41717 -0.0303081 7001.11 0.999615
396100000 41717 -0.0293969 7001.11 0.999615
396200000 41717 -0.132957 7001.12 0.999615
396300000 41717 -0.110481 7001.12 0.999615
396400000 41717 -0.088187 7001.12 0.999612
396500000 41717 -0.101411 7001.12 0.999618
396600000 41717 -0.110504 7001.12 0.999614
396700000 41717 -0.149102 7001.13 0.999612
396800000 41717 -0.061401 7001.11 0.999636
396900000 41717 -0.11024 7001.12 0.999616
397000000 41717 -0.0237942 7001.11 0.999616
397100000 41717 -0.0855055 7001.12 0.99963
397200000 41717 -0.0841597 7001.12 0.999624
397300000 41717 -0.203535 7001.14 0.99962
397400000 41717 -0.0909839 7001.12 0.999613
397500000 41717 -0.1101 7001.12 0.999623
397600000 41717 -0.0580368 7001.11 0.999624
397700000 41717 0.0102762 7001.1 0.99964
397800000 41717 -0.0906177 7001.12 0.999621
397900000 41717 0.066427 7001.09 0.999647
398000000 41717 -0.014683 7001.1 0.999617
398100000 41717 -0.068938 7001.11 0.999615
398200000 41717 -0.0241614 7001.11 0.999616
398300000 41717 -0.173569 7001.13 0.99963
398400000 41717 -0.127208 7001.12 0.999617
398500000 41717 -0.0267156 7001.11 0.999616
398600000 41717 -0.103507 7001.12 0.999622
398700000 41717 -0.052412 7001.11 0.999616
398800000 41717 0.14424 7001.08 0.999667
398900000 41717 -0.0521391 7001.11 0.999614
399000000 41717 -0.0914368 7001.12 0.999615
399100000 41717 0.32188 7001.05 0.999681
399200000 41717 -0.0887421 7001.12 0.999619
399300000 41717 -0.0442369 7001.11 0.999615
399400000 41717 -0.00956246 7001.1 0.999617
399500000 41717 -0.0165144 7001.1 0.999617
399600000 41717 -0.179785 7001.13 0.999622
399700000 41717 -0.0186167 7001.1 0.999616
399800000 41717 -0.0884753 7001.12 0.99962
399900000 41717 -0.0988242 7001.12 0.999613
400000000 41717 -0.00658177 7001.1 0.999617
400100000 41717 -0.096706 7001.12 0.999615
400200000 41717 0.623988 7001 0.999704
400300000 41717 -0.107192 7001.12 0.999631
400400000 41717 -0.102259 7001.12 0.999634
400500000 41717 -0.0520135 7001.11 0.999614
400600000 41717 -0.0881675 7001.12 0.999614
400700000 41717 -0.075545 7001.11 0.999615
400800000 41717 4.21779 7000.39 1.00003
400900000 41717 -0.0348361 7001.11 0.999615
401000000 41717 -0.135215 7001.12 0.999614
401100000 41717 -0.0717259 7001.11 0.999614
401200000 41717 -0.00335 7001.1 0.999617
401300000 41717 -0.0668675 7001.11 0.999614
401400000 41717 -0.0122388 7001.1 0.999617
401500000 41717 -0.167558 7001.13 0.999618
401600000 41717 -0.0571521 7001.11 0.99962
401700000 41717 -0.126164 7001.12 0.999629
401800000 41717 0.163618 7001.07 0.999662
401900000 41717 -0.157154 7001.13 0.999613
402000000 41717 0.0794638 7001.09 0.999648
402100000 41717 -0.0696067 7001.11 0.999613
402200000 41717 -0.051332 7001.11 0.999616
402300000 41717 0.0554668 7001.09 0.999647
402400000 41717 3.59001 7000.5 0.999983
402500000 41717 -0.0282735 7001.11 0.999616
402600000 41717 -0.156753 7001.13 0.999626
402700000 41717 -0.0816498 7001.12 0.999623
402800000 41717 0.513589 7001.02 0.999693
402900000 41717 -0.0750282 7001.11 0.999619
403000000 41717 -0.148248 7001.13 0.999623
403100000 41717 1.17127 7000.91 0.999753
403200000 41717 -0.0689584 7001.11 0.999617
403300000 41717 -0.0931796 7001.12 0.999621
403400000 41717 0.383623 7001.04 0.999681
403500000 41717 -0.0411205 7001.11 0.999629
403600000 41717 -0.0161887 7001.1 0.999616
403700000 41717 -0.0167008 7001.1 0.999616
403800000 41717 0.0159123 7001.1 0.999653
403900000 41717 -0.191241 7001.13 0.999615
404000000 41717 0.179592 7001.07 0.999682
404100000 41717 -0.0849436 7001.12 0.999617
404200000 41717 0.302997 7001.05 0.999675
404300000 41717 -0.0769447 7001.11 0.999622
404400000 41717 -0.0907757 7001.12 0.999617
404500000 41717 0.184864 7001.07 0.999671
404600000 41717 -0.0811672 7001.12 0.999636
404700000 41717 -0.0788255 7001.11 0.999618
404800000 41717 -0.24946 7001.14 0.999633
404900000 41717 0.0415895 7001.09 0.999645
405000000 41717 -0.0988516 7001.12 0.999613
405100000 41717 -0.150732 7001.13 0.999621
405200000 41717 -0.0695016 7001.11 0.999614
405300000 41717 -0.146667 7001.13 0.999615
405400000 41717 -0.0878828 7001.12 0.999619
405500000 41717 -0.0282233 7001.11 0.999615
405600000 41717 -0.129993 7001.12 0.999614
405700000 41717 4.14444 7000.41 1.00004
405800000 41717 -0.0981402 7001.12 0.999625
405900000 41717 -0.0913458 7001.12 0.999613
406000000 41717 -0.0191014 7001.1 0.999616
406100000 41717 -0.0493486 7001.11 0.999614
406200000 41717 -0.103042 7001.12 0.999612
406300000 41717 -0.0291586 7001.11 0.999615
406400000 41717 -0.135939 7001.12 0.999613
406500000 41717 -0.0108273 7001.1 0.999617
406600000 41717 -0.0862629 7001.12 0.99963
406700000 41717 -0.0760082 7001.11 0.99962
406800000 41717 -0.0335061 7001.11 0.999615
406900000 41717 -0.0735947 7001.11 0.999613
407000000 41717 -0.185702 7001.13 0.999611
407100000 41717 -0.0398264 7001.11 0.999615
407200000 41717 -0.215228 7001.14 0.999614
407300000 41717 0.415834 7001.03 0.999693
407400000 41717 -0.0468399 7001.11 0.999614
407500000 41717 -0.0806628 7001.12 0.999617
407600000 41717 1.43769 7000.86 0.999808
407700000 41717 0.289601 7001.05 0.999674
407800000 41717 -0.0933756 7001.12 0.999613
407900000 41717 -0.0680516 7001.11 0.999613
408000000 41717 -0.117548 7001.12 0.999613
408100000 41717 2.57254 7000.67 0.999925
408200000 41717 -0.0628317 7001.11 0.999614
408300000 41717 -0.0156964 7001.1 0.999616
408400000 41717 0.212797 7001.07 0.999663
408500000 41717 -0.0472013 7001.11 0.999615
408600000 41717 -0.0154459 7001.1 0.999616
408700000 41717 -0.0495314 7001.11 0.999614
408800000 41717 -0.0267404 7001.11 0.99963
408900000 41717 -0.0377761 7001.11 0.999615
409000000 41717 -0.0206898 7001.11 0.999644
409100000 41717 -0.0722758 7001.11 0.999616
409200000 41717 -0.0257311 7001.11 0.999615
409300000 41717 0.378795 7001.04 0.999684
409400000 41717 -0.11014 7001.12 0.999615
409500000 41717 -0.0660907 7001.11 0.99963
409600000 41717 -0.0624693 7001.11 0.999616
409700000 41717 -0.0736339 7001.11 0.999614
409800000 41717 -0.040664 7001.11 0.999615
409900000 41717 -0.0407454 7001.11 0.999616
410000000 41717 -0.0394773 7001.11 0.999615
410100000 41717 -0.0355832 7001.11 0.999615
410200000 41717 -0.0848332 7001.12 0.999613
410300000 41717 1.42032 7000.86 0.999774
410400000 41717 2.0361 7000.76 0.999825
410500000 41717 -0.112403 7001.12 0.999616
410600000 41717 -0.1356 7001.12 0.999615
410700000 41717 0.941692 7000.94 0.99975
410800000 41717 -0.181536 7001.13 0.999621
410900000 41717 -0.181865 7001.13 0.99961
411000000 41717 -0.0870959 7001.12 0.999624
411100000 41717 -0.0174241 7001.1 0.999616
411200000 41717 -0.0280154 7001.11 0.999616
411300000 41717 0.697227 7000.98 0.999757
411400000 41717 0.140941 7001.08 0.999666
411500000 41717 -0.0108944 7001.1 0.999617
411600000 41717 -0.0787256 7001.11 0.999618
411700000 41717 -0.136951 7001.12 0.999613
411800000 41717 0.597878 7001 0.999705
411900000 41717 -0.0416563 7001.11 0.999615
412000000 41717 0.153145 7001.08 0.999664
412100000 41717 -0.0104962 7001.1 0.999617
412200000 41717 0.166622 7001.07 0.999682
412300000 41717 -0.0150219 7001.1 0.999616
412400000 41717 -0.0560957 7001.11 0.999674
412500000 41717 1.09472 7000.92 0.99975
412600000 41717 -0.108874 7001.12 0.99962
412700000 41717 -0.0940132 7001.12 0.999614
412800000 41717 -0.049076 7001.11 0.999615
412900000 41717 0.0295159 7001.1 0.999642
413000000 41717 0.492008 7001.02 0.999695
413100000 41717 -0.00970039 7001.1 0.999617
413200000 41717 -0.115241 7001.12 0.999625
413300000 41717 0.0443681 7001.09 0.999641
413400000 41717 -0.100307 7001.12 0.999633
413500000 41717 -0.0365106 7001.11 0.999635
413600000 41717 2.7633 7000.64 0.999935
413700000 41717 -0.0138238 7001.1 0.999616
413800000 41717 -0.0331243 7001.11 0.99963
413900000 41717 0.245031 7001.06 0.99968
414000000 41717 2.19702 7000.73 0.999839
414100000 41717 -0.115247 7001.12 0.999617
414200000 41717 0.889138 7000.95 0.999759
414300000 41717 -0.0418303 7001.11 0.99964
414400000 41717 -0.0918657 7001.12 0.999614
414500000 41717 -0.0261591 7001.11 0.999616
414600000 41717 -0.140499 7001.13 0.999613
414700000 41717 -0.0966364 7001.12 0.999616
414800000 41717 -0.0487749 7001.11 0.999615
414900000 41717 -0.0488332 7001.11 0.999615
415000000 41717 0.128045 7001.08 0.999651
415100000 41717 2.52616 7000.68 0.999869
415200000 41717 -0.223751 7001.14 0.999617
415300000 41717 -0.0474748 7001.11 0.999614
415400000 41717 -0.0805984 7001.12 0.99962
415500000 41717 -0.0131284 7001.1 0.999661
415600000 41717 -0.0730589 7001.11 0.999613
415700000 41717 -0.0819147 7001.12 0.999616
415800000 41717 -0.00151182 7001.1 0.999618
415900000 41717 -0.0391743 7001.11 0.999615
416000000 41717 -0.075232 7001.11 0.999614
416100000 41717 0.0650498 7001.09 0.999655
416200000 41717 -0.0365158 7001.11 0.999615
416300000 41717 -0.0486076 7001.11 0.999614
416400000 41717 -0.0940972 7001.12 0.999611
416500000 41717 0.435879 7001.03 0.999685
416600000 41717 -0.106816 7001.12 0.999616
416700000 41717 -0.0272647 7001.11 0.999652
416800000 41717 -0.103546 7001.12 0.99962
416900000 41717 -0.201505 7001.14 0.999621
417000000 41717 -0.108762 7001.12 0.99963
417100000 41717 0.982701 7000.94 0.999785
417200000 41717 0.0062809 7001.1 0.999635
417300000 41717 -0.246285 7001.14 0.999626
417400000 41717 -0.0525865 7001.11 0.999624
417500000 41717 -0.0675116 7001.11 0.999614
417600000 41717 -0.0719292 7001.11 0.999615
417700000 41717 -0.116823 7001.12 0.999648
417800000 41717 -0.0557625 7001.11 0.999626
417900000 41717 -0.0821066 7001.12 0.999612
418000000 41717 -0.128219 7001.12 0.999615
418100000 41717 -0.101894 7001.12 0.999614
418200000 41717 -0.0724847 7001.11 0.999613
418300000 41717 -0.0595053 7001.11 0.99962
418400000 41717 1.12194 7000.91 0.999749
418500000 41717 -0.0476578 7001.11 0.999616
418600000 41717 1.25669 7000.89 0.999794
418700000 41717 -0.0712934 7001.11 0.999626
418800000 41717 -0.0797743 7001.12 0.999614
418900000 41717 -0.172108 7001.13 0.999626
419000000 41717 -0.0584032 7001.11 0.999613
419100000 41717 -0.192374 7001.13 0.999621
419200000 41717 0.774272 7000.97 0.999749
419300000 41717 -0.0496081 7001.11 0.999624
419400000 41717 0.884315 7000.95 0.999738
419500000 41717 -0.0851303 7001.12 0.999616
419600000 41717 -0.0828219 7001.12 0.999612
419700000 41717 -0.137049 7001.12 0.999623
419800000 41717 -0.0872106 7001.12 0.999618
419900000 41717 0.736028 7000.98 0.999734
420000000 41717 0.725838 7000.98 0.999736
420100000 41717 -0.00357583 7001.1 0.999617
420200000 41717 -0.168699 7001.13 0.999618
420300000 41717 -0.132307 7001.12 0.999614
420400000 41717 0.0794433 7001.09 0.999645
420500000 41717 -0.178768 7001.13 0.999612
420600000 41717 -0.108717 7001.12 0.999614
420700000 41717 -0.0561158 7001.11 0.999613
420800000 41717 0.414332 7001.03 0.999684
420900000 41717 -0.0975199 7001.12 0.99962
421000000 41717 -0.110406 7001.12 0.999612
421100000 41717 -0.0228441 7001.11 0.999616
421200000 41717 -0.119292 7001.12 0.99962
421300000 41717 0.335392 7001.05 0.999704
421400000 41717 1.38295 7000.87 0.999784
421500000 41717 -0.0930325 7001.12 0.999614
421600000 41717 -0.0596719 7001.11 0.999615
421700000 41717 -0.073737 7001.11 0.999622
421800000 41717 -0.124834 7001.12 0.999623
421900000 41717 -0.14044 7001.13 0.999624
422000000 41717 -0.0474817 7001.11 0.999615
422100000 41717 0.0466984 7001.09 0.999671
422200000 41717 -0.128997 7001.12 0.999618
422300000 41717 -0.0533939 7001.11 0.999615
422400000 41717 1.41226 7000.86 0.999773
422500000 41717 -0.186325 7001.13 0.99961
422600000 41717 -0.0289237 7001.11 0.999616
422700000 41717 0.00816273 7001.1 0.999644
422800000 41717 -0.154175 7001.13 0.999619
422900000 41717 -0.0999536 7001.12 0.999613
423000000 41717 -0.195919 7001.13 0.999615
423100000 41717 0.229506 7001.06 0.999695
423200000 41717 -0.0228893 7001.11 0.99963
423300000 41717 0.125183 7001.08 0.999665
423400000 41717 -0.0503064 7001.11 0.999615
423500000 41717 -0.0389001 7001.11 0.999616
423600000 41717 -0.00273578 7001.1 0.999617
423700000 41717 -0.00551772 7001.1 0.999617
423800000 41717 -0.0192404 7001.1 0.999616
423900000 41717 -0.00684364 7001.1 0.999617
424000000 41717 -0.119774 7001.12 0.999611
424100000 41717 1.68409 7000.82 0.999795
424200000 41717 1.70017 7000.82 0.999796
424300000 41717 -0.0479525 7001.11 0.999629
424400000 41717 -0.0750743 7001.11 0.999617
424500000 41717 -0.189847 7001.13 0.999609
424600000 41717 -0.00831206 7001.1 0.999617
424700000 41717 -0.0689576 7001.11 0.999625
424800000 41717 -0.116252 7001.12 0.999631
424900000 41717 -0.0932023 7001.12 0.999616
425000000 41717 0.0849203 7001.09 0.999651
425100000 41717 -0.0241673 7001.11 0.999616
425200000 41717 -0.0782881 7001.11 0.999612
425300000 41717 -0.0246045 7001.11 0.99963
425400000 41717 -0.0435712 7001.11 0.999614
425500000 41717 0.460042 7001.02 0.999705
425600000 41717 0.107483 7001.08 0.999685
425700000 41717 -0.121652 7001.12 0.999619
425800000 41717 -0.0942931 7001.12 0.999613
425900000 41717 -0.0949855 7001.12 0.999619
426000000 41717 -0.0328389 7001.11 0.999615
426100000 41717 -0.0661144 7001.11 0.999648
426200000 41717 -0.101525 7001.12 0.999612
426300000 41717 -0.0879918 7001.12 0.999613
426400000 41717 -0.0174908 7001.1 0.999616
426500000 41717 -0.0109994 7001.1 0.999617
426600000 41717 -0.0891456 7001.12 0.999618
426700000 41717 -0.170333 7001.13 0.999616
426800000 41717 -0.025287 7001.11 0.999628
426900000 41717 -0.0693583 7001.11 0.999614
427000000 41717 -0.107455 7001.12 0.999615
427100000 41717 1.80803 7000.8 0.999807
427200000 41717 -0.018319 7001.1 0.999616
427300000 41717 0.114284 7001.08 0.99965
427400000 41717 -0.0706186 7001.11 0.999613
427500000 41717 -0.0432872 7001.11 0.999615
427600000 41717 -0.0788481 7001.11 0.999615
427700000 41717 -0.0367697 7001.11 0.999642
427800000 41717 -0.0366245 7001.11 0.999646
427900000 41717 1.17347 7000.9 0.999754
428000000 41717 -0.120951 7001.12 0.999627
428100000 41717 -0.030882 7001.11 0.999616
428200000 41717 0.101827 7001.08 0.999648
428300000 41717 0.994823 7000.93 0.999777
428400000 41717 -0.0756339 7001.11 0.999639
428500000 41717 0.0343 7001.1 0.999641
428600000 41717 -0.02838 7001.11 0.999616
428700000 41717 -0.034599 7001.11 0.999615
428800000 41717 -0.149175 7001.13 0.999615
428900000 41717 -0.0654881 7001.11 0.999614
429000000 41717 -0.0450411 7001.11 0.999615
429100000 41717 -0.0828702 7001.12 0.999614
429200000 41717 -0.0730894 7001.11 0.999613
429300000 41717 -0.0296377 7001.11 0.999615
429400000 41717 -0.0690651 7001.11 0.999613
429500000 41717 -0.143331 7001.13 0.999637
429600000 41717 0.61522 7001 0.999731
429700000 41717 -0.0765513 7001.11 0.999613
429800000 41717 1.34926 7000.88 0.999768
429900000 41717 -0.00440517 7001.1 0.999651
430000000 41717 -0.290464 7001.15 0.999617
430100000 41717 -0.13925 7001.13 0.999612
430200000 41717 1.01436 7000.93 0.999753
430300000 41717 -0.111161 7001.12 0.999619
430400000 41717 -0.0611826 7001.11 0.999623
430500000 41717 -0.0331235 7001.11 0.999616
430600000 41717 0.174516 7001.07 0.999659
430700000 41717 -0.0584494 7001.11 0.999614
430800000 41717 -0.046381 7001.11 0.999626
430900000 41717 0.0585694 7001.09 0.999659
431000000 41717 -0.0768007 7001.11 0.99962
431100000 41717 -0.0950511 7001.12 0.999616
431200000 41717 0.351027 7001.04 0.999682
431300000 41717 0.868739 7000.96 0.999727
431400000 41717 0.258022 7001.06 0.999677
431500000 41717 0.494403 7001.02 0.999697
431600000 41717 -0.0141782 7001.1 0.999616
431700000 41717 -0.0784561 7001.11 0.999615
431800000 41717 -0.0918029 7001.12 0.999613
431900000 41717 -0.153965 7001.13 0.999613
432000000 41717 -0.0408694 7001.11 0.999627
432100000 41717 -0.0418661 7001.11 0.999615
432200000 41717 0.134266 7001.08 0.999652
432300000 41717 -0.0610429 7001.11 0.999613
432400000 41717 -0.101033 7001.12 0.999615
432500000 41717 -0.029603 7001.11 0.999615
432600000 41717 2.61946 7000.66 0.999898
432700000 41717 -0.0251524 7001.11 0.999616
432800000 41717 0.426316 7001.03 0.999684
432900000 41717 -0.0419047 7001.11 0.999614
433000000 41717 -0.00636523 7001.1 0.999617
433100000 41717 -0.0138031 7001.1 0.999616
433200000 41717 0.308186 7001.05 0.999673
433300000 41717 0.212295 7001.07 0.999661
433400000 41717 0.532962 7001.01 0.999705
433500000 41717 -0.120782 7001.12 0.999631
433600000 41717 -0.157919 7001.13 0.999612
433700000 41717 -0.0446979 7001.11 0.999615
433800000 41717 -0.136553 7001.12 0.999611
433900000 41717 0.282805 7001.05 0.999687
434000000 41717 0.139604 7001.08 0.999654
434100000 41717 0.127385 7001.08 0.999657
434200000 41717 -0.0963092 7001.12 0.999612
434300000 41717 0.280453 7001.05 0.999676
434400000 41717 -0.127799 7001.12 0.999625
434500000 41717 -0.108836 7001.12 0.999613
434600000 41717 -0.0671521 7001.11 0.99962
434700000 41717 -0.146147 7001.13 0.999617
434800000 41717 -0.131259 7001.12 0.999619
434900000 41717 -0.156725 7001.13 0.999626
435000000 41717 2.84098 7000.62 0.999903
435100000 41717 1.45948 7000.86 0.999792
435200000 41717 -0.0975549 7001.12 0.999632
435300000 41717 -0.0769902 7001.11 0.999625
435400000 41717 -0.127441 7001.12 0.999612
435500000 41717 -0.0304263 7001.11 0.999615
435600000 41717 -0.12435 7001.12 0.999612
435700000 41717 -0.0708048 7001.11 0.999625
435800000 41717 0.269938 7001.06 0.999723
435900000 41717 -0.103717 7001.12 0.999624
436000000 41717 0.888526 7000.95 0.999768
436100000 41717 0.0344476 7001.1 0.999649
436200000 41717 -0.0937653 7001.12 0.999629
436300000 41717 -0.098471 7001.12 0.999616
436400000 41717 -0.0266673 7001.11 0.999616
436500000 41717 -0.0632185 7001.11 0.999614
436600000 41717 -0.0563455 7001.11 0.999615
436700000 41717 0.0552281 7001.09 0.999651
436800000 41717 -0.0214897 7001.11 0.999616
436900000 41717 -0.0495625 7001.11 0.999614
437000000 41717 0.264664 7001.06 0.999682
437100000 41717 -0.0146637 7001.1 0.999616
437200000 41717 -0.0546408 7001.11 0.999615
437300000 41717 -0.0478841 7001.11 0.999616
437400000 41717 -0.203565 7001.14 0.999634
437500000 41717 -0.0757922 7001.11 0.999629
437600000 41717 1.60081 7000.83 0.999814
437700000 41717 0.348738 7001.04 0.999677
437800000 41717 -0.149284 7001.13 0.999619
437900000 41717 -0.0900142 7001.12 0.999621
438000000 41717 -0.13153 7001.12 0.999619
438100000 41717 0.0624072 7001.09 0.999643
438200000 41717 -0.150812 7001.13 0.999616
438300000 41717 0.121416 7001.08 0.999651
438400000 41717 -0.0475558 7001.11 0.999614
438500000 41717 -0.0466386 7001.11 0.999625
438600000 41717 -0.0332189 7001.11 0.999615
438700000 41717 -0.0142315 7001.1 0.999616
438800000 41717 -0.153801 7001.13 0.999613
438900000 41717 -0.0785122 7001.11 0.999619
439000000 41717 -0.0163359 7001.1 0.999616
439100000 41717 -0.0749092 7001.11 0.999617
439200000 41717 0.664281 7000.99 0.999709
439300000 41717 -0.0707219 7001.11 0.999618
439400000 41717 0.644708 7000.99 0.999713
439500000 41717 -0.126944 7001.12 0.999613
439600000 41717 1.81488 7000.8 0.999806
439700000 41717 -0.175498 7001.13 0.999624
439800000 41717 -0.0610182 7001.11 0.999629
439900000 41717 -0.108053 7001.12 0.999615
440000000 41717 -0.114839 7001.12 0.999616
440100000 41717 -0.144575 7001.13 0.999613
440200000 41717 -0.0299366 7001.11 0.999616
440300000 41717 -0.0392266 7001.11 0.999615
440400000 41717 -0.0282371 7001.11 0.999616
440500000 41717 -0.0822826 7001.12 0.999613
440600000 41717 -0.0269363 7001.11 0.999616
440700000 41717 1.28413 7000.89 0.999775
440800000 41717 2.5402 7000.68 0.999873
440900000 41717 -0.139578 7001.13 0.999611
441000000 41717 -0.0305414 7001.11 0.999644
441100000 41717 0.338774 7001.04 0.999685
441200000 41717 0.0207715 7001.1 0.999639
441300000 41717 0.198422 7001.07 0.999664
441400000 41717 0.0951618 7001.09 0.99966
441500000 41717 -0.00528074 7001.1 0.999617
441600000 41717 1.14044 7000.91 0.999754
441700000 41717 -0.0104188 7001.1 0.999617
441800000 41717 0.706523 7000.98 0.999713
441900000 41717 -0.073765 7001.11 0.999614
442000000 41717 -0.0154538 7001.1 0.999616
442100000 41717 -0.115707 7001.12 0.999614
442200000 41717 -0.063522 7001.11 0.999615
442300000 41717 -0.0454501 7001.11 0.999616
442400000 41717 -0.0698088 7001.11 0.999625
442500000 41717 -0.154407 7001.13 0.999612
442600000 41717 -0.0470616 7001.11 0.999615
442700000 41717 -0.0891831 7001.12 0.999613
442800000 41717 -0.0696883 7001.11 0.99963
442900000 41717 -0.0501566 7001.11 0.999646
443000000 41717 1.21385 7000.9 0.999756
443100000 41717 -0.0833889 7001.12 0.999626
443200000 41717 -0.120077 7001.12 0.999614
443300000 41717 -0.0249688 7001.11 0.999616
443400000 41717 -0.0876656 7001.12 0.999613
443500000 41717 0.359699 7001.04 0.999706
443600000 41717 -0.098944 7001.12 0.999615
443700000 41717 0.31651 7001.05 0.999689
443800000 41717 0.16352 7001.07 0.999669
443900000 41717 -0.184948 7001.13 0.999619
444000000 41717 -0.0991907 7001.12 0.999633
444100000 41717 -0.0459988 7001.11 0.999614
444200000 41717 -0.134753 7001.12 0.99964
444300000 41717 0.00550612 7001.1 0.999645
444400000 41717 0.149307 7001.08 0.999657
444500000 41717 0.591688 7001 0.999704
444600000 41717 -0.0152018 7001.1 0.999616
444700000 41717 -0.0155036 7001.1 0.999616
444800000 41717 -0.0197186 7001.1 0.999616
444900000 41717 -0.157795 7001.13 0.999615
445000000 41717 -0.128779 7001.12 0.999612
445100000 41717 -0.168536 7001.13 0.99962
445200000 41717 -0.0606078 7001.11 0.99962
445300000 41717 0.104522 7001.08 0.999657
445400000 41717 -0.0656088 7001.11 0.999615
445500000 41717 -0.0418523 7001.11 0.999615
445600000 41717 -0.160954 7001.13 0.999611
445700000 41717 -0.229593 7001.14 0.999614
445800000 41717 -0.0803897 7001.12 0.999613
445900000 41717 -0.0782582 7001.11 0.999619
446000000 41717 0.446891 7001.03 0.999694
446100000 41717 -0.0442674 7001.11 0.999615
446200000 41717 -0.187207 7001.13 0.999632
446300000 41717 -0.0671006 7001.11 0.999613
446400000 41717 -0.0664068 7001.11 0.999613
446500000 41717 -0.0342873 7001.11 0.999632
446600000 41717 -0.0969564 7001.12 0.999611
446700000 41717 -0.0557174 7001.11 0.999614
446800000 41717 1.78318 7000.8 0.999873
446900000 41717 -0.0283536 7001.11 0.999615
447000000 41717 -0.0604146 7001.11 0.999615
447100000 41717 -0.0750075 7001.11 0.999622
447200000 41717 -0.0442821 7001.11 0.999615
447300000 41717 3.21223 7000.56 0.999962
447400000 41717 -0.0289571 7001.11 0.999615
447500000 41717 -0.0228631 7001.11 0.999616
447600000 41717 -0.102114 7001.12 0.999613
447700000 41717 -0.100028 7001.12 0.999619
447800000 41717 -0.0923294 7001.12 0.999615
447900000 41717 0.178841 7001.07 0.999675
448000000 41717 0.139921 7001.08 0.999656
448100000 41717 -0.144321 7001.13 0.999608
448200000 41717 -0.0305288 7001.11 0.999615
448300000 41717 -0.0483105 7001.11 0.999625
448400000 41717 0.967146 7000.94 0.999745
448500000 41717 -0.11024 7001.12 0.999614
448600000 41717 -0.0359873 7001.11 0.999615
448700000 41717 4.04697 7000.42 1.00001
448800000 41717 -0.0140762 7001.1 0.999617
448900000 41717 1.04717 7000.93 0.999741
449000000 41717 2.80716 7000.63 0.999878
449100000 41717 -0.0827931 7001.12 0.999616
449200000 41717 -0.202989 7001.14 0.99961
449300000 41717 -0.0828474 7001.12 0.999615
449400000 41717 -0.0271989 7001.11 0.999616
449500000 41717 1.99906 7000.77 0.999856
449600000 41717 -0.0727666 7001.11 0.999618
449700000 41717 -0.135934 7001.12 0.999611
449800000 41717 -0.0475632 7001.11 0.999646
449900000 41717 -0.0969988 7001.12 0.999616
450000000 41717 -0.208543 7001.14 0.999614
450100000 41717 -0.0305378 7001.11 0.999615
450200000 41717 -0.143164 7001.13 0.999616
450300000 41717 1.77516 7000.8 0.999829
450400000 41717 -0.0198823 7001.1 0.999616
450500000 41717 -0.0138535 7001.1 0.999634
450600000 41717 -0.0335876 7001.11 0.999615
450700000 41717 0.921111 7000.95 0.999736
450800000 41717 -0.0196688 7001.1 0.999616
450900000 41717 -0.161601 7001.13 0.999612
451000000 41717 5.56911 7000.17 1.00008
451100000 41717 -0.015988 7001.1 0.999635
451200000 41717 -0.0508415 7001.11 0.999614
451300000 41717 -0.0813972 7001.12 0.999615
451400000 41717 -0.0321325 7001.11 0.999615
451500000 41717 0.728414 7000.98 0.999718
451600000 41717 -0.281782 7001.15 0.999628
451700000 41717 -0.0873499 7001.12 0.999615
451800000 41717 -0.117964 7001.12 0.99962
451900000 41717 -0.180261 7001.13 0.999618
452000000 41717 0.375109 7001.04 0.999696
452100000 41717 0.562611 7001.01 0.999699
452200000 41717 0.730616 7000.98 0.999736
452300000 41717 -0.0417032 7001.11 0.999615
452400000 41717 -0.0932313 7001.12 0.999613
452500000 41717 0.063895 7001.09 0.999671
452600000 41717 1.29253 7000.88 0.999768
452700000 41717 -0.0392314 7001.11 0.999614
452800000 41717 2.85695 7000.62 0.999893
452900000 41717 -0.0569307 7001.11 0.999613
453000000 41717 -0.0412964 7001.11 0.999631
453100000 41717 0.199669 7001.07 0.999668
453200000 41717 0.582149 7001 0.999701
453300000 41717 -0.129992 7001.12 0.999615
453400000 41717 -0.0778738 7001.11 0.999616
453500000 41717 -0.0783391 7001.11 0.999624
453600000 41717 2.93246 7000.61 0.999933
453700000 41717 -0.0370439 7001.11 0.999615
453800000 41717 -0.0861776 7001.12 0.999612
453900000 41717 -0.118142 7001.12 0.999615
454000000 41717 -0.0355473 7001.11 0.999637
454100000 41717 -0.101918 7001.12 0.999612
454200000 41717 0.420891 7001.03 0.999689
454300000 41717 -0.0114781 7001.1 0.999631
454400000 41717 -0.0540212 7001.11 0.999613
454500000 41717 0.399708 7001.03 0.999685
454600000 41717 -0.13699 7001.12 0.999613
454700000 41717 -0.0629883 7001.11 0.999614
454800000 41717 0.354606 7001.04 0.999719
454900000 41717 -0.0609422 7001.11 0.999621
455000000 41717 2.99403 7000.6 0.999894
455100000 41717 -0.0425853 7001.11 0.999616
455200000 41717 -0.109753 7001.12 0.999612
455300000 41717 -0.0693015 7001.11 0.999614
455400000 41717 0.837013 7000.96 0.999723
455500000 41717 -0.0858351 7001.12 0.999612
455600000 41717 0.343216 7001.04 0.999676
455700000 41717 1.9794 7000.77 0.999853
455800000 41717 -0.0313599 7001.11 0.999615
455900000 41717 -0.134426 7001.12 0.999615
456000000 41717 -0.039787 7001.11 0.999615
456100000 41717 -0.00552148 7001.1 0.999617
456200000 41717 1.53424 7000.84 0.999785
456300000 41717 -0.149658 7001.13 0.999616
456400000 41717 0.100623 7001.08 0.999649
456500000 41717 -0.175062 7001.13 0.999623
456600000 41717 0.475743 7001.02 0.999691
456700000 41717 0.261795 7001.06 0.99969
456800000 41717 0.295866 7001.05 0.999673
456900000 41717 -0.103194 7001.12 0.999614
457000000 41717 0.152629 7001.08 0.999675
457100000 41717 -0.0426914 7001.11 0.999616
457200000 41717 2.66828 7000.65 0.999871
457300000 41717 0.961314 7000.94 0.999735
457400000 41717 -0.09756 7001.12 0.999617
457500000 41717 -0.0994832 7001.12 0.999612
457600000 41717 1.35775 7000.87 0.999794
457700000 41717 -0.0466872 7001.11 0.999627
457800000 41717 -0.0703054 7001.11 0.999616
457900000 41717 -0.01994 7001.1 0.999616
458000000 41717 -0.0492608 7001.11 0.999636
458100000 41717 -0.0196998 7001.1 0.999616
458200000 41717 0.848436 7000.96 0.999725
458300000 41717 -0.0728328 7001.11 0.999614
458400000 41717 -0.031797 7001.11 0.999629
458500000 41717 2.16156 7000.74 0.999849
458600000 41717 -0.100329 7001.12 0.999615
458700000 41717 0.840062 7000.96 0.999723
458800000 41717 0.0989558 7001.08 0.99965
458900000 41717 -0.0693501 7001.11 0.999622
459000000 41717 -0.0301097 7001.11 0.999656
459100000 41717 -0.0923943 7001.12 0.999614
459200000 41717 -0.0955282 7001.12 0.999613
459300000 41717 -0.0617181 7001.11 0.999614
459400000 41717 0.158675 7001.07 0.999654
459500000 41717 -0.0926004 7001.12 0.999617
459600000 41717 -0.0133572 7001.1 0.999616
459700000 41717 -0.0681608 7001.11 0.999622
459800000 41717 -0.0248711 7001.11 0.99964
459900000 41717 0.22017 7001.06 0.999679
460000000 41717 -0.0596258 7001.11 0.999614
460100000 41717 -0.0625923 7001.11 0.999613
460200000 41717 0.140491 7001.08 0.999668
460300000 41717 -0.08117 7001.12 0.999613
460400000 41717 -0.0427644 7001.11 0.999615
460500000 41717 -0.124383 7001.12 0.999616
460600000 41717 0.509915 7001.02 0.999695
460700000 41717 -0.0036247 7001.1 0.999617
460800000 41717 -0.124796 7001.12 0.999613
460900000 41717 -0.0998362 7001.12 0.999621
461000000 41717 -0.00975955 7001.1 0.999645
461100000 41717 -0.123735 7001.12 0.999613
461200000 41717 0.708729 7000.98 0.999713
461300000 41717 -0.118263 7001.12 0.999625
461400000 41717 -0.142967 7001.13 0.999617
461500000 41717 -0.0826784 7001.12 0.999612
461600000 41717 -0.0360302 7001.11 0.999615
461700000 41717 -0.0888866 7001.12 0.999614
461800000 41717 -0.00675826 7001.1 0.999633
461900000 41717 -0.222054 7001.14 0.999617
462000000 41717 -0.0882685 7001.12 0.999622
462100000 41717 -0.172569 7001.13 0.999615
462200000 41717 -0.115102 7001.12 0.999629
462300000 41717 2.45041 7000.69 0.999854
462400000 41717 -0.0350452 7001.11 0.999615
462500000 41717 -0.0718053 7001.11 0.999614
462600000 41717 -0.0192963 7001.1 0.999616
462700000 41717 -0.145401 7001.13 0.999612
462800000 41717 -0.00493638 7001.1 0.999636
462900000 41717 0.290891 7001.05 0.99967
463000000 41717 -0.0137411 7001.1 0.999616
463100000 41717 -0.0972098 7001.12 0.999616
463200000 41717 -0.103589 7001.12 0.999635
463300000 41717 -0.125482 7001.12 0.999654
463400000 41717 -0.0162174 7001.1 0.999616
463500000 41717 -0.0208221 7001.11 0.999641
463600000 41717 -0.142114 7001.13 0.999613
463700000 41717 -0.113911 7001.12 0.999621
463800000 41717 -0.0489773 7001.11 0.999632
463900000 41717 -0.260466 7001.15 0.999625
464000000 41717 -0.105053 7001.12 0.999611
464100000 41717 -0.047835 7001.11 0.999614
464200000 41717 0.122088 7001.08 0.999655
464300000 41717 -0.0156249 7001.1 0.999616
464400000 41717 -0.0572768 7001.11 0.999615
464500000 41717 -0.058606 7001.11 0.999622
464600000 41717 -0.0649335 7001.11 0.999616
464700000 41717 -0.141298 7001.13 0.999612
464800000 41717 2.52282 7000.68 0.999919
464900000 41717 -0.0798978 7001.12 0.999615
465000000 41717 -0.0244007 7001.11 0.999616
465100000 41717 -0.0688563 7001.11 0.999614
465200000 41717 -0.0872566 7001.12 0.999614
465300000 41717 -0.0340077 7001.11 0.999615
465400000 41717 3.79473 7000.46 1.00001
465500000 41717 -0.00849131 7001.1 0.999617
465600000 41717 -0.11188 7001.12 0.999615
465700000 41717 -0.0342013 7001.11 0.999629
465800000 41717 -0.0731522 7001.11 0.999614
465900000 41717 -0.0289146 7001.11 0.999615
466000000 41717 -0.0931543 7001.12 0.999613
466100000 41717 -0.0175341 7001.1 0.999616
466200000 41717 -0.101958 7001.12 0.999617
466300000 41717 -0.15935 7001.13 0.999619
466400000 41717 -0.0760595 7001.11 0.999614
466500000 41717 -0.0713471 7001.11 0.999621
466600000 41717 -0.0763167 7001.11 0.999619
466700000 41717 -0.0682445 7001.11 0.999625
466800000 41717 0.0234815 7001.1 0.999638
466900000 41717 -0.0208384 7001.11 0.999616
467000000 41717 -0.106523 7001.12 0.999618
467100000 41717 -0.0251101 7001.11 0.999616
467200000 41717 -0.0523436 7001.11 0.999614
467300000 41717 0.468353 7001.02 0.999701
467400000 41717 -0.163314 7001.13 0.999624
467500000 41717 0.971432 7000.94 0.999735
467600000 41717 -0.106844 7001.12 0.999621
467700000 41717 -0.133731 7001.12 0.999614
467800000 41717 0.178851 7001.07 0.999665
467900000 41717 -0.24165 7001.14 0.999614
468000000 41717 0.254274 7001.06 0.999666
468100000 41717 -0.118941 7001.12 0.999622
468200000 41717 1.52865 7000.84 0.999821
468300000 41717 -0.0542917 7001.11 0.999615
468400000 41717 -0.222244 7001.14 0.999633
468500000 41717 0.196507 7001.07 0.999672
468600000 41717 3.28965 7000.55 0.999956
468700000 41717 0.056779 7001.09 0.999651
468800000 41717 -0.0857779 7001.12 0.999615
468900000 41717 0.155552 7001.08 0.999655
469000000 41717 -0.0913481 7001.12 0.999614
469100000 41717 0.710042 7000.98 0.999712
469200000 41717 -0.120306 7001.12 0.999613
469300000 41717 0.633939 7001 0.999726
469400000 41717 0.00556137 7001.1 0.99965
469500000 41717 -0.0586456 7001.11 0.999621
469600000 41717 -0.1627 7001.13 0.999615
469700000 41717 -0.153418 7001.13 0.999615
469800000 41717 0.69736 7000.98 0.999751
469900000 41717 -0.0356056 7001.11 0.999629
470000000 41717 -0.00529777 7001.1 0.999617
470100000 41717 -0.173539 7001.13 0.999614
470200000 41717 -0.0598309 7001.11 0.999622
470300000 41717 -0.0491449 7001.11 0.999614
470400000 41717 -0.0483847 7001.11 0.999631
470500000 41717 0.340695 7001.04 0.99968
470600000 41717 -0.0536749 7001.11 0.999614
470700000 41717 -0.0818312 7001.12 0.999632
470800000 41717 -0.0786292 7001.11 0.999615
470900000 41717 -0.00714583 7001.1 0.999632
471000000 41717 -0.00830862 7001.1 0.999617
471100000 41717 0.0619049 7001.09 0.999645
471200000 41717 -0.0623994 7001.11 0.999658
471300000 41717 -0.0092151 7001.1 0.999617
471400000 41717 -0.0286524 7001.11 0.999615
471500000 41717 0.523445 7001.01 0.999733
471600000 41717 -0.133126 7001.12 0.999623
471700000 41717 1.80382 7000.8 0.999854
471800000 41717 -0.227589 7001.14 0.99963
471900000 41717 -0.105252 7001.12 0.99962
472000000 41717 -0.0371264 7001.11 0.999615
472100000 41717 -0.00633203 7001.1 0.999617
472200000 41717 0.68674 7000.99 0.999719
472300000 41717 -0.146493 7001.13 0.999616
472400000 41717 -0.0707107 7001.11 0.999619
472500000 41717 0.822484 7000.96 0.999748
472600000 41717 -0.0098495 7001.1 0.999632
472700000 41717 -0.0690249 7001.11 0.999643
472800000 41717 -0.0728316 7001.11 0.999613
472900000 41717 -0.107126 7001.12 0.999614
473000000 41717 0.246647 7001.06 0.999696
473100000 41717 -0.0191926 7001.1 0.999616
473200000 41717 -0.0160701 7001.1 0.999661
473300000 41717 -0.118691 7001.12 0.999614
473400000 41717 -0.0626411 7001.11 0.999625
473500000 41717 -0.087436 7001.12 0.999613
473600000 41717 0.0217775 7001.1 0.99964
473700000 41717 -0.195587 7001.13 0.99962
473800000 41717 0.298948 7001.05 0.999696
473900000 41717 -0.0567869 7001.11 0.999625
474000000 41717 -0.109365 7001.12 0.999614
474100000 41717 2.27812 7000.72 0.99984
474200000 41717 1.64336 7000.83 0.999829
474300000 41717 0.0941603 7001.09 0.99965
474400000 41717 -0.0129415 7001.1 0.999616
474500000 41717 -0.179877 7001.13 0.999608
474600000 41717 -0.0518504 7001.11 0.999615
474700000 41717 -0.160743 7001.13 0.999625
474800000 41717 -0.0460866 7001.11 0.999616
474900000 41717 -0.0580733 7001.11 0.999621
475000000 41717 2.20252 7000.73 0.999851
475100000 41717 -0.198139 7001.13 0.999634
475200000 41717 -0.0379964 7001.11 0.999615
475300000 41717 -0.0510447 7001.11 0.999646
475400000 41717 0.404317 7001.03 0.999685
475500000 41717 2.05859 7000.76 0.999823
475600000 41717 -0.102324 7001.12 0.999614
475700000 41717 -0.0579225 7001.11 0.99962
475800000 41717 0.736001 7000.98 0.999715
475900000 41717 -0.150913 7001.13 0.99964
476000000 41717 -0.0449879 7001.11 0.999632
476100000 41717 -0.0566931 7001.11 0.999614
476200000 41717 -0.101985 7001.12 0.999666
476300000 41717 -0.0675631 7001.11 0.999619
476400000 41717 -0.158843 7001.13 0.999612
476500000 41717 -0.167481 7001.13 0.999615
476600000 41717 0.488506 7001.02 0.999725
476700000 41717 -0.11309 7001.12 0.999612
476800000 41717 0.0220088 7001.1 0.999647
476900000 41717 0.0246961 7001.1 0.999637
477000000 41717 -0.0658762 7001.11 0.999614
477100000 41717 -0.090499 7001.12 0.999612
477200000 41717 -0.0378979 7001.11 0.999615
477300000 41717 -0.055891 7001.11 0.999614
477400000 41717 -0.0668784 7001.11 0.999614
477500000 41717 -0.0132898 7001.1 0.999616
477600000 41717 -0.0285474 7001.11 0.999615
477700000 41717 -0.0465576 7001.11 0.999615
477800000 41717 -0.00644069 7001.1 0.999617
477900000 41717 0.888551 7000.95 0.999762
478000000 41717 -0.0642941 7001.11 0.999614
478100000 41717 -0.0565448 7001.11 0.999641
478200000 41717 -0.193341 7001.13 0.99961
478300000 41717 -0.109248 7001.12 0.999627
478400000 41717 -0.219919 7001.14 0.999617
478500000 41717 0.086327 7001.09 0.999655
478600000 41717 -0.0445816 7001.11 0.999615
478700000 41717 2.53035 7000.68 0.999902
478800000 41717 -0.0513048 7001.11 0.999614
478900000 41717 -0.00293983 7001.1 0.999617
479000000 41717 -0.0730714 7001.11 0.999615
479100000 41717 -0.17062 7001.13 0.999614
479200000 41717 -0.114495 7001.12 0.999626
479300000 41717 -0.128943 7001.12 0.999613
479400000 41717 0.0450731 7001.09 0.999669
479500000 41717 -0.13684 7001.12 0.999611
479600000 41717 -0.0482789 7001.11 0.999615
479700000 41717 -0.0834428 7001.12 0.999632
479800000 41717 -0.0483918 7001.11 0.999614
479900000 41717 -0.0354788 7001.11 0.999615
480000000 41717 -0.263125 7001.15 0.999617
480100000 41717 -0.0934626 7001.12 0.999615
480200000 41717 -0.103783 7001.12 0.999621
480300000 41717 -0.13258 7001.12 0.999615
480400000 41717 -0.0778945 7001.11 0.999613
480500000 41717 -0.0400572 7001.11 0.999615
480600000 41717 0.0182701 7001.1 0.999652
480700000 41717 2.95244 7000.61 0.999889
480800000 41717 -0.0978992 7001.12 0.999621
480900000 41717 -0.102611 7001.12 0.999626
481000000 41717 -0.0220351 7001.11 0.999616
481100000 41717 4.99803 7000.26 1.00008
481200000 41717 -0.199143 7001.14 0.999617
481300000 41717 1.72195 7000.81 0.999845
481400000 41717 -0.0976947 7001.12 0.999631
481500000 41717 -0.0702089 7001.11 0.999632
481600000 41717 -0.0895732 7001.12 0.999615
481700000 41717 -0.0866827 7001.12 0.999619
481800000 41717 -0.0949525 7001.12 0.999612
481900000 41717 -0.0487695 7001.11 0.999615
482000000 41717 2.90192 7000.61 0.999899
482100000 41717 -0.108206 7001.12 0.999613
482200000 41717 1.44577 7000.86 0.999779
482300000 41717 -0.0180541 7001.1 0.999631
482400000 41717 -0.0411914 7001.11 0.999615
482500000 41717 0.0108934 7001.1 0.999644
482600000 41717 -0.0716556 7001.11 0.999642
482700000 41717 -0.0746835 7001.11 0.99962
482800000 41717 0.393934 7001.04 0.999686
482900000 41717 -0.0939617 7001.12 0.999612
483000000 41717 0.38537 7001.04 0.999699
483100000 41717 2.23184 7000.73 0.999837
483200000 41717 -0.0376466 7001.11 0.999615
483300000 41717 -0.175926 7001.13 0.999611
483400000 41717 -0.0734137 7001.11 0.999614
483500000 41717 -0.151584 7001.13 0.999639
483600000 41717 2.90283 7000.61 0.999893
483700000 41717 -0.0448604 7001.11 0.999615
483800000 41717 -0.0592184 7001.11 0.99962
483900000 41717 1.48155 7000.85 0.999792
484000000 41717 -0.124965 7001.12 0.999612
484100000 41717 0.0155677 7001.1 0.999655
484200000 41717 -0.0360728 7001.11 0.999615
484300000 41717 0.0136114 7001.1 0.999655
484400000 41717 0.639023 7000.99 0.999738
484500000 41717 0.0928202 7001.09 0.99965
484600000 41717 -0.0445349 7001.11 0.999614
484700000 41717 -0.0563081 7001.11 0.999615
484800000 41717 -0.0241157 7001.11 0.999645
484900000 41717 -0.0130457 7001.1 0.999617
485000000 41717 -0.0513201 7001.11 0.999615
485100000 41717 0.020176 7001.1 0.999651
485200000 41717 -0.00512675 7001.1 0.999617
485300000 41717 -0.170479 7001.13 0.999615
485400000 41717 -0.0951825 7001.12 0.99962
485500000 41717 5.28158 7000.22 1.00005
485600000 41717 -0.0169473 7001.1 0.999616
485700000 41717 -0.0572246 7001.11 0.999615
485800000 41717 0.256933 7001.06 0.999666
485900000 41717 -0.047204 7001.11 0.999616
486000000 41717 -0.0741341 7001.11 0.999621
486100000 41717 0.0910318 7001.09 0.999662
486200000 41717 -0.051898 7001.11 0.999615
486300000 41717 -0.113164 7001.12 0.999618
486400000 41717 -0.0814057 7001.12 0.999616
486500000 41717 -0.0742171 7001.11 0.999619
486600000 41717 -0.0423077 7001.11 0.999628
486700000 41717 -0.0933538 7001.12 0.999617
486800000 41717 0.0362879 7001.1 0.999639
486900000 41717 1.23277 7000.89 0.999779
487000000 41717 0.0629372 7001.09 0.999684
487100000 41717 0.803893 7000.97 0.999725
487200000 41717 -0.0584668 7001.11 0.999614
487300000 41717 -0.0723082 7001.11 0.999613
487400000 41717 -0.080906 7001.12 0.999614
487500000 41717 -0.0493077 7001.11 0.999616
487600000 41717 -0.0195568 7001.1 0.999646
487700000 41717 -0.0963987 7001.12 0.999613
487800000 41717 -0.0647361 7001.11 0.999615
487900000 41717 -0.0163607 7001.1 0.999616
488000000 41717 0.171063 7001.07 0.999661
488100000 41717 -0.0545267 7001.11 0.999625
488200000 41717 -0.0638226 7001.11 0.999623
488300000 41717 0.63385 7001 0.999705
488400000 41717 0.163653 7001.07 0.999671
488500000 41717 1.03623 7000.93 0.999773
488600000 41717 -0.0582917 7001.11 0.999614
488700000 41717 0.00557254 7001.1 0.999635
488800000 41717 -0.0500406 7001.11 0.999614
488900000 41717 -0.0488682 7001.11 0.999615
489000000 41717 -0.0618446 7001.11 0.999631
489100000 41717 -0.125176 7001.12 0.999613
489200000 41717 -0.128516 7001.12 0.999615
489300000 41717 4.34466 7000.37 1.00004
489400000 41717 0.109112 7001.08 0.99968
489500000 41717 -0.0994973 7001.12 0.999617
489600000 41717 -0.0139788 7001.1 0.999638
489700000 41717 -0.162682 7001.13 0.999613
489800000 41717 -0.15527 7001.13 0.999622
489900000 41717 -0.0992717 7001.12 0.999619
490000000 41717 -0.0717577 7001.11 0.999614
490100000 41717 -0.0676148 7001.11 0.999613
490200000 41717 -0.113407 7001.12 0.99962
490300000 41717 -0.0464401 7001.11 0.999615
490400000 41717 0.64824 7000.99 0.999743
490500000 41717 -0.102308 7001.12 0.999614
490600000 41717 -0.0450227 7001.11 0.999616
490700000 41717 -0.0829112 7001.12 0.999618
490800000 41717 0.735847 7000.98 0.999742
490900000 41717 -0.0390403 7001.11 0.999615
491000000 41717 -0.0290569 7001.11 0.999616
491100000 41717 -0.0684664 7001.11 0.999622
491200000 41717 -0.0729285 7001.11 0.999636
491300000 41717 -0.0557267 7001.11 0.999614
491400000 41717 0.134754 7001.08 0.999652
491500000 41717 -0.0128913 7001.1 0.999616
491600000 41717 -0.068623 7001.11 0.999623
491700000 41717 -0.071647 7001.11 0.999614
491800000 41717 -0.0593528 7001.11 0.999614
491900000 41717 0.283822 7001.05 0.999686
492000000 41717 0.0383785 7001.1 0.999642
492100000 41717 -0.0266521 7001.11 0.999616
492200000 41717 -0.0970462 7001.12 0.999613
492300000 41717 -0.0607507 7001.11 0.999617
492400000 41717 -0.0104213 7001.1 0.999617
492500000 41717 0.541588 7001.01 0.999718
492600000 41717 -0.077585 7001.11 0.999622
492700000 41717 -0.101375 7001.12 0.999618
492800000 41717 2.27615 7000.72 0.999881
492900000 41717 5.34729 7000.2 1.00007
493000000 41717 -0.0556079 7001.11 0.999614
493100000 41717 -0.0359176 7001.11 0.999615
493200000 41717 -0.126819 7001.12 0.999618
493300000 41717 -0.00600435 7001.1 0.999617
493400000 41717 -0.102663 7001.12 0.99962
493500000 41717 -0.134785 7001.12 0.999614
493600000 41717 -0.00718814 7001.1 0.999617
493700000 41717 0.949 7000.94 0.999756
493800000 41717 -0.0485162 7001.11 0.999628
493900000 41717 -0.0177014 7001.1 0.999647
494000000 41717 -0.155293 7001.13 0.999616
494100000 41717 -0.136211 7001.12 0.999619
494200000 41717 -0.0606898 7001.11 0.999649
494300000 41717 0.0550637 7001.09 0.999659
494400000 41717 0.819415 7000.96 0.99977
494500000 41717 6.98721 6999.93 1.00015
494600000 41717 0.901362 7000.95 0.99973
494700000 41717 -0.0676374 7001.11 0.999614
494800000 41717 4.0273 7000.43 0.99999
494900000 41717 -0.0149944 7001.1 0.999616
495000000 41717 -0.0150807 7001.1 0.999616
495100000 41717 1.02923 7000.93 0.999742
495200000 41717 -0.0787193 7001.11 0.999614
495300000 41717 -0.0957277 7001.12 0.999612
495400000 41717 0.138702 7001.08 0.999658
495500000 41717 -0.0457185 7001.11 0.999615
495600000 41717 0.0246253 7001.1 0.99964
495700000 41717 -0.103079 7001.12 0.999633
495800000 41717 -0.0347983 7001.11 0.999642
495900000 41717 0.534556 7001.01 0.999698
496000000 41717 -0.0569698 7001.11 0.999614
496100000 41717 -0.0953091 7001.12 0.999613
496200000 41717 -0.102546 7001.12 0.999611
496300000 41717 -0.126141 7001.12 0.999615
496400000 41717 -0.0320263 7001.11 0.999615
496500000 41717 -0.0338966 7001.11 0.999615
496600000 41717 -0.0439409 7001.11 0.999615
496700000 41717 -0.151215 7001.13 0.99964
496800000 41717 -0.0470903 7001.11 0.999614
496900000 41717 -0.0712677 7001.11 0.999614
497000000 41717 -0.149504 7001.13 0.999612
497100000 41717 -0.128463 7001.12 0.999612
497200000 41717 -0.00363272 7001.1 0.999636
497300000 41717 1.57378 7000.84 0.999785
497400000 41717 -0.0733305 7001.11 0.999614
497500000 41717 -0.0782396 7001.11 0.999614
497600000 41717 -0.146832 7001.13 0.999631
497700000 41717 0.186472 7001.07 0.999661
497800000 41717 -0.0448242 7001.11 0.999615
497900000 41717 -0.04645 7001.11 0.999615
498000000 41717 -0.0657868 7001.11 0.999618
498100000 41717 -0.00795688 7001.1 0.999641
498200000 41717 1.35052 7000.88 0.999767
498300000 41717 0.244318 7001.06 0.999678
498400000 41717 0.0250887 7001.1 0.999655
498500000 41717 -0.0490521 7001.11 0.99965
498600000 41717 0.617226 7001 0.999703
498700000 41717 -0.0499673 7001.11 0.999614
498800000 41717 0.0700218 7001.09 0.99965
498900000 41717 1.28814 7000.89 0.999764
499000000 41717 1.16998 7000.91 0.999774
499100000 41717 -0.100735 7001.12 0.999638
499200000 41717 -0.0634468 7001.11 0.999626
499300000 41717 -0.0354244 7001.11 0.999615
499400000 41717 -0.137687 7001.12 0.999613
499500000 41717 -0.209297 7001.14 0.999616
499600000 41717 -0.101887 7001.12 0.999613
499700000 41717 0.232526 7001.06 0.999686
499800000 41717 0.00465283 7001.1 0.999638
499900000 41717 0.4604 7001.02 0.999695
500000000 41717 -0.0560628 7001.11 0.999625
500100000 41717 0.0513485 7001.09 0.999654
500200000 41717 0.100211 7001.08 0.999653
500300000 41717 -0.106043 7001.12 0.999624
500400000 41717 0.409142 7001.03 0.999702
500500000 41717 -0.179242 7001.13 0.999615
500600000 41717 0.168846 7001.07 0.99968
500700000 41717 -0.174202 7001.13 0.99962
500800000 41717 -0.0917971 7001.12 0.999612
500900000 41717 0.173587 7001.07 0.999658
501000000 41717 -0.182444 7001.13 0.999623
501100000 41717 -0.103629 7001.12 0.999616
501200000 41717 -0.0424785 7001.11 0.999615
501300000 41717 -0.134567 7001.12 0.999614
501400000 41717 0.394165 7001.04 0.999687
501500000 41717 -0.0693174 7001.11 0.999626
501600000 41717 -0.0448074 7001.11 0.999615
501700000 41717 -0.0609367 7001.11 0.999617
501800000 41717 -0.0821183 7001.12 0.999631
501900000 41717 0.173893 7001.07 0.99966
502000000 41717 -0.042137 7001.11 0.999615
502100000 41717 -0.030579 7001.11 0.999615
502200000 41717 0.647049 7000.99 0.999709
502300000 41717 -0.0996694 7001.12 0.999612
502400000 41717 0.00188992 7001.1 0.999633
502500000 41717 -0.0889527 7001.12 0.999615
502600000 41717 -0.109109 7001.12 0.999635
502700000 41717 2.88147 7000.62 0.999938
502800000 41717 -0.0901225 7001.12 0.999616
502900000 41717 -0.0654448 7001.11 0.999615
503000000 41717 -0.129078 7001.12 0.999618
503100000 41717 -0.0168824 7001.1 0.999633
503200000 41717 -0.0253771 7001.11 0.999616
503300000 41717 -0.0364654 7001.11 0.999653
503400000 41717 -0.0924782 7001.12 0.999632
503500000 41717 -0.0301523 7001.11 0.999615
503600000 41717 0.342311 7001.04 0.999675
503700000 41717 -0.0991119 7001.12 0.999631
503800000 41717 -0.135405 7001.12 0.999611
503900000 41717 0.556611 7001.01 0.999712
504000000 41717 -0.186777 7001.13 0.999609
504100000 41717 -0.0105038 7001.1 0.999617
504200000 41717 -0.0707683 7001.11 0.999615
504300000 41717 -0.0939015 7001.12 0.999613
504400000 41717 -0.144272 7001.13 0.999611
504500000 41717 0.0715104 7001.09 0.999646
504600000 41717 0.189025 7001.07 0.999677
504700000 41717 -0.00556599 7001.1 0.999617
504800000 41717 -0.0893092 7001.12 0.999614
504900000 41717 -0.135752 7001.12 0.999615
505000000 41717 -0.0112248 7001.1 0.99964
505100000 41717 0.537086 7001.01 0.999697
505200000 41717 -0.0332676 7001.11 0.999616
505300000 41717 -0.112052 7001.12 0.999624
505400000 41717 -0.0453761 7001.11 0.999633
505500000 41717 -0.0588146 7001.11 0.999613
505600000 41717 0.644287 7000.99 0.999709
505700000 41717 -0.111549 7001.12 0.999617
505800000 41717 -0.111105 7001.12 0.999628
505900000 41717 -0.088658 7001.12 0.999614
506000000 41717 -0.0053127 7001.1 0.999617
506100000 41717 -0.13488 7001.12 0.99962
506200000 41717 -0.0467596 7001.11 0.999615
506300000 41717 -0.132672 7001.12 0.999612
506400000 41717 0.0811361 7001.09 0.999658
506500000 41717 -0.0742626 7001.11 0.999615
506600000 41717 0.00368776 7001.1 0.999653
506700000 41717 -0.0993467 7001.12 0.999613
506800000 41717 -0.0721005 7001.11 0.999636
506900000 41717 0.543747 7001.01 0.999696
507000000 41717 0.891333 7000.95 0.999738
507100000 41717 3.10226 7000.58 0.9999
507200000 41717 0.731188 7000.98 0.999718
507300000 41717 4.9641 7000.27 1.00012
507400000 41717 -0.227939 7001.14 0.999635
507500000 41717 -0.0738804 7001.11 0.999618
507600000 41717 -0.0565091 7001.11 0.999616
507700000 41717 0.019179 7001.1 0.999653
507800000 41717 -0.0451807 7001.11 0.999614
507900000 41717 -0.176835 7001.13 0.999623
508000000 41717 -0.119356 7001.12 0.99962
508100000 41717 1.03586 7000.93 0.999785
508200000 41717 -0.0326657 7001.11 0.999616
508300000 41717 -0.0408104 7001.11 0.999615
508400000 41717 -0.0960306 7001.12 0.999624
508500000 41717 0.0728727 7001.09 0.999693
508600000 41717 -0.0477611 7001.11 0.999615
508700000 41717 -0.0236444 7001.11 0.999616
508800000 41717 0.0621939 7001.09 0.999675
508900000 41717 -0.101965 7001.12 0.999619
509000000 41717 -0.0730949 7001.11 0.999614
509100000 41717 -0.0733166 7001.11 0.999614
509200000 41717 1.65356 7000.82 0.99982
509300000 41717 -0.137298 7001.12 0.99961
509400000 41717 -0.174545 7001.13 0.999611
509500000 41717 -0.101253 7001.12 0.999617
509600000 41717 1.84423 7000.79 0.999833
509700000 41717 -0.0221649 7001.11 0.999616
509800000 41717 -0.179593 7001.13 0.999616
509900000 41717 -0.0593291 7001.11 0.999613
510000000 41717 -0.0824474 7001.12 0.999614
510100000 41717 -0.0639995 7001.11 0.999614
510200000 41717 -0.0475881 7001.11 0.999615
510300000 41717 -0.0688939 7001.11 0.999614
510400000 41717 -0.0718022 7001.11 0.999618
510500000 41717 -0.0454631 7001.11 0.999616
510600000 41717 0.499031 7001.02 0.999709
510700000 41717 0.00735597 7001.1 0.99965
510800000 41717 -0.0265534 7001.11 0.999615
510900000 41717 -0.0208204 7001.11 0.999616
511000000 41717 -0.10792 7001.12 0.999621
511100000 41717 0.792145 7000.97 0.999737
511200000 41717 -0.0174221 7001.1 0.999634
511300000 41717 2.09557 7000.75 0.999862
511400000 41717 -0.0256877 7001.11 0.999629
511500000 41717 1.61036 7000.83 0.999802
511600000 41717 -0.142695 7001.13 0.999611
511700000 41717 2.49093 7000.68 0.999918
511800000 41717 0.142864 7001.08 0.999661
511900000 41717 -0.0837343 7001.12 0.999638
512000000 41717 -0.0376043 7001.11 0.999615
512100000 41717 0.0155949 7001.1 0.99964
512200000 41717 -0.0411976 7001.11 0.999616
512300000 41717 -0.0824425 7001.12 0.999613
512400000 41717 -0.0783553 7001.11 0.999614
512500000 41717 -0.0602741 7001.11 0.999616
512600000 41717 0.752381 7000.98 0.999718
512700000 41717 -0.0348387 7001.11 0.999615
512800000 41717 -0.0308073 7001.11 0.999615
512900000 41717 0.428395 7001.03 0.999686
513000000 41717 -0.110263 7001.12 0.999617
513100000 41717 -0.136146 7001.12 0.999614
513200000 41717 0.491628 7001.02 0.999705
513300000 41717 -0.0603366 7001.11 0.999641
513400000 41717 0.027642 7001.1 0.999654
513500000 41717 -0.0837521 7001.12 0.999614
513600000 41717 -0.0211656 7001.11 0.999639
513700000 41717 -0.0669902 7001.11 0.999614
513800000 41717 0.182908 7001.07 0.999665
513900000 41717 -0.109948 7001.12 0.999616
514000000 41717 -0.115258 7001.12 0.999611
514100000 41717 -0.0441018 7001.11 0.999615
514200000 41717 -0.0886452 7001.12 0.999628
514300000 41717 -0.0985386 7001.12 0.999617
514400000 41717 -0.117385 7001.12 0.999611
514500000 41717 2.4562 7000.69 0.999895
514600000 41717 0.298971 7001.05 0.999725
514700000 41717 -0.00931886 7001.1 0.999617
514800000 41717 3.1948 7000.57 0.99992
514900000 41717 0.188377 7001.07 0.999672
515000000 41717 -0.0591612 7001.11 0.999629
515100000 41717 -0.0589582 7001.11 0.999613
515200000 41717 -0.175019 7001.13 0.999615
515300000 41717 -0.0454811 7001.11 0.999632
515400000 41717 -0.136055 7001.12 0.999627
515500000 41717 0.204179 7001.07 0.999661
515600000 41717 -0.0448617 7001.11 0.999615
515700000 41717 -0.0927322 7001.12 0.999616
515800000 41717 -0.0244274 7001.11 0.999616
515900000 41717 -0.0461202 7001.11 0.999614
516000000 41717 0.073635 7001.09 0.999644
516100000 41717 -0.137554 7001.12 0.999617
516200000 41717 -0.0316112 7001.11 0.999615
516300000 41717 -0.013523 7001.1 0.999616
516400000 41717 0.0370094 7001.1 0.999652
516500000 41717 -0.088287 7001.12 0.999626
516600000 41717 -0.0244152 7001.11 0.999616
516700000 41717 1.98172 7000.77 0.999817
516800000 41717 -0.0906222 7001.12 0.999638
516900000 41717 -0.0253699 7001.11 0.999616
517000000 41717 -0.148902 7001.13 0.999616
517100000 41717 -0.0765231 7001.11 0.999613
517200000 41717 -0.112428 7001.12 0.999613
517300000 41717 -0.0405872 7001.11 0.999643
517400000 41717 -0.0401917 7001.11 0.999615
517500000 41717 -0.0480741 7001.11 0.999615
517600000 41717 0.0282878 7001.1 0.999641
517700000 41717 -0.0331895 7001.11 0.999616
517800000 41717 -0.013112 7001.1 0.999617
517900000 41717 -0.0225595 7001.11 0.999616
518000000 41717 -0.120309 7001.12 0.99961
518100000 41717 -0.0958206 7001.12 0.999614
518200000 41717 -0.0437723 7001.11 0.999615
518300000 41717 1.90257 7000.78 0.999836
518400000 41717 2.18824 7000.73 0.999834
518500000 41717 -0.060961 7001.11 0.999614
518600000 41717 -0.0638268 7001.11 0.999633
518700000 41717 -0.112048 7001.12 0.999614
518800000 41717 0.113 7001.08 0.999649
518900000 41717 -0.00798073 7001.1 0.999617
519000000 41717 0.230663 7001.06 0.999673
519100000 41717 -0.0183908 7001.1 0.999616
519200000 41717 -0.0348165 7001.11 0.999616
519300000 41717 -0.0262104 7001.11 0.999616
519400000 41717 -0.163216 7001.13 0.999616
519500000 41717 -0.0483142 7001.11 0.999615
519600000 41717 -0.0814131 7001.12 0.999621
519700000 41717 -0.175796 7001.13 0.999628
519800000 41717 0.512638 7001.02 0.9997
519900000 41717 -0.0466281 7001.11 0.999632
520000000 41717 -0.0688043 7001.11 0.999617
520100000 41717 -0.146131 7001.13 0.99962
520200000 41717 -0.140989 7001.13 0.999618
520300000 41717 -0.0297499 7001.11 0.999615
520400000 41717 0.0158405 7001.1 0.999645
520500000 41717 0.0530292 7001.09 0.999687
520600000 41717 0.0375458 7001.1 0.999643
520700000 41717 -0.0154905 7001.1 0.999616
520800000 41717 -0.0387953 7001.11 0.999615
520900000 41717 7.54895 6999.84 1.00022
521000000 41717 -0.0404143 7001.11 0.999615
521100000 41717 -0.0606234 7001.11 0.999645
521200000 41717 -0.0427776 7001.11 0.999614
521300000 41717 -0.0700727 7001.11 0.999618
521400000 41717 -0.0649283 7001.11 0.999615
521500000 41717 -0.0556694 7001.11 0.999615
521600000 41717 -0.11462 7001.12 0.999612
521700000 41717 -0.00953267 7001.1 0.999617
521800000 41717 -0.0110681 7001.1 0.999617
521900000 41717 2.0387 7000.76 0.999841
522000000 41717 -0.230416 7001.14 0.999611
522100000 41717 -0.0655227 7001.11 0.999618
522200000 41717 -0.169316 7001.13 0.999615
522300000 41717 -0.134193 7001.12 0.999617
522400000 41717 -0.173899 7001.13 0.999613
522500000 41717 -0.0310878 7001.11 0.999616
522600000 41717 0.0157055 7001.1 0.999644
522700000 41717 -0.100178 7001.12 0.999624
522800000 41717 3.34523 7000.54 0.999916
522900000 41717 -0.125325 7001.12 0.999618
523000000 41717 0.768061 7000.97 0.999727
523100000 41717 -0.0426742 7001.11 0.999615
523200000 41717 -0.0396514 7001.11 0.999615
523300000 41717 -0.11008 7001.12 0.999611
523400000 41717 -0.0366831 7001.11 0.999615
523500000 41717 -0.145302 7001.13 0.999614
523600000 41717 -0.10955 7001.12 0.999612
523700000 41717 -0.0179473 7001.1 0.999633
523800000 41717 -0.0550608 7001.11 0.999628
523900000 41717 -0.0485877 7001.11 0.999616
524000000 41717 2.39921 7000.7 0.999896
524100000 41717 -0.100973 7001.12 0.999612
524200000 41717 -0.0359851 7001.11 0.999615
524300000 41717 0.0200674 7001.1 0.999652
524400000 41717 -0.247068 7001.14 0.999607
524500000 41717 -0.0881153 7001.12 0.999613
524600000 41717 1.47739 7000.85 0.99978
524700000 41717 -0.109343 7001.12 0.999619
524800000 41717 -0.0653517 7001.11 0.999627
524900000 41717 -0.128027 7001.12 0.999621
525000000 41717 0.00950027 7001.1 0.99966
525100000 41717 -0.0405592 7001.11 0.999615
525200000 41717 -0.106429 7001.12 0.999614
525300000 41717 -0.0679847 7001.11 0.999614
525400000 41717 1.97528 7000.77 0.999821
525500000 41717 -0.0133326 7001.1 0.999643
525600000 41717 0.0863922 7001.09 0.999678
525700000 41717 -0.116757 7001.12 0.999611
525800000 41717 -0.171138 7001.13 0.999623
525900000 41717 1.49809 7000.85 0.999817
526000000 41717 -0.0599164 7001.11 0.999615
526100000 41717 -0.121724 7001.12 0.999623
526200000 41717 -0.0306267 7001.11 0.999616
526300000 41717 -0.0723331 7001.11 0.999616
526400000 41717 -0.0302493 7001.11 0.999646
526500000 41717 1.49206 7000.85 0.999841
526600000 41717 -0.0330223 7001.11 0.999615
526700000 41717 1.26392 7000.89 0.99976
526800000 41717 0.159426 7001.07 0.999674
526900000 41717 -0.0383484 7001.11 0.999615
527000000 41717 1.36993 7000.87 0.999772
527100000 41717 0.56621 7001.01 0.999727
527200000 41717 -0.0548703 7001.11 0.999614
527300000 41717 1.09761 7000.92 0.999746
527400000 41717 -0.0135094 7001.1 0.999617
527500000 41717 2.05526 7000.76 0.999857
527600000 41717 -0.163304 7001.13 0.999614
527700000 41717 -0.0425785 7001.11 0.999615
527800000 41717 0.37672 7001.04 0.999698
527900000 41717 12.086 6999.07 1.00043
528000000 41717 3.6373 7000.49 0.999938
528100000 41717 -0.0272551 7001.11 0.999616
528200000 41717 0.116255 7001.08 0.99965
528300000 41717 -0.0474013 7001.11 0.999614
528400000 41717 3.43341 7000.53 1.00001
528500000 41717 -0.0842003 7001.12 0.999614
528600000 41717 -0.0703613 7001.11 0.99964
528700000 41717 -0.0516916 7001.11 0.999624
528800000 41717 -0.0819616 7001.12 0.999614
528900000 41717 -0.122554 7001.12 0.999617
529000000 41717 -0.112519 7001.12 0.999613
529100000 41717 -0.0612925 7001.11 0.999629
529200000 41717 -0.0332643 7001.11 0.999616
529300000 41717 0.0597465 7001.09 0.999658
529400000 41717 -0.20741 7001.14 0.999609
529500000 41717 0.120408 7001.08 0.999656
529600000 41717 0.472478 7001.02 0.999689
529700000 41717 1.52721 7000.85 0.999795
529800000 41717 -0.0554835 7001.11 0.999617
529900000 41717 -0.224613 7001.14 0.999614
530000000 41717 0.0436826 7001.09 0.999645
530100000 41717 -0.0523111 7001.11 0.999615
530200000 41717 0.362038 7001.04 0.999682
530300000 41717 -0.0912587 7001.12 0.999616
530400000 41717 0.152343 7001.08 0.999658
530500000 41717 0.161724 7001.07 0.999661
530600000 41717 0.0343366 7001.1 0.999638
530700000 41717 -0.0172084 7001.1 0.999616
530800000 41717 -0.0411427 7001.11 0.999645
530900000 41717 -0.0183257 7001.1 0.999647
531000000 41717 -0.000698947 7001.1 0.999618
531100000 41717 -0.11166 7001.12 0.999621
531200000 41717 0.156665 7001.08 0.999659
531300000 41717 -0.0486914 7001.11 0.999615
531400000 41717 1.79056 7000.8 0.999843
531500000 41717 1.78468 7000.8 0.999808
531600000 41717 1.60406 7000.83 0.999805
531700000 41717 -0.0882349 7001.12 0.999618
531800000 41717 0.1639 7001.07 0.999657
531900000 41717 -0.138546 7001.12 0.99962
532000000 41717 0.120199 7001.08 0.999674
532100000 41717 -0.122641 7001.12 0.999617
532200000 41717 0.734182 7000.98 0.999723
532300000 41717 -0.238257 7001.14 0.999616
532400000 41717 -0.105679 7001.12 0.999619
532500000 41717 -0.0178233 7001.1 0.999616
532600000 41717 -0.0181291 7001.1 0.999616
532700000 41717 1.20999 7000.9 0.999773
532800000 41717 -0.171842 7001.13 0.999619
532900000 41717 -0.0346543 7001.11 0.999615
533000000 41717 0.125043 7001.08 0.99965
533100000 41717 0.317193 7001.05 0.999673
533200000 41717 -0.0746547 7001.11 0.999613
533300000 41717 -0.0508028 7001.11 0.999615
533400000 41717 -0.160111 7001.13 0.999624
533500000 41717 -0.0837406 7001.12 0.999614
533600000 41717 0.0149067 7001.1 0.999661
533700000 41717 0.121802 7001.08 0.999656
533800000 41717 0.156222 7001.08 0.999673
533900000 41717 3.56668 7000.5 0.999994
534000000 41717 -0.107984 7001.12 0.99963
534100000 41717 -0.0443079 7001.11 0.999642
534200000 41717 5.03845 7000.26 1.00003
534300000 41717 -0.0514568 7001.11 0.99964
534400000 41717 -0.0225128 7001.11 0.999616
534500000 41717 -0.0877485 7001.12 0.999612
534600000 41717 -0.0399111 7001.11 0.999616
534700000 41717 -0.0275013 7001.11 0.999615
534800000 41717 0.0630514 7001.09 0.999643
534900000 41717 -0.0185468 7001.1 0.999616
535000000 41717 0.0460378 7001.09 0.999648
535100000 41717 -0.0617365 7001.11 0.999613
535200000 41717 -0.136777 7001.12 0.999615
535300000 41717 -0.0911894 7001.12 0.99962
535400000 41717 0.177831 7001.07 0.999677
535500000 41717 1.81352 7000.8 0.999869
535600000 41717 0.0212295 7001.1 0.999642
535700000 41717 -0.116963 7001.12 0.999619
535800000 41717 -0.12723 7001.12 0.99962
535900000 41717 -0.00837742 7001.1 0.999617
536000000 41717 0.0118046 7001.1 0.999635
536100000 41717 -0.0984008 7001.12 0.999614
536200000 41717 -0.138006 7001.12 0.999611
536300000 41717 -0.129945 7001.12 0.999611
536400000 41717 -0.119297 7001.12 0.999623
536500000 41717 0.710332 7000.98 0.99973
536600000 41717 -0.100641 7001.12 0.999614
536700000 41717 -0.0465337 7001.11 0.999615
536800000 41717 0.748865 7000.98 0.999715
536900000 41717 0.40438 7001.03 0.999684
537000000 41717 -0.0113713 7001.1 0.999632
537100000 41717 -0.170523 7001.13 0.999612
537200000 41717 -0.177567 7001.13 0.999614
537300000 41717 -0.0639257 7001.11 0.99962
537400000 41717 1.05217 7000.92 0.999742
537500000 41717 -0.0417786 7001.11 0.999616
537600000 41717 -0.0275918 7001.11 0.999642
537700000 41717 -0.0292414 7001.11 0.999615
537800000 41717 0.955223 7000.94 0.999758
537900000 41717 -0.0669836 7001.11 0.999618
538000000 41717 -0.0976108 7001.12 0.999618
538100000 41717 0.00686161 7001.1 0.999637
538200000 41717 0.26622 7001.06 0.999694
538300000 41717 -0.140231 7001.13 0.999612
538400000 41717 -0.0353371 7001.11 0.999615
538500000 41717 -0.0398831 7001.11 0.999616
538600000 41717 -0.0839311 7001.12 0.999617
538700000 41717 -0.102507 7001.12 0.999611
538800000 41717 -0.0768203 7001.11 0.999619
538900000 41717 -0.0497889 7001.11 0.999616
539000000 41717 -0.0423448 7001.11 0.999614
539100000 41717 -0.0764986 7001.11 0.999615
539200000 41717 -0.117381 7001.12 0.999615
539300000 41717 -0.0448579 7001.11 0.999615
539400000 41717 -0.0636734 7001.11 0.999617
539500000 41717 -0.19963 7001.14 0.999613
539600000 41717 -0.0835341 7001.12 0.99963
539700000 41717 -0.0899411 7001.12 0.999612
539800000 41717 -0.0814808 7001.12 0.999615
539900000 41717 -0.218887 7001.14 0.999615
540000000 41717 -0.306871 7001.15 0.999636
540100000 41717 -0.100719 7001.12 0.999613
540200000 41717 0.238743 7001.06 0.999678
540300000 41717 -0.0491352 7001.11 0.999614
540400000 41717 -0.0144989 7001.1 0.999616
540500000 41717 -0.0119067 7001.1 0.999617
540600000 41717 -0.0475499 7001.11 0.999614
540700000 41717 -0.00754137 7001.1 0.999617
540800000 41717 0.241407 7001.06 0.999678
540900000 41717 -0.0507991 7001.11 0.999614
541000000 41717 -0.156273 7001.13 0.999625
541100000 41717 -0.0488503 7001.11 0.999615
541200000 41717 -0.034829 7001.11 0.999615
541300000 41717 0.110196 7001.08 0.999653
541400000 41717 -0.174336 7001.13 0.999615
541500000 41717 -0.0921304 7001.12 0.999614
541600000 41717 -0.0974253 7001.12 0.999622
541700000 41717 -0.137676 7001.12 0.999629
541800000 41717 -0.0136195 7001.1 0.999616
541900000 41717 -0.106919 7001.12 0.99962
542000000 41717 -0.108851 7001.12 0.999615
542100000 41717 0.20709 7001.07 0.999708
542200000 41717 -0.0725226 7001.11 0.999615
542300000 41717 5.83107 7000.12 1.00008
542400000 41717 -0.0899799 7001.12 0.999638
542500000 41717 -0.0712144 7001.11 0.999645
542600000 41717 -0.218423 7001.14 0.99962
542700000 41717 2.01004 7000.76 0.99982
542800000 41717 -0.077866 7001.11 0.999628
542900000 41717 -0.00370954 7001.1 0.99965
543000000 41717 3.90627 7000.45 0.999956
543100000 41717 -0.12658 7001.12 0.99962
543200000 41717 0.812498 7000.97 0.999735
543300000 41717 -0.0842631 7001.12 0.99963
543400000 41717 -0.152375 7001.13 0.999619
543500000 41717 -0.200881 7001.14 0.999618
543600000 41717 -0.0136482 7001.1 0.999616
543700000 41717 -0.0949445 7001.12 0.999614
543800000 41717 0.909653 7000.95 0.999734
543900000 41717 0.011996 7001.1 0.999636
544000000 41717 -0.0569773 7001.11 0.999619
544100000 41717 0.193748 7001.07 0.999659
544200000 41717 -0.0552547 7001.11 0.999614
544300000 41717 -0.125448 7001.12 0.999618
544400000 41717 0.270076 7001.06 0.999684
544500000 41717 -0.123453 7001.12 0.999616
544600000 41717 -0.0749106 7001.11 0.999613
544700000 41717 0.0638629 7001.09 0.999668
544800000 41717 2.53571 7000.68 0.999902
544900000 41717 0.263514 7001.06 0.999671
545000000 41717 0.558487 7001.01 0.999718
545100000 41717 -0.0564483 7001.11 0.999614
545200000 41717 0.181781 7001.07 0.999657
545300000 41717 -0.15311 7001.13 0.99961
545400000 41717 0.0957 7001.09 0.999652
545500000 41717 -0.0527126 7001.11 0.999615
545600000 41717 -0.0530443 7001.11 0.999614
545700000 41717 2.54668 7000.67 0.999914
545800000 41717 -0.035191 7001.11 0.999615
545900000 41717 -0.037846 7001.11 0.999615
546000000 41717 -0.104223 7001.12 0.999618
546100000 41717 -0.122584 7001.12 0.999627
546200000 41717 0.461564 7001.02 0.999688
546300000 41717 -0.14341 7001.13 0.999613
546400000 41717 0.415461 7001.03 0.999695
546500000 41717 -0.0906826 7001.12 0.999622
546600000 41717 -0.00202379 7001.1 0.999617
546700000 41717 -0.0542848 7001.11 0.999614
546800000 41717 -0.036129 7001.11 0.999615
546900000 41717 -0.0850341 7001.12 0.999623
547000000 41717 -0.0541456 7001.11 0.999614
547100000 41717 -0.0939913 7001.12 0.999614
547200000 41717 -0.0726717 7001.11 0.999613
547300000 41717 0.0583671 7001.09 0.999654
547400000 41717 -0.0186546 7001.1 0.999616
547500000 41717 -0.022249 7001.11 0.999616
547600000 41717 -0.0971305 7001.12 0.999615
547700000 41717 0.703836 7000.98 0.999726
547800000 41717 -0.069868 7001.11 0.999614
547900000 41717 -0.0603686 7001.11 0.999614
548000000 41717 -0.255646 7001.14 0.999615
548100000 41717 -0.0532859 7001.11 0.999614
548200000 41717 0.0559067 7001.09 0.999648
548300000 41717 -0.035973 7001.11 0.999615
548400000 41717 -0.0375243 7001.11 0.999615
548500000 41717 1.98091 7000.77 0.999817
548600000 41717 0.448639 7001.03 0.999694
548700000 41717 -0.0611745 7001.11 0.999615
548800000 41717 -0.0210977 7001.11 0.999616
548900000 41717 -0.0850874 7001.12 0.999618
549000000 41717 -0.142865 7001.13 0.999615
549100000 41717 -0.0728824 7001.11 0.999613
549200000 41717 -0.119373 7001.12 0.999613
549300000 41717 -0.040707 7001.11 0.999615
549400000 41717 0.0993997 7001.08 0.999652
549500000 41717 -0.0800289 7001.12 0.999644
549600000 41717 -0.000741517 7001.1 0.999618
549700000 41717 -0.0696431 7001.11 0.999628
549800000 41717 0.113941 7001.08 0.999653
549900000 41717 -0.135461 7001.12 0.999614
550000000 41717 -0.150344 7001.13 0.999619
550100000 41717 -0.101889 7001.12 0.999617
550200000 41717 -0.0358416 7001.11 0.999629
550300000 41717 -0.143369 7001.13 0.999613
550400000 41717 -0.094763 7001.12 0.999614
550500000 41717 -0.063546 7001.11 0.999613
550600000 41717 -0.0934836 7001.12 0.999613
550700000 41717 -0.0120872 7001.1 0.999617
550800000 41717 0.393541 7001.04 0.999706
550900000 41717 -0.0670076 7001.11 0.999613
551000000 41717 -0.142811 7001.13 0.999629
551100000 41717 -0.154077 7001.13 0.99961
551200000 41717 0.513324 7001.02 0.999698
551300000 41717 -0.0412694 7001.11 0.999615
551400000 41717 -0.0387116 7001.11 0.999615
551500000 41717 0.425539 7001.03 0.999704
551600000 41717 -0.0284658 7001.11 0.999616
551700000 41717 0.154225 7001.08 0.999674
551800000 41717 -0.14624 7001.13 0.99962
551900000 41717 -0.00549369 7001.1 0.999617
552000000 41717 -0.0693665 7001.11 0.999618
552100000 41717 1.95575 7000.77 0.999815
552200000 41717 1.70682 7000.82 0.999817
552300000 41717 -0.00437141 7001.1 0.999617
552400000 41717 0.403748 7001.03 0.999692
552500000 41717 -0.0707477 7001.11 0.999617
552600000 41717 -0.0729967 7001.11 0.99962
552700000 41717 -0.0299368 7001.11 0.999616
552800000 41717 -0.0545485 7001.11 0.999615
552900000 41717 -0.163885 7001.13 0.999617
553000000 41717 -0.160364 7001.13 0.99961
553100000 41717 -0.000905964 7001.1 0.999618
553200000 41717 0.19505 7001.07 0.999671
553300000 41717 -0.0238971 7001.11 0.999616
553400000 41717 -0.0499229 7001.11 0.999614
553500000 41717 -0.0173435 7001.1 0.999616
553600000 41717 -0.158134 7001.13 0.999619
553700000 41717 0.143672 7001.08 0.999657
553800000 41717 -0.0820602 7001.12 0.999614
553900000 41717 0.443389 7001.03 0.999711
554000000 41717 -0.0587471 7001.11 0.999614
554100000 41717 -0.155373 7001.13 0.999611
554200000 41717 -0.0148732 7001.1 0.999616
554300000 41717 -0.00742652 7001.1 0.999617
554400000 41717 -0.140453 7001.13 0.999612
554500000 41717 -0.00829444 7001.1 0.999632
554600000 41717 0.134815 7001.08 0.999659
554700000 41717 -0.00297079 7001.1 0.999617
554800000 41717 1.00053 7000.93 0.999744
554900000 41717 1.52603 7000.85 0.999782
555000000 41717 -0.174477 7001.13 0.999627
555100000 41717 -0.0668248 7001.11 0.999613
555200000 41717 -0.119447 7001.12 0.999614
555300000 41717 -0.115532 7001.12 0.999624
555400000 41717 -0.180362 7001.13 0.999615
555500000 41717 -0.275061 7001.15 0.999612
555600000 41717 0.273277 7001.06 0.999674
555700000 41717 1.85371 7000.79 0.99984
555800000 41717 -0.0762712 7001.11 0.999613
555900000 41717 -0.0800371 7001.12 0.999613
556000000 41717 -0.00928442 7001.1 0.999617
556100000 41717 -0.0676902 7001.11 0.999651
556200000 41717 -0.0768008 7001.11 0.999623
556300000 41717 0.0179542 7001.1 0.99967
556400000 41717 -0.134897 7001.12 0.99962
556500000 41717 0.345064 7001.04 0.999679
556600000 41717 -0.0142655 7001.1 0.999616
556700000 41717 -0.0812161 7001.12 0.999612
556800000 41717 -0.118904 7001.12 0.999615
556900000 41717 0.188136 7001.07 0.99967
557000000 41717 -0.050714 7001.11 0.999614
557100000 41717 -0.0498535 7001.11 0.999614
557200000 41717 -0.0214066 7001.11 0.999616
557300000 41717 -0.102308 7001.12 0.999612
557400000 41717 0.0832966 7001.09 0.999646
557500000 41717 -0.0744394 7001.11 0.999614
557600000 41717 -0.115544 7001.12 0.999616
557700000 41717 -0.0874833 7001.12 0.999616
557800000 41717 -0.0202464 7001.11 0.999616
557900000 41717 -0.0638023 7001.11 0.999614
558000000 41717 -0.0891544 7001.12 0.999621
558100000 41717 -0.100747 7001.12 0.999613
558200000 41717 -0.0595038 7001.11 0.999615
558300000 41717 0.414165 7001.03 0.999688
558400000 41717 -0.0827046 7001.12 0.999614
558500000 41717 -0.0864613 7001.12 0.999617
558600000 41717 -0.137953 7001.12 0.99963
558700000 41717 -0.0239797 7001.11 0.999616
558800000 41717 0.397089 7001.03 0.999702
558900000 41717 0.0542194 7001.09 0.999654
559000000 41717 -0.131735 7001.12 0.999615
559100000 41717 0.221116 7001.06 0.999692
559200000 41717 -0.150322 7001.13 0.999615
559300000 41717 -0.0249987 7001.11 0.999616
559400000 41717 0.316689 7001.05 0.999689
559500000 41717 0.13361 7001.08 0.999652
559600000 41717 0.243788 7001.06 0.999666
559700000 41717 -0.0714236 7001.11 0.999617
559800000 41717 -0.183568 7001.13 0.999611
559900000 41717 -0.070523 7001.11 0.999617
560000000 41717 -0.0880147 7001.12 0.999613
560100000 41717 -0.00688969 7001.1 0.999617
560200000 41717 0.0682832 7001.09 0.99967
560300000 41717 -0.142552 7001.13 0.999611
560400000 41717 -0.174733 7001.13 0.999618
560500000 41717 -0.00621869 7001.1 0.999645
560600000 41717 -0.0707085 7001.11 0.999614
560700000 41717 -0.132316 7001.12 0.99961
560800000 41717 0.28919 7001.05 0.99967
560900000 41717 -0.14797 7001.13 0.999618
561000000 41717 -0.032944 7001.11 0.999615
561100000 41717 -0.106299 7001.12 0.999622
561200000 41717 1.09704 7000.92 0.999749
561300000 41717 0.22375 7001.06 0.999689
561400000 41717 -0.0676238 7001.11 0.999622
561500000 41717 -0.115503 7001.12 0.999622
561600000 41717 -0.0487126 7001.11 0.999615
561700000 41717 -0.0831886 7001.12 0.999617
561800000 41717 -0.0757096 7001.11 0.999617
561900000 41717 -0.142451 7001.13 0.999612
562000000 41717 5.05885 7000.25 1.00011
562100000 41717 -0.132901 7001.12 0.999612
562200000 41717 -0.0665324 7001.11 0.999623
562300000 41717 -0.068514 7001.11 0.999614
562400000 41717 3.11027 7000.58 0.999907
562500000 41717 1.08596 7000.92 0.999753
562600000 41717 -0.00215621 7001.1 0.999617
562700000 41717 -0.0640696 7001.11 0.999624
562800000 41717 -0.166466 7001.13 0.999627
562900000 41717 -0.0958673 7001.12 0.999629
563000000 41717 -0.0200112 7001.1 0.999616
563100000 41717 1.18805 7000.9 0.999782
563200000 41717 0.251716 7001.06 0.999687
563300000 41717 0.0463809 7001.09 0.999655
563400000 41717 0.00864852 7001.1 0.999654
563500000 41717 -0.109714 7001.12 0.999613
563600000 41717 -0.063222 7001.11 0.999626
563700000 41717 -0.190434 7001.13 0.999628
563800000 41717 1.1171 7000.91 0.999748
563900000 41717 -0.0846995 7001.12 0.999623
564000000 41717 -0.0672573 7001.11 0.999615
564100000 41717 0.035779 7001.1 0.999639
564200000 41717 0.191917 7001.07 0.999665
564300000 41717 -0.0757906 7001.11 0.999616
564400000 41717 0.162519 7001.07 0.999656
564500000 41717 -0.0387345 7001.11 0.999615
564600000 41717 -0.00115544 7001.1 0.999642
564700000 41717 -0.155864 7001.13 0.999625
564800000 41717 -0.0403304 7001.11 0.999615
564900000 41717 -0.10153 7001.12 0.999618
565000000 41717 -0.0683405 7001.11 0.999617
565100000 41717 -0.116857 7001.12 0.999632
565200000 41717 -0.0619726 7001.11 0.999615
565300000 41717 0.146977 7001.08 0.999653
565400000 41717 -0.0803475 7001.12 0.999617
565500000 41717 -0.108445 7001.12 0.999612
565600000 41717 0.150706 7001.08 0.999663
565700000 41717 -0.0540424 7001.11 0.999615
565800000 41717 0.614889 7001 0.999718
565900000 41717 -0.120904 7001.12 0.999611
566000000 41717 0.122021 7001.08 0.999653
566100000 41717 -0.164466 7001.13 0.999613
566200000 41717 -0.0678558 7001.11 0.999613
566300000 41717 -0.0174277 7001.1 0.999616
566400000 41717 3.03847 7000.59 0.999945
566500000 41717 -0.0252836 7001.11 0.999616
566600000 41717 0.189782 7001.07 0.999676
566700000 41717 -0.034037 7001.11 0.999628
566800000 41717 -0.237517 7001.14 0.999614
566900000 41717 -0.152735 7001.13 0.999616
567000000 41717 -0.0663773 7001.11 0.999617
567100000 41717 -0.0129731 7001.1 0.999635
567200000 41717 -0.120045 7001.12 0.999612
567300000 41717 1.1277 7000.91 0.999784
567400000 41717 -0.175268 7001.13 0.999612
567500000 41717 -0.0193268 7001.1 0.999616
567600000 41717 2.27912 7000.72 0.999843
567700000 41717 -0.0653987 7001.11 0.999613
567800000 41717 -0.113758 7001.12 0.999627
567900000 41717 -0.108687 7001.12 0.999615
568000000 41717 -0.0976844 7001.12 0.999614
568100000 41717 -0.0810881 7001.12 0.999617
568200000 41717 -0.084886 7001.12 0.999614
568300000 41717 -0.0475738 7001.11 0.999616
568400000 41717 -0.0167752 7001.1 0.999616
568500000 41717 -0.154336 7001.13 0.999616
568600000 41717 -0.117967 7001.12 0.999614
568700000 41717 -0.0891828 7001.12 0.999612
568800000 41717 -0.155786 7001.13 0.999633
568900000 41717 -0.0521738 7001.11 0.999635
569000000 41717 -0.200278 7001.14 0.999617
569100000 41717 -0.0479435 7001.11 0.999639
569200000 41717 -0.187555 7001.13 0.999612
569300000 41717 -0.0858548 7001.12 0.999613
569400000 41717 -0.0961758 7001.12 0.999635
569500000 41717 -0.0590504 7001.11 0.999618
569600000 41717 -0.0704017 7001.11 0.999614
569700000 41717 -0.0501248 7001.11 0.999615
569800000 41717 -0.135069 7001.12 0.999622
569900000 41717 -0.0576636 7001.11 0.999614
570000000 41717 -0.0479113 7001.11 0.999615
570100000 41717 -0.160952 7001.13 0.999624
570200000 41717 -0.130696 7001.12 0.999618
570300000 41717 -0.0423936 7001.11 0.999627
570400000 41717 -0.186503 7001.13 0.999638
570500000 41717 -0.0317633 7001.11 0.999615
570600000 41717 -0.0804254 7001.12 0.999614
570700000 41717 -0.00436843 7001.1 0.999617
570800000 41717 -0.0388973 7001.11 0.999615
570900000 41717 0.0405314 7001.09 0.999646
571000000 41717 -0.172413 7001.13 0.999611
571100000 41717 -0.0442727 7001.11 0.999614
571200000 41717 0.167852 7001.07 0.999697
571300000 41717 -0.140108 7001.13 0.999629
571400000 41717 3.36762 7000.54 0.999919
571500000 41717 -0.0975306 7001.12 0.999613
571600000 41717 -0.191811 7001.13 0.999624
571700000 41717 -0.117573 7001.12 0.999613
571800000 41717 -0.0528048 7001.11 0.999615
571900000 41717 -0.0128488 7001.1 0.999617
572000000 41717 0.474501 7001.02 0.999719
572100000 41717 -0.0196268 7001.1 0.999616
572200000 41717 1.49184 7000.85 0.999781
572300000 41717 -0.0436565 7001.11 0.999615
572400000 41717 -0.177749 7001.13 0.999625
572500000 41717 0.303794 7001.05 0.999671
572600000 41717 1.87458 7000.79 0.999812
572700000 41717 0.0693483 7001.09 0.999643
572800000 41717 -0.0750267 7001.11 0.999613
572900000 41717 -0.0592151 7001.11 0.999614
573000000 41717 -0.109618 7001.12 0.99962
573100000 41717 -0.206699 7001.14 0.999617
573200000 41717 -0.0544148 7001.11 0.999647
573300000 41717 -0.116472 7001.12 0.99962
573400000 41717 0.698999 7000.98 0.99974
573500000 41717 -0.170013 7001.13 0.999614
573600000 41717 -0.0491333 7001.11 0.999644
573700000 41717 -0.0726458 7001.11 0.999624
573800000 41717 1.15004 7000.91 0.999752
573900000 41717 -0.0945241 7001.12 0.999626
574000000 41717 -0.014764 7001.1 0.999616
574100000 41717 -0.0732968 7001.11 0.999623
574200000 41717 1.47086 7000.85 0.999787
574300000 41717 -0.0177043 7001.1 0.999616
574400000 41717 -0.0855199 7001.12 0.999614
574500000 41717 0.496357 7001.02 0.999691
574600000 41717 -0.0631984 7001.11 0.999613
574700000 41717 0.0963769 7001.09 0.999661
574800000 41717 0.363326 7001.04 0.999678
574900000 41717 -0.0421496 7001.11 0.999614
575000000 41717 -0.063965 7001.11 0.999628
575100000 41717 1.23187 7000.89 0.999789
575200000 41717 -0.0705775 7001.11 0.999614
575300000 41717 -0.0361729 7001.11 0.999643
575400000 41717 -0.0486787 7001.11 0.999616
575500000 41717 0.685777 7000.99 0.99971
575600000 41717 -0.0120201 7001.1 0.999631
575700000 41717 -0.0611637 7001.11 0.999615
575800000 41717 -0.106854 7001.12 0.999625
575900000 41717 -0.162277 7001.13 0.999614
576000000 41717 -0.0942075 7001.12 0.999615
576100000 41717 -0.0999486 7001.12 0.999615
576200000 41717 -0.0431069 7001.11 0.999614
576300000 41717 -0.0381982 7001.11 0.999633
576400000 41717 -0.0779676 7001.11 0.999614
576500000 41717 -0.0687236 7001.11 0.999618
576600000 41717 -0.157328 7001.13 0.999615
576700000 41717 -0.0610448 7001.11 0.999614
576800000 41717 -0.093061 7001.12 0.999624
576900000 41717 0.258214 7001.06 0.999666
577000000 41717 -0.0623979 7001.11 0.999634
577100000 41717 -0.104255 7001.12 0.999627
577200000 41717 -0.0733445 7001.11 0.999624
577300000 41717 0.962832 7000.94 0.999735
577400000 41717 -0.134676 7001.12 0.999625
577500000 41717 -0.0575073 7001.11 0.999614
577600000 41717 -0.027808 7001.11 0.999615
577700000 41717 0.838081 7000.96 0.999725
577800000 41717 -0.0169826 7001.1 0.999616
577900000 41717 -0.0622361 7001.11 0.999615
578000000 41717 -0.0769405 7001.11 0.999634
578100000 41717 -0.0969191 7001.12 0.999633
578200000 41717 -0.191337 7001.13 0.999634
578300000 41717 -0.0783804 7001.11 0.99962
578400000 41717 -0.0263903 7001.11 0.999615
578500000 41717 -0.0611671 7001.11 0.999614
578600000 41717 0.959975 7000.94 0.999744
578700000 41717 -0.0924416 7001.12 0.999615
578800000 41717 0.225415 7001.06 0.99967
578900000 41717 -0.0293652 7001.11 0.999616
579000000 41717 -0.0784074 7001.11 0.999614
579100000 41717 -0.183857 7001.13 0.999616
579200000 41717 -0.112684 7001.12 0.99962
579300000 41717 -0.0199693 7001.1 0.999616
579400000 41717 -0.143297 7001.13 0.99962
579500000 41717 0.167516 7001.07 0.999673
579600000 41717 -0.0691211 7001.11 0.999614
579700000 41717 -0.066336 7001.11 0.999618
579800000 41717 -0.0382723 7001.11 0.999615
579900000 41717 0.420995 7001.03 0.999683
580000000 41717 0.283028 7001.05 0.999669
580100000 41717 0.689674 7000.99 0.999709
580200000 41717 -0.093855 7001.12 0.999619
580300000 41717 -0.0212053 7001.11 0.999616
580400000 41717 -0.225974 7001.14 0.999634
580500000 41717 -0.142145 7001.13 0.999615
580600000 41717 -0.177028 7001.13 0.999624
580700000 41717 -0.0845289 7001.12 0.999613
580800000 41717 -0.119703 7001.12 0.999614
580900000 41717 0.572686 7001.01 0.999701
581000000 41717 -0.210811 7001.14 0.999623
581100000 41717 0.748428 7000.98 0.999717
581200000 41717 -0.0511371 7001.11 0.999614
581300000 41717 0.770241 7000.97 0.999723
581400000 41717 -0.00284282 7001.1 0.999617
581500000 41717 0.271694 7001.06 0.999687
581600000 41717 1.69478 7000.82 0.999795
581700000 41717 -0.111586 7001.12 0.999613
581800000 41717 0.216843 7001.07 0.99967
581900000 41717 -0.0757642 7001.11 0.99962
582000000 41717 -0.137846 7001.12 0.999619
582100000 41717 -0.0245906 7001.11 0.999616
582200000 41717 -0.150989 7001.13 0.999613
582300000 41717 0.882034 7000.95 0.999788
582400000 41717 -0.0432273 7001.11 0.999615
582500000 41717 -0.0202795 7001.11 0.999616
582600000 41717 -0.0609802 7001.11 0.999615
582700000 41717 8.45184 6999.68 1.00024
582800000 41717 0.374316 7001.04 0.99968
582900000 41717 0.160462 7001.07 0.999665
583000000 41717 -0.141217 7001.13 0.999611
583100000 41717 0.0955777 7001.09 0.99967
583200000 41717 -0.0338926 7001.11 0.999615
583300000 41717 -0.0355675 7001.11 0.999615
583400000 41717 0.860155 7000.96 0.999736
583500000 41717 2.28741 7000.72 0.999879
583600000 41717 -0.0575922 7001.11 0.999615
583700000 41717 -0.104057 7001.12 0.999613
583800000 41717 -0.0766041 7001.11 0.999667
583900000 41717 -0.118798 7001.12 0.99963
584000000 41717 -0.085441 7001.12 0.99962
584100000 41717 -0.0697313 7001.11 0.999613
584200000 41717 -0.0528878 7001.11 0.999616
584300000 41717 -0.0639588 7001.11 0.999613
584400000 41717 0.23068 7001.06 0.999665
584500000 41717 -0.197253 7001.13 0.999609
584600000 41717 -0.0676065 7001.11 0.999614
584700000 41717 -0.19504 7001.13 0.999611
584800000 41717 0.0254524 7001.1 0.999644
584900000 41717 -0.0359516 7001.11 0.999655
585000000 41717 1.64605 7000.83 0.999791
585100000 41717 -0.0578877 7001.11 0.999639
585200000 41717 1.67944 7000.82 0.999796
585300000 41717 -0.131445 7001.12 0.999613
585400000 41717 -0.0288106 7001.11 0.999615
585500000 41717 -0.0564984 7001.11 0.999614
585600000 41717 -0.0228326 7001.11 0.999616
585700000 41717 -0.0697781 7001.11 0.99963
585800000 41717 0.537572 7001.01 0.999698
585900000 41717 0.155439 7001.08 0.999658
586000000 41717 -0.0348199 7001.11 0.999615
586100000 41717 -0.05369 7001.11 0.999616
586200000 41717 -0.0399481 7001.11 0.999631
586300000 41717 0.36838 7001.04 0.999698
586400000 41717 0.318129 7001.05 0.999697
586500000 41717 -0.0777552 7001.11 0.999612
586600000 41717 -0.0603466 7001.11 0.999619
586700000 41717 -0.049174 7001.11 0.999615
586800000 41717 0.509729 7001.02 0.999743
586900000 41717 -0.0812405 7001.12 0.999616
587000000 41717 -0.052404 7001.11 0.999615
587100000 41717 -0.0275754 7001.11 0.999616
587200000 41717 1.88688 7000.78 0.999812
587300000 41717 1.64397 7000.83 0.999847
587400000 41717 1.02263 7000.93 0.999753
587500000 41717 -0.0854484 7001.12 0.999614
587600000 41717 -0.146992 7001.13 0.999617
587700000 41717 0.0213841 7001.1 0.999649
587800000 41717 -0.0634121 7001.11 0.999615
587900000 41717 -0.0638851 7001.11 0.999631
588000000 41717 0.684531 7000.99 0.99974
588100000 41717 0.0960437 7001.09 0.999648
588200000 41717 -0.0578829 7001.11 0.999617
588300000 41717 -0.0277932 7001.11 0.999615
588400000 41717 -0.108173 7001.12 0.999627
588500000 41717 0.116208 7001.08 0.999669
588600000 41717 3.84833 7000.46 0.999971
588700000 41717 -0.0315526 7001.11 0.999615
588800000 41717 -0.0532438 7001.11 0.999615
588900000 41717 0.503729 7001.02 0.9997
589000000 41717 -0.293722 7001.15 0.999626
589100000 41717 -0.0165597 7001.1 0.999617
589200000 41717 -0.0580573 7001.11 0.999614
589300000 41717 -0.0998033 7001.12 0.999623
589400000 41717 0.926999 7000.95 0.999735
589500000 41717 -0.0387079 7001.11 0.999615
589600000 41717 -0.0498133 7001.11 0.999614
589700000 41717 0.0632069 7001.09 0.999658
589800000 41717 3.60654 7000.5 0.999954
589900000 41717 -0.216551 7001.14 0.999642
590000000 41717 -0.0925704 7001.12 0.999612
590100000 41717 0.0260578 7001.1 0.999668
590200000 41717 -0.0920879 7001.12 0.999612
590300000 41717 0.080016 7001.09 0.999659
590400000 41717 -0.091654 7001.12 0.999615
590500000 41717 -0.134185 7001.12 0.999616
590600000 41717 -0.0202691 7001.11 0.999616
590700000 41717 -0.0668204 7001.11 0.999614
590800000 41717 0.246653 7001.06 0.999668
590900000 41717 0.0778834 7001.09 0.999673
591000000 41717 -0.072025 7001.11 0.999616
591100000 41717 -0.150616 7001.13 0.999626
591200000 41717 1.34098 7000.88 0.999798
591300000 41717 0.451708 7001.03 0.999686
591400000 41717 -0.030527 7001.11 0.999615
591500000 41717 -0.134298 7001.12 0.999618
591600000 41717 -0.116098 7001.12 0.999626
591700000 41717 -0.0986829 7001.12 0.999615
591800000 41717 -0.104157 7001.12 0.999618
591900000 41717 -0.0430649 7001.11 0.999616
592000000 41717 5.55136 7000.17 1.00008
592100000 41717 0.12555 7001.08 0.999651
592200000 41717 -0.174602 7001.13 0.999626
592300000 41717 -0.0676687 7001.11 0.999629
592400000 41717 0.150259 7001.08 0.999654
592500000 41717 0.494821 7001.02 0.999713
592600000 41717 -0.0728031 7001.11 0.999614
592700000 41717 -0.0697955 7001.11 0.999617
592800000 41717 -0.106008 7001.12 0.999613
592900000 41717 0.000733135 7001.1 0.999641
593000000 41717 0.0294065 7001.1 0.999638
593100000 41717 -0.0251025 7001.11 0.999635
593200000 41717 -0.084435 7001.12 0.999616
593300000 41717 2.08772 7000.75 0.999833
593400000 41717 1.03331 7000.93 0.999746
593500000 41717 -0.138379 7001.12 0.999612
593600000 41717 -0.0757857 7001.11 0.999617
593700000 41717 -0.0187711 7001.1 0.999616
593800000 41717 -0.122237 7001.12 0.999614
593900000 41717 0.0827973 7001.09 0.999658
594000000 41717 -0.127125 7001.12 0.999619
594100000 41717 -0.00481526 7001.1 0.999617
594200000 41717 -0.0452032 7001.11 0.999614
594300000 41717 -0.123534 7001.12 0.999619
594400000 41717 -0.0731784 7001.11 0.999613
594500000 41717 -0.0773927 7001.11 0.99962
594600000 41717 0.0192502 7001.1 0.999637
594700000 41717 0.308707 7001.05 0.999691
594800000 41717 -0.0562584 7001.11 0.999613
594900000 41717 -0.022404 7001.11 0.999643
595000000 41717 -0.0838915 7001.12 0.999628
595100000 41717 0.0509588 7001.09 0.999655
595200000 41717 -0.0511385 7001.11 0.999614
595300000 41717 -0.0633279 7001.11 0.999614
595400000 41717 -0.104778 7001.12 0.999612
595500000 41717 1.74072 7000.81 0.999811
595600000 41717 -0.0537951 7001.11 0.999614
595700000 41717 -0.0645796 7001.11 0.999615
595800000 41717 -0.0700054 7001.11 0.999613
595900000 41717 -0.0604054 7001.11 0.999614
596000000 41717 -0.0126454 7001.1 0.999635
596100000 41717 4.13164 7000.41 1.00002
596200000 41717 -0.0886392 7001.12 0.999613
596300000 41717 -0.13035 7001.12 0.999612
596400000 41717 -0.0665357 7001.11 0.999617
596500000 41717 -0.0866913 7001.12 0.999614
596600000 41717 4.4835 7000.35 0.999996
596700000 41717 0.0438077 7001.09 0.99964
596800000 41717 -0.176463 7001.13 0.999614
596900000 41717 -0.0660411 7001.11 0.999615
597000000 41717 0.282078 7001.05 0.999684
597100000 41717 0.113112 7001.08 0.999652
597200000 41717 0.535513 7001.01 0.999697
597300000 41717 -0.2308 7001.14 0.999615
597400000 41717 -0.0753052 7001.11 0.999616
597500000 41717 -0.0516014 7001.11 0.999615
597600000 41717 -0.0946805 7001.12 0.999612
597700000 41717 -0.0985756 7001.12 0.999612
597800000 41717 -0.0700371 7001.11 0.999613
597900000 41717 1.03431 7000.93 0.999746
598000000 41717 0.492581 7001.02 0.999693
598100000 41717 0.575205 7001.01 0.999699
598200000 41717 -0.0401863 7001.11 0.999658
598300000 41717 -0.0887479 7001.12 0.999615
598400000 41717 -0.100816 7001.12 0.999616
598500000 41717 -0.170954 7001.13 0.999616
598600000 41717 0.414527 7001.03 0.999692
598700000 41717 -0.142335 7001.13 0.999613
598800000 41717 -0.113387 7001.12 0.999618
598900000 41717 0.274547 7001.06 0.999681
599000000 41717 -0.0516156 7001.11 0.999615
599100000 41717 -0.0544982 7001.11 0.999616
599200000 41717 2.47709 7000.69 0.999865
599300000 41717 -0.0684616 7001.11 0.999612
599400000 41717 -0.0676933 7001.11 0.999614
599500000 41717 -0.15384 7001.13 0.999621
599600000 41717 -0.00228854 7001.1 0.999617
599700000 41717 0.43043 7001.03 0.999684
599800000 41717 -0.057784 7001.11 0.999614
599900000 41717 -0.00329901 7001.1 0.999637
600000000 41717 -0.0979502 7001.12 0.999613
600100000 41717 -0.0600423 7001.11 0.999614
600200000 41717 -0.0294033 7001.11 0.999615
600300000 41717 -0.0395216 7001.11 0.999615
600400000 41717 -0.051374 7001.11 0.999615
600500000 41717 0.448731 7001.03 0.999693
600600000 41717 -0.112316 7001.12 0.999617
600700000 41717 -0.0691395 7001.11 0.999647
600800000 41717 -0.118084 7001.12 0.999632
600900000 41717 -0.051944 7001.11 0.999627
601000000 41717 -0.0613 7001.11 0.999613
601100000 41717 -0.0890448 7001.12 0.999615
601200000 41717 0.323793 7001.05 0.999689
601300000 41717 2.03324 7000.76 0.999824
601400000 41717 -0.0548891 7001.11 0.999615
601500000 41717 -0.10306 7001.12 0.999613
601600000 41717 -0.008444 7001.1 0.999617
601700000 41717 3.05712 7000.59 0.999901
601800000 41717 -0.119822 7001.12 0.999615
601900000 41717 -0.0875655 7001.12 0.999615
602000000 41717 -0.157026 7001.13 0.999611
602100000 41717 -0.024683 7001.11 0.999616
602200000 41717 -0.0560224 7001.11 0.999617
602300000 41717 -0.0869602 7001.12 0.999614
602400000 41717 -0.0156446 7001.1 0.999616
602500000 41717 -0.0646273 7001.11 0.999616
602600000 41717 -0.214854 7001.14 0.999614
602700000 41717 -0.0983007 7001.12 0.999615
602800000 41717 -0.0782887 7001.11 0.999615
602900000 41717 -0.0833608 7001.12 0.999614
603000000 41717 -0.0276901 7001.11 0.999615
603100000 41717 -0.064217 7001.11 0.999615
603200000 41717 -0.0366417 7001.11 0.999615
603300000 41717 -0.0309036 7001.11 0.999615
603400000 41717 0.477146 7001.02 0.999702
603500000 41717 -0.0882873 7001.12 0.999613
603600000 41717 0.914838 7000.95 0.999754
603700000 41717 -0.0699419 7001.11 0.999615
603800000 41717 -0.154819 7001.13 0.999611
603900000 41717 -0.096352 7001.12 0.999624
604000000 41717 -0.0429879 7001.11 0.999615
604100000 41717 -0.0347188 7001.11 0.999631
604200000 41717 1.97506 7000.77 0.999835
604300000 41717 -0.0440302 7001.11 0.999615
604400000 41717 -0.0955949 7001.12 0.999612
604500000 41717 -0.0339348 7001.11 0.999615
604600000 41717 0.681551 7000.99 0.999714
604700000 41717 0.767315 7000.97 0.999724
604800000 41717 -0.140557 7001.13 0.999613
604900000 41717 -0.052301 7001.11 0.999634
605000000 41717 -0.106895 7001.12 0.999611
605100000 41717 0.450635 7001.03 0.999697
605200000 41717 -0.0376147 7001.11 0.999615
605300000 41717 -0.184394 7001.13 0.999626
605400000 41717 -0.0110365 7001.1 0.999617
605500000 41717 0.0252253 7001.1 0.999662
605600000 41717 -0.05503 7001.11 0.999613
605700000 41717 -0.0680892 7001.11 0.999634
605800000 41717 -0.122713 7001.12 0.999611
605900000 41717 -0.0373949 7001.11 0.999615
606000000 41717 -0.0779109 7001.11 0.999615
606100000 41717 0.512667 7001.02 0.999709
606200000 41717 -0.108328 7001.12 0.999626
606300000 41717 3.63599 7000.49 0.999948
606400000 41717 0.632258 7001 0.999731
606500000 41717 1.80835 7000.8 0.999808
606600000 41717 -0.0665319 7001.11 0.999613
606700000 41717 -0.0851049 7001.12 0.999615
606800000 41717 -0.0720979 7001.11 0.999613
606900000 41717 0.159099 7001.07 0.999658
607000000 41717 -0.0204875 7001.11 0.999616
607100000 41717 -0.0947281 7001.12 0.999616
607200000 41717 -0.0452084 7001.11 0.999615
607300000 41717 0.728168 7000.98 0.999733
607400000 41717 0.724965 7000.98 0.999713
607500000 41717 -0.0255408 7001.11 0.999615
607600000 41717 -0.109627 7001.12 0.999615
607700000 41717 0.458852 7001.02 0.999687
607800000 41717 -0.134481 7001.12 0.999613
607900000 41717 0.12862 7001.08 0.999654
608000000 41717 -0.0840257 7001.12 0.999617
608100000 41717 0.119333 7001.08 0.999654
608200000 41717 -0.0806113 7001.12 0.999613
608300000 41717 -0.0697081 7001.11 0.99962
608400000 41717 -0.0761541 7001.11 0.999616
608500000 41717 0.830894 7000.96 0.999742
608600000 41717 0.172166 7001.07 0.999676
608700000 41717 -0.0825783 7001.12 0.999631
608800000 41717 -0.0155825 7001.1 0.999616
608900000 41717 -0.183427 7001.13 0.999616
609000000 41717 -0.0707604 7001.11 0.999614
609100000 41717 -0.0725226 7001.11 0.999617
609200000 41717 -0.167832 7001.13 0.999611
609300000 41717 -0.0917844 7001.12 0.999614
609400000 41717 -0.0307408 7001.11 0.999615
609500000 41717 -0.0659904 7001.11 0.999615
609600000 41717 -0.0228032 7001.11 0.999616
609700000 41717 2.20338 7000.73 0.999834
609800000 41717 -0.00992842 7001.1 0.999617
609900000 41717 -0.177389 7001.13 0.999614
610000000 41717 -0.0993074 7001.12 0.999657
610100000 41717 -0.118372 7001.12 0.999625
610200000 41717 -0.0887395 7001.12 0.999614
610300000 41717 -0.0333333 7001.11 0.999646
610400000 41717 -0.0385943 7001.11 0.999615
610500000 41717 -0.104082 7001.12 0.999614
610600000 41717 6.20701 7000.06 1.0002
610700000 41717 0.697183 7000.98 0.999768
610800000 41717 1.1388 7000.91 0.999751
610900000 41717 0.0563621 7001.09 0.999654
611000000 41717 2.2946 7000.72 0.999842
611100000 41717 -0.0752143 7001.11 0.999614
611200000 41717 -0.0486464 7001.11 0.999634
611300000 41717 -0.116868 7001.12 0.999611
611400000 41717 -0.0637217 7001.11 0.999619
611500000 41717 -0.0185909 7001.1 0.999616
611600000 41717 -0.14008 7001.13 0.999617
611700000 41717 -0.146805 7001.13 0.999612
611800000 41717 -0.0926548 7001.12 0.99963
611900000 41717 7.60484 6999.83 1.00022
612000000 41717 -0.0489027 7001.11 0.999614
612100000 41717 -0.0185506 7001.1 0.999616
612200000 41717 -0.133578 7001.12 0.999617
612300000 41717 -0.10678 7001.12 0.99962
612400000 41717 -0.0518547 7001.11 0.999615
612500000 41717 -0.156824 7001.13 0.999635
612600000 41717 -0.213984 7001.14 0.999621
612700000 41717 -0.11839 7001.12 0.999612
612800000 41717 -0.0646293 7001.11 0.999614
612900000 41717 -0.146418 7001.13 0.999612
613000000 41717 0.132266 7001.08 0.999657
613100000 41717 3.26684 7000.55 0.999911
613200000 41717 -0.0573854 7001.11 0.999616
613300000 41717 0.0296956 7001.1 0.999641
613400000 41717 0.755154 7000.97 0.999719
613500000 41717 -0.0500025 7001.11 0.999635
613600000 41717 -0.101597 7001.12 0.999615
613700000 41717 -0.0354216 7001.11 0.999615
613800000 41717 0.841192 7000.96 0.999726
613900000 41717 -0.149379 7001.13 0.999614
614000000 41717 -0.0242254 7001.11 0.999616
614100000 41717 0.0329045 7001.1 0.999652
614200000 41717 -0.00855773 7001.1 0.999632
614300000 41717 -0.00823666 7001.1 0.999617
614400000 41717 3.05959 7000.59 0.999947
614500000 41717 0.104684 7001.08 0.999672
614600000 41717 -0.0282186 7001.11 0.999616
614700000 41717 -0.0556916 7001.11 0.999614
614800000 41717 -0.0893612 7001.12 0.999621
614900000 41717 1.21685 7000.9 0.999774
615000000 41717 -0.0056817 7001.1 0.999617
615100000 41717 -0.0948699 7001.12 0.999613
615200000 41717 0.584407 7001 0.9997
615300000 41717 1.09487 7000.92 0.999754
615400000 41717 0.0620702 7001.09 0.999649
615500000 41717 -0.0793725 7001.11 0.999613
615600000 41717 -0.0771 7001.11 0.999616
615700000 41717 0.116414 7001.08 0.999651
615800000 41717 -0.177413 7001.13 0.99961
615900000 41717 -0.0796159 7001.11 0.999617
616000000 41717 -0.0758476 7001.11 0.999616
616100000 41717 0.101056 7001.08 0.999662
616200000 41717 0.337968 7001.04 0.999694
616300000 41717 -0.162372 7001.13 0.999629
616400000 41717 -0.102493 7001.12 0.999616
616500000 41717 0.201595 7001.07 0.999668
616600000 41717 -0.0252873 7001.11 0.999616
616700000 41717 0.355387 7001.04 0.999677
616800000 41717 -0.0157826 7001.1 0.999631
616900000 41717 -0.150743 7001.13 0.999641
617000000 41717 0.0449208 7001.09 0.999651
617100000 41717 5.39036 7000.2 1.00005
617200000 41717 -0.0636445 7001.11 0.999614
617300000 41717 -0.109201 7001.12 0.999614
617400000 41717 -0.0317885 7001.11 0.999615
617500000 41717 -0.0485473 7001.11 0.999614
617600000 41717 -0.0834925 7001.12 0.999615
617700000 41717 3.94279 7000.44 1.00003
617800000 41717 1.52374 7000.85 0.999782
617900000 41717 -0.0234912 7001.11 0.999616
618000000 41717 0.225007 7001.06 0.999672
618100000 41717 -0.0300111 7001.11 0.999635
618200000 41717 4.88941 7000.28 1.00002
618300000 41717 1.78403 7000.8 0.999803
618400000 41717 -0.151228 7001.13 0.999619
618500000 41717 -0.0604207 7001.11 0.999614
618600000 41717 -0.113095 7001.12 0.999616
618700000 41717 1.67095 7000.82 0.999802
618800000 41717 -0.0808163 7001.12 0.999615
618900000 41717 0.423265 7001.03 0.999693
619000000 41717 1.07354 7000.92 0.999748
619100000 41717 -0.0841216 7001.12 0.999621
619200000 41717 -0.141867 7001.13 0.999616
619300000 41717 0.064166 7001.09 0.999663
619400000 41717 -0.123133 7001.12 0.999611
619500000 41717 -0.0717428 7001.11 0.999614
619600000 41717 1.02731 7000.93 0.999741
619700000 41717 1.00049 7000.93 0.99974
619800000 41717 0.205207 7001.07 0.999678
619900000 41717 -0.0477471 7001.11 0.999615
620000000 41717 6.30086 7000.04 1.00021
620100000 41717 1.65007 7000.82 0.999831
620200000 41717 -0.152624 7001.13 0.999612
620300000 41717 -0.0553423 7001.11 0.999614
620400000 41717 -0.0412764 7001.11 0.999615
620500000 41717 4.1324 7000.41 1.00002
620600000 41717 -0.0176409 7001.1 0.999631
620700000 41717 -0.0137443 7001.1 0.999616
620800000 41717 -0.0266549 7001.11 0.999631
620900000 41717 -0.0843971 7001.12 0.999616
621000000 41717 -0.0727976 7001.11 0.999623
621100000 41717 0.0844281 7001.09 0.999648
621200000 41717 0.645878 7000.99 0.999706
621300000 41717 0.201657 7001.07 0.999667
621400000 41717 -0.108043 7001.12 0.999612
621500000 41717 -0.0473479 7001.11 0.999614
621600000 41717 5.96395 7000.1 1.00016
621700000 41717 -0.00701781 7001.1 0.999617
621800000 41717 -0.0927717 7001.12 0.999616
621900000 41717 -0.10348 7001.12 0.999616
622000000 41717 -0.0791185 7001.11 0.999614
622100000 41717 0.431794 7001.03 0.999697
622200000 41717 -0.03283 7001.11 0.999615
622300000 41717 -0.107225 7001.12 0.999613
622400000 41717 -0.0917555 7001.12 0.999626
622500000 41717 0.333237 7001.05 0.999674
622600000 41717 3.17479 7000.57 0.999905
622700000 41717 1.2695 7000.89 0.999774
622800000 41717 -0.0319433 7001.11 0.999615
622900000 41717 -0.073428 7001.11 0.999614
623000000 41717 -0.1059 7001.12 0.999633
623100000 41717 5.35199 7000.2 1.00005
623200000 41717 -0.175953 7001.13 0.999616
623300000 41717 0.0175826 7001.1 0.999662
623400000 41717 -0.0943574 7001.12 0.999613
623500000 41717 -0.0797447 7001.12 0.999621
623600000 41717 -0.140713 7001.13 0.999642
623700000 41717 5.63931 7000.16 1.00007
623800000 41717 -0.111592 7001.12 0.999612
623900000 41717 -0.123556 7001.12 0.999614
624000000 41717 -0.00949702 7001.1 0.999617
624100000 41717 0.689777 7000.99 0.999723
624200000 41717 -0.055066 7001.11 0.999614
624300000 41717 -0.0131825 7001.1 0.999617
624400000 41717 -0.00285532 7001.1 0.999617
624500000 41717 -0.070856 7001.11 0.999623
624600000 41717 -0.100678 7001.12 0.999619
624700000 41717 -0.107939 7001.12 0.999635
624800000 41717 -0.0724073 7001.11 0.999614
624900000 41717 0.568529 7001.01 0.999701
625000000 41717 0.350331 7001.04 0.999693
625100000 41717 -0.0928506 7001.12 0.999612
625200000 41717 0.419066 7001.03 0.999696
625300000 41717 -0.029634 7001.11 0.999615
625400000 41717 -0.0648676 7001.11 0.999613
625500000 41717 0.299834 7001.05 0.999698
625600000 41717 -0.115474 7001.12 0.999614
625700000 41717 -0.0856232 7001.12 0.999624
625800000 41717 -0.102171 7001.12 0.999611
625900000 41717 -0.0241068 7001.11 0.999616
626000000 41717 -0.00483634 7001.1 0.999637
626100000 41717 -0.128048 7001.12 0.999614
626200000 41717 -0.0651133 7001.11 0.999615
626300000 41717 -0.0853783 7001.12 0.999614
626400000 41717 -0.0177683 7001.1 0.999616
626500000 41717 -0.184551 7001.13 0.99961
626600000 41717 1.23325 7000.89 0.999828
626700000 41717 -0.00582156 7001.1 0.999617
626800000 41717 -0.0671932 7001.11 0.999613
626900000 41717 -0.0567399 7001.11 0.999615
627000000 41717 -0.133454 7001.12 0.999626
627100000 41717 0.361313 7001.04 0.999686
627200000 41717 -0.111391 7001.12 0.999612
627300000 41717 -0.0970473 7001.12 0.99963
627400000 41717 -0.135581 7001.12 0.999615
627500000 41717 -0.013932 7001.1 0.999616
627600000 41717 -0.0959331 7001.12 0.999619
627700000 41717 -0.140019 7001.13 0.999613
627800000 41717 -0.0305979 7001.11 0.999615
627900000 41717 -0.178996 7001.13 0.999609
628000000 41717 -0.0246517 7001.11 0.999616
628100000 41717 -0.165093 7001.13 0.999636
628200000 41717 -0.107489 7001.12 0.99964
628300000 41717 1.04498 7000.93 0.999749
628400000 41717 1.8194 7000.8 0.999805
628500000 41717 -0.027912 7001.11 0.999616
628600000 41717 -0.0265505 7001.11 0.999635
628700000 41717 -0.0206192 7001.11 0.999616
628800000 41717 -0.0838397 7001.12 0.999612
628900000 41717 -0.029783 7001.11 0.999615
629000000 41717 -0.0513915 7001.11 0.999617
629100000 41717 -0.04194 7001.11 0.999615
629200000 41717 -0.0916041 7001.12 0.999612
629300000 41717 -0.0193098 7001.1 0.999616
629400000 41717 -0.1503 7001.13 0.999613
629500000 41717 -0.0709592 7001.11 0.999616
629600000 41717 -0.023415 7001.11 0.999616
629700000 41717 0.31952 7001.05 0.999693
629800000 41717 -0.132698 7001.12 0.999624
629900000 41717 0.599268 7001 0.999736
630000000 41717 -0.00882631 7001.1 0.999631
630100000 41717 -0.0117068 7001.1 0.999617
630200000 41717 -0.076141 7001.11 0.999624
630300000 41717 -0.163355 7001.13 0.999617
630400000 41717 0.209969 7001.07 0.99967
630500000 41717 3.70597 7000.48 0.999944
630600000 41717 -0.112721 7001.12 0.999616
630700000 41717 0.0271011 7001.1 0.999644
630800000 41717 -0.052906 7001.11 0.999616
630900000 41717 -0.0907443 7001.12 0.999619
631000000 41717 0.217203 7001.07 0.999667
631100000 41717 0.176591 7001.07 0.999658
631200000 41717 -0.0724396 7001.11 0.999615
631300000 41717 -0.106517 7001.12 0.999618
631400000 41717 -0.168142 7001.13 0.999628
631500000 41717 -0.1232 7001.12 0.999615
631600000 41717 0.070415 7001.09 0.999645
631700000 41717 0.0551902 7001.09 0.999654
631800000 41717 -0.0244577 7001.11 0.999615
631900000 41717 1.81511 7000.8 0.99984
632000000 41717 -0.112386 7001.12 0.999612
632100000 41717 -0.121533 7001.12 0.99962
632200000 41717 -0.123324 7001.12 0.999612
632300000 41717 0.0530599 7001.09 0.99965
632400000 41717 0.958485 7000.94 0.999738
632500000 41717 -0.02976 7001.11 0.999616
632600000 41717 -0.0825232 7001.12 0.999625
632700000 41717 -0.168068 7001.13 0.999611
632800000 41717 -0.0464645 7001.11 0.999615
632900000 41717 0.910402 7000.95 0.999752
633000000 41717 -0.0245506 7001.11 0.999616
633100000 41717 -0.0257752 7001.11 0.999616
633200000 41717 -0.0243722 7001.11 0.999631
633300000 41717 0.753094 7000.98 0.999717
633400000 41717 -0.129079 7001.12 0.999624
633500000 41717 0.153546 7001.08 0.999669
633600000 41717 1.68084 7000.82 0.999827
633700000 41717 -0.112426 7001.12 0.999622
633800000 41717 -0.0225117 7001.11 0.999616
633900000 41717 -0.0646249 7001.11 0.999614
634000000 41717 -0.0296216 7001.11 0.999615
634100000 41717 -0.0660279 7001.11 0.999614
634200000 41717 -0.104361 7001.12 0.999612
634300000 41717 -0.179913 7001.13 0.999621
634400000 41717 1.8064 7000.8 0.999806
634500000 41717 -0.00757435 7001.1 0.999643
634600000 41717 -0.11605 7001.12 0.999615
634700000 41717 -0.121629 7001.12 0.999622
634800000 41717 -0.0542265 7001.11 0.999646
634900000 41717 -0.0234573 7001.11 0.999616
635000000 41717 0.144132 7001.08 0.99966
635100000 41717 -0.0367934 7001.11 0.999616
635200000 41717 -0.114613 7001.12 0.999615
635300000 41717 -0.126192 7001.12 0.99962
635400000 41717 -0.0757926 7001.11 0.999637
635500000 41717 1.92207 7000.78 0.99985
635600000 41717 -0.101163 7001.12 0.999613
635700000 41717 -0.00520054 7001.1 0.999617
635800000 41717 -0.0303476 7001.11 0.999616
635900000 41717 0.114793 7001.08 0.999665
636000000 41717 -0.0555395 7001.11 0.999614
636100000 41717 1.11928 7000.91 0.999776
636200000 41717 -0.0518586 7001.11 0.999625
636300000 41717 -0.0966037 7001.12 0.999611
636400000 41717 0.0450268 7001.09 0.999644
636500000 41717 -0.0818732 7001.12 0.999616
636600000 41717 -0.0480377 7001.11 0.999614
636700000 41717 0.848213 7000.96 0.999724
636800000 41717 -0.0819927 7001.12 0.999615
636900000 41717 0.0908835 7001.09 0.999646
637000000 41717 2.35529 7000.71 0.999846
637100000 41717 -0.113795 7001.12 0.999611
637200000 41717 0.00449831 7001.1 0.999653
637300000 41717 -0.0059813 7001.1 0.999617
637400000 41717 -0.0847956 7001.12 0.999619
637500000 41717 -0.111747 7001.12 0.999613
637600000 41717 -0.0713752 7001.11 0.999613
637700000 41717 -0.091043 7001.12 0.999612
637800000 41717 -0.181559 7001.13 0.999619
637900000 41717 -0.121259 7001.12 0.99962
638000000 41717 1.03969 7000.93 0.999742
638100000 41717 -0.0349223 7001.11 0.999615
638200000 41717 -0.114265 7001.12 0.999612
638300000 41717 -0.117105 7001.12 0.999613
638400000 41717 1.67108 7000.82 0.999793
638500000 41717 0.353214 7001.04 0.999695
638600000 41717 3.28495 7000.55 0.999917
638700000 41717 -0.113818 7001.12 0.999614
638800000 41717 0.190222 7001.07 0.999664
638900000 41717 -0.147019 7001.13 0.999619
639000000 41717 -0.0984364 7001.12 0.999612
639100000 41717 0.0297721 7001.1 0.999641
639200000 41717 0.373691 7001.04 0.999681
639300000 41717 -0.000571314 7001.1 0.999618
639400000 41717 -0.0864574 7001.12 0.999619
639500000 41717 -0.112074 7001.12 0.999617
639600000 41717 -0.198032 7001.13 0.999614
639700000 41717 -0.140103 7001.13 0.999613
639800000 41717 -0.0113909 7001.1 0.999617
639900000 41717 -0.0737637 7001.11 0.999623
640000000 41717 -0.165347 7001.13 0.999631
640100000 41717 0.115942 7001.08 0.999659
640200000 41717 -0.121755 7001.12 0.999611
640300000 41717 0.630433 7001 0.999725
640400000 41717 -0.0964887 7001.12 0.999618
640500000 41717 -0.0156084 7001.1 0.999616
640600000 41717 -0.078043 7001.11 0.999632
640700000 41717 -0.0310115 7001.11 0.999615
640800000 41717 3.16309 7000.57 0.999911
640900000 41717 -0.0914061 7001.12 0.999615
641000000 41717 -0.0641039 7001.11 0.999615
641100000 41717 -0.15483 7001.13 0.999619
641200000 41717 -0.110438 7001.12 0.999615
641300000 41717 -0.0841615 7001.12 0.999612
641400000 41717 0.282651 7001.05 0.999672
641500000 41717 -0.178844 7001.13 0.999613
641600000 41717 -0.0102222 7001.1 0.999617
641700000 41717 -0.136878 7001.12 0.999611
641800000 41717 -0.0764073 7001.11 0.999613
641900000 41717 -0.145429 7001.13 0.999613
642000000 41717 -0.0167122 7001.1 0.999616
642100000 41717 0.0100523 7001.1 0.99964
642200000 41717 -0.051587 7001.11 0.999614
642300000 41717 0.0252653 7001.1 0.999643
642400000 41717 -0.00331893 7001.1 0.999617
642500000 41717 -0.0771137 7001.11 0.999622
642600000 41717 0.690904 7000.99 0.999709
642700000 41717 -0.11023 7001.12 0.999612
642800000 41717 0.217946 7001.07 0.99968
642900000 41717 -0.0934981 7001.12 0.999612
643000000 41717 -0.240402 7001.14 0.99962
643100000 41717 -0.0380144 7001.11 0.999631
643200000 41717 -0.0798453 7001.12 0.999624
643300000 41717 0.526651 7001.01 0.999697
643400000 41717 -0.00715433 7001.1 0.999637
643500000 41717 -0.0101108 7001.1 0.999617
643600000 41717 -0.0933999 7001.12 0.999617
643700000 41717 0.0619759 7001.09 0.999649
643800000 41717 -0.0681615 7001.11 0.999614
643900000 41717 -0.0215579 7001.11 0.999616
644000000 41717 -0.043266 7001.11 0.999615
644100000 41717 -0.139099 7001.12 0.999612
644200000 41717 0.496177 7001.02 0.999708
644300000 41717 0.393075 7001.04 0.999692
644400000 41717 -0.086182 7001.12 0.999616
644500000 41717 -0.0448231 7001.11 0.999615
644600000 41717 0.628937 7001 0.999736
644700000 41717 2.7518 7000.64 0.999876
644800000 41717 0.149865 7001.08 0.999661
644900000 41717 -0.0108981 7001.1 0.999617
645000000 41717 -0.0365288 7001.11 0.999615
645100000 41717 -0.0949003 7001.12 0.999619
645200000 41717 0.477167 7001.02 0.99969
645300000 41717 -0.123933 7001.12 0.999615
645400000 41717 -0.0102488 7001.1 0.999617
645500000 41717 -0.0601003 7001.11 0.999617
645600000 41717 -0.0713818 7001.11 0.999617
645700000 41717 -0.0648556 7001.11 0.999626
645800000 41717 -0.133614 7001.12 0.99962
645900000 41717 -0.136476 7001.12 0.999622
646000000 41717 -0.0313401 7001.11 0.999616
646100000 41717 -0.0834086 7001.12 0.999619
646200000 41717 2.28136 7000.72 0.999855
646300000 41717 0.121486 7001.08 0.999653
646400000 41717 -0.0877613 7001.12 0.999621
646500000 41717 0.0435181 7001.09 0.999644
646600000 41717 -0.0529905 7001.11 0.999632
646700000 41717 0.907261 7000.95 0.999741
646800000 41717 2.97696 7000.6 0.999955
646900000 41717 0.725836 7000.98 0.999724
647000000 41717 -0.0582413 7001.11 0.999615
647100000 41717 0.790036 7000.97 0.999729
647200000 41717 -0.0154122 7001.1 0.999646
647300000 41717 0.203207 7001.07 0.999663
647400000 41717 -0.186675 7001.13 0.999611
647500000 41717 0.208472 7001.07 0.999674
647600000 41717 -0.112758 7001.12 0.999617
647700000 41717 -0.0659089 7001.11 0.999614
647800000 41717 -0.0706231 7001.11 0.999615
647900000 41717 -0.123586 7001.12 0.999614
648000000 41717 0.593176 7001 0.999709
648100000 41717 -0.0692821 7001.11 0.999618
648200000 41717 -0.041279 7001.11 0.999615
648300000 41717 -0.110515 7001.12 0.999621
648400000 41717 -0.0932746 7001.12 0.999624
648500000 41717 -0.150587 7001.13 0.999613
648600000 41717 -0.0910036 7001.12 0.999615
648700000 41717 -0.0525633 7001.11 0.999635
648800000 41717 -0.137576 7001.12 0.99961
648900000 41717 -0.0651593 7001.11 0.999616
649000000 41717 -0.0494345 7001.11 0.999614
649100000 41717 2.1846 7000.74 0.999832
649200000 41717 -0.187082 7001.13 0.999615
649300000 41717 -0.0419558 7001.11 0.999629
649400000 41717 -0.0720099 7001.11 0.999615
649500000 41717 -0.0895444 7001.12 0.999623
649600000 41717 -0.00872434 7001.1 0.999617
649700000 41717 -0.203286 7001.14 0.999613
649800000 41717 -0.0478307 7001.11 0.999615
649900000 41717 -0.137867 7001.12 0.999615
650000000 41717 -0.101287 7001.12 0.999626
650100000 41717 -0.109196 7001.12 0.999613
650200000 41717 2.63491 7000.66 0.999866
650300000 41717 -0.0848985 7001.12 0.999632
650400000 41717 -0.0594729 7001.11 0.999619
650500000 41717 -0.0844183 7001.12 0.999615
650600000 41717 -0.22443 7001.14 0.999611
650700000 41717 -0.0156142 7001.1 0.999616
650800000 41717 -0.0143282 7001.1 0.999617
650900000 41717 -0.0972526 7001.12 0.999614
651000000 41717 -0.129537 7001.12 0.999622
651100000 41717 0.190049 7001.07 0.999674
651200000 41717 0.00853461 7001.1 0.999689
651300000 41717 -0.0685867 7001.11 0.999627
651400000 41717 -0.0137167 7001.1 0.999646
651500000 41717 -0.0888211 7001.12 0.999613
651600000 41717 -0.0505581 7001.11 0.999614
651700000 41717 -0.0522412 7001.11 0.999614
651800000 41717 -0.139768 7001.13 0.999612
651900000 41717 -0.028394 7001.11 0.999615
652000000 41717 -0.1443 7001.13 0.999632
652100000 41717 -0.028788 7001.11 0.999615
652200000 41717 -0.0589814 7001.11 0.999615
652300000 41717 -0.00558252 7001.1 0.999637
652400000 41717 -0.0229522 7001.11 0.999616
652500000 41717 3.17703 7000.57 0.999904
652600000 41717 0.0024175 7001.1 0.999635
652700000 41717 -0.152458 7001.13 0.999613
652800000 41717 -0.0829131 7001.12 0.999619
652900000 41717 0.663349 7000.99 0.999707
653000000 41717 -0.00278968 7001.1 0.99965
653100000 41717 -0.0275794 7001.11 0.999616
653200000 41717 5.80927 7000.13 1.00008
653300000 41717 -0.110639 7001.12 0.999613
653400000 41717 -0.0058528 7001.1 0.999632
653500000 41717 0.218962 7001.06 0.999679
653600000 41717 -0.148119 7001.13 0.999636
653700000 41717 -0.208034 7001.14 0.999611
653800000 41717 -0.0337414 7001.11 0.99963
653900000 41717 -0.0924901 7001.12 0.999614
654000000 41717 0.0420178 7001.09 0.999656
654100000 41717 -0.053784 7001.11 0.999616
654200000 41717 0.171876 7001.07 0.999657
654300000 41717 -0.154545 7001.13 0.999614
654400000 41717 -0.183001 7001.13 0.999625
654500000 41717 -0.0619727 7001.11 0.999614
654600000 41717 -0.0226643 7001.11 0.999616
654700000 41717 -0.0634318 7001.11 0.999624
654800000 41717 -0.0613979 7001.11 0.99962
654900000 41717 1.4581 7000.86 0.999776
655000000 41717 -0.12969 7001.12 0.999611
655100000 41717 -0.0355707 7001.11 0.999615
655200000 41717 -0.0173909 7001.1 0.999616
655300000 41717 -0.119715 7001.12 0.999626
655400000 41717 -0.0069005 7001.1 0.999617
655500000 41717 -0.0864971 7001.12 0.999614
655600000 41717 -0.012752 7001.1 0.999617
655700000 41717 -0.00697579 7001.1 0.999617
655800000 41717 0.744094 7000.98 0.999764
655900000 41717 -0.108588 7001.12 0.999639
656000000 41717 -0.0545623 7001.11 0.999614
656100000 41717 2.85926 7000.62 0.999883
656200000 41717 -0.135581 7001.12 0.999612
656300000 41717 -0.00399367 7001.1 0.999617
656400000 41717 -0.126814 7001.12 0.999615
656500000 41717 -0.0986381 7001.12 0.999645
656600000 41717 -0.0215571 7001.11 0.999616
656700000 41717 6.63805 6999.99 1.00016
656800000 41717 -0.0192247 7001.1 0.999616
656900000 41717 -0.0188568 7001.1 0.99963
657000000 41717 4.95365 7000.27 1.00004
657100000 41717 -0.106443 7001.12 0.999614
657200000 41717 2.59351 7000.67 0.999864
657300000 41717 1.75801 7000.81 0.999888
657400000 41717 1.01691 7000.93 0.999739
657500000 41717 -0.135563 7001.12 0.999618
657600000 41717 1.37294 7000.87 0.999769
657700000 41717 -0.0251893 7001.11 0.999616
657800000 41717 0.0770122 7001.09 0.999653
657900000 41717 -0.0179832 7001.1 0.999616
658000000 41717 -0.0849678 7001.12 0.999618
658100000 41717 -0.112733 7001.12 0.999616
658200000 41717 -0.0482797 7001.11 0.999615
658300000 41717 -0.0755244 7001.11 0.999617
658400000 41717 -0.00282922 7001.1 0.999617
658500000 41717 0.591359 7001 0.999732
658600000 41717 -0.0304837 7001.11 0.999615
658700000 41717 -0.0914226 7001.12 0.999617
658800000 41717 -0.105374 7001.12 0.999616
658900000 41717 -0.103445 7001.12 0.999617
659000000 41717 -0.00704912 7001.1 0.999617
659100000 41717 -0.0589885 7001.11 0.999614
659200000 41717 -0.0894746 7001.12 0.999632
659300000 41717 -0.0181963 7001.1 0.999616
659400000 41717 -0.0503971 7001.11 0.999656
659500000 41717 -0.106671 7001.12 0.999623
659600000 41717 0.111676 7001.08 0.999652
659700000 41717 -0.0902624 7001.12 0.999626
659800000 41717 -0.111754 7001.12 0.999628
659900000 41717 -0.124256 7001.12 0.99962
660000000 41717 -0.0793358 7001.11 0.999613
660100000 41717 -0.172339 7001.13 0.999613
660200000 41717 -0.0629394 7001.11 0.999619
660300000 41717 -0.0513184 7001.11 0.999615
660400000 41717 -0.0416662 7001.11 0.999614
660500000 41717 -0.115696 7001.12 0.999628
660600000 41717 -0.0532342 7001.11 0.999639
660700000 41717 -0.084165 7001.12 0.999613
660800000 41717 -0.10773 7001.12 0.999615
660900000 41717 -0.158178 7001.13 0.999631
661000000 41717 -0.16216 7001.13 0.99963
661100000 41717 -0.192815 7001.13 0.999616
661200000 41717 -0.137689 7001.12 0.999614
661300000 41717 -0.0814341 7001.12 0.999613
661400000 41717 -0.102788 7001.12 0.999612
661500000 41717 -0.00151278 7001.1 0.999658
661600000 41717 -0.0330551 7001.11 0.999628
661700000 41717 4.0159 7000.43 0.999972
661800000 41717 -0.0863882 7001.12 0.999614
661900000 41717 1.34161 7000.88 0.999776
662000000 41717 -0.148576 7001.13 0.999611
662100000 41717 -0.0730232 7001.11 0.999613
662200000 41717 -0.0905339 7001.12 0.999614
662300000 41717 0.704189 7000.98 0.999726
662400000 41717 2.99678 7000.6 0.999923
662500000 41717 -0.0663163 7001.11 0.999613
662600000 41717 -0.0861173 7001.12 0.999616
662700000 41717 0.145258 7001.08 0.999656
662800000 41717 -0.119793 7001.12 0.999631
662900000 41717 -0.0798554 7001.12 0.999618
663000000 41717 -0.0185341 7001.1 0.999616
663100000 41717 0.349427 7001.04 0.999676
663200000 41717 -0.0367078 7001.11 0.999634
663300000 41717 0.458365 7001.02 0.999693
663400000 41717 -0.0242129 7001.11 0.999616
663500000 41717 -0.0346202 7001.11 0.999616
663600000 41717 -0.0368627 7001.11 0.999615
663700000 41717 -0.0926028 7001.12 0.999628
663800000 41717 -0.0880936 7001.12 0.999613
663900000 41717 -0.0685154 7001.11 0.999615
664000000 41717 -0.116607 7001.12 0.999621
664100000 41717 -0.0792434 7001.11 0.999625
664200000 41717 -0.103142 7001.12 0.999619
664300000 41717 -0.134755 7001.12 0.999615
664400000 41717 -0.0389558 7001.11 0.999615
664500000 41717 0.0573864 7001.09 0.999645
664600000 41717 -0.0907088 7001.12 0.999614
664700000 41717 0.379021 7001.04 0.99968
664800000 41717 -0.103173 7001.12 0.999623
664900000 41717 -0.00861524 7001.1 0.999617
665000000 41717 -0.113867 7001.12 0.999613
665100000 41717 -0.0671115 7001.11 0.999615
665200000 41717 0.0727181 7001.09 0.999656
665300000 41717 -0.0216398 7001.11 0.999616
665400000 41717 0.113426 7001.08 0.999663
665500000 41717 -0.12298 7001.12 0.99962
665600000 41717 -0.0678184 7001.11 0.999642
665700000 41717 -0.0117061 7001.1 0.999617
665800000 41717 -0.119917 7001.12 0.999626
665900000 41717 0.993186 7000.94 0.999763
666000000 41717 -0.0729982 7001.11 0.999614
666100000 41717 -0.104986 7001.12 0.999617
666200000 41717 -0.0453303 7001.11 0.999626
666300000 41717 0.536699 7001.01 0.999716
666400000 41717 -0.0927656 7001.12 0.999614
666500000 41717 2.76778 7000.64 0.999882
666600000 41717 -0.0713651 7001.11 0.999614
666700000 41717 -0.0532006 7001.11 0.999615
666800000 41717 -0.0644858 7001.11 0.999613
666900000 41717 -0.159747 7001.13 0.999626
667000000 41717 -0.0458708 7001.11 0.999642
667100000 41717 -0.0578233 7001.11 0.999622
667200000 41717 -0.00584045 7001.1 0.999617
667300000 41717 1.68813 7000.82 0.999829
667400000 41717 2.71826 7000.65 0.9999
667500000 41717 -0.0660462 7001.11 0.999624
667600000 41717 -0.192054 7001.13 0.999612
667700000 41717 -0.0666216 7001.11 0.999614
667800000 41717 0.726006 7000.98 0.999713
667900000 41717 -0.137184 7001.12 0.999631
668000000 41717 -0.029423 7001.11 0.999616
668100000 41717 -0.0424701 7001.11 0.999615
668200000 41717 1.93151 7000.78 0.999838
668300000 41717 -0.169191 7001.13 0.999612
668400000 41717 4.2014 7000.4 1.00002
668500000 41717 -0.142682 7001.13 0.999622
668600000 41717 -0.220147 7001.14 0.999605
668700000 41717 -0.240974 7001.14 0.999627
668800000 41717 -0.027417 7001.11 0.999615
668900000 41717 0.494129 7001.02 0.999707
669000000 41717 -0.0959278 7001.12 0.999615
669100000 41717 0.101956 7001.08 0.999654
669200000 41717 -0.103879 7001.12 0.999617
669300000 41717 -0.0456499 7001.11 0.999616
669400000 41717 -0.0536529 7001.11 0.999649
669500000 41717 0.348197 7001.04 0.999686
669600000 41717 -0.0427417 7001.11 0.999615
669700000 41717 -0.0461986 7001.11 0.999615
669800000 41717 1.50244 7000.85 0.999784
669900000 41717 2.03741 7000.76 0.999829
670000000 41717 -0.0330563 7001.11 0.999639
670100000 41717 -0.114878 7001.12 0.999636
670200000 41717 -0.0550393 7001.11 0.999632
670300000 41717 -0.0351253 7001.11 0.999615
670400000 41717 -0.0327477 7001.11 0.999615
670500000 41717 3.67098 7000.49 0.999947
670600000 41717 -0.0410215 7001.11 0.999615
670700000 41717 -0.00672388 7001.1 0.999617
670800000 41717 -0.0348103 7001.11 0.999616
670900000 41717 -0.0269138 7001.11 0.999616
671000000 41717 -0.0541153 7001.11 0.999614
671100000 41717 -0.042727 7001.11 0.999615
671200000 41717 -0.0890489 7001.12 0.999614
671300000 41717 -0.0766098 7001.11 0.999622
671400000 41717 -0.067042 7001.11 0.999613
671500000 41717 -0.123447 7001.12 0.999619
671600000 41717 -0.0924857 7001.12 0.999619
671700000 41717 -0.0616623 7001.11 0.999617
671800000 41717 -0.00979204 7001.1 0.999617
671900000 41717 0.894729 7000.95 0.999735
672000000 41717 0.15296 7001.08 0.999657
672100000 41717 -0.118547 7001.12 0.999612
672200000 41717 0.266453 7001.06 0.999675
672300000 41717 -0.0942665 7001.12 0.999614
672400000 41717 -0.0062883 7001.1 0.999617
672500000 41717 -0.193479 7001.13 0.999609
672600000 41717 -0.0645455 7001.11 0.999617
672700000 41717 -0.163333 7001.13 0.999619
672800000 41717 -0.0227639 7001.11 0.999616
672900000 41717 0.137721 7001.08 0.999663
673000000 41717 -0.045806 7001.11 0.999614
673100000 41717 -0.134524 7001.12 0.999624
673200000 41717 -0.15091 7001.13 0.999638
673300000 41717 -0.0124649 7001.1 0.999617
673400000 41717 -0.0741813 7001.11 0.999635
673500000 41717 -0.0753286 7001.11 0.999632
673600000 41717 2.26668 7000.72 0.999841
673700000 41717 0.320369 7001.05 0.999686
673800000 41717 2.36219 7000.7 0.999849
673900000 41717 -0.147138 7001.13 0.999614
674000000 41717 -0.014066 7001.1 0.999617
674100000 41717 -0.0719243 7001.11 0.999618
674200000 41717 -0.0809195 7001.12 0.999613
674300000 41717 -0.0600005 7001.11 0.999617
674400000 41717 -0.0695835 7001.11 0.999613
674500000 41717 0.403388 7001.03 0.9997
674600000 41717 -0.0761926 7001.11 0.999613
674700000 41717 -0.0887062 7001.12 0.999623
674800000 41717 0.038782 7001.1 0.999654
674900000 41717 -0.0440636 7001.11 0.999615
675000000 41717 -0.0432465 7001.11 0.999627
675100000 41717 -0.106115 7001.12 0.999616
675200000 41717 1.86417 7000.79 0.999809
675300000 41717 -0.0307492 7001.11 0.999615
675400000 41717 -0.167686 7001.13 0.999612
675500000 41717 0.0176004 7001.1 0.999661
675600000 41717 -0.12279 7001.12 0.999612
675700000 41717 -0.0951248 7001.12 0.99963
675800000 41717 -0.101834 7001.12 0.999615
675900000 41717 -0.0930579 7001.12 0.999617
676000000 41717 -0.0437538 7001.11 0.999615
676100000 41717 -0.0738952 7001.11 0.999618
676200000 41717 -0.0268141 7001.11 0.999616
676300000 41717 -0.0460552 7001.11 0.999615
676400000 41717 -0.043132 7001.11 0.999615
676500000 41717 -0.0452613 7001.11 0.999614
676600000 41717 -0.119382 7001.12 0.999625
676700000 41717 -0.06549 7001.11 0.999613
676800000 41717 -0.0224081 7001.11 0.999645
676900000 41717 -0.0783976 7001.11 0.999618
677000000 41717 0.937385 7000.94 0.999779
677100000 41717 -0.120202 7001.12 0.999617
677200000 41717 -0.0757567 7001.11 0.999613
677300000 41717 -0.104692 7001.12 0.999612
677400000 41717 -0.0780085 7001.11 0.999613
677500000 41717 0.272312 7001.06 0.999669
677600000 41717 -0.073191 7001.11 0.999625
677700000 41717 -0.0768686 7001.11 0.999612
677800000 41717 -0.130635 7001.12 0.999617
677900000 41717 3.47702 7000.52 0.999931
678000000 41717 -0.16271 7001.13 0.999616
678100000 41717 -0.0825602 7001.12 0.999618
678200000 41717 -0.0796076 7001.11 0.999624
678300000 41717 -0.0941937 7001.12 0.999618
678400000 41717 0.805316 7000.97 0.999738
678500000 41717 -0.0757485 7001.11 0.999613
678600000 41717 -0.0234948 7001.11 0.999616
678700000 41717 -0.206358 7001.14 0.999612
678800000 41717 0.386365 7001.04 0.999687
678900000 41717 -0.114072 7001.12 0.999623
679000000 41717 -0.0304794 7001.11 0.999635
679100000 41717 -0.0887129 7001.12 0.999613
679200000 41717 -0.134583 7001.12 0.999615
679300000 41717 -0.036378 7001.11 0.999615
679400000 41717 0.0420716 7001.09 0.999672
679500000 41717 0.186394 7001.07 0.999664
679600000 41717 -0.0298264 7001.11 0.999615
679700000 41717 2.99927 7000.6 0.999893
679800000 41717 -0.0443286 7001.11 0.999615
679900000 41717 0.126042 7001.08 0.999652
680000000 41717 2.67272 7000.65 0.999929
680100000 41717 0.463044 7001.02 0.999688
680200000 41717 -0.135725 7001.12 0.999616
680300000 41717 -0.194526 7001.13 0.999621
680400000 41717 -0.0114052 7001.1 0.999617
680500000 41717 -0.0265535 7001.11 0.999615
680600000 41717 -0.0461747 7001.11 0.999616
680700000 41717 -0.223649 7001.14 0.99961
680800000 41717 0.0516341 7001.09 0.999647
680900000 41717 -0.110752 7001.12 0.999625
681000000 41717 -0.0814066 7001.12 0.999636
681100000 41717 -0.0410178 7001.11 0.999615
681200000 41717 -0.146047 7001.13 0.999614
681300000 41717 -0.00402619 7001.1 0.999617
681400000 41717 -0.0620791 7001.11 0.999615
681500000 41717 -0.0619655 7001.11 0.999615
681600000 41717 -0.0121375 7001.1 0.999617
681700000 41717 1.41848 7000.86 0.999775
681800000 41717 -0.0612765 7001.11 0.999615
681900000 41717 -0.0146843 7001.1 0.999616
682000000 41717 1.27921 7000.89 0.999774
682100000 41717 -0.0159771 7001.1 0.999616
682200000 41717 0.686527 7000.99 0.999722
682300000 41717 -0.00328276 7001.1 0.999617
682400000 41717 0.793571 7000.97 0.999719
682500000 41717 -0.102357 7001.12 0.999618
682600000 41717 -0.117039 7001.12 0.999619
682700000 41717 -0.0664396 7001.11 0.999613
682800000 41717 0.16506 7001.07 0.999688
682900000 41717 -0.030161 7001.11 0.999616
683000000 41717 0.0117004 7001.1 0.999679
683100000 41717 0.540656 7001.01 0.99971
683200000 41717 -0.107894 7001.12 0.99965
683300000 41717 -0.0449452 7001.11 0.999615
683400000 41717 -0.0624602 7001.11 0.999615
683500000 41717 -0.0530815 7001.11 0.999616
683600000 41717 -0.171796 7001.13 0.999614
683700000 41717 1.18878 7000.9 0.999786
683800000 41717 -0.0462517 7001.11 0.999615
683900000 41717 -0.0398446 7001.11 0.999615
684000000 41717 0.137348 7001.08 0.999682
684100000 41717 0.289761 7001.05 0.999682
684200000 41717 -0.0597945 7001.11 0.999613
684300000 41717 0.0340487 7001.1 0.999652
684400000 41717 -0.0407264 7001.11 0.999614
684500000 41717 -0.114004 7001.12 0.999621
684600000 41717 0.017788 7001.1 0.999659
684700000 41717 -0.0618604 7001.11 0.999624
684800000 41717 -0.0505003 7001.11 0.999615
684900000 41717 1.29646 7000.88 0.999764
685000000 41717 -0.0202583 7001.11 0.99963
685100000 41717 -0.091405 7001.12 0.999614
685200000 41717 -0.150238 7001.13 0.999611
685300000 41717 -0.0369057 7001.11 0.999615
685400000 41717 -0.101412 7001.12 0.999615
685500000 41717 -0.142797 7001.13 0.999612
685600000 41717 0.515769 7001.02 0.999709
685700000 41717 -0.161277 7001.13 0.999614
685800000 41717 -0.0854351 7001.12 0.999613
685900000 41717 -0.0875143 7001.12 0.999612
686000000 41717 -0.175735 7001.13 0.999612
686100000 41717 -0.0602279 7001.11 0.99962
686200000 41717 -0.125556 7001.12 0.999615
686300000 41717 -0.0192778 7001.1 0.999616
686400000 41717 -0.129585 7001.12 0.999619
686500000 41717 -0.0823681 7001.12 0.999612
686600000 41717 1.2543 7000.89 0.99976
686700000 41717 -0.115567 7001.12 0.999622
686800000 41717 -0.126759 7001.12 0.999626
686900000 41717 -0.145892 7001.13 0.999615
687000000 41717 -0.0765837 7001.11 0.999613
687100000 41717 -0.126125 7001.12 0.999616
687200000 41717 -0.206172 7001.14 0.999614
687300000 41717 -0.0493108 7001.11 0.999626
687400000 41717 0.166698 7001.07 0.999678
687500000 41717 -0.0655363 7001.11 0.999622
687600000 41717 -0.0449338 7001.11 0.999615
687700000 41717 -0.145992 7001.13 0.999625
687800000 41717 0.164835 7001.07 0.99966
687900000 41717 0.311251 7001.05 0.999682
688000000 41717 -0.0497435 7001.11 0.999642
688100000 41717 -0.0249807 7001.11 0.999616
688200000 41717 0.0138015 7001.1 0.999658
688300000 41717 2.19355 7000.73 0.999838
688400000 41717 -0.0446417 7001.11 0.999614
688500000 41717 -0.0584761 7001.11 0.999645
688600000 41717 -0.0512345 7001.11 0.999643
688700000 41717 -0.112723 7001.12 0.999612
688800000 41717 -0.0705664 7001.11 0.999614
688900000 41717 -0.130508 7001.12 0.999619
689000000 41717 1.33244 7000.88 0.999767
689100000 41717 -0.0367761 7001.11 0.999632
689200000 41717 -0.0881653 7001.12 0.999612
689300000 41717 -0.0991229 7001.12 0.999613
689400000 41717 -0.0976866 7001.12 0.999642
689500000 41717 -0.074086 7001.11 0.999616
689600000 41717 -0.024949 7001.11 0.999616
689700000 41717 0.409623 7001.03 0.999683
689800000 41717 -0.16368 7001.13 0.999617
689900000 41717 -0.0272885 7001.11 0.999616
690000000 41717 -0.121251 7001.12 0.999631
690100000 41717 -0.00898366 7001.1 0.999617
690200000 41717 -0.0904056 7001.12 0.999613
690300000 41717 -0.0872356 7001.12 0.999615
690400000 41717 -0.156708 7001.13 0.999612
690500000 41717 -0.0591076 7001.11 0.999616
690600000 41717 0.541437 7001.01 0.999697
690700000 41717 -0.194672 7001.13 0.999609
690800000 41717 0.755883 7000.97 0.999717
690900000 41717 -0.0743101 7001.11 0.999613
691000000 41717 -0.0305163 7001.11 0.999616
691100000 41717 0.743175 7000.98 0.999732
691200000 41717 -0.0518982 7001.11 0.999622
691300000 41717 1.27473 7000.89 0.999766
691400000 41717 -0.0610868 7001.11 0.999638
691500000 41717 -0.13443 7001.12 0.99963
691600000 41717 -0.167417 7001.13 0.999612
691700000 41717 -0.0103725 7001.1 0.999617
691800000 41717 -0.146979 7001.13 0.999618
691900000 41717 -0.0444215 7001.11 0.999614
692000000 41717 -0.00828399 7001.1 0.999635
692100000 41717 0.0420503 7001.09 0.999642
692200000 41717 0.143015 7001.08 0.99967
692300000 41717 0.0324457 7001.1 0.999653
692400000 41717 -0.225835 7001.14 0.999609
692500000 41717 -0.09116 7001.12 0.999618
692600000 41717 0.490753 7001.02 0.999702
692700000 41717 -0.146276 7001.13 0.999622
692800000 41717 -0.0761753 7001.11 0.999617
692900000 41717 -0.0164765 7001.1 0.999616
693000000 41717 -0.168182 7001.13 0.999615
693100000 41717 -0.0257814 7001.11 0.999615
693200000 41717 0.441333 7001.03 0.999687
693300000 41717 1.53388 7000.84 0.999782
693400000 41717 -0.013668 7001.1 0.999617
693500000 41717 -0.00831831 7001.1 0.999617
693600000 41717 -0.0656546 7001.11 0.999631
693700000 41717 -0.0411174 7001.11 0.999628
693800000 41717 1.42502 7000.86 0.999813
693900000 41717 -0.130299 7001.12 0.999626
694000000 41717 -0.138407 7001.12 0.999629
694100000 41717 1.37725 7000.87 0.99983
694200000 41717 -0.00350607 7001.1 0.999617
694300000 41717 -0.0671246 7001.11 0.999626
694400000 41717 0.523559 7001.01 0.999704
694500000 41717 -0.0729297 7001.11 0.999617
694600000 41717 -0.0404979 7001.11 0.999627
694700000 41717 0.177468 7001.07 0.999662
694800000 41717 1.50489 7000.85 0.99978
694900000 41717 -0.167228 7001.13 0.999612
695000000 41717 1.4129 7000.86 0.999802
695100000 41717 -0.0568204 7001.11 0.999641
695200000 41717 0.395416 7001.04 0.999713
695300000 41717 -0.171857 7001.13 0.999623
695400000 41717 0.784511 7000.97 0.999731
695500000 41717 -0.0603215 7001.11 0.999619
695600000 41717 0.0567448 7001.09 0.999662
695700000 41717 -0.103123 7001.12 0.999614
695800000 41717 -0.263553 7001.15 0.999627
695900000 41717 -0.0945553 7001.12 0.999614
696000000 41717 -0.0494107 7001.11 0.999615
696100000 41717 0.161011 7001.07 0.999659
696200000 41717 -0.00979619 7001.1 0.999617
696300000 41717 1.51542 7000.85 0.999795
696400000 41717 3.42868 7000.53 0.999976
696500000 41717 -0.0274511 7001.11 0.999615
696600000 41717 -0.0562723 7001.11 0.99962
696700000 41717 -0.0278474 7001.11 0.999615
696800000 41717 -0.1125 7001.12 0.999617
696900000 41717 0.944441 7000.94 0.999743
697000000 41717 1.09551 7000.92 0.999747
697100000 41717 -0.0789693 7001.11 0.999615
697200000 41717 -0.0507037 7001.11 0.999614
697300000 41717 2.61736 7000.66 0.999895
697400000 41717 -0.0147083 7001.1 0.999616
697500000 41717 -0.16645 7001.13 0.999623
697600000 41717 -0.0133564 7001.1 0.999617
697700000 41717 -0.124077 7001.12 0.999617
697800000 41717 -0.192558 7001.13 0.999619
697900000 41717 -0.0942173 7001.12 0.999616
698000000 41717 -0.0775821 7001.11 0.999616
698100000 41717 -0.186157 7001.13 0.99961
698200000 41717 -0.0692445 7001.11 0.999616
698300000 41717 -0.0705423 7001.11 0.99963
698400000 41717 -0.111637 7001.12 0.999614
698500000 41717 -0.0216821 7001.11 0.999616
698600000 41717 -0.0689885 7001.11 0.999628
698700000 41717 0.0157694 7001.1 0.999636
698800000 41717 -0.0253739 7001.11 0.999615
698900000 41717 -0.00800788 7001.1 0.999617
699000000 41717 0.992389 7000.94 0.999739
699100000 41717 -0.20821 7001.14 0.99961
699200000 41717 -0.0780654 7001.11 0.999614
699300000 41717 -0.026472 7001.11 0.999615
699400000 41717 0.213859 7001.07 0.99967
699500000 41717 -0.0834003 7001.12 0.999619
699600000 41717 -0.0774985 7001.11 0.999614
699700000 41717 -0.0897266 7001.12 0.999628
699800000 41717 -0.0996876 7001.12 0.999615
699900000 41717 -0.134625 7001.12 0.999611
700000000 41717 0.0746308 7001.09 0.999647
700100000 41717 2.30071 7000.72 0.999901
700200000 41717 -0.157828 7001.13 0.999616
700300000 41717 -0.150817 7001.13 0.999616
700400000 41717 -0.167686 7001.13 0.999622
700500000 41717 -0.0459618 7001.11 0.999615
700600000 41717 0.925097 7000.95 0.999731
700700000 41717 -0.133495 7001.12 0.999621
700800000 41717 -0.154922 7001.13 0.999631
700900000 41717 -0.0425409 7001.11 0.999615
701000000 41717 -0.128164 7001.12 0.999627
701100000 41717 -0.0499357 7001.11 0.999614
701200000 41717 -0.0735769 7001.11 0.999613
701300000 41717 0.799614 7000.97 0.99972
701400000 41717 0.155916 7001.08 0.999658
701500000 41717 -0.236056 7001.14 0.999636
701600000 41717 -0.144435 7001.13 0.999615
701700000 41717 0.413079 7001.03 0.999683
701800000 41717 -0.0573597 7001.11 0.999629
701900000 41717 1.17926 7000.9 0.999771
702000000 41717 -0.0259917 7001.11 0.999643
702100000 41717 0.47263 7001.02 0.999705
702200000 41717 -0.053876 7001.11 0.999614
702300000 41717 3.48912 7000.52 0.999926
702400000 41717 -0.102496 7001.12 0.999616
702500000 41717 0.522984 7001.01 0.999695
702600000 41717 -0.0232282 7001.11 0.999616
702700000 41717 -0.105649 7001.12 0.999611
702800000 41717 -0.0263475 7001.11 0.999616
702900000 41717 -0.120244 7001.12 0.999616
703000000 41717 -0.150269 7001.13 0.999619
703100000 41717 -0.154489 7001.13 0.999613
703200000 41717 -0.0589672 7001.11 0.999644
703300000 41717 -0.150973 7001.13 0.999615
703400000 41717 0.0314045 7001.1 0.99965
703500000 41717 -0.0876456 7001.12 0.999612
703600000 41717 -0.0424792 7001.11 0.999615
703700000 41717 -0.0144239 7001.1 0.999616
703800000 41717 -0.0481696 7001.11 0.999615
703900000 41717 1.59632 7000.83 0.999789
704000000 41717 -0.057942 7001.11 0.999641
704100000 41717 -0.0412884 7001.11 0.999615
704200000 41717 -0.0938832 7001.12 0.999615
704300000 41717 -0.0289651 7001.11 0.999615
704400000 41717 -0.0544203 7001.11 0.999614
704500000 41717 0.164482 7001.07 0.999655
704600000 41717 -0.0942104 7001.12 0.999614
704700000 41717 0.0576278 7001.09 0.999664
704800000 41717 -0.115032 7001.12 0.999623
704900000 41717 -0.143567 7001.13 0.999616
705000000 41717 0.00813153 7001.1 0.999647
705100000 41717 -0.058795 7001.11 0.999615
705200000 41717 -0.0563823 7001.11 0.999616
705300000 41717 0.215103 7001.07 0.999666
705400000 41717 -0.0638775 7001.11 0.999615
705500000 41717 -0.0767512 7001.11 0.999616
705600000 41717 -0.178384 7001.13 0.999609
705700000 41717 -0.0300494 7001.11 0.99966
705800000 41717 -0.00960845 7001.1 0.999617
705900000 41717 -0.0571778 7001.11 0.999651
706000000 41717 0.128019 7001.08 0.999667
706100000 41717 -0.00794872 7001.1 0.999635
706200000 41717 -0.0952423 7001.12 0.999623
706300000 41717 -0.099187 7001.12 0.999624
706400000 41717 1.04478 7000.93 0.999747
706500000 41717 0.161481 7001.07 0.999657
706600000 41717 -0.025422 7001.11 0.999616
706700000 41717 -0.0164772 7001.1 0.999616
706800000 41717 -0.119604 7001.12 0.99963
706900000 41717 -0.069398 7001.11 0.999616
707000000 41717 -0.0126693 7001.1 0.999617
707100000 41717 -0.0797244 7001.11 0.99964
707200000 41717 -0.0285938 7001.11 0.999615
707300000 41717 -0.140034 7001.13 0.999611
707400000 41717 -0.105517 7001.12 0.999611
707500000 41717 0.0873702 7001.09 0.999652
707600000 41717 -0.0095301 7001.1 0.999617
707700000 41717 -0.116565 7001.12 0.999631
707800000 41717 -0.0403615 7001.11 0.999614
707900000 41717 -0.0775906 7001.11 0.999615
708000000 41717 -0.00601564 7001.1 0.999617
708100000 41717 -0.0584091 7001.11 0.999618
708200000 41717 0.175829 7001.07 0.999667
708300000 41717 0.155146 7001.08 0.999657
708400000 41717 -0.05341 7001.11 0.999623
708500000 41717 -0.0239886 7001.11 0.999616
708600000 41717 -0.107318 7001.12 0.999613
708700000 41717 0.407565 7001.03 0.999683
708800000 41717 -0.0510962 7001.11 0.999616
708900000 41717 -0.179679 7001.13 0.999611
709000000 41717 -0.138733 7001.12 0.999609
709100000 41717 1.34414 7000.88 0.999767
709200000 41717 -0.0979254 7001.12 0.999616
709300000 41717 0.226683 7001.06 0.999664
709400000 41717 0.984485 7000.94 0.999772
709500000 41717 2.76494 7000.64 0.999877
709600000 41717 0.117824 7001.08 0.999682
709700000 41717 -0.118027 7001.12 0.999616
709800000 41717 0.00376096 7001.1 0.999638
709900000 41717 -0.0465856 7001.11 0.999626
710000000 41717 0.227657 7001.06 0.999665
710100000 41717 0.0440865 7001.09 0.999656
710200000 41717 -0.0498005 7001.11 0.999615
710300000 41717 -0.166355 7001.13 0.999625
710400000 41717 -0.131098 7001.12 0.999627
710500000 41717 -0.0113021 7001.1 0.999617
710600000 41717 0.0505307 7001.09 0.999641
710700000 41717 -0.0972342 7001.12 0.999617
710800000 41717 1.44182 7000.86 0.999806
710900000 41717 -0.109277 7001.12 0.999623
711000000 41717 -0.0129926 7001.1 0.999617
711100000 41717 -0.104287 7001.12 0.999613
711200000 41717 0.0774666 7001.09 0.999648
711300000 41717 -0.045101 7001.11 0.999626
711400000 41717 -0.0700918 7001.11 0.999613
711500000 41717 -0.061059 7001.11 0.999618
711600000 41717 -0.0584608 7001.11 0.999614
711700000 41717 0.229493 7001.06 0.999694
711800000 41717 -0.19491 7001.13 0.999645
711900000 41717 0.936763 7000.94 0.999746
712000000 41717 -0.104699 7001.12 0.999612
712100000 41717 0.0997927 7001.08 0.999652
712200000 41717 -0.0906935 7001.12 0.999632
712300000 41717 0.136577 7001.08 0.999654
712400000 41717 -0.064566 7001.11 0.999614
712500000 41717 -0.0592984 7001.11 0.999614
712600000 41717 -0.114463 7001.12 0.999621
712700000 41717 -0.0843291 7001.12 0.999613
712800000 41717 -0.125028 7001.12 0.999633
712900000 41717 -0.0582374 7001.11 0.999616
713000000 41717 -0.0919617 7001.12 0.999613
713100000 41717 -0.185321 7001.13 0.999622
713200000 41717 -0.157272 7001.13 0.999613
713300000 41717 0.27918 7001.05 0.999676
713400000 41717 -0.104941 7001.12 0.999615
713500000 41717 -0.0294259 7001.11 0.999616
713600000 41717 -0.156888 7001.13 0.999612
713700000 41717 0.0870066 7001.09 0.999658
713800000 41717 0.915062 7000.95 0.999733
713900000 41717 -0.0226185 7001.11 0.999616
714000000 41717 0.798735 7000.97 0.999733
714100000 41717 -0.106599 7001.12 0.99962
714200000 41717 -0.0243183 7001.11 0.999616
714300000 41717 -0.0310708 7001.11 0.999615
714400000 41717 -0.0283978 7001.11 0.999616
714500000 41717 -0.0541779 7001.11 0.999614
714600000 41717 -0.0390534 7001.11 0.999615
714700000 41717 -0.107045 7001.12 0.999614
714800000 41717 -0.0768495 7001.11 0.99962
714900000 41717 -0.0529369 7001.11 0.999614
715000000 41717 1.10515 7000.92 0.999756
715100000 41717 -0.105618 7001.12 0.999623
715200000 41717 -0.0231198 7001.11 0.999616
715300000 41717 -0.0667713 7001.11 0.999647
715400000 41717 -0.0231136 7001.11 0.999616
715500000 41717 -0.0631703 7001.11 0.99964
715600000 41717 -0.0657091 7001.11 0.999614
715700000 41717 -0.123999 7001.12 0.999613
715800000 41717 -0.0291237 7001.11 0.999616
715900000 41717 -0.151459 7001.13 0.999619
716000000 41717 0.0644126 7001.09 0.999652
716100000 41717 -0.00618571 7001.1 0.999617
716200000 41717 0.25318 7001.06 0.99971
716300000 41717 0.0838567 7001.09 0.999645
716400000 41717 -0.0385557 7001.11 0.999615
716500000 41717 -0.15018 7001.13 0.999619
716600000 41717 0.590453 7001 0.999715
716700000 41717 -0.101564 7001.12 0.999613
716800000 41717 -0.0536737 7001.11 0.999614
716900000 41717 0.0256463 7001.1 0.999655
717000000 41717 -0.117641 7001.12 0.999612
717100000 41717 0.263416 7001.06 0.999667
717200000 41717 -0.0766956 7001.11 0.99962
717300000 41717 -0.115456 7001.12 0.99962
717400000 41717 -0.0862195 7001.12 0.999622
717500000 41717 0.535757 7001.01 0.999725
717600000 41717 0.15574 7001.08 0.999679
717700000 41717 -0.062477 7001.11 0.999613
717800000 41717 -0.093703 7001.12 0.999613
717900000 41717 -0.11395 7001.12 0.999627
718000000 41717 0.027466 7001.1 0.999642
718100000 41717 -0.0435569 7001.11 0.999633
718200000 41717 -0.0585881 7001.11 0.999617
718300000 41717 -0.0701226 7001.11 0.999622
718400000 41717 -0.0373694 7001.11 0.999616
718500000 41717 -0.0605029 7001.11 0.999614
718600000 41717 -0.0916826 7001.12 0.999616
718700000 41717 -0.0866913 7001.12 0.999613
718800000 41717 -0.0721083 7001.11 0.999613
718900000 41717 1.02916 7000.93 0.999767
719000000 41717 -0.082509 7001.12 0.999613
719100000 41717 -0.109866 7001.12 0.999611
719200000 41717 -0.141984 7001.13 0.999635
719300000 41717 -0.0460165 7001.11 0.999614
719400000 41717 -0.1812 7001.13 0.99962
719500000 41717 -0.0241124 7001.11 0.999616
719600000 41717 -0.0461292 7001.11 0.999615
719700000 41717 -0.217891 7001.14 0.999612
719800000 41717 0.466292 7001.02 0.999688
719900000 41717 -0.0477292 7001.11 0.999614
720000000 41717 -0.122462 7001.12 0.999613
720100000 41717 -0.0587998 7001.11 0.99964
720200000 41717 -0.164947 7001.13 0.999631
720300000 41717 -0.0973704 7001.12 0.999612
720400000 41717 0.0385045 7001.1 0.999653
720500000 41717 0.241849 7001.06 0.999679
720600000 41717 0.22195 7001.06 0.999681
720700000 41717 -0.0325172 7001.11 0.999615
720800000 41717 -0.0445869 7001.11 0.999639
720900000 41717 -0.10577 7001.12 0.999615
721000000 41717 -0.0796574 7001.12 0.999618
721100000 41717 0.0201103 7001.1 0.999637
721200000 41717 -0.0612061 7001.11 0.999614
721300000 41717 -0.0581081 7001.11 0.999614
721400000 41717 0.143435 7001.08 0.999658
721500000 41717 9.06247 6999.58 1.00028
721600000 41717 -0.0541211 7001.11 0.999623
721700000 41717 -0.124588 7001.12 0.999614
721800000 41717 -0.0600848 7001.11 0.999613
721900000 41717 0.0722502 7001.09 0.999644
722000000 41717 1.28063 7000.89 0.999769
722100000 41717 -0.171564 7001.13 0.999615
722200000 41717 -0.0549592 7001.11 0.999615
722300000 41717 -0.0117905 7001.1 0.999617
722400000 41717 -0.0357033 7001.11 0.999616
722500000 41717 -0.142476 7001.13 0.999611
722600000 41717 1.86557 7000.79 0.999808
722700000 41717 0.460737 7001.02 0.999707
722800000 41717 -0.0827418 7001.12 0.999615
722900000 41717 -0.088594 7001.12 0.999613
723000000 41717 1.80742 7000.8 0.999821
723100000 41717 -0.0761225 7001.11 0.999638
723200000 41717 -0.157368 7001.13 0.99963
723300000 41717 -0.104418 7001.12 0.999621
723400000 41717 -0.0851599 7001.12 0.999618
723500000 41717 -0.145998 7001.13 0.999624
723600000 41717 0.00169673 7001.1 0.999634
723700000 41717 0.278501 7001.05 0.999674
723800000 41717 -0.067264 7001.11 0.999614
723900000 41717 0.281407 7001.05 0.999688
724000000 41717 4.15405 7000.4 1.00004
724100000 41717 -0.11249 7001.12 0.999612
724200000 41717 1.05847 7000.92 0.999799
724300000 41717 -0.107402 7001.12 0.999614
724400000 41717 0.356418 7001.04 0.999679
724500000 41717 0.208783 7001.07 0.999662
724600000 41717 -0.0680343 7001.11 0.999613
724700000 41717 -0.168859 7001.13 0.999615
724800000 41717 -0.0612293 7001.11 0.999625
724900000 41717 -0.167869 7001.13 0.999622
725000000 41717 -0.136201 7001.12 0.999623
725100000 41717 -0.031713 7001.11 0.999615
725200000 41717 -0.0746343 7001.11 0.999615
725300000 41717 -0.143027 7001.13 0.99962
725400000 41717 1.31167 7000.88 0.999781
725500000 41717 -0.0928611 7001.12 0.99963
725600000 41717 -0.0862725 7001.12 0.999615
725700000 41717 1.89319 7000.78 0.999877
725800000 41717 -0.111483 7001.12 0.999616
725900000 41717 0.464366 7001.02 0.999689
726000000 41717 0.256492 7001.06 0.999667
726100000 41717 -0.0325319 7001.11 0.999616
726200000 41717 -0.0159685 7001.1 0.999616
726300000 41717 -0.108942 7001.12 0.999611
726400000 41717 -0.0567715 7001.11 0.999615
726500000 41717 -0.00801642 7001.1 0.999647
726600000 41717 -0.0507401 7001.11 0.999642
726700000 41717 -0.0763904 7001.11 0.999614
726800000 41717 -0.0738199 7001.11 0.999618
726900000 41717 0.0460412 7001.09 0.999661
727000000 41717 0.178304 7001.07 0.999669
727100000 41717 -0.0229875 7001.11 0.999616
727200000 41717 -0.138685 7001.12 0.999627
727300000 41717 0.0528294 7001.09 0.999645
727400000 41717 -0.0264759 7001.11 0.999615
727500000 41717 0.763202 7000.97 0.999726
727600000 41717 -0.0698446 7001.11 0.999616
727700000 41717 9.16796 6999.56 1.0003
727800000 41717 -0.124424 7001.12 0.999614
727900000 41717 0.190669 7001.07 0.999677
728000000 41717 0.109597 7001.08 0.999664
728100000 41717 -0.085747 7001.12 0.99963
728200000 41717 -0.0141215 7001.1 0.999654
728300000 41717 -0.0320971 7001.11 0.999616
728400000 41717 -0.172302 7001.13 0.999625
728500000 41717 -0.0741799 7001.11 0.999616
728600000 41717 -0.0341034 7001.11 0.999615
728700000 41717 -0.0504174 7001.11 0.999616
728800000 41717 0.41586 7001.03 0.999702
728900000 41717 -0.0801149 7001.12 0.999615
729000000 41717 -0.123075 7001.12 0.999614
729100000 41717 -0.0147919 7001.1 0.999616
729200000 41717 -0.147283 7001.13 0.999627
729300000 41717 -0.235516 7001.14 0.999611
729400000 41717 0.0633895 7001.09 0.999644
729500000 41717 -0.125506 7001.12 0.999611
729600000 41717 -0.0626039 7001.11 0.99963
729700000 41717 -0.123287 7001.12 0.999614
729800000 41717 0.74464 7000.98 0.999751
729900000 41717 0.385965 7001.04 0.999693
730000000 41717 -0.0274682 7001.11 0.999616
730100000 41717 -0.127391 7001.12 0.999611
730200000 41717 0.284679 7001.05 0.999676
730300000 41717 -0.142589 7001.13 0.999632
730400000 41717 -0.159703 7001.13 0.999615
730500000 41717 -0.0185554 7001.1 0.999616
730600000 41717 -0.100497 7001.12 0.999619
730700000 41717 -0.0539419 7001.11 0.999626
730800000 41717 -0.200956 7001.14 0.999627
730900000 41717 -0.1841 7001.13 0.999614
731000000 41717 -0.0615282 7001.11 0.999621
731100000 41717 -0.053224 7001.11 0.999615
731200000 41717 -0.0885883 7001.12 0.999629
731300000 41717 -0.0524009 7001.11 0.999614
731400000 41717 -0.00730914 7001.1 0.999617
731500000 41717 -0.0604209 7001.11 0.999622
731600000 41717 0.0813689 7001.09 0.999646
731700000 41717 -0.0222857 7001.11 0.999616
731800000 41717 -0.0845501 7001.12 0.999613
731900000 41717 -0.0200517 7001.11 0.999616
732000000 41717 -0.0353524 7001.11 0.999615
732100000 41717 -0.0265323 7001.11 0.999616
732200000 41717 -0.134477 7001.12 0.999638
732300000 41717 -0.034926 7001.11 0.999615
732400000 41717 0.0475001 7001.09 0.999645
732500000 41717 -0.0113383 7001.1 0.999617
732600000 41717 -0.0808633 7001.12 0.999613
732700000 41717 -0.00761132 7001.1 0.999617
732800000 41717 -0.0789738 7001.11 0.999615
732900000 41717 -0.0833741 7001.12 0.999621
733000000 41717 -0.016032 7001.1 0.999616
733100000 41717 -0.0232753 7001.11 0.999616
733200000 41717 0.880562 7000.95 0.999746
733300000 41717 -0.1847 7001.13 0.999619
733400000 41717 0.88594 7000.95 0.999747
733500000 41717 -0.0256449 7001.11 0.999616
733600000 41717 0.31148 7001.05 0.999678
733700000 41717 -0.0189271 7001.1 0.999617
733800000 41717 -0.0858606 7001.12 0.999617
733900000 41717 -0.0885463 7001.12 0.999613
734000000 41717 -0.0777247 7001.11 0.999639
734100000 41717 0.173489 7001.07 0.99967
734200000 41717 -0.109828 7001.12 0.999628
734300000 41717 2.29525 7000.72 0.999865
734400000 41717 -0.0703901 7001.11 0.999613
734500000 41717 0.0184778 7001.1 0.999636
734600000 41717 -0.0229772 7001.11 0.999616
734700000 41717 0.316159 7001.05 0.999673
734800000 41717 -0.0336157 7001.11 0.999627
734900000 41717 -0.0701694 7001.11 0.999635
735000000 41717 -0.227347 7001.14 0.999621
735100000 41717 -0.0549131 7001.11 0.999614
735200000 41717 -0.252382 7001.14 0.99962
735300000 41717 -0.00889716 7001.1 0.999617
735400000 41717 -0.100311 7001.12 0.999615
735500000 41717 -0.169649 7001.13 0.999613
735600000 41717 0.619627 7001 0.999703
735700000 41717 -0.10324 7001.12 0.999641
735800000 41717 0.255875 7001.06 0.99967
735900000 41717 -0.12683 7001.12 0.999613
736000000 41717 -0.075447 7001.11 0.999614
736100000 41717 -0.0203022 7001.11 0.999616
736200000 41717 -0.0235729 7001.11 0.999616
736300000 41717 0.315109 7001.05 0.999691
736400000 41717 -0.0591076 7001.11 0.999625
736500000 41717 -0.0292756 7001.11 0.999615
736600000 41717 0.161033 7001.07 0.999671
736700000 41717 -0.0577981 7001.11 0.999615
736800000 41717 -0.0338125 7001.11 0.999615
736900000 41717 -0.0344868 7001.11 0.999631
737000000 41717 -0.0213183 7001.11 0.999616
737100000 41717 -0.05562 7001.11 0.999614
737200000 41717 -0.0616026 7001.11 0.999614
737300000 41717 -0.105578 7001.12 0.999623
737400000 41717 -0.0312283 7001.11 0.999615
737500000 41717 -0.106572 7001.12 0.999612
737600000 41717 -0.0255354 7001.11 0.999616
737700000 41717 -0.0124614 7001.1 0.999617
737800000 41717 -0.0624598 7001.11 0.999615
737900000 41717 -0.0374493 7001.11 0.999615
738000000 41717 0.506542 7001.02 0.999693
738100000 41717 -0.0119619 7001.1 0.999617
738200000 41717 0.137766 7001.08 0.999666
738300000 41717 2.21112 7000.73 0.999881
738400000 41717 -0.130846 7001.12 0.999611
738500000 41717 -0.147502 7001.13 0.999612
738600000 41717 2.5863 7000.67 0.999901
738700000 41717 -0.128154 7001.12 0.999625
738800000 41717 -0.0572434 7001.11 0.999614
738900000 41717 -0.201005 7001.14 0.999622
739000000 41717 -0.0155174 7001.1 0.999639
739100000 41717 -0.179843 7001.13 0.999612
739200000 41717 1.46655 7000.86 0.999801
739300000 41717 -0.0301488 7001.11 0.999615
739400000 41717 -0.0805029 7001.12 0.999612
739500000 41717 0.571731 7001.01 0.999701
739600000 41717 0.0289425 7001.1 0.999672
739700000 41717 -0.00648093 7001.1 0.999634
739800000 41717 -0.0783676 7001.11 0.999614
739900000 41717 0.0562802 7001.09 0.999658
740000000 41717 2.22807 7000.73 0.999891
740100000 41717 -0.0949225 7001.12 0.999615
740200000 41717 1.16561 7000.91 0.999756
740300000 41717 -0.0202297 7001.11 0.999616
740400000 41717 0.469321 7001.02 0.999723
740500000 41717 -0.0953616 7001.12 0.999611
740600000 41717 -0.181252 7001.13 0.999619
740700000 41717 0.103065 7001.08 0.999648
740800000 41717 -0.0899676 7001.12 0.999613
740900000 41717 -0.0734756 7001.11 0.999615
741000000 41717 -0.0550852 7001.11 0.999616
741100000 41717 -0.0653025 7001.11 0.999629
741200000 41717 -0.106127 7001.12 0.999611
741300000 41717 -0.0125301 7001.1 0.999617
741400000 41717 -0.0358096 7001.11 0.999615
741500000 41717 -0.077878 7001.11 0.99962
741600000 41717 0.612769 7001 0.999724
741700000 41717 -0.0301839 7001.11 0.999632
741800000 41717 -0.00202514 7001.1 0.999617
741900000 41717 -0.0731416 7001.11 0.999613
742000000 41717 3.51286 7000.51 0.999928
742100000 41717 -0.0566854 7001.11 0.999614
742200000 41717 -0.0709074 7001.11 0.999613
742300000 41717 -0.101724 7001.12 0.999614
742400000 41717 1.54661 7000.84 0.999787
742500000 41717 0.226211 7001.06 0.999679
742600000 41717 -0.105045 7001.12 0.99962
742700000 41717 -0.118516 7001.12 0.999625
742800000 41717 -0.10394 7001.12 0.999627
742900000 41717 0.415071 7001.03 0.999691
743000000 41717 -0.0743049 7001.11 0.999614
743100000 41717 -0.115713 7001.12 0.999633
743200000 41717 -0.197028 7001.13 0.999618
743300000 41717 -0.0720639 7001.11 0.999614
743400000 41717 -0.124893 7001.12 0.99962
743500000 41717 -0.0551636 7001.11 0.999614
743600000 41717 -0.0436894 7001.11 0.999632
743700000 41717 0.139204 7001.08 0.999654
743800000 41717 -0.0272197 7001.11 0.999616
743900000 41717 1.35991 7000.87 0.999768
744000000 41717 -0.0447874 7001.11 0.999614
744100000 41717 -0.0120888 7001.1 0.999616
744200000 41717 -0.00958824 7001.1 0.999644
744300000 41717 -0.0556369 7001.11 0.999632
744400000 41717 -0.167716 7001.13 0.999615
744500000 41717 -0.0650841 7001.11 0.999623
744600000 41717 -0.0759121 7001.11 0.999614
744700000 41717 -0.162185 7001.13 0.999612
744800000 41717 0.00474655 7001.1 0.999637
744900000 41717 -0.0678823 7001.11 0.999619
745000000 41717 -0.0912101 7001.12 0.999618
745100000 41717 -0.101521 7001.12 0.999613
745200000 41717 -0.0944395 7001.12 0.999624
745300000 41717 -0.159879 7001.13 0.999616
745400000 41717 0.106166 7001.08 0.999661
745500000 41717 -0.0125024 7001.1 0.999617
745600000 41717 -0.0193704 7001.1 0.999634
745700000 41717 0.186144 7001.07 0.999669
745800000 41717 -0.089483 7001.12 0.999612
745900000 41717 0.778551 7000.97 0.999742
746000000 41717 -0.034406 7001.11 0.999615
746100000 41717 -0.0683631 7001.11 0.999613
746200000 41717 -0.020737 7001.11 0.999616
746300000 41717 0.218862 7001.06 0.99967
746400000 41717 -0.0697952 7001.11 0.99962
746500000 41717 -0.0390867 7001.11 0.999615
746600000 41717 0.206081 7001.07 0.999665
746700000 41717 -0.119902 7001.12 0.999618
746800000 41717 -0.0862941 7001.12 0.999616
746900000 41717 -0.0692173 7001.11 0.999638
747000000 41717 -0.0372541 7001.11 0.999615
747100000 41717 -0.0812101 7001.12 0.999645
747200000 41717 -0.115814 7001.12 0.999618
747300000 41717 -0.154468 7001.13 0.999615
747400000 41717 0.604178 7001 0.999704
747500000 41717 -0.0977412 7001.12 0.999615
747600000 41717 -0.116579 7001.12 0.999618
747700000 41717 -0.13128 7001.12 0.999616
747800000 41717 -0.0107869 7001.1 0.999617
747900000 41717 -0.109579 7001.12 0.999618
748000000 41717 -0.0448669 7001.11 0.999615
748100000 41717 -0.113779 7001.12 0.999614
748200000 41717 -0.068239 7001.11 0.999613
748300000 41717 -0.0120144 7001.1 0.999633
748400000 41717 -0.079757 7001.12 0.999615
748500000 41717 -0.0791966 7001.11 0.999614
748600000 41717 -0.037221 7001.11 0.999615
748700000 41717 -0.0776609 7001.11 0.999614
748800000 41717 -0.0630872 7001.11 0.999614
748900000 41717 0.066517 7001.09 0.99965
749000000 41717 -0.194755 7001.13 0.999626
749100000 41717 -0.00816037 7001.1 0.999617
749200000 41717 -0.016118 7001.1 0.999616
749300000 41717 -0.00609724 7001.1 0.999632
749400000 41717 9.40365 6999.52 1.00028
749500000 41717 -0.00499367 7001.1 0.999617
749600000 41717 -0.0422532 7001.11 0.999615
749700000 41717 -0.068161 7001.11 0.999614
749800000 41717 0.260132 7001.06 0.999695
749900000 41717 -0.0470728 7001.11 0.999615
750000000 41717 0.413321 7001.03 0.999695
750100000 41717 -0.14585 7001.13 0.999609
750200000 41717 0.27895 7001.05 0.999673
750300000 41717 -0.0685406 7001.11 0.999622
750400000 41717 0.780041 7000.97 0.999718
750500000 41717 0.487947 7001.02 0.999712
750600000 41717 -0.0753214 7001.11 0.999623
750700000 41717 -0.0459762 7001.11 0.999616
750800000 41717 0.658307 7000.99 0.999713
750900000 41717 -0.115485 7001.12 0.99962
751000000 41717 -0.123621 7001.12 0.999629
751100000 41717 -0.0174337 7001.1 0.999616
751200000 41717 -0.0706053 7001.11 0.999627
751300000 41717 -0.124335 7001.12 0.999613
751400000 41717 0.388774 7001.04 0.999703
751500000 41717 -0.081071 7001.12 0.999613
751600000 41717 -0.0887166 7001.12 0.999613
751700000 41717 -0.0176747 7001.1 0.999616
751800000 41717 -0.160987 7001.13 0.999619
751900000 41717 -0.0451778 7001.11 0.999615
752000000 41717 -0.0228535 7001.11 0.999616
752100000 41717 -0.0541975 7001.11 0.999614
752200000 41717 0.28204 7001.05 0.999669
752300000 41717 0.151611 7001.08 0.999654
752400000 41717 -0.073245 7001.11 0.999617
752500000 41717 1.72755 7000.81 0.999797
752600000 41717 -0.240073 7001.14 0.999623
752700000 41717 -0.11886 7001.12 0.999611
752800000 41717 -0.12095 7001.12 0.999618
752900000 41717 1.47785 7000.85 0.99982
753000000 41717 0.0964063 7001.09 0.999659
753100000 41717 -0.0141785 7001.1 0.999631
753200000 41717 -0.0620519 7001.11 0.999614
753300000 41717 -0.0276627 7001.11 0.999615
753400000 41717 0.26507 7001.06 0.999701
753500000 41717 -0.15905 7001.13 0.999619
753600000 41717 -0.0540947 7001.11 0.999614
753700000 41717 -0.0233159 7001.11 0.999616
753800000 41717 -0.0408244 7001.11 0.999626
753900000 41717 6.61265 6999.99 1.00023
754000000 41717 -0.0563659 7001.11 0.999615
754100000 41717 -0.066497 7001.11 0.999614
754200000 41717 -0.0696456 7001.11 0.999616
754300000 41717 -0.078102 7001.11 0.999613
754400000 41717 -0.0232703 7001.11 0.999637
754500000 41717 -0.00446713 7001.1 0.999635
754600000 41717 -0.187118 7001.13 0.999627
754700000 41717 -0.078548 7001.11 0.999614
754800000 41717 -0.033941 7001.11 0.999628
754900000 41717 -0.12057 7001.12 0.999617
755000000 41717 -0.049347 7001.11 0.999616
755100000 41717 -0.0846572 7001.12 0.999614
755200000 41717 -0.11302 7001.12 0.999613
755300000 41717 -0.0549223 7001.11 0.999641
755400000 41717 -0.0601643 7001.11 0.99962
755500000 41717 -0.108928 7001.12 0.999623
755600000 41717 0.21509 7001.07 0.999675
755700000 41717 -0.102212 7001.12 0.999621
755800000 41717 -0.0069559 7001.1 0.999617
755900000 41717 0.00738946 7001.1 0.999654
756000000 41717 0.550686 7001.01 0.999702
756100000 41717 -0.0368999 7001.11 0.999616
756200000 41717 -0.101572 7001.12 0.999614
756300000 41717 -0.0192577 7001.1 0.999616
756400000 41717 0.560667 7001.01 0.9997
756500000 41717 -0.0608388 7001.11 0.999615
756600000 41717 0.0207533 7001.1 0.999639
756700000 41717 1.05187 7000.93 0.999744
756800000 41717 0.0343972 7001.1 0.99964
756900000 41717 -0.0356302 7001.11 0.999615
757000000 41717 -0.0467959 7001.11 0.999642
757100000 41717 0.352319 7001.04 0.99974
757200000 41717 1.49893 7000.85 0.999801
757300000 41717 -0.021708 7001.11 0.999631
757400000 41717 0.847124 7000.96 0.999724
757500000 41717 3.85512 7000.45 0.999951
757600000 41717 1.72751 7000.81 0.999822
757700000 41717 -0.00361067 7001.1 0.999617
757800000 41717 -0.10621 7001.12 0.999615
757900000 41717 1.16832 7000.91 0.99979
758000000 41717 -0.0641276 7001.11 0.999614
758100000 41717 -0.0763758 7001.11 0.999615
758200000 41717 -0.0433346 7001.11 0.999635
758300000 41717 -0.0265291 7001.11 0.999615
758400000 41717 -0.034856 7001.11 0.999615
758500000 41717 -0.0930635 7001.12 0.999624
758600000 41717 -0.0476347 7001.11 0.999614
758700000 41717 -0.0418901 7001.11 0.999615
758800000 41717 0.137711 7001.08 0.999682
758900000 41717 -0.142396 7001.13 0.999621
759000000 41717 -0.08021 7001.12 0.99963
759100000 41717 -0.0433469 7001.11 0.999615
759200000 41717 -0.0521388 7001.11 0.999632
759300000 41717 1.79651 7000.8 0.99982
759400000 41717 -0.0170533 7001.1 0.999616
759500000 41717 -0.00646154 7001.1 0.999617
759600000 41717 0.80952 7000.97 0.999738
759700000 41717 -0.0619817 7001.11 0.999613
759800000 41717 -0.0813339 7001.12 0.999616
759900000 41717 -0.00568293 7001.1 0.999617
760000000 41717 -0.0805288 7001.12 0.999616
760100000 41717 -0.128095 7001.12 0.999612
760200000 41717 -0.0887208 7001.12 0.999615
760300000 41717 -0.105048 7001.12 0.999626
760400000 41717 0.0691176 7001.09 0.999648
760500000 41717 -0.0444031 7001.11 0.999615
760600000 41717 2.35452 7000.71 0.999848
760700000 41717 0.221038 7001.06 0.999666
760800000 41717 -0.0205404 7001.11 0.999616
760900000 41717 -0.112277 7001.12 0.999612
761000000 41717 -0.0618623 7001.11 0.999613
761100000 41717 -0.0575686 7001.11 0.999613
761200000 41717 -0.15796 7001.13 0.999622
761300000 41717 -0.0269797 7001.11 0.999633
761400000 41717 -0.113197 7001.12 0.999615
761500000 41717 0.0846375 7001.09 0.999647
761600000 41717 0.0340579 7001.1 0.999668
761700000 41717 -0.00662161 7001.1 0.999658
761800000 41717 -0.0851202 7001.12 0.999613
761900000 41717 -0.118491 7001.12 0.999614
762000000 41717 -0.0290088 7001.11 0.999615
762100000 41717 -0.0103998 7001.1 0.999617
762200000 41717 0.0945568 7001.09 0.999652
762300000 41717 1.47164 7000.85 0.999786
762400000 41717 -0.0613078 7001.11 0.999618
762500000 41717 -0.0463829 7001.11 0.999614
762600000 41717 -0.0177209 7001.1 0.999616
762700000 41717 -0.104526 7001.12 0.999621
762800000 41717 -0.0184369 7001.1 0.999616
762900000 41717 1.51045 7000.85 0.999797
763000000 41717 0.273708 7001.06 0.999671
763100000 41717 -0.0456975 7001.11 0.999615
763200000 41717 1.44557 7000.86 0.999779
763300000 41717 -0.120448 7001.12 0.999618
763400000 41717 -0.0814435 7001.12 0.999617
763500000 41717 0.135639 7001.08 0.999663
763600000 41717 0.242089 7001.06 0.99969
763700000 41717 -0.0172198 7001.1 0.999616
763800000 41717 -0.0652612 7001.11 0.999614
763900000 41717 0.0211111 7001.1 0.999637
764000000 41717 -0.0946556 7001.12 0.999616
764100000 41717 2.22564 7000.73 0.999841
764200000 41717 -0.0961768 7001.12 0.999613
764300000 41717 -0.0321393 7001.11 0.999615
764400000 41717 -0.164213 7001.13 0.999612
764500000 41717 0.0105895 7001.1 0.999636
764600000 41717 0.277921 7001.05 0.999684
764700000 41717 0.0556053 7001.09 0.999658
764800000 41717 -0.164695 7001.13 0.999616
764900000 41717 -0.104597 7001.12 0.999615
765000000 41717 -0.0602852 7001.11 0.999615
765100000 41717 -0.131666 7001.12 0.999619
765200000 41717 -0.0435895 7001.11 0.99963
765300000 41717 -0.0573787 7001.11 0.999616
765400000 41717 -0.120239 7001.12 0.999613
765500000 41717 -0.124253 7001.12 0.999631
765600000 41717 -0.0295416 7001.11 0.999615
765700000 41717 -0.214361 7001.14 0.999615
765800000 41717 -0.0174417 7001.1 0.999616
765900000 41717 -0.0622727 7001.11 0.999614
766000000 41717 -0.0822952 7001.12 0.999614
766100000 41717 -0.114876 7001.12 0.999622
766200000 41717 -0.119463 7001.12 0.999612
766300000 41717 -0.044461 7001.11 0.999615
766400000 41717 -0.0248877 7001.11 0.999616
766500000 41717 -0.00173305 7001.1 0.999618
766600000 41717 -0.0220799 7001.11 0.999616
766700000 41717 -0.0780742 7001.11 0.999616
766800000 41717 -0.0222927 7001.11 0.999616
766900000 41717 -0.0576762 7001.11 0.999614
767000000 41717 -0.0360135 7001.11 0.999615
767100000 41717 0.0621502 7001.09 0.999642
767200000 41717 -0.0687153 7001.11 0.999623
767300000 41717 -0.0672656 7001.11 0.999619
767400000 41717 -0.168155 7001.13 0.999616
767500000 41717 -0.0354919 7001.11 0.999626
767600000 41717 0.405138 7001.03 0.999683
767700000 41717 0.0420809 7001.09 0.999666
767800000 41717 -0.00450686 7001.1 0.999657
767900000 41717 -0.0514558 7001.11 0.999626
768000000 41717 -0.061029 7001.11 0.999616
768100000 41717 3.35229 7000.54 1.00001
768200000 41717 -0.146863 7001.13 0.999613
768300000 41717 0.688726 7000.99 0.99971
768400000 41717 -0.165574 7001.13 0.99961
768500000 41717 -0.0310692 7001.11 0.999616
768600000 41717 -0.0670757 7001.11 0.999614
768700000 41717 -0.183308 7001.13 0.999617
768800000 41717 -0.0781652 7001.11 0.999621
768900000 41717 -0.0732175 7001.11 0.999619
769000000 41717 0.0783978 7001.09 0.999655
769100000 41717 -0.0150235 7001.1 0.999616
769200000 41717 -0.0428525 7001.11 0.99964
769300000 41717 -0.0384897 7001.11 0.999615
769400000 41717 3.12828 7000.58 0.999909
769500000 41717 -0.0180318 7001.1 0.999637
769600000 41717 -0.0580618 7001.11 0.999616
769700000 41717 -0.0228227 7001.11 0.999648
769800000 41717 -0.0364128 7001.11 0.999615
769900000 41717 -0.0435427 7001.11 0.999614
770000000 41717 0.615379 7001 0.999703
770100000 41717 -0.0883802 7001.12 0.99963
770200000 41717 2.93742 7000.61 0.999888
770300000 41717 -0.122675 7001.12 0.999635
770400000 41717 -0.0133375 7001.1 0.999617
770500000 41717 -0.0546847 7001.11 0.999615
770600000 41717 -0.0870867 7001.12 0.999614
770700000 41717 -0.0709079 7001.11 0.99962
770800000 41717 -0.137959 7001.12 0.99961
770900000 41717 0.00983229 7001.1 0.99964
771000000 41717 0.0154518 7001.1 0.999647
771100000 41717 -0.0058032 7001.1 0.999617
771200000 41717 -0.0328237 7001.11 0.999651
771300000 41717 -0.0233708 7001.11 0.999616
771400000 41717 -0.0939351 7001.12 0.999615
771500000 41717 -0.0841716 7001.12 0.999632
771600000 41717 -0.0665611 7001.11 0.999614
771700000 41717 0.382715 7001.04 0.999693
771800000 41717 0.0739096 7001.09 0.999671
771900000 41717 0.67073 7000.99 0.999729
772000000 41717 -0.161896 7001.13 0.999614
772100000 41717 -0.117255 7001.12 0.999612
772200000 41717 0.0291763 7001.1 0.999639
772300000 41717 -0.114992 7001.12 0.999622
772400000 41717 -0.0148433 7001.1 0.999616
772500000 41717 -0.070058 7001.11 0.999622
772600000 41717 2.88919 7000.62 0.999905
772700000 41717 -0.116797 7001.12 0.999612
772800000 41717 0.0095674 7001.1 0.999634
772900000 41717 -0.115936 7001.12 0.999614
773000000 41717 2.84229 7000.62 0.999885
773100000 41717 -0.0829995 7001.12 0.999624
773200000 41717 -0.105688 7001.12 0.999619
773300000 41717 0.199981 7001.07 0.999676
773400000 41717 -0.0555155 7001.11 0.999616
773500000 41717 -0.170796 7001.13 0.999616
773600000 41717 -0.120992 7001.12 0.999625
773700000 41717 -0.0680074 7001.11 0.999622
773800000 41717 0.769207 7000.97 0.999732
773900000 41717 0.0300171 7001.1 0.999649
774000000 41717 0.154178 7001.08 0.999655
774100000 41717 -0.090812 7001.12 0.999614
774200000 41717 -0.0628481 7001.11 0.999614
774300000 41717 -0.0479191 7001.11 0.999614
774400000 41717 -0.0450366 7001.11 0.999615
774500000 41717 1.48853 7000.85 0.99978
774600000 41717 -0.0928022 7001.12 0.999615
774700000 41717 -0.102869 7001.12 0.999613
774800000 41717 -0.0823414 7001.12 0.999634
774900000 41717 3.01871 7000.6 0.999894
775000000 41717 -0.172172 7001.13 0.999614
775100000 41717 -0.057021 7001.11 0.999614
775200000 41717 -0.127781 7001.12 0.999613
775300000 41717 0.164218 7001.07 0.99966
775400000 41717 -0.0967136 7001.12 0.999614
775500000 41717 -0.0849083 7001.12 0.999623
775600000 41717 -0.0658188 7001.11 0.999625
775700000 41717 -0.251001 7001.14 0.999629
775800000 41717 -0.0127457 7001.1 0.999658
775900000 41717 -0.0298221 7001.11 0.999616
776000000 41717 1.80112 7000.8 0.999803
776100000 41717 0.00205552 7001.1 0.999634
776200000 41717 -0.103416 7001.12 0.999612
776300000 41717 -0.0360413 7001.11 0.999649
776400000 41717 -0.127489 7001.12 0.999615
776500000 41717 -0.189264 7001.13 0.999609
776600000 41717 -0.198185 7001.13 0.99963
776700000 41717 -0.158264 7001.13 0.99961
776800000 41717 1.31353 7000.88 0.999775
776900000 41717 -0.100897 7001.12 0.999625
777000000 41717 -0.0771959 7001.11 0.999619
777100000 41717 2.13109 7000.74 0.999829
777200000 41717 -0.0878684 7001.12 0.999615
777300000 41717 0.17018 7001.07 0.999657
777400000 41717 -0.0383228 7001.11 0.999615
777500000 41717 1.23848 7000.89 0.999758
777600000 41717 -0.0165475 7001.1 0.999616
777700000 41717 -0.0671947 7001.11 0.999624
777800000 41717 0.335484 7001.05 0.999679
777900000 41717 0.167284 7001.07 0.999658
778000000 41717 -0.0213365 7001.11 0.999616
778100000 41717 -0.0829321 7001.12 0.999615
778200000 41717 -0.0757494 7001.11 0.999613
778300000 41717 -0.0248547 7001.11 0.999616
778400000 41717 2.01332 7000.76 0.999821
778500000 41717 0.788681 7000.97 0.999722
778600000 41717 0.491452 7001.02 0.999719
778700000 41717 -0.0347655 7001.11 0.999615
778800000 41717 0.331845 7001.05 0.999709
778900000 41717 -0.0280267 7001.11 0.999616
779000000 41717 0.0374287 7001.1 0.999646
779100000 41717 -0.0752847 7001.11 0.999613
779200000 41717 -0.220403 7001.14 0.999623
779300000 41717 1.08894 7000.92 0.999751
779400000 41717 0.780945 7000.97 0.999718
779500000 41717 -0.109554 7001.12 0.999624
779600000 41717 -0.149403 7001.13 0.999617
779700000 41717 0.409785 7001.03 0.999682
779800000 41717 0.297368 7001.05 0.999676
779900000 41717 -0.0579063 7001.11 0.999616
780000000 41717 -0.0161057 7001.1 0.999616
780100000 41717 -0.105988 7001.12 0.999614
780200000 41717 0.963186 7000.94 0.999763
780300000 41717 -0.0500061 7001.11 0.999627
780400000 41717 -0.0328869 7001.11 0.999616
780500000 41717 -0.00856918 7001.1 0.999639
780600000 41717 -0.110586 7001.12 0.999613
780700000 41717 -0.00906744 7001.1 0.999617
780800000 41717 0.193733 7001.07 0.999659
780900000 41717 -0.0635631 7001.11 0.999615
781000000 41717 -0.0756286 7001.11 0.999614
781100000 41717 1.86236 7000.79 0.999844
781200000 41717 -0.0777053 7001.11 0.99964
781300000 41717 -0.280309 7001.15 0.999624
781400000 41717 -0.0166498 7001.1 0.999616
781500000 41717 -0.0462753 7001.11 0.999614
781600000 41717 -0.056753 7001.11 0.999615
781700000 41717 -0.0848735 7001.12 0.999616
781800000 41717 -0.0934732 7001.12 0.999612
781900000 41717 -0.190755 7001.13 0.999618
782000000 41717 -0.117917 7001.12 0.999616
782100000 41717 -0.0110741 7001.1 0.999617
782200000 41717 0.113433 7001.08 0.99965
782300000 41717 1.22714 7000.9 0.999757
782400000 41717 -0.0971268 7001.12 0.999616
782500000 41717 -0.139691 7001.13 0.999614
782600000 41717 -0.0562509 7001.11 0.999616
782700000 41717 0.264505 7001.06 0.999697
782800000 41717 -0.102111 7001.12 0.999614
782900000 41717 -0.0530263 7001.11 0.999614
783000000 41717 0.224029 7001.06 0.999668
783100000 41717 -0.0123988 7001.1 0.999617
783200000 41717 0.243557 7001.06 0.999665
783300000 41717 0.598721 7001 0.999717
783400000 41717 1.25495 7000.89 0.999761
783500000 41717 -0.0957816 7001.12 0.999614
783600000 41717 -0.0499042 7001.11 0.999614
783700000 41717 -0.0545144 7001.11 0.999614
783800000 41717 0.0525805 7001.09 0.999664
783900000 41717 -0.0982515 7001.12 0.99963
784000000 41717 -0.0559291 7001.11 0.999624
784100000 41717 -0.0552858 7001.11 0.999628
784200000 41717 -0.0990251 7001.12 0.99962
784300000 41717 -0.0574274 7001.11 0.999635
784400000 41717 -0.122273 7001.12 0.999612
784500000 41717 -0.0641647 7001.11 0.99962
784600000 41717 -0.0753918 7001.11 0.999612
784700000 41717 -0.0894957 7001.12 0.999613
784800000 41717 -0.115056 7001.12 0.999614
784900000 41717 -0.128559 7001.12 0.999617
785000000 41717 -0.0824541 7001.12 0.999622
785100000 41717 -0.136083 7001.12 0.999614
785200000 41717 -0.0391964 7001.11 0.999616
785300000 41717 1.15204 7000.91 0.999752
785400000 41717 1.75838 7000.81 0.999835
785500000 41717 1.9029 7000.78 0.999812
785600000 41717 0.452283 7001.03 0.99969
785700000 41717 1.25447 7000.89 0.999823
785800000 41717 0.432317 7001.03 0.999705
785900000 41717 -0.0726285 7001.11 0.999615
786000000 41717 -0.056778 7001.11 0.999614
786100000 41717 -0.0749111 7001.11 0.99964
786200000 41717 -0.0380248 7001.11 0.999614
786300000 41717 -0.154489 7001.13 0.999616
786400000 41717 -0.00395059 7001.1 0.999617
786500000 41717 0.0368239 7001.1 0.999642
786600000 41717 0.0143872 7001.1 0.99964
786700000 41717 -0.127937 7001.12 0.999613
786800000 41717 -0.194713 7001.13 0.99962
786900000 41717 -0.046259 7001.11 0.999629
787000000 41717 0.192763 7001.07 0.999676
787100000 41717 -0.214169 7001.14 0.999624
787200000 41717 -0.031001 7001.11 0.999615
787300000 41717 -0.0808107 7001.12 0.999614
787400000 41717 0.256615 7001.06 0.999666
787500000 41717 -0.00189568 7001.1 0.999617
787600000 41717 -0.109891 7001.12 0.999612
787700000 41717 0.262218 7001.06 0.999667
787800000 41717 -0.0169808 7001.1 0.999616
787900000 41717 -0.0848401 7001.12 0.99963
788000000 41717 0.25898 7001.06 0.999667
788100000 41717 0.303163 7001.05 0.999689
788200000 41717 -0.0214628 7001.11 0.999616
788300000 41717 -0.0716824 7001.11 0.99963
788400000 41717 -0.0512131 7001.11 0.999615
788500000 41717 -0.058537 7001.11 0.999617
788600000 41717 -0.115152 7001.12 0.999617
788700000 41717 -0.0904127 7001.12 0.999614
788800000 41717 0.283418 7001.05 0.999669
788900000 41717 -0.100381 7001.12 0.999633
789000000 41717 0.0958339 7001.09 0.999648
789100000 41717 -0.078755 7001.11 0.999614
789200000 41717 -0.0688004 7001.11 0.99962
789300000 41717 -0.0235473 7001.11 0.999616
789400000 41717 -0.100107 7001.12 0.999613
789500000 41717 -0.0793922 7001.11 0.999613
789600000 41717 -0.0923881 7001.12 0.999615
789700000 41717 -0.0941497 7001.12 0.999614
789800000 41717 -0.124636 7001.12 0.999613
789900000 41717 -0.0566793 7001.11 0.999643
790000000 41717 0.158482 7001.08 0.999673
790100000 41717 -0.156465 7001.13 0.999614
790200000 41717 -0.0758451 7001.11 0.999614
790300000 41717 -0.0715171 7001.11 0.999621
790400000 41717 1.6522 7000.82 0.999792
790500000 41717 0.439462 7001.03 0.999692
790600000 41717 -0.0261746 7001.11 0.999615
790700000 41717 -0.182101 7001.13 0.999607
790800000 41717 -0.0728456 7001.11 0.999614
790900000 41717 -0.0714083 7001.11 0.999613
791000000 41717 -0.107229 7001.12 0.999615
791100000 41717 -0.0127468 7001.1 0.999617
791200000 41717 -0.0796316 7001.11 0.999631
791300000 41717 -0.283539 7001.15 0.999625
791400000 41717 -0.0779318 7001.11 0.999615
791500000 41717 -0.0171413 7001.1 0.999616
791600000 41717 -0.00558986 7001.1 0.999617
791700000 41717 -0.0973603 7001.12 0.999618
791800000 41717 -0.0194893 7001.1 0.999616
791900000 41717 -0.00551067 7001.1 0.999617
792000000 41717 -0.0482658 7001.11 0.999624
792100000 41717 -0.0302728 7001.11 0.999615
792200000 41717 0.121507 7001.08 0.999651
792300000 41717 -0.0317117 7001.11 0.999616
792400000 41717 -0.02596 7001.11 0.999616
792500000 41717 0.552173 7001.01 0.999697
792600000 41717 -0.0249931 7001.11 0.999616
792700000 41717 0.538047 7001.01 0.999714
792800000 41717 -0.0734171 7001.11 0.999614
792900000 41717 -0.0988028 7001.12 0.999619
793000000 41717 -0.130256 7001.12 0.999621
793100000 41717 -0.0881122 7001.12 0.999613
793200000 41717 0.853894 7000.96 0.999737
793300000 41717 -0.085557 7001.12 0.999614
793400000 41717 0.141322 7001.08 0.999659
793500000 41717 -0.027235 7001.11 0.999616
793600000 41717 8.9074 6999.61 1.00026
793700000 41717 1.39059 7000.87 0.999782
793800000 41717 0.118508 7001.08 0.999653
793900000 41717 1.35477 7000.87 0.999768
794000000 41717 -0.0734869 7001.11 0.999629
794100000 41717 0.355528 7001.04 0.999682
794200000 41717 0.261482 7001.06 0.999684
794300000 41717 -0.041765 7001.11 0.999614
794400000 41717 0.0465188 7001.09 0.999655
794500000 41717 0.463244 7001.02 0.999697
794600000 41717 -0.00330213 7001.1 0.999617
794700000 41717 -0.0741129 7001.11 0.999614
794800000 41717 -0.103928 7001.12 0.999629
794900000 41717 0.477448 7001.02 0.9997
795000000 41717 -0.0614252 7001.11 0.999617
795100000 41717 1.92561 7000.78 0.999813
795200000 41717 -0.0920955 7001.12 0.999624
795300000 41717 -0.186873 7001.13 0.999612
795400000 41717 1.78475 7000.8 0.999824
795500000 41717 -0.183161 7001.13 0.999613
795600000 41717 -0.0228737 7001.11 0.999616
795700000 41717 -0.0715877 7001.11 0.999615
795800000 41717 0.797061 7000.97 0.999732
795900000 41717 7.61028 6999.82 1.0002
796000000 41717 -0.111432 7001.12 0.999616
796100000 41717 -0.0209838 7001.11 0.999616
796200000 41717 -0.0108953 7001.1 0.999617
796300000 41717 2.24758 7000.72 0.999878
796400000 41717 -0.0113422 7001.1 0.999617
796500000 41717 0.801168 7000.97 0.999722
796600000 41717 -0.178247 7001.13 0.999613
796700000 41717 -0.0247401 7001.11 0.999616
796800000 41717 -0.0369666 7001.11 0.999615
796900000 41717 -0.131597 7001.12 0.999612
797000000 41717 -0.139397 7001.13 0.999619
797100000 41717 0.299795 7001.05 0.999676
797200000 41717 -0.0270528 7001.11 0.999616
797300000 41717 -0.09226 7001.12 0.999624
797400000 41717 -0.065784 7001.11 0.999614
797500000 41717 0.00061471 7001.1 0.999635
797600000 41717 0.365176 7001.04 0.999678
797700000 41717 -0.130636 7001.12 0.999622
797800000 41717 0.749518 7000.98 0.999728
797900000 41717 1.09888 7000.92 0.999746
798000000 41717 -0.0381001 7001.11 0.999616
798100000 41717 0.137226 7001.08 0.99967
798200000 41717 0.37369 7001.04 0.999678
798300000 41717 -0.136199 7001.12 0.999626
798400000 41717 -0.00468675 7001.1 0.999617
798500000 41717 0.513535 7001.02 0.999693
798600000 41717 -0.100149 7001.12 0.999624
798700000 41717 0.251524 7001.06 0.999672
798800000 41717 -0.0223481 7001.11 0.999616
798900000 41717 -0.030975 7001.11 0.999616
799000000 41717 -0.0381958 7001.11 0.999614
799100000 41717 0.612425 7001 0.999733
799200000 41717 -0.0986742 7001.12 0.999617
799300000 41717 0.0403858 7001.09 0.999643
799400000 41717 -0.20714 7001.14 0.999613
799500000 41717 -0.125367 7001.12 0.999611
799600000 41717 -0.0764063 7001.11 0.999623
799700000 41717 -0.0573701 7001.11 0.999614
799800000 41717 1.88596 7000.79 0.999812
799900000 41717 -0.0875946 7001.12 0.999615
800000000 41717 0.00128938 7001.1 0.999641
800100000 41717 -0.0472245 7001.11 0.999624
800200000 41717 -0.111736 7001.12 0.999615
800300000 41717 -0.0369458 7001.11 0.999616
800400000 41717 -0.0461528 7001.11 0.999615
800500000 41717 0.298283 7001.05 0.999671
800600000 41717 -0.011753 7001.1 0.999617
800700000 41717 -0.118751 7001.12 0.999616
800800000 41717 -0.0676841 7001.11 0.99962
800900000 41717 -0.147774 7001.13 0.999617
801000000 41717 -0.144688 7001.13 0.999611
801100000 41717 -0.101981 7001.12 0.99963
801200000 41717 -0.0205004 7001.11 0.999616
801300000 41717 -0.00830154 7001.1 0.999617
801400000 41717 -0.0375473 7001.11 0.999615
801500000 41717 0.261279 7001.06 0.999666
801600000 41717 -0.108463 7001.12 0.999611
801700000 41717 -0.0785624 7001.11 0.999617
801800000 41717 -0.0986901 7001.12 0.999616
801900000 41717 0.0145359 7001.1 0.999646
802000000 41717 0.00828393 7001.1 0.999658
802100000 41717 -0.106371 7001.12 0.999619
802200000 41717 -0.0866396 7001.12 0.999615
802300000 41717 -0.0889354 7001.12 0.999619
802400000 41717 -0.0852102 7001.12 0.999616
802500000 41717 -0.06086 7001.11 0.999619
802600000 41717 -0.109762 7001.12 0.999613
802700000 41717 -0.0735336 7001.11 0.999612
802800000 41717 -0.0758995 7001.11 0.999612
802900000 41717 -0.0622381 7001.11 0.999616
803000000 41717 0.696468 7000.98 0.999714
803100000 41717 3.31454 7000.55 0.999914
803200000 41717 -0.0828691 7001.12 0.999613
803300000 41717 0.0334344 7001.1 0.999644
803400000 41717 0.268497 7001.06 0.999667
803500000 41717 -0.11062 7001.12 0.999611
803600000 41717 -0.0599433 7001.11 0.999623
803700000 41717 0.341747 7001.04 0.999677
803800000 41717 -0.031251 7001.11 0.999615
803900000 41717 0.435007 7001.03 0.999687
804000000 41717 -0.0846986 7001.12 0.999617
804100000 41717 -0.0419671 7001.11 0.999615
804200000 41717 0.00558667 7001.1 0.999641
804300000 41717 -0.0153431 7001.1 0.999616
804400000 41717 -0.108575 7001.12 0.999612
804500000 41717 0.167765 7001.07 0.999661
804600000 41717 -0.0552133 7001.11 0.999646
804700000 41717 0.685417 7000.99 0.999718
804800000 41717 -0.0817629 7001.12 0.99962
804900000 41717 1.82928 7000.79 0.999806
805000000 41717 -0.0113078 7001.1 0.999617
805100000 41717 -0.0241606 7001.11 0.999648
805200000 41717 -0.146218 7001.13 0.99962
805300000 41717 -0.0384547 7001.11 0.999615
805400000 41717 -0.152336 7001.13 0.999617
805500000 41717 -0.0194982 7001.1 0.999616
805600000 41717 -0.00786505 7001.1 0.999634
805700000 41717 -0.0675028 7001.11 0.999613
805800000 41717 -0.000923526 7001.1 0.999618
805900000 41717 -0.0635698 7001.11 0.999622
806000000 41717 0.0506609 7001.09 0.999641
806100000 41717 1.08814 7000.92 0.999755
806200000 41717 -0.0754583 7001.11 0.999612
806300000 41717 0.41891 7001.03 0.999691
806400000 41717 -0.0543662 7001.11 0.999615
806500000 41717 -0.0797713 7001.12 0.999616
806600000 41717 -0.00565758 7001.1 0.999617
806700000 41717 0.644642 7000.99 0.999728
806800000 41717 0.259237 7001.06 0.999668
806900000 41717 -0.117321 7001.12 0.999613
807000000 41717 0.156417 7001.08 0.999687
807100000 41717 2.33219 7000.71 0.999846
807200000 41717 5.4762 7000.18 1.00007
807300000 41717 -0.0457441 7001.11 0.999615
807400000 41717 -0.00879929 7001.1 0.999633
807500000 41717 -0.020436 7001.11 0.999616
807600000 41717 0.47453 7001.02 0.999695
807700000 41717 -0.0589432 7001.11 0.999625
807800000 41717 5.20631 7000.23 1.00004
807900000 41717 -0.132395 7001.12 0.999611
808000000 41717 -0.0302908 7001.11 0.999615
808100000 41717 -0.0599112 7001.11 0.999614
808200000 41717 -0.0594125 7001.11 0.999616
808300000 41717 -0.0811987 7001.12 0.999612
808400000 41717 -0.0170528 7001.1 0.999616
808500000 41717 1.3847 7000.87 0.999771
808600000 41717 -0.145604 7001.13 0.999633
808700000 41717 -0.0209821 7001.11 0.999616
808800000 41717 -0.0860646 7001.12 0.999616
808900000 41717 1.53309 7000.84 0.999806
809000000 41717 0.552993 7001.01 0.999699
809100000 41717 -0.142357 7001.13 0.999616
809200000 41717 -0.183954 7001.13 0.999623
809300000 41717 0.266663 7001.06 0.999706
809400000 41717 0.0049421 7001.1 0.999642
809500000 41717 -0.0514386 7001.11 0.999614
809600000 41717 0.787 7000.97 0.999719
809700000 41717 -0.00701826 7001.1 0.999617
809800000 41717 -0.168132 7001.13 0.999622
809900000 41717 -0.0532356 7001.11 0.999614
810000000 41717 -0.238144 7001.14 0.999641
810100000 41717 -0.0783619 7001.11 0.999617
810200000 41717 -0.129715 7001.12 0.999616
810300000 41717 0.849414 7000.96 0.999748
810400000 41717 -0.0838545 7001.12 0.999629
810500000 41717 -0.118027 7001.12 0.999624
810600000 41717 -0.0321246 7001.11 0.999615
810700000 41717 1.06572 7000.92 0.999773
810800000 41717 -0.0715296 7001.11 0.999614
810900000 41717 -0.0752056 7001.11 0.999625
811000000 41717 -0.0710153 7001.11 0.999628
811100000 41717 0.00495264 7001.1 0.999637
811200000 41717 -0.0997021 7001.12 0.999612
811300000 41717 0.316112 7001.05 0.999688
811400000 41717 -0.0707319 7001.11 0.999613
811500000 41717 -0.162385 7001.13 0.999619
811600000 41717 -0.108426 7001.12 0.999614
811700000 41717 -0.147972 7001.13 0.999617
811800000 41717 -0.0645797 7001.11 0.999624
811900000 41717 -0.146992 7001.13 0.999617
812000000 41717 -0.0627709 7001.11 0.999614
812100000 41717 0.874544 7000.95 0.999731
812200000 41717 -0.0105423 7001.1 0.999644
812300000 41717 -0.0178798 7001.1 0.999616
812400000 41717 -0.0656328 7001.11 0.999615
812500000 41717 -0.056435 7001.11 0.999615
812600000 41717 -0.166341 7001.13 0.999614
812700000 41717 -0.00887711 7001.1 0.999617
812800000 41717 -0.152239 7001.13 0.999618
812900000 41717 0.395108 7001.04 0.999698
813000000 41717 -0.0085738 7001.1 0.999617
813100000 41717 -0.0208821 7001.11 0.999616
813200000 41717 -0.0561768 7001.11 0.999614
813300000 41717 -0.0784736 7001.11 0.999623
813400000 41717 -0.126171 7001.12 0.999618
813500000 41717 2.43326 7000.69 0.999851
813600000 41717 0.00350695 7001.1 0.999635
813700000 41717 -0.0811735 7001.12 0.999615
813800000 41717 1.66054 7000.82 0.999798
813900000 41717 -0.021073 7001.11 0.999616
814000000 41717 -0.0979413 7001.12 0.99962
814100000 41717 0.195266 7001.07 0.999662
814200000 41717 -0.0367755 7001.11 0.999615
814300000 41717 -0.114962 7001.12 0.999618
814400000 41717 -0.0763185 7001.11 0.999624
814500000 41717 0.267313 7001.06 0.999668
814600000 41717 -0.0202776 7001.11 0.999616
814700000 41717 -0.14997 7001.13 0.999629
814800000 41717 -0.0771737 7001.11 0.999613
814900000 41717 -0.0605058 7001.11 0.999628
815000000 41717 -0.0772955 7001.11 0.999613
815100000 41717 -0.0767203 7001.11 0.999616
815200000 41717 -0.112485 7001.12 0.999616
815300000 41717 -0.164528 7001.13 0.999633
815400000 41717 2.36514 7000.7 0.99986
815500000 41717 -0.0443102 7001.11 0.999615
815600000 41717 -0.182342 7001.13 0.999617
815700000 41717 -0.0088642 7001.1 0.999617
815800000 41717 -0.0230703 7001.11 0.999616
815900000 41717 -0.0497664 7001.11 0.999615
816000000 41717 -0.155935 7001.13 0.999624
816100000 41717 -0.121655 7001.12 0.999618
816200000 41717 -0.0558057 7001.11 0.999614
816300000 41717 -0.175298 7001.13 0.999616
816400000 41717 -0.0709604 7001.11 0.999614
816500000 41717 0.339888 7001.04 0.999676
816600000 41717 -0.0406963 7001.11 0.999615
816700000 41717 -0.0516355 7001.11 0.999615
816800000 41717 1.03866 7000.93 0.999786
816900000 41717 0.158528 7001.08 0.999658
817000000 41717 -0.102775 7001.12 0.999614
817100000 41717 -0.11185 7001.12 0.999638
817200000 41717 -0.0541443 7001.11 0.999616
817300000 41717 -0.0221862 7001.11 0.999616
817400000 41717 -0.0689641 7001.11 0.999614
817500000 41717 0.391796 7001.04 0.999683
817600000 41717 -0.00646317 7001.1 0.999617
817700000 41717 -0.00583236 7001.1 0.999617
817800000 41717 -0.0781345 7001.11 0.999613
817900000 41717 -0.0927731 7001.12 0.999638
818000000 41717 -0.0667004 7001.11 0.999616
818100000 41717 -0.0772548 7001.11 0.999612
818200000 41717 0.232066 7001.06 0.999664
818300000 41717 -0.0842718 7001.12 0.99962
818400000 41717 -0.100266 7001.12 0.999629
818500000 41717 -0.00908178 7001.1 0.999617
818600000 41717 0.302595 7001.05 0.99969
818700000 41717 0.132379 7001.08 0.999658
818800000 41717 -0.059249 7001.11 0.999615
818900000 41717 -0.0640285 7001.11 0.999614
819000000 41717 0.701181 7000.98 0.99971
819100000 41717 3.53666 7000.51 0.999989
819200000 41717 -0.0869126 7001.12 0.999635
819300000 41717 -0.160668 7001.13 0.999621
819400000 41717 -0.0314406 7001.11 0.999615
819500000 41717 -0.0113731 7001.1 0.999617
819600000 41717 -0.112618 7001.12 0.999611
819700000 41717 7.8624 6999.78 1.0002
819800000 41717 -0.0603242 7001.11 0.999615
819900000 41717 -0.0491043 7001.11 0.99963
820000000 41717 -0.136263 7001.12 0.999613
820100000 41717 0.905573 7000.95 0.999744
820200000 41717 0.218223 7001.07 0.999665
820300000 41717 0.0993745 7001.08 0.999648
820400000 41717 0.510484 7001.02 0.999705
820500000 41717 -0.0639932 7001.11 0.999614
820600000 41717 -0.122612 7001.12 0.999618
820700000 41717 -0.0827653 7001.12 0.999635
820800000 41717 -0.0335363 7001.11 0.999615
820900000 41717 -0.0675735 7001.11 0.999614
821000000 41717 -0.0815412 7001.12 0.999615
821100000 41717 -0.136414 7001.12 0.999617
821200000 41717 -0.138223 7001.12 0.999635
821300000 41717 0.471789 7001.02 0.999705
821400000 41717 0.0236688 7001.1 0.999636
821500000 41717 -0.201959 7001.14 0.999608
821600000 41717 3.054 7000.59 0.999941
821700000 41717 -0.0418053 7001.11 0.999615
821800000 41717 -0.0224888 7001.11 0.999616
821900000 41717 -0.0676837 7001.11 0.999616
822000000 41717 1.25018 7000.89 0.999769
822100000 41717 -0.0985682 7001.12 0.999617
822200000 41717 -0.195191 7001.13 0.999612
822300000 41717 -0.0551701 7001.11 0.999613
822400000 41717 -0.0717033 7001.11 0.999617
822500000 41717 -0.056468 7001.11 0.999627
822600000 41717 0.353159 7001.04 0.999678
822700000 41717 -0.137002 7001.12 0.999609
822800000 41717 -0.166176 7001.13 0.999622
822900000 41717 -0.100429 7001.12 0.999614
823000000 41717 -0.125545 7001.12 0.999616
823100000 41717 -0.199452 7001.14 0.999615
823200000 41717 -0.0829368 7001.12 0.999622
823300000 41717 2.4911 7000.68 0.999856
823400000 41717 -0.180946 7001.13 0.999621
823500000 41717 -0.14521 7001.13 0.999619
823600000 41717 -0.023152 7001.11 0.999616
823700000 41717 -0.119735 7001.12 0.999628
823800000 41717 -0.03728 7001.11 0.999615
823900000 41717 -0.117193 7001.12 0.999619
824000000 41717 -0.152652 7001.13 0.999618
824100000 41717 -0.033422 7001.11 0.999616
824200000 41717 -0.118288 7001.12 0.999629
824300000 41717 0.32966 7001.05 0.99969
824400000 41717 -0.119205 7001.12 0.999624
824500000 41717 -0.0891071 7001.12 0.999614
824600000 41717 -0.113744 7001.12 0.999616
824700000 41717 -0.106598 7001.12 0.999611
824800000 41717 1.73788 7000.81 0.999798
824900000 41717 -0.129946 7001.12 0.999611
825000000 41717 0.547182 7001.01 0.999711
825100000 41717 0.331151 7001.05 0.99971
825200000 41717 -0.106819 7001.12 0.999614
825300000 41717 6.61424 6999.99 1.00021
825400000 41717 -0.04349 7001.11 0.999616
825500000 41717 0.30955 7001.05 0.999672
825600000 41717 -0.0571598 7001.11 0.999615
825700000 41717 -0.0246011 7001.11 0.999616
825800000 41717 -0.144701 7001.13 0.999615
825900000 41717 -0.131535 7001.12 0.999638
826000000 41717 -0.153209 7001.13 0.999625
826100000 41717 -0.0554137 7001.11 0.999614
826200000 41717 -0.122816 7001.12 0.999613
826300000 41717 -0.113334 7001.12 0.999613
826400000 41717 -0.0584327 7001.11 0.999615
826500000 41717 -0.0703614 7001.11 0.999615
826600000 41717 -0.0490982 7001.11 0.999634
826700000 41717 -0.19588 7001.13 0.999618
826800000 41717 -0.0613969 7001.11 0.999616
826900000 41717 0.258733 7001.06 0.999667
827000000 41717 -0.0646275 7001.11 0.999618
827100000 41717 -0.0511887 7001.11 0.999636
827200000 41717 -0.119852 7001.12 0.999638
827300000 41717 0.621907 7001 0.999703
827400000 41717 0.269292 7001.06 0.999743
827500000 41717 -0.0750532 7001.11 0.999616
827600000 41717 -0.0630168 7001.11 0.999625
827700000 41717 -0.0576899 7001.11 0.999626
827800000 41717 -0.0845002 7001.12 0.999614
827900000 41717 -0.0519094 7001.11 0.999615
828000000 41717 0.217955 7001.07 0.999667
828100000 41717 0.00343971 7001.1 0.999643
828200000 41717 -0.0299806 7001.11 0.999616
828300000 41717 -0.0590985 7001.11 0.999615
828400000 41717 0.788042 7000.97 0.999727
828500000 41717 -0.0122899 7001.1 0.999617
828600000 41717 -0.100966 7001.12 0.999612
828700000 41717 -0.0590204 7001.11 0.999637
828800000 41717 -0.0116095 7001.1 0.999649
828900000 41717 1.0403 7000.93 0.999788
829000000 41717 -0.107329 7001.12 0.99962
829100000 41717 -0.0818375 7001.12 0.999616
829200000 41717 -0.0273596 7001.11 0.99963
829300000 41717 1.71215 7000.81 0.999797
829400000 41717 -0.0856138 7001.12 0.999614
829500000 41717 -0.00227886 7001.1 0.999638
829600000 41717 -0.0864988 7001.12 0.999614
829700000 41717 0.0013835 7001.1 0.999641
829800000 41717 -0.0720241 7001.11 0.99962
829900000 41717 -0.0176883 7001.1 0.999616
830000000 41717 -0.0553372 7001.11 0.999625
830100000 41717 -0.0348185 7001.11 0.999615
830200000 41717 1.09408 7000.92 0.999776
830300000 41717 -0.0778679 7001.11 0.999612
830400000 41717 -0.0693039 7001.11 0.999617
830500000 41717 0.21182 7001.07 0.999662
830600000 41717 0.797552 7000.97 0.999732
830700000 41717 -0.143985 7001.13 0.999611
830800000 41717 -0.17314 7001.13 0.999613
830900000 41717 -0.0650168 7001.11 0.999631
831000000 41717 -0.0146032 7001.1 0.999616
831100000 41717 -0.0321711 7001.11 0.999616
831200000 41717 -0.175824 7001.13 0.999612
831300000 41717 -0.0672807 7001.11 0.999614
831400000 41717 -0.0364105 7001.11 0.999615
831500000 41717 0.642929 7000.99 0.999728
831600000 41717 -0.025304 7001.11 0.999616
831700000 41717 6.51642 7000.01 1.00012
831800000 41717 -0.04181 7001.11 0.999615
831900000 41717 -0.0922263 7001.12 0.999621
832000000 41717 -0.0250947 7001.11 0.999616
832100000 41717 -0.140569 7001.13 0.999618
832200000 41717 -0.157689 7001.13 0.999614
832300000 41717 -0.145526 7001.13 0.999618
832400000 41717 0.387616 7001.04 0.99968
832500000 41717 -0.101395 7001.12 0.999633
832600000 41717 0.207595 7001.07 0.999688
832700000 41717 -0.0437506 7001.11 0.999615
832800000 41717 0.386534 7001.04 0.999699
832900000 41717 -0.00988498 7001.1 0.999617
833000000 41717 0.640081 7000.99 0.999721
833100000 41717 -0.124675 7001.12 0.999612
833200000 41717 -0.0514078 7001.11 0.999614
833300000 41717 1.78551 7000.8 0.999802
833400000 41717 -0.0921178 7001.12 0.999626
833500000 41717 1.22582 7000.9 0.999765
833600000 41717 -0.0115771 7001.1 0.99964
833700000 41717 -0.0769677 7001.11 0.99962
833800000 41717 -0.124546 7001.12 0.999622
833900000 41717 0.227434 7001.06 0.999683
834000000 41717 0.230376 7001.06 0.99967
834100000 41717 -0.0809082 7001.12 0.999613
834200000 41717 -0.117569 7001.12 0.999619
834300000 41717 -0.0787198 7001.11 0.999616
834400000 41717 -0.056058 7001.11 0.999614
834500000 41717 -0.0999979 7001.12 0.99962
834600000 41717 -0.0783643 7001.11 0.999613
834700000 41717 -0.0731901 7001.11 0.999615
834800000 41717 -0.0202161 7001.11 0.999616
834900000 41717 -0.109337 7001.12 0.999636
835000000 41717 -0.00979399 7001.1 0.999617
835100000 41717 -0.0604979 7001.11 0.999614
835200000 41717 -0.0225723 7001.11 0.999616
835300000 41717 -0.0439767 7001.11 0.999615
835400000 41717 -0.0940639 7001.12 0.999611
835500000 41717 -0.0684792 7001.11 0.999625
835600000 41717 1.51699 7000.85 0.999802
835700000 41717 -0.182178 7001.13 0.99961
835800000 41717 -0.0951641 7001.12 0.999644
835900000 41717 0.0951797 7001.09 0.999648
836000000 41717 -0.0746629 7001.11 0.999622
836100000 41717 -0.182719 7001.13 0.999616
836200000 41717 -0.103705 7001.12 0.999615
836300000 41717 -0.0668414 7001.11 0.999614
836400000 41717 2.09502 7000.75 0.999835
836500000 41717 -0.00552545 7001.1 0.999617
836600000 41717 -0.0930804 7001.12 0.999613
836700000 41717 -0.086319 7001.12 0.999613
836800000 41717 -0.124938 7001.12 0.999619
836900000 41717 0.453545 7001.03 0.999692
837000000 41717 -0.0302142 7001.11 0.999615
837100000 41717 -0.00413528 7001.1 0.999634
837200000 41717 -0.0341806 7001.11 0.999615
837300000 41717 -0.116411 7001.12 0.999625
837400000 41717 0.229544 7001.06 0.999682
837500000 41717 0.0955441 7001.09 0.999654
837600000 41717 -0.0294751 7001.11 0.999616
837700000 41717 -0.15661 7001.13 0.999616
837800000 41717 -0.00813373 7001.1 0.999617
837900000 41717 0.0702524 7001.09 0.999661
838000000 41717 -0.0593897 7001.11 0.999614
838100000 41717 -0.0497466 7001.11 0.999614
838200000 41717 -0.250223 7001.14 0.999621
838300000 41717 -0.114382 7001.12 0.999614
838400000 41717 -0.15054 7001.13 0.999618
838500000 41717 -0.139386 7001.13 0.999615
838600000 41717 0.850826 7000.96 0.999724
838700000 41717 -0.0551427 7001.11 0.999629
838800000 41717 -0.0614792 7001.11 0.999619
838900000 41717 -0.0356149 7001.11 0.999615
839000000 41717 -0.0243331 7001.11 0.999616
839100000 41717 -0.0369716 7001.11 0.999615
839200000 41717 1.33288 7000.88 0.999774
839300000 41717 -0.108339 7001.12 0.999615
839400000 41717 -0.0739527 7001.11 0.999614
839500000 41717 1.43654 7000.86 0.999775
839600000 41717 -0.248114 7001.14 0.999627
839700000 41717 -0.0412441 7001.11 0.999615
839800000 41717 -0.0920168 7001.12 0.999615
839900000 41717 -0.190543 7001.13 0.999619
840000000 41717 -0.0876849 7001.12 0.999613
840100000 41717 -0.0607251 7001.11 0.999614
840200000 41717 -0.0837588 7001.12 0.999624
840300000 41717 -0.0554298 7001.11 0.999614
840400000 41717 -0.10037 7001.12 0.999615
840500000 41717 -0.124532 7001.12 0.999611
840600000 41717 -0.143253 7001.13 0.999614
840700000 41717 -0.0685536 7001.11 0.999618
840800000 41717 -0.0346701 7001.11 0.999615
840900000 41717 -0.0570142 7001.11 0.999638
841000000 41717 -0.0421572 7001.11 0.999635
841100000 41717 -0.133921 7001.12 0.999615
841200000 41717 0.987004 7000.94 0.999736
841300000 41717 0.46945 7001.02 0.999689
841400000 41717 -0.115205 7001.12 0.999612
841500000 41717 -0.0483899 7001.11 0.999615
841600000 41717 -0.143217 7001.13 0.999614
841700000 41717 -0.0634829 7001.11 0.999614
841800000 41717 -0.0583422 7001.11 0.999663
841900000 41717 -0.053865 7001.11 0.999617
842000000 41717 0.194288 7001.07 0.999662
842100000 41717 0.250098 7001.06 0.999673
842200000 41717 -0.0398435 7001.11 0.999638
842300000 41717 -0.0792194 7001.11 0.999612
842400000 41717 -0.116625 7001.12 0.999625
842500000 41717 -0.0859091 7001.12 0.999621
842600000 41717 -0.174641 7001.13 0.999619
842700000 41717 -0.039188 7001.11 0.999616
842800000 41717 -0.0411004 7001.11 0.999615
842900000 41717 -0.111341 7001.12 0.999615
843000000 41717 1.00128 7000.93 0.999761
843100000 41717 -0.144969 7001.13 0.999625
843200000 41717 -0.109429 7001.12 0.999612
843300000 41717 -0.121042 7001.12 0.999614
843400000 41717 -0.06709 7001.11 0.999614
843500000 41717 -0.00799703 7001.1 0.999617
843600000 41717 -0.0977945 7001.12 0.999612
843700000 41717 -0.0144744 7001.1 0.999617
843800000 41717 1.66284 7000.82 0.999805
843900000 41717 -0.080527 7001.12 0.999614
844000000 41717 -0.208161 7001.14 0.999611
844100000 41717 0.0194205 7001.1 0.999637
844200000 41717 0.69497 7000.99 0.999733
844300000 41717 -0.122812 7001.12 0.999623
844400000 41717 -0.14648 7001.13 0.999611
844500000 41717 -0.0790692 7001.11 0.99962
844600000 41717 -0.140848 7001.13 0.999614
844700000 41717 -0.0831527 7001.12 0.999614
844800000 41717 1.56387 7000.84 0.999828
844900000 41717 0.174634 7001.07 0.999659
845000000 41717 -0.107449 7001.12 0.999631
845100000 41717 -0.0944221 7001.12 0.999623
845200000 41717 -0.0366762 7001.11 0.999616
845300000 41717 1.77765 7000.8 0.999832
845400000 41717 -0.0871895 7001.12 0.999613
845500000 41717 0.146628 7001.08 0.999683
845600000 41717 -0.0763917 7001.11 0.999614
845700000 41717 0.0270844 7001.1 0.999638
845800000 41717 -0.0935762 7001.12 0.999618
845900000 41717 -0.0209383 7001.11 0.999616
846000000 41717 0.649746 7000.99 0.999708
846100000 41717 -0.0974901 7001.12 0.999616
846200000 41717 0.525352 7001.01 0.999717
846300000 41717 -0.0970409 7001.12 0.999615
846400000 41717 -0.0573264 7001.11 0.999616
846500000 41717 -0.104841 7001.12 0.999615
846600000 41717 -0.0936885 7001.12 0.999616
846700000 41717 -0.102762 7001.12 0.999626
846800000 41717 0.491606 7001.02 0.999694
846900000 41717 -0.0261586 7001.11 0.999615
847000000 41717 -0.149083 7001.13 0.999627
847100000 41717 -0.207835 7001.14 0.99961
847200000 41717 0.923879 7000.95 0.999732
847300000 41717 -0.152347 7001.13 0.999615
847400000 41717 -0.0872955 7001.12 0.999617
847500000 41717 -0.297574 7001.15 0.999608
847600000 41717 -0.0680413 7001.11 0.999614
847700000 41717 -0.0852896 7001.12 0.999632
847800000 41717 -0.110304 7001.12 0.999619
847900000 41717 -0.106468 7001.12 0.999615
848000000 41717 -0.13422 7001.12 0.999615
848100000 41717 4.56693 7000.34 1
848200000 41717 0.887662 7000.95 0.999732
848300000 41717 -0.0601717 7001.11 0.999614
848400000 41717 -0.0302945 7001.11 0.999645
848500000 41717 0.0700509 7001.09 0.999661
848600000 41717 -0.00552273 7001.1 0.999617
848700000 41717 -0.126455 7001.12 0.999616
848800000 41717 -0.075545 7001.11 0.999614
848900000 41717 8.48221 6999.68 1.00023
849000000 41717 0.048978 7001.09 0.999661
849100000 41717 -0.0431684 7001.11 0.999615
849200000 41717 1.09335 7000.92 0.999747
849300000 41717 -0.00588839 7001.1 0.999617
849400000 41717 0.897949 7000.95 0.999729
849500000 41717 -0.200567 7001.14 0.99963
849600000 41717 -0.142249 7001.13 0.999634
849700000 41717 -0.104174 7001.12 0.999618
849800000 41717 -0.147158 7001.13 0.999612
849900000 41717 -0.0691463 7001.11 0.999614
850000000 41717 -0.0502489 7001.11 0.999641
850100000 41717 0.381051 7001.04 0.999711
850200000 41717 -0.247827 7001.14 0.999625
850300000 41717 -0.0199877 7001.1 0.999616
850400000 41717 -0.0753091 7001.11 0.999613
850500000 41717 -0.0836281 7001.12 0.999613
850600000 41717 0.14875 7001.08 0.999671
850700000 41717 -0.049352 7001.11 0.999615
850800000 41717 0.228966 7001.06 0.999665
850900000 41717 -0.0720431 7001.11 0.999614
851000000 41717 -0.10239 7001.12 0.999613
851100000 41717 -0.171285 7001.13 0.999637
851200000 41717 -0.0165369 7001.1 0.999635
851300000 41717 -0.036463 7001.11 0.999615
851400000 41717 -0.0748446 7001.11 0.999626
851500000 41717 -0.0426212 7001.11 0.999628
851600000 41717 -0.0653452 7001.11 0.999614
851700000 41717 -0.11593 7001.12 0.999618
851800000 41717 -0.0707515 7001.11 0.999614
851900000 41717 -0.0635392 7001.11 0.999613
852000000 41717 -0.0438604 7001.11 0.999614
852100000 41717 -0.0631082 7001.11 0.999613
852200000 41717 -0.130575 7001.12 0.999619
852300000 41717 -0.0239643 7001.11 0.999616
852400000 41717 0.598209 7001 0.999701
852500000 41717 -0.124062 7001.12 0.999611
852600000 41717 -0.105224 7001.12 0.999623
852700000 41717 -0.131021 7001.12 0.99961
852800000 41717 -0.125646 7001.12 0.999617
852900000 41717 0.000494258 7001.1 0.999643
853000000 41717 -0.109488 7001.12 0.999623
853100000 41717 -0.104501 7001.12 0.999613
853200000 41717 -0.111084 7001.12 0.999614
853300000 41717 -0.160082 7001.13 0.999609
853400000 41717 0.101041 7001.08 0.99967
853500000 41717 -0.0466539 7001.11 0.999614
853600000 41717 0.128517 7001.08 0.999663
853700000 41717 -0.0748399 7001.11 0.999613
853800000 41717 1.93905 7000.78 0.999815
853900000 41717 -0.182579 7001.13 0.999627
854000000 41717 0.510075 7001.02 0.999694
854100000 41717 0.289358 7001.05 0.99967
854200000 41717 -0.115918 7001.12 0.999613
854300000 41717 -0.0397759 7001.11 0.999615
854400000 41717 -0.136488 7001.12 0.999613
854500000 41717 -0.108063 7001.12 0.999612
854600000 41717 -0.0544336 7001.11 0.999631
854700000 41717 -0.0498497 7001.11 0.999614
854800000 41717 -0.00930217 7001.1 0.999635
854900000 41717 -0.0605696 7001.11 0.999615
855000000 41717 -0.0672738 7001.11 0.999625
855100000 41717 -0.0622951 7001.11 0.999623
855200000 41717 -0.129429 7001.12 0.999619
855300000 41717 -0.017604 7001.1 0.999616
855400000 41717 -0.0952597 7001.12 0.999612
855500000 41717 -0.140556 7001.13 0.999614
855600000 41717 -0.272875 7001.15 0.999623
855700000 41717 -0.0560874 7001.11 0.99962
855800000 41717 -0.00621287 7001.1 0.999617
855900000 41717 -0.127439 7001.12 0.99961
856000000 41717 -0.0679146 7001.11 0.999616
856100000 41717 -0.0582249 7001.11 0.999614
856200000 41717 0.900096 7000.95 0.999729
856300000 41717 -0.0235909 7001.11 0.999616
856400000 41717 -0.107541 7001.12 0.999613
856500000 41717 -0.00680166 7001.1 0.999637
856600000 41717 -0.0377459 7001.11 0.999629
856700000 41717 -0.044297 7001.11 0.999615
856800000 41717 -0.0654628 7001.11 0.999615
856900000 41717 -0.0666257 7001.11 0.999613
857000000 41717 2.22418 7000.73 0.999856
857100000 41717 -0.0999942 7001.12 0.999613
857200000 41717 -0.0940899 7001.12 0.999616
857300000 41717 -0.0713025 7001.11 0.999615
857400000 41717 -0.133551 7001.12 0.999611
857500000 41717 -0.0814001 7001.12 0.999613
857600000 41717 -0.0400913 7001.11 0.999615
857700000 41717 -0.211218 7001.14 0.99961
857800000 41717 -0.0164145 7001.1 0.999632
857900000 41717 -0.108762 7001.12 0.999611
858000000 41717 0.0355617 7001.1 0.999658
858100000 41717 0.698347 7000.98 0.999732
858200000 41717 -0.125104 7001.12 0.999615
858300000 41717 -0.099017 7001.12 0.999616
858400000 41717 -0.128932 7001.12 0.999613
858500000 41717 -0.118755 7001.12 0.999617
858600000 41717 -0.0624125 7001.11 0.999657
858700000 41717 -0.163148 7001.13 0.999614
858800000 41717 0.79553 7000.97 0.999738
858900000 41717 1.06863 7000.92 0.999749
859000000 41717 0.0396991 7001.09 0.999646
859100000 41717 -0.0445974 7001.11 0.999614
859200000 41717 -0.102111 7001.12 0.999646
859300000 41717 -0.161821 7001.13 0.999612
859400000 41717 -0.0987617 7001.12 0.999615
859500000 41717 0.611211 7001 0.999702
859600000 41717 1.19229 7000.9 0.999775
859700000 41717 -0.069757 7001.11 0.999614
859800000 41717 0.136306 7001.08 0.999654
859900000 41717 0.545631 7001.01 0.999717
860000000 41717 -0.0444163 7001.11 0.999641
860100000 41717 -0.0158143 7001.1 0.999616
860200000 41717 -0.115645 7001.12 0.999619
860300000 41717 -0.0447775 7001.11 0.999615
860400000 41717 0.384946 7001.04 0.999688
860500000 41717 0.0145326 7001.1 0.999644
860600000 41717 -0.0816905 7001.12 0.999614
860700000 41717 -0.0765994 7001.11 0.999613
860800000 41717 1.08542 7000.92 0.99979
860900000 41717 -0.0837949 7001.12 0.999639
861000000 41717 1.59406 7000.83 0.999808
861100000 41717 -0.0911814 7001.12 0.999612
861200000 41717 -0.161989 7001.13 0.999613
861300000 41717 -0.146681 7001.13 0.999612
861400000 41717 -0.0337921 7001.11 0.999616
861500000 41717 0.0050021 7001.1 0.999638
861600000 41717 -0.0913193 7001.12 0.999613
861700000 41717 -0.152905 7001.13 0.999617
861800000 41717 -0.0505762 7001.11 0.999614
861900000 41717 -0.0747878 7001.11 0.999637
862000000 41717 -0.148835 7001.13 0.999619
862100000 41717 0.2266 7001.06 0.999663
862200000 41717 -0.038537 7001.11 0.999616
862300000 41717 -0.084809 7001.12 0.999615
862400000 41717 -0.172891 7001.13 0.999613
862500000 41717 0.650776 7000.99 0.999706
862600000 41717 0.593311 7001 0.999723
862700000 41717 -0.132162 7001.12 0.999611
862800000 41717 -0.0838187 7001.12 0.999623
862900000 41717 -0.112753 7001.12 0.999614
863000000 41717 0.210878 7001.07 0.999695
863100000 41717 0.259604 7001.06 0.999692
863200000 41717 1.26718 7000.89 0.999789
863300000 41717 -0.0647301 7001.11 0.999615
863400000 41717 -0.0347596 7001.11 0.999615
863500000 41717 0.20015 7001.07 0.999661
863600000 41717 1.04441 7000.93 0.999771
863700000 41717 0.540595 7001.01 0.999695
863800000 41717 -0.0604352 7001.11 0.999624
863900000 41717 0.475277 7001.02 0.999704
864000000 41717 2.66478 7000.65 0.999868
864100000 41717 -0.0776139 7001.11 0.999614
864200000 41717 2.7122 7000.65 0.999873
864300000 41717 -0.0810571 7001.12 0.999619
864400000 41717 -0.0810601 7001.12 0.99962
864500000 41717 -0.0751755 7001.11 0.999613
864600000 41717 0.220086 7001.06 0.999672
864700000 41717 0.0092028 7001.1 0.999655
864800000 41717 -0.123166 7001.12 0.999611
864900000 41717 -0.0629911 7001.11 0.999621
865000000 41717 -0.137808 7001.12 0.999619
865100000 41717 -0.17184 7001.13 0.999613
865200000 41717 -0.161031 7001.13 0.999616
865300000 41717 -0.105299 7001.12 0.999613
865400000 41717 1.73952 7000.81 0.999837
865500000 41717 4.81487 7000.29 1.00002
865600000 41717 -0.0988213 7001.12 0.999618
865700000 41717 2.89384 7000.62 0.99996
865800000 41717 -0.0885719 7001.12 0.999614
865900000 41717 -0.0813792 7001.12 0.999615
866000000 41717 3.29561 7000.55 0.999939
866100000 41717 -0.0615732 7001.11 0.999615
866200000 41717 -0.0737928 7001.11 0.999628
866300000 41717 -0.0783391 7001.11 0.999624
866400000 41717 -0.159506 7001.13 0.99961
866500000 41717 -0.0557919 7001.11 0.999625
866600000 41717 -0.0798861 7001.12 0.999616
866700000 41717 -0.0879344 7001.12 0.999613
866800000 41717 0.00846409 7001.1 0.999635
866900000 41717 -0.0281283 7001.11 0.999615
867000000 41717 -0.0357532 7001.11 0.999656
867100000 41717 -0.122206 7001.12 0.999628
867200000 41717 -0.0458527 7001.11 0.999614
867300000 41717 -0.0248909 7001.11 0.999616
867400000 41717 -0.111987 7001.12 0.999639
867500000 41717 -0.148095 7001.13 0.999609
867600000 41717 -0.077189 7001.11 0.999613
867700000 41717 -0.0123039 7001.1 0.999654
867800000 41717 -0.0897967 7001.12 0.999615
867900000 41717 -0.0433022 7001.11 0.999615
868000000 41717 -0.146124 7001.13 0.999626
868100000 41717 -0.0414219 7001.11 0.999615
868200000 41717 -0.113606 7001.12 0.999616
868300000 41717 -0.0668947 7001.11 0.999618
868400000 41717 -0.0580724 7001.11 0.999624
868500000 41717 -0.23114 7001.14 0.999623
868600000 41717 0.14374 7001.08 0.99967
868700000 41717 -0.01482 7001.1 0.999631
868800000 41717 1.13694 7000.91 0.99976
868900000 41717 -0.144069 7001.13 0.999614
869000000 41717 0.312683 7001.05 0.999677
869100000 41717 -0.116265 7001.12 0.999651
869200000 41717 -0.0994616 7001.12 0.999625
869300000 41717 0.202652 7001.07 0.999663
869400000 41717 -0.0970388 7001.12 0.999614
869500000 41717 -0.0144718 7001.1 0.999616
869600000 41717 -0.233698 7001.14 0.999617
869700000 41717 -0.0348398 7001.11 0.999616
869800000 41717 -0.0290685 7001.11 0.999616
869900000 41717 -0.0191381 7001.1 0.999616
870000000 41717 -0.0199002 7001.1 0.999631
870100000 41717 -0.0691576 7001.11 0.99962
870200000 41717 -0.0519622 7001.11 0.999615
870300000 41717 0.0790232 7001.09 0.999649
870400000 41717 -0.107511 7001.12 0.999622
870500000 41717 -0.197144 7001.13 0.999644
870600000 41717 -0.0429756 7001.11 0.999614
870700000 41717 -0.0999205 7001.12 0.999612
870800000 41717 0.0496432 7001.09 0.999642
870900000 41717 -0.0577826 7001.11 0.999655
871000000 41717 0.0584264 7001.09 0.999643
871100000 41717 -0.0252522 7001.11 0.999616
871200000 41717 -0.104977 7001.12 0.999612
871300000 41717 -0.139925 7001.13 0.999625
871400000 41717 0.564804 7001.01 0.999701
871500000 41717 0.799068 7000.97 0.999777
871600000 41717 3.15307 7000.57 0.999905
871700000 41717 -0.0505459 7001.11 0.999615
871800000 41717 -0.0532241 7001.11 0.999614
871900000 41717 1.12724 7000.91 0.999794
872000000 41717 8.79857 6999.63 1.00028
872100000 41717 -0.0927098 7001.12 0.999616
872200000 41717 -0.170914 7001.13 0.999627
872300000 41717 -0.0322052 7001.11 0.999615
872400000 41717 -0.0376337 7001.11 0.999616
872500000 41717 -0.0145665 7001.1 0.999616
872600000 41717 0.00539573 7001.1 0.999635
872700000 41717 0.0114274 7001.1 0.999658
872800000 41717 0.167225 7001.07 0.999664
872900000 41717 0.187841 7001.07 0.999661
873000000 41717 1.41111 7000.86 0.999774
873100000 41717 -0.000630247 7001.1 0.999636
873200000 41717 -0.0198174 7001.1 0.999616
873300000 41717 -0.0598304 7001.11 0.999614
873400000 41717 -0.0936371 7001.12 0.999614
873500000 41717 -0.0633614 7001.11 0.999619
873600000 41717 -0.0943412 7001.12 0.999618
873700000 41717 -0.137663 7001.12 0.999613
873800000 41717 -0.0117862 7001.1 0.999617
873900000 41717 -0.0737115 7001.11 0.999614
874000000 41717 -0.0908369 7001.12 0.999632
874100000 41717 0.0731387 7001.09 0.999671
874200000 41717 0.143302 7001.08 0.999667
874300000 41717 -0.00913919 7001.1 0.999617
874400000 41717 -0.0679211 7001.11 0.999623
874500000 41717 -0.0629017 7001.11 0.999614
874600000 41717 5.85572 7000.12 1.00008
874700000 41717 -0.100151 7001.12 0.999613
874800000 41717 -0.00185506 7001.1 0.999617
874900000 41717 -0.0682552 7001.11 0.999622
875000000 41717 -0.148869 7001.13 0.999618
875100000 41717 -0.0660505 7001.11 0.999614
875200000 41717 -0.0596942 7001.11 0.999614
875300000 41717 -0.136626 7001.12 0.999625
875400000 41717 -0.0894654 7001.12 0.999615
875500000 41717 -0.0276617 7001.11 0.999628
875600000 41717 -0.169551 7001.13 0.999615
875700000 41717 -0.0625774 7001.11 0.999616
875800000 41717 -0.0698058 7001.11 0.999613
875900000 41717 0.000637354 7001.1 0.999641
876000000 41717 -0.119019 7001.12 0.999613
876100000 41717 0.427643 7001.03 0.999687
876200000 41717 -0.17594 7001.13 0.999612
876300000 41717 -0.00854502 7001.1 0.999617
876400000 41717 -0.106121 7001.12 0.999612
876500000 41717 6.00295 7000.09 1.00009
876600000 41717 -0.0723221 7001.11 0.999614
876700000 41717 -0.0730449 7001.11 0.999619
876800000 41717 0.0784684 7001.09 0.999664
876900000 41717 -0.0437897 7001.11 0.999615
877000000 41717 -0.0743224 7001.11 0.999616
877100000 41717 -0.0334301 7001.11 0.999615
877200000 41717 -0.0246551 7001.11 0.999616
877300000 41717 -0.0632543 7001.11 0.999613
877400000 41717 -0.0690462 7001.11 0.999618
877500000 41717 -0.0278617 7001.11 0.99963
877600000 41717 -0.107866 7001.12 0.999613
877700000 41717 -0.079642 7001.12 0.999618
877800000 41717 -0.0246889 7001.11 0.999634
877900000 41717 0.0560157 7001.09 0.999641
878000000 41717 -0.0247756 7001.11 0.999633
878100000 41717 0.28254 7001.05 0.999669
878200000 41717 -0.0960791 7001.12 0.999614
878300000 41717 0.603697 7001 0.999736
878400000 41717 -0.00769465 7001.1 0.999617
878500000 41717 -0.0169076 7001.1 0.999616
878600000 41717 -0.10642 7001.12 0.999611
878700000 41717 -0.0846186 7001.12 0.999616
878800000 41717 -0.121564 7001.12 0.999624
878900000 41717 -0.0406681 7001.11 0.999615
879000000 41717 1.65004 7000.82 0.999803
879100000 41717 -0.031915 7001.11 0.999638
879200000 41717 -0.0673609 7001.11 0.999628
879300000 41717 -0.0965724 7001.12 0.999621
879400000 41717 -0.0813919 7001.12 0.999637
879500000 41717 -0.0397494 7001.11 0.999615
879600000 41717 0.364188 7001.04 0.999687
879700000 41717 0.643295 7000.99 0.99971
879800000 41717 -0.025166 7001.11 0.999616
879900000 41717 -0.0476261 7001.11 0.999615
880000000 41717 -0.00467756 7001.1 0.999617
880100000 41717 -0.113688 7001.12 0.999616
880200000 41717 -0.213806 7001.14 0.999617
880300000 41717 -0.176424 7001.13 0.999618
880400000 41717 0.740038 7000.98 0.999744
880500000 41717 -0.0340035 7001.11 0.999615
880600000 41717 0.213884 7001.07 0.999687
880700000 41717 -0.105777 7001.12 0.999617
880800000 41717 -0.0694918 7001.11 0.999613
880900000 41717 -0.0160358 7001.1 0.999616
881000000 41717 -0.102494 7001.12 0.999616
881100000 41717 2.00867 7000.76 0.999819
881200000 41717 -0.141113 7001.13 0.99962
881300000 41717 -0.00700596 7001.1 0.999617
881400000 41717 -0.015149 7001.1 0.999616
881500000 41717 0.0232078 7001.1 0.999639
881600000 41717 -0.0424158 7001.11 0.999615
881700000 41717 -0.159342 7001.13 0.999623
881800000 41717 0.718443 7000.98 0.999739
881900000 41717 -0.0646498 7001.11 0.999614
882000000 41717 -0.102658 7001.12 0.999615
882100000 41717 -0.140823 7001.13 0.999615
882200000 41717 -0.212164 7001.14 0.999618
882300000 41717 -0.0514958 7001.11 0.999615
882400000 41717 -0.0297236 7001.11 0.999615
882500000 41717 0.858212 7000.96 0.999745
882600000 41717 -0.00893778 7001.1 0.999617
882700000 41717 7.89159 6999.78 1.0002
882800000 41717 -0.105014 7001.12 0.999619
882900000 41717 -0.124898 7001.12 0.999617
883000000 41717 -0.00730992 7001.1 0.999637
883100000 41717 -0.0699518 7001.11 0.999619
883200000 41717 0.156052 7001.08 0.999654
883300000 41717 1.89505 7000.78 0.999812
883400000 41717 -0.160581 7001.13 0.999621
883500000 41717 -0.131667 7001.12 0.999614
883600000 41717 0.0325708 7001.1 0.999664
883700000 41717 8.32351 6999.71 1.00031
883800000 41717 -0.0422427 7001.11 0.999615
883900000 41717 0.539697 7001.01 0.999744
884000000 41717 -0.117667 7001.12 0.999622
884100000 41717 -0.132297 7001.12 0.999614
884200000 41717 -0.103874 7001.12 0.999614
884300000 41717 -0.00588944 7001.1 0.999617
884400000 41717 0.815886 7000.96 0.999745
884500000 41717 0.12082 7001.08 0.999651
884600000 41717 -0.0353353 7001.11 0.999615
884700000 41717 -0.05092 7001.11 0.999615
884800000 41717 -0.0248627 7001.11 0.999616
884900000 41717 -0.0156617 7001.1 0.999616
885000000 41717 -0.0244647 7001.11 0.999616
885100000 41717 1.27008 7000.89 0.999783
885200000 41717 1.32805 7000.88 0.999766
885300000 41717 -0.0258341 7001.11 0.999616
885400000 41717 -0.0498923 7001.11 0.99963
885500000 41717 -0.0293745 7001.11 0.999616
885600000 41717 0.76643 7000.97 0.999719
885700000 41717 0.00532885 7001.1 0.999634
885800000 41717 -0.126615 7001.12 0.999618
885900000 41717 -0.128089 7001.12 0.999613
886000000 41717 -0.0151303 7001.1 0.999631
886100000 41717 3.71079 7000.48 0.999986
886200000 41717 -0.200052 7001.14 0.999624
886300000 41717 0.497458 7001.02 0.999693
886400000 41717 -0.153769 7001.13 0.999628
886500000 41717 -0.0446819 7001.11 0.999615
886600000 41717 -0.127978 7001.12 0.999618
886700000 41717 0.0118941 7001.1 0.999635
886800000 41717 -0.0447003 7001.11 0.999614
886900000 41717 -0.04898 7001.11 0.999631
887000000 41717 -0.0711336 7001.11 0.999623
887100000 41717 -0.0746238 7001.11 0.999613
887200000 41717 -0.104888 7001.12 0.999626
887300000 41717 -0.1446 7001.13 0.999612
887400000 41717 -0.00926254 7001.1 0.999617
887500000 41717 2.65154 7000.66 0.999908
887600000 41717 0.226516 7001.06 0.999663
887700000 41717 -0.15143 7001.13 0.999615
887800000 41717 -0.0751858 7001.11 0.999614
887900000 41717 -0.11078 7001.12 0.999615
888000000 41717 -0.067985 7001.11 0.999613
888100000 41717 0.0849035 7001.09 0.999651
888200000 41717 -0.0276182 7001.11 0.999615
888300000 41717 -0.0589126 7001.11 0.999614
888400000 41717 -0.102177 7001.12 0.99963
888500000 41717 -0.113328 7001.12 0.999619
888600000 41717 -0.0438111 7001.11 0.999615
888700000 41717 -0.0248209 7001.11 0.999616
888800000 41717 0.173393 7001.07 0.999659
888900000 41717 -0.0525336 7001.11 0.999615
889000000 41717 -0.0200768 7001.11 0.999641
889100000 41717 4.57577 7000.33 1
889200000 41717 0.412989 7001.03 0.999683
889300000 41717 -0.013758 7001.1 0.999616
889400000 41717 -0.0226858 7001.11 0.999616
889500000 41717 -0.0700817 7001.11 0.999632
889600000 41717 -0.0345218 7001.11 0.999627
889700000 41717 -0.15331 7001.13 0.999626
889800000 41717 -0.0296805 7001.11 0.999616
889900000 41717 -0.0383731 7001.11 0.999615
890000000 41717 -0.0546884 7001.11 0.999617
890100000 41717 -0.0467263 7001.11 0.999626
890200000 41717 0.718607 7000.98 0.99972
890300000 41717 0.806313 7000.97 0.99974
890400000 41717 -0.186369 7001.13 0.999623
890500000 41717 1.88251 7000.79 0.999852
890600000 41717 0.155467 7001.08 0.999663
890700000 41717 0.0392999 7001.09 0.999685
890800000 41717 -0.0508375 7001.11 0.999614
890900000 41717 -0.049827 7001.11 0.999615
891000000 41717 -0.0661395 7001.11 0.999613
891100000 41717 0.260018 7001.06 0.999668
891200000 41717 -0.117174 7001.12 0.999621
891300000 41717 -0.038058 7001.11 0.999615
891400000 41717 -0.0746456 7001.11 0.999623
891500000 41717 -0.0156156 7001.1 0.999617
891600000 41717 0.120037 7001.08 0.999654
891700000 41717 -0.019425 7001.1 0.999651
891800000 41717 -0.0626189 7001.11 0.999617
891900000 41717 -0.0206999 7001.11 0.999616
892000000 41717 -0.128572 7001.12 0.999618
892100000 41717 -0.0624347 7001.11 0.999614
892200000 41717 0.0089074 7001.1 0.999646
892300000 41717 -0.0325232 7001.11 0.999634
892400000 41717 -0.0876399 7001.12 0.999616
892500000 41717 -0.0968708 7001.12 0.999619
892600000 41717 -0.0953421 7001.12 0.999618
892700000 41717 -0.107013 7001.12 0.999625
892800000 41717 -0.00190324 7001.1 0.999618
892900000 41717 -0.0335702 7001.11 0.999615
893000000 41717 -0.147226 7001.13 0.99961
893100000 41717 1.02991 7000.93 0.999742
893200000 41717 -0.145471 7001.13 0.999617
893300000 41717 -0.0640165 7001.11 0.999624
893400000 41717 0.0174543 7001.1 0.999642
893500000 41717 3.20237 7000.56 0.99996
893600000 41717 1.24397 7000.89 0.999758
893700000 41717 1.04167 7000.93 0.999751
893800000 41717 -0.020934 7001.11 0.999616
893900000 41717 -0.0776943 7001.11 0.999616
894000000 41717 0.0168161 7001.1 0.999646
894100000 41717 0.720207 7000.98 0.999744
894200000 41717 -0.0111853 7001.1 0.999617
894300000 41717 -0.0137577 7001.1 0.999632
894400000 41717 -0.126641 7001.12 0.999611
894500000 41717 -0.0572726 7001.11 0.999631
894600000 41717 -0.00973468 7001.1 0.999617
894700000 41717 -0.0360852 7001.11 0.999616
894800000 41717 -0.0542264 7001.11 0.999636
894900000 41717 -0.159148 7001.13 0.999617
895000000 41717 0.166017 7001.07 0.999676
895100000 41717 -0.0369042 7001.11 0.999636
895200000 41717 -0.0398565 7001.11 0.999615
895300000 41717 3.44405 7000.52 0.999923
895400000 41717 -0.0859256 7001.12 0.999613
895500000 41717 -0.139544 7001.13 0.999641
895600000 41717 -0.0698646 7001.11 0.999614
895700000 41717 -0.0454908 7001.11 0.999615
895800000 41717 3.55096 7000.51 0.999944
895900000 41717 -0.00796597 7001.1 0.999633
896000000 41717 -0.124179 7001.12 0.999617
896100000 41717 -0.0059607 7001.1 0.999637
896200000 41717 -0.175062 7001.13 0.999616
896300000 41717 0.762204 7000.97 0.999719
896400000 41717 -0.130095 7001.12 0.999611
896500000 41717 -0.151007 7001.13 0.999611
896600000 41717 0.90047 7000.95 0.999736
896700000 41717 -0.0173148 7001.1 0.999616
896800000 41717 0.155556 7001.08 0.999657
896900000 41717 -0.0414555 7001.11 0.999614
897000000 41717 -0.1065 7001.12 0.999632
897100000 41717 -0.0357511 7001.11 0.999628
897200000 41717 -0.0109267 7001.1 0.999617
897300000 41717 0.759216 7000.97 0.999728
897400000 41717 0.122278 7001.08 0.999663
897500000 41717 -0.175755 7001.13 0.999609
897600000 41717 -0.114667 7001.12 0.999612
897700000 41717 -0.0736868 7001.11 0.999614
897800000 41717 -0.0889054 7001.12 0.999638
897900000 41717 -0.0361096 7001.11 0.999615
898000000 41717 -0.0210223 7001.11 0.999616
898100000 41717 -0.102079 7001.12 0.999621
898200000 41717 -0.0925567 7001.12 0.999614
898300000 41717 -0.128109 7001.12 0.999612
898400000 41717 -0.00417903 7001.1 0.999617
898500000 41717 0.00684527 7001.1 0.999663
898600000 41717 -0.0962368 7001.12 0.999613
898700000 41717 -0.0711667 7001.11 0.999613
898800000 41717 -0.348526 7001.16 0.999612
898900000 41717 -0.0113336 7001.1 0.999636
899000000 41717 0.277286 7001.06 0.999675
899100000 41717 0.116779 7001.08 0.999657
899200000 41717 -0.0262256 7001.11 0.999616
899300000 41717 1.38735 7000.87 0.999797
899400000 41717 -0.0300357 7001.11 0.999638
899500000 41717 -0.00282004 7001.1 0.999633
899600000 41717 -0.0629052 7001.11 0.999616
899700000 41717 -0.0653377 7001.11 0.999621
899800000 41717 -0.0913111 7001.12 0.99962
899900000 41717 -0.114613 7001.12 0.999613
900000000 41717 -0.023294 7001.11 0.999639
900100000 41717 -0.169492 7001.13 0.999619
900200000 41717 -0.0500978 7001.11 0.999616
900300000 41717 -0.151909 7001.13 0.999609
900400000 41717 -0.0522215 7001.11 0.999614
900500000 41717 -0.0704727 7001.11 0.999622
900600000 41717 1.51576 7000.85 0.999811
900700000 41717 -0.0941262 7001.12 0.999616
900800000 41717 -0.10278 7001.12 0.999613
900900000 41717 -0.015932 7001.1 0.999616
901000000 41717 -0.17518 7001.13 0.999622
901100000 41717 -0.167876 7001.13 0.999615
901200000 41717 -0.174644 7001.13 0.999609
901300000 41717 -0.0564853 7001.11 0.999625
901400000 41717 -0.0657047 7001.11 0.999624
901500000 41717 -0.0198114 7001.1 0.999616
901600000 41717 1.32129 7000.88 0.999799
901700000 41717 -0.11167 7001.12 0.999626
901800000 41717 -0.0902039 7001.12 0.999613
901900000 41717 -0.121261 7001.12 0.999613
902000000 41717 -0.0599754 7001.11 0.999615
902100000 41717 -0.103785 7001.12 0.999624
902200000 41717 0.391948 7001.04 0.999734
902300000 41717 0.413085 7001.03 0.999684
902400000 41717 -0.109076 7001.12 0.999617
902500000 41717 0.266968 7001.06 0.999667
902600000 41717 -0.0108348 7001.1 0.999617
902700000 41717 -0.0471529 7001.11 0.999615
902800000 41717 -0.106177 7001.12 0.999619
902900000 41717 -0.145716 7001.13 0.999616
903000000 41717 -0.0632451 7001.11 0.999614
903100000 41717 -0.205569 7001.14 0.999621
903200000 41717 -0.123795 7001.12 0.999612
903300000 41717 -0.197678 7001.13 0.999613
903400000 41717 -0.0157864 7001.1 0.999616
903500000 41717 -0.0516774 7001.11 0.999614
903600000 41717 -0.179198 7001.13 0.999632
903700000 41717 -0.08376 7001.12 0.999612
903800000 41717 -0.0766405 7001.11 0.999629
903900000 41717 -0.0620191 7001.11 0.999614
904000000 41717 0.0672288 7001.09 0.999648
904100000 41717 -0.00118414 7001.1 0.999664
904200000 41717 5.74792 7000.14 1.00009
904300000 41717 -0.227896 7001.14 0.999631
904400000 41717 -0.107223 7001.12 0.999611
904500000 41717 -0.127442 7001.12 0.999612
904600000 41717 -0.081249 7001.12 0.999614
904700000 41717 -0.0394609 7001.11 0.999615
904800000 41717 0.260733 7001.06 0.999678
904900000 41717 -0.0856031 7001.12 0.999613
905000000 41717 0.73264 7000.98 0.999717
905100000 41717 -0.0285687 7001.11 0.999616
905200000 41717 -0.162577 7001.13 0.999636
905300000 41717 0.0268512 7001.1 0.999661
905400000 41717 -0.122317 7001.12 0.999634
905500000 41717 0.0471665 7001.09 0.999649
905600000 41717 -0.110828 7001.12 0.999622
905700000 41717 -0.114321 7001.12 0.999626
905800000 41717 13.0196 6998.92 1.00048
905900000 41717 0.554499 7001.01 0.999708
906000000 41717 -0.0082833 7001.1 0.999617
906100000 41717 -0.00415918 7001.1 0.999634
906200000 41717 -0.118512 7001.12 0.999612
906300000 41717 -0.0381461 7001.11 0.999615
906400000 41717 -0.0483423 7001.11 0.999615
906500000 41717 0.564442 7001.01 0.999698
906600000 41717 -0.0103312 7001.1 0.999617
906700000 41717 1.31862 7000.88 0.999785
906800000 41717 -0.132145 7001.12 0.999612
906900000 41717 -0.165867 7001.13 0.999617
907000000 41717 -0.0752963 7001.11 0.999616
907100000 41717 -0.127841 7001.12 0.999613
907200000 41717 3.99144 7000.43 1.00004
907300000 41717 1.53675 7000.84 0.999813
907400000 41717 -0.138373 7001.12 0.99961
907500000 41717 -0.0431057 7001.11 0.999615
907600000 41717 -0.0887924 7001.12 0.999646
907700000 41717 -0.0948983 7001.12 0.999616
907800000 41717 -0.107854 7001.12 0.999612
907900000 41717 -0.0724232 7001.11 0.999613
908000000 41717 -0.0956801 7001.12 0.999618
908100000 41717 -0.130945 7001.12 0.999622
908200000 41717 2.42545 7000.69 0.999902
908300000 41717 -0.0375778 7001.11 0.999615
908400000 41717 -0.292058 7001.15 0.999615
908500000 41717 -0.119028 7001.12 0.999612
908600000 41717 0.862023 7000.96 0.999726
908700000 41717 5.69855 7000.15 1.00007
908800000 41717 2.03307 7000.76 0.99983
908900000 41717 1.38651 7000.87 0.999771
909000000 41717 -0.062719 7001.11 0.999617
909100000 41717 -0.204244 7001.14 0.999609
909200000 41717 -0.0822639 7001.12 0.999626
909300000 41717 -0.0586639 7001.11 0.999614
909400000 41717 1.45237 7000.86 0.999792
909500000 41717 0.758412 7000.97 0.999719
909600000 41717 -0.0407779 7001.11 0.999626
909700000 41717 -0.0340349 7001.11 0.999616
909800000 41717 6.47716 7000.01 1.00013
909900000 41717 0.0761902 7001.09 0.999652
910000000 41717 0.937855 7000.94 0.999733
910100000 41717 1.36947 7000.87 0.999797
910200000 41717 -0.063458 7001.11 0.999615
910300000 41717 -0.0367947 7001.11 0.999615
910400000 41717 0.250025 7001.06 0.999679
910500000 41717 -0.0607796 7001.11 0.999621
910600000 41717 4.94543 7000.27 1.00004
910700000 41717 -0.13641 7001.12 0.999622
910800000 41717 -0.132791 7001.12 0.999618
910900000 41717 -0.0463325 7001.11 0.999616
911000000 41717 -0.0463468 7001.11 0.999615
911100000 41717 -0.0303942 7001.11 0.999615
911200000 41717 0.614806 7001 0.999707
911300000 41717 0.484313 7001.02 0.999695
911400000 41717 1.78857 7000.8 0.999804
911500000 41717 -0.175546 7001.13 0.999626
911600000 41717 -0.0702872 7001.11 0.999614
911700000 41717 0.11338 7001.08 0.999675
911800000 41717 -0.0805437 7001.12 0.99963
911900000 41717 -0.0923734 7001.12 0.999614
912000000 41717 -0.11087 7001.12 0.999636
912100000 41717 0.128174 7001.08 0.999669
912200000 41717 0.515961 7001.01 0.999748
912300000 41717 -0.0125094 7001.1 0.999645
912400000 41717 0.118458 7001.08 0.999667
912500000 41717 0.039405 7001.1 0.999643
912600000 41717 2.43252 7000.69 0.99989
912700000 41717 -0.0430078 7001.11 0.999626
912800000 41717 -0.0517534 7001.11 0.999615
912900000 41717 -0.0591977 7001.11 0.999615
913000000 41717 -0.151067 7001.13 0.999644
913100000 41717 0.156604 7001.08 0.999654
913200000 41717 1.43386 7000.86 0.999808
913300000 41717 -0.0818678 7001.12 0.999615
913400000 41717 -0.197868 7001.13 0.999616
913500000 41717 0.0828216 7001.09 0.999645
913600000 41717 -0.110624 7001.12 0.999614
913700000 41717 0.0560826 7001.09 0.999677
913800000 41717 -0.0440235 7001.11 0.999615
913900000 41717 -0.157426 7001.13 0.999652
914000000 41717 -0.0416022 7001.11 0.999614
914100000 41717 -0.0652924 7001.11 0.999613
914200000 41717 1.03079 7000.93 0.999771
914300000 41717 -0.0559707 7001.11 0.999614
914400000 41717 -0.0673221 7001.11 0.99962
914500000 41717 -0.148362 7001.13 0.999611
914600000 41717 -0.0165152 7001.1 0.999643
914700000 41717 0.973119 7000.94 0.999773
914800000 41717 -0.0511085 7001.11 0.999627
914900000 41717 1.09334 7000.92 0.999772
915000000 41717 -0.0712444 7001.11 0.999613
915100000 41717 -0.112427 7001.12 0.999616
915200000 41717 -0.212782 7001.14 0.999615
915300000 41717 0.539035 7001.01 0.999705
915400000 41717 0.022229 7001.1 0.999653
915500000 41717 -0.0312838 7001.11 0.999615
915600000 41717 -0.142536 7001.13 0.999614
915700000 41717 1.30057 7000.88 0.999766
915800000 41717 -0.158706 7001.13 0.999622
915900000 41717 -0.0692855 7001.11 0.999636
916000000 41717 2.52362 7000.68 0.999904
916100000 41717 -0.0438216 7001.11 0.999615
916200000 41717 -0.139209 7001.13 0.999608
916300000 41717 -0.0610665 7001.11 0.999614
916400000 41717 -0.0711073 7001.11 0.999623
916500000 41717 0.289248 7001.05 0.999675
916600000 41717 -0.125822 7001.12 0.999635
916700000 41717 -0.164853 7001.13 0.999621
916800000 41717 0.164733 7001.07 0.999656
916900000 41717 -0.196648 7001.13 0.999615
917000000 41717 -0.0319323 7001.11 0.999615
917100000 41717 -0.0452425 7001.11 0.999615
917200000 41717 -0.158708 7001.13 0.999614
917300000 41717 -0.0833715 7001.12 0.999618
917400000 41717 1.84136 7000.79 0.999807
917500000 41717 -0.119902 7001.12 0.999615
917600000 41717 0.523898 7001.01 0.999715
917700000 41717 1.09259 7000.92 0.999766
917800000 41717 -0.0248707 7001.11 0.999616
917900000 41717 -0.0594603 7001.11 0.999614
918000000 41717 0.0308426 7001.1 0.999642
918100000 41717 -0.111516 7001.12 0.999615
918200000 41717 -0.0607207 7001.11 0.999616
918300000 41717 0.0984813 7001.09 0.999648
918400000 41717 0.08518 7001.09 0.999652
918500000 41717 -0.0652399 7001.11 0.999627
918600000 41717 -0.220744 7001.14 0.999617
918700000 41717 -0.00143388 7001.1 0.999646
918800000 41717 -0.106734 7001.12 0.999617
918900000 41717 7.49522 6999.84 1.00022
919000000 41717 -0.0770949 7001.11 0.999613
919100000 41717 -0.0619415 7001.11 0.999613
919200000 41717 -0.0531538 7001.11 0.999623
919300000 41717 -0.163374 7001.13 0.999627
919400000 41717 0.0347853 7001.1 0.999645
919500000 41717 -0.0616452 7001.11 0.999613
919600000 41717 -0.121467 7001.12 0.999613
919700000 41717 -0.115586 7001.12 0.999612
919800000 41717 -0.00867483 7001.1 0.999617
919900000 41717 -0.11429 7001.12 0.999612
920000000 41717 -0.0905906 7001.12 0.999615
920100000 41717 0.228786 7001.06 0.999671
920200000 41717 -0.0175767 7001.1 0.999616
920300000 41717 -0.0895176 7001.12 0.999614
920400000 41717 2.8727 7000.62 0.999883
920500000 41717 -0.0315537 7001.11 0.999615
920600000 41717 0.249103 7001.06 0.99968
920700000 41717 -0.0640266 7001.11 0.999615
920800000 41717 2.23908 7000.73 0.999869
920900000 41717 -0.108389 7001.12 0.999615
921000000 41717 0.798583 7000.97 0.999748
921100000 41717 -0.0340265 7001.11 0.999645
921200000 41717 0.321135 7001.05 0.999675
921300000 41717 -0.093457 7001.12 0.999614
921400000 41717 -0.0641786 7001.11 0.999614
921500000 41717 0.133183 7001.08 0.999654
921600000 41717 -0.0486015 7001.11 0.999614
921700000 41717 -0.18344 7001.13 0.999636
921800000 41717 -0.0245375 7001.11 0.999616
921900000 41717 -0.141104 7001.13 0.999628
922000000 41717 -0.137663 7001.12 0.999625
922100000 41717 0.478151 7001.02 0.999746
922200000 41717 -0.0766911 7001.11 0.999613
922300000 41717 0.0112247 7001.1 0.999636
922400000 41717 0.187457 7001.07 0.999658
922500000 41717 -0.0712677 7001.11 0.999614
922600000 41717 -0.0271815 7001.11 0.999644
922700000 41717 -0.0842454 7001.12 0.999616
922800000 41717 -0.0669223 7001.11 0.999614
922900000 41717 -0.0987045 7001.12 0.999612
923000000 41717 -0.157327 7001.13 0.999621
923100000 41717 -0.0424983 7001.11 0.999615
923200000 41717 -0.022789 7001.11 0.999616
923300000 41717 0.0493918 7001.09 0.999641
923400000 41717 0.752549 7000.98 0.99973
923500000 41717 -0.101221 7001.12 0.999613
923600000 41717 -0.102118 7001.12 0.999613
923700000 41717 -0.0694458 7001.11 0.999618
923800000 41717 2.23782 7000.73 0.999838
923900000 41717 0.471373 7001.02 0.999697
924000000 41717 0.239169 7001.06 0.999665
924100000 41717 -0.0107713 7001.1 0.999645
924200000 41717 -0.0755198 7001.11 0.999613
924300000 41717 -0.0540932 7001.11 0.999625
924400000 41717 -0.014577 7001.1 0.999616
924500000 41717 -0.0399568 7001.11 0.999614
924600000 41717 -0.0386352 7001.11 0.999615
924700000 41717 -0.127841 7001.12 0.999633
924800000 41717 -0.0185621 7001.1 0.999652
924900000 41717 0.778513 7000.97 0.999722
925000000 41717 -0.0236845 7001.11 0.999616
925100000 41717 0.00824171 7001.1 0.999636
925200000 41717 1.89604 7000.78 0.999811
925300000 41717 2.55549 7000.67 0.99986
925400000 41717 0.0332876 7001.1 0.999652
925500000 41717 -0.139225 7001.12 0.999631
925600000 41717 0.281911 7001.05 0.999671
925700000 41717 -0.0855485 7001.12 0.999614
925800000 41717 -0.0501576 7001.11 0.999615
925900000 41717 -0.125023 7001.12 0.999613
926000000 41717 -0.0580716 7001.11 0.999627
926100000 41717 -0.049213 7001.11 0.999614
926200000 41717 -0.143267 7001.13 0.999631
926300000 41717 -0.0181043 7001.1 0.999616
926400000 41717 1.29232 7000.88 0.999762
926500000 41717 -0.0212337 7001.11 0.999616
926600000 41717 -0.0613882 7001.11 0.99962
926700000 41717 -0.068114 7001.11 0.999615
926800000 41717 2.36432 7000.7 0.999879
926900000 41717 -0.100296 7001.12 0.999613
927000000 41717 -0.139048 7001.12 0.999612
927100000 41717 1.49091 7000.85 0.999805
927200000 41717 -0.143758 7001.13 0.999614
927300000 41717 -0.0462012 7001.11 0.999615
927400000 41717 -0.131366 7001.12 0.999613
927500000 41717 0.563957 7001.01 0.999699
927600000 41717 -0.0262235 7001.11 0.999615
927700000 41717 1.30677 7000.88 0.999773
927800000 41717 0.344707 7001.04 0.999713
927900000 41717 0.99245 7000.94 0.999776
928000000 41717 1.63968 7000.83 0.999791
928100000 41717 -0.0115871 7001.1 0.999617
928200000 41717 -0.0726305 7001.11 0.999612
928300000 41717 -0.0562813 7001.11 0.999614
928400000 41717 -0.0924298 7001.12 0.999614
928500000 41717 1.88001 7000.79 0.999809
928600000 41717 0.00726309 7001.1 0.999634
928700000 41717 2.9646 7000.6 0.999902
928800000 41717 0.0657542 7001.09 0.999666
928900000 41717 -0.0391165 7001.11 0.999615
929000000 41717 -0.114172 7001.12 0.999614
929100000 41717 -0.0792303 7001.11 0.999613
929200000 41717 -0.121879 7001.12 0.999612
929300000 41717 -0.140507 7001.13 0.999613
929400000 41717 -0.15783 7001.13 0.999626
929500000 41717 -0.109486 7001.12 0.999612
929600000 41717 -0.0818073 7001.12 0.999642
929700000 41717 -0.0401188 7001.11 0.999615
929800000 41717 -0.082587 7001.12 0.999614
929900000 41717 -0.122522 7001.12 0.999614
930000000 41717 0.298262 7001.05 0.999674
930100000 41717 -0.0456674 7001.11 0.999614
930200000 41717 -0.0893216 7001.12 0.999617
930300000 41717 0.0906235 7001.09 0.99965
930400000 41717 -0.0611624 7001.11 0.999615
930500000 41717 -0.0272706 7001.11 0.999616
930600000 41717 -0.0482263 7001.11 0.999638
930700000 41717 -0.0286786 7001.11 0.999615
930800000 41717 -0.0492002 7001.11 0.999617
930900000 41717 -0.119169 7001.12 0.999614
931000000 41717 0.728847 7000.98 0.999734
931100000 41717 -0.0843253 7001.12 0.999642
931200000 41717 0.142451 7001.08 0.999653
931300000 41717 0.467575 7001.02 0.99969
931400000 41717 0.0803089 7001.09 0.999676
931500000 41717 -0.0561284 7001.11 0.999613
931600000 41717 1.34777 7000.88 0.999767
931700000 41717 -0.0677842 7001.11 0.999614
931800000 41717 -0.044956 7001.11 0.999615
931900000 41717 -0.10519 7001.12 0.99962
932000000 41717 -0.0261105 7001.11 0.999616
932100000 41717 -0.0455836 7001.11 0.999615
932200000 41717 0.340235 7001.04 0.999688
932300000 41717 -0.0424492 7001.11 0.999615
932400000 41717 -0.186983 7001.13 0.999615
932500000 41717 -0.0315275 7001.11 0.999615
932600000 41717 -0.160719 7001.13 0.99962
932700000 41717 -0.0867538 7001.12 0.999613
932800000 41717 2.54415 7000.67 0.999939
932900000 41717 -0.0961731 7001.12 0.999624
933000000 41717 -0.100487 7001.12 0.999618
933100000 41717 -0.0850022 7001.12 0.999616
933200000 41717 -0.00777613 7001.1 0.999617
933300000 41717 0.108364 7001.08 0.999678
933400000 41717 0.0583685 7001.09 0.999642
933500000 41717 -0.163547 7001.13 0.999617
933600000 41717 -0.117382 7001.12 0.999616
933700000 41717 -0.0695502 7001.11 0.999627
933800000 41717 -0.115156 7001.12 0.999614
933900000 41717 0.218031 7001.07 0.999666
934000000 41717 -0.055652 7001.11 0.999638
934100000 41717 -0.099143 7001.12 0.999615
934200000 41717 -0.0644559 7001.11 0.999623
934300000 41717 -0.00610387 7001.1 0.999617
934400000 41717 -0.0250252 7001.11 0.999616
934500000 41717 0.555636 7001.01 0.999698
934600000 41717 -0.215572 7001.14 0.999616
934700000 41717 -0.0836513 7001.12 0.999614
934800000 41717 -0.0793755 7001.11 0.999617
934900000 41717 -0.0983286 7001.12 0.999615
935000000 41717 -0.031031 7001.11 0.999616
935100000 41717 -0.0109905 7001.1 0.999617
935200000 41717 -0.176608 7001.13 0.999616
935300000 41717 -0.133166 7001.12 0.999617
935400000 41717 -0.0510424 7001.11 0.999627
935500000 41717 0.120929 7001.08 0.999671
935600000 41717 0.188032 7001.07 0.999658
935700000 41717 -0.111805 7001.12 0.999611
935800000 41717 -0.173276 7001.13 0.999612
935900000 41717 0.847531 7000.96 0.999725
936000000 41717 -0.0699631 7001.11 0.999614
936100000 41717 0.0979549 7001.09 0.999685
936200000 41717 0.230118 7001.06 0.999693
936300000 41717 -0.0959677 7001.12 0.999625
936400000 41717 -0.11257 7001.12 0.999631
936500000 41717 -0.0891889 7001.12 0.999621
936600000 41717 -0.00515663 7001.1 0.999617
936700000 41717 2.54362 7000.67 0.999901
936800000 41717 -0.108454 7001.12 0.999616
936900000 41717 -0.0826213 7001.12 0.999622
937000000 41717 -0.0219763 7001.11 0.999616
937100000 41717 0.129538 7001.08 0.999653
937200000 41717 0.0883248 7001.09 0.99966
937300000 41717 0.0857499 7001.09 0.999655
937400000 41717 -0.0730479 7001.11 0.999629
937500000 41717 0.789147 7000.97 0.999719
937600000 41717 -0.149714 7001.13 0.999618
937700000 41717 -0.0740967 7001.11 0.999618
937800000 41717 0.852993 7000.96 0.999731
937900000 41717 1.82525 7000.8 0.999823
938000000 41717 -0.0597998 7001.11 0.999616
938100000 41717 1.10705 7000.92 0.999751
938200000 41717 -0.173446 7001.13 0.999624
938300000 41717 1.13487 7000.91 0.999757
938400000 41717 -0.0387347 7001.11 0.999627
938500000 41717 -0.137511 7001.12 0.999637
938600000 41717 -0.119045 7001.12 0.999623
938700000 41717 -0.106142 7001.12 0.999622
938800000 41717 -0.0683272 7001.11 0.999615
938900000 41717 0.328545 7001.05 0.999684
939000000 41717 -0.00136173 7001.1 0.999618
939100000 41717 -0.0121914 7001.1 0.999635
939200000 41717 -0.0356011 7001.11 0.999615
939300000 41717 -0.106534 7001.12 0.999627
939400000 41717 -0.03752 7001.11 0.999615
939500000 41717 -0.0818343 7001.12 0.999618
939600000 41717 -0.105792 7001.12 0.999613
939700000 41717 -0.104303 7001.12 0.999616
939800000 41717 0.440074 7001.03 0.999693
939900000 41717 -0.0363693 7001.11 0.999615
940000000 41717 -0.0235242 7001.11 0.999616
940100000 41717 4.4865 7000.35 0.999993
940200000 41717 0.0704432 7001.09 0.999649
940300000 41717 -0.0340809 7001.11 0.999615
940400000 41717 -0.173801 7001.13 0.99962
940500000 41717 -0.0375786 7001.11 0.999615
940600000 41717 -0.0509753 7001.11 0.999614
940700000 41717 -0.1489 7001.13 0.999611
940800000 41717 -0.0734442 7001.11 0.999628
940900000 41717 -0.0632384 7001.11 0.999615
941000000 41717 -0.0290498 7001.11 0.999616
941100000 41717 -0.0864043 7001.12 0.999613
941200000 41717 0.775546 7000.97 0.999742
941300000 41717 -0.15535 7001.13 0.999614
941400000 41717 0.644954 7000.99 0.999707
941500000 41717 -0.0962843 7001.12 0.999612
941600000 41717 0.0127513 7001.1 0.999647
941700000 41717 -0.0585793 7001.11 0.999617
941800000 41717 -0.0552504 7001.11 0.999615
941900000 41717 -0.0591172 7001.11 0.999614
942000000 41717 -0.14874 7001.13 0.999613
942100000 41717 -0.0359159 7001.11 0.999616
942200000 41717 -0.115283 7001.12 0.999612
942300000 41717 -0.110176 7001.12 0.999616
942400000 41717 0.032026 7001.1 0.999641
942500000 41717 2.22683 7000.73 0.99989
942600000 41717 -0.166045 7001.13 0.999625
942700000 41717 -0.163871 7001.13 0.999625
942800000 41717 -0.0924806 7001.12 0.999612
942900000 41717 -0.0617352 7001.11 0.999618
943000000 41717 -0.0010386 7001.1 0.999639
943100000 41717 -0.111125 7001.12 0.999615
943200000 41717 -0.0590401 7001.11 0.999614
943300000 41717 1.61107 7000.83 0.999863
943400000 41717 1.36134 7000.87 0.999768
943500000 41717 0.133852 7001.08 0.999654
943600000 41717 -0.0930928 7001.12 0.999615
943700000 41717 1.64481 7000.83 0.999811
943800000 41717 -0.122101 7001.12 0.999622
943900000 41717 0.436606 7001.03 0.999688
944000000 41717 -0.143066 7001.13 0.999628
944100000 41717 -0.10045 7001.12 0.999623
944200000 41717 -0.116222 7001.12 0.999619
944300000 41717 -0.180477 7001.13 0.999619
944400000 41717 -0.0613873 7001.11 0.999614
944500000 41717 -0.0107208 7001.1 0.999617
944600000 41717 -0.0701197 7001.11 0.999613
944700000 41717 -0.212119 7001.14 0.99962
944800000 41717 -0.0547481 7001.11 0.999615
944900000 41717 -0.0268293 7001.11 0.999615
945000000 41717 0.140604 7001.08 0.999664
945100000 41717 0.395802 7001.04 0.999681
945200000 41717 0.385324 7001.04 0.999685
945300000 41717 -0.0748772 7001.11 0.999613
945400000 41717 -0.111416 7001.12 0.999633
945500000 41717 -0.0114386 7001.1 0.999617
945600000 41717 -0.0320128 7001.11 0.999615
945700000 41717 -0.133739 7001.12 0.999612
945800000 41717 -0.267511 7001.15 0.99961
945900000 41717 -0.0556198 7001.11 0.999614
946000000 41717 -0.0276625 7001.11 0.999616
946100000 41717 -0.00903652 7001.1 0.99964
946200000 41717 -0.122446 7001.12 0.999613
946300000 41717 -0.0890885 7001.12 0.999612
946400000 41717 -0.166905 7001.13 0.999613
946500000 41717 3.93439 7000.44 0.999962
946600000 41717 0.0762051 7001.09 0.99966
946700000 41717 0.869084 7000.96 0.999726
946800000 41717 -0.0538558 7001.11 0.999616
946900000 41717 -0.0936792 7001.12 0.999616
947000000 41717 -0.146584 7001.13 0.99963
947100000 41717 -0.104203 7001.12 0.999611
947200000 41717 -0.141453 7001.13 0.999618
947300000 41717 -0.0906716 7001.12 0.999612
947400000 41717 0.548089 7001.01 0.999711
947500000 41717 -0.0198921 7001.1 0.999616
947600000 41717 2.13859 7000.74 0.999829
947700000 41717 -0.0744426 7001.11 0.999617
947800000 41717 -0.144785 7001.13 0.999612
947900000 41717 -0.0484114 7001.11 0.999623
948000000 41717 3.21337 7000.56 0.999907
948100000 41717 -0.0398697 7001.11 0.999615
948200000 41717 0.902905 7000.95 0.999734
948300000 41717 -0.101244 7001.12 0.999615
948400000 41717 -0.124429 7001.12 0.999622
948500000 41717 -0.0304643 7001.11 0.99963
948600000 41717 -0.0729546 7001.11 0.999614
948700000 41717 -0.12538 7001.12 0.999621
948800000 41717 0.786133 7000.97 0.999732
948900000 41717 2.59615 7000.67 0.999872
949000000 41717 -0.0477722 7001.11 0.999615
949100000 41717 -0.058966 7001.11 0.999614
949200000 41717 2.95794 7000.61 0.999891
949300000 41717 2.36875 7000.7 0.999853
949400000 41717 0.00327198 7001.1 0.999637
949500000 41717 -0.0511523 7001.11 0.99964
949600000 41717 -0.0644901 7001.11 0.999614
949700000 41717 0.256517 7001.06 0.999667
949800000 41717 -0.061184 7001.11 0.999624
949900000 41717 -0.0923825 7001.12 0.999614
950000000 41717 -0.172913 7001.13 0.999619
950100000 41717 -0.0663468 7001.11 0.999613
950200000 41717 -0.203943 7001.14 0.999623
950300000 41717 1.57895 7000.84 0.999802
950400000 41717 -0.0901684 7001.12 0.999629
950500000 41717 0.775714 7000.97 0.999717
950600000 41717 0.167694 7001.07 0.999659
950700000 41717 -0.178242 7001.13 0.999621
950800000 41717 -0.0702086 7001.11 0.999613
950900000 41717 -0.0627701 7001.11 0.999617
951000000 41717 -0.0927807 7001.12 0.999613
951100000 41717 0.187703 7001.07 0.999658
951200000 41717 -0.00090336 7001.1 0.999618
951300000 41717 0.442528 7001.03 0.999709
951400000 41717 -0.0428266 7001.11 0.999615
951500000 41717 0.293073 7001.05 0.999671
951600000 41717 -0.0937067 7001.12 0.999611
951700000 41717 -0.0668767 7001.11 0.999625
951800000 41717 0.0837642 7001.09 0.999654
951900000 41717 0.388416 7001.04 0.999684
952000000 41717 -0.0316003 7001.11 0.999615
952100000 41717 0.120602 7001.08 0.99965
952200000 41717 -0.022843 7001.11 0.999616
952300000 41717 0.0681216 7001.09 0.999676
952400000 41717 -0.0336913 7001.11 0.999615
952500000 41717 0.28073 7001.05 0.999668
952600000 41717 -0.0931193 7001.12 0.999615
952700000 41717 -0.0187305 7001.1 0.999616
952800000 41717 -0.111165 7001.12 0.99963
952900000 41717 -0.0238245 7001.11 0.999616
953000000 41717 -0.042176 7001.11 0.999644
953100000 41717 -0.0148797 7001.1 0.999617
953200000 41717 -0.0255809 7001.11 0.99965
953300000 41717 -0.0110485 7001.1 0.999617
953400000 41717 -0.0661442 7001.11 0.999638
953500000 41717 -0.094293 7001.12 0.999614
953600000 41717 1.08387 7000.92 0.999794
953700000 41717 -0.00478106 7001.1 0.999617
953800000 41717 2.50904 7000.68 0.999868
953900000 41717 -0.0540973 7001.11 0.99963
954000000 41717 -0.014655 7001.1 0.999666
954100000 41717 -0.0580045 7001.11 0.999613
954200000 41717 -0.0608093 7001.11 0.999637
954300000 41717 -0.0688979 7001.11 0.999613
954400000 41717 -0.0384598 7001.11 0.999615
954500000 41717 0.851996 7000.96 0.999732
954600000 41717 0.140076 7001.08 0.99967
954700000 41717 -0.0925424 7001.12 0.999617
954800000 41717 -0.0893505 7001.12 0.999614
954900000 41717 -0.0235959 7001.11 0.999616
955000000 41717 -0.0915908 7001.12 0.999612
955100000 41717 -0.00889518 7001.1 0.999617
955200000 41717 -0.103267 7001.12 0.999616
955300000 41717 -0.0109952 7001.1 0.999617
955400000 41717 -0.0815564 7001.12 0.999618
955500000 41717 0.0280384 7001.1 0.999637
955600000 41717 -0.0567036 7001.11 0.999621
955700000 41717 1.85983 7000.79 0.999813
955800000 41717 0.0288523 7001.1 0.999639
955900000 41717 0.0234607 7001.1 0.999646
956000000 41717 -0.144081 7001.13 0.999623
956100000 41717 -0.116895 7001.12 0.999613
956200000 41717 0.0244038 7001.1 0.999646
956300000 41717 -0.0672083 7001.11 0.999614
956400000 41717 -0.0691693 7001.11 0.999613
956500000 41717 -0.108032 7001.12 0.999611
956600000 41717 -0.111945 7001.12 0.999617
956700000 41717 -0.031519 7001.11 0.999639
956800000 41717 -0.035811 7001.11 0.999615
956900000 41717 -0.0287389 7001.11 0.999637
957000000 41717 -0.0430857 7001.11 0.999615
957100000 41717 -0.0689664 7001.11 0.999614
957200000 41717 -0.0560618 7001.11 0.999617
957300000 41717 1.20088 7000.9 0.999755
957400000 41717 0.180789 7001.07 0.999658
957500000 41717 -0.0802033 7001.12 0.999616
957600000 41717 -0.0263134 7001.11 0.999616
957700000 41717 -0.0334126 7001.11 0.999616
957800000 41717 -0.031822 7001.11 0.999648
957900000 41717 -0.0317892 7001.11 0.999615
958000000 41717 -0.0592372 7001.11 0.999616
958100000 41717 -0.0566122 7001.11 0.999617
958200000 41717 -0.0885564 7001.12 0.999615
958300000 41717 -0.120798 7001.12 0.999611
958400000 41717 -0.0119043 7001.1 0.999617
958500000 41717 -0.091397 7001.12 0.99964
958600000 41717 -0.133273 7001.12 0.999619
958700000 41717 -0.0447418 7001.11 0.999615
958800000 41717 0.146026 7001.08 0.99966
958900000 41717 -0.0666565 7001.11 0.999658
959000000 41717 0.64939 7000.99 0.999713
959100000 41717 -0.0506745 7001.11 0.999633
959200000 41717 0.123917 7001.08 0.999677
959300000 41717 -0.113532 7001.12 0.999616
959400000 41717 -0.132908 7001.12 0.999624
959500000 41717 -0.00203579 7001.1 0.999617
959600000 41717 -0.201114 7001.14 0.999618
959700000 41717 -0.184646 7001.13 0.99964
959800000 41717 -0.048152 7001.11 0.999614
959900000 41717 -0.0257132 7001.11 0.999616
960000000 41717 -0.202377 7001.14 0.99962
960100000 41717 -0.161589 7001.13 0.999615
960200000 41717 -0.127024 7001.12 0.999614
960300000 41717 -0.0243051 7001.11 0.999616
960400000 41717 -0.0190617 7001.1 0.999616
960500000 41717 -0.0522315 7001.11 0.999615
960600000 41717 -0.0416403 7001.11 0.999616
960700000 41717 -0.0394736 7001.11 0.999615
960800000 41717 -0.148813 7001.13 0.999611
960900000 41717 -0.0273882 7001.11 0.999616
961000000 41717 -0.223684 7001.14 0.999615
961100000 41717 -0.10314 7001.12 0.999627
961200000 41717 -0.111733 7001.12 0.999613
961300000 41717 -0.0752434 7001.11 0.999625
961400000 41717 -0.0962236 7001.12 0.999625
961500000 41717 -0.0611422 7001.11 0.999615
961600000 41717 -0.0280925 7001.11 0.999635
961700000 41717 -0.0991761 7001.12 0.999616
961800000 41717 -0.134722 7001.12 0.999612
961900000 41717 5.93618 7000.11 1.00016
962000000 41717 0.0259413 7001.1 0.999642
962100000 41717 -0.0979478 7001.12 0.999614
962200000 41717 -0.0611752 7001.11 0.999616
962300000 41717 -0.177376 7001.13 0.999619
962400000 41717 1.07452 7000.92 0.999753
962500000 41717 -0.094996 7001.12 0.999615
962600000 41717 -0.0621113 7001.11 0.999624
962700000 41717 -0.0718186 7001.11 0.999613
962800000 41717 -0.0426078 7001.11 0.999615
962900000 41717 -0.0623668 7001.11 0.999614
963000000 41717 -0.0214319 7001.11 0.999616
963100000 41717 -0.0809064 7001.12 0.999625
963200000 41717 0.64191 7000.99 0.999722
963300000 41717 -0.203419 7001.14 0.999634
963400000 41717 -0.0994793 7001.12 0.999614
963500000 41717 0.154763 7001.08 0.999658
963600000 41717 0.111505 7001.08 0.999668
963700000 41717 -0.0052123 7001.1 0.99965
963800000 41717 -0.168823 7001.13 0.999619
963900000 41717 -0.179727 7001.13 0.999628
964000000 41717 -0.195471 7001.13 0.999624
964100000 41717 -0.00807614 7001.1 0.999617
964200000 41717 -0.180571 7001.13 0.999613
964300000 41717 -0.0804376 7001.12 0.999621
964400000 41717 -0.148857 7001.13 0.999619
964500000 41717 0.137045 7001.08 0.999677
964600000 41717 -0.111909 7001.12 0.999614
964700000 41717 -0.0259805 7001.11 0.999615
964800000 41717 -0.0678526 7001.11 0.999615
964900000 41717 -0.0260412 7001.11 0.999631
965000000 41717 -0.0430013 7001.11 0.999615
965100000 41717 -0.115288 7001.12 0.999614
965200000 41717 -0.118151 7001.12 0.999616
965300000 41717 -0.0958384 7001.12 0.999616
965400000 41717 0.342094 7001.04 0.999678
965500000 41717 0.713283 7000.98 0.999713
965600000 41717 -0.198391 7001.13 0.999612
965700000 41717 -0.118102 7001.12 0.999619
965800000 41717 -0.1983 7001.13 0.999614
965900000 41717 1.74751 7000.81 0.999864
966000000 41717 -0.128016 7001.12 0.999614
966100000 41717 0.0191299 7001.1 0.999649
966200000 41717 -0.122975 7001.12 0.999623
966300000 41717 -0.0182921 7001.1 0.999636
966400000 41717 -0.0279876 7001.11 0.999616
966500000 41717 -0.157978 7001.13 0.999627
966600000 41717 -0.0939941 7001.12 0.999612
966700000 41717 -0.026237 7001.11 0.999616
966800000 41717 0.897196 7000.95 0.999732
966900000 41717 -0.246805 7001.14 0.999609
967000000 41717 0.274759 7001.06 0.999672
967100000 41717 0.411046 7001.03 0.999685
967200000 41717 -0.17211 7001.13 0.999629
967300000 41717 -0.132791 7001.12 0.999618
967400000 41717 0.331774 7001.05 0.999674
967500000 41717 -0.0514084 7001.11 0.999614
967600000 41717 6.28313 7000.05 1.00017
967700000 41717 -0.0697886 7001.11 0.999625
967800000 41717 -0.0814339 7001.12 0.999613
967900000 41717 -0.10261 7001.12 0.999613
968000000 41717 -0.0683866 7001.11 0.999622
968100000 41717 -0.046531 7001.11 0.999614
968200000 41717 0.0443925 7001.09 0.999644
968300000 41717 -0.189491 7001.13 0.999611
968400000 41717 0.00903519 7001.1 0.999637
968500000 41717 -0.151079 7001.13 0.999618
968600000 41717 1.35535 7000.87 0.999774
968700000 41717 -0.0829999 7001.12 0.999617
968800000 41717 1.3658 7000.87 0.999769
968900000 41717 -0.0762145 7001.11 0.999622
969000000 41717 -0.103168 7001.12 0.999623
969100000 41717 -0.0694256 7001.11 0.999617
969200000 41717 -0.0916976 7001.12 0.999616
969300000 41717 0.0337516 7001.1 0.999653
969400000 41717 -0.0613709 7001.11 0.999614
969500000 41717 -0.0938451 7001.12 0.999613
969600000 41717 -0.00444796 7001.1 0.999617
969700000 41717 -0.0943127 7001.12 0.999614
969800000 41717 -0.0962026 7001.12 0.999612
969900000 41717 -0.0216863 7001.11 0.999616
970000000 41717 0.0034017 7001.1 0.999634
970100000 41717 -0.108588 7001.12 0.999616
970200000 41717 -0.0774765 7001.11 0.999624
970300000 41717 -0.0019188 7001.1 0.999617
970400000 41717 2.51666 7000.68 0.999861
970500000 41717 -0.0630917 7001.11 0.999619
970600000 41717 -0.037238 7001.11 0.999615
970700000 41717 -0.138396 7001.12 0.999614
970800000 41717 0.13294 7001.08 0.999653
970900000 41717 -0.103082 7001.12 0.999613
971000000 41717 -0.178554 7001.13 0.999612
971100000 41717 -0.0431461 7001.11 0.999615
971200000 41717 0.420848 7001.03 0.999683
971300000 41717 -0.0230074 7001.11 0.999616
971400000 41717 -0.0350076 7001.11 0.999615
971500000 41717 -0.0171036 7001.1 0.999616
971600000 41717 -0.118359 7001.12 0.999637
971700000 41717 0.738431 7000.98 0.999728
971800000 41717 -0.0272615 7001.11 0.999615
971900000 41717 -0.11689 7001.12 0.999617
972000000 41717 0.32569 7001.05 0.999682
972100000 41717 -0.0640148 7001.11 0.999615
972200000 41717 0.669701 7000.99 0.999707
972300000 41717 -0.0300746 7001.11 0.999615
972400000 41717 -0.109317 7001.12 0.999614
972500000 41717 -0.0649123 7001.11 0.999622
972600000 41717 -0.109332 7001.12 0.999611
972700000 41717 -0.0905117 7001.12 0.999628
972800000 41717 0.195291 7001.07 0.999677
972900000 41717 -0.198953 7001.14 0.999613
973000000 41717 -0.100911 7001.12 0.999628
973100000 41717 0.516672 7001.01 0.999725
973200000 41717 2.49045 7000.68 0.999855
973300000 41717 -0.0995616 7001.12 0.999622
973400000 41717 -0.00534929 7001.1 0.999639
973500000 41717 -0.0358118 7001.11 0.999615
973600000 41717 -0.0690908 7001.11 0.999613
973700000 41717 -0.0582366 7001.11 0.999616
973800000 41717 -0.120437 7001.12 0.999611
973900000 41717 0.157405 7001.08 0.999684
974000000 41717 0.91017 7000.95 0.999765
974100000 41717 -0.0928388 7001.12 0.999616
974200000 41717 -0.11241 7001.12 0.999615
974300000 41717 0.111269 7001.08 0.999652
974400000 41717 -0.0697063 7001.11 0.999615
974500000 41717 -0.00146971 7001.1 0.999618
974600000 41717 0.549988 7001.01 0.999723
974700000 41717 -0.0389367 7001.11 0.999616
974800000 41717 -0.140913 7001.13 0.999616
974900000 41717 0.483456 7001.02 0.999698
975000000 41717 -0.0929411 7001.12 0.999612
975100000 41717 0.000440833 7001.1 0.999643
975200000 41717 -0.172144 7001.13 0.999613
975300000 41717 -0.0474948 7001.11 0.999625
975400000 41717 0.5581 7001.01 0.999697
975500000 41717 1.24565 7000.89 0.999805
975600000 41717 -0.0467453 7001.11 0.999615
975700000 41717 -0.156784 7001.13 0.999618
975800000 41717 0.224293 7001.06 0.999664
975900000 41717 -0.0770097 7001.11 0.999615
976000000 41717 -0.0661718 7001.11 0.999619
976100000 41717 -0.0871031 7001.12 0.999613
976200000 41717 -0.256974 7001.14 0.999618
976300000 41717 -0.0663413 7001.11 0.999636
976400000 41717 -0.1069 7001.12 0.999616
976500000 41717 0.0504226 7001.09 0.999657
976600000 41717 -0.158469 7001.13 0.999615
976700000 41717 0.17993 7001.07 0.999657
976800000 41717 -0.104145 7001.12 0.999612
976900000 41717 -0.0129673 7001.1 0.999616
977000000 41717 -0.0141416 7001.1 0.999616
977100000 41717 -0.0253532 7001.11 0.999615
977200000 41717 -0.0664921 7001.11 0.999619
977300000 41717 -0.0509817 7001.11 0.999614
977400000 41717 -0.121243 7001.12 0.999629
977500000 41717 1.43726 7000.86 0.999793
977600000 41717 -0.0321729 7001.11 0.999615
977700000 41717 -0.0470581 7001.11 0.999614
977800000 41717 -0.0176578 7001.1 0.999616
977900000 41717 -0.177472 7001.13 0.999619
978000000 41717 -0.0741404 7001.11 0.999619
978100000 41717 -0.131116 7001.12 0.99962
978200000 41717 0.545841 7001.01 0.999696
978300000 41717 2.42953 7000.69 0.999851
978400000 41717 -0.080135 7001.12 0.999613
978500000 41717 -0.0895529 7001.12 0.999619
978600000 41717 0.338669 7001.04 0.999678
978700000 41717 -0.0757429 7001.11 0.999615
978800000 41717 0.659717 7000.99 0.999756
978900000 41717 -0.153686 7001.13 0.999613
979000000 41717 2.0037 7000.77 0.999838
979100000 41717 -0.143425 7001.13 0.999622
979200000 41717 0.15602 7001.08 0.999661
979300000 41717 0.767735 7000.97 0.999746
979400000 41717 -0.0478464 7001.11 0.999615
979500000 41717 0.00176612 7001.1 0.999646
979600000 41717 -0.043611 7001.11 0.999615
979700000 41717 -0.140453 7001.13 0.999618
979800000 41717 -0.069031 7001.11 0.999628
979900000 41717 -0.115589 7001.12 0.999612
980000000 41717 1.47888 7000.85 0.999788
980100000 41717 -0.120266 7001.12 0.999615
980200000 41717 0.734774 7000.98 0.999743
980300000 41717 0.134103 7001.08 0.999661
980400000 41717 -0.121593 7001.12 0.999614
980500000 41717 -0.0845851 7001.12 0.999616
980600000 41717 -0.0472301 7001.11 0.999616
980700000 41717 0.0181351 7001.1 0.999658
980800000 41717 -0.131782 7001.12 0.999613
980900000 41717 2.15982 7000.74 0.999831
981000000 41717 -0.165868 7001.13 0.999613
981100000 41717 -0.221813 7001.14 0.999615
981200000 41717 -0.125198 7001.12 0.999613
981300000 41717 1.24245 7000.89 0.999778
981400000 41717 -0.0863172 7001.12 0.999614
981500000 41717 -0.050342 7001.11 0.999615
981600000 41717 -0.059117 7001.11 0.999642
981700000 41717 -0.0292544 7001.11 0.999615
981800000 41717 -0.160325 7001.13 0.999634
981900000 41717 -0.0643882 7001.11 0.999624
982000000 41717 -0.1197 7001.12 0.999613
982100000 41717 -0.069501 7001.11 0.999636
982200000 41717 -0.0920714 7001.12 0.999617
982300000 41717 -0.0516096 7001.11 0.999614
982400000 41717 -0.0594272 7001.11 0.999623
982500000 41717 0.131465 7001.08 0.999654
982600000 41717 2.45704 7000.69 0.999853
982700000 41717 -0.085507 7001.12 0.999616
982800000 41717 2.2522 7000.72 0.99986
982900000 41717 -0.0388815 7001.11 0.999615
983000000 41717 -0.0359861 7001.11 0.999634
983100000 41717 -0.0156949 7001.1 0.999616
983200000 41717 -0.243748 7001.14 0.999621
983300000 41717 -0.020878 7001.11 0.99965
983400000 41717 0.450804 7001.03 0.999687
983500000 41717 0.111947 7001.08 0.999651
983600000 41717 1.29898 7000.88 0.999796
983700000 41717 -0.060786 7001.11 0.999624
983800000 41717 -0.120658 7001.12 0.999612
983900000 41717 -0.0291228 7001.11 0.999629
984000000 41717 0.438604 7001.03 0.999685
984100000 41717 0.0483308 7001.09 0.999642
984200000 41717 -0.0427718 7001.11 0.999615
984300000 41717 -0.199326 7001.14 0.999613
984400000 41717 -0.0488278 7001.11 0.999614
984500000 41717 -0.150504 7001.13 0.999617
984600000 41717 0.338796 7001.04 0.999682
984700000 41717 -0.084372 7001.12 0.99962
984800000 41717 -0.106601 7001.12 0.999611
984900000 41717 -0.12775 7001.12 0.999625
985000000 41717 0.450068 7001.03 0.999703
985100000 41717 0.0551381 7001.09 0.999644
985200000 41717 -0.0480864 7001.11 0.999615
985300000 41717 0.225986 7001.06 0.999664
985400000 41717 -0.0279562 7001.11 0.999615
985500000 41717 0.30942 7001.05 0.999673
985600000 41717 0.00490932 7001.1 0.999656
985700000 41717 -0.0864327 7001.12 0.999613
985800000 41717 0.00331602 7001.1 0.999635
985900000 41717 0.31856 7001.05 0.999696
986000000 41717 0.667239 7000.99 0.999713
986100000 41717 -0.074189 7001.11 0.999622
986200000 41717 -0.0581759 7001.11 0.999614
986300000 41717 -0.0633253 7001.11 0.99962
986400000 41717 0.0976179 7001.09 0.999662
986500000 41717 3.56496 7000.5 0.999944
986600000 41717 -0.0110279 7001.1 0.999617
986700000 41717 0.487639 7001.02 0.999721
986800000 41717 -0.148198 7001.13 0.999615
986900000 41717 0.771158 7000.97 0.999717
987000000 41717 0.443894 7001.03 0.999686
987100000 41717 -0.0634722 7001.11 0.999618
987200000 41717 0.235893 7001.06 0.999665
987300000 41717 -0.0886931 7001.12 0.999613
987400000 41717 -0.0976373 7001.12 0.999613
987500000 41717 -0.0934413 7001.12 0.999613
987600000 41717 3.8187 7000.46 0.999987
987700000 41717 -0.181816 7001.13 0.999621
987800000 41717 -0.0473215 7001.11 0.999614
987900000 41717 0.0322735 7001.1 0.999642
988000000 41717 -0.0116596 7001.1 0.999617
988100000 41717 -0.0918358 7001.12 0.999624
988200000 41717 -0.0745697 7001.11 0.999617
988300000 41717 -0.08699 7001.12 0.999613
988400000 41717 -0.00935635 7001.1 0.999617
988500000 41717 -0.12385 7001.12 0.999612
988600000 41717 -0.0617101 7001.11 0.999614
988700000 41717 -0.0694249 7001.11 0.999613
988800000 41717 -0.0811744 7001.12 0.999613
988900000 41717 0.901781 7000.95 0.999736
989000000 41717 -0.0339315 7001.11 0.999615
989100000 41717 -0.0951969 7001.12 0.999647
989200000 41717 -0.0703821 7001.11 0.999613
989300000 41717 1.49027 7000.85 0.999814
989400000 41717 -0.0138005 7001.1 0.999637
989500000 41717 -0.116106 7001.12 0.999613
989600000 41717 -0.0723506 7001.11 0.999615
989700000 41717 0.128017 7001.08 0.999659
989800000 41717 -0.147106 7001.13 0.999614
989900000 41717 -0.0618061 7001.11 0.999614
990000000 41717 -0.116497 7001.12 0.99962
990100000 41717 1.37881 7000.87 0.999771
990200000 41717 0.524331 7001.01 0.999695
990300000 41717 -0.0855532 7001.12 0.99962
990400000 41717 -0.00533204 7001.1 0.999617
990500000 41717 -0.156608 7001.13 0.999617
990600000 41717 0.0282751 7001.1 0.999641
990700000 41717 -0.0832171 7001.12 0.999627
990800000 41717 -0.0798226 7001.12 0.99963
990900000 41717 -0.150406 7001.13 0.999616
991000000 41717 -0.0638748 7001.11 0.999614
991100000 41717 -0.00411451 7001.1 0.999617
991200000 41717 0.0247813 7001.1 0.999657
991300000 41717 -0.0748968 7001.11 0.999613
991400000 41717 -0.0447317 7001.11 0.999615
991500000 41717 -0.0702526 7001.11 0.999615
991600000 41717 -0.0502827 7001.11 0.999615
991700000 41717 -0.0142567 7001.1 0.999646
991800000 41717 -0.0547897 7001.11 0.999613
991900000 41717 -0.0851347 7001.12 0.999614
992000000 41717 -0.0610384 7001.11 0.999614
992100000 41717 -0.0795213 7001.11 0.99962
992200000 41717 -0.205677 7001.14 0.999643
992300000 41717 0.162485 7001.07 0.99968
992400000 41717 2.29898 7000.72 0.999882
992500000 41717 -0.00867709 7001.1 0.999617
992600000 41717 -0.11507 7001.12 0.999616
992700000 41717 0.10903 7001.08 0.999662
992800000 41717 -0.0221025 7001.11 0.999616
992900000 41717 1.69284 7000.82 0.999805
993000000 41717 -0.0816156 7001.12 0.999614
993100000 41717 -0.204775 7001.14 0.999623
993200000 41717 0.815043 7000.96 0.999722
993300000 41717 -0.0392411 7001.11 0.999616
993400000 41717 -0.0429027 7001.11 0.999615
993500000 41717 -0.135427 7001.12 0.999621
993600000 41717 -0.142999 7001.13 0.999616
993700000 41717 -0.0264756 7001.11 0.999616
993800000 41717 -0.179789 7001.13 0.999614
993900000 41717 -0.146071 7001.13 0.999611
994000000 41717 -0.0342519 7001.11 0.999615
994100000 41717 -0.0510454 7001.11 0.999616
994200000 41717 -0.0150174 7001.1 0.999632
994300000 41717 -0.0868332 7001.12 0.999612
994400000 41717 -0.0059842 7001.1 0.999639
994500000 41717 -0.0735678 7001.11 0.999616
994600000 41717 -0.170285 7001.13 0.999615
994700000 41717 -0.0627899 7001.11 0.999616
994800000 41717 -0.0767017 7001.11 0.999613
994900000 41717 3.15714 7000.57 0.999923
995000000 41717 -0.0786458 7001.11 0.999614
995100000 41717 0.100689 7001.08 0.999671
995200000 41717 -0.0620035 7001.11 0.999616
995300000 41717 -0.104596 7001.12 0.99963
995400000 41717 -0.111667 7001.12 0.999624
995500000 41717 0.865802 7000.96 0.999726
995600000 41717 -0.0395094 7001.11 0.999639
995700000 41717 0.0353355 7001.1 0.999639
995800000 41717 -0.0457398 7001.11 0.999614
995900000 41717 0.302641 7001.05 0.999689
996000000 41717 -0.0647436 7001.11 0.999614
996100000 41717 1.29674 7000.88 0.999768
996200000 41717 -0.173033 7001.13 0.999619
996300000 41717 0.205744 7001.07 0.999668
996400000 41717 0.15356 7001.08 0.999679
996500000 41717 -0.0252325 7001.11 0.999616
996600000 41717 -0.069989 7001.11 0.999613
996700000 41717 -0.0579229 7001.11 0.999627
996800000 41717 -0.0208533 7001.11 0.999616
996900000 41717 -0.0738127 7001.11 0.999616
997000000 41717 -0.101425 7001.12 0.999612
997100000 41717 -0.171395 7001.13 0.999615
997200000 41717 2.81195 7000.63 0.999924
997300000 41717 -0.137323 7001.12 0.999616
997400000 41717 -0.0802218 7001.12 0.999614
997500000 41717 3.02457 7000.59 0.999897
997600000 41717 0.0416123 7001.09 0.999662
997700000 41717 -0.0121856 7001.1 0.999617
997800000 41717 -0.0739505 7001.11 0.999613
997900000 41717 -0.0728703 7001.11 0.999633
998000000 41717 -0.126073 7001.12 0.999625
998100000 41717 -0.165131 7001.13 0.999632
998200000 41717 -0.104968 7001.12 0.999638
998300000 41717 2.25163 7000.72 0.999841
998400000 41717 -0.111124 7001.12 0.999617
998500000 41717 -0.163886 7001.13 0.999615
998600000 41717 -0.11291 7001.12 0.999624
998700000 41717 -0.0239763 7001.11 0.999635
998800000 41717 0.465857 7001.02 0.999697
998900000 41717 -0.0431143 7001.11 0.999615
999000000 41717 5.01155 7000.26 1.00003
999100000 41717 -0.11155 7001.12 0.999614
999200000 41717 -0.0323344 7001.11 0.999615
999300000 41717 0.0807953 7001.09 0.999667
999400000 41717 -0.00429087 7001.1 0.999617
999500000 41717 -0.181014 7001.13 0.999638
999600000 41717 -0.0551859 7001.11 0.999629
999700000 41717 -0.0708024 7001.11 0.999613
999800000 41717 -0.00375666 7001.1 0.999617
999900000 41717 0.149892 7001.08 0.99967
1000000000 41717 -0.0161445 7001.1 0.999616
1000100000 41717 -0.143819 7001.13 0.999613
1000200000 41717 -0.0540352 7001.11 0.999615
1000300000 41717 -0.00822309 7001.1 0.999617
1000400000 41717 1.97502 7000.77 0.999821
1000500000 41717 0.589036 7001 0.9997
1000600000 41717 -0.158032 7001.13 0.999621
1000700000 41717 1.1627 7000.91 0.999754
1000800000 41717 0.0653958 7001.09 0.999655
1000900000 41717 -0.0536684 7001.11 0.999614
1001000000 41717 -0.065056 7001.11 0.999614
1001100000 41717 -0.0837231 7001.12 0.999616
1001200000 41717 -0.0643834 7001.11 0.999625
1001300000 41717 0.136397 7001.08 0.999652
1001400000 41717 -0.0798753 7001.12 0.999613
1001500000 41717 -0.063024 7001.11 0.99962
1001600000 41717 -0.082679 7001.12 0.999616
1001700000 41717 -0.0499684 7001.11 0.999615
1001800000 41717 -0.133801 7001.12 0.999614
1001900000 41717 -0.00714842 7001.1 0.999617
1002000000 41717 -0.102988 7001.12 0.999612
1002100000 41717 0.0703672 7001.09 0.999664
1002200000 41717 -0.0632793 7001.11 0.999614
1002300000 41717 -0.08888 7001.12 0.999616
1002400000 41717 1.19801 7000.9 0.999755
1002500000 41717 -0.160497 7001.13 0.999616
1002600000 41717 -0.0104594 7001.1 0.999617
1002700000 41717 -0.134638 7001.12 0.999612
1002800000 41717 -0.020738 7001.11 0.999616
1002900000 41717 -0.0352794 7001.11 0.999615
1003000000 41717 -0.0655407 7001.11 0.999614
1003100000 41717 0.0309766 7001.1 0.99965
1003200000 41717 -0.0256741 7001.11 0.999615
1003300000 41717 0.193958 7001.07 0.99966
1003400000 41717 1.82586 7000.8 0.999805
1003500000 41717 -0.101139 7001.12 0.999621
1003600000 41717 -0.13237 7001.12 0.999612
1003700000 41717 -0.0693095 7001.11 0.999619
1003800000 41717 -0.0394454 7001.11 0.999615
1003900000 41717 -0.102577 7001.12 0.999614
1004000000 41717 1.2704 7000.89 0.999766
1004100000 41717 -0.0267494 7001.11 0.999616
1004200000 41717 -0.0131809 7001.1 0.999616
1004300000 41717 0.448312 7001.03 0.999695
1004400000 41717 0.0194759 7001.1 0.999636
1004500000 41717 0.379531 7001.04 0.999705
1004600000 41717 -0.0425439 7001.11 0.999615
1004700000 41717 -0.122438 7001.12 0.999614
1004800000 41717 -0.0425875 7001.11 0.999615
1004900000 41717 -0.0697318 7001.11 0.999626
1005000000 41717 -0.0523334 7001.11 0.999616
1005100000 41717 -0.014269 7001.1 0.999616
1005200000 41717 2.14293 7000.74 0.999863
1005300000 41717 1.18973 7000.9 0.999783
1005400000 41717 0.0416772 7001.09 0.999642
1005500000 41717 -0.0333538 7001.11 0.999634
1005600000 41717 -0.0577351 7001.11 0.999615
1005700000 41717 -0.102685 7001.12 0.999613
1005800000 41717 -0.066783 7001.11 0.999613
1005900000 41717 0.19216 7001.07 0.999676
1006000000 41717 -0.0559718 7001.11 0.999614
1006100000 41717 -0.0100961 7001.1 0.999617
1006200000 41717 -0.119519 7001.12 0.999615
1006300000 41717 0.825897 7000.96 0.999726
1006400000 41717 -0.15431 7001.13 0.999621
1006500000 41717 -0.0888391 7001.12 0.999622
1006600000 41717 0.13209 7001.08 0.999651
1006700000 41717 -0.131864 7001.12 0.999613
1006800000 41717 4.07579 7000.42 0.99997
1006900000 41717 0.268396 7001.06 0.999668
1007000000 41717 -0.163567 7001.13 0.999622
1007100000 41717 -0.0518631 7001.11 0.999616
1007200000 41717 0.46723 7001.02 0.999689
1007300000 41717 0.710886 7000.98 0.999712
1007400000 41717 -0.0546097 7001.11 0.999646
1007500000 41717 -0.0850095 7001.12 0.999613
1007600000 41717 0.50672 7001.02 0.999763
1007700000 41717 -0.0208708 7001.11 0.999616
1007800000 41717 -0.139507 7001.13 0.999629
1007900000 41717 -0.102871 7001.12 0.999614
1008000000 41717 0.262137 7001.06 0.99967
1008100000 41717 -0.0333589 7001.11 0.999616
1008200000 41717 -0.0910419 7001.12 0.999613
1008300000 41717 -0.0198126 7001.1 0.999616
1008400000 41717 -0.0808994 7001.12 0.999614
1008500000 41717 -0.0380925 7001.11 0.999615
1008600000 41717 0.242981 7001.06 0.999673
1008700000 41717 -0.144231 7001.13 0.999619
1008800000 41717 -0.104363 7001.12 0.99962
1008900000 41717 -0.0942463 7001.12 0.999611
1009000000 41717 -0.094754 7001.12 0.999615
1009100000 41717 -0.0951307 7001.12 0.999614
1009200000 41717 2.14116 7000.74 0.99991
1009300000 41717 -0.0345044 7001.11 0.999616
1009400000 41717 0.246223 7001.06 0.999666
1009500000 41717 -0.117067 7001.12 0.999611
1009600000 41717 -0.0580894 7001.11 0.999615
1009700000 41717 -0.23269 7001.14 0.999614
1009800000 41717 -0.0665896 7001.11 0.999615
1009900000 41717 -0.222167 7001.14 0.999624
1010000000 41717 1.04466 7000.93 0.999751
1010100000 41717 0.0833612 7001.09 0.999653
1010200000 41717 -0.0933032 7001.12 0.999613
1010300000 41717 -0.0499327 7001.11 0.999616
1010400000 41717 -0.136327 7001.12 0.999623
1010500000 41717 -0.0545727 7001.11 0.999614
1010600000 41717 -0.0953769 7001.12 0.999616
1010700000 41717 -0.05456 7001.11 0.99965
1010800000 41717 3.66633 7000.49 0.999941
1010900000 41717 0.456614 7001.02 0.999691
1011000000 41717 -0.0267424 7001.11 0.999615
1011100000 41717 -0.0824047 7001.12 0.99963
1011200000 41717 -0.0449883 7001.11 0.999624
1011300000 41717 -0.0707142 7001.11 0.999618
1011400000 41717 -0.0498473 7001.11 0.999632
1011500000 41717 -0.076795 7001.11 0.999612
1011600000 41717 1.1613 7000.91 0.999758
1011700000 41717 -0.0502792 7001.11 0.999614
1011800000 41717 -0.100314 7001.12 0.999611
1011900000 41717 -0.0688649 7001.11 0.999613
1012000000 41717 -0.0172751 7001.1 0.999616
1012100000 41717 -0.0980746 7001.12 0.999648
1012200000 41717 -0.0483217 7001.11 0.999616
1012300000 41717 -0.0686405 7001.11 0.999645
1012400000 41717 -0.0818952 7001.12 0.999639
1012500000 41717 -0.0994148 7001.12 0.999616
1012600000 41717 -0.0943516 7001.12 0.999634
1012700000 41717 1.83548 7000.79 0.999839
1012800000 41717 -0.021769 7001.11 0.999616
1012900000 41717 -0.020935 7001.11 0.999616
1013000000 41717 -0.158038 7001.13 0.999612
1013100000 41717 -0.166254 7001.13 0.999612
1013200000 41717 -0.0788428 7001.11 0.999613
1013300000 41717 -0.0601547 7001.11 0.999614
1013400000 41717 -0.0344802 7001.11 0.999615
1013500000 41717 -0.0848396 7001.12 0.999629
1013600000 41717 -0.0498335 7001.11 0.999625
1013700000 41717 -0.123828 7001.12 0.999614
1013800000 41717 -0.0517319 7001.11 0.999615
1013900000 41717 1.06719 7000.92 0.999746
1014000000 41717 2.44681 7000.69 0.999872
1014100000 41717 -0.10236 7001.12 0.999617
1014200000 41717 -0.0633976 7001.11 0.999614
1014300000 41717 -0.0741089 7001.11 0.999642
1014400000 41717 -0.0817206 7001.12 0.999614
1014500000 41717 -0.132029 7001.12 0.999614
1014600000 41717 -0.0822045 7001.12 0.999632
1014700000 41717 -0.0560672 7001.11 0.999614
1014800000 41717 -0.038418 7001.11 0.999615
1014900000 41717 -0.0355023 7001.11 0.999615
1015000000 41717 -0.0321136 7001.11 0.999615
1015100000 41717 0.343016 7001.04 0.999676
1015200000 41717 0.239175 7001.06 0.999664
1015300000 41717 -0.241812 7001.14 0.999619
1015400000 41717 0.191672 7001.07 0.999693
1015500000 41717 -0.0325555 7001.11 0.99963
1015600000 41717 2.02971 7000.76 0.999823
1015700000 41717 -0.150194 7001.13 0.999613
1015800000 41717 -0.050739 7001.11 0.999614
1015900000 41717 0.11778 7001.08 0.999653
1016000000 41717 -0.0660251 7001.11 0.999615
1016100000 41717 -0.144521 7001.13 0.999613
1016200000 41717 -0.121512 7001.12 0.999616
1016300000 41717 -0.0348035 7001.11 0.999616
1016400000 41717 2.02365 7000.76 0.999821
1016500000 41717 -0.066455 7001.11 0.999619
1016600000 41717 -0.161877 7001.13 0.999612
1016700000 41717 -0.0865323 7001.12 0.999616
1016800000 41717 0.666084 7000.99 0.999712
1016900000 41717 -0.0282986 7001.11 0.999616
1017000000 41717 -0.0915218 7001.12 0.999614
1017100000 41717 0.0868646 7001.09 0.99965
1017200000 41717 -0.0659178 7001.11 0.999615
1017300000 41717 -0.0901261 7001.12 0.999615
1017400000 41717 -0.116702 7001.12 0.999613
1017500000 41717 -0.000741898 7001.1 0.999653
1017600000 41717 -0.00942288 7001.1 0.999617
1017700000 41717 -0.13252 7001.12 0.999624
1017800000 41717 -0.0109799 7001.1 0.999647
1017900000 41717 -0.0989038 7001.12 0.999628
1018000000 41717 0.143413 7001.08 0.999653
1018100000 41717 1.18164 7000.9 0.999774
1018200000 41717 2.88338 7000.62 0.999949
1018300000 41717 -0.0686738 7001.11 0.999623
1018400000 41717 -0.0891328 7001.12 0.999627
1018500000 41717 1.51504 7000.85 0.999782
1018600000 41717 1.36691 7000.87 0.999769
1018700000 41717 -0.19752 7001.13 0.999616
1018800000 41717 -0.00461831 7001.1 0.999617
1018900000 41717 1.7156 7000.81 0.999834
1019000000 41717 0.313756 7001.05 0.999677
1019100000 41717 -0.139414 7001.13 0.999627
1019200000 41717 0.267379 7001.06 0.999689
1019300000 41717 0.0650415 7001.09 0.999656
1019400000 41717 -0.0620173 7001.11 0.999617
1019500000 41717 -0.154767 7001.13 0.999614
1019600000 41717 0.10229 7001.08 0.999648
1019700000 41717 0.0757682 7001.09 0.999657
1019800000 41717 -0.00862122 7001.1 0.999617
1019900000 41717 -0.00581505 7001.1 0.999641
1020000000 41717 0.0846874 7001.09 0.999649
1020100000 41717 -0.0253155 7001.11 0.999616
1020200000 41717 -0.0824114 7001.12 0.999641
1020300000 41717 1.777 7000.8 0.999804
1020400000 41717 0.998245 7000.93 0.999742
1020500000 41717 -0.0335412 7001.11 0.999615
1020600000 41717 -0.0371575 7001.11 0.999615
1020700000 41717 -0.166595 7001.13 0.999627
1020800000 41717 -0.149955 7001.13 0.999619
1020900000 41717 -0.0601171 7001.11 0.999617
1021000000 41717 -0.0729598 7001.11 0.999614
1021100000 41717 -0.0843171 7001.12 0.999613
1021200000 41717 -0.035273 7001.11 0.999616
1021300000 41717 -0.117709 7001.12 0.999623
1021400000 41717 -0.0612649 7001.11 0.999617
1021500000 41717 0.989064 7000.94 0.99974
1021600000 41717 -0.0227737 7001.11 0.999616
1021700000 41717 -0.123136 7001.12 0.999622
1021800000 41717 -0.0594632 7001.11 0.999613
1021900000 41717 -0.142264 7001.13 0.99962
1022000000 41717 0.0887617 7001.09 0.999664
1022100000 41717 0.0207345 7001.1 0.999638
1022200000 41717 -0.0328089 7001.11 0.999615
1022300000 41717 -0.131622 7001.12 0.999623
1022400000 41717 -0.050791 7001.11 0.999615
1022500000 41717 -0.0938684 7001.12 0.999614
1022600000 41717 0.298534 7001.05 0.999685
1022700000 41717 -0.0315474 7001.11 0.999615
1022800000 41717 -0.0984108 7001.12 0.999613
1022900000 41717 -0.0383114 7001.11 0.999635
1023000000 41717 -0.109754 7001.12 0.999625
1023100000 41717 -0.0673704 7001.11 0.999617
1023200000 41717 -0.00266221 7001.1 0.999617
1023300000 41717 -0.0875168 7001.12 0.99962
1023400000 41717 0.471087 7001.02 0.999689
1023500000 41717 0.0152609 7001.1 0.999639
1023600000 41717 -0.0557563 7001.11 0.999616
1023700000 41717 -0.0619145 7001.11 0.999619
1023800000 41717 -0.0885052 7001.12 0.999613
1023900000 41717 -0.0531166 7001.11 0.999615
1024000000 41717 0.0796103 7001.09 0.999647
1024100000 41717 -0.0619741 7001.11 0.99962
1024200000 41717 -0.0568623 7001.11 0.999614
1024300000 41717 -0.106145 7001.12 0.999614
1024400000 41717 -0.059664 7001.11 0.999622
1024500000 41717 -0.141549 7001.13 0.999617
1024600000 41717 -0.151338 7001.13 0.999629
1024700000 41717 -0.0960479 7001.12 0.999627
1024800000 41717 -0.0929117 7001.12 0.999613
1024900000 41717 -0.102995 7001.12 0.999613
1025000000 41717 0.186807 7001.07 0.999661
1025100000 41717 -0.0381671 7001.11 0.999615
1025200000 41717 -0.064402 7001.11 0.999616
1025300000 41717 -0.0934521 7001.12 0.999613
1025400000 41717 -0.0690459 7001.11 0.999622
1025500000 41717 -0.122268 7001.12 0.999614
1025600000 41717 3.6578 7000.49 0.999993
1025700000 41717 0.218967 7001.06 0.999672
1025800000 41717 -0.00142455 7001.1 0.999618
1025900000 41717 0.366345 7001.04 0.999678
1026000000 41717 -0.154577 7001.13 0.999616
1026100000 41717 -0.111796 7001.12 0.999611
1026200000 41717 -0.09168 7001.12 0.999615
1026300000 41717 -0.0695255 7001.11 0.999616
1026400000 41717 -0.104082 7001.12 0.999612
1026500000 41717 1.70834 7000.81 0.999814
1026600000 41717 -0.142284 7001.13 0.99964
1026700000 41717 -0.0766956 7001.11 0.999614
1026800000 41717 0.232765 7001.06 0.999665
1026900000 41717 -0.127667 7001.12 0.999622
1027000000 41717 -0.10874 7001.12 0.999643
1027100000 41717 -0.047143 7001.11 0.999614
1027200000 41717 0.00132687 7001.1 0.999635
1027300000 41717 0.493008 7001.02 0.999694
1027400000 41717 -0.0335841 7001.11 0.999615
1027500000 41717 -0.126822 7001.12 0.999619
1027600000 41717 -0.143049 7001.13 0.999618
1027700000 41717 6.20736 7000.06 1.0001
1027800000 41717 -0.0125535 7001.1 0.999617
1027900000 41717 -0.0716586 7001.11 0.999631
1028000000 41717 -0.196408 7001.13 0.999614
1028100000 41717 0.412707 7001.03 0.999686
1028200000 41717 -0.0255633 7001.11 0.999616
1028300000 41717 -0.126956 7001.12 0.999616
1028400000 41717 0.618295 7001 0.999718
1028500000 41717 -0.162316 7001.13 0.999613
1028600000 41717 -0.0209748 7001.11 0.999616
1028700000 41717 1.74839 7000.81 0.999817
1028800000 41717 -0.0633431 7001.11 0.999615
1028900000 41717 -0.0466568 7001.11 0.999615
1029000000 41717 -0.187308 7001.13 0.999639
1029100000 41717 0.610905 7001 0.99973
1029200000 41717 0.344087 7001.04 0.999695
1029300000 41717 -0.0855617 7001.12 0.99963
1029400000 41717 -0.148802 7001.13 0.999632
1029500000 41717 -0.00837483 7001.1 0.999617
1029600000 41717 -0.0374114 7001.11 0.999615
1029700000 41717 0.766283 7000.97 0.99973
1029800000 41717 0.282372 7001.05 0.999677
1029900000 41717 -0.0234712 7001.11 0.999616
1030000000 41717 -0.114566 7001.12 0.999613
1030100000 41717 0.53206 7001.01 0.999721
1030200000 41717 -0.111786 7001.12 0.999633
1030300000 41717 0.07059 7001.09 0.999643
1030400000 41717 1.05011 7000.93 0.999747
1030500000 41717 -0.157704 7001.13 0.999611
1030600000 41717 -0.0411071 7001.11 0.999615
1030700000 41717 -0.10675 7001.12 0.999612
1030800000 41717 -0.025337 7001.11 0.999616
1030900000 41717 -0.304463 7001.15 0.999636
1031000000 41717 -0.215589 7001.14 0.999614
1031100000 41717 -0.00668939 7001.1 0.999617
1031200000 41717 0.613251 7001 0.999706
1031300000 41717 -0.0981841 7001.12 0.999622
1031400000 41717 -0.0790546 7001.11 0.99962
1031500000 41717 -0.0629978 7001.11 0.999618
1031600000 41717 -0.233649 7001.14 0.99962
1031700000 41717 -0.1198 7001.12 0.999628
1031800000 41717 0.443109 7001.03 0.999692
1031900000 41717 -0.0843953 7001.12 0.999613
1032000000 41717 -0.0105749 7001.1 0.999617
1032100000 41717 -0.107888 7001.12 0.999632
1032200000 41717 -0.130148 7001.12 0.999611
1032300000 41717 -0.0432033 7001.11 0.999626
1032400000 41717 1.96128 7000.77 0.999845
1032500000 41717 -0.045684 7001.11 0.999616
1032600000 41717 -0.176394 7001.13 0.99962
1032700000 41717 -0.0491093 7001.11 0.999614
1032800000 41717 -0.0717753 7001.11 0.999614
1032900000 41717 -0.0809888 7001.12 0.999615
1033000000 41717 -0.0308704 7001.11 0.999615
1033100000 41717 0.640938 7000.99 0.999718
1033200000 41717 -0.036828 7001.11 0.999629
1033300000 41717 -0.0782319 7001.11 0.999615
1033400000 41717 -0.0406081 7001.11 0.999615
1033500000 41717 -0.0370602 7001.11 0.999615
1033600000 41717 -0.166828 7001.13 0.999623
1033700000 41717 0.354177 7001.04 0.999677
1033800000 41717 1.2405 7000.89 0.999788
1033900000 41717 -0.0458636 7001.11 0.999614
1034000000 41717 0.0897366 7001.09 0.999648
1034100000 41717 -0.0151922 7001.1 0.999616
1034200000 41717 -0.0819799 7001.12 0.999618
1034300000 41717 0.343818 7001.04 0.999695
1034400000 41717 0.472095 7001.02 0.999715
1034500000 41717 -0.0273563 7001.11 0.999631
1034600000 41717 0.0137644 7001.1 0.99965
1034700000 41717 0.654029 7000.99 0.999719
1034800000 41717 0.966994 7000.94 0.999734
1034900000 41717 0.0844628 7001.09 0.999645
1035000000 41717 -0.129263 7001.12 0.999619
1035100000 41717 -0.121358 7001.12 0.999612
1035200000 41717 -0.191948 7001.13 0.999611
1035300000 41717 -0.011402 7001.1 0.999617
1035400000 41717 -0.0546225 7001.11 0.999629
1035500000 41717 -0.120062 7001.12 0.999613
1035600000 41717 -0.0818344 7001.12 0.999624
1035700000 41717 -0.0667513 7001.11 0.999615
1035800000 41717 -0.0429669 7001.11 0.999614
1035900000 41717 -0.124011 7001.12 0.999613
1036000000 41717 -0.00297905 7001.1 0.999617
1036100000 41717 -0.0565668 7001.11 0.999615
1036200000 41717 -0.0461183 7001.11 0.999614
1036300000 41717 -0.155397 7001.13 0.999614
1036400000 41717 -0.0869056 7001.12 0.999615
1036500000 41717 -0.125231 7001.12 0.999617
1036600000 41717 0.28129 7001.05 0.99967
1036700000 41717 -0.0333307 7001.11 0.999615
1036800000 41717 -0.0594115 7001.11 0.999614
1036900000 41717 -0.130707 7001.12 0.999618
1037000000 41717 1.12925 7000.91 0.999749
1037100000 41717 -0.0940052 7001.12 0.999616
1037200000 41717 -0.129966 7001.12 0.999615
1037300000 41717 2.75903 7000.64 0.999875
1037400000 41717 0.0045493 7001.1 0.999642
1037500000 41717 0.00113629 7001.1 0.999651
1037600000 41717 -0.193545 7001.13 0.999619
1037700000 41717 -0.00555644 7001.1 0.999617
1037800000 41717 -0.0256721 7001.11 0.999615
1037900000 41717 3.31807 7000.54 0.999914
1038000000 41717 -0.240428 7001.14 0.999612
1038100000 41717 -0.122998 7001.12 0.999614
1038200000 41717 0.240037 7001.06 0.999665
1038300000 41717 -0.0704562 7001.11 0.999612
1038400000 41717 -0.0605121 7001.11 0.99963
1038500000 41717 -0.0928632 7001.12 0.999629
1038600000 41717 -0.0851395 7001.12 0.999622
1038700000 41717 -0.0586843 7001.11 0.999617
1038800000 41717 0.17657 7001.07 0.999673
1038900000 41717 -0.0870964 7001.12 0.999614
1039000000 41717 -0.0959109 7001.12 0.999631
1039100000 41717 -0.153092 7001.13 0.999611
1039200000 41717 -0.108751 7001.12 0.999612
1039300000 41717 -0.0576179 7001.11 0.999614
1039400000 41717 -0.0608886 7001.11 0.999627
1039500000 41717 0.756042 7000.97 0.999733
1039600000 41717 -0.0897106 7001.12 0.999618
1039700000 41717 -0.0259022 7001.11 0.999615
1039800000 41717 -0.0666988 7001.11 0.999614
1039900000 41717 -0.086895 7001.12 0.999621
1040000000 41717 -0.048601 7001.11 0.999615
1040100000 41717 -0.101569 7001.12 0.999618
1040200000 41717 -0.0923001 7001.12 0.999612
1040300000 41717 -0.0395266 7001.11 0.999615
1040400000 41717 -0.0987697 7001.12 0.999623
1040500000 41717 0.0729014 7001.09 0.999651
1040600000 41717 -0.0702314 7001.11 0.999634
1040700000 41717 -0.0507479 7001.11 0.999614
1040800000 41717 -0.0442881 7001.11 0.999615
1040900000 41717 -0.0407764 7001.11 0.999616
1041000000 41717 -0.266583 7001.15 0.999632
1041100000 41717 -0.0638102 7001.11 0.999613
1041200000 41717 -0.0558573 7001.11 0.999614
1041300000 41717 0.553464 7001.01 0.999715
1041400000 41717 -0.0284024 7001.11 0.999615
1041500000 41717 7.07641 6999.91 1.00016
1041600000 41717 1.2771 7000.89 0.999762
1041700000 41717 1.23867 7000.89 0.999768
1041800000 41717 -0.0599814 7001.11 0.999614
1041900000 41717 -0.0407238 7001.11 0.999615
1042000000 41717 1.98253 7000.77 0.999852
1042100000 41717 -0.0805922 7001.12 0.99963
1042200000 41717 -0.0720604 7001.11 0.999621
1042300000 41717 0.0163067 7001.1 0.999636
1042400000 41717 -0.0793882 7001.11 0.999615
1042500000 41717 2.07151 7000.75 0.999838
1042600000 41717 -0.0261881 7001.11 0.999616
1042700000 41717 -0.0334464 7001.11 0.999616
1042800000 41717 -0.00309951 7001.1 0.999617
1042900000 41717 0.484395 7001.02 0.999691
1043000000 41717 0.0779156 7001.09 0.999654
1043100000 41717 -0.242793 7001.14 0.999617
1043200000 41717 -0.0202532 7001.11 0.999616
1043300000 41717 0.226883 7001.06 0.999667
1043400000 41717 0.613791 7001 0.99972
1043500000 41717 -0.0953798 7001.12 0.999618
1043600000 41717 -0.0276279 7001.11 0.999616
1043700000 41717 -0.0668856 7001.11 0.999614
1043800000 41717 -0.0874507 7001.12 0.999613
1043900000 41717 0.134667 7001.08 0.999652
1044000000 41717 1.57609 7000.84 0.999787
1044100000 41717 -0.09382 7001.12 0.999612
1044200000 41717 -0.0427783 7001.11 0.999615
1044300000 41717 0.847529 7000.96 0.999746
1044400000 41717 -0.125758 7001.12 0.999621
1044500000 41717 0.339881 7001.04 0.999683
1044600000 41717 -0.0649651 7001.11 0.999615
1044700000 41717 1.19485 7000.9 0.999758
1044800000 41717 0.956086 7000.94 0.999734
1044900000 41717 -0.0750906 7001.11 0.999614
1045000000 41717 1.05917 7000.92 0.999784
1045100000 41717 -0.0467952 7001.11 0.999616
1045200000 41717 -0.00866639 7001.1 0.999617
1045300000 41717 -0.15214 7001.13 0.999611
1045400000 41717 -0.0107895 7001.1 0.999617
1045500000 41717 -0.023771 7001.11 0.999616
1045600000 41717 0.0368678 7001.1 0.999654
1045700000 41717 -0.0492322 7001.11 0.999615
1045800000 41717 -0.102728 7001.12 0.999613
1045900000 41717 -0.0466255 7001.11 0.999615
1046000000 41717 -0.0815675 7001.12 0.999614
1046100000 41717 -0.145818 7001.13 0.999612
1046200000 41717 -0.0649357 7001.11 0.999617
1046300000 41717 -0.0283152 7001.11 0.999616
1046400000 41717 -0.0760337 7001.11 0.999613
1046500000 41717 0.0784126 7001.09 0.999683
1046600000 41717 -0.0302745 7001.11 0.999616
1046700000 41717 2.71648 7000.65 0.999872
1046800000 41717 -0.0816673 7001.12 0.999613
1046900000 41717 -0.0307408 7001.11 0.999615
1047000000 41717 -0.0514351 7001.11 0.999614
1047100000 41717 -0.0884915 7001.12 0.999621
1047200000 41717 -0.0525658 7001.11 0.999615
1047300000 41717 -0.100578 7001.12 0.999625
1047400000 41717 -0.105573 7001.12 0.999615
1047500000 41717 -0.124939 7001.12 0.999614
1047600000 41717 0.085148 7001.09 0.999656
1047700000 41717 -0.0649575 7001.11 0.999621
1047800000 41717 0.192364 7001.07 0.999669
1047900000 41717 -0.0681307 7001.11 0.999633
1048000000 41717 -0.0237415 7001.11 0.99963
1048100000 41717 -0.0420292 7001.11 0.999615
1048200000 41717 -0.0117395 7001.1 0.999617
1048300000 41717 -0.121488 7001.12 0.999616
1048400000 41717 0.502958 7001.02 0.999702
1048500000 41717 0.318334 7001.05 0.999678
1048600000 41717 -0.0657537 7001.11 0.999626
1048700000 41717 -0.0526364 7001.11 0.999617
1048800000 41717 -0.0803973 7001.12 0.999621
1048900000 41717 1.43922 7000.86 0.999807
1049000000 41717 0.206652 7001.07 0.99968
1049100000 41717 -0.0325537 7001.11 0.999615
1049200000 41717 -0.0908385 7001.12 0.999626
1049300000 41717 0.0431183 7001.09 0.99964
1049400000 41717 0.0829524 7001.09 0.999658
1049500000 41717 -0.0566847 7001.11 0.99963
1049600000 41717 1.59422 7000.83 0.999803
1049700000 41717 -0.0754589 7001.11 0.999628
1049800000 41717 -0.0752843 7001.11 0.999632
1049900000 41717 -0.0702986 7001.11 0.999625
1050000000 41717 0.298624 7001.05 0.999683
1050100000 41717 -0.147657 7001.13 0.999614
1050200000 41717 0.106697 7001.08 0.999651
1050300000 41717 -0.0572541 7001.11 0.999634
1050400000 41717 -0.0274169 7001.11 0.999616
1050500000 41717 -0.0934918 7001.12 0.99962
1050600000 41717 0.328732 7001.05 0.999704
1050700000 41717 -0.0471635 7001.11 0.999615
1050800000 41717 1.01826 7000.93 0.999741
1050900000 41717 -0.123786 7001.12 0.999619
1051000000 41717 0.108522 7001.08 0.999649
1051100000 41717 -0.080128 7001.12 0.999614
1051200000 41717 0.0210557 7001.1 0.99965
1051300000 41717 1.00472 7000.93 0.999765
1051400000 41717 -0.0726417 7001.11 0.999614
1051500000 41717 -0.0355773 7001.11 0.999615
1051600000 41717 0.572886 7001.01 0.999746
1051700000 41717 -0.0803681 7001.12 0.99964
1051800000 41717 -0.101023 7001.12 0.999613
1051900000 41717 -0.00855225 7001.1 0.999617
1052000000 41717 -0.0707234 7001.11 0.999625
1052100000 41717 -0.128212 7001.12 0.999626
1052200000 41717 -0.0854261 7001.12 0.999616
1052300000 41717 -0.0395531 7001.11 0.999615
1052400000 41717 -0.127137 7001.12 0.999612
1052500000 41717 -0.0476259 7001.11 0.999614
1052600000 41717 -0.0169579 7001.1 0.999616
1052700000 41717 1.77897 7000.8 0.99981
1052800000 41717 -0.194217 7001.13 0.999622
1052900000 41717 -0.134237 7001.12 0.999614
1053000000 41717 -0.0496373 7001.11 0.999615
1053100000 41717 -0.0554849 7001.11 0.999617
1053200000 41717 0.928176 7000.95 0.999734
1053300000 41717 -0.0596228 7001.11 0.999614
1053400000 41717 -0.116928 7001.12 0.999615
1053500000 41717 -0.0148727 7001.1 0.999617
1053600000 41717 -0.0464616 7001.11 0.999615
1053700000 41717 -0.0492148 7001.11 0.999615
1053800000 41717 -0.0875732 7001.12 0.999612
1053900000 41717 0.643977 7000.99 0.999725
1054000000 41717 -0.0667097 7001.11 0.999642
1054100000 41717 0.160082 7001.07 0.999662
1054200000 41717 -0.0773086 7001.11 0.999636
1054300000 41717 1.20272 7000.9 0.999787
1054400000 41717 -0.049038 7001.11 0.999614
1054500000 41717 -0.0423616 7001.11 0.999615
1054600000 41717 -0.0808943 7001.12 0.99962
1054700000 41717 0.106598 7001.08 0.999648
1054800000 41717 0.115127 7001.08 0.999661
1054900000 41717 -0.0530663 7001.11 0.999615
1055000000 41717 -0.0352812 7001.11 0.999615
1055100000 41717 -0.0254118 7001.11 0.999616
1055200000 41717 0.0259118 7001.1 0.999661
1055300000 41717 -0.0302357 7001.11 0.999615
1055400000 41717 3.32958 7000.54 0.999917
1055500000 41717 -0.12664 7001.12 0.999611
1055600000 41717 3.47624 7000.52 0.999931
1055700000 41717 -0.138482 7001.12 0.999616
1055800000 41717 0.197638 7001.07 0.99966
1055900000 41717 -0.117348 7001.12 0.999611
1056000000 41717 0.228968 7001.06 0.999663
1056100000 41717 1.50489 7000.85 0.999782
1056200000 41717 -0.0942533 7001.12 0.999618
1056300000 41717 -0.0121375 7001.1 0.999633
1056400000 41717 0.813483 7000.97 0.999729
1056500000 41717 -0.179248 7001.13 0.999619
1056600000 41717 -0.143803 7001.13 0.999619
1056700000 41717 -0.0207588 7001.11 0.999616
1056800000 41717 -0.0345701 7001.11 0.999615
1056900000 41717 -0.102818 7001.12 0.999618
1057000000 41717 -0.00707104 7001.1 0.999645
1057100000 41717 8.42434 6999.69 1.0003
1057200000 41717 -0.0303918 7001.11 0.999615
1057300000 41717 -0.0474997 7001.11 0.999616
1057400000 41717 -0.0387154 7001.11 0.999615
1057500000 41717 -0.108437 7001.12 0.999617
1057600000 41717 -0.0430973 7001.11 0.999635
1057700000 41717 0.251335 7001.06 0.999665
1057800000 41717 -0.139544 7001.13 0.999612
1057900000 41717 0.175688 7001.07 0.999688
1058000000 41717 -0.0370228 7001.11 0.999615
1058100000 41717 1.28734 7000.89 0.999788
1058200000 41717 -0.0664366 7001.11 0.999619
1058300000 41717 -0.0484375 7001.11 0.999615
1058400000 41717 -0.0818789 7001.12 0.999614
1058500000 41717 -0.170879 7001.13 0.999614
1058600000 41717 0.148711 7001.08 0.999655
1058700000 41717 -0.0134369 7001.1 0.999646
1058800000 41717 0.375573 7001.04 0.999682
1058900000 41717 -0.0326871 7001.11 0.999615
1059000000 41717 -0.212201 7001.14 0.999612
1059100000 41717 0.789061 7000.97 0.999764
1059200000 41717 -0.075198 7001.11 0.999649
1059300000 41717 1.22843 7000.9 0.999757
1059400000 41717 -0.00687055 7001.1 0.999617
1059500000 41717 -0.0449689 7001.11 0.999615
1059600000 41717 -0.0705062 7001.11 0.999613
1059700000 41717 -0.128638 7001.12 0.999613
1059800000 41717 -0.0683125 7001.11 0.999613
1059900000 41717 -0.119041 7001.12 0.999612
1060000000 41717 0.279061 7001.05 0.999683
1060100000 41717 0.0863521 7001.09 0.99967
1060200000 41717 -0.070834 7001.11 0.999619
1060300000 41717 -0.170044 7001.13 0.99962
1060400000 41717 -0.060271 7001.11 0.999615
1060500000 41717 -0.0694171 7001.11 0.999619
1060600000 41717 0.687325 7000.99 0.999733
1060700000 41717 -0.134445 7001.12 0.99961
1060800000 41717 -0.0621723 7001.11 0.999614
1060900000 41717 0.047791 7001.09 0.999645
1061000000 41717 4.00325 7000.43 1.00002
1061100000 41717 -0.021207 7001.11 0.999616
1061200000 41717 -0.196608 7001.13 0.999614
1061300000 41717 -0.0672795 7001.11 0.999614
1061400000 41717 -0.0525267 7001.11 0.999631
1061500000 41717 0.260153 7001.06 0.999667
1061600000 41717 -0.105666 7001.12 0.999615
1061700000 41717 -0.0947658 7001.12 0.999617
1061800000 41717 -0.0864379 7001.12 0.999615
1061900000 41717 0.434742 7001.03 0.999692
1062000000 41717 -0.20056 7001.14 0.999619
1062100000 41717 0.300388 7001.05 0.999684
1062200000 41717 0.110063 7001.08 0.999658
1062300000 41717 -0.11824 7001.12 0.999626
1062400000 41717 -0.0515443 7001.11 0.999614
1062500000 41717 0.630164 7001 0.999733
1062600000 41717 -0.0218013 7001.11 0.999644
1062700000 41717 -0.0371705 7001.11 0.999615
1062800000 41717 0.770274 7000.97 0.999728
1062900000 41717 -0.0253082 7001.11 0.999616
1063000000 41717 -0.118396 7001.12 0.999623
1063100000 41717 -0.102551 7001.12 0.999614
1063200000 41717 1.1787 7000.9 0.999786
1063300000 41717 -0.0524639 7001.11 0.999616
1063400000 41717 -0.26696 7001.15 0.999618
1063500000 41717 -0.151682 7001.13 0.999615
1063600000 41717 1.20971 7000.9 0.999785
1063700000 41717 -0.0260749 7001.11 0.999615
1063800000 41717 -0.147455 7001.13 0.999613
1063900000 41717 -0.0103145 7001.1 0.999617
1064000000 41717 0.554664 7001.01 0.999697
1064100000 41717 -0.0670131 7001.11 0.999613
1064200000 41717 -0.0709041 7001.11 0.999614
1064300000 41717 0.693331 7000.99 0.99971
1064400000 41717 -0.0945562 7001.12 0.999614
1064500000 41717 -0.204822 7001.14 0.999614
1064600000 41717 -0.0733949 7001.11 0.999613
1064700000 41717 -0.0204724 7001.11 0.999616
1064800000 41717 -0.0868269 7001.12 0.999613
1064900000 41717 -0.130149 7001.12 0.999618
1065000000 41717 -0.119461 7001.12 0.999612
1065100000 41717 -0.146479 7001.13 0.999616
1065200000 41717 1.12208 7000.91 0.99975
1065300000 41717 -0.0369012 7001.11 0.999615
1065400000 41717 0.352226 7001.04 0.999711
1065500000 41717 -0.0546952 7001.11 0.999614
1065600000 41717 1.33341 7000.88 0.99977
1065700000 41717 -0.106033 7001.12 0.999624
1065800000 41717 -0.191811 7001.13 0.999619
1065900000 41717 0.325924 7001.05 0.999683
1066000000 41717 -0.0510097 7001.11 0.999615
1066100000 41717 -0.123038 7001.12 0.999613
1066200000 41717 -0.0544688 7001.11 0.999614
1066300000 41717 -0.192171 7001.13 0.999617
1066400000 41717 -0.07379 7001.11 0.999619
1066500000 41717 1.36479 7000.87 0.999808
1066600000 41717 -0.118048 7001.12 0.999613
1066700000 41717 1.44273 7000.86 0.999792
1066800000 41717 -0.0695416 7001.11 0.999614
1066900000 41717 -0.0919846 7001.12 0.999614
1067000000 41717 -0.0632296 7001.11 0.999614
1067100000 41717 1.67047 7000.82 0.999802
1067200000 41717 -0.0375223 7001.11 0.999615
1067300000 41717 -0.0780245 7001.11 0.999613
1067400000 41717 0.690088 7000.99 0.999709
1067500000 41717 -0.0659787 7001.11 0.999614
1067600000 41717 -0.0530572 7001.11 0.999614
1067700000 41717 -0.00960457 7001.1 0.999617
1067800000 41717 -0.065069 7001.11 0.999615
1067900000 41717 0.0935574 7001.09 0.999651
1068000000 41717 -0.0296898 7001.11 0.999616
1068100000 41717 -0.0542525 7001.11 0.999614
1068200000 41717 1.45765 7000.86 0.999776
1068300000 41717 -0.0441096 7001.11 0.999615
1068400000 41717 -0.00776637 7001.1 0.999617
1068500000 41717 0.209877 7001.07 0.999661
1068600000 41717 0.0987069 7001.09 0.999654
1068700000 41717 0.389393 7001.04 0.999694
1068800000 41717 -0.0672685 7001.11 0.999621
1068900000 41717 -0.154682 7001.13 0.999615
1069000000 41717 -0.0447044 7001.11 0.999631
1069100000 41717 0.260064 7001.06 0.999685
1069200000 41717 0.266216 7001.06 0.999667
1069300000 41717 0.284472 7001.05 0.999669
1069400000 41717 -0.0938306 7001.12 0.999622
1069500000 41717 -0.00582263 7001.1 0.999635
1069600000 41717 -0.0297586 7001.11 0.999615
1069700000 41717 -0.0561907 7001.11 0.999632
1069800000 41717 0.245018 7001.06 0.999665
1069900000 41717 -0.0398617 7001.11 0.99963
1070000000 41717 -0.113343 7001.12 0.999614
1070100000 41717 -0.057277 7001.11 0.999613
1070200000 41717 0.211207 7001.07 0.999683
1070300000 41717 -0.087659 7001.12 0.999624
1070400000 41717 0.921351 7000.95 0.999731
1070500000 41717 -0.0577571 7001.11 0.999616
1070600000 41717 -0.124314 7001.12 0.999616
1070700000 41717 -0.0845651 7001.12 0.999614
1070800000 41717 -0.0873703 7001.12 0.999618
1070900000 41717 -0.0854299 7001.12 0.999613
1071000000 41717 -0.0814205 7001.12 0.999631
1071100000 41717 -0.100384 7001.12 0.999612
1071200000 41717 -0.0343891 7001.11 0.999615
1071300000 41717 -0.119641 7001.12 0.99962
1071400000 41717 -0.121501 7001.12 0.999623
1071500000 41717 -0.0733381 7001.11 0.999614
1071600000 41717 -0.0704246 7001.11 0.999619
1071700000 41717 -0.0728995 7001.11 0.999635
1071800000 41717 -0.0551787 7001.11 0.999616
1071900000 41717 -0.0593513 7001.11 0.999621
1072000000 41717 -0.141104 7001.13 0.999615
1072100000 41717 -0.130371 7001.12 0.999615
1072200000 41717 0.0467214 7001.09 0.999646
1072300000 41717 -0.090733 7001.12 0.999613
1072400000 41717 0.231053 7001.06 0.999676
1072500000 41717 0.0293789 7001.1 0.99964
1072600000 41717 0.082875 7001.09 0.999656
1072700000 41717 -0.12221 7001.12 0.99961
1072800000 41717 -0.125813 7001.12 0.999615
1072900000 41717 8.9145 6999.61 1.00026
1073000000 41717 1.15563 7000.91 0.999751
1073100000 41717 -0.0684953 7001.11 0.999614
1073200000 41717 0.288191 7001.05 0.999722
1073300000 41717 0.977514 7000.94 0.999759
1073400000 41717 -0.105495 7001.12 0.999614
1073500000 41717 -0.0468716 7001.11 0.999614
1073600000 41717 -0.0713767 7001.11 0.999614
1073700000 41717 1.22441 7000.9 0.99981
1073800000 41717 -0.0928954 7001.12 0.999613
1073900000 41717 -0.0110262 7001.1 0.999617
1074000000 41717 -0.0811831 7001.12 0.999624
1074100000 41717 0.189569 7001.07 0.999677
1074200000 41717 -0.0681863 7001.11 0.999615
1074300000 41717 0.817922 7000.96 0.999734
1074400000 41717 -0.237908 7001.14 0.999615
1074500000 41717 -0.070244 7001.11 0.999621
1074600000 41717 -0.00822255 7001.1 0.999617
1074700000 41717 -0.0951282 7001.12 0.999619
1074800000 41717 -0.0740564 7001.11 0.999619
1074900000 41717 0.0494866 7001.09 0.999655
1075000000 41717 0.539983 7001.01 0.999718
1075100000 41717 0.611667 7001 0.999705
1075200000 41717 0.0769295 7001.09 0.999659
1075300000 41717 -0.114598 7001.12 0.999615
1075400000 41717 -0.0258437 7001.11 0.999616
1075500000 41717 -0.0881569 7001.12 0.999614
1075600000 41717 -0.236739 7001.14 0.999623
1075700000 41717 -0.0588397 7001.11 0.999614
1075800000 41717 0.713433 7000.98 0.999735
1075900000 41717 -0.0730448 7001.11 0.999613
1076000000 41717 -0.0294109 7001.11 0.999616
1076100000 41717 -0.0144016 7001.1 0.999617
1076200000 41717 -0.0152204 7001.1 0.999616
1076300000 41717 -0.212383 7001.14 0.999637
1076400000 41717 -0.0237889 7001.11 0.999616
1076500000 41717 0.0244566 7001.1 0.99965
1076600000 41717 -0.113079 7001.12 0.999649
1076700000 41717 -0.060957 7001.11 0.999614
1076800000 41717 -0.0734604 7001.11 0.999613
1076900000 41717 -0.0650045 7001.11 0.999616
1077000000 41717 0.631864 7001 0.999719
1077100000 41717 -0.102232 7001.12 0.999634
1077200000 41717 -0.107495 7001.12 0.999624
1077300000 41717 -0.0283389 7001.11 0.999615
1077400000 41717 0.498299 7001.02 0.999695
1077500000 41717 0.0691334 7001.09 0.999645
1077600000 41717 -0.0858155 7001.12 0.999618
1077700000 41717 -0.0859245 7001.12 0.999611
1077800000 41717 -0.0812267 7001.12 0.999614
1077900000 41717 -0.00745778 7001.1 0.999617
1078000000 41717 -0.0811511 7001.12 0.999615
1078100000 41717 -0.0538858 7001.11 0.999614
1078200000 41717 -0.0683689 7001.11 0.999614
1078300000 41717 0.645527 7000.99 0.999724
1078400000 41717 -0.0595676 7001.11 0.999614
1078500000 41717 0.360773 7001.04 0.999705
1078600000 41717 1.7403 7000.81 0.9998
1078700000 41717 0.609337 7001 0.999727
1078800000 41717 0.00546811 7001.1 0.999651
1078900000 41717 0.63067 7001 0.999711
1079000000 41717 -0.0409488 7001.11 0.999638
1079100000 41717 0.456078 7001.03 0.999744
1079200000 41717 0.0832518 7001.09 0.999649
1079300000 41717 0.0917615 7001.09 0.999647
1079400000 41717 -0.0108402 7001.1 0.999631
1079500000 41717 -0.144039 7001.13 0.999624
1079600000 41717 -0.0465785 7001.11 0.999615
1079700000 41717 2.19238 7000.73 0.999835
1079800000 41717 0.194009 7001.07 0.999659
1079900000 41717 -0.0705884 7001.11 0.999615
1080000000 41717 -0.11198 7001.12 0.999615
1080100000 41717 -0.0734681 7001.11 0.999614
1080200000 41717 -0.100203 7001.12 0.999647
1080300000 41717 -0.143686 7001.13 0.999611
1080400000 41717 0.25911 7001.06 0.999667
1080500000 41717 -0.0860103 7001.12 0.999624
1080600000 41717 0.141253 7001.08 0.999675
1080700000 41717 -0.00980775 7001.1 0.999617
1080800000 41717 -0.111973 7001.12 0.999616
1080900000 41717 -0.067417 7001.11 0.99962
1081000000 41717 1.10885 7000.92 0.999766
1081100000 41717 -0.0297233 7001.11 0.999646
1081200000 41717 -0.0127148 7001.1 0.999633
1081300000 41717 0.0146905 7001.1 0.999659
1081400000 41717 -0.0671943 7001.11 0.999626
1081500000 41717 -0.0735553 7001.11 0.999626
1081600000 41717 -0.207873 7001.14 0.999611
1081700000 41717 -0.0650949 7001.11 0.999613
1081800000 41717 -0.112422 7001.12 0.999615
1081900000 41717 -0.0702607 7001.11 0.999614
1082000000 41717 0.109948 7001.08 0.999666
1082100000 41717 0.187065 7001.07 0.999677
1082200000 41717 -0.0185426 7001.1 0.999616
1082300000 41717 -0.0331665 7001.11 0.999631
1082400000 41717 -0.0657675 7001.11 0.999618
1082500000 41717 -0.111773 7001.12 0.999615
1082600000 41717 0.287336 7001.05 0.999669
1082700000 41717 -0.11756 7001.12 0.999633
1082800000 41717 -0.111465 7001.12 0.999614
1082900000 41717 -0.151159 7001.13 0.999622
1083000000 41717 -0.14788 7001.13 0.999624
1083100000 41717 3.73539 7000.47 1
1083200000 41717 -0.0411952 7001.11 0.999615
1083300000 41717 -0.091792 7001.12 0.999612
1083400000 41717 -0.0178046 7001.1 0.999616
1083500000 41717 0.0377587 7001.1 0.999659
1083600000 41717 0.13193 7001.08 0.999652
1083700000 41717 1.8072 7000.8 0.999804
1083800000 41717 0.323831 7001.05 0.999689
1083900000 41717 1.44373 7000.86 0.999807
1084000000 41717 2.66643 7000.65 0.999868
1084100000 41717 -0.0247096 7001.11 0.999616
1084200000 41717 1.75703 7000.81 0.999802
1084300000 41717 -0.0828401 7001.12 0.999622
1084400000 41717 -0.128611 7001.12 0.999615
1084500000 41717 -0.13197 7001.12 0.999615
1084600000 41717 -0.160902 7001.13 0.999614
1084700000 41717 -0.0656805 7001.11 0.999615
1084800000 41717 -0.126242 7001.12 0.999626
1084900000 41717 0.00162436 7001.1 0.999637
1085000000 41717 0.0276914 7001.1 0.999642
1085100000 41717 -0.124229 7001.12 0.999629
1085200000 41717 -0.0437768 7001.11 0.999615
1085300000 41717 -0.110284 7001.12 0.999612
1085400000 41717 -0.0549409 7001.11 0.999615
1085500000 41717 0.0049591 7001.1 0.99964
1085600000 41717 1.26595 7000.89 0.999776
1085700000 41717 -0.0832804 7001.12 0.999613
1085800000 41717 -0.143274 7001.13 0.999624
1085900000 41717 0.271191 7001.06 0.999668
1086000000 41717 -0.025254 7001.11 0.999616
1086100000 41717 -0.109788 7001.12 0.999612
1086200000 41717 -0.0361271 7001.11 0.999633
1086300000 41717 -0.0891515 7001.12 0.999614
1086400000 41717 -0.0452211 7001.11 0.999616
1086500000 41717 -0.0134972 7001.1 0.999639
1086600000 41717 4.67325 7000.32 1
1086700000 41717 -0.0819393 7001.12 0.999612
1086800000 41717 0.13274 7001.08 0.999661
1086900000 41717 -0.0674041 7001.11 0.999627
1087000000 41717 0.436519 7001.03 0.999722
1087100000 41717 0.26024 7001.06 0.999687
1087200000 41717 -0.0165937 7001.1 0.999643
1087300000 41717 -0.0505316 7001.11 0.999614
1087400000 41717 -0.0327385 7001.11 0.999616
1087500000 41717 -0.0372491 7001.11 0.999616
1087600000 41717 0.947051 7000.94 0.99974
1087700000 41717 -0.140564 7001.13 0.999612
1087800000 41717 -0.0407837 7001.11 0.999616
1087900000 41717 -0.0853296 7001.12 0.999621
1088000000 41717 -0.095696 7001.12 0.999621
1088100000 41717 -0.236078 7001.14 0.999617
1088200000 41717 -0.0453349 7001.11 0.999629
1088300000 41717 -0.0816717 7001.12 0.99963
1088400000 41717 -0.0252755 7001.11 0.999616
1088500000 41717 1.91571 7000.78 0.999814
1088600000 41717 -0.130766 7001.12 0.99961
1088700000 41717 -0.0610085 7001.11 0.999622
1088800000 41717 1.60581 7000.83 0.999828
1088900000 41717 -0.0168699 7001.1 0.999641
1089000000 41717 2.4333 7000.69 0.999859
1089100000 41717 0.833774 7000.96 0.999729
1089200000 41717 -0.0442554 7001.11 0.999615
1089300000 41717 -0.0283732 7001.11 0.999632
1089400000 41717 2.05675 7000.76 0.999823
1089500000 41717 3.91681 7000.44 0.999962
1089600000 41717 -0.166476 7001.13 0.999615
1089700000 41717 3.35409 7000.54 0.999925
1089800000 41717 -0.0799723 7001.12 0.999615
1089900000 41717 -0.109686 7001.12 0.999614
1090000000 41717 -0.0665862 7001.11 0.999617
1090100000 41717 -0.221598 7001.14 0.999625
1090200000 41717 -0.0217023 7001.11 0.999616
1090300000 41717 -0.067684 7001.11 0.99963
1090400000 41717 -0.186935 7001.13 0.999613
1090500000 41717 -0.0564071 7001.11 0.999614
1090600000 41717 -0.0693656 7001.11 0.999613
1090700000 41717 -0.0634824 7001.11 0.999614
1090800000 41717 -0.0962966 7001.12 0.999629
1090900000 41717 -0.190468 7001.13 0.999612
1091000000 41717 -0.122741 7001.12 0.999622
1091100000 41717 0.0770259 7001.09 0.999675
1091200000 41717 -0.158573 7001.13 0.999641
1091300000 41717 -0.0222033 7001.11 0.999616
1091400000 41717 0.982585 7000.94 0.99976
1091500000 41717 0.444384 7001.03 0.999687
1091600000 41717 -0.0542535 7001.11 0.999615
1091700000 41717 -0.0755195 7001.11 0.999614
1091800000 41717 3.95416 7000.44 0.999973
1091900000 41717 3.10745 7000.58 0.999917
1092000000 41717 -0.100143 7001.12 0.999617
1092100000 41717 -0.0598606 7001.11 0.999615
1092200000 41717 -0.133327 7001.12 0.999616
1092300000 41717 -0.142537 7001.13 0.999616
1092400000 41717 -0.182705 7001.13 0.99961
1092500000 41717 -0.107415 7001.12 0.999612
1092600000 41717 1.69815 7000.82 0.999822
1092700000 41717 -0.156961 7001.13 0.999612
1092800000 41717 0.540501 7001.01 0.999695
1092900000 41717 -0.00887888 7001.1 0.999617
1093000000 41717 -0.0794418 7001.11 0.999616
1093100000 41717 -0.10382 7001.12 0.999619
1093200000 41717 -0.0247204 7001.11 0.999616
1093300000 41717 0.743831 7000.98 0.999755
1093400000 41717 1.66588 7000.82 0.99983
1093500000 41717 -0.0554364 7001.11 0.999624
1093600000 41717 0.521237 7001.01 0.999706
1093700000 41717 -0.0380604 7001.11 0.999615
1093800000 41717 3.58362 7000.5 0.999934
1093900000 41717 -0.0289387 7001.11 0.999616
1094000000 41717 -0.0753593 7001.11 0.999613
1094100000 41717 -0.00565636 7001.1 0.999617
1094200000 41717 0.207412 7001.07 0.999661
1094300000 41717 -0.0396419 7001.11 0.999614
1094400000 41717 1.86151 7000.79 0.999809
1094500000 41717 -0.0329288 7001.11 0.999615
1094600000 41717 -0.0295676 7001.11 0.999615
1094700000 41717 -0.076639 7001.11 0.999613
1094800000 41717 -0.0105911 7001.1 0.999617
1094900000 41717 0.619736 7001 0.999726
1095000000 41717 -0.0225532 7001.11 0.999616
1095100000 41717 -0.0410312 7001.11 0.999615
1095200000 41717 0.603523 7001 0.999732
1095300000 41717 -0.162594 7001.13 0.999624
1095400000 41717 0.67599 7000.99 0.999718
1095500000 41717 -0.127933 7001.12 0.999612
1095600000 41717 -0.0964668 7001.12 0.999614
1095700000 41717 -0.0422233 7001.11 0.999614
1095800000 41717 -0.0588111 7001.11 0.999616
1095900000 41717 0.125915 7001.08 0.999654
1096000000 41717 0.501344 7001.02 0.999711
1096100000 41717 12.7439 6998.96 1.0006
1096200000 41717 0.146688 7001.08 0.999654
1096300000 41717 -0.164087 7001.13 0.999621
1096400000 41717 -0.0603498 7001.11 0.999614
1096500000 41717 -0.00721735 7001.1 0.999617
1096600000 41717 -0.0458882 7001.11 0.999615
1096700000 41717 -0.112725 7001.12 0.999612
1096800000 41717 -0.133109 7001.12 0.999612
1096900000 41717 0.000570511 7001.1 0.999659
1097000000 41717 -0.0865077 7001.12 0.999615
1097100000 41717 -0.0139214 7001.1 0.999617
1097200000 41717 0.0729724 7001.09 0.999661
1097300000 41717 0.00417159 7001.1 0.999639
1097400000 41717 0.947711 7000.94 0.999753
1097500000 41717 2.43259 7000.69 0.999878
1097600000 41717 -0.0418326 7001.11 0.999614
1097700000 41717 0.697598 7000.98 0.999749
1097800000 41717 -0.0999069 7001.12 0.999656
1097900000 41717 -0.0166389 7001.1 0.999616
1098000000 41717 -0.0641156 7001.11 0.999613
1098100000 41717 -0.00219268 7001.1 0.999637
1098200000 41717 1.13209 7000.91 0.999752
1098300000 41717 -0.00568428 7001.1 0.999617
1098400000 41717 -0.0490126 7001.11 0.999614
1098500000 41717 -0.0634481 7001.11 0.999614
1098600000 41717 -0.0557379 7001.11 0.999614
1098700000 41717 -0.101337 7001.12 0.99964
1098800000 41717 2.81835 7000.63 0.999886
1098900000 41717 0.0742807 7001.09 0.999652
1099000000 41717 0.00374912 7001.1 0.999634
1099100000 41717 -0.0858055 7001.12 0.999615
1099200000 41717 11.7992 6999.12 1.00041
1099300000 41717 -0.0822827 7001.12 0.999614
1099400000 41717 0.225358 7001.06 0.999669
1099500000 41717 -0.0758017 7001.11 0.999613
1099600000 41717 -0.0613151 7001.11 0.999614
1099700000 41717 -0.0217966 7001.11 0.999616
1099800000 41717 -0.0957699 7001.12 0.999621
1099900000 41717 1.32566 7000.88 0.999776
1100000000 41717 -0.0544545 7001.11 0.999614
1100100000 41717 -0.0959115 7001.12 0.999615
1100200000 41717 -0.100545 7001.12 0.999613
1100300000 41717 -0.0434616 7001.11 0.999615
1100400000 41717 0.00296777 7001.1 0.999638
1100500000 41717 3.0258 7000.59 0.999894
1100600000 41717 -0.000219281 7001.1 0.999641
1100700000 41717 -0.127089 7001.12 0.999625
1100800000 41717 0.0792694 7001.09 0.999645
1100900000 41717 0.212782 7001.07 0.999661
1101000000 41717 -0.0430942 7001.11 0.999615
1101100000 41717 0.513921 7001.02 0.999694
1101200000 41717 -0.110558 7001.12 0.999619
1101300000 41717 -0.0651145 7001.11 0.999614
1101400000 41717 -0.0860544 7001.12 0.999613
1101500000 41717 -0.105238 7001.12 0.999621
1101600000 41717 -0.089855 7001.12 0.999613
1101700000 41717 -0.0147586 7001.1 0.999616
1101800000 41717 -0.0221741 7001.11 0.999616
1101900000 41717 0.221943 7001.06 0.999677
1102000000 41717 2.52389 7000.68 0.999864
1102100000 41717 -0.0419775 7001.11 0.999614
1102200000 41717 -0.0423362 7001.11 0.999615
1102300000 41717 0.0481521 7001.09 0.999641
1102400000 41717 -0.130557 7001.12 0.999626
1102500000 41717 -0.0180712 7001.1 0.999616
1102600000 41717 -0.0689371 7001.11 0.999614
1102700000 41717 -0.0305838 7001.11 0.999635
1102800000 41717 -0.0938839 7001.12 0.999614
1102900000 41717 -0.150931 7001.13 0.999624
1103000000 41717 -0.074582 7001.11 0.999613
1103100000 41717 -0.11307 7001.12 0.999611
1103200000 41717 -0.0970458 7001.12 0.999616
1103300000 41717 0.342438 7001.04 0.999685
1103400000 41717 0.0817102 7001.09 0.99966
1103500000 41717 0.978829 7000.94 0.999757
1103600000 41717 -0.0184025 7001.1 0.999616
1103700000 41717 -0.0506983 7001.11 0.999615
1103800000 41717 -0.0728915 7001.11 0.99964
1103900000 41717 0.320921 7001.05 0.999685
1104000000 41717 -0.072719 7001.11 0.999616
1104100000 41717 -0.0346319 7001.11 0.999632
1104200000 41717 -0.0626296 7001.11 0.999628
1104300000 41717 -0.164703 7001.13 0.999619
1104400000 41717 -0.0647084 7001.11 0.999615
1104500000 41717 -0.0637246 7001.11 0.999615
1104600000 41717 0.12419 7001.08 0.999652
1104700000 41717 -0.0999118 7001.12 0.999614
1104800000 41717 -0.101516 7001.12 0.999612
1104900000 41717 1.22607 7000.9 0.999759
1105000000 41717 -0.109656 7001.12 0.999612
1105100000 41717 0.00038568 7001.1 0.999642
1105200000 41717 -0.0113463 7001.1 0.999617
1105300000 41717 0.212933 7001.07 0.99967
1105400000 41717 -0.105028 7001.12 0.999611
1105500000 41717 -0.0460274 7001.11 0.999614
1105600000 41717 -0.0808814 7001.12 0.999612
1105700000 41717 -0.0210861 7001.11 0.99963
1105800000 41717 -0.106786 7001.12 0.999611
1105900000 41717 -0.0357162 7001.11 0.999615
1106000000 41717 0.491777 7001.02 0.999696
1106100000 41717 0.535924 7001.01 0.999695
1106200000 41717 -0.144474 7001.13 0.999628
1106300000 41717 -0.109195 7001.12 0.999632
1106400000 41717 -0.122346 7001.12 0.99962
1106500000 41717 -0.106295 7001.12 0.999611
1106600000 41717 -0.0987004 7001.12 0.999621
1106700000 41717 -0.139485 7001.13 0.999612
1106800000 41717 -0.0567247 7001.11 0.999615
1106900000 41717 -0.00765374 7001.1 0.999617
1107000000 41717 -0.0585803 7001.11 0.999615
1107100000 41717 -0.121896 7001.12 0.999612
1107200000 41717 -0.164028 7001.13 0.999614
1107300000 41717 -0.100877 7001.12 0.999613
1107400000 41717 0.0730203 7001.09 0.999663
1107500000 41717 -0.083943 7001.12 0.999615
1107600000 41717 2.02134 7000.76 0.999834
1107700000 41717 -0.0204111 7001.11 0.999616
1107800000 41717 0.00799841 7001.1 0.999635
1107900000 41717 0.39858 7001.03 0.999684
1108000000 41717 0.082431 7001.09 0.999648
1108100000 41717 0.142147 7001.08 0.999666
1108200000 41717 6.34955 7000.04 1.0002
1108300000 41717 -0.0934647 7001.12 0.999624
1108400000 41717 -0.0415338 7001.11 0.999615
1108500000 41717 -0.0621833 7001.11 0.999618
1108600000 41717 0.00898468 7001.1 0.999651
1108700000 41717 -0.104558 7001.12 0.999629
1108800000 41717 -0.0887784 7001.12 0.999613
1108900000 41717 1.01038 7000.93 0.99975
1109000000 41717 -0.0593594 7001.11 0.999614
1109100000 41717 -0.0757877 7001.11 0.999616
1109200000 41717 -0.100034 7001.12 0.999613
1109300000 41717 -0.114206 7001.12 0.999616
1109400000 41717 -0.110141 7001.12 0.999611
1109500000 41717 -0.0703078 7001.11 0.999619
1109600000 41717 -0.118777 7001.12 0.999624
1109700000 41717 -0.0505988 7001.11 0.999614
1109800000 41717 -0.0280368 7001.11 0.999615
1109900000 41717 -0.0437169 7001.11 0.999615
1110000000 41717 -0.188429 7001.13 0.999607
1110100000 41717 2.29904 7000.72 0.999854
1110200000 41717 -0.0381342 7001.11 0.999615
1110300000 41717 -0.0515013 7001.11 0.999615
1110400000 41717 -0.118661 7001.12 0.999612
1110500000 41717 -0.042827 7001.11 0.999625
1110600000 41717 -0.148916 7001.13 0.999612
1110700000 41717 0.318622 7001.05 0.999677
1110800000 41717 -0.0456516 7001.11 0.999615
1110900000 41717 -0.148889 7001.13 0.999611
1111000000 41717 -0.0906279 7001.12 0.999616
1111100000 41717 -0.201992 7001.14 0.99963
1111200000 41717 -0.201777 7001.14 0.999616
1111300000 41717 -0.0564536 7001.11 0.999617
1111400000 41717 1.98965 7000.77 0.999818
1111500000 41717 -0.058217 7001.11 0.999616
1111600000 41717 -0.181886 7001.13 0.999625
1111700000 41717 -0.169103 7001.13 0.999629
1111800000 41717 -0.0877004 7001.12 0.999614
1111900000 41717 -0.0781613 7001.11 0.999616
1112000000 41717 0.356322 7001.04 0.999694
1112100000 41717 7.50055 6999.84 1.00024
1112200000 41717 1.91762 7000.78 0.999821
1112300000 41717 -0.0584893 7001.11 0.999614
1112400000 41717 0.439407 7001.03 0.999705
1112500000 41717 0.456316 7001.03 0.999696
1112600000 41717 -0.0544872 7001.11 0.999614
1112700000 41717 -0.120261 7001.12 0.999636
1112800000 41717 0.11458 7001.08 0.99965
1112900000 41717 -0.0610533 7001.11 0.999614
1113000000 41717 -0.114574 7001.12 0.999624
1113100000 41717 -0.0108469 7001.1 0.999617
1113200000 41717 -0.0419611 7001.11 0.999663
1113300000 41717 -0.0639216 7001.11 0.999652
1113400000 41717 -0.0849289 7001.12 0.999613
1113500000 41717 -0.0746296 7001.11 0.99963
1113600000 41717 -0.00216066 7001.1 0.999617
1113700000 41717 0.172746 7001.07 0.999658
1113800000 41717 -0.0140579 7001.1 0.999616
1113900000 41717 1.23343 7000.89 0.999772
1114000000 41717 0.0128485 7001.1 0.999667
1114100000 41717 -0.0642876 7001.11 0.999614
1114200000 41717 -0.0879723 7001.12 0.999613
1114300000 41717 -0.101329 7001.12 0.999614
1114400000 41717 -0.00149358 7001.1 0.999618
1114500000 41717 0.49272 7001.02 0.999721
1114600000 41717 -0.0189299 7001.1 0.999616
1114700000 41717 -0.0619983 7001.11 0.999615
1114800000 41717 -0.0562181 7001.11 0.999615
1114900000 41717 0.0198123 7001.1 0.999659
1115000000 41717 -0.072299 7001.11 0.99964
1115100000 41717 0.357671 7001.04 0.999677
1115200000 41717 -0.102184 7001.12 0.999613
1115300000 41717 -0.144669 7001.13 0.99961
1115400000 41717 -0.214589 7001.14 0.999619
1115500000 41717 0.460116 7001.02 0.999708
1115600000 41717 -0.108182 7001.12 0.999613
1115700000 41717 -0.0596196 7001.11 0.999613
1115800000 41717 -0.0568721 7001.11 0.999614
1115900000 41717 0.126346 7001.08 0.999668
1116000000 41717 0.572541 7001.01 0.999701
1116100000 41717 1.41371 7000.86 0.999801
1116200000 41717 -0.120238 7001.12 0.999612
1116300000 41717 0.579824 7001 0.9997
1116400000 41717 -0.0782645 7001.11 0.999614
1116500000 41717 -0.0745882 7001.11 0.99962
1116600000 41717 -0.0247542 7001.11 0.999616
1116700000 41717 -0.0324228 7001.11 0.999616
1116800000 41717 -0.0516179 7001.11 0.999638
1116900000 41717 -0.0184871 7001.1 0.999616
1117000000 41717 -0.135662 7001.12 0.999612
1117100000 41717 -0.174303 7001.13 0.999633
1117200000 41717 -0.0955989 7001.12 0.999626
1117300000 41717 -0.0609521 7001.11 0.999615
1117400000 41717 -0.0489542 7001.11 0.999626
1117500000 41717 -0.199545 7001.14 0.999612
1117600000 41717 -0.00430024 7001.1 0.999636
1117700000 41717 -0.123611 7001.12 0.999617
1117800000 41717 -0.0181139 7001.1 0.999616
1117900000 41717 -0.123924 7001.12 0.999621
1118000000 41717 -0.0831378 7001.12 0.99964
1118100000 41717 -0.00387301 7001.1 0.999617
1118200000 41717 0.694419 7000.99 0.99971
1118300000 41717 0.222106 7001.06 0.999667
1118400000 41717 -0.140249 7001.13 0.999623
1118500000 41717 -0.163083 7001.13 0.999616
1118600000 41717 -0.0845729 7001.12 0.999613
1118700000 41717 -0.074742 7001.11 0.999614
1118800000 41717 -0.0515406 7001.11 0.999623
1118900000 41717 -0.00309936 7001.1 0.999638
1119000000 41717 0.323699 7001.05 0.99971
1119100000 41717 0.450852 7001.03 0.999695
1119200000 41717 0.0631507 7001.09 0.999658
1119300000 41717 0.699507 7000.98 0.999766
1119400000 41717 4.41449 7000.36 1.00005
1119500000 41717 0.0629835 7001.09 0.99966
1119600000 41717 -0.0457291 7001.11 0.999615
1119700000 41717 -0.181032 7001.13 0.999613
1119800000 41717 -0.0670773 7001.11 0.999613
1119900000 41717 -0.0257354 7001.11 0.999616
1120000000 41717 -0.152004 7001.13 0.999629
1120100000 41717 0.692413 7000.99 0.999718
1120200000 41717 1.00402 7000.93 0.999769
1120300000 41717 -0.0269295 7001.11 0.999616
1120400000 41717 -0.0962216 7001.12 0.999613
1120500000 41717 -0.0288783 7001.11 0.999616
1120600000 41717 0.216686 7001.07 0.999663
1120700000 41717 -0.0719827 7001.11 0.999637
1120800000 41717 0.0844494 7001.09 0.999648
1120900000 41717 -0.011546 7001.1 0.999617
1121000000 41717 -0.165203 7001.13 0.999617
1121100000 41717 -0.050256 7001.11 0.999624
1121200000 41717 -0.195038 7001.13 0.999618
1121300000 41717 -0.111918 7001.12 0.999613
1121400000 41717 1.82938 7000.79 0.99981
1121500000 41717 2.49613 7000.68 0.999856
1121600000 41717 -0.0768717 7001.11 0.999633
1121700000 41717 0.492063 7001.02 0.999691
1121800000 41717 -0.00559406 7001.1 0.999617
1121900000 41717 -0.0152601 7001.1 0.999617
1122000000 41717 0.0575053 7001.09 0.999656
1122100000 41717 -0.234752 7001.14 0.999618
1122200000 41717 2.23001 7000.73 0.999877
1122300000 41717 1.59635 7000.83 0.999787
1122400000 41717 1.35289 7000.87 0.999772
1122500000 41717 0.0861417 7001.09 0.999652
1122600000 41717 -0.128575 7001.12 0.999614
1122700000 41717 1.75169 7000.81 0.999812
1122800000 41717 1.43711 7000.86 0.999775
1122900000 41717 -0.0933592 7001.12 0.99962
1123000000 41717 -0.0162881 7001.1 0.999616
1123100000 41717 0.126855 7001.08 0.999673
1123200000 41717 -0.102548 7001.12 0.999617
1123300000 41717 1.79502 7000.8 0.999807
1123400000 41717 0.017937 7001.1 0.999636
1123500000 41717 -0.0660802 7001.11 0.999613
1123600000 41717 -0.0234497 7001.11 0.999629
1123700000 41717 2.4773 7000.69 0.999862
1123800000 41717 -0.0658522 7001.11 0.999631
1123900000 41717 -0.0540133 7001.11 0.999615
1124000000 41717 -0.0871396 7001.12 0.999634
1124100000 41717 -0.0523667 7001.11 0.999635
1124200000 41717 -0.0681762 7001.11 0.999614
1124300000 41717 -0.0522712 7001.11 0.999614
1124400000 41717 0.024138 7001.1 0.999639
1124500000 41717 0.156973 7001.08 0.999682
1124600000 41717 -0.228637 7001.14 0.999616
1124700000 41717 -0.141289 7001.13 0.999613
1124800000 41717 -0.0746076 7001.11 0.999616
1124900000 41717 -0.00348561 7001.1 0.999633
1125000000 41717 -0.0868387 7001.12 0.999612
1125100000 41717 -0.0619139 7001.11 0.999629
1125200000 41717 -0.0310333 7001.11 0.999616
1125300000 41717 0.438801 7001.03 0.999705
1125400000 41717 -0.0912302 7001.12 0.999613
1125500000 41717 0.533755 7001.01 0.999719
1125600000 41717 -0.0135383 7001.1 0.999616
1125700000 41717 -0.0686153 7001.11 0.999614
1125800000 41717 0.990509 7000.94 0.999758
1125900000 41717 5.43501 7000.19 1.00018
1126000000 41717 -0.0788059 7001.11 0.999614
1126100000 41717 0.996324 7000.93 0.999739
1126200000 41717 -0.0321103 7001.11 0.999615
1126300000 41717 1.08918 7000.92 0.999786
1126400000 41717 -0.0326747 7001.11 0.999616
1126500000 41717 1.25871 7000.89 0.99978
1126600000 41717 -0.112992 7001.12 0.999614
1126700000 41717 -0.024099 7001.11 0.999616
1126800000 41717 0.218978 7001.06 0.999683
1126900000 41717 -0.0678296 7001.11 0.999614
1127000000 41717 -0.12519 7001.12 0.999613
1127100000 41717 0.0690531 7001.09 0.999651
1127200000 41717 0.0122537 7001.1 0.999636
1127300000 41717 -0.150067 7001.13 0.999616
1127400000 41717 -0.0860878 7001.12 0.999614
1127500000 41717 0.292544 7001.05 0.999713
1127600000 41717 -0.0237662 7001.11 0.999616
1127700000 41717 -0.0870524 7001.12 0.999613
1127800000 41717 -0.0377019 7001.11 0.999633
1127900000 41717 -0.0165236 7001.1 0.999616
1128000000 41717 -0.0874114 7001.12 0.999627
1128100000 41717 -0.130186 7001.12 0.999617
1128200000 41717 3.17043 7000.57 0.999989
1128300000 41717 -0.144723 7001.13 0.999619
1128400000 41717 -0.0105888 7001.1 0.999617
1128500000 41717 -0.00351406 7001.1 0.999633
1128600000 41717 0.297632 7001.05 0.999695
1128700000 41717 -0.123829 7001.12 0.999623
1128800000 41717 -0.0912343 7001.12 0.999614
1128900000 41717 -0.0165221 7001.1 0.999616
1129000000 41717 -0.015902 7001.1 0.999632
1129100000 41717 0.0111893 7001.1 0.999644
1129200000 41717 4.10633 7000.41 0.99997
1129300000 41717 0.0335885 7001.1 0.999649
1129400000 41717 -0.115553 7001.12 0.999626
1129500000 41717 -0.00779371 7001.1 0.999617
1129600000 41717 -0.0649678 7001.11 0.999624
1129700000 41717 -0.0731587 7001.11 0.999614
1129800000 41717 -0.0989279 7001.12 0.999616
1129900000 41717 0.298652 7001.05 0.999688
1130000000 41717 -0.101945 7001.12 0.99963
1130100000 41717 -0.0411397 7001.11 0.999615
1130200000 41717 -0.0692108 7001.11 0.999613
1130300000 41717 0.112446 7001.08 0.999669
1130400000 41717 1.01685 7000.93 0.999785
1130500000 41717 -0.0720961 7001.11 0.999616
1130600000 41717 -0.0136339 7001.1 0.999617
1130700000 41717 -0.0611121 7001.11 0.999616
1130800000 41717 -0.207628 7001.14 0.999616
1130900000 41717 -0.0199107 7001.1 0.999616
1131000000 41717 -0.108193 7001.12 0.999622
1131100000 41717 2.38065 7000.7 0.999873
1131200000 41717 -0.0127471 7001.1 0.999617
1131300000 41717 -0.190823 7001.13 0.999623
1131400000 41717 14.1846 6998.72 1.00069
1131500000 41717 0.473565 7001.02 0.999703
1131600000 41717 1.51444 7000.85 0.999781
1131700000 41717 2.77542 7000.64 0.999877
1131800000 41717 0.0415089 7001.09 0.999657
1131900000 41717 -0.0609758 7001.11 0.99962
1132000000 41717 -0.0667657 7001.11 0.999614
1132100000 41717 -0.0991542 7001.12 0.999626
1132200000 41717 -0.01097 7001.1 0.999649
1132300000 41717 -0.122232 7001.12 0.999611
1132400000 41717 -0.0624757 7001.11 0.999615
1132500000 41717 -0.00450448 7001.1 0.999617
1132600000 41717 0.332229 7001.05 0.999675
1132700000 41717 0.307805 7001.05 0.999698
1132800000 41717 -0.138268 7001.12 0.999611
1132900000 41717 0.178258 7001.07 0.999657
1133000000 41717 0.629421 7001 0.999707
1133100000 41717 -0.00995557 7001.1 0.999617
1133200000 41717 -0.0089522 7001.1 0.999617
1133300000 41717 -0.0533689 7001.11 0.999615
1133400000 41717 -0.0460401 7001.11 0.999639
1133500000 41717 0.289823 7001.05 0.999671
1133600000 41717 -0.103193 7001.12 0.999615
1133700000 41717 -0.0594391 7001.11 0.999618
1133800000 41717 -0.0493493 7001.11 0.999624
1133900000 41717 -0.0588377 7001.11 0.999614
1134000000 41717 -0.0844816 7001.12 0.999614
1134100000 41717 -0.0355135 7001.11 0.999615
1134200000 41717 -0.0286561 7001.11 0.999616
1134300000 41717 0.101211 7001.08 0.999648
1134400000 41717 -0.031128 7001.11 0.999615
1134500000 41717 0.0104363 7001.1 0.999636
1134600000 41717 -0.157191 7001.13 0.999622
1134700000 41717 0.147021 7001.08 0.999668
1134800000 41717 -0.0889965 7001.12 0.999615
1134900000 41717 -0.15994 7001.13 0.999619
1135000000 41717 -0.0518867 7001.11 0.999617
1135100000 41717 1.06847 7000.92 0.999752
1135200000 41717 -0.0326627 7001.11 0.999635
1135300000 41717 -0.122449 7001.12 0.999617
1135400000 41717 -0.129059 7001.12 0.999625
1135500000 41717 0.274556 7001.06 0.999673
1135600000 41717 -0.0810091 7001.12 0.999622
1135700000 41717 -0.0601325 7001.11 0.999613
1135800000 41717 -0.0390655 7001.11 0.999615
1135900000 41717 -0.113718 7001.12 0.999623
1136000000 41717 1.00143 7000.93 0.999738
1136100000 41717 0.679959 7000.99 0.999752
1136200000 41717 -0.0905956 7001.12 0.999612
1136300000 41717 -0.0499771 7001.11 0.999655
1136400000 41717 0.147237 7001.08 0.999655
1136500000 41717 -0.092662 7001.12 0.999614
1136600000 41717 -0.0479374 7001.11 0.999642
1136700000 41717 -0.0541825 7001.11 0.999632
1136800000 41717 -0.126879 7001.12 0.999642
1136900000 41717 -0.0317563 7001.11 0.999615
1137000000 41717 -0.0556239 7001.11 0.999615
1137100000 41717 -0.0196227 7001.1 0.999616
1137200000 41717 -0.0756625 7001.11 0.999613
1137300000 41717 -0.0581792 7001.11 0.999614
1137400000 41717 -0.0943778 7001.12 0.999613
1137500000 41717 -0.0629162 7001.11 0.999613
1137600000 41717 2.46641 7000.69 0.999857
1137700000 41717 -0.1211 7001.12 0.999615
1137800000 41717 0.0883928 7001.09 0.999647
1137900000 41717 -0.00769666 7001.1 0.999617
1138000000 41717 -0.00633121 7001.1 0.999634
1138100000 41717 -0.0692308 7001.11 0.999615
1138200000 41717 -0.112732 7001.12 0.999612
1138300000 41717 2.35194 7000.71 0.999845
1138400000 41717 -0.240942 7001.14 0.999631
1138500000 41717 -0.123603 7001.12 0.999625
1138600000 41717 -0.0930355 7001.12 0.999627
1138700000 41717 0.107547 7001.08 0.999664
1138800000 41717 -0.00937327 7001.1 0.999617
1138900000 41717 -0.0836045 7001.12 0.999615
1139000000 41717 -0.0259814 7001.11 0.999615
1139100000 41717 -0.0480836 7001.11 0.999616
1139200000 41717 0.474894 7001.02 0.999689
1139300000 41717 0.104318 7001.08 0.999663
1139400000 41717 -0.0512023 7001.11 0.999616
1139500000 41717 -0.0142498 7001.1 0.999616
1139600000 41717 -0.17448 7001.13 0.999614
1139700000 41717 -0.159527 7001.13 0.999627
1139800000 41717 -0.0605763 7001.11 0.999616
1139900000 41717 -0.0479517 7001.11 0.999614
1140000000 41717 -0.143149 7001.13 0.99961
1140100000 41717 -0.120626 7001.12 0.999639
1140200000 41717 -0.0568109 7001.11 0.999617
1140300000 41717 0.207464 7001.07 0.999662
1140400000 41717 -0.145411 7001.13 0.999612
1140500000 41717 -0.0360846 7001.11 0.999615
1140600000 41717 -0.00749793 7001.1 0.999617
1140700000 41717 -0.0612057 7001.11 0.999616
1140800000 41717 -0.172769 7001.13 0.999615
1140900000 41717 0.246749 7001.06 0.999668
1141000000 41717 -0.128302 7001.12 0.999618
1141100000 41717 -0.0222924 7001.11 0.999616
1141200000 41717 -0.102136 7001.12 0.999616
1141300000 41717 0.058107 7001.09 0.999644
1141400000 41717 -0.209326 7001.14 0.999616
1141500000 41717 0.0538715 7001.09 0.999647
1141600000 41717 0.0939847 7001.09 0.999647
1141700000 41717 -0.117889 7001.12 0.999621
1141800000 41717 -0.0950225 7001.12 0.999614
1141900000 41717 -0.0999995 7001.12 0.999618
1142000000 41717 -0.0333176 7001.11 0.999616
1142100000 41717 -0.0725101 7001.11 0.999616
1142200000 41717 -0.0788113 7001.11 0.999614
1142300000 41717 4.61558 7000.33 1.00001
1142400000 41717 -0.0033148 7001.1 0.999617
1142500000 41717 -0.0440231 7001.11 0.999641
1142600000 41717 -0.163432 7001.13 0.999623
1142700000 41717 -0.0991234 7001.12 0.999613
1142800000 41717 -0.0761867 7001.11 0.999629
1142900000 41717 -0.0691534 7001.11 0.999615
1143000000 41717 0.17956 7001.07 0.999664
1143100000 41717 -0.0349495 7001.11 0.999615
1143200000 41717 0.744852 7000.98 0.999721
1143300000 41717 -0.0369625 7001.11 0.999615
1143400000 41717 -0.031676 7001.11 0.999615
1143500000 41717 -0.0685024 7001.11 0.999613
1143600000 41717 -0.0366371 7001.11 0.999616
1143700000 41717 -0.112111 7001.12 0.999615
1143800000 41717 -0.0342711 7001.11 0.999616
1143900000 41717 6.30052 7000.04 1.00019
1144000000 41717 0.0365413 7001.1 0.999645
1144100000 41717 0.522429 7001.01 0.99971
1144200000 41717 -0.0386839 7001.11 0.999634
1144300000 41717 4.7742 7000.3 1.00002
1144400000 41717 -0.123783 7001.12 0.999615
1144500000 41717 -0.131342 7001.12 0.999617
1144600000 41717 -0.110372 7001.12 0.999622
1144700000 41717 -0.105194 7001.12 0.999622
1144800000 41717 -0.0184049 7001.1 0.999616
1144900000 41717 -0.140556 7001.13 0.999617
1145000000 41717 -0.0202483 7001.11 0.999616
1145100000 41717 -0.0883108 7001.12 0.999623
1145200000 41717 -0.12356 7001.12 0.999614
1145300000 41717 -0.0871198 7001.12 0.999615
1145400000 41717 0.091511 7001.09 0.999646
1145500000 41717 0.952681 7000.94 0.999733
1145600000 41717 0.223854 7001.06 0.999671
1145700000 41717 -0.0161923 7001.1 0.999643
1145800000 41717 -0.0968264 7001.12 0.999617
1145900000 41717 -0.106957 7001.12 0.999611
1146000000 41717 -0.104165 7001.12 0.999614
1146100000 41717 -0.0858787 7001.12 0.999638
1146200000 41717 1.11698 7000.91 0.999756
1146300000 41717 -0.0996493 7001.12 0.999618
1146400000 41717 -0.141088 7001.13 0.999611
1146500000 41717 -0.0542621 7001.11 0.999614
1146600000 41717 0.139766 7001.08 0.999665
1146700000 41717 -0.0629116 7001.11 0.999634
1146800000 41717 2.76656 7000.64 0.999875
1146900000 41717 -0.00620048 7001.1 0.999617
1147000000 41717 -0.073163 7001.11 0.999613
1147100000 41717 -0.0489744 7001.11 0.999623
1147200000 41717 -0.0503766 7001.11 0.999615
1147300000 41717 -0.0208813 7001.11 0.999634
1147400000 41717 -0.129739 7001.12 0.999623
1147500000 41717 0.868545 7000.96 0.999768
1147600000 41717 -0.113219 7001.12 0.999615
1147700000 41717 -0.123113 7001.12 0.999618
1147800000 41717 -0.0514105 7001.11 0.999624
1147900000 41717 -0.0905835 7001.12 0.999617
1148000000 41717 -0.110587 7001.12 0.999617
1148100000 41717 -0.0436863 7001.11 0.999615
1148200000 41717 -0.114235 7001.12 0.999615
1148300000 41717 0.425748 7001.03 0.999694
1148400000 41717 -0.0580559 7001.11 0.999623
1148500000 41717 -0.0500716 7001.11 0.999616
1148600000 41717 -0.132382 7001.12 0.999618
1148700000 41717 -0.128457 7001.12 0.999612
1148800000 41717 -0.0302647 7001.11 0.999615
1148900000 41717 1.07057 7000.92 0.999744
1149000000 41717 0.300051 7001.05 0.999676
1149100000 41717 -0.0519923 7001.11 0.999615
1149200000 41717 -0.0661982 7001.11 0.999615
1149300000 41717 -0.0709726 7001.11 0.999613
1149400000 41717 -0.0748224 7001.11 0.999648
1149500000 41717 -0.00588586 7001.1 0.999617
1149600000 41717 -0.00668532 7001.1 0.999617
1149700000 41717 -0.0833488 7001.12 0.999612
1149800000 41717 -0.0512236 7001.11 0.999616
1149900000 41717 0.00481519 7001.1 0.999644
1150000000 41717 -0.113948 7001.12 0.99962
1150100000 41717 -0.10217 7001.12 0.999613
1150200000 41717 1.94221 7000.78 0.999835
1150300000 41717 -0.0766622 7001.11 0.999617
1150400000 41717 -0.00717314 7001.1 0.999617
1150500000 41717 -0.00787819 7001.1 0.999617
1150600000 41717 -0.00643635 7001.1 0.999617
1150700000 41717 -0.16448 7001.13 0.999638
1150800000 41717 -0.0500507 7001.11 0.999616
1150900000 41717 -0.0338404 7001.11 0.999631
1151000000 41717 1.98489 7000.77 0.999828
1151100000 41717 -0.0249871 7001.11 0.999616
1151200000 41717 -0.0168404 7001.1 0.999616
1151300000 41717 -0.0386836 7001.11 0.999615
1151400000 41717 -0.138873 7001.12 0.999613
1151500000 41717 -0.0483264 7001.11 0.999615
1151600000 41717 1.94801 7000.77 0.999815
1151700000 41717 -0.0922513 7001.12 0.999636
1151800000 41717 0.0824411 7001.09 0.999651
1151900000 41717 -0.08536 7001.12 0.999613
1152000000 41717 -0.0859503 7001.12 0.999613
1152100000 41717 -0.0779078 7001.11 0.999618
1152200000 41717 -0.103893 7001.12 0.999626
1152300000 41717 -0.0221569 7001.11 0.999616
1152400000 41717 0.190058 7001.07 0.999659
1152500000 41717 -0.0424191 7001.11 0.999634
1152600000 41717 -0.0674488 7001.11 0.999615
1152700000 41717 -0.181173 7001.13 0.999624
1152800000 41717 0.323126 7001.05 0.999674
1152900000 41717 -0.0901008 7001.12 0.999612
1153000000 41717 -0.172384 7001.13 0.999614
1153100000 41717 -0.110702 7001.12 0.999622
1153200000 41717 -0.060078 7001.11 0.999621
1153300000 41717 -0.184331 7001.13 0.999613
1153400000 41717 -0.155586 7001.13 0.999613
1153500000 41717 -0.0999552 7001.12 0.999623
1153600000 41717 -0.0440223 7001.11 0.999615
1153700000 41717 0.111295 7001.08 0.999686
1153800000 41717 -0.0566392 7001.11 0.999618
1153900000 41717 0.733586 7000.98 0.999713
1154000000 41717 -0.0773458 7001.11 0.999617
1154100000 41717 3.92711 7000.44 1.00004
1154200000 41717 -0.089823 7001.12 0.999613
1154300000 41717 -0.0479776 7001.11 0.999614
1154400000 41717 -0.101427 7001.12 0.999614
1154500000 41717 2.05722 7000.76 0.999824
1154600000 41717 -0.0591455 7001.11 0.999614
1154700000 41717 -0.073077 7001.11 0.999615
1154800000 41717 -0.0552231 7001.11 0.999613
1154900000 41717 -0.140535 7001.13 0.999618
1155000000 41717 -0.133453 7001.12 0.999613
1155100000 41717 -0.0666955 7001.11 0.999623
1155200000 41717 -0.23761 7001.14 0.999617
1155300000 41717 -0.120487 7001.12 0.999631
1155400000 41717 -0.0279593 7001.11 0.999632
1155500000 41717 -0.0854951 7001.12 0.999614
1155600000 41717 -0.0846907 7001.12 0.999614
1155700000 41717 -0.125002 7001.12 0.99962
1155800000 41717 -0.0809605 7001.12 0.999624
1155900000 41717 -0.112383 7001.12 0.999611
1156000000 41717 0.77234 7000.97 0.999732
1156100000 41717 -0.0289893 7001.11 0.999644
1156200000 41717 -0.0313246 7001.11 0.999615
1156300000 41717 0.0612327 7001.09 0.999645
1156400000 41717 0.399006 7001.03 0.999701
1156500000 41717 -0.0698851 7001.11 0.999617
1156600000 41717 -0.0885821 7001.12 0.999626
1156700000 41717 0.114597 7001.08 0.99965
1156800000 41717 -0.0694036 7001.11 0.999626
1156900000 41717 -0.101707 7001.12 0.999627
1157000000 41717 -0.116802 7001.12 0.999614
1157100000 41717 0.209735 7001.07 0.999662
1157200000 41717 -0.0607707 7001.11 0.999614
1157300000 41717 -0.0329744 7001.11 0.999615
1157400000 41717 -0.0336711 7001.11 0.999615
1157500000 41717 -0.102531 7001.12 0.999622
1157600000 41717 -0.00369547 7001.1 0.999617
1157700000 41717 -0.0828699 7001.12 0.999613
1157800000 41717 -0.0205879 7001.11 0.999616
1157900000 41717 -0.0996613 7001.12 0.999616
1158000000 41717 0.810581 7000.97 0.999721
1158100000 41717 0.368725 7001.04 0.999682
1158200000 41717 0.233154 7001.06 0.999687
1158300000 41717 -0.121235 7001.12 0.999621
1158400000 41717 -0.115326 7001.12 0.999612
1158500000 41717 1.35592 7000.87 0.999793
1158600000 41717 -0.0140789 7001.1 0.999616
1158700000 41717 -0.139367 7001.13 0.999614
1158800000 41717 -0.267899 7001.15 0.999622
1158900000 41717 0.587028 7001 0.999703
1159000000 41717 -0.0398902 7001.11 0.999615
1159100000 41717 5.91073 7000.11 1.00008
1159200000 41717 -0.0743946 7001.11 0.999614
1159300000 41717 -0.0174139 7001.1 0.99964
1159400000 41717 -0.067745 7001.11 0.999612
1159500000 41717 -0.0571503 7001.11 0.999614
1159600000 41717 -0.0962942 7001.12 0.999626
1159700000 41717 0.154061 7001.08 0.99967
1159800000 41717 4.66929 7000.32 1.00003
1159900000 41717 -0.0816353 7001.12 0.999613
1160000000 41717 0.556583 7001.01 0.999717
1160100000 41717 -0.0785473 7001.11 0.999612
1160200000 41717 1.35317 7000.87 0.999774
1160300000 41717 -0.0588146 7001.11 0.999624
1160400000 41717 -0.127837 7001.12 0.999615
1160500000 41717 -0.056477 7001.11 0.999616
1160600000 41717 -0.0494893 7001.11 0.999637
1160700000 41717 -0.112769 7001.12 0.999615
1160800000 41717 0.0223244 7001.1 0.999649
1160900000 41717 -0.0612714 7001.11 0.999616
1161000000 41717 -0.0258203 7001.11 0.999616
1161100000 41717 -0.0612812 7001.11 0.999613
1161200000 41717 0.758935 7000.97 0.999746
1161300000 41717 0.248125 7001.06 0.999672
1161400000 41717 -0.137881 7001.12 0.999625
1161500000 41717 -0.122031 7001.12 0.999613
1161600000 41717 -0.0801491 7001.12 0.999614
1161700000 41717 -0.0889977 7001.12 0.999616
1161800000 41717 -0.0819451 7001.12 0.999614
1161900000 41717 -0.0786273 7001.11 0.999615
1162000000 41717 -0.0303341 7001.11 0.999642
1162100000 41717 0.120187 7001.08 0.999652
1162200000 41717 -0.0517882 7001.11 0.999622
1162300000 41717 0.83294 7000.96 0.999723
1162400000 41717 -0.0090853 7001.1 0.999617
1162500000 41717 0.200271 7001.07 0.999661
1162600000 41717 0.13033 7001.08 0.999651
1162700000 41717 -0.106258 7001.12 0.999618
1162800000 41717 -0.0154259 7001.1 0.999616
1162900000 41717 0.518614 7001.01 0.999708
1163000000 41717 -0.102928 7001.12 0.999614
1163100000 41717 -0.116504 7001.12 0.999616
1163200000 41717 -0.0638715 7001.11 0.99962
1163300000 41717 -0.0404898 7001.11 0.999616
1163400000 41717 -0.00821742 7001.1 0.999617
1163500000 41717 0.00954344 7001.1 0.999637
1163600000 41717 -0.0681 7001.11 0.999614
1163700000 41717 1.56821 7000.84 0.999816
1163800000 41717 -0.0446174 7001.11 0.999638
1163900000 41717 4.98142 7000.27 1.00002
1164000000 41717 -0.12621 7001.12 0.999616
1164100000 41717 -0.00929498 7001.1 0.999617
1164200000 41717 -0.18042 7001.13 0.999627
1164300000 41717 -0.0409644 7001.11 0.999615
1164400000 41717 0.720403 7000.98 0.99972
1164500000 41717 -0.0817087 7001.12 0.999613
1164600000 41717 -0.0336929 7001.11 0.999615
1164700000 41717 -0.0849621 7001.12 0.999636
1164800000 41717 -0.0142321 7001.1 0.999616
1164900000 41717 0.155822 7001.08 0.99966
1165000000 41717 -0.0492582 7001.11 0.999627
1165100000 41717 -0.0353155 7001.11 0.999615
1165200000 41717 0.93745 7000.94 0.999733
1165300000 41717 0.919352 7000.95 0.999777
1165400000 41717 -0.0127337 7001.1 0.999617
1165500000 41717 -0.117726 7001.12 0.999611
1165600000 41717 0.0990031 7001.08 0.999649
1165700000 41717 -0.0465776 7001.11 0.999614
1165800000 41717 0.785604 7000.97 0.999729
1165900000 41717 0.617138 7001 0.999703
1166000000 41717 0.797027 7000.97 0.999746
1166100000 41717 -0.105769 7001.12 0.999614
1166200000 41717 0.0244806 7001.1 0.999656
1166300000 41717 -0.0942 7001.12 0.999615
1166400000 41717 -0.0609822 7001.11 0.99963
1166500000 41717 -0.0666599 7001.11 0.999627
1166600000 41717 0.00571891 7001.1 0.999634
1166700000 41717 -0.059852 7001.11 0.999614
1166800000 41717 -0.0679842 7001.11 0.999615
1166900000 41717 -0.0194938 7001.1 0.999661
1167000000 41717 -0.0277296 7001.11 0.999616
1167100000 41717 -0.0965514 7001.12 0.999622
1167200000 41717 -0.0793855 7001.11 0.999617
1167300000 41717 1.42304 7000.86 0.999787
1167400000 41717 -0.239765 7001.14 0.999639
1167500000 41717 0.111862 7001.08 0.999655
1167600000 41717 -0.16685 7001.13 0.999611
1167700000 41717 -0.205972 7001.14 0.999615
1167800000 41717 -0.0672368 7001.11 0.999618
1167900000 41717 -0.0286414 7001.11 0.999616
1168000000 41717 -0.0882892 7001.12 0.999616
1168100000 41717 0.236036 7001.06 0.999666
1168200000 41717 -0.0481624 7001.11 0.999615
1168300000 41717 -0.0775158 7001.11 0.999613
1168400000 41717 0.385316 7001.04 0.999679
1168500000 41717 -0.09273 7001.12 0.999622
1168600000 41717 -0.0945975 7001.12 0.999618
1168700000 41717 -0.0759494 7001.11 0.999614
1168800000 41717 -0.0465598 7001.11 0.999644
1168900000 41717 -0.123884 7001.12 0.999614
1169000000 41717 0.715771 7000.98 0.999719
1169100000 41717 -0.0299637 7001.11 0.999615
1169200000 41717 -0.106586 7001.12 0.999613
1169300000 41717 -0.0128207 7001.1 0.999617
1169400000 41717 -0.0836325 7001.12 0.999616
1169500000 41717 0.0336443 7001.1 0.999647
1169600000 41717 -0.0529516 7001.11 0.999641
1169700000 41717 -0.0303852 7001.11 0.999615
1169800000 41717 -0.122273 7001.12 0.999616
1169900000 41717 -0.14292 7001.13 0.999617
1170000000 41717 -0.0616201 7001.11 0.99962
1170100000 41717 -0.103646 7001.12 0.999632
1170200000 41717 -0.111994 7001.12 0.99962
1170300000 41717 -0.129996 7001.12 0.999615
1170400000 41717 -0.0817245 7001.12 0.999629
1170500000 41717 1.53621 7000.84 0.99979
1170600000 41717 -0.097775 7001.12 0.99963
1170700000 41717 -0.117467 7001.12 0.999621
1170800000 41717 -0.201689 7001.14 0.999615
1170900000 41717 -0.0290458 7001.11 0.99965
1171000000 41717 -0.0437978 7001.11 0.999615
1171100000 41717 11.7596 6999.13 1.0005
1171200000 41717 0.386401 7001.04 0.999682
1171300000 41717 1.90796 7000.78 0.999822
1171400000 41717 0.0164685 7001.1 0.999639
1171500000 41717 0.169236 7001.07 0.999671
1171600000 41717 -0.179664 7001.13 0.999617
1171700000 41717 1.51722 7000.85 0.999782
1171800000 41717 0.519419 7001.01 0.99973
1171900000 41717 -0.090941 7001.12 0.999617
1172000000 41717 -0.0719474 7001.11 0.999615
1172100000 41717 -0.051176 7001.11 0.999614
1172200000 41717 -0.068667 7001.11 0.999619
1172300000 41717 -0.0791786 7001.11 0.999615
1172400000 41717 -0.0859964 7001.12 0.999619
1172500000 41717 0.378359 7001.04 0.999693
1172600000 41717 -0.0100519 7001.1 0.999617
1172700000 41717 -0.0409948 7001.11 0.999614
1172800000 41717 -0.133971 7001.12 0.999615
1172900000 41717 0.443949 7001.03 0.99974
1173000000 41717 0.290567 7001.05 0.999672
1173100000 41717 -0.120483 7001.12 0.999627
1173200000 41717 -0.0801089 7001.12 0.999612
1173300000 41717 -0.0568745 7001.11 0.999614
1173400000 41717 -0.174526 7001.13 0.999621
1173500000 41717 -0.110222 7001.12 0.999635
1173600000 41717 0.263364 7001.06 0.999676
1173700000 41717 -0.0626316 7001.11 0.999615
1173800000 41717 0.114189 7001.08 0.999682
1173900000 41717 -0.0198571 7001.1 0.999616
1174000000 41717 -0.0503153 7001.11 0.999614
1174100000 41717 -0.0327846 7001.11 0.999615
1174200000 41717 -0.102198 7001.12 0.999615
1174300000 41717 -0.0326503 7001.11 0.999615
1174400000 41717 -0.0374336 7001.11 0.999615
1174500000 41717 -0.207606 7001.14 0.999612
1174600000 41717 0.004639 7001.1 0.999637
1174700000 41717 2.70834 7000.65 0.999884
1174800000 41717 -0.0235521 7001.11 0.999616
1174900000 41717 -0.0953533 7001.12 0.999618
1175000000 41717 -0.0168613 7001.1 0.999616
1175100000 41717 -0.156084 7001.13 0.999625
1175200000 41717 -0.0106395 7001.1 0.999617
1175300000 41717 -0.0709457 7001.11 0.999614
1175400000 41717 1.39079 7000.87 0.999776
1175500000 41717 0.441649 7001.03 0.999709
1175600000 41717 -0.00297388 7001.1 0.999617
1175700000 41717 0.0282673 7001.1 0.999642
1175800000 41717 -0.04786 7001.11 0.999626
1175900000 41717 -0.142095 7001.13 0.999612
1176000000 41717 -0.08179 7001.12 0.999638
1176100000 41717 4.39614 7000.36 0.999989
1176200000 41717 -0.115913 7001.12 0.999626
1176300000 41717 -0.0563582 7001.11 0.999615
1176400000 41717 -0.032938 7001.11 0.999615
1176500000 41717 -0.0797619 7001.12 0.99963
1176600000 41717 -0.0677902 7001.11 0.999624
1176700000 41717 -0.000310521 7001.1 0.999648
1176800000 41717 -0.13366 7001.12 0.999617
1176900000 41717 -0.0696217 7001.11 0.999614
1177000000 41717 0.0712949 7001.09 0.999649
1177100000 41717 -0.068388 7001.11 0.999641
1177200000 41717 -0.0910678 7001.12 0.999618
1177300000 41717 -0.270662 7001.15 0.999618
1177400000 41717 0.0867254 7001.09 0.999654
1177500000 41717 -0.0636324 7001.11 0.999614
1177600000 41717 -0.0373755 7001.11 0.999615
1177700000 41717 0.0665789 7001.09 0.999664
1177800000 41717 -0.086896 7001.12 0.999613
1177900000 41717 1.2069 7000.9 0.999762
1178000000 41717 -0.0543691 7001.11 0.999617
1178100000 41717 1.53342 7000.84 0.999804
1178200000 41717 1.17522 7000.9 0.999753
1178300000 41717 -0.0773438 7001.11 0.999617
1178400000 41717 -0.0883031 7001.12 0.999612
1178500000 41717 0.276817 7001.06 0.999673
1178600000 41717 0.112432 7001.08 0.999649
1178700000 41717 -0.092159 7001.12 0.999628
1178800000 41717 -0.0282281 7001.11 0.999616
1178900000 41717 -0.063401 7001.11 0.999614
1179000000 41717 -0.0479726 7001.11 0.999616
1179100000 41717 0.936279 7000.94 0.999732
1179200000 41717 -0.00802664 7001.1 0.999617
1179300000 41717 -0.168477 7001.13 0.999613
1179400000 41717 0.0321759 7001.1 0.999664
1179500000 41717 -0.0250317 7001.11 0.999616
1179600000 41717 -0.0182772 7001.1 0.999616
1179700000 41717 0.172142 7001.07 0.999679
1179800000 41717 -0.147007 7001.13 0.999626
1179900000 41717 -0.00425513 7001.1 0.999644
1180000000 41717 -0.100602 7001.12 0.999615
1180100000 41717 -0.0874428 7001.12 0.999613
1180200000 41717 -0.115096 7001.12 0.999623
1180300000 41717 0.0230906 7001.1 0.99964
1180400000 41717 -0.0409583 7001.11 0.999615
1180500000 41717 4.65324 7000.32 1
1180600000 41717 2.3165 7000.71 0.999846
1180700000 41717 0.1506 7001.08 0.999654
1180800000 41717 -0.156794 7001.13 0.999628
1180900000 41717 -0.160492 7001.13 0.99961
1181000000 41717 -0.0636341 7001.11 0.999614
1181100000 41717 -0.00914548 7001.1 0.999617
1181200000 41717 -0.103025 7001.12 0.999617
1181300000 41717 3.27797 7000.55 0.999914
1181400000 41717 3.85666 7000.45 0.999961
1181500000 41717 -0.0870174 7001.12 0.999618
1181600000 41717 0.148406 7001.08 0.999669
1181700000 41717 -0.0464674 7001.11 0.999635
1181800000 41717 0.288677 7001.05 0.999671
1181900000 41717 -0.115967 7001.12 0.999615
1182000000 41717 -0.0420464 7001.11 0.999615
1182100000 41717 -0.0143188 7001.1 0.999616
1182200000 41717 -0.0107013 7001.1 0.999638
1182300000 41717 -0.0911071 7001.12 0.999612
1182400000 41717 -0.0238911 7001.11 0.999629
1182500000 41717 -0.0702414 7001.11 0.999618
1182600000 41717 -0.15622 7001.13 0.999615
1182700000 41717 -0.0654457 7001.11 0.999613
1182800000 41717 -0.0843758 7001.12 0.999617
1182900000 41717 -0.117527 7001.12 0.999615
1183000000 41717 -0.11408 7001.12 0.99963
1183100000 41717 -0.0563557 7001.11 0.999615
1183200000 41717 -0.126256 7001.12 0.999613
1183300000 41717 0.486878 7001.02 0.999703
1183400000 41717 -0.0659392 7001.11 0.999621
1183500000 41717 -0.0123974 7001.1 0.999617
1183600000 41717 0.0258257 7001.1 0.999673
1183700000 41717 -0.110127 7001.12 0.999612
1183800000 41717 0.462443 7001.02 0.999712
1183900000 41717 -0.0797246 7001.12 0.99962
1184000000 41717 -0.04728 7001.11 0.999614
1184100000 41717 -0.0683385 7001.11 0.999613
1184200000 41717 -0.121225 7001.12 0.999619
1184300000 41717 0.154606 7001.08 0.999655
1184400000 41717 0.104677 7001.08 0.99965
1184500000 41717 -0.0210927 7001.11 0.999616
1184600000 41717 -0.0527371 7001.11 0.999615
1184700000 41717 -0.049347 7001.11 0.999616
1184800000 41717 -0.0805506 7001.12 0.999628
1184900000 41717 0.0346865 7001.1 0.999654
1185000000 41717 -0.0721209 7001.11 0.999641
1185100000 41717 -0.0372968 7001.11 0.999615
1185200000 41717 -0.0607123 7001.11 0.999613
1185300000 41717 0.759547 7000.97 0.999721
1185400000 41717 -0.143202 7001.13 0.999609
1185500000 41717 0.039731 7001.09 0.999644
1185600000 41717 -0.0754029 7001.11 0.999615
1185700000 41717 -0.161229 7001.13 0.999613
1185800000 41717 0.0169049 7001.1 0.999644
1185900000 41717 -0.0877474 7001.12 0.999632
1186000000 41717 -0.0269043 7001.11 0.999616
1186100000 41717 -0.114432 7001.12 0.999624
1186200000 41717 -0.0612348 7001.11 0.999645
1186300000 41717 -0.1157 7001.12 0.999623
1186400000 41717 -0.0474737 7001.11 0.999615
1186500000 41717 -0.0280048 7001.11 0.999616
1186600000 41717 -0.022026 7001.11 0.999616
1186700000 41717 2.03943 7000.76 0.999842
1186800000 41717 -0.0431079 7001.11 0.999616
1186900000 41717 -0.0292245 7001.11 0.999616
1187000000 41717 0.0471087 7001.09 0.999654
1187100000 41717 -0.0098871 7001.1 0.999617
1187200000 41717 0.188101 7001.07 0.999669
1187300000 41717 -0.00994347 7001.1 0.999617
1187400000 41717 -0.00825017 7001.1 0.999617
1187500000 41717 -0.0462637 7001.11 0.999615
1187600000 41717 -0.013774 7001.1 0.999617
1187700000 41717 -0.0262899 7001.11 0.999616
1187800000 41717 -0.0155491 7001.1 0.999616
1187900000 41717 -0.0145089 7001.1 0.999616
1188000000 41717 -0.201477 7001.14 0.999616
1188100000 41717 -0.167958 7001.13 0.999614
1188200000 41717 -0.153588 7001.13 0.999611
1188300000 41717 -0.023388 7001.11 0.999616
1188400000 41717 -0.0303418 7001.11 0.999644
1188500000 41717 0.29281 7001.05 0.999675
1188600000 41717 -0.0504525 7001.11 0.999639
1188700000 41717 0.455614 7001.03 0.999726
1188800000 41717 1.56213 7000.84 0.999784
1188900000 41717 -0.0818134 7001.12 0.999619
1189000000 41717 -0.0369916 7001.11 0.999628
1189100000 41717 -0.0828376 7001.12 0.999619
1189200000 41717 -0.0387946 7001.11 0.999615
1189300000 41717 -0.0931738 7001.12 0.999615
1189400000 41717 -0.0192714 7001.1 0.999616
1189500000 41717 -0.0283446 7001.11 0.999616
1189600000 41717 -0.0544002 7001.11 0.999615
1189700000 41717 -0.028795 7001.11 0.999615
1189800000 41717 0.741769 7000.98 0.999724
1189900000 41717 -0.124147 7001.12 0.999619
1190000000 41717 -0.111097 7001.12 0.999617
1190100000 41717 -0.0655411 7001.11 0.999614
1190200000 41717 0.677356 7000.99 0.99971
1190300000 41717 0.0305134 7001.1 0.999667
1190400000 41717 -0.105531 7001.12 0.999618
1190500000 41717 -0.0670052 7001.11 0.999613
1190600000 41717 0.788509 7000.97 0.999722
1190700000 41717 0.152225 7001.08 0.999672
1190800000 41717 -0.10139 7001.12 0.999617
1190900000 41717 -0.055634 7001.11 0.999614
1191000000 41717 -0.0904846 7001.12 0.999617
1191100000 41717 -0.0670136 7001.11 0.999652
1191200000 41717 -0.160809 7001.13 0.999617
1191300000 41717 -0.126584 7001.12 0.999615
1191400000 41717 1.23287 7000.89 0.999759
1191500000 41717 -0.00348952 7001.1 0.999653
1191600000 41717 -0.0622493 7001.11 0.99963
1191700000 41717 0.0531226 7001.09 0.99966
1191800000 41717 0.0228855 7001.1 0.999638
1191900000 41717 -0.0985642 7001.12 0.999612
1192000000 41717 -0.111412 7001.12 0.999612
1192100000 41717 0.538269 7001.01 0.99971
1192200000 41717 -0.127148 7001.12 0.999624
1192300000 41717 -0.0672902 7001.11 0.999613
1192400000 41717 -0.00331821 7001.1 0.999617
1192500000 41717 -0.0965639 7001.12 0.999624
1192600000 41717 -0.0575101 7001.11 0.999614
1192700000 41717 -0.128932 7001.12 0.999626
1192800000 41717 -0.0785642 7001.11 0.999618
1192900000 41717 0.0346513 7001.1 0.999651
1193000000 41717 -0.100538 7001.12 0.999614
1193100000 41717 -0.108101 7001.12 0.999617
1193200000 41717 -0.0529097 7001.11 0.999614
1193300000 41717 0.224894 7001.06 0.999664
1193400000 41717 4.34347 7000.37 0.999993
1193500000 41717 -0.0105794 7001.1 0.999617
1193600000 41717 -0.0964066 7001.12 0.999631
1193700000 41717 -0.0912336 7001.12 0.999614
1193800000 41717 -0.11141 7001.12 0.999616
1193900000 41717 0.624349 7001 0.999715
1194000000 41717 -0.0613455 7001.11 0.999644
1194100000 41717 0.00561379 7001.1 0.999646
1194200000 41717 -0.00334031 7001.1 0.999638
1194300000 41717 1.7617 7000.81 0.999806
1194400000 41717 -0.0575485 7001.11 0.999641
1194500000 41717 -0.0361949 7001.11 0.999616
1194600000 41717 -0.0548681 7001.11 0.999614
1194700000 41717 -0.0829305 7001.12 0.999624
1194800000 41717 -0.0751575 7001.11 0.999618
1194900000 41717 -0.0522063 7001.11 0.999615
1195000000 41717 -0.0813809 7001.12 0.999613
1195100000 41717 -0.0952146 7001.12 0.999615
1195200000 41717 -0.0320051 7001.11 0.999616
1195300000 41717 -0.100489 7001.12 0.999642
1195400000 41717 0.169201 7001.07 0.999658
1195500000 41717 -0.126467 7001.12 0.99962
1195600000 41717 -0.135591 7001.12 0.999613
1195700000 41717 -0.0460703 7001.11 0.999614
1195800000 41717 2.1706 7000.74 0.999855
1195900000 41717 4.06624 7000.42 0.999965
1196000000 41717 -0.0886519 7001.12 0.999613
1196100000 41717 -0.0210944 7001.11 0.999616
1196200000 41717 -0.0221448 7001.11 0.999616
1196300000 41717 -0.0955665 7001.12 0.999624
1196400000 41717 0.639541 7000.99 0.999716
1196500000 41717 -0.0207818 7001.11 0.999635
1196600000 41717 -0.0714888 7001.11 0.999613
1196700000 41717 0.0381379 7001.1 0.999648
1196800000 41717 -0.0651833 7001.11 0.999637
1196900000 41717 -0.0351044 7001.11 0.999616
1197000000 41717 -0.0388636 7001.11 0.999615
1197100000 41717 0.00789748 7001.1 0.999643
1197200000 41717 -0.116388 7001.12 0.999626
1197300000 41717 -0.127339 7001.12 0.999617
1197400000 41717 -0.0878108 7001.12 0.999615
1197500000 41717 -0.0638002 7001.11 0.999614
1197600000 41717 -0.11579 7001.12 0.999613
1197700000 41717 0.800558 7000.97 0.999743
1197800000 41717 -0.133835 7001.12 0.999633
1197900000 41717 0.161491 7001.07 0.999655
1198000000 41717 -0.0268362 7001.11 0.999616
1198100000 41717 0.224682 7001.06 0.999671
1198200000 41717 -0.0551897 7001.11 0.999624
1198300000 41717 0.328063 7001.05 0.999688
1198400000 41717 -0.0608166 7001.11 0.999621
1198500000 41717 -0.147797 7001.13 0.999626
1198600000 41717 -0.0950212 7001.12 0.999624
1198700000 41717 -0.126745 7001.12 0.999615
1198800000 41717 -0.137723 7001.12 0.999611
1198900000 41717 -0.00957758 7001.1 0.999633
1199000000 41717 -0.0836727 7001.12 0.999618
1199100000 41717 -0.112921 7001.12 0.999619
1199200000 41717 -0.0111701 7001.1 0.999617
1199300000 41717 -0.0751828 7001.11 0.999614
1199400000 41717 -0.00569251 7001.1 0.999617
1199500000 41717 -0.01679 7001.1 0.999641
1199600000 41717 -0.0880941 7001.12 0.999618
1199700000 41717 -0.12307 7001.12 0.999613
1199800000 41717 -0.0714936 7001.11 0.999617
1199900000 41717 -0.15741 7001.13 0.999622
1200000000 41717 -0.108344 7001.12 0.999632
1200100000 41717 0.207465 7001.07 0.999661
1200200000 41717 0.631981 7001 0.999724
1200300000 41717 -0.0343271 7001.11 0.999638
1200400000 41717 -0.0351334 7001.11 0.999646
1200500000 41717 -0.100408 7001.12 0.999614
1200600000 41717 -0.131032 7001.12 0.999611
1200700000 41717 -0.138633 7001.12 0.999613
1200800000 41717 -0.031071 7001.11 0.999634
1200900000 41717 0.221298 7001.06 0.999675
1201000000 41717 -0.0549736 7001.11 0.999615
1201100000 41717 0.0319514 7001.1 0.999643
1201200000 41717 -0.07894 7001.11 0.999617
1201300000 41717 -0.0143996 7001.1 0.999616
1201400000 41717 -0.0183634 7001.1 0.999616
1201500000 41717 0.1652 7001.07 0.999668
1201600000 41717 0.0111297 7001.1 0.999636
1201700000 41717 0.548749 7001.01 0.999702
1201800000 41717 -0.078051 7001.11 0.999614
1201900000 41717 -0.0967387 7001.12 0.999614
1202000000 41717 -0.0657439 7001.11 0.999615
1202100000 41717 0.382137 7001.04 0.999688
1202200000 41717 2.25184 7000.72 0.999881
1202300000 41717 -0.0724285 7001.11 0.999613
1202400000 41717 -0.0680567 7001.11 0.999615
1202500000 41717 -0.165052 7001.13 0.999616
1202600000 41717 -0.0586183 7001.11 0.999614
1202700000 41717 -0.0778406 7001.11 0.999613
1202800000 41717 -0.0752733 7001.11 0.999615
1202900000 41717 0.167855 7001.07 0.99968
1203000000 41717 -0.09395 7001.12 0.999622
1203100000 41717 -0.10864 7001.12 0.999617
1203200000 41717 -0.102337 7001.12 0.999626
1203300000 41717 -0.109162 7001.12 0.999615
1203400000 41717 -0.0503965 7001.11 0.999616
1203500000 41717 -0.0502929 7001.11 0.999615
1203600000 41717 -0.0616224 7001.11 0.999614
1203700000 41717 -0.0120196 7001.1 0.999637
1203800000 41717 -0.0935656 7001.12 0.999614
1203900000 41717 -0.0881835 7001.12 0.999635
1204000000 41717 -0.0450015 7001.11 0.999615
1204100000 41717 -0.151704 7001.13 0.999639
1204200000 41717 -0.0877852 7001.12 0.999616
1204300000 41717 1.08901 7000.92 0.999747
1204400000 41717 -0.0586787 7001.11 0.999637
1204500000 41717 -0.128032 7001.12 0.999616
1204600000 41717 0.987301 7000.94 0.999751
1204700000 41717 -0.0142178 7001.1 0.999632
1204800000 41717 -0.058474 7001.11 0.999616
1204900000 41717 0.249884 7001.06 0.999671
1205000000 41717 -0.0415046 7001.11 0.999615
1205100000 41717 -0.0449072 7001.11 0.999614
1205200000 41717 -0.0865772 7001.12 0.999616
1205300000 41717 -0.0319427 7001.11 0.999615
1205400000 41717 0.587335 7001 0.999728
1205500000 41717 4.86803 7000.28 1.00005
1205600000 41717 0.245052 7001.06 0.999683
1205700000 41717 0.305781 7001.05 0.999672
1205800000 41717 -0.147509 7001.13 0.999618
1205900000 41717 -0.0475449 7001.11 0.999614
1206000000 41717 -0.139299 7001.13 0.999617
1206100000 41717 -0.0245813 7001.11 0.999616
1206200000 41717 -0.0520832 7001.11 0.999614
1206300000 41717 -0.181835 7001.13 0.999618
1206400000 41717 -0.129924 7001.12 0.99963
1206500000 41717 -0.00504592 7001.1 0.999617
1206600000 41717 -0.0671333 7001.11 0.999616
1206700000 41717 -0.0601897 7001.11 0.999614
1206800000 41717 -0.0043646 7001.1 0.999617
1206900000 41717 1.70872 7000.81 0.9998
1207000000 41717 -0.0698593 7001.11 0.999615
1207100000 41717 -0.0283832 7001.11 0.999616
1207200000 41717 -0.0120476 7001.1 0.999617
1207300000 41717 -0.113606 7001.12 0.999614
1207400000 41717 -0.0879129 7001.12 0.999619
1207500000 41717 -0.158734 7001.13 0.999611
1207600000 41717 -0.0349612 7001.11 0.999615
1207700000 41717 -0.0532133 7001.11 0.999616
1207800000 41717 -0.0930445 7001.12 0.999616
1207900000 41717 -0.0727391 7001.11 0.999615
1208000000 41717 0.577919 7001 0.999719
1208100000 41717 -0.0899741 7001.12 0.999617
1208200000 41717 -0.124835 7001.12 0.999621
1208300000 41717 1.65447 7000.82 0.999794
1208400000 41717 -0.183293 7001.13 0.999613
1208500000 41717 9.14952 6999.57 1.00031
1208600000 41717 -0.0943804 7001.12 0.999612
1208700000 41717 -0.0456422 7001.11 0.999633
1208800000 41717 -0.146606 7001.13 0.999619
1208900000 41717 -0.116567 7001.12 0.999612
1209000000 41717 -0.0637954 7001.11 0.999613
1209100000 41717 -0.212698 7001.14 0.999611
1209200000 41717 0.118656 7001.08 0.999654
1209300000 41717 1.45534 7000.86 0.999783
1209400000 41717 -0.0349073 7001.11 0.999616
1209500000 41717 -0.231276 7001.14 0.999608
1209600000 41717 -0.0358651 7001.11 0.999615
1209700000 41717 -0.121274 7001.12 0.99962
1209800000 41717 -0.0920428 7001.12 0.999616
1209900000 41717 -0.0511957 7001.11 0.999614
1210000000 41717 4.233 7000.39 0.999976
1210100000 41717 -0.17293 7001.13 0.999615
1210200000 41717 -0.0125898 7001.1 0.999617
1210300000 41717 -0.0863497 7001.12 0.999617
1210400000 41717 -0.0737706 7001.11 0.999618
1210500000 41717 -0.104333 7001.12 0.999617
1210600000 41717 1.94338 7000.78 0.999822
1210700000 41717 -0.124692 7001.12 0.999613
1210800000 41717 0.964786 7000.94 0.999758
1210900000 41717 0.276505 7001.06 0.999672
1211000000 41717 0.151445 7001.08 0.999672
1211100000 41717 -0.0113192 7001.1 0.999641
1211200000 41717 0.274402 7001.06 0.999669
1211300000 41717 -0.0361384 7001.11 0.999616
1211400000 41717 -0.0940358 7001.12 0.999616
1211500000 41717 -0.164114 7001.13 0.999614
1211600000 41717 -0.0909346 7001.12 0.999611
1211700000 41717 -0.154606 7001.13 0.999616
1211800000 41717 -0.105273 7001.12 0.999638
1211900000 41717 -0.163053 7001.13 0.999616
1212000000 41717 -0.0583339 7001.11 0.999614
1212100000 41717 -0.111361 7001.12 0.999614
1212200000 41717 -0.0496291 7001.11 0.999614
1212300000 41717 -0.0623374 7001.11 0.999616
1212400000 41717 -0.031713 7001.11 0.999615
1212500000 41717 -0.0499059 7001.11 0.999615
1212600000 41717 -0.100882 7001.12 0.999615
1212700000 41717 0.0428104 7001.09 0.999642
1212800000 41717 -0.103263 7001.12 0.999618
1212900000 41717 0.246938 7001.06 0.999665
1213000000 41717 -0.24768 7001.14 0.999622
1213100000 41717 -0.06699 7001.11 0.999613
1213200000 41717 -0.0742271 7001.11 0.999613
1213300000 41717 -0.00857303 7001.1 0.999617
1213400000 41717 -0.0533425 7001.11 0.999614
1213500000 41717 0.0789766 7001.09 0.999647
1213600000 41717 -0.0713418 7001.11 0.999625
1213700000 41717 0.619757 7001 0.999703
1213800000 41717 -0.084861 7001.12 0.999615
1213900000 41717 -0.0608082 7001.11 0.999617
1214000000 41717 0.1986 7001.07 0.999667
1214100000 41717 -0.144797 7001.13 0.999613
1214200000 41717 0.0301622 7001.1 0.999641
1214300000 41717 -0.0311315 7001.11 0.999616
1214400000 41717 0.0318002 7001.1 0.999654
1214500000 41717 -0.126405 7001.12 0.999612
1214600000 41717 -0.123475 7001.12 0.999626
1214700000 41717 0.554922 7001.01 0.999699
1214800000 41717 0.0947307 7001.09 0.999656
1214900000 41717 -0.160442 7001.13 0.99961
1215000000 41717 -0.128829 7001.12 0.999623
1215100000 41717 1.01101 7000.93 0.999778
1215200000 41717 -0.0238299 7001.11 0.999637
1215300000 41717 -0.0356707 7001.11 0.999615
1215400000 41717 -0.0908556 7001.12 0.999614
1215500000 41717 -0.0540265 7001.11 0.999631
1215600000 41717 -0.0370682 7001.11 0.999627
1215700000 41717 0.302293 7001.05 0.999671
1215800000 41717 -0.126326 7001.12 0.999616
1215900000 41717 -0.0201597 7001.11 0.99963
1216000000 41717 0.511284 7001.02 0.999693
1216100000 41717 -0.037147 7001.11 0.999615
1216200000 41717 0.00843504 7001.1 0.999643
1216300000 41717 -0.00826644 7001.1 0.999617
1216400000 41717 -0.0779037 7001.11 0.999617
1216500000 41717 -0.0522027 7001.11 0.999614
1216600000 41717 -0.062967 7001.11 0.999623
1216700000 41717 2.19925 7000.73 0.999835
1216800000 41717 -0.0583064 7001.11 0.999627
1216900000 41717 -0.150058 7001.13 0.999621
1217000000 41717 -0.117233 7001.12 0.999612
1217100000 41717 0.0637696 7001.09 0.999647
1217200000 41717 -0.070479 7001.11 0.999614
1217300000 41717 -0.122694 7001.12 0.999621
1217400000 41717 -0.116953 7001.12 0.999614
1217500000 41717 -0.0558683 7001.11 0.999614
1217600000 41717 -0.150396 7001.13 0.999616
1217700000 41717 0.287055 7001.05 0.999673
1217800000 41717 0.684132 7000.99 0.99971
1217900000 41717 -0.033032 7001.11 0.999615
1218000000 41717 -0.0965256 7001.12 0.999614
1218100000 41717 -0.0365716 7001.11 0.999615
1218200000 41717 -0.104905 7001.12 0.999617
1218300000 41717 0.981681 7000.94 0.999738
1218400000 41717 3.87788 7000.45 0.999952
1218500000 41717 -0.113349 7001.12 0.999612
1218600000 41717 3.1602 7000.57 0.999951
1218700000 41717 -0.0799073 7001.12 0.999629
1218800000 41717 -0.0623594 7001.11 0.999631
1218900000 41717 0.146159 7001.08 0.999661
1219000000 41717 -0.187015 7001.13 0.999621
1219100000 41717 -0.0313842 7001.11 0.999615
1219200000 41717 -0.0742373 7001.11 0.999617
1219300000 41717 -0.0338018 7001.11 0.999615
1219400000 41717 -0.0529165 7001.11 0.999614
1219500000 41717 -0.0632502 7001.11 0.999614
1219600000 41717 -0.043955 7001.11 0.999657
1219700000 41717 -0.0602107 7001.11 0.999614
1219800000 41717 -0.0375338 7001.11 0.999615
1219900000 41717 -0.0857241 7001.12 0.999618
1220000000 41717 0.447536 7001.03 0.999686
1220100000 41717 -0.101207 7001.12 0.999618
1220200000 41717 -0.0395401 7001.11 0.999615
1220300000 41717 -0.0581421 7001.11 0.999652
1220400000 41717 1.03786 7000.93 0.999768
1220500000 41717 0.233023 7001.06 0.999667
1220600000 41717 0.638665 7000.99 0.999705
1220700000 41717 -0.102366 7001.12 0.999627
1220800000 41717 -0.0497418 7001.11 0.999614
1220900000 41717 -0.127182 7001.12 0.999617
1221000000 41717 -0.100317 7001.12 0.999613
1221100000 41717 2.21331 7000.73 0.999838
1221200000 41717 0.190242 7001.07 0.999659
1221300000 41717 -0.0367833 7001.11 0.999615
1221400000 41717 0.323155 7001.05 0.999673
1221500000 41717 1.12425 7000.91 0.999755
1221600000 41717 -0.0549463 7001.11 0.999615
1221700000 41717 0.95673 7000.94 0.999737
1221800000 41717 -0.103211 7001.12 0.999615
1221900000 41717 -0.1196 7001.12 0.999612
1222000000 41717 0.391772 7001.04 0.999732
1222100000 41717 -0.0709619 7001.11 0.999616
1222200000 41717 -0.0652335 7001.11 0.99962
1222300000 41717 -0.0107498 7001.1 0.999617
1222400000 41717 -0.0709369 7001.11 0.999624
1222500000 41717 1.07845 7000.92 0.999759
1222600000 41717 -0.0823014 7001.12 0.999614
1222700000 41717 0.161561 7001.07 0.999662
1222800000 41717 2.03428 7000.76 0.999824
1222900000 41717 -0.0815392 7001.12 0.999617
1223000000 41717 -0.0220976 7001.11 0.999633
1223100000 41717 1.38402 7000.87 0.999779
1223200000 41717 -0.21154 7001.14 0.999618
1223300000 41717 -0.0613243 7001.11 0.999613
1223400000 41717 -0.039618 7001.11 0.999638
1223500000 41717 -0.0826377 7001.12 0.999617
1223600000 41717 0.15941 7001.07 0.999664
1223700000 41717 0.204874 7001.07 0.999665
1223800000 41717 1.95346 7000.77 0.999851
1223900000 41717 0.241301 7001.06 0.999666
1224000000 41717 -0.0451178 7001.11 0.999615
1224100000 41717 6.48587 7000.01 1.00012
1224200000 41717 1.57179 7000.84 0.999845
1224300000 41717 -0.0303168 7001.11 0.999615
1224400000 41717 -0.0113906 7001.1 0.999617
1224500000 41717 -0.0146196 7001.1 0.999631
1224600000 41717 -0.0525265 7001.11 0.999614
1224700000 41717 -0.120612 7001.12 0.999621
1224800000 41717 -0.0595068 7001.11 0.999614
1224900000 41717 -0.053133 7001.11 0.999625
1225000000 41717 -0.107761 7001.12 0.999636
1225100000 41717 -0.137898 7001.12 0.999612
1225200000 41717 -0.132337 7001.12 0.999613
1225300000 41717 6.67752 6999.98 1.00015
1225400000 41717 -0.128957 7001.12 0.999615
1225500000 41717 -0.0476785 7001.11 0.999615
1225600000 41717 0.159561 7001.07 0.999668
1225700000 41717 -0.0893637 7001.12 0.999613
1225800000 41717 -0.0665331 7001.11 0.999618
1225900000 41717 -0.0188056 7001.1 0.999616
1226000000 41717 -0.00669002 7001.1 0.999646
1226100000 41717 -0.0646931 7001.11 0.999614
1226200000 41717 -0.120872 7001.12 0.999621
1226300000 41717 -0.0421391 7001.11 0.999615
1226400000 41717 -0.0401532 7001.11 0.999615
1226500000 41717 -0.126301 7001.12 0.999619
1226600000 41717 -0.036066 7001.11 0.999615
1226700000 41717 1.34137 7000.88 0.999768
1226800000 41717 -0.104676 7001.12 0.999615
1226900000 41717 -0.0340788 7001.11 0.999616
1227000000 41717 0.32021 7001.05 0.999678
1227100000 41717 0.47455 7001.02 0.999702
1227200000 41717 -0.0609665 7001.11 0.999614
1227300000 41717 -0.0775005 7001.11 0.999618
1227400000 41717 0.733426 7000.98 0.999717
1227500000 41717 -0.078571 7001.11 0.999615
1227600000 41717 -0.0719685 7001.11 0.999622
1227700000 41717 -0.0649662 7001.11 0.999625
1227800000 41717 -0.0355359 7001.11 0.999615
1227900000 41717 -0.0610202 7001.11 0.999615
1228000000 41717 -0.0403102 7001.11 0.999654
1228100000 41717 -0.0133591 7001.1 0.999616
1228200000 41717 -0.0575567 7001.11 0.999614
1228300000 41717 -0.0197635 7001.1 0.999616
1228400000 41717 -0.0201792 7001.11 0.999616
1228500000 41717 -0.0996638 7001.12 0.999627
1228600000 41717 -0.0828956 7001.12 0.999612
1228700000 41717 -0.00566712 7001.1 0.999617
1228800000 41717 0.0835979 7001.09 0.99965
1228900000 41717 0.17355 7001.07 0.999657
1229000000 41717 -0.0320328 7001.11 0.999616
1229100000 41717 6.97275 6999.93 1.0003
1229200000 41717 -0.0254758 7001.11 0.999616
1229300000 41717 -0.0898868 7001.12 0.999613
1229400000 41717 1.55409 7000.84 0.99979
1229500000 41717 -0.134195 7001.12 0.999623
1229600000 41717 -0.0542071 7001.11 0.999625
1229700000 41717 -0.0206188 7001.11 0.999616
1229800000 41717 -0.00638066 7001.1 0.999634
1229900000 41717 0.116871 7001.08 0.999658
1230000000 41717 -0.0321862 7001.11 0.999615
1230100000 41717 -0.030875 7001.11 0.999615
1230200000 41717 -0.211553 7001.14 0.999626
1230300000 41717 -0.0501849 7001.11 0.999623
1230400000 41717 -0.113252 7001.12 0.999616
1230500000 41717 -0.208014 7001.14 0.999621
1230600000 41717 -0.0292632 7001.11 0.999616
1230700000 41717 1.41789 7000.86 0.999773
1230800000 41717 -0.212964 7001.14 0.999631
1230900000 41717 -0.14153 7001.13 0.999617
1231000000 41717 0.294943 7001.05 0.999684
1231100000 41717 -0.0188335 7001.1 0.999616
1231200000 41717 -0.120571 7001.12 0.999613
1231300000 41717 0.139963 7001.08 0.999665
1231400000 41717 -0.149982 7001.13 0.999613
1231500000 41717 0.555346 7001.01 0.999713
1231600000 41717 -0.0392208 7001.11 0.999614
1231700000 41717 0.0573729 7001.09 0.999661
1231800000 41717 -0.0588327 7001.11 0.999616
1231900000 41717 -0.116257 7001.12 0.999614
1232000000 41717 0.455566 7001.03 0.999741
1232100000 41717 -0.109713 7001.12 0.999613
1232200000 41717 -0.113373 7001.12 0.999612
1232300000 41717 1.24924 7000.89 0.999799
1232400000 41717 -0.139561 7001.13 0.999614
1232500000 41717 -0.0663366 7001.11 0.999633
1232600000 41717 0.704683 7000.98 0.999747
1232700000 41717 1.12813 7000.91 0.999748
1232800000 41717 -0.0560055 7001.11 0.999617
1232900000 41717 -0.0943312 7001.12 0.99963
1233000000 41717 -0.0352748 7001.11 0.999616
1233100000 41717 0.158211 7001.08 0.999656
1233200000 41717 0.176874 7001.07 0.999671
1233300000 41717 -0.00914068 7001.1 0.999617
1233400000 41717 -0.0887957 7001.12 0.999615
1233500000 41717 1.63191 7000.83 0.999832
1233600000 41717 2.07533 7000.75 0.999826
1233700000 41717 -0.0857336 7001.12 0.999615
1233800000 41717 -0.14726 7001.13 0.999624
1233900000 41717 1.33827 7000.88 0.999766
1234000000 41717 -0.0654176 7001.11 0.999614
1234100000 41717 0.344877 7001.04 0.999678
1234200000 41717 -0.164809 7001.13 0.999618
1234300000 41717 -0.0681482 7001.11 0.999613
1234400000 41717 2.56698 7000.67 0.999874
1234500000 41717 -0.0264987 7001.11 0.999616
1234600000 41717 -0.131484 7001.12 0.999615
1234700000 41717 -0.0570829 7001.11 0.999615
1234800000 41717 -0.0086997 7001.1 0.999632
1234900000 41717 -0.0509309 7001.11 0.999614
1235000000 41717 -0.157113 7001.13 0.999618
1235100000 41717 1.6615 7000.82 0.999796
1235200000 41717 0.239251 7001.06 0.999668
1235300000 41717 2.22919 7000.73 0.999836
1235400000 41717 0.24997 7001.06 0.999683
1235500000 41717 0.36348 7001.04 0.999706
1235600000 41717 -0.0761895 7001.11 0.999623
1235700000 41717 -0.0646142 7001.11 0.999615
1235800000 41717 -0.0194551 7001.1 0.999616
1235900000 41717 -0.00287778 7001.1 0.999633
1236000000 41717 -0.0211418 7001.11 0.999616
1236100000 41717 1.0393 7000.93 0.999756
1236200000 41717 2.15525 7000.74 0.99988
1236300000 41717 -0.109375 7001.12 0.999613
1236400000 41717 -0.098725 7001.12 0.99963
1236500000 41717 -0.0780602 7001.11 0.999613
1236600000 41717 0.632907 7001 0.999715
1236700000 41717 -0.0594585 7001.11 0.999615
1236800000 41717 -0.119437 7001.12 0.999616
1236900000 41717 -0.0547694 7001.11 0.999614
1237000000 41717 2.41751 7000.7 0.999862
1237100000 41717 -0.00669973 7001.1 0.999635
1237200000 41717 -0.0280296 7001.11 0.999616
1237300000 41717 0.0355522 7001.1 0.999655
1237400000 41717 1.13554 7000.91 0.9998
1237500000 41717 -0.094816 7001.12 0.99962
1237600000 41717 0.90897 7000.95 0.999756
1237700000 41717 -0.0910006 7001.12 0.999613
1237800000 41717 -0.0490078 7001.11 0.999616
1237900000 41717 -0.0403162 7001.11 0.999615
1238000000 41717 0.103343 7001.08 0.999649
1238100000 41717 2.78285 7000.63 0.999926
1238200000 41717 0.0646268 7001.09 0.999657
1238300000 41717 -0.0285069 7001.11 0.999616
1238400000 41717 -0.103009 7001.12 0.999613
1238500000 41717 -0.0710983 7001.11 0.999614
1238600000 41717 0.218896 7001.06 0.999674
1238700000 41717 -0.0165341 7001.1 0.999616
1238800000 41717 -0.0197331 7001.1 0.999616
1238900000 41717 -0.0627252 7001.11 0.999613
1239000000 41717 -0.0646725 7001.11 0.999615
1239100000 41717 -0.102156 7001.12 0.999613
1239200000 41717 -0.0835168 7001.12 0.999613
1239300000 41717 -0.00360089 7001.1 0.999634
1239400000 41717 0.0449899 7001.09 0.999658
1239500000 41717 -0.106844 7001.12 0.999613
1239600000 41717 1.27718 7000.89 0.999801
1239700000 41717 -0.238006 7001.14 0.999614
1239800000 41717 -0.0569599 7001.11 0.999625
1239900000 41717 0.590265 7001 0.999701
1240000000 41717 -0.0176213 7001.1 0.999616
1240100000 41717 2.94259 7000.61 0.999889
1240200000 41717 3.4995 7000.51 0.999945
1240300000 41717 0.0180278 7001.1 0.999638
1240400000 41717 -0.0141732 7001.1 0.999616
1240500000 41717 -0.0629353 7001.11 0.999614
1240600000 41717 -0.0877792 7001.12 0.999613
1240700000 41717 -0.0242499 7001.11 0.999616
1240800000 41717 -0.113046 7001.12 0.999614
1240900000 41717 -0.0562596 7001.11 0.999623
1241000000 41717 -0.0613744 7001.11 0.999616
1241100000 41717 0.718182 7000.98 0.999714
1241200000 41717 -0.0969648 7001.12 0.999633
1241300000 41717 -0.139787 7001.13 0.999624
1241400000 41717 -0.0647087 7001.11 0.999616
1241500000 41717 0.467492 7001.02 0.999703
1241600000 41717 -0.088664 7001.12 0.999615
1241700000 41717 1.37849 7000.87 0.999771
1241800000 41717 -0.0631948 7001.11 0.999632
1241900000 41717 -0.124637 7001.12 0.999613
1242000000 41717 -0.0618386 7001.11 0.999619
1242100000 41717 -0.0299368 7001.11 0.999615
1242200000 41717 -0.081775 7001.12 0.999614
1242300000 41717 -0.0981987 7001.12 0.999631
1242400000 41717 -0.170008 7001.13 0.999621
1242500000 41717 -0.0202886 7001.11 0.999616
1242600000 41717 -0.0515511 7001.11 0.999635
1242700000 41717 -0.0170255 7001.1 0.999637
1242800000 41717 -0.0633154 7001.11 0.999618
1242900000 41717 -0.104354 7001.12 0.999614
1243000000 41717 -0.066231 7001.11 0.999617
1243100000 41717 -0.11367 7001.12 0.999615
1243200000 41717 -0.0606238 7001.11 0.999613
1243300000 41717 -0.12543 7001.12 0.999614
1243400000 41717 -0.0608781 7001.11 0.999615
1243500000 41717 -0.102388 7001.12 0.999613
1243600000 41717 2.27312 7000.72 0.999845
1243700000 41717 -0.0244698 7001.11 0.999616
1243800000 41717 -0.0220286 7001.11 0.999616
1243900000 41717 -0.0997117 7001.12 0.999627
1244000000 41717 -0.0685812 7001.11 0.999622
1244100000 41717 -0.057345 7001.11 0.999626
1244200000 41717 -0.0797304 7001.12 0.999627
1244300000 41717 -0.0344644 7001.11 0.999615
1244400000 41717 -0.0689244 7001.11 0.999613
1244500000 41717 -0.0831247 7001.12 0.999612
1244600000 41717 -0.0740938 7001.11 0.999615
1244700000 41717 0.0736548 7001.09 0.999658
1244800000 41717 1.62457 7000.83 0.999795
1244900000 41717 0.382572 7001.04 0.99968
1245000000 41717 -0.0332928 7001.11 0.999615
1245100000 41717 -0.0566412 7001.11 0.999634
1245200000 41717 -0.0297344 7001.11 0.999615
1245300000 41717 -0.152499 7001.13 0.999616
1245400000 41717 -0.102761 7001.12 0.99963
1245500000 41717 -0.00522795 7001.1 0.999617
1245600000 41717 -0.0963622 7001.12 0.999614
1245700000 41717 -0.0523438 7001.11 0.999623
1245800000 41717 -0.104247 7001.12 0.999612
1245900000 41717 -0.0469273 7001.11 0.999616
1246000000 41717 -0.0731634 7001.11 0.999612
1246100000 41717 -0.0201161 7001.11 0.999616
1246200000 41717 -0.0294868 7001.11 0.999616
1246300000 41717 -0.0701327 7001.11 0.999613
1246400000 41717 -0.0491812 7001.11 0.999615
1246500000 41717 -0.0512856 7001.11 0.999615
1246600000 41717 -0.00967013 7001.1 0.999617
1246700000 41717 -0.106557 7001.12 0.999611
1246800000 41717 -0.138518 7001.12 0.999627
1246900000 41717 -0.0697126 7001.11 0.999614
1247000000 41717 -0.0797322 7001.12 0.999642
1247100000 41717 0.261667 7001.06 0.999667
1247200000 41717 0.0569085 7001.09 0.999645
1247300000 41717 -0.0080148 7001.1 0.999617
1247400000 41717 -0.0867503 7001.12 0.999612
1247500000 41717 -0.216149 7001.14 0.999614
1247600000 41717 -0.0834336 7001.12 0.999615
1247700000 41717 -0.0223712 7001.11 0.999616
1247800000 41717 -0.178418 7001.13 0.999614
1247900000 41717 -0.0693598 7001.11 0.999613
1248000000 41717 5.52195 7000.18 1.00017
1248100000 41717 -0.0244382 7001.11 0.999644
1248200000 41717 -0.0486676 7001.11 0.999623
1248300000 41717 -0.0889207 7001.12 0.999615
1248400000 41717 -0.0169174 7001.1 0.999616
1248500000 41717 -0.0811482 7001.12 0.999615
1248600000 41717 -0.176731 7001.13 0.999619
1248700000 41717 -0.109491 7001.12 0.999613
1248800000 41717 0.817826 7000.96 0.99975
1248900000 41717 0.255911 7001.06 0.999668
1249000000 41717 1.15409 7000.91 0.999754
1249100000 41717 -0.120891 7001.12 0.999614
1249200000 41717 -0.119609 7001.12 0.999611
1249300000 41717 -0.0687751 7001.11 0.999614
1249400000 41717 -0.0362255 7001.11 0.999615
1249500000 41717 0.659281 7000.99 0.999723
1249600000 41717 -0.0778 7001.11 0.999613
1249700000 41717 -0.0383786 7001.11 0.999615
1249800000 41717 -0.289022 7001.15 0.999633
1249900000 41717 -0.0530533 7001.11 0.999627
1250000000 41717 -0.0347008 7001.11 0.999616
1250100000 41717 -0.0965148 7001.12 0.99962
1250200000 41717 -0.0589318 7001.11 0.99962
1250300000 41717 -0.0278331 7001.11 0.999637
1250400000 41717 -0.0595134 7001.11 0.999625
1250500000 41717 -0.0809249 7001.12 0.999619
1250600000 41717 -0.0155406 7001.1 0.999616
1250700000 41717 0.342218 7001.04 0.999685
1250800000 41717 -0.0183519 7001.1 0.999616
1250900000 41717 -0.0628753 7001.11 0.999615
1251000000 41717 -0.0776809 7001.11 0.999626
1251100000 41717 1.376 7000.87 0.999769
1251200000 41717 -0.0882966 7001.12 0.999615
1251300000 41717 -0.066274 7001.11 0.999628
1251400000 41717 1.13374 7000.91 0.999777
1251500000 41717 7.59704 6999.83 1.00018
1251600000 41717 -0.0324937 7001.11 0.999615
1251700000 41717 -0.0698228 7001.11 0.999613
1251800000 41717 0.130891 7001.08 0.999658
1251900000 41717 0.171682 7001.07 0.999668
1252000000 41717 0.154679 7001.08 0.999654
1252100000 41717 -0.0028541 7001.1 0.999617
1252200000 41717 -0.0414451 7001.11 0.999614
1252300000 41717 2.2669 7000.72 0.999885
1252400000 41717 0.375948 7001.04 0.999682
1252500000 41717 -0.155593 7001.13 0.999617
1252600000 41717 0.014774 7001.1 0.999642
1252700000 41717 2.51137 7000.68 0.999893
1252800000 41717 0.215818 7001.07 0.999671
1252900000 41717 0.257949 7001.06 0.999696
1253000000 41717 0.0795993 7001.09 0.999646
1253100000 41717 -0.0215378 7001.11 0.999616
1253200000 41717 -0.0140463 7001.1 0.999616
1253300000 41717 1.79201 7000.8 0.999803
1253400000 41717 -0.120902 7001.12 0.999613
1253500000 41717 -0.0681644 7001.11 0.999628
1253600000 41717 -0.0794928 7001.11 0.999614
1253700000 41717 -0.0455855 7001.11 0.999614
1253800000 41717 -0.132882 7001.12 0.999612
1253900000 41717 -0.0849815 7001.12 0.999623
1254000000 41717 -0.120446 7001.12 0.999616
1254100000 41717 0.0596452 7001.09 0.999644
1254200000 41717 -0.0767829 7001.11 0.999615
1254300000 41717 -0.0648418 7001.11 0.999613
1254400000 41717 0.0740246 7001.09 0.999648
1254500000 41717 0.74459 7000.98 0.999724
1254600000 41717 -0.064473 7001.11 0.999614
1254700000 41717 -0.0610291 7001.11 0.999617
1254800000 41717 -0.042903 7001.11 0.999615
1254900000 41717 -0.162006 7001.13 0.999615
1255000000 41717 1.57852 7000.84 0.999803
1255100000 41717 -0.10301 7001.12 0.999618
1255200000 41717 -0.124856 7001.12 0.999615
1255300000 41717 -0.12383 7001.12 0.999613
1255400000 41717 1.1647 7000.91 0.999752
1255500000 41717 -0.0508524 7001.11 0.999615
1255600000 41717 -0.0513659 7001.11 0.999614
1255700000 41717 -0.0473421 7001.11 0.999615
1255800000 41717 1.32242 7000.88 0.999767
1255900000 41717 -0.0621411 7001.11 0.999632
1256000000 41717 -0.0720297 7001.11 0.999633
1256100000 41717 -0.183942 7001.13 0.999619
1256200000 41717 -0.0495546 7001.11 0.999615
1256300000 41717 -0.0555936 7001.11 0.999621
1256400000 41717 -0.0343095 7001.11 0.999615
1256500000 41717 -0.120903 7001.12 0.999613
1256600000 41717 -0.108948 7001.12 0.999617
1256700000 41717 -0.0174802 7001.1 0.999639
1256800000 41717 -0.0895845 7001.12 0.999615
1256900000 41717 0.0100553 7001.1 0.999652
1257000000 41717 -0.0430165 7001.11 0.999614
1257100000 41717 -0.0871358 7001.12 0.999614
1257200000 41717 0.342922 7001.04 0.999692
1257300000 41717 -0.0176113 7001.1 0.999616
1257400000 41717 -0.0164876 7001.1 0.999616
1257500000 41717 -0.0656402 7001.11 0.999617
1257600000 41717 -0.0294337 7001.11 0.999628
1257700000 41717 -0.049035 7001.11 0.999615
1257800000 41717 0.549696 7001.01 0.999697
1257900000 41717 -0.0956551 7001.12 0.999645
1258000000 41717 1.08556 7000.92 0.99975
1258100000 41717 -0.0632535 7001.11 0.999614
1258200000 41717 -0.0797725 7001.12 0.999627
1258300000 41717 -0.122401 7001.12 0.999615
1258400000 41717 -0.0273953 7001.11 0.999647
1258500000 41717 -0.0403329 7001.11 0.999627
1258600000 41717 -0.127238 7001.12 0.999614
1258700000 41717 0.23452 7001.06 0.99967
1258800000 41717 -0.070633 7001.11 0.999616
1258900000 41717 -0.0793413 7001.11 0.999618
1259000000 41717 -0.153193 7001.13 0.99962
1259100000 41717 0.834018 7000.96 0.999731
1259200000 41717 -0.0541693 7001.11 0.999614
1259300000 41717 0.446913 7001.03 0.99969
1259400000 41717 0.0443986 7001.09 0.99966
1259500000 41717 -0.0329967 7001.11 0.999629
1259600000 41717 0.500476 7001.02 0.999707
1259700000 41717 -0.00582271 7001.1 0.999617
1259800000 41717 -0.109389 7001.12 0.999628
1259900000 41717 -0.0440213 7001.11 0.999615
1260000000 41717 -0.0381954 7001.11 0.999615
1260100000 41717 0.175217 7001.07 0.999673
1260200000 41717 -0.103129 7001.12 0.999625
1260300000 41717 -0.0146529 7001.1 0.999616
1260400000 41717 -0.0238976 7001.11 0.999616
1260500000 41717 -0.0771609 7001.11 0.999613
1260600000 41717 3.03217 7000.59 0.999918
1260700000 41717 -0.110982 7001.12 0.999646
1260800000 41717 -0.144881 7001.13 0.999622
1260900000 41717 -0.0687928 7001.11 0.999614
1261000000 41717 -0.0213118 7001.11 0.999637
1261100000 41717 -0.0864348 7001.12 0.999622
1261200000 41717 -0.0541709 7001.11 0.999615
1261300000 41717 0.17295 7001.07 0.999666
1261400000 41717 0.0476854 7001.09 0.999641
1261500000 41717 1.53761 7000.84 0.999794
1261600000 41717 -0.159192 7001.13 0.999613
1261700000 41717 -0.0791059 7001.11 0.99963
1261800000 41717 -0.0653644 7001.11 0.999631
1261900000 41717 -0.0792982 7001.11 0.999616
1262000000 41717 -0.0599164 7001.11 0.999621
1262100000 41717 -0.0934444 7001.12 0.999612
1262200000 41717 -0.0266649 7001.11 0.999659
1262300000 41717 -0.0831223 7001.12 0.999619
1262400000 41717 -0.14691 7001.13 0.999618
1262500000 41717 0.169859 7001.07 0.999674
1262600000 41717 -0.104802 7001.12 0.999613
1262700000 41717 -0.08223 7001.12 0.999614
1262800000 41717 0.917185 7000.95 0.999764
1262900000 41717 -0.0046797 7001.1 0.999617
1263000000 41717 -0.0530213 7001.11 0.999614
1263100000 41717 -0.178037 7001.13 0.999612
1263200000 41717 -0.0733673 7001.11 0.99962
1263300000 41717 5.58296 7000.17 1.00007
1263400000 41717 -0.118873 7001.12 0.999617
1263500000 41717 0.158873 7001.07 0.99968
1263600000 41717 -0.236111 7001.14 0.999616
1263700000 41717 -0.139664 7001.13 0.999615
1263800000 41717 0.031719 7001.1 0.999638
1263900000 41717 -0.0931954 7001.12 0.999612
1264000000 41717 0.0805696 7001.09 0.999676
1264100000 41717 -0.0310016 7001.11 0.999616
1264200000 41717 -0.0543314 7001.11 0.999616
1264300000 41717 -0.0762794 7001.11 0.999631
1264400000 41717 -0.0487889 7001.11 0.999614
1264500000 41717 0.16327 7001.07 0.999655
1264600000 41717 -0.172573 7001.13 0.999621
1264700000 41717 -0.020042 7001.11 0.999616
1264800000 41717 -0.0136429 7001.1 0.999617
1264900000 41717 -0.0267481 7001.11 0.999615
1265000000 41717 2.51025 7000.68 0.999928
1265100000 41717 0.677012 7000.99 0.999711
1265200000 41717 -0.0627851 7001.11 0.999616
1265300000 41717 -0.199154 7001.14 0.999612
1265400000 41717 2.89991 7000.62 0.999885
1265500000 41717 -0.114746 7001.12 0.999614
1265600000 41717 -0.00242666 7001.1 0.999617
1265700000 41717 -0.0481054 7001.11 0.999614
1265800000 41717 -0.0144555 7001.1 0.999646
1265900000 41717 1.04529 7000.93 0.999754
1266000000 41717 1.55884 7000.84 0.999784
1266100000 41717 -0.106869 7001.12 0.999644
1266200000 41717 -0.0958604 7001.12 0.999638
1266300000 41717 -0.053085 7001.11 0.999615
1266400000 41717 -0.160672 7001.13 0.999613
1266500000 41717 -0.0901258 7001.12 0.999613
1266600000 41717 -0.117847 7001.12 0.999611
1266700000 41717 0.0425724 7001.09 0.999648
1266800000 41717 0.048826 7001.09 0.99964
1266900000 41717 1.24301 7000.89 0.999763
1267000000 41717 0.226706 7001.06 0.999665
1267100000 41717 -0.18483 7001.13 0.999627
1267200000 41717 0.501663 7001.02 0.999693
1267300000 41717 -0.0165189 7001.1 0.999616
1267400000 41717 0.70048 7000.98 0.999719
1267500000 41717 -0.0188084 7001.1 0.999616
1267600000 41717 -0.0638343 7001.11 0.999613
1267700000 41717 -0.0595811 7001.11 0.999615
1267800000 41717 -0.0973952 7001.12 0.999618
1267900000 41717 2.31804 7000.71 0.999848
1268000000 41717 -0.0157996 7001.1 0.999634
1268100000 41717 -0.0393692 7001.11 0.999616
1268200000 41717 0.194894 7001.07 0.999682
1268300000 41717 -0.00823438 7001.1 0.999617
1268400000 41717 -0.141362 7001.13 0.999616
1268500000 41717 0.21412 7001.07 0.999672
1268600000 41717 -0.0691686 7001.11 0.999622
1268700000 41717 -0.133411 7001.12 0.999621
1268800000 41717 -0.0592167 7001.11 0.99964
1268900000 41717 -0.0553023 7001.11 0.999615
1269000000 41717 0.235109 7001.06 0.999664
1269100000 41717 0.0442964 7001.09 0.999646
1269200000 41717 0.32654 7001.05 0.999682
1269300000 41717 -0.0913266 7001.12 0.999614
1269400000 41717 -0.0664421 7001.11 0.999614
1269500000 41717 -0.0949117 7001.12 0.999617
1269600000 41717 -0.0313677 7001.11 0.999615
1269700000 41717 -0.147299 7001.13 0.999614
1269800000 41717 -0.0654998 7001.11 0.999625
1269900000 41717 0.184873 7001.07 0.999677
1270000000 41717 -0.0339477 7001.11 0.999644
1270100000 41717 -0.00454716 7001.1 0.999633
1270200000 41717 1.43282 7000.86 0.999774
1270300000 41717 2.08281 7000.75 0.999845
1270400000 41717 -0.0175091 7001.1 0.999616
1270500000 41717 -0.0767352 7001.11 0.999625
1270600000 41717 -0.0428041 7001.11 0.999614
1270700000 41717 -0.0542223 7001.11 0.999614
1270800000 41717 -0.18031 7001.13 0.999609
1270900000 41717 -0.124425 7001.12 0.999624
1271000000 41717 0.0832057 7001.09 0.999653
1271100000 41717 -0.0616471 7001.11 0.999616
1271200000 41717 -0.0775198 7001.11 0.999621
1271300000 41717 1.02663 7000.93 0.99975
1271400000 41717 -0.110286 7001.12 0.999612
1271500000 41717 0.219168 7001.06 0.999684
1271600000 41717 -0.074018 7001.11 0.999616
1271700000 41717 -0.0550442 7001.11 0.999616
1271800000 41717 -0.0492967 7001.11 0.999636
1271900000 41717 -0.158301 7001.13 0.999613
1272000000 41717 -0.137229 7001.12 0.999612
1272100000 41717 0.00144566 7001.1 0.999641
1272200000 41717 -0.0693755 7001.11 0.999613
1272300000 41717 -0.0796693 7001.12 0.999622
1272400000 41717 0.195873 7001.07 0.999668
1272500000 41717 2.75418 7000.64 0.999875
1272600000 41717 -0.0410184 7001.11 0.999616
1272700000 41717 0.0450218 7001.09 0.999641
1272800000 41717 -0.0984588 7001.12 0.999631
1272900000 41717 -0.107222 7001.12 0.999612
1273000000 41717 -0.120998 7001.12 0.999612
1273100000 41717 -0.103115 7001.12 0.999613
1273200000 41717 0.218834 7001.06 0.99967
1273300000 41717 -0.0265112 7001.11 0.999616
1273400000 41717 -0.0913847 7001.12 0.999628
1273500000 41717 0.773478 7000.97 0.999725
1273600000 41717 0.38426 7001.04 0.99968
1273700000 41717 -0.201526 7001.14 0.999615
1273800000 41717 -0.0713313 7001.11 0.999614
1273900000 41717 -0.0822214 7001.12 0.999614
1274000000 41717 -0.133887 7001.12 0.999618
1274100000 41717 0.679169 7000.99 0.999719
1274200000 41717 0.514365 7001.02 0.999698
1274300000 41717 -0.149851 7001.13 0.999613
1274400000 41717 -0.032905 7001.11 0.999634
1274500000 41717 -0.152836 7001.13 0.999617
1274600000 41717 1.86161 7000.79 0.999853
1274700000 41717 -0.019399 7001.1 0.999616
1274800000 41717 -0.0665221 7001.11 0.999623
1274900000 41717 -0.0613959 7001.11 0.999614
1275000000 41717 -0.0492125 7001.11 0.999628
1275100000 41717 0.0105427 7001.1 0.999642
1275200000 41717 -0.0467966 7001.11 0.999624
1275300000 41717 0.756048 7000.97 0.999723
1275400000 41717 -0.0726307 7001.11 0.999614
1275500000 41717 -0.0476176 7001.11 0.99964
1275600000 41717 -0.157161 7001.13 0.99961
1275700000 41717 -0.0565075 7001.11 0.999614
1275800000 41717 -0.146976 7001.13 0.999613
1275900000 41717 4.4733 7000.35 1.00002
1276000000 41717 -0.0904075 7001.12 0.999621
1276100000 41717 -0.0292453 7001.11 0.999615
1276200000 41717 1.31982 7000.88 0.999777
1276300000 41717 0.273919 7001.06 0.999693
1276400000 41717 -0.0816271 7001.12 0.999613
1276500000 41717 -0.0811238 7001.12 0.999614
1276600000 41717 -0.018126 7001.1 0.999616
1276700000 41717 -0.0595345 7001.11 0.999616
1276800000 41717 -0.0120864 7001.1 0.999617
1276900000 41717 0.623127 7001 0.999703
1277000000 41717 0.301721 7001.05 0.99968
1277100000 41717 -0.0930744 7001.12 0.999644
1277200000 41717 1.44624 7000.86 0.99979
1277300000 41717 2.03338 7000.76 0.999821
1277400000 41717 -0.0398001 7001.11 0.999615
1277500000 41717 -0.00763391 7001.1 0.999617
1277600000 41717 -0.0560045 7001.11 0.999621
1277700000 41717 -0.112328 7001.12 0.999614
1277800000 41717 -0.0207894 7001.11 0.999616
1277900000 41717 -0.0391955 7001.11 0.999614
1278000000 41717 0.0925247 7001.09 0.999646
1278100000 41717 -0.07231 7001.11 0.999614
1278200000 41717 -0.128622 7001.12 0.999624
1278300000 41717 -0.0526084 7001.11 0.999616
1278400000 41717 -0.0451807 7001.11 0.999625
1278500000 41717 0.630544 7001 0.999709
1278600000 41717 -0.228178 7001.14 0.999618
1278700000 41717 -0.0666727 7001.11 0.99963
1278800000 41717 -0.0572679 7001.11 0.999614
1278900000 41717 -0.032053 7001.11 0.999632
1279000000 41717 0.642319 7000.99 0.999713
1279100000 41717 -0.0154716 7001.1 0.999616
1279200000 41717 -0.0601835 7001.11 0.999617
1279300000 41717 -0.0173724 7001.1 0.999616
1279400000 41717 -0.0976076 7001.12 0.999634
1279500000 41717 -0.0517353 7001.11 0.999614
1279600000 41717 -0.116957 7001.12 0.999615
1279700000 41717 -0.10272 7001.12 0.999615
1279800000 41717 -0.0317382 7001.11 0.999636
1279900000 41717 -0.0997321 7001.12 0.999615
1280000000 41717 -0.173128 7001.13 0.999621
1280100000 41717 -0.0992334 7001.12 0.999617
1280200000 41717 -0.0767873 7001.11 0.999617
1280300000 41717 -0.0602966 7001.11 0.999613
1280400000 41717 -0.103039 7001.12 0.999629
1280500000 41717 2.12397 7000.75 0.999862
1280600000 41717 0.513515 7001.02 0.999694
1280700000 41717 -0.0879849 7001.12 0.999613
1280800000 41717 -0.0136299 7001.1 0.999616
1280900000 41717 -0.0991057 7001.12 0.999612
1281000000 41717 0.354378 7001.04 0.999688
1281100000 41717 -0.0535624 7001.11 0.999614
1281200000 41717 0.106565 7001.08 0.999654
1281300000 41717 -0.114108 7001.12 0.999618
1281400000 41717 -0.138357 7001.12 0.999612
1281500000 41717 3.09114 7000.58 0.99994
1281600000 41717 -0.119606 7001.12 0.999616
1281700000 41717 -0.0401744 7001.11 0.999644
1281800000 41717 -0.159917 7001.13 0.999618
1281900000 41717 -0.051733 7001.11 0.999614
1282000000 41717 -0.063283 7001.11 0.999616
1282100000 41717 -0.0209137 7001.11 0.999616
1282200000 41717 0.483165 7001.02 0.999709
1282300000 41717 0.135043 7001.08 0.999668
1282400000 41717 0.330925 7001.05 0.999674
1282500000 41717 -0.0668507 7001.11 0.999614
1282600000 41717 0.512932 7001.02 0.999701
1282700000 41717 0.256248 7001.06 0.999679
1282800000 41717 -0.0437258 7001.11 0.999615
1282900000 41717 -0.0587641 7001.11 0.999614
1283000000 41717 -0.0996697 7001.12 0.999616
1283100000 41717 -0.116097 7001.12 0.999618
1283200000 41717 -0.207876 7001.14 0.999626
1283300000 41717 -0.137213 7001.12 0.999613
1283400000 41717 -0.00550955 7001.1 0.999617
1283500000 41717 0.125589 7001.08 0.99966
1283600000 41717 0.700269 7000.98 0.999711
1283700000 41717 -0.0850969 7001.12 0.999633
1283800000 41717 -0.0690558 7001.11 0.999622
1283900000 41717 1.08408 7000.92 0.999794
1284000000 41717 -0.0570742 7001.11 0.999624
1284100000 41717 -0.0340076 7001.11 0.999646
1284200000 41717 1.57249 7000.84 0.999817
1284300000 41717 -0.188961 7001.13 0.999615
1284400000 41717 -0.0598095 7001.11 0.999614
1284500000 41717 -0.0237497 7001.11 0.999616
1284600000 41717 -0.0122065 7001.1 0.999617
1284700000 41717 -0.0964644 7001.12 0.999613
1284800000 41717 -0.0817816 7001.12 0.999637
1284900000 41717 -0.0674396 7001.11 0.999618
1285000000 41717 -0.0154066 7001.1 0.999616
1285100000 41717 -0.126064 7001.12 0.999616
1285200000 41717 -0.247918 7001.14 0.999623
1285300000 41717 -0.12926 7001.12 0.999613
1285400000 41717 0.00637651 7001.1 0.99964
1285500000 41717 -0.111565 7001.12 0.999616
1285600000 41717 -0.0172636 7001.1 0.999616
1285700000 41717 -0.106318 7001.12 0.999612
1285800000 41717 -0.0276692 7001.11 0.999616
1285900000 41717 0.0348917 7001.1 0.99967
1286000000 41717 0.135477 7001.08 0.999659
1286100000 41717 -0.0267925 7001.11 0.999637
1286200000 41717 -0.131499 7001.12 0.999612
1286300000 41717 0.0416733 7001.09 0.999646
1286400000 41717 -0.00727205 7001.1 0.999617
1286500000 41717 -0.0800616 7001.12 0.999614
1286600000 41717 -0.0614214 7001.11 0.999613
1286700000 41717 -0.00573022 7001.1 0.999617
1286800000 41717 -0.105537 7001.12 0.999616
1286900000 41717 -0.0689499 7001.11 0.999626
1287000000 41717 -0.0299768 7001.11 0.999615
1287100000 41717 0.227675 7001.06 0.99968
1287200000 41717 11.7168 6999.14 1.00043
1287300000 41717 -0.21155 7001.14 0.999625
1287400000 41717 -0.0955694 7001.12 0.999613
1287500000 41717 -0.057936 7001.11 0.999615
1287600000 41717 0.194685 7001.07 0.999659
1287700000 41717 -0.00835182 7001.1 0.999617
1287800000 41717 -0.239727 7001.14 0.999608
1287900000 41717 -0.0821253 7001.12 0.999613
1288000000 41717 -0.0827268 7001.12 0.999613
1288100000 41717 0.606657 7001 0.999721
1288200000 41717 -0.0370673 7001.11 0.999642
1288300000 41717 -0.0159654 7001.1 0.999659
1288400000 41717 -0.074591 7001.11 0.999615
1288500000 41717 -0.0393516 7001.11 0.999615
1288600000 41717 -0.0369007 7001.11 0.999615
1288700000 41717 -0.0228435 7001.11 0.999637
1288800000 41717 -0.074884 7001.11 0.999613
1288900000 41717 -0.0639357 7001.11 0.999615
1289000000 41717 -0.181857 7001.13 0.999614
1289100000 41717 -0.0174497 7001.1 0.999616
1289200000 41717 -0.0335388 7001.11 0.999615
1289300000 41717 -0.0527907 7001.11 0.999614
1289400000 41717 0.618282 7001 0.999708
1289500000 41717 -0.0449818 7001.11 0.999615
1289600000 41717 -0.0450106 7001.11 0.999615
1289700000 41717 1.17282 7000.9 0.999795
1289800000 41717 -0.11864 7001.12 0.999612
1289900000 41717 0.0153606 7001.1 0.999643
1290000000 41717 -0.0622066 7001.11 0.999613
1290100000 41717 0.184298 7001.07 0.999658
1290200000 41717 -0.0563355 7001.11 0.999615
1290300000 41717 -0.118086 7001.12 0.999625
1290400000 41717 -0.0965059 7001.12 0.999612
1290500000 41717 -0.128155 7001.12 0.999616
1290600000 41717 -0.0745072 7001.11 0.999613
1290700000 41717 0.00158382 7001.1 0.999637
1290800000 41717 -0.0282026 7001.11 0.999616
1290900000 41717 -0.0355299 7001.11 0.999615
1291000000 41717 1.18847 7000.9 0.999772
1291100000 41717 -0.0373843 7001.11 0.999615
1291200000 41717 0.405277 7001.03 0.999684
1291300000 41717 -0.00694171 7001.1 0.999617
1291400000 41717 1.66482 7000.82 0.999824
1291500000 41717 -0.0596988 7001.11 0.999637
1291600000 41717 -0.0371005 7001.11 0.999615
1291700000 41717 -0.0507111 7001.11 0.999638
1291800000 41717 -0.0818386 7001.12 0.999615
1291900000 41717 0.107603 7001.08 0.999649
1292000000 41717 -0.00265267 7001.1 0.999617
1292100000 41717 -0.16128 7001.13 0.999619
1292200000 41717 -0.206107 7001.14 0.999616
1292300000 41717 -0.122062 7001.12 0.999624
1292400000 41717 -0.171642 7001.13 0.999611
1292500000 41717 3.90937 7000.45 0.999962
1292600000 41717 0.487843 7001.02 0.9997
1292700000 41717 -0.150247 7001.13 0.999649
1292800000 41717 -0.07007 7001.11 0.999618
1292900000 41717 0.357894 7001.04 0.999688
1293000000 41717 -0.0374665 7001.11 0.999615
1293100000 41717 -0.149081 7001.13 0.999614
1293200000 41717 0.0703531 7001.09 0.999664
1293300000 41717 1.24732 7000.89 0.999761
1293400000 41717 -0.156292 7001.13 0.999636
1293500000 41717 -0.0292765 7001.11 0.999615
1293600000 41717 -0.080862 7001.12 0.999616
1293700000 41717 -0.101315 7001.12 0.999622
1293800000 41717 -0.0861878 7001.12 0.999615
1293900000 41717 -0.103186 7001.12 0.999613
1294000000 41717 -0.0778555 7001.11 0.999615
1294100000 41717 0.00166926 7001.1 0.999652
1294200000 41717 0.0274412 7001.1 0.999657
1294300000 41717 0.662618 7000.99 0.999733
1294400000 41717 0.289843 7001.05 0.99967
1294500000 41717 0.833843 7000.96 0.999728
1294600000 41717 -0.0603489 7001.11 0.999614
1294700000 41717 2.20705 7000.73 0.999843
1294800000 41717 -0.0850757 7001.12 0.999614
1294900000 41717 -0.0696657 7001.11 0.999613
1295000000 41717 -0.137647 7001.12 0.99963
1295100000 41717 0.183072 7001.07 0.999673
1295200000 41717 -0.0808397 7001.12 0.999614
1295300000 41717 -0.0295721 7001.11 0.999615
1295400000 41717 -0.163006 7001.13 0.999616
1295500000 41717 2.4058 7000.7 0.999908
1295600000 41717 -0.0647798 7001.11 0.999616
1295700000 41717 0.235848 7001.06 0.999668
1295800000 41717 -0.149017 7001.13 0.999635
1295900000 41717 -0.0269087 7001.11 0.999616
1296000000 41717 2.05097 7000.76 0.999832
1296100000 41717 -0.0215874 7001.11 0.999616
1296200000 41717 -0.0593238 7001.11 0.999618
1296300000 41717 -0.110019 7001.12 0.999612
1296400000 41717 1.15371 7000.91 0.999763
1296500000 41717 -0.110917 7001.12 0.999613
1296600000 41717 -0.0502704 7001.11 0.999614
1296700000 41717 -0.0119394 7001.1 0.999617
1296800000 41717 -0.101503 7001.12 0.999612
1296900000 41717 -0.0971267 7001.12 0.999615
1297000000 41717 -0.1136 7001.12 0.999623
1297100000 41717 -0.00553764 7001.1 0.999617
1297200000 41717 -0.136038 7001.12 0.999612
1297300000 41717 1.16724 7000.91 0.999786
1297400000 41717 -0.0604157 7001.11 0.999614
1297500000 41717 -0.124661 7001.12 0.999613
1297600000 41717 -0.0964875 7001.12 0.999614
1297700000 41717 2.8079 7000.63 0.999916
1297800000 41717 1.09059 7000.92 0.999778
1297900000 41717 -0.0834058 7001.12 0.999613
1298000000 41717 0.692291 7000.99 0.999711
1298100000 41717 0.744916 7000.98 0.999722
1298200000 41717 -0.0507873 7001.11 0.999614
1298300000 41717 -0.0903363 7001.12 0.999612
1298400000 41717 -0.11492 7001.12 0.999617
1298500000 41717 1.4223 7000.86 0.999778
1298600000 41717 -0.0340361 7001.11 0.999615
1298700000 41717 0.338138 7001.04 0.999676
1298800000 41717 0.294307 7001.05 0.999702
1298900000 41717 0.19652 7001.07 0.999686
1299000000 41717 1.2532 7000.89 0.99976
1299100000 41717 0.0403642 7001.09 0.999652
1299200000 41717 -0.0153294 7001.1 0.999616
1299300000 41717 -0.0689355 7001.11 0.999613
1299400000 41717 0.0749807 7001.09 0.999645
1299500000 41717 -0.122262 7001.12 0.999617
1299600000 41717 -0.0269414 7001.11 0.999616
1299700000 41717 -0.0967784 7001.12 0.999613
1299800000 41717 -0.0397368 7001.11 0.999615
1299900000 41717 -0.113689 7001.12 0.999615
1300000000 41717 -0.0176077 7001.1 0.999616
1300100000 41717 -0.102273 7001.12 0.999613
1300200000 41717 -0.203529 7001.14 0.999612
1300300000 41717 -0.0633012 7001.11 0.99962
1300400000 41717 3.64146 7000.49 0.999937
1300500000 41717 -0.0685353 7001.11 0.999616
1300600000 41717 0.309218 7001.05 0.999692
1300700000 41717 0.0824129 7001.09 0.999659
1300800000 41717 0.865629 7000.96 0.999749
1300900000 41717 -0.0500236 7001.11 0.999615
1301000000 41717 -0.192044 7001.13 0.999625
1301100000 41717 0.151735 7001.08 0.99968
1301200000 41717 -0.165336 7001.13 0.999613
1301300000 41717 0.499945 7001.02 0.999691
1301400000 41717 0.978055 7000.94 0.999737
1301500000 41717 1.66503 7000.82 0.999813
1301600000 41717 0.77251 7000.97 0.999723
1301700000 41717 -0.0904295 7001.12 0.999617
1301800000 41717 -0.121603 7001.12 0.999621
1301900000 41717 -8.43544e-05 7001.1 0.999637
1302000000 41717 -0.148319 7001.13 0.999609
1302100000 41717 -0.0999449 7001.12 0.999625
1302200000 41717 -0.166731 7001.13 0.999617
1302300000 41717 0.580958 7001 0.9997
1302400000 41717 -0.116395 7001.12 0.999617
1302500000 41717 -0.0249682 7001.11 0.999616
1302600000 41717 -0.056344 7001.11 0.999621
1302700000 41717 0.0333657 7001.1 0.999669
1302800000 41717 -0.042103 7001.11 0.999615
1302900000 41717 -0.0100937 7001.1 0.999617
1303000000 41717 -0.0942365 7001.12 0.999628
1303100000 41717 -0.0424354 7001.11 0.999614
1303200000 41717 1.37855 7000.87 0.999837
1303300000 41717 -0.0971194 7001.12 0.999616
1303400000 41717 4.07256 7000.42 0.999976
1303500000 41717 1.47891 7000.85 0.999802
1303600000 41717 3.24933 7000.56 0.999921
1303700000 41717 -0.0502233 7001.11 0.999615
1303800000 41717 -0.024194 7001.11 0.99963
1303900000 41717 -0.0555382 7001.11 0.999614
1304000000 41717 -0.0608647 7001.11 0.999614
1304100000 41717 -0.0305519 7001.11 0.999616
1304200000 41717 -0.119316 7001.12 0.999631
1304300000 41717 -0.00473796 7001.1 0.999617
1304400000 41717 -0.00636579 7001.1 0.999617
1304500000 41717 -0.013027 7001.1 0.999616
1304600000 41717 -0.0231514 7001.11 0.999637
1304700000 41717 1.51866 7000.85 0.99981
1304800000 41717 -0.00269936 7001.1 0.999647
1304900000 41717 -0.0590269 7001.11 0.99962
1305000000 41717 -0.0151802 7001.1 0.999616
1305100000 41717 -0.171951 7001.13 0.999615
1305200000 41717 -0.0256369 7001.11 0.999615
1305300000 41717 -0.0984311 7001.12 0.999613
1305400000 41717 -0.011019 7001.1 0.999617
1305500000 41717 -0.0131139 7001.1 0.999616
1305600000 41717 1.43926 7000.86 0.999781
1305700000 41717 -0.0755588 7001.11 0.999614
1305800000 41717 -0.0296973 7001.11 0.999616
1305900000 41717 -0.0204383 7001.11 0.999644
1306000000 41717 -0.0560207 7001.11 0.999614
1306100000 41717 0.399247 7001.03 0.999681
1306200000 41717 -0.0530929 7001.11 0.999615
1306300000 41717 -0.0695989 7001.11 0.999614
1306400000 41717 -0.0752957 7001.11 0.999615
1306500000 41717 -0.150449 7001.13 0.999612
1306600000 41717 0.252861 7001.06 0.999666
1306700000 41717 -0.144603 7001.13 0.999614
1306800000 41717 -0.0828186 7001.12 0.99962
1306900000 41717 0.449051 7001.03 0.999708
1307000000 41717 0.510161 7001.02 0.999693
1307100000 41717 -0.0699047 7001.11 0.99962
1307200000 41717 -0.0418742 7001.11 0.999632
1307300000 41717 0.206539 7001.07 0.999688
1307400000 41717 0.0439593 7001.09 0.999666
1307500000 41717 -0.159435 7001.13 0.999631
1307600000 41717 -0.120614 7001.12 0.999629
1307700000 41717 0.5806 7001 0.999707
1307800000 41717 -0.0138851 7001.1 0.999616
1307900000 41717 -0.00264417 7001.1 0.999617
1308000000 41717 2.1787 7000.74 0.999834
1308100000 41717 -0.125977 7001.12 0.999614
1308200000 41717 -0.0931757 7001.12 0.999613
1308300000 41717 -0.0412691 7001.11 0.999614
1308400000 41717 1.90942 7000.78 0.999821
1308500000 41717 -0.0573441 7001.11 0.999614
1308600000 41717 -0.00724108 7001.1 0.999617
1308700000 41717 -0.113674 7001.12 0.999624
1308800000 41717 -0.136998 7001.12 0.999633
1308900000 41717 -0.0359645 7001.11 0.999632
1309000000 41717 -0.014019 7001.1 0.999616
1309100000 41717 -0.194094 7001.13 0.999617
1309200000 41717 0.340973 7001.04 0.999689
1309300000 41717 -0.0317079 7001.11 0.999629
1309400000 41717 -0.218193 7001.14 0.999615
1309500000 41717 0.631627 7001 0.99972
1309600000 41717 -0.057863 7001.11 0.999618
1309700000 41717 -0.11892 7001.12 0.999614
1309800000 41717 1.85433 7000.79 0.999827
1309900000 41717 -0.0775261 7001.11 0.999616
1310000000 41717 -0.182584 7001.13 0.999616
1310100000 41717 -0.0381973 7001.11 0.999616
1310200000 41717 -0.106945 7001.12 0.999635
1310300000 41717 1.76286 7000.81 0.999848
1310400000 41717 -0.0154528 7001.1 0.999616
1310500000 41717 -0.0455655 7001.11 0.999629
1310600000 41717 1.39046 7000.87 0.999771
1310700000 41717 0.200468 7001.07 0.999674
1310800000 41717 -0.0107525 7001.1 0.999617
1310900000 41717 0.453191 7001.03 0.99969
1311000000 41717 -0.0158167 7001.1 0.999616
1311100000 41717 -0.0548444 7001.11 0.999615
1311200000 41717 -0.15798 7001.13 0.999625
1311300000 41717 -0.203807 7001.14 0.999634
1311400000 41717 -0.0202324 7001.11 0.999616
1311500000 41717 -0.109736 7001.12 0.999619
1311600000 41717 -0.163287 7001.13 0.999612
1311700000 41717 3.76835 7000.47 0.999958
1311800000 41717 -0.103768 7001.12 0.999636
1311900000 41717 -0.147142 7001.13 0.999614
1312000000 41717 -0.13342 7001.12 0.999628
1312100000 41717 4.25104 7000.39 0.999995
1312200000 41717 0.952776 7000.94 0.999763
1312300000 41717 -0.0392794 7001.11 0.999615
1312400000 41717 0.00834857 7001.1 0.999653
1312500000 41717 0.607293 7001 0.999735
1312600000 41717 -0.0262525 7001.11 0.999615
1312700000 41717 -0.0957583 7001.12 0.999624
1312800000 41717 -0.0546945 7001.11 0.999616
1312900000 41717 -0.284799 7001.15 0.999615
1313000000 41717 -0.0282714 7001.11 0.999615
1313100000 41717 0.0347736 7001.1 0.999646
1313200000 41717 -0.159348 7001.13 0.999618
1313300000 41717 -0.0668308 7001.11 0.99963
1313400000 41717 -0.0765788 7001.11 0.999613
1313500000 41717 -0.0180646 7001.1 0.999616
1313600000 41717 -0.0973813 7001.12 0.999629
1313700000 41717 0.0908001 7001.09 0.999652
1313800000 41717 0.442383 7001.03 0.999699
1313900000 41717 -0.0496067 7001.11 0.999614
1314000000 41717 3.52076 7000.51 0.999983
1314100000 41717 -0.0891269 7001.12 0.999625
1314200000 41717 -0.0845922 7001.12 0.999654
1314300000 41717 -0.121014 7001.12 0.999627
1314400000 41717 -0.065646 7001.11 0.999617
1314500000 41717 0.0108916 7001.1 0.999638
1314600000 41717 -0.0568218 7001.11 0.999614
1314700000 41717 -0.172324 7001.13 0.999617
1314800000 41717 0.368558 7001.04 0.999698
1314900000 41717 -0.112598 7001.12 0.999622
1315000000 41717 -0.119625 7001.12 0.999642
1315100000 41717 -0.0688176 7001.11 0.999615
1315200000 41717 -0.0774445 7001.11 0.999615
1315300000 41717 -0.0985374 7001.12 0.999614
1315400000 41717 -0.0749491 7001.11 0.999649
1315500000 41717 0.0944076 7001.09 0.999651
1315600000 41717 -0.15063 7001.13 0.999627
1315700000 41717 0.011847 7001.1 0.999639
1315800000 41717 -0.0301512 7001.11 0.999615
1315900000 41717 1.5666 7000.84 0.999805
1316000000 41717 -0.134501 7001.12 0.999615
1316100000 41717 -0.0300717 7001.11 0.999616
1316200000 41717 -0.0432846 7001.11 0.999626
1316300000 41717 -0.0418005 7001.11 0.999615
1316400000 41717 -0.027863 7001.11 0.999616
1316500000 41717 0.881132 7000.95 0.999751
1316600000 41717 0.0205608 7001.1 0.999649
1316700000 41717 -0.0817733 7001.12 0.999618
1316800000 41717 -0.108163 7001.12 0.999616
1316900000 41717 0.166575 7001.07 0.999663
1317000000 41717 -0.0279495 7001.11 0.99965
1317100000 41717 -0.122077 7001.12 0.999612
1317200000 41717 0.378558 7001.04 0.99968
1317300000 41717 5.56544 7000.17 1.00012
1317400000 41717 -0.0916117 7001.12 0.999611
1317500000 41717 -0.0294656 7001.11 0.999615
1317600000 41717 -0.0463677 7001.11 0.999615
1317700000 41717 -0.0504229 7001.11 0.999629
1317800000 41717 -0.0770102 7001.11 0.999617
1317900000 41717 -0.0558896 7001.11 0.999656
1318000000 41717 -0.0357325 7001.11 0.999615
1318100000 41717 -0.0869893 7001.12 0.999617
1318200000 41717 -0.0524033 7001.11 0.999615
1318300000 41717 -0.0673136 7001.11 0.999613
1318400000 41717 0.271761 7001.06 0.999675
1318500000 41717 -0.0558563 7001.11 0.999614
1318600000 41717 -0.101044 7001.12 0.999617
1318700000 41717 -0.123789 7001.12 0.999622
1318800000 41717 -0.0523987 7001.11 0.999615
1318900000 41717 1.07655 7000.92 0.999771
1319000000 41717 -0.035638 7001.11 0.999615
1319100000 41717 -0.14587 7001.13 0.999614
1319200000 41717 -0.0415731 7001.11 0.999635
1319300000 41717 -0.146341 7001.13 0.999616
1319400000 41717 -0.0322142 7001.11 0.999616
1319500000 41717 0.177199 7001.07 0.999657
1319600000 41717 -0.0994621 7001.12 0.999627
1319700000 41717 2.52708 7000.68 0.999925
1319800000 41717 -0.0167028 7001.1 0.999616
1319900000 41717 -0.100531 7001.12 0.999644
1320000000 41717 1.2628 7000.89 0.999761
1320100000 41717 -0.057645 7001.11 0.999613
1320200000 41717 -0.0552883 7001.11 0.999615
1320300000 41717 -0.0658768 7001.11 0.999614
1320400000 41717 -0.00783597 7001.1 0.999617
1320500000 41717 -0.200099 7001.14 0.999614
1320600000 41717 -0.084262 7001.12 0.99962
1320700000 41717 -0.0367474 7001.11 0.999615
1320800000 41717 0.771921 7000.97 0.999738
1320900000 41717 -0.0341635 7001.11 0.999615
1321000000 41717 -0.0420544 7001.11 0.999615
1321100000 41717 -0.0983001 7001.12 0.999615
1321200000 41717 -0.0532405 7001.11 0.999615
1321300000 41717 -0.0469942 7001.11 0.999615
1321400000 41717 -0.0785724 7001.11 0.999615
1321500000 41717 -0.146552 7001.13 0.999614
1321600000 41717 -0.0049351 7001.1 0.999617
1321700000 41717 0.836295 7000.96 0.999727
1321800000 41717 -0.0999929 7001.12 0.999615
1321900000 41717 -0.0128224 7001.1 0.999617
1322000000 41717 0.919195 7000.95 0.999731
1322100000 41717 0.00604719 7001.1 0.999649
1322200000 41717 -0.076199 7001.11 0.999618
1322300000 41717 -0.0751306 7001.11 0.999613
1322400000 41717 -0.0278641 7001.11 0.999616
1322500000 41717 -0.168351 7001.13 0.999619
1322600000 41717 -0.0192628 7001.1 0.999616
1322700000 41717 -0.0872285 7001.12 0.999614
1322800000 41717 -0.172784 7001.13 0.999613
1322900000 41717 -0.0751254 7001.11 0.999613
1323000000 41717 -0.0520641 7001.11 0.999638
1323100000 41717 -0.127378 7001.12 0.999618
1323200000 41717 -0.0395881 7001.11 0.999615
1323300000 41717 -0.0660775 7001.11 0.999614
1323400000 41717 -0.156233 7001.13 0.999612
1323500000 41717 -0.0142198 7001.1 0.999617
1323600000 41717 -0.016681 7001.1 0.999616
1323700000 41717.1 15.3262 6998.53 1.00064
1323800000 41717 -0.0699342 7001.11 0.999613
1323900000 41717 -0.00709517 7001.1 0.999617
1324000000 41717 -0.06243 7001.11 0.999615
1324100000 41717 -0.0714051 7001.11 0.999631
1324200000 41717 -0.113216 7001.12 0.999617
1324300000 41717 -0.0131224 7001.1 0.999616
1324400000 41717 -0.0437055 7001.11 0.999614
1324500000 41717 -0.00700961 7001.1 0.999617
1324600000 41717 -0.0947686 7001.12 0.999612
1324700000 41717 -0.164545 7001.13 0.999616
1324800000 41717 -0.101391 7001.12 0.999614
1324900000 41717 -0.0198478 7001.1 0.999632
1325000000 41717 -0.0434936 7001.11 0.999615
1325100000 41717 -0.00995155 7001.1 0.99964
1325200000 41717 -0.068371 7001.11 0.999618
1325300000 41717 -0.0207437 7001.11 0.999616
1325400000 41717 -0.0790691 7001.11 0.999617
1325500000 41717 -0.0593616 7001.11 0.999632
1325600000 41717 -0.118392 7001.12 0.999613
1325700000 41717 -0.145662 7001.13 0.999611
1325800000 41717 -0.0228601 7001.11 0.999616
1325900000 41717 -0.0955431 7001.12 0.999615
1326000000 41717 0.111372 7001.08 0.999649
1326100000 41717 0.663393 7000.99 0.99971
1326200000 41717 -0.0601024 7001.11 0.999617
1326300000 41717 -0.126233 7001.12 0.999614
1326400000 41717 -0.0681646 7001.11 0.999633
1326500000 41717 -0.102767 7001.12 0.999621
1326600000 41717 -0.132061 7001.12 0.99962
1326700000 41717 -0.0594416 7001.11 0.999617
1326800000 41717 3.17391 7000.57 0.999912
1326900000 41717 -0.0308106 7001.11 0.999615
1327000000 41717 -0.0310267 7001.11 0.99963
1327100000 41717 -0.0490293 7001.11 0.999614
1327200000 41717 -0.00330168 7001.1 0.999617
1327300000 41717 -0.345151 7001.16 0.999628
1327400000 41717 -0.0216997 7001.11 0.999616
1327500000 41717 -0.23374 7001.14 0.999631
1327600000 41717 5.28827 7000.21 1.00005
1327700000 41717 -0.121402 7001.12 0.999614
1327800000 41717 1.32298 7000.88 0.999767
1327900000 41717 -0.00800429 7001.1 0.999617
1328000000 41717 0.376727 7001.04 0.99968
1328100000 41717 -0.0231121 7001.11 0.999616
1328200000 41717 0.302159 7001.05 0.999679
1328300000 41717 -0.120537 7001.12 0.999614
1328400000 41717 0.0351251 7001.1 0.99964
1328500000 41717 -0.1068 7001.12 0.999614
1328600000 41717 -0.00268873 7001.1 0.999617
1328700000 41717 -0.02777 7001.11 0.999616
1328800000 41717 -0.058044 7001.11 0.999623
1328900000 41717 -0.0392092 7001.11 0.999615
1329000000 41717 0.855347 7000.96 0.99973
1329100000 41717 -0.0139411 7001.1 0.999616
1329200000 41717 0.219893 7001.06 0.999675
1329300000 41717 0.0924688 7001.09 0.999665
1329400000 41717 1.39108 7000.87 0.999794
1329500000 41717 -0.0805916 7001.12 0.999613
1329600000 41717 -0.0118466 7001.1 0.999617
1329700000 41717 -0.0271551 7001.11 0.999616
1329800000 41717 1.44653 7000.86 0.999777
1329900000 41717 1.82392 7000.8 0.999838
1330000000 41717 -0.00368785 7001.1 0.999617
1330100000 41717 -0.0800623 7001.12 0.999613
1330200000 41717 -0.0283286 7001.11 0.999616
1330300000 41717 0.0703554 7001.09 0.999668
1330400000 41717 -0.050377 7001.11 0.999635
1330500000 41717 -0.0286472 7001.11 0.999616
1330600000 41717 -0.00992663 7001.1 0.999617
1330700000 41717 0.0899429 7001.09 0.999673
1330800000 41717 -0.0195452 7001.1 0.999616
1330900000 41717 -0.0144598 7001.1 0.999633
1331000000 41717 1.27229 7000.89 0.999761
1331100000 41717 0.592175 7001 0.999714
1331200000 41717 -0.0419467 7001.11 0.999614
1331300000 41717 0.857936 7000.96 0.999748
1331400000 41717 -0.00961298 7001.1 0.999617
1331500000 41717 -0.0813248 7001.12 0.999619
1331600000 41717 -0.056864 7001.11 0.999614
1331700000 41717 0.721373 7000.98 0.999713
1331800000 41717 -0.123567 7001.12 0.999612
1331900000 41717 -0.120655 7001.12 0.999611
1332000000 41717 -0.177224 7001.13 0.999618
1332100000 41717 2.28471 7000.72 0.999905
1332200000 41717 -0.051302 7001.11 0.999614
1332300000 41717 -0.147195 7001.13 0.999615
1332400000 41717 -0.029426 7001.11 0.999615
1332500000 41717 -0.018452 7001.1 0.999616
1332600000 41717 -0.0132124 7001.1 0.999649
1332700000 41717 -0.0401175 7001.11 0.999615
1332800000 41717 0.0315212 7001.1 0.999641
1332900000 41717 -0.224339 7001.14 0.999609
1333000000 41717 -0.0720969 7001.11 0.999613
1333100000 41717 -0.118406 7001.12 0.999611
1333200000 41717 -0.0574632 7001.11 0.999629
1333300000 41717 -0.118574 7001.12 0.999611
1333400000 41717 0.0276182 7001.1 0.999652
1333500000 41717 -0.176488 7001.13 0.999609
1333600000 41717 0.0730274 7001.09 0.999645
1333700000 41717 -0.0362186 7001.11 0.999615
1333800000 41717 -0.070888 7001.11 0.999614
1333900000 41717 -0.0458627 7001.11 0.999616
1334000000 41717 -0.0356959 7001.11 0.999615
1334100000 41717 -0.069987 7001.11 0.999615
1334200000 41717 -0.00464722 7001.1 0.999617
1334300000 41717 -0.113393 7001.12 0.999619
1334400000 41717 -0.0538677 7001.11 0.999615
1334500000 41717 -0.047526 7001.11 0.999614
1334600000 41717 -0.166198 7001.13 0.99961
1334700000 41717 0.232436 7001.06 0.999677
1334800000 41717 0.0494684 7001.09 0.999641
1334900000 41717 -0.168484 7001.13 0.999615
1335000000 41717 -0.154396 7001.13 0.999613
1335100000 41717 -0.100214 7001.12 0.999617
1335200000 41717 -0.0626551 7001.11 0.999615
1335300000 41717 -0.202536 7001.14 0.99962
1335400000 41717 1.02354 7000.93 0.99974
1335500000 41717 -0.0859192 7001.12 0.999616
1335600000 41717 0.0560902 7001.09 0.999642
1335700000 41717 -0.0686221 7001.11 0.999617
1335800000 41717 -0.0878986 7001.12 0.999639
1335900000 41717 -0.0532832 7001.11 0.999615
1336000000 41717 -0.155397 7001.13 0.999617
1336100000 41717 -0.0248704 7001.11 0.999615
1336200000 41717 0.181566 7001.07 0.999669
1336300000 41717 -0.0603099 7001.11 0.999616
1336400000 41717 7.60613 6999.83 1.00018
1336500000 41717 -0.142967 7001.13 0.999613
1336600000 41717 -0.0719841 7001.11 0.999614
1336700000 41717 0.0305439 7001.1 0.99964
1336800000 41717 -0.0510014 7001.11 0.999614
1336900000 41717 -0.0508733 7001.11 0.999615
1337000000 41717 0.0607811 7001.09 0.999644
1337100000 41717 2.05057 7000.76 0.999823
1337200000 41717 -0.0392058 7001.11 0.999614
1337300000 41717 0.421299 7001.03 0.999687
1337400000 41717 0.961846 7000.94 0.999751
1337500000 41717 -0.179675 7001.13 0.999618
1337600000 41717 -0.0556023 7001.11 0.999615
1337700000 41717 0.412393 7001.03 0.999683
1337800000 41717 0.223335 7001.06 0.999676
1337900000 41717 -0.109126 7001.12 0.99962
1338000000 41717 0.956931 7000.94 0.999752
1338100000 41717 0.745236 7000.98 0.999749
1338200000 41717 -0.0731458 7001.11 0.999617
1338300000 41717 -0.0294933 7001.11 0.999631
1338400000 41717 0.1563 7001.08 0.999658
1338500000 41717 -0.143543 7001.13 0.999622
1338600000 41717 -0.0589738 7001.11 0.999614
1338700000 41717 -0.0819549 7001.12 0.999617
1338800000 41717 -0.178249 7001.13 0.999615
1338900000 41717 0.716361 7000.98 0.99972
1339000000 41717 -0.239446 7001.14 0.999615
1339100000 41717 -0.0713048 7001.11 0.999618
1339200000 41717 0.148296 7001.08 0.999668
1339300000 41717 -0.09777 7001.12 0.99962
1339400000 41717 1.03182 7000.93 0.99976
1339500000 41717 1.70252 7000.82 0.999808
1339600000 41717 2.57297 7000.67 0.999923
1339700000 41717 -0.180453 7001.13 0.999612
1339800000 41717 -0.109168 7001.12 0.999615
1339900000 41717 -0.11842 7001.12 0.999613
1340000000 41717 -0.0578439 7001.11 0.999614
1340100000 41717 -0.125934 7001.12 0.999613
1340200000 41717 -0.0810932 7001.12 0.999613
1340300000 41717 -0.0653519 7001.11 0.999617
1340400000 41717 -0.0934622 7001.12 0.999616
1340500000 41717 0.634071 7001 0.999708
1340600000 41717 0.0870132 7001.09 0.999648
1340700000 41717 0.0317854 7001.1 0.999652
1340800000 41717 1.24122 7000.89 0.999804
1340900000 41717 -0.0235992 7001.11 0.999616
1341000000 41717 1.67284 7000.82 0.999794
1341100000 41717 -0.0664195 7001.11 0.999619
1341200000 41717 -0.103288 7001.12 0.999614
1341300000 41717 -0.0902608 7001.12 0.999613
1341400000 41717 -0.0310937 7001.11 0.999615
1341500000 41717 0.250193 7001.06 0.999669
1341600000 41717 -0.193349 7001.13 0.999615
1341700000 41717 -0.0798612 7001.12 0.999613
1341800000 41717 -0.0265206 7001.11 0.999615
1341900000 41717 -0.0504357 7001.11 0.99963
1342000000 41717 -0.00912642 7001.1 0.999617
1342100000 41717 -0.018237 7001.1 0.999616
1342200000 41717 0.107856 7001.08 0.999665
1342300000 41717 -0.135172 7001.12 0.999617
1342400000 41717 -0.0614279 7001.11 0.999614
1342500000 41717 -0.0648206 7001.11 0.999638
1342600000 41717 -0.040087 7001.11 0.999625
1342700000 41717 -0.0722772 7001.11 0.999616
1342800000 41717 0.0537692 7001.09 0.999641
1342900000 41717 -0.0766645 7001.11 0.999614
1343000000 41717 0.423033 7001.03 0.999709
1343100000 41717 -0.0609547 7001.11 0.999616
1343200000 41717 -0.092124 7001.12 0.999612
1343300000 41717 -0.133437 7001.12 0.999613
1343400000 41717 -0.0696711 7001.11 0.999617
1343500000 41717 -0.18607 7001.13 0.999619
1343600000 41717 0.242282 7001.06 0.99967
1343700000 41717 -0.0851931 7001.12 0.999653
1343800000 41717 -0.140195 7001.13 0.999622
1343900000 41717 -0.0161913 7001.1 0.999646
1344000000 41717 0.0125256 7001.1 0.999667
1344100000 41717 -0.196309 7001.13 0.999637
1344200000 41717 -0.00190226 7001.1 0.999637
1344300000 41717 -0.0774955 7001.11 0.999626
1344400000 41717 -0.163554 7001.13 0.999614
1344500000 41717 -0.122225 7001.12 0.999614
1344600000 41717 -0.113927 7001.12 0.999611
1344700000 41717 -0.117417 7001.12 0.999616
1344800000 41717 -0.11352 7001.12 0.999613
1344900000 41717 -0.0907515 7001.12 0.999612
1345000000 41717 -0.0542934 7001.11 0.999614
1345100000 41717 -0.137578 7001.12 0.999611
1345200000 41717 -0.0442279 7001.11 0.999631
1345300000 41717 0.839403 7000.96 0.999745
1345400000 41717 -0.143562 7001.13 0.999613
1345500000 41717 -0.0315392 7001.11 0.999631
1345600000 41717 -0.146718 7001.13 0.999616
1345700000 41717 -0.113407 7001.12 0.999617
1345800000 41717 -0.020221 7001.11 0.999632
1345900000 41717 1.39629 7000.87 0.999807
1346000000 41717 2.22824 7000.73 0.999851
1346100000 41717 -0.0391704 7001.11 0.999615
1346200000 41717 -0.0498377 7001.11 0.999614
1346300000 41717 -0.138875 7001.12 0.999612
1346400000 41717 0.204183 7001.07 0.999661
1346500000 41717 -0.0418726 7001.11 0.999615
1346600000 41717 -0.0604069 7001.11 0.999614
1346700000 41717 -0.096426 7001.12 0.999614
1346800000 41717 -0.0276648 7001.11 0.999616
1346900000 41717 -0.134109 7001.12 0.999613
1347000000 41717 0.531768 7001.01 0.999695
1347100000 41717 -0.102857 7001.12 0.999612
1347200000 41717 -0.0549901 7001.11 0.999615
1347300000 41717 -0.105486 7001.12 0.999612
1347400000 41717 -0.0282439 7001.11 0.999615
1347500000 41717 -0.157158 7001.13 0.999614
1347600000 41717 -0.107106 7001.12 0.999615
1347700000 41717 -0.0471293 7001.11 0.999615
1347800000 41717 -0.091796 7001.12 0.999623
1347900000 41717 -0.0997753 7001.12 0.999628
1348000000 41717 -0.103321 7001.12 0.999626
1348100000 41717 -0.147939 7001.13 0.999622
1348200000 41717 -0.105451 7001.12 0.999619
1348300000 41717 -0.0317559 7001.11 0.999637
1348400000 41717 0.694801 7000.99 0.99972
1348500000 41717 0.146714 7001.08 0.999658
1348600000 41717 0.864749 7000.96 0.999734
1348700000 41717 -0.0702018 7001.11 0.999616
1348800000 41717 -0.0962133 7001.12 0.999611
1348900000 41717 -0.0220463 7001.11 0.999631
1349000000 41717 2.52679 7000.68 0.999861
1349100000 41717 -0.0584595 7001.11 0.999615
1349200000 41717 -0.144621 7001.13 0.999617
1349300000 41717 0.15552 7001.08 0.999656
1349400000 41717 -0.159498 7001.13 0.999625
1349500000 41717 0.115932 7001.08 0.999653
1349600000 41717 -0.0182696 7001.1 0.999616
1349700000 41717 0.864486 7000.96 0.999748
1349800000 41717 0.0362636 7001.1 0.999642
1349900000 41717 -0.0976821 7001.12 0.999627
1350000000 41717 0.167611 7001.07 0.999656
1350100000 41717 -0.100136 7001.12 0.99963
1350200000 41717 0.634672 7001 0.999705
1350300000 41717 -0.124653 7001.12 0.999614
1350400000 41717 0.0356346 7001.1 0.999669
1350500000 41717 -0.0740009 7001.11 0.999613
1350600000 41717 -0.151586 7001.13 0.999615
1350700000 41717 -0.0496908 7001.11 0.999617
1350800000 41717 -0.129337 7001.12 0.999613
1350900000 41717 0.860047 7000.96 0.999728
1351000000 41717 -0.0753455 7001.11 0.999614
1351100000 41717 -0.0402295 7001.11 0.999615
1351200000 41717 -0.155946 7001.13 0.999615
1351300000 41717 -0.0582947 7001.11 0.999628
1351400000 41717 -0.139009 7001.12 0.999625
1351500000 41717 -0.107835 7001.12 0.999633
1351600000 41717 0.0558405 7001.09 0.999655
1351700000 41717 -0.147349 7001.13 0.999625
1351800000 41717 -0.0175354 7001.1 0.999616
1351900000 41717 -0.023598 7001.11 0.999616
1352000000 41717 -0.0214742 7001.11 0.999616
1352100000 41717 -0.143147 7001.13 0.999613
1352200000 41717 -0.139482 7001.13 0.999616
1352300000 41717 -0.0237771 7001.11 0.999616
1352400000 41717 -0.0847505 7001.12 0.999614
1352500000 41717 -0.0511592 7001.11 0.999646
1352600000 41717 0.0391076 7001.1 0.999646
1352700000 41717 -0.0309976 7001.11 0.999615
1352800000 41717 1.31755 7000.88 0.999781
1352900000 41717 0.467868 7001.02 0.999696
1353000000 41717 -0.0946029 7001.12 0.999618
1353100000 41717 0.246997 7001.06 0.999678
1353200000 41717 -0.0101373 7001.1 0.999617
1353300000 41717 0.680566 7000.99 0.999726
1353400000 41717 -0.188812 7001.13 0.999612
1353500000 41717 -0.0640462 7001.11 0.999618
1353600000 41717 -0.127626 7001.12 0.999611
1353700000 41717 -0.112458 7001.12 0.99962
1353800000 41717 0.0485521 7001.09 0.999652
1353900000 41717 -0.0531684 7001.11 0.999615
1354000000 41717 -0.176053 7001.13 0.99961
1354100000 41717 -0.186701 7001.13 0.99961
1354200000 41717 -0.0577118 7001.11 0.999614
1354300000 41717 -0.0740069 7001.11 0.999614
1354400000 41717 -0.0770833 7001.11 0.999622
1354500000 41717 -0.0198591 7001.1 0.999616
1354600000 41717 2.15995 7000.74 0.999831
1354700000 41717 0.435794 7001.03 0.999686
1354800000 41717 -0.0710696 7001.11 0.999615
1354900000 41717 -0.0893439 7001.12 0.999613
1355000000 41717 0.103368 7001.08 0.999648
1355100000 41717 -0.0752337 7001.11 0.999615
1355200000 41717 -0.148433 7001.13 0.999617
1355300000 41717 0.43034 7001.03 0.999684
1355400000 41717 -0.0155589 7001.1 0.999616
1355500000 41717 -0.00485568 7001.1 0.999617
1355600000 41717 1.04192 7000.93 0.999779
1355700000 41717 -0.197238 7001.13 0.999617
1355800000 41717 -0.148104 7001.13 0.999625
1355900000 41717 0.152476 7001.08 0.999671
1356000000 41717 -0.15541 7001.13 0.999611
1356100000 41717 -0.172297 7001.13 0.999634
1356200000 41717 -0.083745 7001.12 0.999613
1356300000 41717 -0.0716001 7001.11 0.999613
1356400000 41717 -0.0380433 7001.11 0.999638
1356500000 41717 0.428601 7001.03 0.999687
1356600000 41717 -0.14141 7001.13 0.999612
1356700000 41717 -0.0868902 7001.12 0.999618
1356800000 41717 -0.0515507 7001.11 0.999614
1356900000 41717 0.0403699 7001.09 0.99964
1357000000 41717 -0.0623639 7001.11 0.999613
1357100000 41717 -0.134359 7001.12 0.999623
1357200000 41717 -0.0717037 7001.11 0.999619
1357300000 41717 -0.0582916 7001.11 0.999614
1357400000 41717 -0.0756363 7001.11 0.999613
1357500000 41717 0.783458 7000.97 0.999734
1357600000 41717 -0.128665 7001.12 0.999628
1357700000 41717 -0.0957212 7001.12 0.999613
1357800000 41717 -0.0955916 7001.12 0.999615
1357900000 41717 -0.0119572 7001.1 0.999617
1358000000 41717 0.935916 7000.94 0.999784
1358100000 41717 16.0113 6998.42 1.00062
1358200000 41717 -0.195654 7001.13 0.999627
1358300000 41717 -0.110558 7001.12 0.999613
1358400000 41717 0.119391 7001.08 0.999652
1358500000 41717 -0.220319 7001.14 0.999618
1358600000 41717 -0.00388243 7001.1 0.999617
1358700000 41717 -0.137499 7001.12 0.999614
1358800000 41717 -0.016126 7001.1 0.999616
1358900000 41717 -0.0751985 7001.11 0.999613
1359000000 41717 0.651701 7000.99 0.99972
1359100000 41717 -0.0705506 7001.11 0.999614
1359200000 41717 -0.0606867 7001.11 0.999617
1359300000 41717 0.810629 7000.97 0.99974
1359400000 41717 -0.113466 7001.12 0.999614
1359500000 41717 -0.115234 7001.12 0.999618
1359600000 41717 -0.175824 7001.13 0.99962
1359700000 41717 -0.0241284 7001.11 0.999644
1359800000 41717 1.57351 7000.84 0.999788
1359900000 41717 -0.09112 7001.12 0.999626
1360000000 41717 -0.036349 7001.11 0.999615
1360100000 41717 -0.0654352 7001.11 0.999614
1360200000 41717 -0.12707 7001.12 0.999632
1360300000 41717 -0.0970553 7001.12 0.99962
1360400000 41717 -0.030561 7001.11 0.999615
1360500000 41717 -0.265242 7001.15 0.999612
1360600000 41717 0.0914268 7001.09 0.999648
1360700000 41717 -0.203899 7001.14 0.99961
1360800000 41717 -0.00885947 7001.1 0.999617
1360900000 41717 -0.0850368 7001.12 0.999615
1361000000 41717 -0.0863029 7001.12 0.999613
1361100000 41717 -0.10793 7001.12 0.999613
1361200000 41717 -0.0483876 7001.11 0.999616
1361300000 41717 -0.204077 7001.14 0.999627
1361400000 41717 -0.0592452 7001.11 0.999617
1361500000 41717 -0.0220638 7001.11 0.999616
1361600000 41717 -0.0808684 7001.12 0.999624
1361700000 41717 -0.00100719 7001.1 0.999618
1361800000 41717 0.00143788 7001.1 0.999638
1361900000 41717 -0.0032314 7001.1 0.999617
1362000000 41717 -0.00492342 7001.1 0.999617
1362100000 41717 -0.0458638 7001.11 0.999614
1362200000 41717 -0.243932 7001.14 0.999613
1362300000 41717 -0.0397891 7001.11 0.999615
1362400000 41717 -0.112196 7001.12 0.999632
1362500000 41717 -0.0808387 7001.12 0.999612
1362600000 41717 -0.150255 7001.13 0.99962
1362700000 41717 5.10361 7000.25 1.00015
1362800000 41717 -0.0464082 7001.11 0.999625
1362900000 41717 -0.19022 7001.13 0.999623
1363000000 41717 0.794529 7000.97 0.999751
1363100000 41717 -0.125689 7001.12 0.999611
1363200000 41717 -0.161272 7001.13 0.999611
1363300000 41717 -0.107794 7001.12 0.999614
1363400000 41717 -0.152836 7001.13 0.999615
1363500000 41717 -0.0714542 7001.11 0.999627
1363600000 41717 -0.128873 7001.12 0.999614
1363700000 41717 0.893229 7000.95 0.999736
1363800000 41717 0.550574 7001.01 0.999703
1363900000 41717 -0.156939 7001.13 0.999623
1364000000 41717 -0.0417567 7001.11 0.999616
1364100000 41717 -0.0809118 7001.12 0.999613
1364200000 41717 1.53521 7000.84 0.999783
1364300000 41717 -0.128076 7001.12 0.999615
1364400000 41717 -0.038788 7001.11 0.999652
1364500000 41717 -0.00591514 7001.1 0.999642
1364600000 41717 -0.102748 7001.12 0.999611
1364700000 41717 -0.084107 7001.12 0.999613
1364800000 41717 -0.0919756 7001.12 0.999618
1364900000 41717 -0.0596268 7001.11 0.999616
1365000000 41717 -0.00490557 7001.1 0.999667
1365100000 41717 -0.124369 7001.12 0.999615
1365200000 41717 -0.0641464 7001.11 0.999615
1365300000 41717 -0.0716668 7001.11 0.999623
1365400000 41717 -0.0346541 7001.11 0.999627
1365500000 41717 -0.13247 7001.12 0.999613
1365600000 41717 -0.052282 7001.11 0.999614
1365700000 41717 -0.20334 7001.14 0.999608
1365800000 41717 -0.0826574 7001.12 0.999616
1365900000 41717 -0.0322709 7001.11 0.999615
1366000000 41717 -0.0924655 7001.12 0.999615
1366100000 41717 -0.190594 7001.13 0.999627
1366200000 41717 -0.0703182 7001.11 0.999613
1366300000 41717 -0.100599 7001.12 0.999614
1366400000 41717 -0.113466 7001.12 0.999615
1366500000 41717 0.0483705 7001.09 0.999653
1366600000 41717 4.06296 7000.42 0.999982
1366700000 41717 -0.151109 7001.13 0.999644
1366800000 41717 -0.0347761 7001.11 0.99963
1366900000 41717 0.310562 7001.05 0.999672
1367000000 41717 -0.0668414 7001.11 0.999615
1367100000 41717 -0.0676533 7001.11 0.999629
1367200000 41717 -0.0373642 7001.11 0.999615
1367300000 41717 0.0492258 7001.09 0.999645
1367400000 41717 -0.0645861 7001.11 0.999615
1367500000 41717 -0.0369842 7001.11 0.999615
1367600000 41717 0.353242 7001.04 0.999684
1367700000 41717 -0.0112105 7001.1 0.999631
1367800000 41717 -0.0100776 7001.1 0.999617
1367900000 41717 0.0541245 7001.09 0.999659
1368000000 41717 -0.0808248 7001.12 0.999619
1368100000 41717 -0.0692456 7001.11 0.999617
1368200000 41717 -0.0588489 7001.11 0.999614
1368300000 41717 -0.0698136 7001.11 0.999616
1368400000 41717 -0.0552642 7001.11 0.999631
1368500000 41717 -0.0907858 7001.12 0.999634
1368600000 41717 4.9654 7000.27 1.00003
1368700000 41717 0.326211 7001.05 0.999715
1368800000 41717 -0.0307618 7001.11 0.999631
1368900000 41717 -0.0777177 7001.11 0.999616
1369000000 41717 0.0599279 7001.09 0.999644
1369100000 41717 -0.126323 7001.12 0.999629
1369200000 41717 -0.107059 7001.12 0.999617
1369300000 41717 0.0774007 7001.09 0.999665
1369400000 41717 -0.133646 7001.12 0.999611
1369500000 41717 -0.106831 7001.12 0.999615
1369600000 41717 0.00331866 7001.1 0.999633
1369700000 41717 1.51243 7000.85 0.999789
1369800000 41717 -0.172578 7001.13 0.999622
1369900000 41717 0.170073 7001.07 0.999668
1370000000 41717 -0.0407612 7001.11 0.99963
1370100000 41717 0.163992 7001.07 0.999671
1370200000 41717 1.14166 7000.91 0.999754
1370300000 41717 -0.180431 7001.13 0.999617
1370400000 41717 -0.0873591 7001.12 0.999644
1370500000 41717 0.0118234 7001.1 0.999636
1370600000 41717 -0.10593 7001.12 0.999617
1370700000 41717 0.0598747 7001.09 0.999643
1370800000 41717 -0.0398258 7001.11 0.999614
1370900000 41717 -0.0495761 7001.11 0.999614
1371000000 41717 -0.0135169 7001.1 0.999617
1371100000 41717 0.062495 7001.09 0.99965
1371200000 41717 -0.0133048 7001.1 0.999616
1371300000 41717 -0.0720199 7001.11 0.999614
1371400000 41717 -0.17103 7001.13 0.999615
1371500000 41717 -0.0167055 7001.1 0.999616
1371600000 41717 -0.0495916 7001.11 0.999614
1371700000 41717 -0.0499823 7001.11 0.999615
1371800000 41717 -0.102613 7001.12 0.999622
1371900000 41717 -0.0689805 7001.11 0.999621
1372000000 41717 -0.00596453 7001.1 0.999617
1372100000 41717 -0.169043 7001.13 0.999625
1372200000 41717 -0.0566841 7001.11 0.999615
1372300000 41717 -0.118166 7001.12 0.999615
1372400000 41717 -0.0703368 7001.11 0.999633
1372500000 41717 0.217687 7001.07 0.999666
1372600000 41717 -0.00911091 7001.1 0.999617
1372700000 41717 0.0682271 7001.09 0.999648
1372800000 41717 -0.0783412 7001.11 0.999618
1372900000 41717 -0.12676 7001.12 0.99961
1373000000 41717 -0.0275291 7001.11 0.999637
1373100000 41717 2.83282 7000.63 0.999955
1373200000 41717 -0.104896 7001.12 0.999625
1373300000 41717 -0.127907 7001.12 0.999612
1373400000 41717 2.01837 7000.76 0.999851
1373500000 41717 -0.103206 7001.12 0.999613
1373600000 41717 -0.10459 7001.12 0.999612
1373700000 41717 -0.0214441 7001.11 0.999616
1373800000 41717 0.494345 7001.02 0.999703
1373900000 41717 -0.0647915 7001.11 0.999617
1374000000 41717 0.473592 7001.02 0.999692
1374100000 41717 0.282039 7001.05 0.999678
1374200000 41717 3.06009 7000.59 0.999901
1374300000 41717 0.350669 7001.04 0.999677
1374400000 41717 -0.0622156 7001.11 0.999617
1374500000 41717 -0.104329 7001.12 0.999613
1374600000 41717 -0.0664212 7001.11 0.999619
1374700000 41717 -0.105047 7001.12 0.999613
1374800000 41717 -0.0637015 7001.11 0.999615
1374900000 41717 -0.200865 7001.14 0.999617
1375000000 41717 -0.0698963 7001.11 0.999617
1375100000 41717 0.093221 7001.09 0.999648
1375200000 41717 -0.00976275 7001.1 0.999617
1375300000 41717 -0.0785159 7001.11 0.999614
1375400000 41717 1.08319 7000.92 0.999746
1375500000 41717 -0.0996839 7001.12 0.999625
1375600000 41717 -0.0422614 7001.11 0.999615
1375700000 41717 0.0206749 7001.1 0.99965
1375800000 41717 -0.157636 7001.13 0.999613
1375900000 41717 -0.0504344 7001.11 0.999614
1376000000 41717 -0.0745396 7001.11 0.999639
1376100000 41717 -0.00793963 7001.1 0.999617
1376200000 41717 -0.0590109 7001.11 0.999614
1376300000 41717 -0.0740999 7001.11 0.999629
1376400000 41717 -0.0622538 7001.11 0.99964
1376500000 41717 0.252329 7001.06 0.999682
1376600000 41717 -0.177962 7001.13 0.999611
1376700000 41717 -0.0679308 7001.11 0.99962
1376800000 41717 0.648663 7000.99 0.999706
1376900000 41717 0.248297 7001.06 0.999679
1377000000 41717 -0.00841367 7001.1 0.999617
1377100000 41717 -0.035543 7001.11 0.999627
1377200000 41717 0.593403 7001 0.9997
1377300000 41717 0.149866 7001.08 0.999657
1377400000 41717 -0.233778 7001.14 0.999609
1377500000 41717 0.360153 7001.04 0.999683
1377600000 41717 2.25025 7000.72 0.999879
1377700000 41717 -0.0691663 7001.11 0.999614
1377800000 41717 -0.11515 7001.12 0.999616
1377900000 41717 0.17952 7001.07 0.999661
1378000000 41717 1.26159 7000.89 0.999761
1378100000 41717 -0.242981 7001.14 0.999644
1378200000 41717 -0.0322654 7001.11 0.999643
1378300000 41717 0.154333 7001.08 0.999659
1378400000 41717 0.0377114 7001.1 0.99966
1378500000 41717 -0.0725857 7001.11 0.999623
1378600000 41717 -0.0863606 7001.12 0.999615
1378700000 41717 -0.0671185 7001.11 0.999617
1378800000 41717 -0.0881295 7001.12 0.999621
1378900000 41717 0.118256 7001.08 0.999675
1379000000 41717 -0.0417568 7001.11 0.999614
1379100000 41717 -0.0129193 7001.1 0.999638
1379200000 41717 2.10378 7000.75 0.999869
1379300000 41717 -0.152953 7001.13 0.999612
1379400000 41717 0.795694 7000.97 0.999721
1379500000 41717 1.84666 7000.79 0.999844
1379600000 41717 -0.0923242 7001.12 0.999613
1379700000 41717 -0.0757545 7001.11 0.999626
1379800000 41717 -0.107288 7001.12 0.999613
1379900000 41717 -0.064823 7001.11 0.99962
1380000000 41717 -0.0955895 7001.12 0.999613
1380100000 41717 -0.108262 7001.12 0.999615
1380200000 41717 -0.0421741 7001.11 0.999616
1380300000 41717 0.30403 7001.05 0.999691
1380400000 41717 -0.106748 7001.12 0.999612
1380500000 41717 0.82864 7000.96 0.999736
1380600000 41717 -0.132746 7001.12 0.99965
1380700000 41717 -0.0514787 7001.11 0.999614
1380800000 41717 -0.0324686 7001.11 0.999616
1380900000 41717 -0.0445435 7001.11 0.999614
1381000000 41717 -0.0197778 7001.1 0.999616
1381100000 41717 2.44014 7000.69 0.999853
1381200000 41717 -0.0487567 7001.11 0.999615
1381300000 41717 0.295961 7001.05 0.999674
1381400000 41717 0.574548 7001.01 0.99972
1381500000 41717 -0.0837701 7001.12 0.999618
1381600000 41717 -0.0510888 7001.11 0.999614
1381700000 41717 0.836892 7000.96 0.999726
1381800000 41717 0.355248 7001.04 0.999681
1381900000 41717 1.02003 7000.93 0.99974
1382000000 41717 3.12778 7000.58 0.999903
1382100000 41717 -0.0171972 7001.1 0.999616
1382200000 41717 -0.0102587 7001.1 0.999617
1382300000 41717 -0.130208 7001.12 0.999623
1382400000 41717 -0.115357 7001.12 0.999635
1382500000 41717 0.0397694 7001.09 0.99964
1382600000 41717 0.0699055 7001.09 0.99965
1382700000 41717 0.40959 7001.03 0.999696
1382800000 41717 -0.0818118 7001.12 0.999639
1382900000 41717 0.610575 7001 0.999707
1383000000 41717 -0.0438043 7001.11 0.999615
1383100000 41717 -0.0393931 7001.11 0.999615
1383200000 41717 -0.0766397 7001.11 0.999622
1383300000 41717 0.860526 7000.96 0.999753
1383400000 41717 -0.0693718 7001.11 0.999621
1383500000 41717 0.0302889 7001.1 0.999642
1383600000 41717 -0.0426823 7001.11 0.999615
1383700000 41717 -0.0679464 7001.11 0.999647
1383800000 41717 -0.100827 7001.12 0.999617
1383900000 41717 0.243997 7001.06 0.999666
1384000000 41717 2.87415 7000.62 0.999949
1384100000 41717 -0.0485083 7001.11 0.999615
1384200000 41717 -0.0803554 7001.12 0.999613
1384300000 41717 -0.0160251 7001.1 0.999616
1384400000 41717 -0.0364152 7001.11 0.999615
1384500000 41717 -0.0522709 7001.11 0.999615
1384600000 41717 -0.0326942 7001.11 0.999628
1384700000 41717 -0.122539 7001.12 0.999617
1384800000 41717 -0.0562026 7001.11 0.999632
1384900000 41717 0.175157 7001.07 0.999669
1385000000 41717 -0.0216033 7001.11 0.999616
1385100000 41717 -0.0753599 7001.11 0.999615
1385200000 41717 -0.0830046 7001.12 0.999615
1385300000 41717 -0.0445978 7001.11 0.999626
1385400000 41717 -0.0863022 7001.12 0.99962
1385500000 41717 -0.10254 7001.12 0.999612
1385600000 41717 -0.0912532 7001.12 0.999622
1385700000 41717 0.0763538 7001.09 0.999645
1385800000 41717 -0.114332 7001.12 0.999613
1385900000 41717 -0.0730099 7001.11 0.999614
1386000000 41717 0.437881 7001.03 0.999685
1386100000 41717 -0.0851405 7001.12 0.999612
1386200000 41717 -0.0236232 7001.11 0.999616
1386300000 41717 0.87137 7000.96 0.999727
1386400000 41717 -0.100655 7001.12 0.999645
1386500000 41717 1.65131 7000.82 0.999817
1386600000 41717 0.36462 7001.04 0.999683
1386700000 41717 -0.0586801 7001.11 0.999613
1386800000 41717 -0.109262 7001.12 0.999629
1386900000 41717 -0.0679113 7001.11 0.999614
1387000000 41717 1.5275 7000.85 0.99979
1387100000 41717 -0.104057 7001.12 0.999613
1387200000 41717 -0.0608281 7001.11 0.999614
1387300000 41717 -0.115165 7001.12 0.999619
1387400000 41717 -0.10505 7001.12 0.999614
1387500000 41717 -0.128525 7001.12 0.999613
1387600000 41717 0.513342 7001.02 0.999696
1387700000 41717 -0.0291421 7001.11 0.999615
1387800000 41717 0.386698 7001.04 0.999681
1387900000 41717 -0.0870333 7001.12 0.999613
1388000000 41717 -0.0977877 7001.12 0.999623
1388100000 41717 2.25969 7000.72 0.999838
1388200000 41717 -0.00865649 7001.1 0.999617
1388300000 41717 -0.128006 7001.12 0.999619
1388400000 41717 -0.0578108 7001.11 0.999615
1388500000 41717 -0.0928125 7001.12 0.999614
1388600000 41717 1.35779 7000.87 0.999769
1388700000 41717 -0.112729 7001.12 0.999618
1388800000 41717 -0.100683 7001.12 0.999624
1388900000 41717 -0.157847 7001.13 0.999623
1389000000 41717 -0.0727491 7001.11 0.999629
1389100000 41717 0.575271 7001.01 0.999719
1389200000 41717 -0.133591 7001.12 0.99961
1389300000 41717 -0.0799516 7001.12 0.999624
1389400000 41717 1.14787 7000.91 0.999772
1389500000 41717 -0.0346372 7001.11 0.99966
1389600000 41717 -0.0766149 7001.11 0.999615
1389700000 41717 -0.0496585 7001.11 0.999647
1389800000 41717 0.143054 7001.08 0.999654
1389900000 41717 -0.074506 7001.11 0.999617
1390000000 41717 -0.158711 7001.13 0.999622
1390100000 41717 -0.0235715 7001.11 0.999616
1390200000 41717 -0.0090775 7001.1 0.999617
1390300000 41717 0.553965 7001.01 0.999697
1390400000 41717 0.649285 7000.99 0.999713
1390500000 41717 -0.10376 7001.12 0.999616
1390600000 41717 -0.103704 7001.12 0.999613
1390700000 41717 -0.0423647 7001.11 0.999615
1390800000 41717 -0.137999 7001.12 0.99962
1390900000 41717 -0.0765624 7001.11 0.999615
1391000000 41717 -0.0884667 7001.12 0.999616
1391100000 41717 -0.126068 7001.12 0.999611
1391200000 41717 0.362943 7001.04 0.999698
1391300000 41717 0.0777043 7001.09 0.999644
1391400000 41717 -0.0165527 7001.1 0.999616
1391500000 41717 -0.0930684 7001.12 0.999613
1391600000 41717 -0.132467 7001.12 0.999626
1391700000 41717 0.398134 7001.03 0.999681
1391800000 41717 -0.122707 7001.12 0.999614
1391900000 41717 -0.139691 7001.13 0.999617
1392000000 41717 -0.146688 7001.13 0.999612
1392100000 41717 -0.0659237 7001.11 0.999617
1392200000 41717 -0.0476198 7001.11 0.999614
1392300000 41717 -0.0286371 7001.11 0.999615
1392400000 41717 0.459581 7001.02 0.999723
1392500000 41717 -0.0213654 7001.11 0.999616
1392600000 41717 -0.147901 7001.13 0.999623
1392700000 41717 0.485864 7001.02 0.99969
1392800000 41717 -0.054863 7001.11 0.99964
1392900000 41717 0.513119 7001.02 0.999709
1393000000 41717 -0.0165465 7001.1 0.999616
1393100000 41717 -0.0425113 7001.11 0.999615
1393200000 41717 0.473112 7001.02 0.999688
1393300000 41717 -0.165816 7001.13 0.999613
1393400000 41717 0.0668332 7001.09 0.999667
1393500000 41717 -0.000874617 7001.1 0.999618
1393600000 41717 -0.06116 7001.11 0.999614
1393700000 41717 3.37126 7000.54 0.999937
1393800000 41717 0.557918 7001.01 0.999722
1393900000 41717 0.103411 7001.08 0.999658
1394000000 41717 -0.0867768 7001.12 0.999612
1394100000 41717 -0.0835509 7001.12 0.999614
1394200000 41717 -0.0317355 7001.11 0.999616
1394300000 41717 -0.122398 7001.12 0.999614
1394400000 41717 -0.0486426 7001.11 0.999615
1394500000 41717 -0.18759 7001.13 0.99963
1394600000 41717 -0.106049 7001.12 0.999632
1394700000 41717 -0.0470957 7001.11 0.999624
1394800000 41717 -0.00905587 7001.1 0.999617
1394900000 41717 -0.0375392 7001.11 0.999632
1395000000 41717 -0.279656 7001.15 0.999673
1395100000 41717 -0.052853 7001.11 0.999614
1395200000 41717 0.398799 7001.03 0.999684
1395300000 41717 -0.033183 7001.11 0.999615
1395400000 41717 -0.112943 7001.12 0.999619
1395500000 41717 -0.0534822 7001.11 0.999626
1395600000 41717 -0.0448719 7001.11 0.999614
1395700000 41717 -0.0550186 7001.11 0.999613
1395800000 41717 1.97221 7000.77 0.999821
1395900000 41717 -0.115522 7001.12 0.999614
1396000000 41717 -0.167669 7001.13 0.999615
1396100000 41717 -0.0154593 7001.1 0.999647
1396200000 41717 0.025152 7001.1 0.999656
1396300000 41717 -0.0421994 7001.11 0.999615
1396400000 41717 0.489024 7001.02 0.999722
1396500000 41717 0.415343 7001.03 0.999683
1396600000 41717 -0.107648 7001.12 0.999613
1396700000 41717 -0.117653 7001.12 0.999627
1396800000 41717 0.148694 7001.08 0.999655
1396900000 41717 -0.150835 7001.13 0.999622
1397000000 41717 -0.113985 7001.12 0.999629
1397100000 41717 0.963339 7000.94 0.999781
1397200000 41717 -0.0558932 7001.11 0.999613
1397300000 41717 -0.116779 7001.12 0.999611
1397400000 41717 -0.0872223 7001.12 0.999615
1397500000 41717 3.54874 7000.51 0.99993
1397600000 41717 -0.0237401 7001.11 0.999616
1397700000 41717 0.21916 7001.06 0.999678
1397800000 41717 -0.0782906 7001.11 0.999618
1397900000 41717 -0.0410769 7001.11 0.999615
1398000000 41717 0.0358391 7001.1 0.999659
1398100000 41717 -0.169163 7001.13 0.999611
1398200000 41717 0.0152281 7001.1 0.999655
1398300000 41717 -0.247151 7001.14 0.999619
1398400000 41717 -0.0416414 7001.11 0.999615
1398500000 41717 -0.0227171 7001.11 0.999616
1398600000 41717 -0.11425 7001.12 0.999615
1398700000 41717 -0.0322466 7001.11 0.999616
1398800000 41717 -0.103608 7001.12 0.999613
1398900000 41717 -0.0290486 7001.11 0.999616
1399000000 41717 -0.0527672 7001.11 0.999614
1399100000 41717 -0.138819 7001.12 0.999616
1399200000 41717 -0.230948 7001.14 0.999628
1399300000 41717 0.270164 7001.06 0.999672
1399400000 41717 -0.0900998 7001.12 0.999616
1399500000 41717 -0.088344 7001.12 0.999623
1399600000 41717 9.96923 6999.43 1.00037
1399700000 41717 1.16601 7000.91 0.999759
1399800000 41717 -0.0129606 7001.1 0.999616
1399900000 41717 -0.0423414 7001.11 0.999615
1400000000 41717 1.17442 7000.9 0.999773
1400100000 41717 -0.121603 7001.12 0.999613
1400200000 41717 -0.0419504 7001.11 0.999615
1400300000 41717 0.29406 7001.05 0.999702
1400400000 41717 -0.0897216 7001.12 0.999626
1400500000 41717 0.244679 7001.06 0.999681
1400600000 41717 -0.0363616 7001.11 0.999615
1400700000 41717 -0.191005 7001.13 0.999612
1400800000 41717 -0.132194 7001.12 0.999614
1400900000 41717 -0.0381025 7001.11 0.999615
1401000000 41717 0.687669 7000.99 0.999711
1401100000 41717 0.155394 7001.08 0.999657
1401200000 41717 -0.165565 7001.13 0.999609
1401300000 41717 -0.024618 7001.11 0.999616
1401400000 41717 -0.138649 7001.12 0.999622
1401500000 41717 -0.0881567 7001.12 0.999613
1401600000 41717 -0.0237759 7001.11 0.999616
1401700000 41717 -0.0230801 7001.11 0.999616
1401800000 41717 -0.0773098 7001.11 0.999664
1401900000 41717 -0.0524721 7001.11 0.999622
1402000000 41717 2.28757 7000.72 0.999841
1402100000 41717 0.772154 7000.97 0.999731
1402200000 41717 -0.0316415 7001.11 0.999615
1402300000 41717 -0.118231 7001.12 0.999618
1402400000 41717 -0.0746631 7001.11 0.999636
1402500000 41717 -0.138317 7001.12 0.999612
1402600000 41717 -0.0639332 7001.11 0.99962
1402700000 41717 -0.0261936 7001.11 0.999616
1402800000 41717 -0.169141 7001.13 0.999619
1402900000 41717 0.00665774 7001.1 0.999644
1403000000 41717 -0.0660663 7001.11 0.999616
1403100000 41717 -0.0286996 7001.11 0.999616
1403200000 41717 4.29326 7000.38 0.999988
1403300000 41717 -0.0161922 7001.1 0.999616
1403400000 41717 -0.108152 7001.12 0.999631
1403500000 41717 -0.0878672 7001.12 0.999614
1403600000 41717 1.46777 7000.86 0.999787
1403700000 41717 -0.0147342 7001.1 0.999616
1403800000 41717 -0.136252 7001.12 0.999619
1403900000 41717 -0.109573 7001.12 0.999611
1404000000 41717 -0.158551 7001.13 0.999649
1404100000 41717 0.0668713 7001.09 0.99965
1404200000 41717 -0.0736533 7001.11 0.999614
1404300000 41717 -0.203199 7001.14 0.999611
1404400000 41717 -0.102762 7001.12 0.999614
1404500000 41717 -0.187671 7001.13 0.99962
1404600000 41717 2.9104 7000.61 0.999937
1404700000 41717 0.205001 7001.07 0.999671
1404800000 41717 0.228732 7001.06 0.99968
1404900000 41717 -0.09283 7001.12 0.999615
1405000000 41717 -0.0131458 7001.1 0.999616
1405100000 41717 -0.0684728 7001.11 0.999613
1405200000 41717 -0.0835656 7001.12 0.999622
1405300000 41717 -0.00727375 7001.1 0.999617
1405400000 41717 -0.00482132 7001.1 0.999617
1405500000 41717 -0.087878 7001.12 0.99963
1405600000 41717 0.11232 7001.08 0.999649
1405700000 41717 5.95978 7000.1 1.00017
1405800000 41717 -0.0559449 7001.11 0.999614
1405900000 41717 -0.207667 7001.14 0.999618
1406000000 41717 -0.130216 7001.12 0.999612
1406100000 41717 -0.0657572 7001.11 0.999616
1406200000 41717 -0.139484 7001.13 0.999613
1406300000 41717 5.38533 7000.2 1.00007
1406400000 41717 -0.0108345 7001.1 0.999617
1406500000 41717 -0.123499 7001.12 0.999612
1406600000 41717 -0.123576 7001.12 0.999619
1406700000 41717 -0.124813 7001.12 0.99961
1406800000 41717 -0.0816762 7001.12 0.999616
1406900000 41717 -0.156599 7001.13 0.999614
1407000000 41717 0.851814 7000.96 0.999728
1407100000 41717 -0.0449965 7001.11 0.999615
1407200000 41717 1.83219 7000.79 0.999878
1407300000 41717 0.820447 7000.96 0.999745
1407400000 41717 0.493349 7001.02 0.999694
1407500000 41717 -0.0591642 7001.11 0.999633
1407600000 41717 -0.0578335 7001.11 0.999614
1407700000 41717 -0.0333964 7001.11 0.999615
1407800000 41717 -0.0758695 7001.11 0.99962
1407900000 41717 -0.0873063 7001.12 0.999612
1408000000 41717 1.86953 7000.79 0.999814
1408100000 41717 -0.0676017 7001.11 0.999614
1408200000 41717 -0.218351 7001.14 0.999621
1408300000 41717 -0.00101123 7001.1 0.999641
1408400000 41717 -0.205176 7001.14 0.999619
1408500000 41717 0.08349 7001.09 0.999675
1408600000 41717 -0.0307157 7001.11 0.999615
1408700000 41717 0.187544 7001.07 0.999677
1408800000 41717 0.0608299 7001.09 0.999642
1408900000 41717 -0.10634 7001.12 0.999637
1409000000 41717 -0.0158993 7001.1 0.999616
1409100000 41717 2.16013 7000.74 0.999841
1409200000 41717 -0.00858236 7001.1 0.999617
1409300000 41717 0.272836 7001.06 0.999692
1409400000 41717 -0.0222294 7001.11 0.999616
1409500000 41717 1.1456 7000.91 0.999757
1409600000 41717 -0.0593192 7001.11 0.999614
1409700000 41717 -0.116587 7001.12 0.999619
1409800000 41717 1.31691 7000.88 0.999772
1409900000 41717 -0.095139 7001.12 0.999613
1410000000 41717 -0.078315 7001.11 0.999616
1410100000 41717 0.129053 7001.08 0.999653
1410200000 41717 -0.0216545 7001.11 0.999616
1410300000 41717 0.0763863 7001.09 0.999645
1410400000 41717 0.00379542 7001.1 0.999636
1410500000 41717 0.0117246 7001.1 0.999665
1410600000 41717 0.260042 7001.06 0.999673
1410700000 41717 -0.0411729 7001.11 0.999615
1410800000 41717 -0.0965307 7001.12 0.999614
1410900000 41717 0.601958 7001 0.99972
1411000000 41717 -0.0992276 7001.12 0.999619
1411100000 41717 -0.0580115 7001.11 0.99962
1411200000 41717 -0.0123868 7001.1 0.999616
1411300000 41717 -0.198806 7001.14 0.999619
1411400000 41717 -0.103307 7001.12 0.999629
1411500000 41717 3.53913 7000.51 0.999987
1411600000 41717 -0.0783115 7001.11 0.999612
1411700000 41717 -0.0734828 7001.11 0.999621
1411800000 41717 0.290387 7001.05 0.999677
1411900000 41717 -0.0940192 7001.12 0.999616
1412000000 41717 -0.0389282 7001.11 0.999615
1412100000 41717 -0.0921985 7001.12 0.999613
1412200000 41717 0.254859 7001.06 0.99968
1412300000 41717 -0.0905332 7001.12 0.999614
1412400000 41717 6.09033 7000.08 1.00015
1412500000 41717 -0.0829238 7001.12 0.999616
1412600000 41717 -0.058366 7001.11 0.999615
1412700000 41717 -0.0344066 7001.11 0.999644
1412800000 41717 -0.109471 7001.12 0.999613
1412900000 41717 -0.0305484 7001.11 0.999615
1413000000 41717 -0.0522699 7001.11 0.999614
1413100000 41717 -0.0633853 7001.11 0.999629
1413200000 41717 -0.0408374 7001.11 0.999615
1413300000 41717 -0.0481595 7001.11 0.999614
1413400000 41717 -0.0454909 7001.11 0.999614
1413500000 41717 -0.0764637 7001.11 0.999615
1413600000 41717 2.0425 7000.76 0.999854
1413700000 41717 -0.177647 7001.13 0.999623
1413800000 41717 2.08479 7000.75 0.99987
1413900000 41717 0.730119 7000.98 0.999736
1414000000 41717 -0.00916513 7001.1 0.999631
1414100000 41717 0.108625 7001.08 0.99966
1414200000 41717 1.62226 7000.83 0.999826
1414300000 41717 -0.058599 7001.11 0.999617
1414400000 41717 -0.100186 7001.12 0.999623
1414500000 41717 2.36613 7000.7 0.999848
1414600000 41717 -0.0654008 7001.11 0.999617
1414700000 41717 -0.0296765 7001.11 0.999632
1414800000 41717 0.000683606 7001.1 0.999636
1414900000 41717 -0.21073 7001.14 0.999612
1415000000 41717 -0.127884 7001.12 0.999611
1415100000 41717 -0.137154 7001.12 0.999642
1415200000 41717 -0.129535 7001.12 0.99964
1415300000 41717 0.289718 7001.05 0.999671
1415400000 41717 0.294468 7001.05 0.999674
1415500000 41717 -0.0213447 7001.11 0.999616
1415600000 41717 -0.0935967 7001.12 0.999644
1415700000 41717 -0.138105 7001.12 0.99962
1415800000 41717 -0.0882387 7001.12 0.999636
1415900000 41717 0.0669132 7001.09 0.999656
1416000000 41717 0.0691325 7001.09 0.999664
1416100000 41717 -0.0612144 7001.11 0.999614
1416200000 41717 -0.174746 7001.13 0.999626
1416300000 41717 -0.0183101 7001.1 0.99965
1416400000 41717 -0.088743 7001.12 0.999624
1416500000 41717 -0.109134 7001.12 0.999614
1416600000 41717 -0.0479399 7001.11 0.999615
1416700000 41717 -0.0302935 7001.11 0.999615
1416800000 41717 -0.0446334 7001.11 0.999614
1416900000 41717 -0.00557813 7001.1 0.999617
1417000000 41717 -0.142475 7001.13 0.999631
1417100000 41717 -0.00847361 7001.1 0.999617
1417200000 41717 -0.0563758 7001.11 0.999614
1417300000 41717 -0.0347708 7001.11 0.999615
1417400000 41717 -0.10021 7001.12 0.999619
1417500000 41717 -0.0755396 7001.11 0.99962
1417600000 41717 0.0216487 7001.1 0.999654
1417700000 41717 0.00106912 7001.1 0.999633
1417800000 41717 0.19232 7001.07 0.999659
1417900000 41717 -0.23296 7001.14 0.999624
1418000000 41717 -0.0735223 7001.11 0.999626
1418100000 41717 0.579842 7001 0.999702
1418200000 41717 0.0840354 7001.09 0.999647
1418300000 41717 -0.02551 7001.11 0.999616
1418400000 41717 -0.080018 7001.12 0.999629
1418500000 41717 -0.0734954 7001.11 0.999624
1418600000 41717 0.219156 7001.06 0.999681
1418700000 41717 -0.0154678 7001.1 0.999616
1418800000 41717 -0.0313736 7001.11 0.999615
1418900000 41717 -0.0146147 7001.1 0.999634
1419000000 41717 5.86451 7000.12 1.00008
1419100000 41717 -0.0667056 7001.11 0.999615
1419200000 41717 -0.0190786 7001.1 0.999616
1419300000 41717 3.83446 7000.46 0.999988
1419400000 41717 -0.180975 7001.13 0.999623
1419500000 41717 -0.0611283 7001.11 0.999615
1419600000 41717 -0.0427109 7001.11 0.999631
1419700000 41717 0.917424 7000.95 0.999749
1419800000 41717 -0.0243559 7001.11 0.999616
1419900000 41717 -0.0422459 7001.11 0.999615
1420000000 41717 0.589723 7001 0.999707
1420100000 41717 0.660689 7000.99 0.999718
1420200000 41717 0.0919858 7001.09 0.999646
1420300000 41717 -0.0792142 7001.11 0.999613
1420400000 41717 1.27996 7000.89 0.999808
1420500000 41717 1.67696 7000.82 0.999825
1420600000 41717 -0.0900999 7001.12 0.999612
1420700000 41717 -0.172535 7001.13 0.99961
1420800000 41717 2.53875 7000.68 0.999859
1420900000 41717 -0.0137067 7001.1 0.999633
1421000000 41717 -0.1116 7001.12 0.999632
1421100000 41717 0.0819354 7001.09 0.999645
1421200000 41717 0.658629 7000.99 0.999715
1421300000 41717 -0.194456 7001.13 0.999619
1421400000 41717 -0.112349 7001.12 0.999615
1421500000 41717 -0.0545671 7001.11 0.999614
1421600000 41717 -0.129419 7001.12 0.999612
1421700000 41717 -0.0306978 7001.11 0.999615
1421800000 41717 -0.0868381 7001.12 0.999616
1421900000 41717 -0.105762 7001.12 0.99962
1422000000 41717 -0.0694339 7001.11 0.999619
1422100000 41717 -0.0410304 7001.11 0.999615
1422200000 41717 0.377549 7001.04 0.999697
1422300000 41717 -0.0504475 7001.11 0.999615
1422400000 41717 -0.109286 7001.12 0.999629
1422500000 41717 -0.0993819 7001.12 0.999612
1422600000 41717 -0.0530093 7001.11 0.999614
1422700000 41717 -0.104114 7001.12 0.999619
1422800000 41717 -0.0255507 7001.11 0.999639
1422900000 41717 -0.0879469 7001.12 0.999613
1423000000 41717 -0.165528 7001.13 0.999617
1423100000 41717 -0.118304 7001.12 0.999621
1423200000 41717 -0.12203 7001.12 0.999619
1423300000 41717 -0.0691739 7001.11 0.999614
1423400000 41717 0.343506 7001.04 0.999692
1423500000 41717 -0.0980294 7001.12 0.999627
1423600000 41717 0.387115 7001.04 0.999684
1423700000 41717 -0.0460429 7001.11 0.999615
1423800000 41717 -0.0340219 7001.11 0.999635
1423900000 41717 -0.0875285 7001.12 0.999617
1424000000 41717 -0.0421027 7001.11 0.999614
1424100000 41717 -0.176202 7001.13 0.999612
1424200000 41717 -0.0423297 7001.11 0.999628
1424300000 41717 3.13277 7000.58 0.999902
1424400000 41717 -0.0666092 7001.11 0.99962
1424500000 41717 0.373096 7001.04 0.99968
1424600000 41717 -0.0805055 7001.12 0.999658
1424700000 41717 0.785053 7000.97 0.999719
1424800000 41717 -0.0419566 7001.11 0.999616
1424900000 41717 -0.0476223 7001.11 0.999641
1425000000 41717 1.23587 7000.89 0.999769
1425100000 41717 -0.0698024 7001.11 0.999613
1425200000 41717 -0.117293 7001.12 0.999618
1425300000 41717 0.135722 7001.08 0.999703
1425400000 41717 -0.137332 7001.12 0.999623
1425500000 41717 0.159817 7001.07 0.999663
1425600000 41717 0.235482 7001.06 0.999665
1425700000 41717 2.48718 7000.68 0.999862
1425800000 41717 -0.00177816 7001.1 0.999618
1425900000 41717 -0.00753734 7001.1 0.999617
1426000000 41717 -0.13223 7001.12 0.999641
1426100000 41717 -0.00868852 7001.1 0.999617
1426200000 41717 -0.0619473 7001.11 0.999622
1426300000 41717 -0.0228575 7001.11 0.999616
1426400000 41717 -0.0344062 7001.11 0.999615
1426500000 41717 -0.111939 7001.12 0.999619
1426600000 41717 -0.0186904 7001.1 0.999616
1426700000 41717 -0.113483 7001.12 0.999632
1426800000 41717 1.38591 7000.87 0.999792
1426900000 41717 -0.0317652 7001.11 0.999633
1427000000 41717 0.242277 7001.06 0.999668
1427100000 41717 0.78775 7000.97 0.999728
1427200000 41717 -0.143167 7001.13 0.999611
1427300000 41717 0.966654 7000.94 0.999735
1427400000 41717 0.729913 7000.98 0.999713
1427500000 41717 -0.0337159 7001.11 0.999615
1427600000 41717 -0.132761 7001.12 0.999612
1427700000 41717 -0.0878023 7001.12 0.999631
1427800000 41717 1.24812 7000.89 0.999762
1427900000 41717 -0.126863 7001.12 0.999618
1428000000 41717 -0.05219 7001.11 0.999616
1428100000 41717 0.454312 7001.03 0.999697
1428200000 41717 3.04069 7000.59 0.999901
1428300000 41717 1.60652 7000.83 0.999819
1428400000 41717 -0.0397393 7001.11 0.999615
1428500000 41717 -0.0948785 7001.12 0.999613
1428600000 41717 -0.00401455 7001.1 0.999668
1428700000 41717 -0.0430638 7001.11 0.999615
1428800000 41717 -0.114007 7001.12 0.999629
1428900000 41717 0.275815 7001.06 0.99967
1429000000 41717 -0.0406169 7001.11 0.999616
1429100000 41717 0.84814 7000.96 0.999752
1429200000 41717 -0.0418428 7001.11 0.999614
1429300000 41717 -0.143457 7001.13 0.99961
1429400000 41717 -0.052899 7001.11 0.999628
1429500000 41717 -0.164451 7001.13 0.999638
1429600000 41717 0.338038 7001.04 0.999696
1429700000 41717 -0.112548 7001.12 0.999616
1429800000 41717 -0.0908965 7001.12 0.999631
1429900000 41717 0.334855 7001.05 0.999677
1430000000 41717 0.122139 7001.08 0.999652
1430100000 41717 -0.0642652 7001.11 0.999621
1430200000 41717 -0.0311504 7001.11 0.999616
1430300000 41717 -0.0579814 7001.11 0.999617
1430400000 41717 -0.0203447 7001.11 0.999616
1430500000 41717 -0.140549 7001.13 0.999642
1430600000 41717 -0.0434276 7001.11 0.999615
1430700000 41717 -0.0585455 7001.11 0.999623
1430800000 41717 -0.00178126 7001.1 0.999618
1430900000 41717 0.0123957 7001.1 0.999635
1431000000 41717 0.2527 7001.06 0.999679
1431100000 41717 0.184703 7001.07 0.999658
1431200000 41717 2.035 7000.76 0.99989
1431300000 41717 1.17245 7000.9 0.999753
1431400000 41717 -0.0760978 7001.11 0.999618
1431500000 41717 0.686443 7000.99 0.999719
1431600000 41717 -0.0799474 7001.12 0.999622
1431700000 41717 -0.152882 7001.13 0.999619
1431800000 41717 -0.0395219 7001.11 0.999616
1431900000 41717 0.0527244 7001.09 0.999661
1432000000 41717 -0.093363 7001.12 0.999618
1432100000 41717 0.387479 7001.04 0.999681
1432200000 41717 -0.0716511 7001.11 0.999615
1432300000 41717 -0.0507961 7001.11 0.999614
1432400000 41717 -0.133757 7001.12 0.999612
1432500000 41717 -0.113365 7001.12 0.999615
1432600000 41717 0.409489 7001.03 0.999716
1432700000 41717 -0.14694 7001.13 0.999612
1432800000 41717 -0.103449 7001.12 0.999613
1432900000 41717 2.61288 7000.66 0.999915
1433000000 41717 -0.10806 7001.12 0.999612
1433100000 41717 -0.0265044 7001.11 0.999616
1433200000 41717 1.19091 7000.9 0.999764
1433300000 41717 1.16276 7000.91 0.999754
1433400000 41717 -0.0369921 7001.11 0.999615
1433500000 41717 -0.052374 7001.11 0.999614
1433600000 41717 -0.0932542 7001.12 0.999614
1433700000 41717 -0.135383 7001.12 0.99962
1433800000 41717 0.0168804 7001.1 0.999639
1433900000 41717 1.86779 7000.79 0.999852
1434000000 41717 -0.0457199 7001.11 0.999627
1434100000 41717 -0.019246 7001.1 0.999616
1434200000 41717 -0.113062 7001.12 0.999614
1434300000 41717 -0.0189831 7001.1 0.999616
1434400000 41717 0.198065 7001.07 0.999661
1434500000 41717 0.129956 7001.08 0.999673
1434600000 41717 -0.0115838 7001.1 0.999617
1434700000 41717 -0.0711723 7001.11 0.999615
1434800000 41717 -0.0228547 7001.11 0.999662
1434900000 41717 0.171567 7001.07 0.999657
1435000000 41717 -0.0219275 7001.11 0.999616
1435100000 41717 -0.105328 7001.12 0.999615
1435200000 41717 0.124334 7001.08 0.99967
1435300000 41717 0.329084 7001.05 0.999692
1435400000 41717 0.394469 7001.04 0.999704
1435500000 41717 -0.156378 7001.13 0.99963
1435600000 41717 -0.0849126 7001.12 0.999613
1435700000 41717 -0.0593332 7001.11 0.999621
1435800000 41717 0.0464713 7001.09 0.999658
1435900000 41717 -0.0644134 7001.11 0.999615
1436000000 41717 -0.0390929 7001.11 0.999616
1436100000 41717 0.360115 7001.04 0.999677
1436200000 41717 1.12087 7000.91 0.999775
1436300000 41717 -0.112938 7001.12 0.999618
1436400000 41717 2.7601 7000.64 0.999881
1436500000 41717 -0.0589246 7001.11 0.999614
1436600000 41717 0.724301 7000.98 0.999716
1436700000 41717 -0.140875 7001.13 0.999617
1436800000 41717 0.474424 7001.02 0.999691
1436900000 41717 -0.0906695 7001.12 0.999631
1437000000 41717 -0.0308083 7001.11 0.999615
1437100000 41717 -0.103334 7001.12 0.999614
1437200000 41717 -0.0423354 7001.11 0.999615
1437300000 41717 -0.024579 7001.11 0.999615
1437400000 41717 -0.0643935 7001.11 0.999645
1437500000 41717 -0.0799215 7001.12 0.999616
1437600000 41717 -0.0969496 7001.12 0.999619
1437700000 41717 -0.0619004 7001.11 0.999614
1437800000 41717 -0.0272201 7001.11 0.999616
1437900000 41717 -0.0300838 7001.11 0.999615
1438000000 41717 -0.114105 7001.12 0.999622
1438100000 41717 -0.054674 7001.11 0.999616
1438200000 41717 0.0294906 7001.1 0.999642
1438300000 41717 -0.192467 7001.13 0.999618
1438400000 41717 -0.144932 7001.13 0.999626
1438500000 41717 -0.0864122 7001.12 0.999612
1438600000 41717 -0.108014 7001.12 0.999614
1438700000 41717 1.75035 7000.81 0.999799
1438800000 41717 -0.105297 7001.12 0.999616
1438900000 41717 -0.108732 7001.12 0.999637
1439000000 41717 -0.0168812 7001.1 0.999616
1439100000 41717 -0.12046 7001.12 0.999624
1439200000 41717 0.511571 7001.02 0.999693
1439300000 41717 -0.0756787 7001.11 0.999614
1439400000 41717 -0.00495152 7001.1 0.999617
1439500000 41717 0.239201 7001.06 0.999668
1439600000 41717 0.0653626 7001.09 0.999667
1439700000 41717 -0.0187639 7001.1 0.999616
1439800000 41717 1.4478 7000.86 0.999858
1439900000 41717 -0.165941 7001.13 0.999615
1440000000 41717 -0.166889 7001.13 0.99961
1440100000 41717 -0.0690449 7001.11 0.999614
1440200000 41717 2.21336 7000.73 0.999865
1440300000 41717 -0.0480003 7001.11 0.999614
1440400000 41717 -0.0759014 7001.11 0.999614
1440500000 41717 -0.0852957 7001.12 0.999614
1440600000 41717 1.56698 7000.84 0.999811
1440700000 41717 0.113175 7001.08 0.999649
1440800000 41717 0.233381 7001.06 0.999663
1440900000 41717 -0.124655 7001.12 0.999618
1441000000 41717 -0.00719707 7001.1 0.999638
1441100000 41717 -0.166578 7001.13 0.999633
1441200000 41717 -0.00704494 7001.1 0.999617
1441300000 41717 -0.0558113 7001.11 0.999613
1441400000 41717 -0.0822763 7001.12 0.999616
1441500000 41717 -0.0307618 7001.11 0.999615
1441600000 41717 -0.0250884 7001.11 0.999616
1441700000 41717 0.510882 7001.02 0.999695
1441800000 41717 -0.0108411 7001.1 0.999617
1441900000 41717 -0.0436229 7001.11 0.999615
1442000000 41717 -0.186035 7001.13 0.999614
1442100000 41717 0.477512 7001.02 0.999699
1442200000 41717 -0.0856398 7001.12 0.999631
1442300000 41717 -0.0440921 7001.11 0.999628
1442400000 41717 -0.050396 7001.11 0.999625
1442500000 41717 -0.0440571 7001.11 0.999614
1442600000 41717 -0.0492758 7001.11 0.999615
1442700000 41717 -0.0626541 7001.11 0.999614
1442800000 41717 1.04639 7000.93 0.999742
1442900000 41717 -0.101372 7001.12 0.99963
1443000000 41717 -0.0158087 7001.1 0.999617
1443100000 41717 0.337309 7001.04 0.999693
1443200000 41717 -0.16507 7001.13 0.999619
1443300000 41717 -0.0568785 7001.11 0.999633
1443400000 41717 -0.0265759 7001.11 0.999616
1443500000 41717 0.560554 7001.01 0.999711
1443600000 41717 -0.0859279 7001.12 0.999615
1443700000 41717 -0.135416 7001.12 0.999621
1443800000 41717 -0.130576 7001.12 0.999615
1443900000 41717 -0.0262888 7001.11 0.999637
1444000000 41717 -0.0039402 7001.1 0.999617
1444100000 41717 -0.0790462 7001.11 0.999649
1444200000 41717 0.00837464 7001.1 0.999647
1444300000 41717 -0.00625826 7001.1 0.999617
1444400000 41717 -0.0427822 7001.11 0.999615
1444500000 41717 0.00764916 7001.1 0.999637
1444600000 41717 0.0764511 7001.09 0.999644
1444700000 41717 -0.0369656 7001.11 0.999616
1444800000 41717 -0.0665636 7001.11 0.999614
1444900000 41717 -0.173971 7001.13 0.999621
1445000000 41717 -0.0575501 7001.11 0.999614
1445100000 41717 1.2829 7000.89 0.999791
1445200000 41717 -0.111212 7001.12 0.999616
1445300000 41717 0.63288 7001 0.999709
1445400000 41717 -0.165489 7001.13 0.999618
1445500000 41717 -0.0749706 7001.11 0.999614
1445600000 41717 0.374996 7001.04 0.999685
1445700000 41717 -0.0855118 7001.12 0.999613
1445800000 41717 0.0987791 7001.09 0.999651
1445900000 41717 -0.0275515 7001.11 0.999616
1446000000 41717 0.251932 7001.06 0.999667
1446100000 41717 -0.0550619 7001.11 0.999628
1446200000 41717 3.05822 7000.59 0.999896
1446300000 41717 -0.131167 7001.12 0.999617
1446400000 41717 -0.162614 7001.13 0.999637
1446500000 41717 -0.175324 7001.13 0.999611
1446600000 41717 -0.0453563 7001.11 0.999614
1446700000 41717 0.524466 7001.01 0.999697
1446800000 41717 0.586781 7001 0.999702
1446900000 41717 0.0323842 7001.1 0.999639
1447000000 41717 0.371177 7001.04 0.999682
1447100000 41717 -0.0227308 7001.11 0.999629
1447200000 41717 -0.0516483 7001.11 0.999616
1447300000 41717 -0.0584539 7001.11 0.999619
1447400000 41717 0.0743284 7001.09 0.999647
1447500000 41717 0.0482085 7001.09 0.999644
1447600000 41717 -0.0706547 7001.11 0.99963
1447700000 41717 -0.100023 7001.12 0.99965
1447800000 41717 -0.091666 7001.12 0.999632
1447900000 41717 -0.250185 7001.14 0.999611
1448000000 41717 -0.0311429 7001.11 0.999616
1448100000 41717 1.2558 7000.89 0.999788
1448200000 41717 -0.0829309 7001.12 0.999623
1448300000 41717 -0.0227653 7001.11 0.999616
1448400000 41717 -0.146376 7001.13 0.999627
1448500000 41717 -0.0789257 7001.11 0.999613
1448600000 41717 0.109702 7001.08 0.99965
1448700000 41717 -0.0893146 7001.12 0.999612
1448800000 41717 0.194738 7001.07 0.999662
1448900000 41717 2.74621 7000.64 0.999886
1449000000 41717 0.664504 7000.99 0.999708
1449100000 41717 -0.00760669 7001.1 0.999617
1449200000 41717 -0.100206 7001.12 0.999613
1449300000 41717 0.154306 7001.08 0.999657
1449400000 41717 -0.0529784 7001.11 0.999615
1449500000 41717 -0.0620631 7001.11 0.999614
1449600000 41717 0.0932795 7001.09 0.999656
1449700000 41717 -0.0818192 7001.12 0.999636
1449800000 41717 0.0100205 7001.1 0.999667
1449900000 41717 -0.0138182 7001.1 0.999617
1450000000 41717 -0.18777 7001.13 0.999617
1450100000 41717 -0.0668464 7001.11 0.999617
1450200000 41717 0.605272 7001 0.999724
1450300000 41717 -0.0224392 7001.11 0.999616
1450400000 41717 -0.0500706 7001.11 0.999615
1450500000 41717 -0.0706138 7001.11 0.999627
1450600000 41717 5.50706 7000.18 1.00006
1450700000 41717 -0.14357 7001.13 0.999615
1450800000 41717 -0.00665169 7001.1 0.999617
1450900000 41717 0.989319 7000.94 0.999751
1451000000 41717 -0.0635021 7001.11 0.999619
1451100000 41717 -0.0779521 7001.11 0.999615
1451200000 41717 -0.0296188 7001.11 0.999615
1451300000 41717 -0.0193602 7001.1 0.999616
1451400000 41717 -0.195765 7001.13 0.999619
1451500000 41717 -0.0589395 7001.11 0.999617
1451600000 41717 -0.0188609 7001.1 0.999616
1451700000 41717 -0.0256036 7001.11 0.999616
1451800000 41717 -0.0714989 7001.11 0.999615
1451900000 41717 -0.0840005 7001.12 0.999613
1452000000 41717 0.0301879 7001.1 0.999642
1452100000 41717 -0.0123398 7001.1 0.999616
1452200000 41717 0.320518 7001.05 0.999692
1452300000 41717 0.0451241 7001.09 0.999643
1452400000 41717 -0.106405 7001.12 0.999617
1452500000 41717 -0.0691407 7001.11 0.999613
1452600000 41717 -0.154331 7001.13 0.999631
1452700000 41717 -0.150908 7001.13 0.999613
1452800000 41717 -0.00895708 7001.1 0.999617
1452900000 41717 0.167905 7001.07 0.999658
1453000000 41717 -0.11399 7001.12 0.999632
1453100000 41717 -0.0744306 7001.11 0.999615
1453200000 41717 0.10539 7001.08 0.999652
1453300000 41717 0.605066 7001 0.999703
1453400000 41717 -0.0857265 7001.12 0.999615
1453500000 41717 -0.103273 7001.12 0.999633
1453600000 41717 -0.0480217 7001.11 0.999614
1453700000 41717 -0.0901529 7001.12 0.999612
1453800000 41717 -0.0521193 7001.11 0.999614
1453900000 41717 -0.0731045 7001.11 0.999617
1454000000 41717 -0.150708 7001.13 0.999618
1454100000 41717 -0.0448684 7001.11 0.999615
1454200000 41717 -0.122747 7001.12 0.999619
1454300000 41717 -0.106303 7001.12 0.999612
1454400000 41717 -0.122439 7001.12 0.999623
1454500000 41717 -0.0154456 7001.1 0.999644
1454600000 41717 0.254118 7001.06 0.999696
1454700000 41717 -0.189136 7001.13 0.999624
1454800000 41717 1.73557 7000.81 0.999836
1454900000 41717 -0.139279 7001.13 0.999621
1455000000 41717 -0.128507 7001.12 0.999618
1455100000 41717 -0.0955648 7001.12 0.999613
1455200000 41717 0.0348538 7001.1 0.999651
1455300000 41717 -0.0589804 7001.11 0.999616
1455400000 41717 -0.107001 7001.12 0.999624
1455500000 41717 0.347527 7001.04 0.999693
1455600000 41717 -0.068128 7001.11 0.999614
1455700000 41717 -0.0118761 7001.1 0.999617
1455800000 41717 -0.0554615 7001.11 0.999649
1455900000 41717 1.19427 7000.9 0.999754
1456000000 41717 -0.0278448 7001.11 0.999616
1456100000 41717 3.14155 7000.57 0.999902
1456200000 41717 -0.096516 7001.12 0.999624
1456300000 41717 -0.137331 7001.12 0.999623
1456400000 41717 0.332506 7001.05 0.999693
1456500000 41717 -0.0906127 7001.12 0.999614
1456600000 41717 2.26304 7000.72 0.999865
1456700000 41717 -0.0602956 7001.11 0.999615
1456800000 41717 -0.0615087 7001.11 0.999614
1456900000 41717 -0.148793 7001.13 0.999611
1457000000 41717 -0.153233 7001.13 0.999614
1457100000 41717 -0.118666 7001.12 0.999612
1457200000 41717 -0.163467 7001.13 0.99961
1457300000 41717 -0.0590926 7001.11 0.999614
1457400000 41717 -0.036782 7001.11 0.999615
1457500000 41717 -0.0240972 7001.11 0.999616
1457600000 41717 -0.0281527 7001.11 0.999615
1457700000 41717 -0.0637778 7001.11 0.999615
1457800000 41717 -0.161256 7001.13 0.999621
1457900000 41717 -0.13804 7001.12 0.999613
1458000000 41717 -0.0870227 7001.12 0.999612
1458100000 41717 -0.101371 7001.12 0.999615
1458200000 41717 0.1876 7001.07 0.999675
1458300000 41717 -0.0134084 7001.1 0.999644
1458400000 41717 -0.0315766 7001.11 0.999645
1458500000 41717 -0.0783127 7001.11 0.999623
1458600000 41717 -0.0310333 7001.11 0.999615
1458700000 41717 -0.0234075 7001.11 0.999616
1458800000 41717 -0.0682654 7001.11 0.999614
1458900000 41717 -0.0630885 7001.11 0.999619
1459000000 41717 -0.057727 7001.11 0.999614
1459100000 41717 1.18919 7000.9 0.999755
1459200000 41717 -0.0987405 7001.12 0.999616
1459300000 41717 0.40663 7001.03 0.999698
1459400000 41717 -0.200177 7001.14 0.999623
1459500000 41717 -0.025819 7001.11 0.999616
1459600000 41717 -0.0375118 7001.11 0.999631
1459700000 41717 -0.134548 7001.12 0.999638
1459800000 41717 1.28007 7000.89 0.999768
1459900000 41717 -0.072683 7001.11 0.999622
1460000000 41717 -0.0562701 7001.11 0.99962
1460100000 41717 -0.226626 7001.14 0.999627
1460200000 41717 -0.0701561 7001.11 0.999615
1460300000 41717 -0.00426019 7001.1 0.999617
1460400000 41717 -0.0988905 7001.12 0.999615
1460500000 41717 -0.144347 7001.13 0.999613
1460600000 41717 -0.0540422 7001.11 0.999633
1460700000 41717 0.00604549 7001.1 0.999665
1460800000 41717 -0.156447 7001.13 0.999624
1460900000 41717 1.16182 7000.91 0.999766
1461000000 41717 -0.0746795 7001.11 0.999617
1461100000 41717 -0.0751745 7001.11 0.999618
1461200000 41717 -0.115288 7001.12 0.999618
1461300000 41717 0.463097 7001.02 0.999707
1461400000 41717 -0.0894294 7001.12 0.999616
1461500000 41717 -0.00369576 7001.1 0.999617
1461600000 41717 -0.156215 7001.13 0.999615
1461700000 41717 0.450947 7001.03 0.999688
1461800000 41717 -0.0414722 7001.11 0.999614
1461900000 41717 -0.0827469 7001.12 0.999614
1462000000 41717 -0.0690871 7001.11 0.999613
1462100000 41717 -0.0795895 7001.11 0.999615
1462200000 41717 -0.0902113 7001.12 0.999615
1462300000 41717 0.308992 7001.05 0.999677
1462400000 41717 -0.0710864 7001.11 0.999613
1462500000 41717 -0.146145 7001.13 0.999622
1462600000 41717 0.096492 7001.09 0.999652
1462700000 41717 -0.200549 7001.14 0.999625
1462800000 41717 0.796409 7000.97 0.99973
1462900000 41717 -0.0320756 7001.11 0.999615
1463000000 41717 -0.07634 7001.11 0.99963
1463100000 41717 -0.150354 7001.13 0.999623
1463200000 41717 -0.0944949 7001.12 0.999614
1463300000 41717 -0.0611772 7001.11 0.999621
1463400000 41717 -0.0862184 7001.12 0.999627
1463500000 41717 -0.0266378 7001.11 0.999616
1463600000 41717 -0.167991 7001.13 0.999614
1463700000 41717 0.146131 7001.08 0.999658
1463800000 41717 -0.0713574 7001.11 0.999612
1463900000 41717 -0.0277223 7001.11 0.999615
1464000000 41717 -0.0626721 7001.11 0.999616
1464100000 41717 -0.0906846 7001.12 0.999612
1464200000 41717 0.827974 7000.96 0.999735
1464300000 41717 -0.200814 7001.14 0.999639
1464400000 41717 -0.115478 7001.12 0.999613
1464500000 41717 0.0845333 7001.09 0.999663
1464600000 41717 -0.126628 7001.12 0.999622
1464700000 41717 -0.168428 7001.13 0.999613
1464800000 41717 2.53569 7000.68 0.999891
1464900000 41717 -0.0514713 7001.11 0.999615
1465000000 41717 -0.0674071 7001.11 0.999614
1465100000 41717 -0.0414564 7001.11 0.999615
1465200000 41717 -0.0203452 7001.11 0.999616
1465300000 41717 -0.0863533 7001.12 0.999632
1465400000 41717 -0.104942 7001.12 0.999631
1465500000 41717 -0.0739417 7001.11 0.999621
1465600000 41717 -0.050027 7001.11 0.999614
1465700000 41717 0.166465 7001.07 0.99966
1465800000 41717 -0.030344 7001.11 0.999615
1465900000 41717 0.251523 7001.06 0.999667
1466000000 41717 -0.0693983 7001.11 0.999616
1466100000 41717 -0.0384341 7001.11 0.999615
1466200000 41717 -0.0571566 7001.11 0.999623
1466300000 41717 -0.0325581 7001.11 0.99963
1466400000 41717 -0.154436 7001.13 0.999614
1466500000 41717 0.277172 7001.06 0.999669
1466600000 41717 -0.00489201 7001.1 0.999617
1466700000 41717 -0.0696785 7001.11 0.999613
1466800000 41717 0.952723 7000.94 0.999743
1466900000 41717 -0.0407258 7001.11 0.999626
1467000000 41717 1.50832 7000.85 0.999788
1467100000 41717 -0.131568 7001.12 0.999613
1467200000 41717 0.180301 7001.07 0.999685
1467300000 41717 -0.113346 7001.12 0.999611
1467400000 41717 -0.173312 7001.13 0.999614
1467500000 41717 -0.0337598 7001.11 0.999615
1467600000 41717 -0.0284667 7001.11 0.999616
1467700000 41717 -0.100303 7001.12 0.999615
1467800000 41717 -0.154915 7001.13 0.999631
1467900000 41717 4.54562 7000.34 1.00004
1468000000 41717 -0.0263227 7001.11 0.999616
1468100000 41717 -0.126523 7001.12 0.999613
1468200000 41717 -0.136218 7001.12 0.999615
1468300000 41717 -0.0350685 7001.11 0.999616
1468400000 41717 0.389367 7001.04 0.999685
1468500000 41717 -0.00771907 7001.1 0.999617
1468600000 41717 1.60519 7000.83 0.999838
1468700000 41717 0.0716002 7001.09 0.999649
1468800000 41717 0.0245927 7001.1 0.999661
1468900000 41717 -0.00877049 7001.1 0.999647
1469000000 41717 -0.00275447 7001.1 0.999617
1469100000 41717 0.218949 7001.06 0.999662
1469200000 41717 -0.1071 7001.12 0.999627
1469300000 41717 0.919933 7000.95 0.999752
1469400000 41717 -0.0583593 7001.11 0.999617
1469500000 41717 -0.15883 7001.13 0.999616
1469600000 41717 -0.0944628 7001.12 0.999612
1469700000 41717 -0.138271 7001.12 0.99963
1469800000 41717 -0.128629 7001.12 0.999621
1469900000 41717 -0.118548 7001.12 0.999611
1470000000 41717 -0.1378 7001.12 0.999622
1470100000 41717 -0.0931408 7001.12 0.999612
1470200000 41717 -0.0612807 7001.11 0.999618
1470300000 41717 -0.056367 7001.11 0.999613
1470400000 41717 -0.0634443 7001.11 0.999613
1470500000 41717 0.187993 7001.07 0.999676
1470600000 41717 -0.12373 7001.12 0.999613
1470700000 41717 -0.0667792 7001.11 0.999618
1470800000 41717 -0.0881339 7001.12 0.999647
1470900000 41717 0.463897 7001.02 0.99969
1471000000 41717 -0.0366496 7001.11 0.99964
1471100000 41717 -0.110533 7001.12 0.999645
1471200000 41717 0.454296 7001.03 0.999687
1471300000 41717 -0.0763449 7001.11 0.999614
1471400000 41717 0.0245522 7001.1 0.999641
1471500000 41717 0.549129 7001.01 0.999716
1471600000 41717 -0.0280845 7001.11 0.999616
1471700000 41717 -0.0351587 7001.11 0.999615
1471800000 41717 -0.0725569 7001.11 0.999614
1471900000 41717 0.660124 7000.99 0.999707
1472000000 41717 -0.0861956 7001.12 0.999615
1472100000 41717 -0.051009 7001.11 0.999614
1472200000 41717 -0.100891 7001.12 0.999614
1472300000 41717 -0.0344796 7001.11 0.999616
1472400000 41717 -0.082402 7001.12 0.999615
1472500000 41717 -0.0703456 7001.11 0.999615
1472600000 41717 0.789651 7000.97 0.999799
1472700000 41717 -0.115223 7001.12 0.99962
1472800000 41717 -0.00874168 7001.1 0.999617
1472900000 41717 -0.0260827 7001.11 0.999616
1473000000 41717 -0.0400182 7001.11 0.999615
1473100000 41717 -0.077033 7001.11 0.999613
1473200000 41717 -0.00235849 7001.1 0.999617
1473300000 41717 -0.0612239 7001.11 0.999627
1473400000 41717 -0.0599446 7001.11 0.999615
1473500000 41717 -0.00871369 7001.1 0.999617
1473600000 41717 -0.124047 7001.12 0.999615
1473700000 41717 -0.151344 7001.13 0.99962
1473800000 41717 -0.123358 7001.12 0.999623
1473900000 41717 -0.0560417 7001.11 0.999615
1474000000 41717 0.215586 7001.07 0.999663
1474100000 41717 -0.0461711 7001.11 0.999616
1474200000 41717 -0.198681 7001.13 0.999624
1474300000 41717 0.984711 7000.94 0.999744
1474400000 41717 0.668037 7000.99 0.999753
1474500000 41717 -0.0630737 7001.11 0.999615
1474600000 41717 -0.140116 7001.13 0.999619
1474700000 41717 -0.113986 7001.12 0.999615
1474800000 41717 1.12655 7000.91 0.999783
1474900000 41717 -0.0675255 7001.11 0.999623
1475000000 41717 0.0286044 7001.1 0.999663
1475100000 41717 -0.15878 7001.13 0.999624
1475200000 41717 -0.114817 7001.12 0.999613
1475300000 41717 -0.0414272 7001.11 0.999625
1475400000 41717 -0.0680444 7001.11 0.999619
1475500000 41717 -0.0656606 7001.11 0.999617
1475600000 41717 0.0231644 7001.1 0.999655
1475700000 41717 -0.0639808 7001.11 0.999622
1475800000 41717 -0.0614213 7001.11 0.999614
1475900000 41717 1.03006 7000.93 0.99974
1476000000 41717 -0.120716 7001.12 0.999614
1476100000 41717 -0.0478414 7001.11 0.999614
1476200000 41717 -0.0871414 7001.12 0.999636
1476300000 41717 -0.151422 7001.13 0.999616
1476400000 41717 1.38177 7000.87 0.999803
1476500000 41717 -0.176282 7001.13 0.999637
1476600000 41717 2.14252 7000.74 0.99983
1476700000 41717 -0.0948383 7001.12 0.999613
1476800000 41717 0.357273 7001.04 0.999702
1476900000 41717 -0.0895045 7001.12 0.999641
1477000000 41717 -0.0440193 7001.11 0.999615
1477100000 41717 -0.084936 7001.12 0.999615
1477200000 41717 3.62934 7000.49 0.999961
1477300000 41717 -0.0689897 7001.11 0.999613
1477400000 41717 -0.00570931 7001.1 0.999633
1477500000 41717 -0.130564 7001.12 0.999628
1477600000 41717 -0.0930731 7001.12 0.999612
1477700000 41717 -0.0977771 7001.12 0.999643
1477800000 41717 -0.0239595 7001.11 0.999616
1477900000 41717 -0.0347522 7001.11 0.999615
1478000000 41717 -0.0242292 7001.11 0.999616
1478100000 41717 -0.0453558 7001.11 0.999614
1478200000 41717 -0.0504634 7001.11 0.99963
1478300000 41717 -0.05342 7001.11 0.999616
1478400000 41717 8.94153 6999.6 1.00031
1478500000 41717 -0.0899461 7001.12 0.999619
1478600000 41717 4.24462 7000.39 1.00007
1478700000 41717 1.06015 7000.92 0.999753
1478800000 41717 -0.0549908 7001.11 0.999614
1478900000 41717 0.473268 7001.02 0.999712
1479000000 41717 -0.0867051 7001.12 0.999633
1479100000 41717 -0.0643728 7001.11 0.999616
1479200000 41717 -0.121858 7001.12 0.999616
1479300000 41717 -0.0431376 7001.11 0.999616
1479400000 41717 -0.133964 7001.12 0.999616
1479500000 41717 -0.0235151 7001.11 0.99963
1479600000 41717 -0.0123859 7001.1 0.999617
1479700000 41717 -0.0687266 7001.11 0.99962
1479800000 41717 -0.0540612 7001.11 0.999614
1479900000 41717 5.73771 7000.14 1.00008
1480000000 41717 -0.051264 7001.11 0.999614
1480100000 41717 1.26082 7000.89 0.99976
1480200000 41717 -0.077254 7001.11 0.999622
1480300000 41717 -0.0417348 7001.11 0.999615
1480400000 41717 -0.0926807 7001.12 0.999614
1480500000 41717 0.202641 7001.07 0.999666
1480600000 41717 -0.0705684 7001.11 0.999615
1480700000 41717 -0.0143522 7001.1 0.999637
1480800000 41717 -0.0872695 7001.12 0.999614
1480900000 41717 -0.0236242 7001.11 0.999616
1481000000 41717 -0.0707727 7001.11 0.999616
1481100000 41717 -0.0210864 7001.11 0.999616
1481200000 41717 -0.0397693 7001.11 0.999615
1481300000 41717 -0.0967916 7001.12 0.999616
1481400000 41717 -0.0620561 7001.11 0.999622
1481500000 41717 -0.139245 7001.13 0.999614
1481600000 41717 -0.0186508 7001.1 0.999616
1481700000 41717 -0.152144 7001.13 0.999612
1481800000 41717 -0.050589 7001.11 0.999614
1481900000 41717 -0.143614 7001.13 0.999619
1482000000 41717 -0.128866 7001.12 0.999613
1482100000 41717 0.155692 7001.08 0.99967
1482200000 41717 -0.112839 7001.12 0.999623
1482300000 41717 -0.021122 7001.11 0.999656
1482400000 41717 -0.1095 7001.12 0.999616
1482500000 41717 -0.0288113 7001.11 0.999615
1482600000 41717 0.353788 7001.04 0.999677
1482700000 41717 -0.0441999 7001.11 0.999615
1482800000 41717 0.0502635 7001.09 0.999675
1482900000 41717 -0.0018457 7001.1 0.99965
1483000000 41717 -0.131491 7001.12 0.999616
1483100000 41717 -0.102007 7001.12 0.999613
1483200000 41717 -0.11391 7001.12 0.999616
1483300000 41717 -0.162383 7001.13 0.999611
1483400000 41717 -0.191266 7001.13 0.999619
1483500000 41717 -0.0126566 7001.1 0.999617
1483600000 41717 -0.0271006 7001.11 0.999616
1483700000 41717 -0.103253 7001.12 0.999615
1483800000 41717 1.24229 7000.89 0.999766
1483900000 41717 -0.0042381 7001.1 0.999617
1484000000 41717 -0.0664468 7001.11 0.999614
1484100000 41717 -0.121794 7001.12 0.999616
1484200000 41717 -0.0667961 7001.11 0.999658
1484300000 41717 1.23324 7000.89 0.999766
1484400000 41717 -0.0546847 7001.11 0.999614
1484500000 41717 -0.0863033 7001.12 0.999615
1484600000 41717 -0.0900775 7001.12 0.999613
1484700000 41717 0.153387 7001.08 0.999655
1484800000 41717 0.0465971 7001.09 0.999661
1484900000 41717 -0.0563844 7001.11 0.999614
1485000000 41717 -0.0208086 7001.11 0.999616
1485100000 41717 -0.0711688 7001.11 0.999626
1485200000 41717 0.12845 7001.08 0.999651
1485300000 41717 0.106432 7001.08 0.999652
1485400000 41717 -0.0951976 7001.12 0.999625
1485500000 41717 -0.0714326 7001.11 0.999619
1485600000 41717 -0.145981 7001.13 0.999612
1485700000 41717 0.431515 7001.03 0.999688
1485800000 41717 -0.0838995 7001.12 0.999612
1485900000 41717 -0.00129037 7001.1 0.999618
1486000000 41717 -0.0456357 7001.11 0.999615
1486100000 41717 8.78586 6999.63 1.00025
1486200000 41717 -0.173041 7001.13 0.999624
1486300000 41717 -0.00961345 7001.1 0.999617
1486400000 41717 -0.0421753 7001.11 0.999616
1486500000 41717 0.280239 7001.05 0.99967
1486600000 41717 0.0273564 7001.1 0.999658
1486700000 41717 -0.0138409 7001.1 0.999616
1486800000 41717 -0.0164309 7001.1 0.999616
1486900000 41717 -0.00315904 7001.1 0.999617
1487000000 41717 -0.0434008 7001.11 0.999615
1487100000 41717 -0.0282346 7001.11 0.999616
1487200000 41717 -0.0918698 7001.12 0.999613
1487300000 41717 -0.136433 7001.12 0.999621
1487400000 41717 2.25013 7000.72 0.999841
1487500000 41717 -0.110718 7001.12 0.999623
1487600000 41717 -0.0931844 7001.12 0.999623
1487700000 41717 -0.0656641 7001.11 0.999615
1487800000 41717 -0.128347 7001.12 0.999614
1487900000 41717 -0.0676643 7001.11 0.999613
1488000000 41717 -0.21862 7001.14 0.999621
1488100000 41717 -0.0312498 7001.11 0.999615
1488200000 41717 -0.128141 7001.12 0.999611
1488300000 41717 -0.0136868 7001.1 0.999616
1488400000 41717 -0.0671647 7001.11 0.99962
1488500000 41717 -0.158608 7001.13 0.999622
1488600000 41717 0.0103946 7001.1 0.999638
1488700000 41717 -0.0576043 7001.11 0.999643
1488800000 41717 0.787473 7000.97 0.99974
1488900000 41717 -0.125396 7001.12 0.99961
1489000000 41717 -0.0302278 7001.11 0.999615
1489100000 41717 -0.0827248 7001.12 0.999615
1489200000 41717 -0.128266 7001.12 0.999618
1489300000 41717 0.467416 7001.02 0.999715
1489400000 41717 -0.0323049 7001.11 0.999651
1489500000 41717 -0.13363 7001.12 0.999612
1489600000 41717 -0.114709 7001.12 0.999627
1489700000 41717 0.516778 7001.01 0.999698
1489800000 41717 -0.112218 7001.12 0.99962
1489900000 41717 -0.127053 7001.12 0.999611
1490000000 41717 -0.177144 7001.13 0.999619
1490100000 41717 -0.0919457 7001.12 0.999612
1490200000 41717 -0.173175 7001.13 0.999612
1490300000 41717 0.271386 7001.06 0.999705
1490400000 41717 0.1982 7001.07 0.999664
1490500000 41717 -0.0563266 7001.11 0.999616
1490600000 41717 0.217591 7001.07 0.99968
1490700000 41717 -0.182902 7001.13 0.999617
1490800000 41717 -0.0815394 7001.12 0.999614
1490900000 41717 -0.0656774 7001.11 0.999615
1491000000 41717 2.82343 7000.63 0.99988
1491100000 41717 -0.0740207 7001.11 0.999614
1491200000 41717 -0.0395876 7001.11 0.999627
1491300000 41717 0.716709 7000.98 0.999715
1491400000 41717 -0.178292 7001.13 0.999612
1491500000 41717 -0.0417872 7001.11 0.999615
1491600000 41717 -0.126262 7001.12 0.999613
1491700000 41717 -0.141263 7001.13 0.999611
1491800000 41717 -0.0543062 7001.11 0.999621
1491900000 41717 0.0837056 7001.09 0.999646
1492000000 41717 0.0201359 7001.1 0.999642
1492100000 41717 4.51694 7000.34 0.999995
1492200000 41717 -0.0902074 7001.12 0.999643
1492300000 41717 -0.179994 7001.13 0.999635
1492400000 41717 -0.156657 7001.13 0.999613
1492500000 41717 0.0735531 7001.09 0.999677
1492600000 41717 -0.00620527 7001.1 0.999617
1492700000 41717 0.835869 7000.96 0.999723
1492800000 41717 0.411766 7001.03 0.999683
1492900000 41717 -0.0847051 7001.12 0.999631
1493000000 41717 -0.174956 7001.13 0.999621
1493100000 41717 -0.108708 7001.12 0.999621
1493200000 41717 0.598652 7001 0.999701
1493300000 41717 -0.0354196 7001.11 0.999615
1493400000 41717 -0.119962 7001.12 0.999611
1493500000 41717 -0.114959 7001.12 0.999622
1493600000 41717 -0.0594239 7001.11 0.999624
1493700000 41717 -0.0656482 7001.11 0.999635
1493800000 41717 -0.1636 7001.13 0.999618
1493900000 41717 0.14224 7001.08 0.999653
1494000000 41717 -0.0519508 7001.11 0.99963
1494100000 41717 -0.0103447 7001.1 0.999617
1494200000 41717 -0.0991674 7001.12 0.999628
1494300000 41717 0.564492 7001.01 0.999698
1494400000 41717 -0.00550749 7001.1 0.999637
1494500000 41717 0.824503 7000.96 0.999724
1494600000 41717 0.296671 7001.05 0.99968
1494700000 41717 -0.0704984 7001.11 0.999614
1494800000 41717 0.988088 7000.94 0.999742
1494900000 41717 -0.0564377 7001.11 0.999622
1495000000 41717 -0.112739 7001.12 0.999615
1495100000 41717 -0.0523822 7001.11 0.999614
1495200000 41717 -0.131245 7001.12 0.999627
1495300000 41717 -0.02752 7001.11 0.999615
1495400000 41717 3.95606 7000.44 0.999958
1495500000 41717 -0.0807157 7001.12 0.999615
1495600000 41717 -0.0497044 7001.11 0.999615
1495700000 41717 0.492625 7001.02 0.999692
1495800000 41717 -0.0765565 7001.11 0.999614
1495900000 41717 -0.0222489 7001.11 0.999616
1496000000 41717 -0.0677763 7001.11 0.999613
1496100000 41717 -0.0270183 7001.11 0.999616
1496200000 41717 -0.108284 7001.12 0.999614
1496300000 41717 -0.0089403 7001.1 0.999617
1496400000 41717 0.65812 7000.99 0.999714
1496500000 41717 0.466155 7001.02 0.999697
1496600000 41717 0.240468 7001.06 0.999666
1496700000 41717 -0.113699 7001.12 0.999622
1496800000 41717 -0.122239 7001.12 0.999617
1496900000 41717 -0.0438648 7001.11 0.999626
1497000000 41717 -0.0355045 7001.11 0.999615
1497100000 41717 -0.0894955 7001.12 0.999617
1497200000 41717 0.211792 7001.07 0.999683
1497300000 41717 0.900654 7000.95 0.99973
1497400000 41717 -0.111748 7001.12 0.999624
1497500000 41717 -0.190119 7001.13 0.999614
1497600000 41717 0.0314038 7001.1 0.999644
1497700000 41717 -0.116573 7001.12 0.999616
1497800000 41717 1.09129 7000.92 0.999748
1497900000 41717 -0.0239212 7001.11 0.999616
1498000000 41717 -0.00938176 7001.1 0.999617
1498100000 41717 4.43853 7000.36 1.00003
1498200000 41717 0.726929 7000.98 0.999713
1498300000 41717 -0.0734701 7001.11 0.999614
1498400000 41717 1.21503 7000.9 0.999768
1498500000 41717 -0.115341 7001.12 0.99962
1498600000 41717 0.403879 7001.03 0.999683
1498700000 41717 -0.158975 7001.13 0.999613
1498800000 41717 -0.037033 7001.11 0.999615
1498900000 41717 -0.0171359 7001.1 0.999616
1499000000 41717 0.114018 7001.08 0.999653
1499100000 41717 -0.0396965 7001.11 0.999615
1499200000 41717 3.40285 7000.53 0.999921
1499300000 41717 -0.0436791 7001.11 0.999633
1499400000 41717 -0.146192 7001.13 0.999615
1499500000 41717 -0.025694 7001.11 0.999616
1499600000 41717 -0.143583 7001.13 0.999617
1499700000 41717 5.39069 7000.2 1.00012
1499800000 41717 -0.0561444 7001.11 0.999631
1499900000 41717 0.268841 7001.06 0.999683
1500000000 41717 -0.010546 7001.1 0.999635
1500100000 41717 -0.158958 7001.13 0.999613
1500200000 41717 -0.0690042 7001.11 0.999616
1500300000 41717 -0.122768 7001.12 0.999624
1500400000 41717 -0.0233697 7001.11 0.999616
1500500000 41717 -0.141361 7001.13 0.999613
1500600000 41717 -0.00300478 7001.1 0.999653
1500700000 41717 -0.0288057 7001.11 0.999616
1500800000 41717 0.875128 7000.95 0.999743
1500900000 41717 -0.0855553 7001.12 0.999613
1501000000 41717 -0.0729137 7001.11 0.999619
1501100000 41717 -0.00734489 7001.1 0.999638
1501200000 41717 -0.195626 7001.13 0.999619
1501300000 41717 -0.0298766 7001.11 0.999615
1501400000 41717 -0.0360354 7001.11 0.999616
1501500000 41717 -0.08691 7001.12 0.999613
1501600000 41717 0.251562 7001.06 0.999671
1501700000 41717 -0.0718595 7001.11 0.999613
1501800000 41717 0.057003 7001.09 0.999645
1501900000 41717 -0.138163 7001.12 0.999624
1502000000 41717 -0.0465572 7001.11 0.999615
1502100000 41717 -0.0352934 7001.11 0.99966
1502200000 41717 0.366001 7001.04 0.999691
1502300000 41717 -0.0531053 7001.11 0.999615
1502400000 41717 -0.0496826 7001.11 0.999614
1502500000 41717 1.14442 7000.91 0.999751
1502600000 41717 -0.135138 7001.12 0.999613
1502700000 41717 -0.0195114 7001.1 0.999654
1502800000 41717 0.0106072 7001.1 0.999637
1502900000 41717 0.386878 7001.04 0.999683
1503000000 41717 -0.151037 7001.13 0.999611
1503100000 41717 -0.0798872 7001.12 0.999614
1503200000 41717 -0.0384424 7001.11 0.999631
1503300000 41717 5.20035 7000.23 1.00004
1503400000 41717 3.72768 7000.48 0.999976
1503500000 41717 0.165852 7001.07 0.999661
1503600000 41717 0.304154 7001.05 0.99969
1503700000 41717 -0.0300448 7001.11 0.999615
1503800000 41717 0.376806 7001.04 0.999681
1503900000 41717 -0.0195202 7001.1 0.999616
1504000000 41717 -0.0908019 7001.12 0.999627
1504100000 41717 -0.0190668 7001.1 0.999616
1504200000 41717 -0.0892679 7001.12 0.999617
1504300000 41717 -0.00551769 7001.1 0.999617
1504400000 41717 -0.0875035 7001.12 0.999633
1504500000 41717 -0.027413 7001.11 0.999615
1504600000 41717 -0.0842293 7001.12 0.999613
1504700000 41717 -0.061458 7001.11 0.999614
1504800000 41717 -0.0607917 7001.11 0.999635
1504900000 41717 -0.199942 7001.14 0.999609
1505000000 41717 -0.20598 7001.14 0.999623
1505100000 41717 -0.0299689 7001.11 0.999615
1505200000 41717 1.26018 7000.89 0.999785
1505300000 41717 -0.0284864 7001.11 0.999615
1505400000 41717 -0.0485498 7001.11 0.999634
1505500000 41717 -0.116042 7001.12 0.99961
1505600000 41717 0.409116 7001.03 0.999703
1505700000 41717 -0.107148 7001.12 0.999614
1505800000 41717 -0.091302 7001.12 0.999616
1505900000 41717 -0.0907253 7001.12 0.999613
1506000000 41717 -0.0942593 7001.12 0.999612
1506100000 41717 2.23106 7000.73 0.999837
1506200000 41717 -0.0506025 7001.11 0.999615
1506300000 41717 -0.134619 7001.12 0.999619
1506400000 41717 0.992704 7000.94 0.999754
1506500000 41717 4.26567 7000.39 1.00004
1506600000 41717 0.189983 7001.07 0.999659
1506700000 41717 -0.0211462 7001.11 0.999616
1506800000 41717 -0.0813001 7001.12 0.999612
1506900000 41717 -0.0186499 7001.1 0.999616
1507000000 41717 -0.0125743 7001.1 0.999617
1507100000 41717 -0.0394128 7001.11 0.999615
1507200000 41717 0.0907303 7001.09 0.999647
1507300000 41717 -0.0235164 7001.11 0.999616
1507400000 41717 -0.0420673 7001.11 0.999615
1507500000 41717 -0.162979 7001.13 0.999619
1507600000 41717 -0.060767 7001.11 0.999623
1507700000 41717 -0.0660418 7001.11 0.999616
1507800000 41717 -0.06078 7001.11 0.999616
1507900000 41717 0.402768 7001.03 0.999682
1508000000 41717 0.397278 7001.03 0.999694
1508100000 41717 -0.0231142 7001.11 0.999616
1508200000 41717 -0.055735 7001.11 0.999616
1508300000 41717 -0.0198256 7001.1 0.999616
1508400000 41717 -0.0373092 7001.11 0.999616
1508500000 41717 -0.0243654 7001.11 0.999616
1508600000 41717 -0.0238944 7001.11 0.999616
1508700000 41717 -0.123006 7001.12 0.999611
1508800000 41717 -0.0880926 7001.12 0.999617
1508900000 41717 0.854348 7000.96 0.999737
1509000000 41717 -0.00996899 7001.1 0.999644
1509100000 41717 -0.108597 7001.12 0.999616
1509200000 41717 -0.0409764 7001.11 0.999615
1509300000 41717 0.261719 7001.06 0.999672
1509400000 41717 -0.068222 7001.11 0.999614
1509500000 41717 -0.101985 7001.12 0.999613
1509600000 41717 -0.00703327 7001.1 0.999617
1509700000 41717 0.479817 7001.02 0.999716
1509800000 41717 -0.114141 7001.12 0.999615
1509900000 41717 -0.152889 7001.13 0.999615
1510000000 41717 -0.0486325 7001.11 0.999615
1510100000 41717 -0.11123 7001.12 0.99962
1510200000 41717 -0.159685 7001.13 0.999625
1510300000 41717 6.04152 7000.09 1.0001
1510400000 41717 -0.0663611 7001.11 0.999615
1510500000 41717 -0.0725297 7001.11 0.999615
1510600000 41717 0.532136 7001.01 0.9997
1510700000 41717 -0.040445 7001.11 0.999629
1510800000 41717 0.0884449 7001.09 0.999657
1510900000 41717 0.13355 7001.08 0.999664
1511000000 41717 -0.00482992 7001.1 0.999645
1511100000 41717 1.00435 7000.93 0.999781
1511200000 41717 -0.119967 7001.12 0.99962
1511300000 41717 -0.1739 7001.13 0.999615
1511400000 41717 -0.146233 7001.13 0.999616
1511500000 41717 -0.000772752 7001.1 0.999618
1511600000 41717 -0.0388664 7001.11 0.999615
1511700000 41717 0.348654 7001.04 0.999676
1511800000 41717 6.32342 7000.04 1.00011
1511900000 41717 -0.0207266 7001.11 0.999616
1512000000 41717 -0.233885 7001.14 0.99963
1512100000 41717 0.830538 7000.96 0.999723
1512200000 41717 -0.0251533 7001.11 0.999629
1512300000 41717 -0.0551759 7001.11 0.999613
1512400000 41717 0.00155069 7001.1 0.999633
1512500000 41717 -0.0516285 7001.11 0.999631
1512600000 41717 -0.102224 7001.12 0.999634
1512700000 41717 -0.0373351 7001.11 0.999616
1512800000 41717 -0.0479073 7001.11 0.999614
1512900000 41717 -0.188975 7001.13 0.999627
1513000000 41717 0.450824 7001.03 0.999707
1513100000 41717 0.444266 7001.03 0.999702
1513200000 41717 -0.0452153 7001.11 0.999615
1513300000 41717 -0.090902 7001.12 0.999613
1513400000 41717 -0.0958435 7001.12 0.999612
1513500000 41717 0.107465 7001.08 0.999648
1513600000 41717 0.112602 7001.08 0.999658
1513700000 41717 -0.0590975 7001.11 0.999614
1513800000 41717 -0.0477907 7001.11 0.999616
1513900000 41717 -0.0733107 7001.11 0.999614
1514000000 41717 -0.0549223 7001.11 0.999617
1514100000 41717 0.659015 7000.99 0.99972
1514200000 41717 0.325041 7001.05 0.999694
1514300000 41717 -0.039479 7001.11 0.999615
1514400000 41717 -0.0622953 7001.11 0.999619
1514500000 41717 0.0869151 7001.09 0.999645
1514600000 41717 -0.0197914 7001.1 0.99963
1514700000 41717 0.815516 7000.96 0.999721
1514800000 41717 0.0732524 7001.09 0.999668
1514900000 41717 -0.087555 7001.12 0.999612
1515000000 41717 -0.101687 7001.12 0.999613
1515100000 41717 -0.111459 7001.12 0.999621
1515200000 41717 -0.214959 7001.14 0.999612
1515300000 41717 -0.204119 7001.14 0.999619
1515400000 41717 -0.0381038 7001.11 0.999615
1515500000 41717 -0.108813 7001.12 0.999644
1515600000 41717 -0.0525475 7001.11 0.999614
1515700000 41717 0.771768 7000.97 0.999717
1515800000 41717 -0.131804 7001.12 0.999621
1515900000 41717 -0.100493 7001.12 0.999619
1516000000 41717 -0.158293 7001.13 0.999609
1516100000 41717 -0.0491433 7001.11 0.999615
1516200000 41717 -0.0489626 7001.11 0.999625
1516300000 41717 0.304795 7001.05 0.999673
1516400000 41717 -0.0539177 7001.11 0.999614
1516500000 41717 -0.00303272 7001.1 0.999617
1516600000 41717 -0.00842002 7001.1 0.999617
1516700000 41717 0.261514 7001.06 0.999674
1516800000 41717 -0.000647231 7001.1 0.999655
1516900000 41717 0.0359867 7001.1 0.999639
1517000000 41717 -0.0857884 7001.12 0.999612
1517100000 41717 -0.138704 7001.12 0.99962
1517200000 41717 0.344451 7001.04 0.999676
1517300000 41717 0.282251 7001.05 0.999692
1517400000 41717 0.102868 7001.08 0.999659
1517500000 41717 -0.138515 7001.12 0.999619
1517600000 41717 -0.109418 7001.12 0.999611
1517700000 41717 -0.0384437 7001.11 0.999615
1517800000 41717 -0.0133952 7001.1 0.999617
1517900000 41717 -0.101352 7001.12 0.999612
1518000000 41717 -0.0246079 7001.11 0.999616
1518100000 41717 -0.0552573 7001.11 0.999615
1518200000 41717 -0.017021 7001.1 0.999616
1518300000 41717 -0.193976 7001.13 0.999616
1518400000 41717 -0.0890669 7001.12 0.999618
1518500000 41717 0.148076 7001.08 0.999669
1518600000 41717 -0.0598513 7001.11 0.999614
1518700000 41717 -0.0316989 7001.11 0.999653
1518800000 41717 -0.0546087 7001.11 0.999635
1518900000 41717 -0.0633972 7001.11 0.999617
1519000000 41717 -0.024123 7001.11 0.999616
1519100000 41717 -0.0484229 7001.11 0.999625
1519200000 41717 -0.14984 7001.13 0.999618
1519300000 41717 -0.103738 7001.12 0.999614
1519400000 41717 0.0183775 7001.1 0.999636
1519500000 41717 -0.113182 7001.12 0.999611
1519600000 41717 0.0121345 7001.1 0.999635
1519700000 41717 0.390743 7001.04 0.999712
1519800000 41717 0.13801 7001.08 0.999653
1519900000 41717 0.218473 7001.06 0.999674
1520000000 41717 -0.116345 7001.12 0.999613
1520100000 41717 -0.0700535 7001.11 0.999624
1520200000 41717 -0.139552 7001.13 0.999613
1520300000 41717 -0.19958 7001.14 0.999626
1520400000 41717 -0.130823 7001.12 0.999613
1520500000 41717 0.200005 7001.07 0.99966
1520600000 41717 -0.0940933 7001.12 0.999615
1520700000 41717 -0.0398548 7001.11 0.999615
1520800000 41717 -0.054003 7001.11 0.999638
1520900000 41717 -0.105356 7001.12 0.999612
1521000000 41717 -0.0879302 7001.12 0.999615
1521100000 41717 -0.0467813 7001.11 0.999615
1521200000 41717 -0.0345218 7001.11 0.999616
1521300000 41717 0.23614 7001.06 0.999664
1521400000 41717 -0.139629 7001.13 0.999613
1521500000 41717 -0.03627 7001.11 0.999616
1521600000 41717 -0.0695258 7001.11 0.999621
1521700000 41717 0.00924049 7001.1 0.999636
1521800000 41717 0.175561 7001.07 0.999659
1521900000 41717 -0.137935 7001.12 0.999612
1522000000 41717 -0.0799472 7001.12 0.999613
1522100000 41717 -0.0719744 7001.11 0.99962
1522200000 41717 -0.0945061 7001.12 0.999618
1522300000 41717 0.387665 7001.04 0.999685
1522400000 41717 -0.103037 7001.12 0.999613
1522500000 41717 0.648965 7000.99 0.999712
1522600000 41717 0.868119 7000.96 0.999729
1522700000 41717 -0.0103985 7001.1 0.999617
1522800000 41717 -0.0705293 7001.11 0.999617
1522900000 41717 -0.00508574 7001.1 0.999617
1523000000 41717 0.185019 7001.07 0.99966
1523100000 41717 0.1912 7001.07 0.999672
1523200000 41717 -0.066111 7001.11 0.999621
1523300000 41717 -0.0419148 7001.11 0.999615
1523400000 41717 -0.235934 7001.14 0.999639
1523500000 41717 -0.0598171 7001.11 0.999618
1523600000 41717 1.6977 7000.82 0.999815
1523700000 41717 0.0806118 7001.09 0.999652
1523800000 41717 -0.00291363 7001.1 0.99964
1523900000 41717 -0.0618645 7001.11 0.999614
1524000000 41717 -0.130056 7001.12 0.999612
1524100000 41717 -0.0857195 7001.12 0.999631
1524200000 41717 -0.0773396 7001.11 0.999613
1524300000 41717 2.93411 7000.61 0.999888
1524400000 41717 -0.124728 7001.12 0.999621
1524500000 41717 -0.0156715 7001.1 0.999616
1524600000 41717 1.17637 7000.9 0.999764
1524700000 41717 -0.0511669 7001.11 0.999615
1524800000 41717 -0.138439 7001.12 0.999612
1524900000 41717 0.414406 7001.03 0.999733
1525000000 41717 -0.0339206 7001.11 0.999615
1525100000 41717 -0.0647543 7001.11 0.999638
1525200000 41717 -0.0550382 7001.11 0.999615
1525300000 41717 0.559258 7001.01 0.999718
1525400000 41717 -0.0320562 7001.11 0.999615
1525500000 41717 -0.103668 7001.12 0.999616
1525600000 41717 -0.0717698 7001.11 0.999618
1525700000 41717 0.783464 7000.97 0.999731
1525800000 41717 -0.0311353 7001.11 0.999634
1525900000 41717 -0.130363 7001.12 0.999612
1526000000 41717 -0.0570959 7001.11 0.999616
1526100000 41717 -0.162675 7001.13 0.999617
1526200000 41717 -0.0319692 7001.11 0.999616
1526300000 41717 -0.0692605 7001.11 0.999625
1526400000 41717 0.00388188 7001.1 0.999635
1526500000 41717 -0.0404393 7001.11 0.999615
1526600000 41717 -0.16656 7001.13 0.999614
1526700000 41717 0.109353 7001.08 0.999653
1526800000 41717 -0.223636 7001.14 0.999611
1526900000 41717 0.545966 7001.01 0.999708
1527000000 41717 -0.0338203 7001.11 0.999615
1527100000 41717 -0.182325 7001.13 0.999611
1527200000 41717 -0.121003 7001.12 0.99962
1527300000 41717 0.0296718 7001.1 0.999646
1527400000 41717 -0.0164087 7001.1 0.999616
1527500000 41717 -0.113841 7001.12 0.999635
1527600000 41717 -0.0185121 7001.1 0.999616
1527700000 41717 -0.0911541 7001.12 0.999643
1527800000 41717 0.229632 7001.06 0.999695
1527900000 41717 -0.0577315 7001.11 0.999614
1528000000 41717 -0.123841 7001.12 0.999617
1528100000 41717 -0.0582865 7001.11 0.999615
1528200000 41717 -0.012419 7001.1 0.999631
1528300000 41717 -0.250291 7001.14 0.999611
1528400000 41717 -0.0621654 7001.11 0.99962
1528500000 41717 -0.110416 7001.12 0.999615
1528600000 41717 -0.0550285 7001.11 0.999623
1528700000 41717 -0.0685675 7001.11 0.999613
1528800000 41717 0.191723 7001.07 0.999663
1528900000 41717 3.78535 7000.47 0.999949
1529000000 41717 -0.0853063 7001.12 0.999612
1529100000 41717 0.725132 7000.98 0.999728
1529200000 41717 -0.135537 7001.12 0.999617
1529300000 41717 0.490857 7001.02 0.999693
1529400000 41717 -0.0388525 7001.11 0.999615
1529500000 41717 -0.139788 7001.13 0.999616
1529600000 41717 -0.126784 7001.12 0.999635
1529700000 41717 -0.0686389 7001.11 0.999614
1529800000 41717 -0.138227 7001.12 0.999612
1529900000 41717 -0.0257636 7001.11 0.999616
1530000000 41717 -0.054999 7001.11 0.999614
1530100000 41717 -0.0533902 7001.11 0.999616
1530200000 41717 -0.0545539 7001.11 0.999631
1530300000 41717 -0.046589 7001.11 0.999614
1530400000 41717 -0.088574 7001.12 0.999612
1530500000 41717 -0.135519 7001.12 0.999622
1530600000 41717 -0.167459 7001.13 0.999626
1530700000 41717 -0.0254062 7001.11 0.999616
1530800000 41717 -0.0761293 7001.11 0.999615
1530900000 41717 0.070532 7001.09 0.999661
1531000000 41717 3.16958 7000.57 0.999926
1531100000 41717 -0.0904171 7001.12 0.99962
1531200000 41717 -0.133065 7001.12 0.999617
1531300000 41717 -0.134727 7001.12 0.999618
1531400000 41717 -0.0425297 7001.11 0.999616
1531500000 41717 0.394502 7001.04 0.999692
1531600000 41717 -0.0149467 7001.1 0.999617
1531700000 41717 -0.024724 7001.11 0.999615
1531800000 41717 -0.111066 7001.12 0.999615
1531900000 41717 -0.0890782 7001.12 0.999628
1532000000 41717 -0.00287441 7001.1 0.999617
1532100000 41717 -0.124666 7001.12 0.999621
1532200000 41717 -0.0987225 7001.12 0.999613
1532300000 41717 -0.116489 7001.12 0.999628
1532400000 41717 -0.0631396 7001.11 0.999619
1532500000 41717 3.16886 7000.57 0.999906
1532600000 41717 -0.153305 7001.13 0.999616
1532700000 41717 -0.183781 7001.13 0.999613
1532800000 41717 -0.100966 7001.12 0.99964
1532900000 41717 -0.142534 7001.13 0.999614
1533000000 41717 -0.0333119 7001.11 0.999615
1533100000 41717 -0.0785685 7001.11 0.999614
1533200000 41717 0.435091 7001.03 0.9997
1533300000 41717 -0.192549 7001.13 0.999624
1533400000 41717 -0.000367531 7001.1 0.999634
1533500000 41717 1.1829 7000.9 0.999754
1533600000 41717 -0.00438912 7001.1 0.999617
1533700000 41717 -0.0920674 7001.12 0.999611
1533800000 41717 -0.0179099 7001.1 0.999616
1533900000 41717 -0.0523791 7001.11 0.999614
1534000000 41717 0.0385701 7001.1 0.999642
1534100000 41717 -0.0397336 7001.11 0.999616
1534200000 41717 -0.0179274 7001.1 0.999616
1534300000 41717 1.13745 7000.91 0.99975
1534400000 41717 -0.0319786 7001.11 0.999615
1534500000 41717 -0.07646 7001.11 0.999621
1534600000 41717 -0.0960557 7001.12 0.999632
1534700000 41717 -0.000890073 7001.1 0.999618
1534800000 41717 -0.0357002 7001.11 0.999637
1534900000 41717 0.24152 7001.06 0.999679
1535000000 41717 -0.0215136 7001.11 0.999616
1535100000 41717 -0.0497032 7001.11 0.999615
1535200000 41717 -0.0616774 7001.11 0.999614
1535300000 41717 -0.196959 7001.13 0.999612
1535400000 41717 -0.107315 7001.12 0.999632
1535500000 41717 -0.0503272 7001.11 0.999629
1535600000 41717 -0.0661421 7001.11 0.99963
1535700000 41717 -0.135342 7001.12 0.999614
1535800000 41717 -0.274856 7001.15 0.999615
1535900000 41717 1.1634 7000.91 0.999754
1536000000 41717 -0.0849807 7001.12 0.999616
1536100000 41717 0.192648 7001.07 0.99966
1536200000 41717 0.154325 7001.08 0.999673
1536300000 41717 -0.0608423 7001.11 0.999618
1536400000 41717 -0.063155 7001.11 0.999619
1536500000 41717 -0.0569691 7001.11 0.999615
1536600000 41717 0.443502 7001.03 0.999723
1536700000 41717 1.32939 7000.88 0.999789
1536800000 41717 0.0424281 7001.09 0.999649
1536900000 41717 -0.0325018 7001.11 0.999615
1537000000 41717 -0.124178 7001.12 0.999618
1537100000 41717 0.796347 7000.97 0.999722
1537200000 41717 1.90331 7000.78 0.999812
1537300000 41717 -0.123157 7001.12 0.999612
1537400000 41717 -0.0618906 7001.11 0.999622
1537500000 41717 -0.0285587 7001.11 0.999615
1537600000 41717 -0.153782 7001.13 0.999615
1537700000 41717 0.134278 7001.08 0.999655
1537800000 41717 1.57998 7000.84 0.999822
1537900000 41717 -0.0575097 7001.11 0.999614
1538000000 41717 -0.0506949 7001.11 0.999615
1538100000 41717 0.0865247 7001.09 0.99965
1538200000 41717 0.840602 7000.96 0.999736
1538300000 41717 -0.0046085 7001.1 0.999617
1538400000 41717 -0.00707462 7001.1 0.999617
1538500000 41717 -0.0373422 7001.11 0.999615
1538600000 41717 -0.089965 7001.12 0.999618
1538700000 41717 -0.120652 7001.12 0.999614
1538800000 41717 -0.0755948 7001.11 0.999613
1538900000 41717 -0.136177 7001.12 0.999616
1539000000 41717 -0.141107 7001.13 0.999615
1539100000 41717 -0.0573795 7001.11 0.999614
1539200000 41717 -0.0171352 7001.1 0.999616
1539300000 41717 -0.0287691 7001.11 0.999615
1539400000 41717 -0.0615507 7001.11 0.999623
1539500000 41717 -0.0224523 7001.11 0.999616
1539600000 41717 -0.0710397 7001.11 0.999637
1539700000 41717 2.65801 7000.66 0.999874
1539800000 41717 0.904419 7000.95 0.999755
1539900000 41717 -0.0217641 7001.11 0.999616
1540000000 41717 0.306425 7001.05 0.999674
1540100000 41717 -0.0841589 7001.12 0.999614
1540200000 41717 -0.123639 7001.12 0.999614
1540300000 41717 -0.0634161 7001.11 0.999631
1540400000 41717 0.97295 7000.94 0.999736
1540500000 41717 -0.107761 7001.12 0.999618
1540600000 41717 -0.0808972 7001.12 0.999621
1540700000 41717 -0.0939927 7001.12 0.999624
1540800000 41717 -0.149518 7001.13 0.99962
1540900000 41717 0.0422294 7001.09 0.999652
1541000000 41717 -0.129771 7001.12 0.999614
1541100000 41717 -0.0600969 7001.11 0.999622
1541200000 41717 0.0478869 7001.09 0.999644
1541300000 41717 -0.100107 7001.12 0.999623
1541400000 41717 -0.0659691 7001.11 0.999616
1541500000 41717 -0.0108542 7001.1 0.999617
1541600000 41717 -0.0572723 7001.11 0.999614
1541700000 41717 0.0207373 7001.1 0.999638
1541800000 41717 -0.0426186 7001.11 0.999615
1541900000 41717 -0.0560872 7001.11 0.999615
1542000000 41717 -0.00959264 7001.1 0.999617
1542100000 41717 -0.0930349 7001.12 0.999616
1542200000 41717 -0.0565924 7001.11 0.999615
1542300000 41717 -0.0823647 7001.12 0.999613
1542400000 41717 -0.093829 7001.12 0.999614
1542500000 41717 0.280155 7001.05 0.999669
1542600000 41717 1.57419 7000.84 0.999794
1542700000 41717 -0.0610729 7001.11 0.999616
1542800000 41717 -0.0802793 7001.12 0.999616
1542900000 41717 -0.082743 7001.12 0.999615
1543000000 41717 -0.102463 7001.12 0.999612
1543100000 41717 -0.1036 7001.12 0.999612
1543200000 41717 6.4442 7000.02 1.00011
1543300000 41717 -0.117977 7001.12 0.999617
1543400000 41717 -0.0665795 7001.11 0.999615
1543500000 41717 -0.0685259 7001.11 0.999613
1543600000 41717 -0.0685908 7001.11 0.999631
1543700000 41717 -0.0231332 7001.11 0.999616
1543800000 41717 -0.14399 7001.13 0.999612
1543900000 41717 -0.0547545 7001.11 0.999645
1544000000 41717 -0.133495 7001.12 0.999615
1544100000 41717 0.638866 7000.99 0.999714
1544200000 41717 -0.00995109 7001.1 0.999617
1544300000 41717 -0.20127 7001.14 0.999615
1544400000 41717 -0.0215819 7001.11 0.999616
1544500000 41717 -0.103042 7001.12 0.999615
1544600000 41717 -0.0345535 7001.11 0.999615
1544700000 41717 -0.0510391 7001.11 0.999614
1544800000 41717 -0.155978 7001.13 0.999624
1544900000 41717 -0.0968855 7001.12 0.999613
1545000000 41717 -0.012062 7001.1 0.999617
1545100000 41717 -0.0585802 7001.11 0.999616
1545200000 41717 1.65918 7000.82 0.999795
1545300000 41717 -0.126717 7001.12 0.999628
1545400000 41717 0.274073 7001.06 0.999669
1545500000 41717 -0.0158243 7001.1 0.999616
1545600000 41717 0.500988 7001.02 0.999696
1545700000 41717 -0.0954492 7001.12 0.999612
1545800000 41717 -0.0398934 7001.11 0.999615
1545900000 41717 -0.22516 7001.14 0.999614
1546000000 41717 -0.0664157 7001.11 0.999617
1546100000 41717 -0.140226 7001.13 0.999618
1546200000 41717 0.17887 7001.07 0.999662
1546300000 41717 -0.149507 7001.13 0.99961
1546400000 41717 -0.0476473 7001.11 0.999614
1546500000 41717 0.762576 7000.97 0.999722
1546600000 41717 -0.103256 7001.12 0.999624
1546700000 41717 -0.0877308 7001.12 0.999624
1546800000 41717 0.445012 7001.03 0.999689
1546900000 41717 -0.140519 7001.13 0.999614
1547000000 41717 -0.00767758 7001.1 0.999617
1547100000 41717 -0.0702259 7001.11 0.999614
1547200000 41717 -0.107575 7001.12 0.999612
1547300000 41717 -0.0681639 7001.11 0.999637
1547400000 41717 -0.104642 7001.12 0.999611
1547500000 41717 -0.0902577 7001.12 0.999619
1547600000 41717 -0.0776738 7001.11 0.999614
1547700000 41717 -0.157241 7001.13 0.999624
1547800000 41717 -0.0353055 7001.11 0.999615
1547900000 41717 -0.0160029 7001.1 0.999633
1548000000 41717 -0.0217145 7001.11 0.999616
1548100000 41717 -0.0549492 7001.11 0.999614
1548200000 41717 -0.0894897 7001.12 0.999612
1548300000 41717 0.015071 7001.1 0.999649
1548400000 41717 -0.0674974 7001.11 0.999613
1548500000 41717 8.1556 6999.73 1.0003
1548600000 41717 1.89348 7000.78 0.999811
1548700000 41717 -0.0688258 7001.11 0.999614
1548800000 41717 -0.113795 7001.12 0.999611
1548900000 41717 -0.091568 7001.12 0.999611
1549000000 41717 -0.103649 7001.12 0.999622
1549100000 41717 -0.116412 7001.12 0.999643
1549200000 41717 -0.134285 7001.12 0.999616
1549300000 41717 -0.0454436 7001.11 0.999614
1549400000 41717 -0.0831671 7001.12 0.999614
1549500000 41717 0.0529476 7001.09 0.999665
1549600000 41717 6.24957 7000.05 1.00023
1549700000 41717 -0.115387 7001.12 0.999649
1549800000 41717 3.55271 7000.51 0.999935
1549900000 41717 0.138915 7001.08 0.999653
1550000000 41717 -0.0693042 7001.11 0.999614
1550100000 41717 -0.122149 7001.12 0.99962
1550200000 41717 -0.0860332 7001.12 0.999614
1550300000 41717 -0.0281871 7001.11 0.999632
1550400000 41717 -0.219169 7001.14 0.999611
1550500000 41717 0.237849 7001.06 0.999664
1550600000 41717 -0.0407084 7001.11 0.999615
1550700000 41717 -0.0236396 7001.11 0.999616
1550800000 41717 -0.141655 7001.13 0.999628
1550900000 41717 -0.0593856 7001.11 0.999614
1551000000 41717 0.445517 7001.03 0.999688
1551100000 41717 -0.0438053 7001.11 0.999615
1551200000 41717 -0.102403 7001.12 0.999612
1551300000 41717 -0.0691918 7001.11 0.999614
1551400000 41717 0.157845 7001.08 0.999679
1551500000 41717 -0.0982657 7001.12 0.999612
1551600000 41717 0.138856 7001.08 0.99966
1551700000 41717 -0.00097424 7001.1 0.999618
1551800000 41717 -0.070564 7001.11 0.999614
1551900000 41717 -0.0948731 7001.12 0.999614
1552000000 41717 0.0239785 7001.1 0.999639
1552100000 41717 0.914092 7000.95 0.999732
1552200000 41717 -0.111529 7001.12 0.999614
1552300000 41717 -0.127661 7001.12 0.999616
1552400000 41717 -0.0192938 7001.1 0.999653
1552500000 41717 -0.0161366 7001.1 0.999616
1552600000 41717 -0.149261 7001.13 0.999609
1552700000 41717 -0.117356 7001.12 0.999622
1552800000 41717 -0.0560421 7001.11 0.999614
1552900000 41717 -0.0314139 7001.11 0.999627
1553000000 41717 -0.0931967 7001.12 0.999619
1553100000 41717 -0.0166089 7001.1 0.999616
1553200000 41717 -0.0758317 7001.11 0.999631
1553300000 41717 -0.121741 7001.12 0.999617
1553400000 41717 0.0961195 7001.09 0.999659
1553500000 41717 -0.138424 7001.12 0.999633
1553600000 41717 3.91771 7000.44 1.00003
1553700000 41717 0.0405241 7001.09 0.999641
1553800000 41717 0.965259 7000.94 0.999774
1553900000 41717 -0.154986 7001.13 0.999623
1554000000 41717 0.0301744 7001.1 0.999663
1554100000 41717 0.282289 7001.05 0.99967
1554200000 41717 -0.0287387 7001.11 0.999616
1554300000 41717 -0.109213 7001.12 0.999613
1554400000 41717 1.53087 7000.84 0.999782
1554500000 41717 2.52504 7000.68 0.999913
1554600000 41717 -0.0624578 7001.11 0.999615
1554700000 41717 -0.075426 7001.11 0.999613
1554800000 41717 -0.046865 7001.11 0.999614
1554900000 41717 0.0458565 7001.09 0.999646
1555000000 41717 2.00925 7000.76 0.999856
1555100000 41717 0.255839 7001.06 0.999666
1555200000 41717 1.40557 7000.87 0.999805
1555300000 41717 -0.108998 7001.12 0.99964
1555400000 41717 8.17764 6999.73 1.00028
1555500000 41717 -0.185491 7001.13 0.999625
1555600000 41717 0.732803 7000.98 0.999716
1555700000 41717 0.241772 7001.06 0.999688
1555800000 41717 -0.0754591 7001.11 0.99963
1555900000 41717 -0.103921 7001.12 0.999614
1556000000 41717 0.347567 7001.04 0.999681
1556100000 41717 -0.110718 7001.12 0.999616
1556200000 41717 -0.0284713 7001.11 0.999615
1556300000 41717 -0.0877859 7001.12 0.999637
1556400000 41717 -0.0131686 7001.1 0.999616
1556500000 41717 -0.0771743 7001.11 0.999617
1556600000 41717 -0.150481 7001.13 0.999622
1556700000 41717 -0.122682 7001.12 0.999623
1556800000 41717 -0.0614476 7001.11 0.999616
1556900000 41717 -0.162652 7001.13 0.999627
1557000000 41717 0.423484 7001.03 0.999684
1557100000 41717 -0.142156 7001.13 0.999612
1557200000 41717 -0.173763 7001.13 0.999614
1557300000 41717 -0.0758064 7001.11 0.999613
1557400000 41717 -0.190908 7001.13 0.999612
1557500000 41717 -0.137905 7001.12 0.999612
1557600000 41717 1.62113 7000.83 0.999825
1557700000 41717 -0.0634642 7001.11 0.999614
1557800000 41717 0.0242076 7001.1 0.999644
1557900000 41717 0.801141 7000.97 0.999733
1558000000 41717 -0.0669847 7001.11 0.999616
1558100000 41717 6.24215 7000.05 1.00011
1558200000 41717 -0.0519476 7001.11 0.999615
1558300000 41717 -0.213491 7001.14 0.999612
1558400000 41717 -0.0694905 7001.11 0.999617
1558500000 41717 -0.161075 7001.13 0.999616
1558600000 41717 0.117266 7001.08 0.999668
1558700000 41717 -0.0152512 7001.1 0.999616
1558800000 41717 -0.063222 7001.11 0.999614
1558900000 41717 0.211911 7001.07 0.999662
1559000000 41717 -0.0852577 7001.12 0.999623
1559100000 41717 -0.037922 7001.11 0.999615
1559200000 41717 3.29519 7000.55 0.999919
1559300000 41717 -0.069017 7001.11 0.999622
1559400000 41717 -0.0685405 7001.11 0.999614
1559500000 41717 -0.0559492 7001.11 0.999614
1559600000 41717 -0.077579 7001.11 0.999631
1559700000 41717 -0.209161 7001.14 0.999612
1559800000 41717 -0.190318 7001.13 0.999612
1559900000 41717 -0.0140248 7001.1 0.999616
1560000000 41717 0.643493 7000.99 0.999717
1560100000 41717 1.14206 7000.91 0.999755
1560200000 41717 0.00398078 7001.1 0.999665
1560300000 41717 -0.125237 7001.12 0.999637
1560400000 41717 -0.158272 7001.13 0.99961
1560500000 41717 -0.0105685 7001.1 0.999631
1560600000 41717 0.210652 7001.07 0.999665
1560700000 41717 0.489839 7001.02 0.999691
1560800000 41717 0.978954 7000.94 0.999743
1560900000 41717 0.079136 7001.09 0.999661
1561000000 41717 -0.0286346 7001.11 0.999616
1561100000 41717 -0.0522383 7001.11 0.999615
1561200000 41717 -0.0627075 7001.11 0.999615
1561300000 41717 -0.0814499 7001.12 0.999616
1561400000 41717 0.0760446 7001.09 0.999645
1561500000 41717 -0.0874432 7001.12 0.999612
1561600000 41717 0.208713 7001.07 0.999687
1561700000 41717 0.0320442 7001.1 0.999639
1561800000 41717 -0.201322 7001.14 0.999612
1561900000 41717 -0.0464931 7001.11 0.999633
1562000000 41717 0.563188 7001.01 0.999733
1562100000 41717 0.431749 7001.03 0.999703
1562200000 41717 0.691374 7000.99 0.999723
1562300000 41717 -0.182648 7001.13 0.99962
1562400000 41717 -0.0356523 7001.11 0.999615
1562500000 41717 -0.0768893 7001.11 0.999613
1562600000 41717 -0.175116 7001.13 0.999622
1562700000 41717 0.0644862 7001.09 0.999643
1562800000 41717 -0.0698771 7001.11 0.999634
1562900000 41717 0.361187 7001.04 0.999681
1563000000 41717 -0.0989186 7001.12 0.999613
1563100000 41717 -0.0781928 7001.11 0.999614
1563200000 41717 -0.128237 7001.12 0.999611
1563300000 41717 -0.0528504 7001.11 0.999615
1563400000 41717 0.257753 7001.06 0.999697
1563500000 41717 -0.031113 7001.11 0.999615
1563600000 41717 0.0359075 7001.1 0.999642
1563700000 41717 1.37815 7000.87 0.999783
1563800000 41717 -0.0882856 7001.12 0.999616
1563900000 41717 -0.119357 7001.12 0.999626
1564000000 41717 8.32284 6999.71 1.00022
1564100000 41717 0.0572346 7001.09 0.999644
1564200000 41717 -0.0532965 7001.11 0.999617
1564300000 41717 -0.0266899 7001.11 0.999616
1564400000 41717 -0.00523751 7001.1 0.999617
1564500000 41717 -0.0200256 7001.1 0.999616
1564600000 41717 1.01344 7000.93 0.999743
1564700000 41717 -0.0202914 7001.11 0.999616
1564800000 41717 -0.00187442 7001.1 0.999641
1564900000 41717 -0.102739 7001.12 0.999612
1565000000 41717 -0.0523568 7001.11 0.999614
1565100000 41717 -0.127341 7001.12 0.999611
1565200000 41717 -0.146274 7001.13 0.999662
1565300000 41717 -0.0258054 7001.11 0.999616
1565400000 41717 -0.0409463 7001.11 0.999615
1565500000 41717 -0.0190439 7001.1 0.999616
1565600000 41717 -0.1783 7001.13 0.999613
1565700000 41717 1.68391 7000.82 0.999797
1565800000 41717 -0.0489119 7001.11 0.999624
1565900000 41717 -0.108071 7001.12 0.999615
1566000000 41717 -0.136366 7001.12 0.99961
1566100000 41717 -0.176795 7001.13 0.999627
1566200000 41717 -0.0785071 7001.11 0.999621
1566300000 41717 -0.0339369 7001.11 0.999615
1566400000 41717 -0.0424842 7001.11 0.999615
1566500000 41717 -0.0984175 7001.12 0.999625
1566600000 41717 -0.0295352 7001.11 0.999616
1566700000 41717 -0.0746352 7001.11 0.999614
1566800000 41717 -0.134234 7001.12 0.999612
1566900000 41717 0.384688 7001.04 0.999693
1567000000 41717 -0.0829583 7001.12 0.999619
1567100000 41717 -0.0140273 7001.1 0.999635
1567200000 41717 0.016355 7001.1 0.999643
1567300000 41717 0.328505 7001.05 0.999695
1567400000 41717 -0.111719 7001.12 0.99962
1567500000 41717 -0.0984125 7001.12 0.999612
1567600000 41717 -0.0470473 7001.11 0.999615
1567700000 41717 0.464315 7001.02 0.999689
1567800000 41717 -0.0381664 7001.11 0.999615
1567900000 41717 -0.111155 7001.12 0.999614
1568000000 41717 -0.0658961 7001.11 0.999644
1568100000 41717 -0.0124963 7001.1 0.999617
1568200000 41717 0.529907 7001.01 0.999699
1568300000 41717 -0.0651187 7001.11 0.999614
1568400000 41717 2.50012 7000.68 0.999873
1568500000 41717 0.427891 7001.03 0.999691
1568600000 41717 -0.107856 7001.12 0.999612
1568700000 41717 -0.224515 7001.14 0.999612
1568800000 41717 -0.357638 7001.16 0.999635
1568900000 41717 -0.331952 7001.16 0.999613
1569000000 41717 -0.323438 7001.16 0.999611
1569100000 41717 -0.0425119 7001.11 0.99965
1569200000 41717 2.05479 7000.76 0.999826
1569300000 41717 -0.0456792 7001.11 0.999614
1569400000 41717 -0.130163 7001.12 0.999613
1569500000 41717 -0.141243 7001.13 0.999638
1569600000 41717 -0.0323456 7001.11 0.999615
1569700000 41717 -0.148687 7001.13 0.999616
1569800000 41717 0.291322 7001.05 0.99967
1569900000 41717 -0.0173512 7001.1 0.999616
1570000000 41717 -0.0710328 7001.11 0.99962
1570100000 41717 -0.0972958 7001.12 0.999627
1570200000 41717 -0.0820163 7001.12 0.999629
1570300000 41717 -0.0250919 7001.11 0.999615
1570400000 41717 -0.0884001 7001.12 0.999614
1570500000 41717 -0.11442 7001.12 0.999615
1570600000 41717 0.271698 7001.06 0.999692
1570700000 41717 -0.0612758 7001.11 0.999613
1570800000 41717 -0.215155 7001.14 0.999611
1570900000 41717 -0.107916 7001.12 0.999613
1571000000 41717 -0.0699928 7001.11 0.999614
1571100000 41717 2.78905 7000.63 0.999879
1571200000 41717 -0.0854019 7001.12 0.999615
1571300000 41717 -0.0401452 7001.11 0.999615
1571400000 41717 0.174107 7001.07 0.999676
1571500000 41717 -0.0297649 7001.11 0.999615
1571600000 41717 -0.0774996 7001.11 0.999618
1571700000 41717 -0.0328024 7001.11 0.999615
1571800000 41717 -0.197528 7001.13 0.999619
1571900000 41717 0.180997 7001.07 0.999664
1572000000 41717 0.179582 7001.07 0.999658
1572100000 41717 0.525986 7001.01 0.999694
1572200000 41717 -0.0812635 7001.12 0.999613
1572300000 41717 1.05152 7000.93 0.99977
1572400000 41717 -0.120446 7001.12 0.999618
1572500000 41717 -0.00718509 7001.1 0.999617
1572600000 41717 -0.119847 7001.12 0.999614
1572700000 41717 0.0134189 7001.1 0.99964
1572800000 41717 -0.0606285 7001.11 0.999615
1572900000 41717 -0.0559221 7001.11 0.999617
1573000000 41717 -0.0137087 7001.1 0.999617
1573100000 41717 -0.141693 7001.13 0.999611
1573200000 41717 -0.155407 7001.13 0.999616
1573300000 41717 -0.135519 7001.12 0.999622
1573400000 41717 -0.201357 7001.14 0.99962
1573500000 41717 -0.12615 7001.12 0.999628
1573600000 41717 -0.0681482 7001.11 0.999616
1573700000 41717 1.9015 7000.78 0.999811
1573800000 41717 0.63334 7001 0.999729
1573900000 41717 -0.0837436 7001.12 0.999628
1574000000 41717 -0.00235758 7001.1 0.999617
1574100000 41717 1.72059 7000.81 0.999821
1574200000 41717 -0.0815538 7001.12 0.999637
1574300000 41717 0.0330224 7001.1 0.999639
1574400000 41717 1.93621 7000.78 0.999814
1574500000 41717 11.3206 6999.2 1.00039
1574600000 41717 -0.0626735 7001.11 0.999628
1574700000 41717 -0.121482 7001.12 0.99962
1574800000 41717 -0.0687379 7001.11 0.999614
1574900000 41717 -0.0423558 7001.11 0.999615
1575000000 41717 1.13132 7000.91 0.999767
1575100000 41717 0.145049 7001.08 0.999665
1575200000 41717 -0.033345 7001.11 0.999615
1575300000 41717 -0.0986612 7001.12 0.999614
1575400000 41717 0.859684 7000.96 0.999726
1575500000 41717 -0.110146 7001.12 0.999618
1575600000 41717 -0.0521594 7001.11 0.999614
1575700000 41717 -0.083055 7001.12 0.999616
1575800000 41717 0.049606 7001.09 0.999644
1575900000 41717 -0.0883373 7001.12 0.999638
1576000000 41717 -0.0266559 7001.11 0.999616
1576100000 41717 1.67624 7000.82 0.999865
1576200000 41717 -0.0340765 7001.11 0.999615
1576300000 41717 -0.1314 7001.12 0.999628
1576400000 41717 2.40488 7000.7 0.999855
1576500000 41717 -0.0613696 7001.11 0.999614
1576600000 41717 -0.0507988 7001.11 0.999623
1576700000 41717 -0.125905 7001.12 0.999612
1576800000 41717 -0.0532408 7001.11 0.999614
1576900000 41717 -0.10832 7001.12 0.999612
1577000000 41717 -0.117322 7001.12 0.999626
1577100000 41717 0.251762 7001.06 0.99968
1577200000 41717 -0.139938 7001.13 0.999614
1577300000 41717 -0.0250508 7001.11 0.999616
1577400000 41717 -0.0506675 7001.11 0.999626
1577500000 41717 -0.0253923 7001.11 0.999616
1577600000 41717 6.87179 6999.95 1.00017
1577700000 41717 -0.0431076 7001.11 0.999615
1577800000 41717 -0.0423211 7001.11 0.999643
1577900000 41717 -0.0701438 7001.11 0.999626
1578000000 41717 -0.019456 7001.1 0.999632
1578100000 41717 0.101792 7001.08 0.999649
1578200000 41717 -0.0826847 7001.12 0.999614
1578300000 41717 -0.0187523 7001.1 0.999616
1578400000 41717 -0.0690404 7001.11 0.999617
1578500000 41717 -0.0976856 7001.12 0.999627
1578600000 41717 -0.105309 7001.12 0.99962
1578700000 41717 -0.0407652 7001.11 0.999615
1578800000 41717 -0.0389718 7001.11 0.999615
1578900000 41717 -0.129919 7001.12 0.999623
1579000000 41717 -0.0272096 7001.11 0.999615
1579100000 41717 -0.0864082 7001.12 0.999622
1579200000 41717 -0.010831 7001.1 0.999617
1579300000 41717 0.121199 7001.08 0.999652
1579400000 41717 -0.0461348 7001.11 0.999615
1579500000 41717 -0.117509 7001.12 0.999616
1579600000 41717 0.0167482 7001.1 0.999637
1579700000 41717 0.191525 7001.07 0.999663
1579800000 41717 -0.133806 7001.12 0.999611
1579900000 41717 -0.0274423 7001.11 0.99963
1580000000 41717 -0.0739913 7001.11 0.999613
1580100000 41717 -0.176442 7001.13 0.999611
1580200000 41717 0.119132 7001.08 0.999654
1580300000 41717 -0.104809 7001.12 0.999617
1580400000 41717 -0.174272 7001.13 0.999614
1580500000 41717 -0.116316 7001.12 0.999619
1580600000 41717 -0.124102 7001.12 0.999616
1580700000 41717 -0.207281 7001.14 0.999627
1580800000 41717 -0.0367535 7001.11 0.999615
1580900000 41717 0.0201159 7001.1 0.999647
1581000000 41717 -0.155613 7001.13 0.999615
1581100000 41717 -0.0902999 7001.12 0.999614
1581200000 41717 -0.103005 7001.12 0.999623
1581300000 41717 -0.0276207 7001.11 0.999616
1581400000 41717 -0.0686829 7001.11 0.999618
1581500000 41717 -0.0371941 7001.11 0.999615
1581600000 41717 -0.149418 7001.13 0.999621
1581700000 41717 1.58364 7000.84 0.999789
1581800000 41717 -0.0656102 7001.11 0.999613
1581900000 41717 -0.105574 7001.12 0.999614
1582000000 41717 0.250921 7001.06 0.99967
1582100000 41717 0.631479 7001 0.999711
1582200000 41717 -0.132274 7001.12 0.999624
1582300000 41717 -0.188077 7001.13 0.999629
1582400000 41717 -0.147608 7001.13 0.999613
1582500000 41717 -0.00510288 7001.1 0.999617
1582600000 41717 -0.0557072 7001.11 0.999614
1582700000 41717 -0.0738831 7001.11 0.99968
1582800000 41717 -0.0270084 7001.11 0.999615
1582900000 41717 -0.145488 7001.13 0.999611
1583000000 41717 -0.0924672 7001.12 0.999629
1583100000 41717 -0.0448777 7001.11 0.999615
1583200000 41717 0.74335 7000.98 0.999716
1583300000 41717 -0.0432364 7001.11 0.999614
1583400000 41717 -0.0921292 7001.12 0.999615
1583500000 41717 -0.0833964 7001.12 0.999637
1583600000 41717 -0.0465531 7001.11 0.999626
1583700000 41717 -0.127219 7001.12 0.999612
1583800000 41717 1.3315 7000.88 0.999767
1583900000 41717 -0.115598 7001.12 0.999636
1584000000 41717 -0.0506079 7001.11 0.999615
1584100000 41717 -0.166381 7001.13 0.999616
1584200000 41717 -0.0277846 7001.11 0.999616
1584300000 41717 0.135792 7001.08 0.999659
1584400000 41717 -0.00979717 7001.1 0.999617
1584500000 41717 0.0416671 7001.09 0.999641
1584600000 41717 -0.0456094 7001.11 0.999614
1584700000 41717 0.303616 7001.05 0.999676
1584800000 41717 1.06353 7000.92 0.999743
1584900000 41717 -0.0247983 7001.11 0.999635
1585000000 41717 -0.119202 7001.12 0.999611
1585100000 41717 -0.122849 7001.12 0.999613
1585200000 41717 -0.0932743 7001.12 0.999624
1585300000 41717 0.554564 7001.01 0.999698
1585400000 41717 -0.0286773 7001.11 0.999616
1585500000 41717 0.0308646 7001.1 0.999651
1585600000 41717 5.62035 7000.16 1.00007
1585700000 41717 0.0620788 7001.09 0.999665
1585800000 41717 -0.0642263 7001.11 0.999617
1585900000 41717 -0.0375053 7001.11 0.999615
1586000000 41717 1.86055 7000.79 0.999856
1586100000 41717 0.0218477 7001.1 0.999638
1586200000 41717 0.190707 7001.07 0.999668
1586300000 41717 1.77062 7000.8 0.999805
1586400000 41717 -0.0303075 7001.11 0.999616
1586500000 41717 -0.122195 7001.12 0.999612
1586600000 41717 -0.100629 7001.12 0.999628
1586700000 41717 1.92067 7000.78 0.999877
1586800000 41717 -0.0731301 7001.11 0.999637
1586900000 41717 -0.0687876 7001.11 0.999613
1587000000 41717 -0.154675 7001.13 0.999626
1587100000 41717 -0.150986 7001.13 0.99962
1587200000 41717 -0.106514 7001.12 0.999622
1587300000 41717 -0.0909525 7001.12 0.999615
1587400000 41717 -0.125866 7001.12 0.999628
1587500000 41717 -0.0707731 7001.11 0.999616
1587600000 41717 -0.104802 7001.12 0.999616
1587700000 41717 -0.0487381 7001.11 0.999615
1587800000 41717 -0.0554394 7001.11 0.999617
1587900000 41717 -0.0908327 7001.12 0.999612
1588000000 41717 -0.0695302 7001.11 0.999614
1588100000 41717 0.0708001 7001.09 0.999651
1588200000 41717 -0.0419793 7001.11 0.999615
1588300000 41717 -0.0460177 7001.11 0.999616
1588400000 41717 -0.028409 7001.11 0.999616
1588500000 41717 -0.109257 7001.12 0.999615
1588600000 41717 0.0278375 7001.1 0.999647
1588700000 41717 -0.0162848 7001.1 0.99963
1588800000 41717 0.117995 7001.08 0.999687
1588900000 41717 0.165965 7001.07 0.999668
1589000000 41717 -0.190655 7001.13 0.999627
1589100000 41717 -0.0933109 7001.12 0.999634
1589200000 41717 -0.0172632 7001.1 0.999616
1589300000 41717 0.0733409 7001.09 0.99965
1589400000 41717 -0.0319582 7001.11 0.999615
1589500000 41717 -0.0701023 7001.11 0.999617
1589600000 41717 -0.0919235 7001.12 0.99962
1589700000 41717 -0.01931 7001.1 0.999651
1589800000 41717 -0.020517 7001.11 0.999616
1589900000 41717 -0.154749 7001.13 0.999611
1590000000 41717 -0.0882623 7001.12 0.999618
1590100000 41717 -0.10668 7001.12 0.999615
1590200000 41717 -0.0433 7001.11 0.999615
1590300000 41717 1.34405 7000.88 0.99979
1590400000 41717 -0.126351 7001.12 0.999622
1590500000 41717 -0.0393463 7001.11 0.999615
1590600000 41717 -0.0234315 7001.11 0.999616
1590700000 41717 -0.0737337 7001.11 0.999615
1590800000 41717 -0.0318039 7001.11 0.999616
1590900000 41717 -0.0265451 7001.11 0.999632
1591000000 41717 -0.0888883 7001.12 0.999617
1591100000 41717 -0.118033 7001.12 0.99962
1591200000 41717 -0.0825046 7001.12 0.999612
1591300000 41717 -0.0471602 7001.11 0.999614
1591400000 41717 -0.0124882 7001.1 0.999617
1591500000 41717 -0.0158017 7001.1 0.999631
1591600000 41717 -0.160327 7001.13 0.999611
1591700000 41717 -0.0692853 7001.11 0.999625
1591800000 41717 -0.0926747 7001.12 0.999616
1591900000 41717 -0.0148625 7001.1 0.999616
1592000000 41717 -0.102195 7001.12 0.999617
1592100000 41717 0.0356602 7001.1 0.999643
1592200000 41717 -0.128253 7001.12 0.999617
1592300000 41717 0.0213818 7001.1 0.99964
1592400000 41717 -0.201752 7001.14 0.999611
1592500000 41717 -0.0664921 7001.11 0.999622
1592600000 41717 -0.0463572 7001.11 0.999615
1592700000 41717 0.394076 7001.04 0.9997
1592800000 41717 -0.104577 7001.12 0.999614
1592900000 41717 -0.033833 7001.11 0.999615
1593000000 41717 0.024356 7001.1 0.999658
1593100000 41717 -0.0215376 7001.11 0.999616
1593200000 41717 -0.140243 7001.13 0.999622
1593300000 41717 0.0306804 7001.1 0.999643
1593400000 41717 1.17842 7000.9 0.999773
1593500000 41717 -0.0581517 7001.11 0.999617
1593600000 41717 5.16508 7000.24 1.00011
1593700000 41717 -0.0636785 7001.11 0.999619
1593800000 41717 0.582155 7001 0.999729
1593900000 41717 -0.00476886 7001.1 0.999617
1594000000 41717 -0.0751828 7001.11 0.999614
1594100000 41717 -0.103365 7001.12 0.999615
1594200000 41717 -0.0543781 7001.11 0.999614
1594300000 41717 -0.141031 7001.13 0.999617
1594400000 41717 -0.0225163 7001.11 0.999616
1594500000 41717 -0.0260915 7001.11 0.999631
1594600000 41717 0.961439 7000.94 0.999763
1594700000 41717 -0.0672779 7001.11 0.999623
1594800000 41717 -0.140829 7001.13 0.999633
1594900000 41717 0.138971 7001.08 0.999674
1595000000 41717 1.97112 7000.77 0.999817
1595100000 41717 -0.0686386 7001.11 0.999621
1595200000 41717 2.18685 7000.73 0.999835
1595300000 41717 -0.0938252 7001.12 0.999616
1595400000 41717 0.970733 7000.94 0.999735
1595500000 41717 -0.00284253 7001.1 0.999617
1595600000 41717 -0.0384359 7001.11 0.999615
1595700000 41717 -0.0881054 7001.12 0.99962
1595800000 41717 -0.0863949 7001.12 0.999614
1595900000 41717 2.47647 7000.69 0.999855
1596000000 41717 -0.294782 7001.15 0.999629
1596100000 41717 -0.0289366 7001.11 0.999616
1596200000 41717 -0.0746386 7001.11 0.999613
1596300000 41717 0.33413 7001.05 0.999705
1596400000 41717 -0.0137234 7001.1 0.999616
1596500000 41717 -0.0699762 7001.11 0.999618
1596600000 41717 5.64613 7000.15 1.00008
1596700000 41717 -0.0773773 7001.11 0.999621
1596800000 41717 -0.0523927 7001.11 0.999624
1596900000 41717 0.925103 7000.95 0.999739
1597000000 41717 4.46689 7000.35 0.999992
1597100000 41717 -0.108104 7001.12 0.999626
1597200000 41717 -0.0465867 7001.11 0.999616
1597300000 41717 1.58689 7000.84 0.999828
1597400000 41717 -0.0117422 7001.1 0.999639
1597500000 41717 -0.10016 7001.12 0.999611
1597600000 41717 0.140755 7001.08 0.999655
1597700000 41717 0.232871 7001.06 0.999706
1597800000 41717 -0.00490188 7001.1 0.999617
1597900000 41717 -0.017354 7001.1 0.999616
1598000000 41717 -0.0281709 7001.11 0.999615
1598100000 41717 -0.0345945 7001.11 0.999615
1598200000 41717 -0.00471612 7001.1 0.999617
1598300000 41717 -0.0343791 7001.11 0.999615
1598400000 41717 0.0449602 7001.09 0.999655
1598500000 41717 -0.0183792 7001.1 0.999616
1598600000 41717 -0.020708 7001.11 0.999631
1598700000 41717 0.00137953 7001.1 0.999644
1598800000 41717 -0.112114 7001.12 0.999611
1598900000 41717 -0.0103017 7001.1 0.999617
1599000000 41717 -0.0737559 7001.11 0.999615
1599100000 41717 -0.0271475 7001.11 0.999616
1599200000 41717 0.273017 7001.06 0.999673
1599300000 41717 -0.0514142 7001.11 0.999614
1599400000 41717 -0.101364 7001.12 0.999614
1599500000 41717 -0.0283851 7001.11 0.999615
1599600000 41717 0.366645 7001.04 0.999699
1599700000 41717 -0.13815 7001.12 0.999612
1599800000 41717 0.3165 7001.05 0.999675
1599900000 41717 1.529 7000.84 0.99982
1600000000 41717 -0.109927 7001.12 0.999615
1600100000 41717 -0.0567501 7001.11 0.999619
1600200000 41717 -0.0405915 7001.11 0.999616
1600300000 41717 -0.223633 7001.14 0.999624
1600400000 41717 -0.07145 7001.11 0.999617
1600500000 41717 -0.0332031 7001.11 0.999615
1600600000 41717 -0.0468036 7001.11 0.999615
1600700000 41717 -0.127981 7001.12 0.999623
1600800000 41717 -0.0875532 7001.12 0.999616
1600900000 41717 0.193889 7001.07 0.99966
1601000000 41717 -0.117479 7001.12 0.999615
1601100000 41717 0.0361242 7001.1 0.999643
1601200000 41717 -0.0351421 7001.11 0.999615
1601300000 41717 0.17429 7001.07 0.999657
1601400000 41717 -0.155657 7001.13 0.999625
1601500000 41717 -0.0496254 7001.11 0.999614
1601600000 41717 -0.112843 7001.12 0.999614
1601700000 41717 -0.0072364 7001.1 0.999617
1601800000 41717 -0.0734393 7001.11 0.999615
1601900000 41717 -0.0717306 7001.11 0.999633
1602000000 41717 0.000942445 7001.1 0.999634
1602100000 41717 -0.0747759 7001.11 0.999615
1602200000 41717 0.447867 7001.03 0.999704
1602300000 41717 -0.0656283 7001.11 0.999621
1602400000 41717 1.06187 7000.92 0.999748
1602500000 41717 -0.00793718 7001.1 0.999617
1602600000 41717 -0.0918127 7001.12 0.999642
1602700000 41717 -0.088664 7001.12 0.999616
1602800000 41717 -0.0589866 7001.11 0.999613
1602900000 41717 4.45004 7000.36 0.99999
1603000000 41717 -0.00752197 7001.1 0.999617
1603100000 41717 -0.0783896 7001.11 0.999619
1603200000 41717 -0.0924027 7001.12 0.999616
1603300000 41717 -0.155989 7001.13 0.999615
1603400000 41717 0.71942 7000.98 0.99972
1603500000 41717 -0.13524 7001.12 0.999628
1603600000 41717 -0.0365013 7001.11 0.999615
1603700000 41717 -0.0581947 7001.11 0.999624
1603800000 41717 -0.0387527 7001.11 0.999615
1603900000 41717 -0.0509258 7001.11 0.999615
1604000000 41717 -0.0207394 7001.11 0.999616
1604100000 41717 1.0327 7000.93 0.99974
1604200000 41717 0.66179 7000.99 0.999729
1604300000 41717 0.319944 7001.05 0.999683
1604400000 41717 0.255213 7001.06 0.999686
1604500000 41717 1.54629 7000.84 0.999817
1604600000 41717 -0.0900242 7001.12 0.999615
1604700000 41717 -0.0499494 7001.11 0.999626
1604800000 41717 0.109323 7001.08 0.999655
1604900000 41717 -0.122564 7001.12 0.999624
1605000000 41717 -0.0386949 7001.11 0.999627
1605100000 41717 0.0767234 7001.09 0.999646
1605200000 41717 -0.00355879 7001.1 0.999617
1605300000 41717 -0.0524684 7001.11 0.999616
1605400000 41717 -0.0789939 7001.11 0.999623
1605500000 41717 -0.109622 7001.12 0.999615
1605600000 41717 -0.0863018 7001.12 0.99962
1605700000 41717 -0.103426 7001.12 0.999612
1605800000 41717 -0.0259335 7001.11 0.999616
1605900000 41717 -0.0567606 7001.11 0.999622
1606000000 41717 0.0839803 7001.09 0.999662
1606100000 41717 -0.158209 7001.13 0.999614
1606200000 41717 0.22213 7001.06 0.999675
1606300000 41717 -0.0946429 7001.12 0.999635
1606400000 41717 0.0321479 7001.1 0.999645
1606500000 41717 -0.0521261 7001.11 0.999622
1606600000 41717 0.239289 7001.06 0.999687
1606700000 41717 0.169995 7001.07 0.999656
1606800000 41717 -0.0888334 7001.12 0.999622
1606900000 41717 -0.125715 7001.12 0.999612
1607000000 41717 -0.00482888 7001.1 0.999617
1607100000 41717 -0.0263808 7001.11 0.999616
1607200000 41717 -0.0502054 7001.11 0.999614
1607300000 41717 0.0290764 7001.1 0.999668
1607400000 41717 -0.138753 7001.12 0.999612
1607500000 41717 -0.137907 7001.12 0.999617
1607600000 41717 -0.0733236 7001.11 0.999633
1607700000 41717 -0.0544485 7001.11 0.999615
1607800000 41717 -0.0557018 7001.11 0.999614
1607900000 41717 -0.0559014 7001.11 0.999614
1608000000 41717 -0.0274787 7001.11 0.999616
1608100000 41717 0.00898871 7001.1 0.999638
1608200000 41717 0.164489 7001.07 0.999664
1608300000 41717 -0.0807574 7001.12 0.999631
1608400000 41717 0.389673 7001.04 0.999681
1608500000 41717 -0.118351 7001.12 0.999614
1608600000 41717 -0.104675 7001.12 0.999613
1608700000 41717 -0.125066 7001.12 0.999622
1608800000 41717 -0.0452094 7001.11 0.999615
1608900000 41717 -0.122492 7001.12 0.999623
1609000000 41717 -0.117606 7001.12 0.999611
1609100000 41717 -0.0286794 7001.11 0.999615
1609200000 41717 -0.177344 7001.13 0.999617
1609300000 41717 -0.0372259 7001.11 0.999615
1609400000 41717 0.496672 7001.02 0.999712
1609500000 41717 -0.0422766 7001.11 0.999631
1609600000 41717 -0.0735942 7001.11 0.999618
1609700000 41717 0.153934 7001.08 0.999656
1609800000 41717 0.0188708 7001.1 0.999642
1609900000 41717 -0.0219752 7001.11 0.999631
1610000000 41717 -0.071502 7001.11 0.999638
1610100000 41717 -0.1081 7001.12 0.999615
1610200000 41717 -0.0870633 7001.12 0.999619
1610300000 41717 -0.088835 7001.12 0.999613
1610400000 41717 0.127978 7001.08 0.999655
1610500000 41717 0.533761 7001.01 0.999703
1610600000 41717 -0.0286281 7001.11 0.999616
1610700000 41717 -0.0686856 7001.11 0.999632
1610800000 41717 -0.0861366 7001.12 0.999619
1610900000 41717 -0.0510446 7001.11 0.999614
1611000000 41717 -0.0924432 7001.12 0.999613
1611100000 41717 -0.119478 7001.12 0.999633
1611200000 41717 -0.115996 7001.12 0.999613
1611300000 41717 -0.134018 7001.12 0.999623
1611400000 41717 0.299982 7001.05 0.999676
1611500000 41717 -0.0331333 7001.11 0.999632
1611600000 41717 -0.0254832 7001.11 0.999636
1611700000 41717 0.39929 7001.03 0.999696
1611800000 41717 0.405367 7001.03 0.999686
1611900000 41717 -0.0271495 7001.11 0.999616
1612000000 41717 1.52134 7000.85 0.999842
1612100000 41717 -0.115605 7001.12 0.999618
1612200000 41717 -0.0761601 7001.11 0.999612
1612300000 41717 -0.0455083 7001.11 0.999615
1612400000 41717 -0.0427359 7001.11 0.999615
1612500000 41717 1.27696 7000.89 0.999775
1612600000 41717 0.618652 7001 0.999703
1612700000 41717 -0.101918 7001.12 0.999613
1612800000 41717 -0.139533 7001.13 0.99962
1612900000 41717 -0.0486208 7001.11 0.999615
1613000000 41717 -0.031635 7001.11 0.999615
1613100000 41717 -0.161957 7001.13 0.99968
1613200000 41717 0.238283 7001.06 0.999682
1613300000 41717 -0.132665 7001.12 0.999613
1613400000 41717 0.033541 7001.1 0.999677
1613500000 41717 -0.0685207 7001.11 0.999616
1613600000 41717 0.18697 7001.07 0.999663
1613700000 41717 0.177838 7001.07 0.99966
1613800000 41717 -0.0494039 7001.11 0.999627
1613900000 41717 -0.117375 7001.12 0.999622
1614000000 41717 -0.0881624 7001.12 0.999614
1614100000 41717 -0.0111003 7001.1 0.999617
1614200000 41717 0.245236 7001.06 0.999666
1614300000 41717 -0.197007 7001.13 0.999621
1614400000 41717 -0.209083 7001.14 0.99963
1614500000 41717 -0.0273933 7001.11 0.999615
1614600000 41717 -0.0514044 7001.11 0.999614
1614700000 41717 -0.119576 7001.12 0.999613
1614800000 41717 -0.0568708 7001.11 0.999622
1614900000 41717 -0.0545226 7001.11 0.999614
1615000000 41717 -0.0536907 7001.11 0.999614
1615100000 41717 -0.14072 7001.13 0.999619
1615200000 41717 0.33182 7001.05 0.999685
1615300000 41717 -0.0228385 7001.11 0.999616
1615400000 41717 -0.0700499 7001.11 0.999614
1615500000 41717 1.62002 7000.83 0.999789
1615600000 41717 1.1928 7000.9 0.999771
1615700000 41717 -0.0994954 7001.12 0.999613
1615800000 41717 0.207996 7001.07 0.999668
1615900000 41717 -0.0170076 7001.1 0.999616
1616000000 41717 -0.0347166 7001.11 0.999636
1616100000 41717 -0.0225796 7001.11 0.999616
1616200000 41717 -0.0735653 7001.11 0.999614
1616300000 41717 0.286546 7001.05 0.999676
1616400000 41717 -0.0680425 7001.11 0.999614
1616500000 41717 -0.0970895 7001.12 0.999614
1616600000 41717 -0.0645652 7001.11 0.99962
1616700000 41717 -0.0475149 7001.11 0.999642
1616800000 41717 0.0621867 7001.09 0.999644
1616900000 41717 -0.0978425 7001.12 0.999614
1617000000 41717 -0.0200686 7001.11 0.999616
1617100000 41717 0.498285 7001.02 0.999695
1617200000 41717 -0.074234 7001.11 0.999616
1617300000 41717 -0.0123513 7001.1 0.999616
1617400000 41717 -0.211047 7001.14 0.999634
1617500000 41717 -0.194194 7001.13 0.999613
1617600000 41717 -0.0777887 7001.11 0.999636
1617700000 41717 -0.0690072 7001.11 0.999613
1617800000 41717 0.218671 7001.06 0.999678
1617900000 41717 -0.0558616 7001.11 0.999635
1618000000 41717 2.7443 7000.64 0.999874
1618100000 41717 -0.208419 7001.14 0.999655
1618200000 41717 -0.108875 7001.12 0.999612
1618300000 41717 0.733973 7000.98 0.999733
1618400000 41717 -0.0920717 7001.12 0.999617
1618500000 41717 0.324891 7001.05 0.999674
1618600000 41717 0.597501 7001 0.999724
1618700000 41717 -0.0847475 7001.12 0.999613
1618800000 41717 -0.000922553 7001.1 0.999618
1618900000 41717 0.0108703 7001.1 0.99965
1619000000 41717 -0.149739 7001.13 0.999628
1619100000 41717 1.60661 7000.83 0.999795
1619200000 41717 0.0333929 7001.1 0.999654
1619300000 41717 -0.0250096 7001.11 0.999616
1619400000 41717 -0.0130023 7001.1 0.999636
1619500000 41717 -0.14937 7001.13 0.999613
1619600000 41717 -0.0394188 7001.11 0.999615
1619700000 41717 -0.0463518 7001.11 0.999615
1619800000 41717 0.120866 7001.08 0.999655
1619900000 41717 -0.0169479 7001.1 0.999617
1620000000 41717 -0.095905 7001.12 0.999621
1620100000 41717 -0.0178882 7001.1 0.999616
1620200000 41717 -0.0773297 7001.11 0.999623
1620300000 41717 -0.0555381 7001.11 0.999615
1620400000 41717 -0.0485419 7001.11 0.999614
1620500000 41717 0.91412 7000.95 0.999736
1620600000 41717 -0.0570649 7001.11 0.999631
1620700000 41717 -0.083091 7001.12 0.999616
1620800000 41717 -0.0972346 7001.12 0.999632
1620900000 41717 -0.0844845 7001.12 0.999619
1621000000 41717 -0.0512883 7001.11 0.999629
1621100000 41717 0.524352 7001.01 0.999705
1621200000 41717 0.403509 7001.03 0.999701
1621300000 41717 -0.0566544 7001.11 0.999623
1621400000 41717 -0.109779 7001.12 0.999615
1621500000 41717 -0.257212 7001.14 0.999623
1621600000 41717 0.368593 7001.04 0.999679
1621700000 41717 -0.0493434 7001.11 0.999614
1621800000 41717 -0.0620445 7001.11 0.999615
1621900000 41717 0.23317 7001.06 0.999665
1622000000 41717 -0.0780927 7001.11 0.999618
1622100000 41717 -0.0803347 7001.12 0.999614
1622200000 41717 -0.0526449 7001.11 0.999616
1622300000 41717 -0.10404 7001.12 0.999615
1622400000 41717 -0.0709672 7001.11 0.999613
1622500000 41717 -0.00209108 7001.1 0.999654
1622600000 41717 -0.0508998 7001.11 0.999614
1622700000 41717 -0.0578341 7001.11 0.999626
1622800000 41717 0.202556 7001.07 0.99966
1622900000 41717 -0.013519 7001.1 0.99964
1623000000 41717 -0.121955 7001.12 0.999613
1623100000 41717 0.293395 7001.05 0.999694
1623200000 41717 -0.0986677 7001.12 0.999625
1623300000 41717 -0.0190999 7001.1 0.99963
1623400000 41717 -0.10369 7001.12 0.999617
1623500000 41717 -0.101181 7001.12 0.999635
1623600000 41717 0.960419 7000.94 0.999735
1623700000 41717 -0.0362776 7001.11 0.999615
1623800000 41717 -0.117945 7001.12 0.999616
1623900000 41717 -0.00214939 7001.1 0.999617
1624000000 41717 -0.0335771 7001.11 0.999615
1624100000 41717 -0.161678 7001.13 0.999613
1624200000 41717 0.190942 7001.07 0.999668
1624300000 41717 3.33764 7000.54 0.999931
1624400000 41717 -0.0768419 7001.11 0.999621
1624500000 41717 -0.11458 7001.12 0.999613
1624600000 41717 -0.0624573 7001.11 0.999613
1624700000 41717 -0.041406 7001.11 0.999625
1624800000 41717 0.200092 7001.07 0.999666
1624900000 41717 -0.0752565 7001.11 0.999613
1625000000 41717 -0.0645545 7001.11 0.999616
1625100000 41717 -0.16712 7001.13 0.999612
1625200000 41717 -0.112042 7001.12 0.999627
1625300000 41717 -0.0664339 7001.11 0.999616
1625400000 41717 -0.132412 7001.12 0.999614
1625500000 41717 -0.109294 7001.12 0.999617
1625600000 41717 -0.0840773 7001.12 0.999643
1625700000 41717 -0.101748 7001.12 0.999617
1625800000 41717 -0.147256 7001.13 0.999612
1625900000 41717 2.0071 7000.76 0.999875
1626000000 41717 -0.0310407 7001.11 0.999615
1626100000 41717 -0.017863 7001.1 0.999616
1626200000 41717 0.0117074 7001.1 0.999639
1626300000 41717 -0.0918434 7001.12 0.999613
1626400000 41717 -0.05482 7001.11 0.999615
1626500000 41717 -0.024777 7001.11 0.999616
1626600000 41717 -0.187019 7001.13 0.999622
1626700000 41717 -0.0784405 7001.11 0.999616
1626800000 41717 0.437187 7001.03 0.999688
1626900000 41717 0.0848959 7001.09 0.999665
1627000000 41717 -0.114135 7001.12 0.999623
1627100000 41717 -0.00958477 7001.1 0.999617
1627200000 41717 1.00869 7000.93 0.999768
1627300000 41717 -0.0311126 7001.11 0.999616
1627400000 41717 0.670959 7000.99 0.999748
1627500000 41717 0.0635771 7001.09 0.999645
1627600000 41717 1.24203 7000.89 0.99978
1627700000 41717 -0.0816233 7001.12 0.999615
1627800000 41717 -0.0610864 7001.11 0.999614
1627900000 41717 -0.0289737 7001.11 0.999643
1628000000 41717 1.17531 7000.9 0.999771
1628100000 41717 -0.0691096 7001.11 0.999625
1628200000 41717 0.111343 7001.08 0.999653
1628300000 41717 -0.0860545 7001.12 0.999615
1628400000 41717 -0.193252 7001.13 0.99961
1628500000 41717 0.780771 7000.97 0.999719
1628600000 41717 -0.0411601 7001.11 0.999615
1628700000 41717 -0.0279896 7001.11 0.999616
1628800000 41717 -0.0606813 7001.11 0.999618
1628900000 41717 -0.115041 7001.12 0.999617
1629000000 41717 -0.0635563 7001.11 0.999614
1629100000 41717 0.0198806 7001.1 0.999655
1629200000 41717 -0.0306183 7001.11 0.999615
1629300000 41717 -0.0438606 7001.11 0.999615
1629400000 41717 -0.0167315 7001.1 0.999616
1629500000 41717 1.43861 7000.86 0.999826
1629600000 41717 -0.0500481 7001.11 0.999626
1629700000 41717 -0.160225 7001.13 0.999628
1629800000 41717 -0.128223 7001.12 0.999613
1629900000 41717 -0.135967 7001.12 0.999614
1630000000 41717 -0.107324 7001.12 0.999612
1630100000 41717 -0.0505114 7001.11 0.999614
1630200000 41717 -0.0169993 7001.1 0.999616
1630300000 41717 -0.021155 7001.11 0.999666
1630400000 41717 -0.0659361 7001.11 0.999614
1630500000 41717 0.402811 7001.03 0.999693
1630600000 41717 -0.237073 7001.14 0.999616
1630700000 41717 -0.0429901 7001.11 0.999614
1630800000 41717 -0.0181075 7001.1 0.999616
1630900000 41717 -0.0542299 7001.11 0.999614
1631000000 41717 -0.0727168 7001.11 0.999613
1631100000 41717 -0.0855578 7001.12 0.999612
1631200000 41717 -0.0696723 7001.11 0.999614
1631300000 41717 -0.030135 7001.11 0.999616
1631400000 41717 -0.104306 7001.12 0.999617
1631500000 41717 -0.160197 7001.13 0.999612
1631600000 41717 -0.0916988 7001.12 0.999613
1631700000 41717 -0.0575973 7001.11 0.999618
1631800000 41717 -0.06661 7001.11 0.999619
1631900000 41717 -0.0400094 7001.11 0.999615
1632000000 41717 -0.0952009 7001.12 0.999611
1632100000 41717 -0.00709023 7001.1 0.999638
1632200000 41717 -0.0352087 7001.11 0.999615
1632300000 41717 -0.0143176 7001.1 0.999616
1632400000 41717 -0.158126 7001.13 0.999622
1632500000 41717 0.724157 7000.98 0.999713
1632600000 41717 2.03825 7000.76 0.999863
1632700000 41717 -0.087192 7001.12 0.999613
1632800000 41717 -0.170117 7001.13 0.999636
1632900000 41717 -0.0477346 7001.11 0.999616
1633000000 41717 -0.0543021 7001.11 0.999614
1633100000 41717 -0.114453 7001.12 0.999615
1633200000 41717 5.92461 7000.11 1.00015
1633300000 41717 -0.263756 7001.15 0.999615
1633400000 41717 1.21299 7000.9 0.999756
1633500000 41717 0.8034 7000.97 0.999725
1633600000 41717 -0.0908171 7001.12 0.99962
1633700000 41717 0.813566 7000.97 0.999725
1633800000 41717 -0.0252497 7001.11 0.999616
1633900000 41717 -0.0452862 7001.11 0.999615
1634000000 41717 0.240766 7001.06 0.999668
1634100000 41717 -0.117806 7001.12 0.999622
1634200000 41717 -0.163662 7001.13 0.999618
1634300000 41717 -0.105252 7001.12 0.999612
1634400000 41717 -0.0364268 7001.11 0.999615
1634500000 41717 -0.0732432 7001.11 0.999617
1634600000 41717 -0.189408 7001.13 0.999619
1634700000 41717 -0.0776839 7001.11 0.999622
1634800000 41717 -0.0258694 7001.11 0.999657
1634900000 41717 -0.048336 7001.11 0.999614
1635000000 41717 -0.0841149 7001.12 0.999625
1635100000 41717 -0.117349 7001.12 0.999633
1635200000 41717 -0.084123 7001.12 0.999614
1635300000 41717 -0.124949 7001.12 0.999611
1635400000 41717 -0.0753481 7001.11 0.999613
1635500000 41717 -0.0144681 7001.1 0.999616
1635600000 41717 1.81648 7000.8 0.999836
1635700000 41717 -0.0377856 7001.11 0.999616
1635800000 41717 -0.109304 7001.12 0.999612
1635900000 41717 -0.00684261 7001.1 0.999617
1636000000 41717 0.427316 7001.03 0.999721
1636100000 41717 -0.0357687 7001.11 0.999615
1636200000 41717 -0.0171957 7001.1 0.999616
1636300000 41717 -0.0789303 7001.11 0.999616
1636400000 41717 -0.0942825 7001.12 0.999615
1636500000 41717 -0.151133 7001.13 0.999624
1636600000 41717 2.52091 7000.68 0.999858
1636700000 41717 -0.0281758 7001.11 0.999615
1636800000 41717 0.240571 7001.06 0.999664
1636900000 41717 -0.105843 7001.12 0.999613
1637000000 41717 -0.07102 7001.11 0.999613
1637100000 41717 0.459289 7001.02 0.999687
1637200000 41717 3.78094 7000.47 1
1637300000 41717 1.09977 7000.92 0.99975
1637400000 41717 0.519141 7001.01 0.999702
1637500000 41717 -0.013393 7001.1 0.999617
1637600000 41717 0.608484 7001 0.999748
1637700000 41717 0.123817 7001.08 0.999651
1637800000 41717 4.5426 7000.34 0.999998
1637900000 41717 -0.0399074 7001.11 0.999616
1638000000 41717 -0.12728 7001.12 0.999633
1638100000 41717 -0.0271156 7001.11 0.99963
1638200000 41717 -0.0893369 7001.12 0.999616
1638300000 41717 0.287143 7001.05 0.999673
1638400000 41717 -0.0785941 7001.11 0.999614
1638500000 41717 -0.0729454 7001.11 0.999621
1638600000 41717 0.260521 7001.06 0.999674
1638700000 41717 -0.00968227 7001.1 0.999617
1638800000 41717 -0.123939 7001.12 0.999621
1638900000 41717 -0.0423206 7001.11 0.999615
1639000000 41717 -0.152521 7001.13 0.999636
1639100000 41717 0.110035 7001.08 0.999653
1639200000 41717 -0.0602486 7001.11 0.999615
1639300000 41717 -0.0532995 7001.11 0.999615
1639400000 41717 -0.066651 7001.11 0.999614
1639500000 41717 -0.105329 7001.12 0.99962
1639600000 41717 -0.0616345 7001.11 0.999613
1639700000 41717 -0.182691 7001.13 0.999617
1639800000 41717 -0.133211 7001.12 0.999612
1639900000 41717 -0.016313 7001.1 0.999616
1640000000 41717 0.469085 7001.02 0.999727
1640100000 41717 -0.120102 7001.12 0.999617
1640200000 41717 -0.114018 7001.12 0.999612
1640300000 41717 -0.0430111 7001.11 0.999615
1640400000 41717 0.231732 7001.06 0.999693
1640500000 41717 -0.0867497 7001.12 0.999613
1640600000 41717 -0.144173 7001.13 0.999625
1640700000 41717 -0.2232 7001.14 0.999619
1640800000 41717 -0.0821249 7001.12 0.999614
1640900000 41717 0.0589435 7001.09 0.999646
1641000000 41717 0.472783 7001.02 0.999718
1641100000 41717 -0.0805158 7001.12 0.999643
1641200000 41717 -0.0943137 7001.12 0.999641
1641300000 41717 -0.00338282 7001.1 0.999617
1641400000 41717 0.0702025 7001.09 0.999661
1641500000 41717 -0.216738 7001.14 0.999617
1641600000 41717 -0.108358 7001.12 0.999613
1641700000 41717 -0.0179458 7001.1 0.999616
1641800000 41717 -0.198361 7001.13 0.99961
1641900000 41717 -0.0993541 7001.12 0.999614
1642000000 41717 -0.0265346 7001.11 0.999616
1642100000 41717 -0.0163753 7001.1 0.999616
1642200000 41717 -0.0759406 7001.11 0.999625
1642300000 41717 -0.133791 7001.12 0.999616
1642400000 41717 -0.0765969 7001.11 0.999617
1642500000 41717 1.6605 7000.82 0.999792
1642600000 41717 0.076088 7001.09 0.999644
1642700000 41717 -0.0194293 7001.1 0.999616
1642800000 41717 -0.0284406 7001.11 0.999629
1642900000 41717 -0.0582614 7001.11 0.999613
1643000000 41717 -0.051297 7001.11 0.999615
1643100000 41717 -0.141391 7001.13 0.999615
1643200000 41717 -0.111408 7001.12 0.999621
1643300000 41717 -0.0672697 7001.11 0.999614
1643400000 41717 -0.0858851 7001.12 0.999618
1643500000 41717 0.566622 7001.01 0.999722
1643600000 41717 -0.054733 7001.11 0.999614
1643700000 41717 -0.0171928 7001.1 0.999616
1643800000 41717 -0.0567051 7001.11 0.999615
1643900000 41717 -0.06742 7001.11 0.999619
1644000000 41717 -0.130203 7001.12 0.999619
1644100000 41717 0.46271 7001.02 0.999711
1644200000 41717 -0.123961 7001.12 0.999618
1644300000 41717 1.09782 7000.92 0.999756
1644400000 41717 -0.194361 7001.13 0.999613
1644500000 41717 -0.0798054 7001.12 0.999613
1644600000 41717 0.0636684 7001.09 0.999658
1644700000 41717 -0.166693 7001.13 0.999615
1644800000 41717 -0.0409479 7001.11 0.999626
1644900000 41717 -0.0608903 7001.11 0.999636
1645000000 41717 -0.136236 7001.12 0.999615
1645100000 41717 -0.0424946 7001.11 0.999616
1645200000 41717 0.490569 7001.02 0.999728
1645300000 41717 -0.00156165 7001.1 0.999639
1645400000 41717 -0.124533 7001.12 0.999617
1645500000 41717 2.21907 7000.73 0.999842
1645600000 41717 -0.0338612 7001.11 0.999634
1645700000 41717 -0.0248841 7001.11 0.999616
1645800000 41717 -0.0659772 7001.11 0.999614
1645900000 41717 2.0901 7000.75 0.999858
1646000000 41717 -0.162116 7001.13 0.999624
1646100000 41717 -0.132165 7001.12 0.999614
1646200000 41717 -0.156457 7001.13 0.999617
1646300000 41717 -0.181015 7001.13 0.999611
1646400000 41717 -0.12174 7001.12 0.999625
1646500000 41717 0.233568 7001.06 0.999678
1646600000 41717 -0.00448064 7001.1 0.999635
1646700000 41717 -0.0572198 7001.11 0.999622
1646800000 41717 1.91432 7000.78 0.999861
1646900000 41717 -0.0684302 7001.11 0.999619
1647000000 41717 1.93845 7000.78 0.999817
1647100000 41717 0.992136 7000.94 0.99975
1647200000 41717 -0.0481402 7001.11 0.999615
1647300000 41717 -0.0668544 7001.11 0.999615
1647400000 41717 -0.0629079 7001.11 0.999616
1647500000 41717 -0.0323723 7001.11 0.999615
1647600000 41717 7.18562 6999.9 1.00018
1647700000 41717 -0.059175 7001.11 0.999614
1647800000 41717 -0.107339 7001.12 0.999612
1647900000 41717 -0.0852175 7001.12 0.999625
1648000000 41717 -0.0182898 7001.1 0.999616
1648100000 41717 0.340361 7001.04 0.999677
1648200000 41717 -0.00551597 7001.1 0.999617
1648300000 41717 -0.137019 7001.12 0.999624
1648400000 41717 -0.171359 7001.13 0.999624
1648500000 41717 -0.120894 7001.12 0.999627
1648600000 41717 -0.041479 7001.11 0.999615
1648700000 41717 -0.00665381 7001.1 0.999617
1648800000 41717 -0.0468357 7001.11 0.999614
1648900000 41717 2.29858 7000.72 0.999856
1649000000 41717 0.705309 7000.98 0.999733
1649100000 41717 -0.0252346 7001.11 0.999616
1649200000 41717 0.00506713 7001.1 0.999649
1649300000 41717 -0.136962 7001.12 0.999618
1649400000 41717 -0.0590001 7001.11 0.999614
1649500000 41717 -0.215919 7001.14 0.999623
1649600000 41717 0.128258 7001.08 0.999657
1649700000 41717 -0.095629 7001.12 0.999628
1649800000 41717 -0.0749675 7001.11 0.999613
1649900000 41717 -0.00622229 7001.1 0.999637
1650000000 41717 -0.056437 7001.11 0.999616
1650100000 41717 -0.0737907 7001.11 0.999614
1650200000 41717 0.525143 7001.01 0.999713
1650300000 41717 -0.0570433 7001.11 0.999614
1650400000 41717 -0.0467928 7001.11 0.999641
1650500000 41717 -0.0583871 7001.11 0.999614
1650600000 41717 -0.149351 7001.13 0.999618
1650700000 41717 0.235786 7001.06 0.999686
1650800000 41717 -0.0973759 7001.12 0.999615
1650900000 41717 -0.00540454 7001.1 0.999617
1651000000 41717 -0.0489235 7001.11 0.999615
1651100000 41717 -0.0189145 7001.1 0.999616
1651200000 41717 -0.0983949 7001.12 0.999615
1651300000 41717 -0.0490632 7001.11 0.999615
1651400000 41717 -0.0688388 7001.11 0.999615
1651500000 41717 -0.104575 7001.12 0.999634
1651600000 41717 -0.053664 7001.11 0.999652
1651700000 41717 0.548602 7001.01 0.999699
1651800000 41717 -0.0377407 7001.11 0.999639
1651900000 41717 0.0216425 7001.1 0.99965
1652000000 41717 -0.0896766 7001.12 0.99962
1652100000 41717 0.00588626 7001.1 0.999643
1652200000 41717 -0.0661846 7001.11 0.999614
1652300000 41717 -0.0186299 7001.1 0.999616
1652400000 41717 0.0510126 7001.09 0.999643
1652500000 41717 -0.0746146 7001.11 0.999619
1652600000 41717 -0.103777 7001.12 0.999615
1652700000 41717 -0.00752935 7001.1 0.999617
1652800000 41717 -0.0447727 7001.11 0.999614
1652900000 41717 -0.0716493 7001.11 0.999625
1653000000 41717 -0.100216 7001.12 0.999612
1653100000 41717 -0.0935628 7001.12 0.999614
1653200000 41717 -0.0537038 7001.11 0.999614
1653300000 41717 2.08207 7000.75 0.999853
1653400000 41717 -0.0193441 7001.1 0.999654
1653500000 41717 -0.0126967 7001.1 0.999617
1653600000 41717 -0.14348 7001.13 0.999629
1653700000 41717 -0.14334 7001.13 0.999618
1653800000 41717 -0.175734 7001.13 0.999615
1653900000 41717 0.688336 7000.99 0.999732
1654000000 41717 -0.109512 7001.12 0.999612
1654100000 41717 -0.0408873 7001.11 0.999616
1654200000 41717 -0.0772991 7001.11 0.999612
1654300000 41717 -0.106353 7001.12 0.99962
1654400000 41717 2.76275 7000.64 0.999876
1654500000 41717 -0.121502 7001.12 0.999614
1654600000 41717 -0.0171885 7001.1 0.999616
1654700000 41717 -0.144924 7001.13 0.999609
1654800000 41717 3.46553 7000.52 0.999925
1654900000 41717 0.637888 7000.99 0.999718
1655000000 41717 0.0972972 7001.09 0.999649
1655100000 41717 -0.0913884 7001.12 0.999613
1655200000 41717 -0.131645 7001.12 0.999636
1655300000 41717 -0.04617 7001.11 0.999615
1655400000 41717 -0.0330249 7001.11 0.999615
1655500000 41717 -0.0904029 7001.12 0.999621
1655600000 41717 -0.153626 7001.13 0.999621
1655700000 41717 -0.153004 7001.13 0.999619
1655800000 41717 0.314453 7001.05 0.999688
1655900000 41717 2.31168 7000.71 0.99985
1656000000 41717 -0.110053 7001.12 0.999611
1656100000 41717 0.276815 7001.06 0.999669
1656200000 41717 0.430037 7001.03 0.999685
1656300000 41717 0.787799 7000.97 0.999728
1656400000 41717 1.17588 7000.9 0.999769
1656500000 41717 -0.0512048 7001.11 0.999615
1656600000 41717 -0.0479273 7001.11 0.999639
1656700000 41717 -0.149806 7001.13 0.999611
1656800000 41717 0.818016 7000.96 0.999746
1656900000 41717 -0.0536445 7001.11 0.999632
1657000000 41717 -0.258877 7001.15 0.999617
1657100000 41717 0.217721 7001.07 0.999662
1657200000 41717 -0.051956 7001.11 0.999615
1657300000 41717 -0.0578499 7001.11 0.999615
1657400000 41717 0.491725 7001.02 0.999691
1657500000 41717 -0.0634408 7001.11 0.999617
1657600000 41717 2.14499 7000.74 0.999833
1657700000 41717 -0.0550329 7001.11 0.999615
1657800000 41717 -0.0246042 7001.11 0.999616
1657900000 41717 -0.119541 7001.12 0.999613
1658000000 41717 0.246523 7001.06 0.999665
1658100000 41717 -0.0762043 7001.11 0.999614
1658200000 41717 3.593 7000.5 0.999996
1658300000 41717 0.401452 7001.03 0.999683
1658400000 41717 0.724778 7000.98 0.999714
1658500000 41717 -0.162949 7001.13 0.999616
1658600000 41717 -0.128905 7001.12 0.999614
1658700000 41717 -0.0666087 7001.11 0.999631
1658800000 41717 0.173513 7001.07 0.999658
1658900000 41717 0.0810213 7001.09 0.999647
1659000000 41717 -0.0147675 7001.1 0.999616
1659100000 41717 -0.0368791 7001.11 0.999615
1659200000 41717 1.118 7000.91 0.999751
1659300000 41717 -0.0737021 7001.11 0.999613
1659400000 41717 -0.0904523 7001.12 0.999619
1659500000 41717 -0.0548021 7001.11 0.999613
1659600000 41717 -0.0810238 7001.12 0.999617
1659700000 41717 -0.188339 7001.13 0.999621
1659800000 41717 -0.0705476 7001.11 0.999617
1659900000 41717 -0.0678709 7001.11 0.999614
1660000000 41717 -0.120137 7001.12 0.999627
1660100000 41717 0.818507 7000.96 0.999746
1660200000 41717 -0.0284183 7001.11 0.999616
1660300000 41717 0.399528 7001.03 0.999687
1660400000 41717 0.183825 7001.07 0.999673
1660500000 41717 -0.00306091 7001.1 0.999637
1660600000 41717 -0.126541 7001.12 0.999614
1660700000 41717 -0.122216 7001.12 0.999617
1660800000 41717 0.439757 7001.03 0.999716
1660900000 41717 -0.0847105 7001.12 0.999613
1661000000 41717 -0.0458686 7001.11 0.99963
1661100000 41717 -0.0252086 7001.11 0.999615
1661200000 41717 0.626543 7001 0.999742
1661300000 41717 -0.0440314 7001.11 0.999615
1661400000 41717 5.54598 7000.17 1.00006
1661500000 41717 -0.121173 7001.12 0.999614
1661600000 41717 -0.0661989 7001.11 0.999614
1661700000 41717 -0.0114465 7001.1 0.999617
1661800000 41717 -0.0132407 7001.1 0.999616
1661900000 41717 -0.0886424 7001.12 0.999612
1662000000 41717 0.152583 7001.08 0.999661
1662100000 41717 -0.0484139 7001.11 0.999615
1662200000 41717 -0.159678 7001.13 0.999613
1662300000 41717 -0.0340782 7001.11 0.999652
1662400000 41717 -0.117997 7001.12 0.999617
1662500000 41717 -0.0360636 7001.11 0.999615
1662600000 41717 0.032002 7001.1 0.999645
1662700000 41717 -0.120704 7001.12 0.999611
1662800000 41717 -0.175496 7001.13 0.99964
1662900000 41717 -0.0598786 7001.11 0.999613
1663000000 41717 0.277379 7001.06 0.999668
1663100000 41717 1.73239 7000.81 0.999798
1663200000 41717 -0.166777 7001.13 0.99962
1663300000 41717 1.99933 7000.77 0.999833
1663400000 41717 -0.0801859 7001.12 0.999613
1663500000 41717 -0.234998 7001.14 0.99963
1663600000 41717 6.22696 7000.06 1.0001
1663700000 41717 -0.124978 7001.12 0.999612
1663800000 41717 -0.0129898 7001.1 0.999617
1663900000 41717 0.0866768 7001.09 0.999649
1664000000 41717 1.91317 7000.78 0.999862
1664100000 41717 0.311542 7001.05 0.999672
1664200000 41717 0.0403967 7001.09 0.999662
1664300000 41717 -0.125109 7001.12 0.999614
1664400000 41717 -0.0121416 7001.1 0.999617
1664500000 41717 -0.00775634 7001.1 0.999617
1664600000 41717 0.0801128 7001.09 0.999647
1664700000 41717 -0.138843 7001.12 0.999611
1664800000 41717 -0.0664353 7001.11 0.999638
1664900000 41717 -0.0635656 7001.11 0.999617
1665000000 41717 -0.108811 7001.12 0.999621
1665100000 41717 2.38354 7000.7 0.999856
1665200000 41717 -0.0113496 7001.1 0.999617
1665300000 41717 -0.103125 7001.12 0.999614
1665400000 41717 -0.0131238 7001.1 0.999617
1665500000 41717 -0.0884907 7001.12 0.999614
1665600000 41717 -0.0848886 7001.12 0.999613
1665700000 41717 -0.0907428 7001.12 0.999615
1665800000 41717 -0.103104 7001.12 0.999614
1665900000 41717 -0.201526 7001.14 0.999623
1666000000 41717 -0.0906815 7001.12 0.999627
1666100000 41717 -0.0209091 7001.11 0.999616
1666200000 41717 0.0575282 7001.09 0.999661
1666300000 41717 -0.0617154 7001.11 0.999627
1666400000 41717 0.329579 7001.05 0.999697
1666500000 41717 -0.0475854 7001.11 0.999616
1666600000 41717 0.561109 7001.01 0.999697
1666700000 41717 -0.129294 7001.12 0.999623
1666800000 41717 -0.0854187 7001.12 0.999633
1666900000 41717 -0.0120699 7001.1 0.999617
1667000000 41717 -0.0847763 7001.12 0.999625
1667100000 41717 -0.0262872 7001.11 0.999616
1667200000 41717 -0.00967326 7001.1 0.999617
1667300000 41717 2.49097 7000.68 0.999932
1667400000 41717 -0.122615 7001.12 0.999616
1667500000 41717 -0.0346151 7001.11 0.999615
1667600000 41717 -0.154993 7001.13 0.999616
1667700000 41717 -0.145938 7001.13 0.999612
1667800000 41717 0.0865518 7001.09 0.999645
1667900000 41717 -0.136701 7001.12 0.999631
1668000000 41717 -0.0718438 7001.11 0.999612
1668100000 41717 0.286005 7001.05 0.999679
1668200000 41717 3.46335 7000.52 0.999924
1668300000 41717 -0.0566957 7001.11 0.999614
1668400000 41717 -0.0624176 7001.11 0.999613
1668500000 41717 0.00736943 7001.1 0.999645
1668600000 41717 0.165754 7001.07 0.999655
1668700000 41717 -0.0864994 7001.12 0.99962
1668800000 41717 0.156244 7001.08 0.999661
1668900000 41717 -0.021184 7001.11 0.999616
1669000000 41717 -0.0561045 7001.11 0.999628
1669100000 41717 -0.0640227 7001.11 0.999614
1669200000 41717 -0.147965 7001.13 0.999628
1669300000 41717 -0.131729 7001.12 0.999613
1669400000 41717 0.0175445 7001.1 0.999658
1669500000 41717 -0.0764745 7001.11 0.999615
1669600000 41717 -0.00873843 7001.1 0.999617
1669700000 41717 0.311689 7001.05 0.999688
1669800000 41717 -0.143592 7001.13 0.999617
1669900000 41717 -0.0523771 7001.11 0.999615
1670000000 41717 -0.0937377 7001.12 0.999617
1670100000 41717 0.281858 7001.05 0.999681
1670200000 41717 2.86809 7000.62 0.99989
1670300000 41717 -0.136652 7001.12 0.999629
1670400000 41717 -0.0603137 7001.11 0.999615
1670500000 41717 0.0311874 7001.1 0.999648
1670600000 41717 0.0689772 7001.09 0.999644
1670700000 41717 -0.0456729 7001.11 0.999616
1670800000 41717 6.80272 6999.96 1.00014
1670900000 41717 -0.137623 7001.12 0.999631
1671000000 41717 -0.11362 7001.12 0.999614
1671100000 41717 0.81177 7000.97 0.999725
1671200000 41717 -0.020274 7001.11 0.999616
1671300000 41717 -0.0808864 7001.12 0.999627
1671400000 41717 -0.0227761 7001.11 0.999616
1671500000 41717 -0.156781 7001.13 0.999623
1671600000 41717 0.11359 7001.08 0.99965
1671700000 41717 0.152347 7001.08 0.999658
1671800000 41717 -0.0428755 7001.11 0.999614
1671900000 41717 -0.0232591 7001.11 0.999616
1672000000 41717 -0.11829 7001.12 0.99961
1672100000 41717 -0.0162344 7001.1 0.999616
1672200000 41717 -0.153292 7001.13 0.999624
1672300000 41717 0.417619 7001.03 0.999684
1672400000 41717 0.0318686 7001.1 0.999641
1672500000 41717 -0.111405 7001.12 0.999618
1672600000 41717 0.946427 7000.94 0.999739
1672700000 41717 -0.00139935 7001.1 0.999618
1672800000 41717 -0.0905565 7001.12 0.99962
1672900000 41717 4.63572 7000.32 1.00001
1673000000 41717 -0.0245624 7001.11 0.999616
1673100000 41717 -0.0999861 7001.12 0.999615
1673200000 41717 -0.147497 7001.13 0.999626
1673300000 41717 -0.0157333 7001.1 0.999616
1673400000 41717 -0.0768295 7001.11 0.999622
1673500000 41717 -0.00817456 7001.1 0.999617
1673600000 41717 -0.0546596 7001.11 0.999615
1673700000 41717 -0.103452 7001.12 0.999622
1673800000 41717 -0.112607 7001.12 0.999614
1673900000 41717 -0.220646 7001.14 0.999612
1674000000 41717 0.0947263 7001.09 0.999663
1674100000 41717 -0.0165951 7001.1 0.999616
1674200000 41717 -0.151768 7001.13 0.99964
1674300000 41717 0.480813 7001.02 0.999713
1674400000 41717 2.61976 7000.66 0.999865
1674500000 41717 -0.108716 7001.12 0.999626
1674600000 41717 -0.0785136 7001.11 0.999612
1674700000 41717 -0.0901792 7001.12 0.999612
1674800000 41717 0.370155 7001.04 0.999685
1674900000 41717 -0.085054 7001.12 0.999635
1675000000 41717 -0.0619356 7001.11 0.999618
1675100000 41717 -0.0932704 7001.12 0.999617
1675200000 41717 0.276007 7001.06 0.99967
1675300000 41717 2.42954 7000.69 0.999858
1675400000 41717 -0.166433 7001.13 0.999631
1675500000 41717 -0.0800573 7001.12 0.999615
1675600000 41717 -0.0314346 7001.11 0.999615
1675700000 41717 0.161813 7001.07 0.999657
1675800000 41717 -0.0577861 7001.11 0.999622
1675900000 41717 0.0288402 7001.1 0.999639
1676000000 41717 -0.0129961 7001.1 0.999617
1676100000 41717 0.0443707 7001.09 0.99964
1676200000 41717 -0.0972892 7001.12 0.999621
1676300000 41717 -0.110164 7001.12 0.999615
1676400000 41717 -0.075067 7001.11 0.999614
1676500000 41717 -0.0311762 7001.11 0.999615
1676600000 41717 1.28019 7000.89 0.999768
1676700000 41717 -0.0338363 7001.11 0.999615
1676800000 41717 -0.0698691 7001.11 0.999614
1676900000 41717 -0.0230787 7001.11 0.999632
1677000000 41717 -0.085652 7001.12 0.999615
1677100000 41717 -0.0179469 7001.1 0.999616
1677200000 41717 -0.0981282 7001.12 0.999613
1677300000 41717 -0.0911501 7001.12 0.999662
1677400000 41717 -0.0726077 7001.11 0.99963
1677500000 41717 -0.0516737 7001.11 0.999617
1677600000 41717 -0.0494972 7001.11 0.999633
1677700000 41717 0.281438 7001.05 0.99967
1677800000 41717 0.00506853 7001.1 0.999668
1677900000 41717 -0.0478853 7001.11 0.999615
1678000000 41717 -0.0809452 7001.12 0.999622
1678100000 41717 -0.101947 7001.12 0.999615
1678200000 41717 3.50199 7000.51 0.999963
1678300000 41717 -0.0839467 7001.12 0.999613
1678400000 41717 0.73253 7000.98 0.99972
1678500000 41717 -0.022284 7001.11 0.999631
1678600000 41717 -0.0419883 7001.11 0.999633
1678700000 41717 -0.0700784 7001.11 0.999642
1678800000 41717 -0.125044 7001.12 0.999614
1678900000 41717 7.02913 6999.92 1.00022
1679000000 41717 -0.0725885 7001.11 0.999621
1679100000 41717 -0.117119 7001.12 0.999613
1679200000 41717 -0.12747 7001.12 0.999612
1679300000 41717 -0.0713847 7001.11 0.999614
1679400000 41717 -0.0424174 7001.11 0.999615
1679500000 41717 -0.0293545 7001.11 0.99964
1679600000 41717 -0.147835 7001.13 0.999615
1679700000 41717 -0.080059 7001.12 0.999618
1679800000 41717 -0.0302858 7001.11 0.999615
1679900000 41717 2.09718 7000.75 0.999853
1680000000 41717 -0.0694325 7001.11 0.999622
1680100000 41717 -0.0376781 7001.11 0.999615
1680200000 41717 -0.134383 7001.12 0.999619
1680300000 41717 0.7406 7000.98 0.999751
1680400000 41717 -0.137734 7001.12 0.999614
1680500000 41717 -0.00521459 7001.1 0.999617
1680600000 41717 0.673516 7000.99 0.999724
1680700000 41717 -0.111589 7001.12 0.999621
1680800000 41717 -0.130221 7001.12 0.999612
1680900000 41717 5.31187 7000.21 1.00004
1681000000 41717 -0.0534658 7001.11 0.999615
1681100000 41717 -0.041114 7001.11 0.999616
1681200000 41717 -0.131921 7001.12 0.999611
1681300000 41717 -0.0300574 7001.11 0.999616
1681400000 41717 -0.035268 7001.11 0.999615
1681500000 41717 -0.106671 7001.12 0.999614
1681600000 41717 -0.121448 7001.12 0.999614
1681700000 41717 -0.119916 7001.12 0.999613
1681800000 41717 1.19685 7000.9 0.999773
1681900000 41717 -0.16057 7001.13 0.999623
1682000000 41717 -0.0963179 7001.12 0.999616
1682100000 41717 -0.071383 7001.11 0.999614
1682200000 41717 0.207419 7001.07 0.999667
1682300000 41717 -0.0467411 7001.11 0.999615
1682400000 41717 -0.0105679 7001.1 0.999617
1682500000 41717 -0.0915892 7001.12 0.99962
1682600000 41717 -0.0496232 7001.11 0.999615
1682700000 41717 -0.0185873 7001.1 0.999616
1682800000 41717 -0.0150462 7001.1 0.999616
1682900000 41717 1.09006 7000.92 0.999768
1683000000 41717 -0.142877 7001.13 0.99962
1683100000 41717 0.114532 7001.08 0.999649
1683200000 41717 -0.0409973 7001.11 0.999615
1683300000 41717 -0.262878 7001.15 0.999608
1683400000 41717 -0.113655 7001.12 0.999617
1683500000 41717 -0.0312142 7001.11 0.999615
1683600000 41717 -0.0613723 7001.11 0.999615
1683700000 41717 -0.0312081 7001.11 0.999644
1683800000 41717 2.00413 7000.76 0.999821
1683900000 41717 -0.180651 7001.13 0.999622
1684000000 41717 -0.0401297 7001.11 0.999627
1684100000 41717 -0.119305 7001.12 0.999612
1684200000 41717 -0.132274 7001.12 0.999616
1684300000 41717 -0.126193 7001.12 0.999612
1684400000 41717 0.44646 7001.03 0.999709
1684500000 41717 0.317728 7001.05 0.999696
1684600000 41717 -0.075652 7001.11 0.999617
1684700000 41717 -0.00178488 7001.1 0.999617
1684800000 41717 -0.0973489 7001.12 0.999615
1684900000 41717 -0.126863 7001.12 0.999615
1685000000 41717 -0.0343134 7001.11 0.999615
1685100000 41717 -0.167845 7001.13 0.999616
1685200000 41717 0.058532 7001.09 0.999642
1685300000 41717 0.543728 7001.01 0.999708
1685400000 41717 -0.0766626 7001.11 0.999613
1685500000 41717 -0.0872578 7001.12 0.999621
1685600000 41717 0.775514 7000.97 0.999729
1685700000 41717 -0.0482203 7001.11 0.999614
1685800000 41717 0.21392 7001.07 0.999663
1685900000 41717 -0.128493 7001.12 0.999616
1686000000 41717 -0.0872854 7001.12 0.999617
1686100000 41717 0.348515 7001.04 0.999676
1686200000 41717 0.0566192 7001.09 0.999658
1686300000 41717 -0.0010674 7001.1 0.999618
1686400000 41717 -0.105119 7001.12 0.999613
1686500000 41717 -0.056378 7001.11 0.999615
1686600000 41717 -0.0664647 7001.11 0.999618
1686700000 41717 -0.0355114 7001.11 0.999629
1686800000 41717 -0.0309054 7001.11 0.99964
1686900000 41717 -0.061857 7001.11 0.999624
1687000000 41717 -0.0512079 7001.11 0.999615
1687100000 41717 -0.0359551 7001.11 0.999615
1687200000 41717 -0.128009 7001.12 0.999613
1687300000 41717 0.903089 7000.95 0.999739
1687400000 41717 -0.0598189 7001.11 0.99962
1687500000 41717 0.352322 7001.04 0.999685
1687600000 41717 0.0896337 7001.09 0.999675
1687700000 41717 0.571634 7001.01 0.999723
1687800000 41717 -0.0558611 7001.11 0.999617
1687900000 41717 -0.0205783 7001.11 0.999616
1688000000 41717 -0.0863289 7001.12 0.999615
1688100000 41717 -0.19019 7001.13 0.999613
1688200000 41717 5.14598 7000.24 1.00004
1688300000 41717 0.13764 7001.08 0.999661
1688400000 41717 0.708388 7000.98 0.999711
1688500000 41717 -0.0202445 7001.11 0.999616
1688600000 41717 -0.0688047 7001.11 0.999619
1688700000 41717 0.0242693 7001.1 0.99965
1688800000 41717 0.10543 7001.08 0.999656
1688900000 41717 -0.0192827 7001.1 0.999616
1689000000 41717 -0.118528 7001.12 0.999619
1689100000 41717 -0.107023 7001.12 0.999615
1689200000 41717 -0.185833 7001.13 0.999608
1689300000 41717 -0.0329886 7001.11 0.999615
1689400000 41717 -0.0724456 7001.11 0.999613
1689500000 41717 0.143869 7001.08 0.999654
1689600000 41717 -0.0221846 7001.11 0.999616
1689700000 41717 -0.055058 7001.11 0.999617
1689800000 41717 -0.0251863 7001.11 0.999646
1689900000 41717 -0.166794 7001.13 0.999623
1690000000 41717 -0.0131549 7001.1 0.999616
1690100000 41717 -0.135324 7001.12 0.999614
1690200000 41717 -0.215483 7001.14 0.999609
1690300000 41717 0.470532 7001.02 0.999688
1690400000 41717 -0.0152766 7001.1 0.999643
1690500000 41717 0.194566 7001.07 0.99967
1690600000 41717 -0.054174 7001.11 0.999614
1690700000 41717 -0.035152 7001.11 0.999615
1690800000 41717 -0.0601 7001.11 0.999616
1690900000 41717 0.316086 7001.05 0.999682
1691000000 41717 -0.0157058 7001.1 0.999645
1691100000 41717 0.278574 7001.05 0.999673
1691200000 41717 -0.0441954 7001.11 0.999615
1691300000 41717 -0.0979049 7001.12 0.999614
1691400000 41717 -0.218762 7001.14 0.999631
1691500000 41717 0.180513 7001.07 0.999668
1691600000 41717 3.19567 7000.57 0.999906
1691700000 41717 -0.0128659 7001.1 0.999617
1691800000 41717 -0.157732 7001.13 0.999612
1691900000 41717 -0.0338947 7001.11 0.999615
1692000000 41717 -0.108818 7001.12 0.999614
1692100000 41717 0.27157 7001.06 0.99967
1692200000 41717 -0.0134918 7001.1 0.999633
1692300000 41717 -0.103083 7001.12 0.999613
1692400000 41717 1.66339 7000.82 0.99983
1692500000 41717 0.0218882 7001.1 0.999649
1692600000 41717 -0.130657 7001.12 0.99962
1692700000 41717 4.07527 7000.42 0.999965
1692800000 41717 -0.0147684 7001.1 0.999616
1692900000 41717 -0.109344 7001.12 0.999612
1693000000 41717 -0.0904927 7001.12 0.999624
1693100000 41717 0.561912 7001.01 0.999697
1693200000 41717 -0.132448 7001.12 0.999612
1693300000 41717 0.612981 7001 0.999722
1693400000 41717 -0.0238898 7001.11 0.999616
1693500000 41717 -0.00270002 7001.1 0.999644
1693600000 41717 -0.0326311 7001.11 0.999616
1693700000 41717 -0.0217775 7001.11 0.999616
1693800000 41717 2.99026 7000.6 0.999891
1693900000 41717 0.219758 7001.06 0.999676
1694000000 41717 -0.112127 7001.12 0.999613
1694100000 41717 -0.0833972 7001.12 0.999613
1694200000 41717 -0.100301 7001.12 0.999614
1694300000 41717 -0.0180581 7001.1 0.999616
1694400000 41717 -0.0172494 7001.1 0.999616
1694500000 41717 -0.117135 7001.12 0.999625
1694600000 41717 -0.143224 7001.13 0.999615
1694700000 41717 -0.0402593 7001.11 0.999615
1694800000 41717 -0.107473 7001.12 0.999639
1694900000 41717 -0.185652 7001.13 0.999614
1695000000 41717 -0.0280596 7001.11 0.999616
1695100000 41717 -0.0779303 7001.11 0.999615
1695200000 41717 -0.0294415 7001.11 0.999652
1695300000 41717 -0.0872187 7001.12 0.999613
1695400000 41717 -0.106053 7001.12 0.999616
1695500000 41717 -0.0916603 7001.12 0.999622
1695600000 41717 -0.114317 7001.12 0.999612
1695700000 41717 0.883759 7000.95 0.999743
1695800000 41717 0.903286 7000.95 0.999729
1695900000 41717 -0.136065 7001.12 0.999613
1696000000 41717 -0.176372 7001.13 0.999613
1696100000 41717 -0.00646548 7001.1 0.999617
1696200000 41717 -0.00400025 7001.1 0.999617
1696300000 41717 -0.0447339 7001.11 0.999615
1696400000 41717 -0.0754671 7001.11 0.999613
1696500000 41717 -0.072802 7001.11 0.99962
1696600000 41717 0.517036 7001.01 0.999694
1696700000 41717 -0.205843 7001.14 0.999623
1696800000 41717 -0.0472904 7001.11 0.999615
1696900000 41717 -0.00777745 7001.1 0.999617
1697000000 41717 -0.0281178 7001.11 0.999616
1697100000 41717 -0.0270116 7001.11 0.999631
1697200000 41717 -0.10468 7001.12 0.999615
1697300000 41717 -0.02028 7001.11 0.999616
1697400000 41717 -0.129788 7001.12 0.999615
1697500000 41717 1.1672 7000.91 0.999772
1697600000 41717 -0.0448098 7001.11 0.999615
1697700000 41717 -0.076786 7001.11 0.999614
1697800000 41717 -0.0707402 7001.11 0.999619
1697900000 41717 -0.131604 7001.12 0.999614
1698000000 41717 -0.0337545 7001.11 0.999616
1698100000 41717 0.0637418 7001.09 0.999664
1698200000 41717 -0.0625936 7001.11 0.999614
1698300000 41717 -0.0884836 7001.12 0.999616
1698400000 41717 -0.0252607 7001.11 0.999616
1698500000 41717 -0.0610053 7001.11 0.999614
1698600000 41717 1.25821 7000.89 0.999769
1698700000 41717 0.109373 7001.08 0.999677
1698800000 41717 -0.108676 7001.12 0.999622
1698900000 41717 -0.0170554 7001.1 0.999616
1699000000 41717 -0.0144559 7001.1 0.999616
1699100000 41717 0.0743167 7001.09 0.999646
1699200000 41717 -0.0397192 7001.11 0.999616
1699300000 41717 -0.077643 7001.11 0.999617
1699400000 41717 -0.0984517 7001.12 0.999617
1699500000 41717 0.214967 7001.07 0.999661
1699600000 41717 -0.028728 7001.11 0.999615
1699700000 41717 -0.0622345 7001.11 0.999614
1699800000 41717 0.148485 7001.08 0.999655
1699900000 41717 -0.091332 7001.12 0.999612
1700000000 41717 0.110868 7001.08 0.999664
1700100000 41717 0.720483 7000.98 0.999731
1700200000 41717 2.83185 7000.63 0.999902
1700300000 41717 1.20685 7000.9 0.999783
1700400000 41717 0.606609 7001 0.999716
1700500000 41717 -0.0817362 7001.12 0.999614
1700600000 41717 -0.202218 7001.14 0.99961
1700700000 41717 0.0314695 7001.1 0.999648
1700800000 41717 -0.0294641 7001.11 0.999615
1700900000 41717 -0.130554 7001.12 0.999618
1701000000 41717 -0.0859241 7001.12 0.999642
1701100000 41717 -0.231896 7001.14 0.999627
1701200000 41717 -0.0931725 7001.12 0.999613
1701300000 41717 -0.11457 7001.12 0.999617
1701400000 41717 -0.155378 7001.13 0.999619
1701500000 41717 -0.0593895 7001.11 0.999616
1701600000 41717 -0.124036 7001.12 0.99962
1701700000 41717 -0.0752193 7001.11 0.999614
1701800000 41717 -0.0404533 7001.11 0.999616
1701900000 41717 -0.0754923 7001.11 0.999613
1702000000 41717 -0.0606306 7001.11 0.999614
1702100000 41717 -0.0238126 7001.11 0.999616
1702200000 41717 0.438722 7001.03 0.999705
1702300000 41717 -0.11832 7001.12 0.999613
1702400000 41717 -0.116668 7001.12 0.99961
1702500000 41717 -0.129364 7001.12 0.999613
1702600000 41717 -0.11378 7001.12 0.999617
1702700000 41717 0.881144 7000.95 0.999742
1702800000 41717 -0.0720497 7001.11 0.999614
1702900000 41717 -0.0467429 7001.11 0.999614
1703000000 41717 -0.015584 7001.1 0.999616
1703100000 41717 -0.0127516 7001.1 0.999617
1703200000 41717 0.435495 7001.03 0.999685
1703300000 41717 0.311556 7001.05 0.99968
1703400000 41717 -0.0430984 7001.11 0.999614
1703500000 41717 -0.0894697 7001.12 0.999615
1703600000 41717 0.0861892 7001.09 0.999649
1703700000 41717 -0.13802 7001.12 0.999615
1703800000 41717 1.06828 7000.92 0.999757
1703900000 41717 -0.0367312 7001.11 0.999615
1704000000 41717 -0.0724246 7001.11 0.999625
1704100000 41717 -0.066123 7001.11 0.999616
1704200000 41717 -0.145824 7001.13 0.999616
1704300000 41717 -0.0713028 7001.11 0.999615
1704400000 41717 -0.134877 7001.12 0.999617
1704500000 41717 -0.0290119 7001.11 0.999616
1704600000 41717 0.850531 7000.96 0.999724
1704700000 41717 -0.126977 7001.12 0.999613
1704800000 41717 -0.0561293 7001.11 0.999622
1704900000 41717 -0.10643 7001.12 0.999627
1705000000 41717 -0.0737251 7001.11 0.999627
1705100000 41717 -0.123803 7001.12 0.999616
1705200000 41717 0.794312 7000.97 0.999754
1705300000 41717 -0.162766 7001.13 0.999615
1705400000 41717 -0.231597 7001.14 0.999617
1705500000 41717 -0.018258 7001.1 0.999616
1705600000 41717 -0.0603303 7001.11 0.999614
1705700000 41717 -0.116983 7001.12 0.999619
1705800000 41717 -0.152918 7001.13 0.999625
1705900000 41717 0.235045 7001.06 0.999682
1706000000 41717 -0.0672987 7001.11 0.999622
1706100000 41717 -0.114987 7001.12 0.999611
1706200000 41717 -0.0669355 7001.11 0.999613
1706300000 41717 0.304174 7001.05 0.999694
1706400000 41717 -0.207948 7001.14 0.999628
1706500000 41717 -0.0770175 7001.11 0.999615
1706600000 41717 -0.0409691 7001.11 0.999615
1706700000 41717 0.0215174 7001.1 0.999639
1706800000 41717 -0.00875253 7001.1 0.999634
1706900000 41717 0.330124 7001.05 0.999702
1707000000 41717 0.186513 7001.07 0.999658
1707100000 41717 -0.0152881 7001.1 0.999616
1707200000 41717 0.903484 7000.95 0.999729
1707300000 41717 -0.0679689 7001.11 0.999613
1707400000 41717 -0.135489 7001.12 0.999616
1707500000 41717 -0.0189646 7001.1 0.999616
1707600000 41717 0.0707338 7001.09 0.999648
1707700000 41717 -0.0958213 7001.12 0.999613
1707800000 41717 1.25767 7000.89 0.999798
1707900000 41717 -0.0455012 7001.11 0.999615
1708000000 41717 -0.234017 7001.14 0.999614
1708100000 41717 0.799838 7000.97 0.99973
1708200000 41717 0.69668 7000.98 0.999727
1708300000 41717 -0.0141515 7001.1 0.999616
1708400000 41717 -0.112553 7001.12 0.999614
1708500000 41717 -0.148788 7001.13 0.999614
1708600000 41717 -0.116069 7001.12 0.999611
1708700000 41717 -0.00583644 7001.1 0.999617
1708800000 41717 -0.0925091 7001.12 0.999614
1708900000 41717 -0.0594373 7001.11 0.999625
1709000000 41717 -0.145883 7001.13 0.999611
1709100000 41717 -0.1028 7001.12 0.999612
1709200000 41717 1.21944 7000.9 0.999798
1709300000 41717 0.281696 7001.05 0.999669
1709400000 41717 5.28238 7000.21 1.00005
1709500000 41717 -0.0534118 7001.11 0.999614
1709600000 41717 -0.140384 7001.13 0.999615
1709700000 41717 -0.0942023 7001.12 0.999635
1709800000 41717 0.0313665 7001.1 0.999651
1709900000 41717 -0.0613081 7001.11 0.999614
1710000000 41717 -0.0299131 7001.11 0.999616
1710100000 41717 0.146211 7001.08 0.999659
1710200000 41717 0.0277705 7001.1 0.999637
1710300000 41717 0.750591 7000.98 0.999722
1710400000 41717 1.52939 7000.85 0.999792
1710500000 41717 2.72823 7000.64 0.999894
1710600000 41717 -0.0966596 7001.12 0.999613
1710700000 41717 -0.0511006 7001.11 0.999615
1710800000 41717 -0.0525113 7001.11 0.999614
1710900000 41717 0.0660428 7001.09 0.999643
1711000000 41717 1.05068 7000.93 0.999766
1711100000 41717 0.0498712 7001.09 0.999656
1711200000 41717 -0.125517 7001.12 0.999613
1711300000 41717 -0.055057 7001.11 0.999645
1711400000 41717 2.73242 7000.64 0.999873
1711500000 41717 -0.112377 7001.12 0.999616
1711600000 41717 -0.12646 7001.12 0.999611
1711700000 41717 -0.0847466 7001.12 0.999613
1711800000 41717 -0.197337 7001.13 0.999617
1711900000 41717 0.340312 7001.04 0.999678
1712000000 41717 -0.118041 7001.12 0.999623
1712100000 41717 -0.234012 7001.14 0.999621
1712200000 41717 -0.0537828 7001.11 0.999631
1712300000 41717 -0.0554871 7001.11 0.999614
1712400000 41717 -0.0488737 7001.11 0.999623
1712500000 41717 -0.0109255 7001.1 0.999646
1712600000 41717 -0.119736 7001.12 0.999619
1712700000 41717 -0.0615779 7001.11 0.999629
1712800000 41717 -0.0513555 7001.11 0.999615
1712900000 41717 0.322495 7001.05 0.999675
1713000000 41717 0.101304 7001.08 0.999651
1713100000 41717 0.389011 7001.04 0.999696
1713200000 41717 0.0895591 7001.09 0.999648
1713300000 41717 -0.0492386 7001.11 0.999614
1713400000 41717 -0.0657294 7001.11 0.999618
1713500000 41717 0.0879833 7001.09 0.999646
1713600000 41717 -0.0701214 7001.11 0.999613
1713700000 41717 -0.0692975 7001.11 0.999618
1713800000 41717 -0.125103 7001.12 0.999614
1713900000 41717 -0.118 7001.12 0.99962
1714000000 41717 0.186295 7001.07 0.999659
1714100000 41717 -0.0280126 7001.11 0.999615
1714200000 41717 -0.148208 7001.13 0.999641
1714300000 41717 -0.0395429 7001.11 0.999615
1714400000 41717 0.897134 7000.95 0.999755
1714500000 41717 -0.156073 7001.13 0.99965
1714600000 41717 0.135803 7001.08 0.999662
1714700000 41717 -0.00541595 7001.1 0.999617
1714800000 41717 -0.0648339 7001.11 0.999621
1714900000 41717 0.108144 7001.08 0.999651
1715000000 41717 -0.180808 7001.13 0.999612
1715100000 41717 2.56078 7000.67 0.999861
1715200000 41717 0.288619 7001.05 0.999671
1715300000 41717 -0.0925436 7001.12 0.999615
1715400000 41717 -0.101844 7001.12 0.999612
1715500000 41717 -0.0237536 7001.11 0.999616
1715600000 41717 0.431704 7001.03 0.999717
1715700000 41717 2.01144 7000.76 0.999827
1715800000 41717 -0.182221 7001.13 0.999643
1715900000 41717 1.33922 7000.88 0.999818
1716000000 41717 -0.103343 7001.12 0.999615
1716100000 41717 -0.0239808 7001.11 0.999616
1716200000 41717 -0.132099 7001.12 0.999615
1716300000 41717 0.141455 7001.08 0.999673
1716400000 41717 0.231669 7001.06 0.999666
1716500000 41717 -0.045364 7001.11 0.999615
1716600000 41717 0.62914 7001 0.999734
1716700000 41717 -0.130881 7001.12 0.999615
1716800000 41717 -0.100865 7001.12 0.999625
1716900000 41717 -0.108398 7001.12 0.99963
1717000000 41717 -0.0470727 7001.11 0.999615
1717100000 41717 -0.120961 7001.12 0.999624
1717200000 41717 0.273665 7001.06 0.999674
1717300000 41717 1.01342 7000.93 0.999744
1717400000 41717 1.15147 7000.91 0.999798
1717500000 41717 5.4951 7000.18 1.00006
1717600000 41717 -0.0304793 7001.11 0.999615
1717700000 41717 -0.0414873 7001.11 0.999616
1717800000 41717 3.52173 7000.51 0.999991
1717900000 41717 -0.138728 7001.12 0.999614
1718000000 41717 -0.0615804 7001.11 0.999614
1718100000 41717 -0.0864001 7001.12 0.999614
1718200000 41717 -0.0774157 7001.11 0.999624
1718300000 41717 -0.0751449 7001.11 0.999615
1718400000 41717 0.511934 7001.02 0.999701
1718500000 41717 -0.0337526 7001.11 0.999615
1718600000 41717 -0.110634 7001.12 0.999612
1718700000 41717 0.254197 7001.06 0.999677
1718800000 41717 -0.0323936 7001.11 0.999615
1718900000 41717 -0.0581339 7001.11 0.999619
1719000000 41717 0.241151 7001.06 0.999668
1719100000 41717 -0.0476356 7001.11 0.999627
1719200000 41717 -0.0462892 7001.11 0.999614
1719300000 41717 -0.0330726 7001.11 0.999616
1719400000 41717 -0.0430966 7001.11 0.999615
1719500000 41717 -0.0559226 7001.11 0.999614
1719600000 41717 0.364627 7001.04 0.999685
1719700000 41717 -0.0743579 7001.11 0.999614
1719800000 41717 0.193959 7001.07 0.999661
1719900000 41717 -0.0849243 7001.12 0.999613
1720000000 41717 -0.111293 7001.12 0.999638
1720100000 41717 -0.141828 7001.13 0.99961
1720200000 41717 -0.0890641 7001.12 0.999614
1720300000 41717 0.0387713 7001.1 0.999639
1720400000 41717 -0.0694346 7001.11 0.999614
1720500000 41717 -0.119706 7001.12 0.999623
1720600000 41717 2.52017 7000.68 0.99987
1720700000 41717 -0.076286 7001.11 0.999627
1720800000 41717 -0.0390653 7001.11 0.999616
1720900000 41717 -0.0242276 7001.11 0.999616
1721000000 41717 3.49289 7000.52 0.999938
1721100000 41717 -0.0272711 7001.11 0.999615
1721200000 41717 -0.0356541 7001.11 0.999615
1721300000 41717 -0.0870727 7001.12 0.999613
1721400000 41717 -0.0221741 7001.11 0.999616
1721500000 41717 -0.111947 7001.12 0.999612
1721600000 41717 -0.160895 7001.13 0.999627
1721700000 41717 -0.0267311 7001.11 0.999616
1721800000 41717 -0.0589698 7001.11 0.999614
1721900000 41717 -0.0895244 7001.12 0.999613
1722000000 41717 0.0705333 7001.09 0.999646
1722100000 41717 -0.0518052 7001.11 0.999614
1722200000 41717 -0.0944622 7001.12 0.999616
1722300000 41717 1.15731 7000.91 0.999751
1722400000 41717 -0.0237006 7001.11 0.999616
1722500000 41717 -0.111229 7001.12 0.999612
1722600000 41717 -0.0346722 7001.11 0.999615
1722700000 41717 -0.0303261 7001.11 0.999631
1722800000 41717 1.53213 7000.84 0.999783
1722900000 41717 -0.162194 7001.13 0.99962
1723000000 41717 -0.00687868 7001.1 0.999617
1723100000 41717 -0.0526475 7001.11 0.999614
1723200000 41717 5.12513 7000.24 1.00006
1723300000 41717 -0.00894307 7001.1 0.999617
1723400000 41717 -0.15363 7001.13 0.999611
1723500000 41717 -0.103548 7001.12 0.999611
1723600000 41717 -0.0794346 7001.11 0.999636
1723700000 41717 0.605242 7001 0.999722
1723800000 41717 1.19663 7000.9 0.999756
1723900000 41717 -0.0290694 7001.11 0.999616
1724000000 41717 0.970578 7000.94 0.999751
1724100000 41717 -0.11095 7001.12 0.999611
1724200000 41717 -0.178979 7001.13 0.999614
1724300000 41717 -0.150111 7001.13 0.999615
1724400000 41717 -0.178183 7001.13 0.999611
1724500000 41717 2.37974 7000.7 0.999849
1724600000 41717 -0.0736118 7001.11 0.999614
1724700000 41717 -0.13295 7001.12 0.999617
1724800000 41717 -0.0650064 7001.11 0.999624
1724900000 41717 -0.137205 7001.12 0.999628
1725000000 41717 -0.111971 7001.12 0.999625
1725100000 41717 -0.103129 7001.12 0.999634
1725200000 41717 -0.0281788 7001.11 0.999615
1725300000 41717 6.73068 6999.97 1.00024
1725400000 41717 -0.0650853 7001.11 0.999614
1725500000 41717 -0.100819 7001.12 0.99962
1725600000 41717 -0.060087 7001.11 0.999616
1725700000 41717 0.112714 7001.08 0.99965
1725800000 41717 -0.0716586 7001.11 0.999613
1725900000 41717 -0.0326957 7001.11 0.999615
1726000000 41717 -0.163099 7001.13 0.999631
1726100000 41717 -0.0443984 7001.11 0.999633
1726200000 41717 -0.00271485 7001.1 0.999643
1726300000 41717 -0.0588319 7001.11 0.999621
1726400000 41717 0.152206 7001.08 0.999658
1726500000 41717 -0.0496609 7001.11 0.999616
1726600000 41717 -0.220322 7001.14 0.999619
1726700000 41717 -0.0930779 7001.12 0.999614
1726800000 41717 -0.143889 7001.13 0.999612
1726900000 41717 -0.0338597 7001.11 0.999615
1727000000 41717 4.02843 7000.43 0.999968
1727100000 41717 0.204588 7001.07 0.999661
1727200000 41717 0.40296 7001.03 0.999682
1727300000 41717 -0.00854402 7001.1 0.999634
1727400000 41717 -0.161437 7001.13 0.999615
1727500000 41717 -0.0491394 7001.11 0.999614
1727600000 41717 1.38763 7000.87 0.999813
1727700000 41717 -0.141935 7001.13 0.99962
1727800000 41717 -0.0251936 7001.11 0.999616
1727900000 41717 -0.0925445 7001.12 0.999651
1728000000 41717 -0.174053 7001.13 0.999611
1728100000 41717 -0.0871958 7001.12 0.999621
1728200000 41717 -0.0873173 7001.12 0.999612
1728300000 41717 -0.0271167 7001.11 0.999616
1728400000 41717 -0.0389391 7001.11 0.999628
1728500000 41717 -0.152551 7001.13 0.999618
1728600000 41717 0.180241 7001.07 0.999676
1728700000 41717 -0.125458 7001.12 0.999617
1728800000 41717 -0.0720596 7001.11 0.999615
1728900000 41717 -0.0353626 7001.11 0.999658
1729000000 41717 -0.0939578 7001.12 0.999613
1729100000 41717 -0.108133 7001.12 0.999614
1729200000 41717 -0.0732892 7001.11 0.999616
1729300000 41717 1.02101 7000.93 0.999762
1729400000 41717 -0.0938788 7001.12 0.999615
1729500000 41717 -0.143964 7001.13 0.999612
1729600000 41717 0.0893514 7001.09 0.999646
1729700000 41717 0.279283 7001.05 0.999671
1729800000 41717 0.0578738 7001.09 0.999656
1729900000 41717 0.484328 7001.02 0.999695
1730000000 41717 3.86447 7000.45 0.999993
1730100000 41717 0.0170473 7001.1 0.999637
1730200000 41717 -0.132976 7001.12 0.999614
1730300000 41717 -0.0211521 7001.11 0.999644
1730400000 41717 -0.0616262 7001.11 0.999613
1730500000 41717 -0.0627546 7001.11 0.999614
1730600000 41717 -0.0386385 7001.11 0.999615
1730700000 41717 0.917731 7000.95 0.99978
1730800000 41717 -0.057662 7001.11 0.999622
1730900000 41717 -0.0720417 7001.11 0.999628
1731000000 41717 2.48398 7000.68 0.999855
1731100000 41717 -0.144429 7001.13 0.999613
1731200000 41717 -0.0194049 7001.1 0.999616
1731300000 41717 -0.0786046 7001.11 0.999617
1731400000 41717 -0.0405105 7001.11 0.999615
1731500000 41717 -0.0325947 7001.11 0.999627
1731600000 41717 -0.0643819 7001.11 0.999616
1731700000 41717 0.0767108 7001.09 0.999652
1731800000 41717 -0.12779 7001.12 0.999612
1731900000 41717 -0.0231139 7001.11 0.999616
1732000000 41717 -0.0246092 7001.11 0.999616
1732100000 41717 -0.106193 7001.12 0.999612
1732200000 41717 -0.00841759 7001.1 0.999617
1732300000 41717 -0.15121 7001.13 0.99961
1732400000 41717 -0.147922 7001.13 0.999618
1732500000 41717 1.94369 7000.78 0.999848
1732600000 41717 -0.0573124 7001.11 0.999614
1732700000 41717 -0.0274891 7001.11 0.999616
1732800000 41717 -0.0567743 7001.11 0.999616
1732900000 41717 -0.0768942 7001.11 0.999613
1733000000 41717 0.703271 7000.98 0.999774
1733100000 41717 -0.068808 7001.11 0.999613
1733200000 41717 -0.10804 7001.12 0.999615
1733300000 41717 0.237658 7001.06 0.999692
1733400000 41717 -0.00656 7001.1 0.999617
1733500000 41717 -0.0723627 7001.11 0.999616
1733600000 41717 -0.0229468 7001.11 0.999616
1733700000 41717 -0.00974038 7001.1 0.999635
1733800000 41717 0.0464366 7001.09 0.999643
1733900000 41717 -0.0989688 7001.12 0.999614
1734000000 41717 0.108425 7001.08 0.999653
1734100000 41717 -0.100917 7001.12 0.999612
1734200000 41717 -0.124621 7001.12 0.999623
1734300000 41717 1.16874 7000.91 0.999764
1734400000 41717 0.128458 7001.08 0.999668
1734500000 41717 -0.0385591 7001.11 0.999615
1734600000 41717 -0.206809 7001.14 0.99963
1734700000 41717 0.169393 7001.07 0.999675
1734800000 41717 1.47488 7000.85 0.999799
1734900000 41717 -0.0286928 7001.11 0.999616
1735000000 41717 -0.147836 7001.13 0.999611
1735100000 41717 0.124813 7001.08 0.999671
1735200000 41717 -0.0954111 7001.12 0.999613
1735300000 41717 -0.126213 7001.12 0.99962
1735400000 41717 -0.0269537 7001.11 0.999616
1735500000 41717 -0.0275789 7001.11 0.999615
1735600000 41717 0.37989 7001.04 0.999685
1735700000 41717 0.603288 7001 0.999754
1735800000 41717 0.181104 7001.07 0.999676
1735900000 41717 -0.0652562 7001.11 0.99964
1736000000 41717 -0.0447478 7001.11 0.999614
1736100000 41717 0.467533 7001.02 0.999712
1736200000 41717 -0.0529064 7001.11 0.999615
1736300000 41717 1.60698 7000.83 0.999789
1736400000 41717 -0.108057 7001.12 0.999613
1736500000 41717 -0.0538582 7001.11 0.999614
1736600000 41717 -0.0563554 7001.11 0.999615
1736700000 41717 -0.0857324 7001.12 0.999614
1736800000 41717 0.267612 7001.06 0.999678
1736900000 41717 -0.0917283 7001.12 0.999617
1737000000 41717 0.0358528 7001.1 0.999638
1737100000 41717 -0.0059589 7001.1 0.999617
1737200000 41717 -0.16544 7001.13 0.999617
1737300000 41717 -0.0380408 7001.11 0.999616
1737400000 41717 -0.0501793 7001.11 0.999615
1737500000 41717 0.381372 7001.04 0.999679
1737600000 41717 0.0355412 7001.1 0.999642
1737700000 41717 -0.0606459 7001.11 0.999614
1737800000 41717 -0.0174977 7001.1 0.999636
1737900000 41717 -0.0505707 7001.11 0.999632
1738000000 41717 1.11654 7000.91 0.99977
1738100000 41717 -0.224525 7001.14 0.999636
1738200000 41717 0.0325033 7001.1 0.99964
1738300000 41717 -0.0761584 7001.11 0.999622
1738400000 41717 3.56705 7000.5 0.999962
1738500000 41717 -0.0773881 7001.11 0.999612
1738600000 41717 -0.145149 7001.13 0.999643
1738700000 41717 -0.131847 7001.12 0.999613
1738800000 41717 -0.108394 7001.12 0.999613
1738900000 41717 1.10322 7000.92 0.999751
1739000000 41717 0.187136 7001.07 0.999698
1739100000 41717 -0.0104161 7001.1 0.999617
1739200000 41717 -0.0380529 7001.11 0.999615
1739300000 41717 0.674325 7000.99 0.999728
1739400000 41717 -0.0620209 7001.11 0.999615
1739500000 41717 0.349472 7001.04 0.999707
1739600000 41717 -0.0837939 7001.12 0.999624
1739700000 41717 0.140658 7001.08 0.999654
1739800000 41717 -0.198987 7001.14 0.999618
1739900000 41717 -0.0460939 7001.11 0.999615
1740000000 41717 -0.164086 7001.13 0.999625
1740100000 41717 -0.0711762 7001.11 0.999613
1740200000 41717 -0.00294768 7001.1 0.999617
1740300000 41717 -0.134027 7001.12 0.999611
1740400000 41717 -0.0269998 7001.11 0.999616
1740500000 41717 2.16525 7000.74 0.999833
1740600000 41717 -0.0792008 7001.11 0.999623
1740700000 41717 -0.0653182 7001.11 0.999614
1740800000 41717 -0.11541 7001.12 0.99963
1740900000 41717 0.0400607 7001.09 0.999651
1741000000 41717 0.653559 7000.99 0.999707
1741100000 41717 -0.0804113 7001.12 0.999613
1741200000 41717 -0.0559883 7001.11 0.999618
1741300000 41717 -0.0506515 7001.11 0.999615
1741400000 41717 0.0827801 7001.09 0.999662
1741500000 41717 -0.124872 7001.12 0.999634
1741600000 41717 -0.0597005 7001.11 0.999614
1741700000 41717 -0.175149 7001.13 0.999611
1741800000 41717 -0.0365712 7001.11 0.99963
1741900000 41717 -0.071483 7001.11 0.999628
1742000000 41717 -0.0900488 7001.12 0.999614
1742100000 41717 0.61004 7001 0.999702
1742200000 41717 -0.0326171 7001.11 0.999615
1742300000 41717 -0.0464839 7001.11 0.999614
1742400000 41717 -0.000715404 7001.1 0.999655
1742500000 41717 -0.0864908 7001.12 0.999634
1742600000 41717 -0.0642898 7001.11 0.99962
1742700000 41717 -0.07151 7001.11 0.999614
1742800000 41717 -0.0659759 7001.11 0.999614
1742900000 41717 0.0635379 7001.09 0.999649
1743000000 41717 -0.028929 7001.11 0.999615
1743100000 41717 -0.0312543 7001.11 0.999616
1743200000 41717 -0.0429193 7001.11 0.999642
1743300000 41717 -0.0138675 7001.1 0.999617
1743400000 41717 0.00312758 7001.1 0.999635
1743500000 41717 0.762937 7000.97 0.999746
1743600000 41717 -0.0721058 7001.11 0.999613
1743700000 41717 0.447964 7001.03 0.999686
1743800000 41717 -0.0206948 7001.11 0.999616
1743900000 41717 -0.0939647 7001.12 0.999626
1744000000 41717 -0.0586854 7001.11 0.999615
1744100000 41717 -0.0584441 7001.11 0.999625
1744200000 41717 -0.087999 7001.12 0.99962
1744300000 41717 -0.0349703 7001.11 0.999627
1744400000 41717 -0.0482468 7001.11 0.999616
1744500000 41717 -0.129135 7001.12 0.999625
1744600000 41717 -0.101543 7001.12 0.999615
1744700000 41717 0.895865 7000.95 0.999751
1744800000 41717 -0.0925925 7001.12 0.999624
1744900000 41717 -0.0722567 7001.11 0.999615
1745000000 41717 -0.0891867 7001.12 0.999622
1745100000 41717 -0.0237564 7001.11 0.999653
1745200000 41717 2.35595 7000.71 0.999878
1745300000 41717 0.116982 7001.08 0.999654
1745400000 41717 0.0545063 7001.09 0.999642
1745500000 41717 -0.0278376 7001.11 0.999615
1745600000 41717 -0.0920535 7001.12 0.999615
1745700000 41717 -0.143393 7001.13 0.999634
1745800000 41717 0.0168396 7001.1 0.999646
1745900000 41717 0.138471 7001.08 0.999652
1746000000 41717 -0.0875013 7001.12 0.999614
1746100000 41717 0.23813 7001.06 0.999693
1746200000 41717 0.0577498 7001.09 0.999642
1746300000 41717 -0.029293 7001.11 0.999616
1746400000 41717 1.50988 7000.85 0.999781
1746500000 41717 0.528069 7001.01 0.999697
1746600000 41717 -0.0208615 7001.11 0.999643
1746700000 41717 -0.0304271 7001.11 0.999615
1746800000 41717 -0.135671 7001.12 0.999626
1746900000 41717 0.0143352 7001.1 0.999646
1747000000 41717 -0.0613321 7001.11 0.999614
1747100000 41717 4.01017 7000.43 0.999962
1747200000 41717 -0.0855529 7001.12 0.999617
1747300000 41717 0.0918273 7001.09 0.999657
1747400000 41717 0.406686 7001.03 0.999683
1747500000 41717 0.474066 7001.02 0.999693
1747600000 41717 -0.0823836 7001.12 0.999633
1747700000 41717 -0.111613 7001.12 0.999638
1747800000 41717 -0.0213893 7001.11 0.999616
1747900000 41717 0.321522 7001.05 0.999673
1748000000 41717 -0.0563358 7001.11 0.999614
1748100000 41717 -0.0275146 7001.11 0.999615
1748200000 41717 -0.129853 7001.12 0.999624
1748300000 41717 -0.053374 7001.11 0.999615
1748400000 41717 -0.0620658 7001.11 0.999615
1748500000 41717 -0.0838811 7001.12 0.999616
1748600000 41717 1.02534 7000.93 0.99974
1748700000 41717 0.212069 7001.07 0.999671
1748800000 41717 1.06621 7000.92 0.999743
1748900000 41717 -0.0420016 7001.11 0.999615
1749000000 41717 -0.139361 7001.13 0.999625
1749100000 41717 -0.0614385 7001.11 0.999614
1749200000 41717 -0.127998 7001.12 0.999615
1749300000 41717 -0.0895428 7001.12 0.999613
1749400000 41717 -0.218126 7001.14 0.999621
1749500000 41717 -0.117557 7001.12 0.999615
1749600000 41717 -0.055781 7001.11 0.999621
1749700000 41717 -0.0580924 7001.11 0.999615
1749800000 41717 -0.0371665 7001.11 0.999615
1749900000 41717 -0.15096 7001.13 0.999618
1750000000 41717 -0.0850072 7001.12 0.999615
1750100000 41717 0.126724 7001.08 0.999655
1750200000 41717 -0.115877 7001.12 0.999613
1750300000 41717 0.515371 7001.02 0.999717
1750400000 41717 0.00357907 7001.1 0.999649
1750500000 41717 -0.0668734 7001.11 0.999614
1750600000 41717 0.063418 7001.09 0.999676
1750700000 41717 -0.0962535 7001.12 0.999614
1750800000 41717 11.7726 6999.13 1.00041
1750900000 41717 -0.0261017 7001.11 0.999655
1751000000 41717 -0.0101249 7001.1 0.999617
1751100000 41717 0.21025 7001.07 0.999673
1751200000 41717 0.391344 7001.04 0.999703
1751300000 41717 1.58833 7000.84 0.999823
1751400000 41717 -0.0575371 7001.11 0.999614
1751500000 41717 -0.0799357 7001.12 0.999615
1751600000 41717 -0.0542419 7001.11 0.999614
1751700000 41717 0.181776 7001.07 0.999674
1751800000 41717 -0.0833034 7001.12 0.999643
1751900000 41717 0.544772 7001.01 0.999704
1752000000 41717 0.0557909 7001.09 0.999644
1752100000 41717 0.789962 7000.97 0.99974
1752200000 41717 0.137774 7001.08 0.999652
1752300000 41717 -0.116109 7001.12 0.999618
1752400000 41717 -0.154044 7001.13 0.999613
1752500000 41717 -0.144859 7001.13 0.999611
1752600000 41717 -0.055404 7001.11 0.999632
1752700000 41717 2.68746 7000.65 0.99987
1752800000 41717 -0.145499 7001.13 0.999611
1752900000 41717 -0.0168018 7001.1 0.999616
1753000000 41717 0.074648 7001.09 0.99966
1753100000 41717 -0.0518757 7001.11 0.999614
1753200000 41717 0.155413 7001.08 0.999655
1753300000 41717 -0.0911823 7001.12 0.999612
1753400000 41717 0.0843165 7001.09 0.999647
1753500000 41717 0.188232 7001.07 0.999671
1753600000 41717 -0.0861604 7001.12 0.999613
1753700000 41717 0.596568 7001 0.999724
1753800000 41717 -0.090418 7001.12 0.999614
1753900000 41717 -0.025224 7001.11 0.999615
1754000000 41717 -0.0741808 7001.11 0.999613
1754100000 41717 -0.099188 7001.12 0.999636
1754200000 41717 -0.155732 7001.13 0.999621
1754300000 41717 -0.181469 7001.13 0.999612
1754400000 41717 -0.115866 7001.12 0.999614
1754500000 41717 0.0432723 7001.09 0.999655
1754600000 41717 0.864467 7000.96 0.999754
1754700000 41717 0.265205 7001.06 0.999669
1754800000 41717 -0.132459 7001.12 0.99962
1754900000 41717 -0.081707 7001.12 0.999613
1755000000 41717 -0.0483131 7001.11 0.999614
1755100000 41717 -0.0620442 7001.11 0.999614
1755200000 41717 -0.0217866 7001.11 0.99963
1755300000 41717 -0.0433145 7001.11 0.999614
1755400000 41717 -0.0092974 7001.1 0.999617
1755500000 41717 0.624924 7001 0.999705
1755600000 41717 -0.0605353 7001.11 0.999636
1755700000 41717 -0.0233712 7001.11 0.999616
1755800000 41717 -0.0593501 7001.11 0.999618
1755900000 41717 -0.0649807 7001.11 0.999618
1756000000 41717 -0.0445586 7001.11 0.999615
1756100000 41717 -0.0313879 7001.11 0.999615
1756200000 41717 -0.0179824 7001.1 0.999616
1756300000 41717 0.661158 7000.99 0.999707
1756400000 41717 -0.168354 7001.13 0.999618
1756500000 41717 -0.0870608 7001.12 0.999623
1756600000 41717 -0.00565654 7001.1 0.999617
1756700000 41717 -0.00899846 7001.1 0.999617
1756800000 41717 -0.101446 7001.12 0.999621
1756900000 41717 1.57465 7000.84 0.999789
1757000000 41717 -0.0514338 7001.11 0.999624
1757100000 41717 -0.00103557 7001.1 0.999618
1757200000 41717 -0.107215 7001.12 0.999614
1757300000 41717 0.463416 7001.02 0.999717
1757400000 41717 -0.138245 7001.12 0.999626
1757500000 41717 -0.139263 7001.13 0.999621
1757600000 41717 -0.140943 7001.13 0.999613
1757700000 41717 -0.0118178 7001.1 0.999617
1757800000 41717 -0.0907922 7001.12 0.999612
1757900000 41717 -0.0171072 7001.1 0.999616
1758000000 41717 2.40686 7000.7 0.999855
1758100000 41717 1.76771 7000.8 0.999842
1758200000 41717 2.26414 7000.72 0.999855
1758300000 41717 -0.0296574 7001.11 0.999616
1758400000 41717 -0.169727 7001.13 0.999615
1758500000 41717 -0.0597585 7001.11 0.999615
1758600000 41717 -0.0722998 7001.11 0.999628
1758700000 41717 -0.0891945 7001.12 0.999638
1758800000 41717 -0.0738394 7001.11 0.999616
1758900000 41717 -0.00811858 7001.1 0.999617
1759000000 41717 -0.0606095 7001.11 0.999614
1759100000 41717 2.93526 7000.61 0.999888
1759200000 41717 0.148985 7001.08 0.999664
1759300000 41717 3.07756 7000.59 0.999898
1759400000 41717 -0.114241 7001.12 0.999613
1759500000 41717 3.46627 7000.52 0.999927
1759600000 41717 -0.0358891 7001.11 0.999615
1759700000 41717 -0.0924377 7001.12 0.999618
1759800000 41717 -0.0477147 7001.11 0.999615
1759900000 41717 1.07094 7000.92 0.999768
1760000000 41717 0.798944 7000.97 0.99972
1760100000 41717 -0.177306 7001.13 0.999611
1760200000 41717 -0.294091 7001.15 0.999618
1760300000 41717 0.498181 7001.02 0.999692
1760400000 41717 -0.0118182 7001.1 0.999635
1760500000 41717 -0.0659934 7001.11 0.999614
1760600000 41717 -0.0616614 7001.11 0.999616
1760700000 41717 0.592212 7001 0.999729
1760800000 41717 -0.0434238 7001.11 0.999616
1760900000 41717 -0.106752 7001.12 0.999613
1761000000 41717 -0.110939 7001.12 0.999613
1761100000 41717 -0.0830125 7001.12 0.999621
1761200000 41717 -0.0884483 7001.12 0.999615
1761300000 41717 0.384957 7001.04 0.999724
1761400000 41717 -0.0910048 7001.12 0.999636
1761500000 41717 -0.0824928 7001.12 0.999642
1761600000 41717 -0.0171066 7001.1 0.999616
1761700000 41717 -0.0210552 7001.11 0.999616
1761800000 41717 -0.0759729 7001.11 0.999624
1761900000 41717 -0.014597 7001.1 0.999616
1762000000 41717 -0.0649934 7001.11 0.999616
1762100000 41717 -0.0651152 7001.11 0.999629
1762200000 41717 -0.019383 7001.1 0.999616
1762300000 41717 -0.0667077 7001.11 0.999614
1762400000 41717 0.452274 7001.03 0.99969
1762500000 41717 8.81256 6999.62 1.00025
1762600000 41717 -0.0444096 7001.11 0.999616
1762700000 41717 -0.0524347 7001.11 0.999614
1762800000 41717 -0.0279796 7001.11 0.999644
1762900000 41717 -0.128422 7001.12 0.999627
1763000000 41717 -0.0137032 7001.1 0.999616
1763100000 41717 -0.124129 7001.12 0.999631
1763200000 41717 -0.0551398 7001.11 0.999616
1763300000 41717 -0.0720606 7001.11 0.999613
1763400000 41717 0.0445759 7001.09 0.999643
1763500000 41717 -0.0886675 7001.12 0.999617
1763600000 41717 -0.0593903 7001.11 0.999614
1763700000 41717 -0.0842241 7001.12 0.999617
1763800000 41717 0.317124 7001.05 0.999683
1763900000 41717 -0.222978 7001.14 0.999626
1764000000 41717 1.13384 7000.91 0.99979
1764100000 41717 -0.118454 7001.12 0.999615
1764200000 41717 0.787039 7000.97 0.99975
1764300000 41717 -0.0771858 7001.11 0.999614
1764400000 41717 0.282152 7001.05 0.99967
1764500000 41717 -0.10052 7001.12 0.999622
1764600000 41717 -0.0311427 7001.11 0.999615
1764700000 41717 -0.105357 7001.12 0.999616
1764800000 41717 -0.0507228 7001.11 0.999614
1764900000 41717 -0.00544967 7001.1 0.999617
1765000000 41717 0.0132186 7001.1 0.999642
1765100000 41717 -0.105429 7001.12 0.999613
1765200000 41717 -0.118034 7001.12 0.999613
1765300000 41717 -0.00840014 7001.1 0.999617
1765400000 41717 -0.0326783 7001.11 0.999615
1765500000 41717 -0.0704493 7001.11 0.999616
1765600000 41717 0.127757 7001.08 0.999664
1765700000 41717 -0.0315413 7001.11 0.999615
1765800000 41717 -0.069358 7001.11 0.999614
1765900000 41717 -0.0946116 7001.12 0.999612
1766000000 41717 1.4301 7000.86 0.999798
1766100000 41717 -0.00705511 7001.1 0.999617
1766200000 41717 -0.0448639 7001.11 0.999615
1766300000 41717 -0.0235527 7001.11 0.99965
1766400000 41717 -0.0354217 7001.11 0.999645
1766500000 41717 0.781929 7000.97 0.999721
1766600000 41717 -0.169662 7001.13 0.999616
1766700000 41717 -0.0681274 7001.11 0.999619
1766800000 41717 -0.0758855 7001.11 0.999615
1766900000 41717 -0.0804397 7001.12 0.999615
1767000000 41717 -0.0699306 7001.11 0.999621
1767100000 41717 -0.0722449 7001.11 0.999614
1767200000 41717 -0.189063 7001.13 0.999629
1767300000 41717 -0.107921 7001.12 0.999621
1767400000 41717 -0.0136979 7001.1 0.999617
1767500000 41717 0.463175 7001.02 0.999694
1767600000 41717 -0.134797 7001.12 0.999616
1767700000 41717 0.00853946 7001.1 0.999637
1767800000 41717 -0.129133 7001.12 0.999652
1767900000 41717 0.0318583 7001.1 0.999643
1768000000 41717 -0.0616006 7001.11 0.999622
1768100000 41717 0.217914 7001.07 0.999674
1768200000 41717 -0.111295 7001.12 0.999615
1768300000 41717 -0.0288118 7001.11 0.999616
1768400000 41717 -0.176665 7001.13 0.999616
1768500000 41717 -0.142028 7001.13 0.999614
1768600000 41717 -0.094596 7001.12 0.999614
1768700000 41717 -0.0656375 7001.11 0.999614
1768800000 41717 -0.0356096 7001.11 0.999652
1768900000 41717 0.0115995 7001.1 0.999636
1769000000 41717 0.127643 7001.08 0.999682
1769100000 41717 0.02357 7001.1 0.999648
1769200000 41717 -0.0335245 7001.11 0.999616
1769300000 41717 -0.070482 7001.11 0.999613
1769400000 41717 1.77594 7000.8 0.999821
1769500000 41717 -0.0858259 7001.12 0.999616
1769600000 41717 -0.132063 7001.12 0.999619
1769700000 41717 -0.0875745 7001.12 0.999612
1769800000 41717 -0.100712 7001.12 0.99962
1769900000 41717 -0.0810065 7001.12 0.999615
1770000000 41717 -0.0720257 7001.11 0.999614
1770100000 41717 0.573821 7001.01 0.999699
1770200000 41717 -0.165488 7001.13 0.999631
1770300000 41717 -0.0334953 7001.11 0.999615
1770400000 41717 0.0535859 7001.09 0.999641
1770500000 41717 -0.116229 7001.12 0.999617
1770600000 41717 -0.181637 7001.13 0.999628
1770700000 41717 -0.13855 7001.12 0.999631
1770800000 41717 -0.0437456 7001.11 0.999614
1770900000 41717 -0.0543406 7001.11 0.99963
1771000000 41717 -0.118522 7001.12 0.999625
1771100000 41717 -0.0793318 7001.11 0.999614
1771200000 41717 -0.0731864 7001.11 0.999613
1771300000 41717 -0.0361529 7001.11 0.999634
1771400000 41717 -0.238371 7001.14 0.99961
1771500000 41717 0.0693852 7001.09 0.999661
1771600000 41717 2.04561 7000.76 0.999861
1771700000 41717 -0.0532724 7001.11 0.999614
1771800000 41717 -0.037489 7001.11 0.999615
1771900000 41717 1.11793 7000.91 0.99975
1772000000 41717 -0.141644 7001.13 0.999612
1772100000 41717 -0.113761 7001.12 0.999615
1772200000 41717 -0.033359 7001.11 0.999615
1772300000 41717 0.00573288 7001.1 0.999654
1772400000 41717 -0.024319 7001.11 0.999616
1772500000 41717 -0.0493053 7001.11 0.999632
1772600000 41717 0.158283 7001.07 0.999665
1772700000 41717 -0.0170896 7001.1 0.999639
1772800000 41717 0.284899 7001.05 0.999671
1772900000 41717 -0.0160319 7001.1 0.999616
1773000000 41717 0.783892 7000.97 0.999718
1773100000 41717 -0.06157 7001.11 0.999617
1773200000 41717 -0.186911 7001.13 0.999619
1773300000 41717 -0.0875213 7001.12 0.999614
1773400000 41717 -0.049423 7001.11 0.999629
1773500000 41717 -0.0669329 7001.11 0.999613
1773600000 41717 -0.112525 7001.12 0.999615
1773700000 41717 0.107182 7001.08 0.999664
1773800000 41717 0.119666 7001.08 0.999659
1773900000 41717 0.221372 7001.06 0.999678
1774000000 41717 -0.122449 7001.12 0.999618
1774100000 41717 -0.102333 7001.12 0.999626
1774200000 41717 -0.133675 7001.12 0.99962
1774300000 41717 1.58142 7000.84 0.99979
1774400000 41717 -0.00165502 7001.1 0.999618
1774500000 41717 -0.101106 7001.12 0.999611
1774600000 41717 0.341095 7001.04 0.999684
1774700000 41717 -0.0922095 7001.12 0.999613
1774800000 41717 -0.198274 7001.13 0.999646
1774900000 41717 -0.00304352 7001.1 0.999617
1775000000 41717 -0.130115 7001.12 0.999617
1775100000 41717 -0.0270393 7001.11 0.999615
1775200000 41717 -0.00644859 7001.1 0.999634
1775300000 41717 0.0124243 7001.1 0.999645
1775400000 41717 -0.13656 7001.12 0.999631
1775500000 41717 0.690597 7000.99 0.999737
1775600000 41717 0.608996 7001 0.999703
1775700000 41717 -0.119291 7001.12 0.999615
1775800000 41717 -0.08791 7001.12 0.999614
1775900000 41717 -0.0364154 7001.11 0.999615
1776000000 41717 -0.0940418 7001.12 0.999614
1776100000 41717 -0.137471 7001.12 0.999617
1776200000 41717 -0.0407252 7001.11 0.999614
1776300000 41717 -0.0473297 7001.11 0.999615
1776400000 41717 1.02266 7000.93 0.99978
1776500000 41717 -0.0343405 7001.11 0.999615
1776600000 41717 -0.104179 7001.12 0.999613
1776700000 41717 -0.0412856 7001.11 0.999628
1776800000 41717 -0.0841697 7001.12 0.999614
1776900000 41717 -0.156527 7001.13 0.999616
1777000000 41717 -0.0250559 7001.11 0.99963
1777100000 41717 -0.0770951 7001.11 0.999612
1777200000 41717 -0.0321653 7001.11 0.999636
1777300000 41717 -0.161742 7001.13 0.999616
1777400000 41717 0.807893 7000.97 0.999741
1777500000 41717 -0.0679529 7001.11 0.999613
1777600000 41717 0.105776 7001.08 0.999649
1777700000 41717 -0.0223578 7001.11 0.999616
1777800000 41717 -0.248862 7001.14 0.999625
1777900000 41717 -0.030629 7001.11 0.999628
1778000000 41717 0.885548 7000.95 0.999745
1778100000 41717 -0.00946903 7001.1 0.999617
1778200000 41717 -0.0862097 7001.12 0.999614
1778300000 41717 -0.0757027 7001.11 0.999617
1778400000 41717 -0.124403 7001.12 0.999612
1778500000 41717 -0.0785669 7001.11 0.999614
1778600000 41717 4.1968 7000.4 1.00006
1778700000 41717 0.0595302 7001.09 0.999674
1778800000 41717 -0.0735039 7001.11 0.999613
1778900000 41717 -0.0961595 7001.12 0.999614
1779000000 41717 -0.1412 7001.13 0.999611
1779100000 41717 -0.0448457 7001.11 0.999629
1779200000 41717 -0.043639 7001.11 0.999615
1779300000 41717 -0.142725 7001.13 0.999616
1779400000 41717 0.365043 7001.04 0.999694
1779500000 41717 0.360168 7001.04 0.999702
1779600000 41717 -0.0658885 7001.11 0.999613
1779700000 41717 0.716149 7000.98 0.999724
1779800000 41717 -0.154045 7001.13 0.999625
1779900000 41717 0.376969 7001.04 0.99968
1780000000 41717 0.969296 7000.94 0.999752
1780100000 41717 0.479144 7001.02 0.999693
1780200000 41717 -0.0747304 7001.11 0.999613
1780300000 41717 -0.0781638 7001.11 0.999614
1780400000 41717 -0.10755 7001.12 0.999617
1780500000 41717 -0.0419085 7001.11 0.999627
1780600000 41717 -0.0211523 7001.11 0.999616
1780700000 41717 -0.100666 7001.12 0.999612
1780800000 41717 -0.00596508 7001.1 0.999617
1780900000 41717 -0.119388 7001.12 0.999613
1781000000 41717 -0.0932592 7001.12 0.999622
1781100000 41717 -0.0214845 7001.11 0.999616
1781200000 41717 -0.0641034 7001.11 0.999615
1781300000 41717 -0.0376217 7001.11 0.999615
1781400000 41717 0.281498 7001.05 0.999678
1781500000 41717 -0.195994 7001.13 0.999618
1781600000 41717 -0.00781367 7001.1 0.999617
1781700000 41717 -0.0406481 7001.11 0.999615
1781800000 41717 0.410981 7001.03 0.9997
1781900000 41717 -0.100647 7001.12 0.999614
1782000000 41717 -0.117017 7001.12 0.999625
1782100000 41717 0.222848 7001.06 0.999678
1782200000 41717 -0.146305 7001.13 0.999613
1782300000 41717 -0.0361511 7001.11 0.999659
1782400000 41717 -0.00874806 7001.1 0.999617
1782500000 41717 -0.0895061 7001.12 0.999613
1782600000 41717 0.334001 7001.05 0.999674
1782700000 41717 -0.0499651 7001.11 0.999614
1782800000 41717 1.43064 7000.86 0.999774
1782900000 41717 -0.0385911 7001.11 0.999615
1783000000 41717 0.00517069 7001.1 0.999635
1783100000 41717 -0.102012 7001.12 0.999613
1783200000 41717 -0.160335 7001.13 0.999623
1783300000 41717 -0.0203283 7001.11 0.999616
1783400000 41717 -0.0976777 7001.12 0.999619
1783500000 41717 -0.0402472 7001.11 0.999615
1783600000 41717 -0.0460901 7001.11 0.999614
1783700000 41717 -0.0230402 7001.11 0.999616
1783800000 41717 -0.023903 7001.11 0.999616
1783900000 41717 -0.123784 7001.12 0.999615
1784000000 41717 0.408305 7001.03 0.999685
1784100000 41717 0.242132 7001.06 0.999678
1784200000 41717 1.54352 7000.84 0.999807
1784300000 41717 0.880365 7000.95 0.999729
1784400000 41717 0.668944 7000.99 0.999707
1784500000 41717 -0.121739 7001.12 0.999615
1784600000 41717 -0.0681591 7001.11 0.999628
1784700000 41717 0.122693 7001.08 0.999683
1784800000 41717 1.73701 7000.81 0.999809
1784900000 41717 -0.0562179 7001.11 0.999614
1785000000 41717 1.04457 7000.93 0.999758
1785100000 41717 0.00703477 7001.1 0.999659
1785200000 41717 0.0571318 7001.09 0.999647
1785300000 41717 -0.0562659 7001.11 0.999615
1785400000 41717 -0.0620024 7001.11 0.999623
1785500000 41717 -0.102085 7001.12 0.999614
1785600000 41717 -0.0861767 7001.12 0.999626
1785700000 41717 -0.0390875 7001.11 0.999615
1785800000 41717 -0.108814 7001.12 0.999613
1785900000 41717 0.135743 7001.08 0.999673
1786000000 41717 -0.0783494 7001.11 0.999621
1786100000 41717 -0.174332 7001.13 0.999619
1786200000 41717 -0.126405 7001.12 0.999629
1786300000 41717 5.89273 7000.11 1.00019
1786400000 41717 0.152776 7001.08 0.999663
1786500000 41717 0.312874 7001.05 0.999673
1786600000 41717 -0.107473 7001.12 0.999618
1786700000 41717 -0.0355979 7001.11 0.999615
1786800000 41717 -0.0835449 7001.12 0.999612
1786900000 41717 -0.0948741 7001.12 0.999611
1787000000 41717 -0.0314821 7001.11 0.999615
1787100000 41717 -0.124925 7001.12 0.999614
1787200000 41717 -0.105062 7001.12 0.999623
1787300000 41717 -0.0504881 7001.11 0.999614
1787400000 41717 -0.161473 7001.13 0.999633
1787500000 41717 0.211547 7001.07 0.999663
1787600000 41717 -0.212818 7001.14 0.999625
1787700000 41717 -0.0299183 7001.11 0.999616
1787800000 41717 0.359451 7001.04 0.999687
1787900000 41717 -0.0455993 7001.11 0.999614
1788000000 41717 -0.0858669 7001.12 0.999624
1788100000 41717 0.347545 7001.04 0.999681
1788200000 41717 -0.0188948 7001.1 0.999616
1788300000 41717 -0.283752 7001.15 0.99962
1788400000 41717 -0.0812236 7001.12 0.999613
1788500000 41717 0.513743 7001.02 0.999704
1788600000 41717 -0.0879936 7001.12 0.999628
1788700000 41717 -0.0790306 7001.11 0.999613
1788800000 41717 -0.136689 7001.12 0.999612
1788900000 41717 0.0657453 7001.09 0.999647
1789000000 41717 4.64835 7000.32 1.00005
1789100000 41717 -0.105236 7001.12 0.999624
1789200000 41717 -0.0399388 7001.11 0.999615
1789300000 41717 -0.0965667 7001.12 0.999616
1789400000 41717 -0.0653513 7001.11 0.999614
1789500000 41717 -0.177044 7001.13 0.999624
1789600000 41717 -0.149575 7001.13 0.999621
1789700000 41717 -0.0565655 7001.11 0.999615
1789800000 41717 -0.0844837 7001.12 0.999615
1789900000 41717 -0.104795 7001.12 0.999619
1790000000 41717 -0.0510476 7001.11 0.999615
1790100000 41717 0.293035 7001.05 0.999672
1790200000 41717 -0.0789194 7001.11 0.999625
1790300000 41717 2.0224 7000.76 0.999823
1790400000 41717 -0.0510447 7001.11 0.999614
1790500000 41717 -0.0475164 7001.11 0.999616
1790600000 41717 3.59528 7000.5 0.999945
1790700000 41717 -0.0642541 7001.11 0.999614
1790800000 41717 -0.0946306 7001.12 0.999621
1790900000 41717 -0.0461954 7001.11 0.999616
1791000000 41717 -0.0995264 7001.12 0.999614
1791100000 41717 0.831947 7000.96 0.999723
1791200000 41717 -0.0276375 7001.11 0.999616
1791300000 41717 -0.0167079 7001.1 0.999616
1791400000 41717 0.619302 7001 0.999704
1791500000 41717 -0.0360878 7001.11 0.999632
1791600000 41717 2.17628 7000.74 0.999832
1791700000 41717 0.316365 7001.05 0.999673
1791800000 41717 -0.0115305 7001.1 0.999617
1791900000 41717 -0.107864 7001.12 0.999615
1792000000 41717 3.09548 7000.58 0.999899
1792100000 41717 0.507998 7001.02 0.999693
1792200000 41717 -0.00450222 7001.1 0.999617
1792300000 41717 -0.168584 7001.13 0.999625
1792400000 41717 -0.0602522 7001.11 0.999615
1792500000 41717 -0.0665219 7001.11 0.999614
1792600000 41717 -0.0292475 7001.11 0.99963
1792700000 41717 -0.153915 7001.13 0.999616
1792800000 41717 -0.0391782 7001.11 0.999615
1792900000 41717 -0.155103 7001.13 0.999613
1793000000 41717 -0.0727336 7001.11 0.999614
1793100000 41717 -0.0668875 7001.11 0.999619
1793200000 41717 -0.0349022 7001.11 0.999616
1793300000 41717 -0.0637105 7001.11 0.999614
1793400000 41717 0.353893 7001.04 0.999678
1793500000 41717 -0.0859581 7001.12 0.999613
1793600000 41717 -0.0471599 7001.11 0.999625
1793700000 41717 0.314414 7001.05 0.999677
1793800000 41717 -0.0915264 7001.12 0.999622
1793900000 41717 -0.0544878 7001.11 0.999614
1794000000 41717 0.883897 7000.95 0.999727
1794100000 41717 -0.00857872 7001.1 0.999635
1794200000 41717 -0.0628643 7001.11 0.999616
1794300000 41717 -0.046975 7001.11 0.999614
1794400000 41717 0.907149 7000.95 0.999743
1794500000 41717 -0.0232937 7001.11 0.999616
1794600000 41717 -0.154535 7001.13 0.999612
1794700000 41717 -0.133547 7001.12 0.999624
1794800000 41717 -0.128129 7001.12 0.999616
1794900000 41717 -0.209726 7001.14 0.999637
1795000000 41717 -0.0895492 7001.12 0.999614
1795100000 41717 0.132609 7001.08 0.999652
1795200000 41717 0.0668239 7001.09 0.999667
1795300000 41717 -0.147697 7001.13 0.999616
1795400000 41717 -0.0777738 7001.11 0.999613
1795500000 41717 -0.0823613 7001.12 0.999613
1795600000 41717 -0.0417144 7001.11 0.999614
1795700000 41717 -0.0998126 7001.12 0.999637
1795800000 41717 1.12202 7000.91 0.999753
1795900000 41717 -0.0318959 7001.11 0.999615
1796000000 41717 -0.0305376 7001.11 0.999616
1796100000 41717 0.287744 7001.05 0.999671
1796200000 41717 -0.0987613 7001.12 0.99962
1796300000 41717 -0.0725982 7001.11 0.999613
1796400000 41717 -0.0654765 7001.11 0.999644
1796500000 41717 -0.0825592 7001.12 0.999612
1796600000 41717 -0.0177093 7001.1 0.999616
1796700000 41717 -0.127078 7001.12 0.999618
1796800000 41717 0.0721412 7001.09 0.999667
1796900000 41717 -0.176926 7001.13 0.999613
1797000000 41717 -0.0394328 7001.11 0.999616
1797100000 41717 -0.0859411 7001.12 0.999614
1797200000 41717 0.0211082 7001.1 0.999641
1797300000 41717 0.726964 7000.98 0.999718
1797400000 41717 0.247885 7001.06 0.999675
1797500000 41717 0.144097 7001.08 0.999656
1797600000 41717 1.39972 7000.87 0.999772
1797700000 41717 -0.12398 7001.12 0.999618
1797800000 41717 0.190297 7001.07 0.999664
1797900000 41717 -0.167021 7001.13 0.99962
1798000000 41717 -0.078576 7001.11 0.99962
1798100000 41717 -0.109574 7001.12 0.999613
1798200000 41717 -0.0546611 7001.11 0.999654
1798300000 41717 -0.095352 7001.12 0.999612
1798400000 41717 -0.0861491 7001.12 0.999625
1798500000 41717 -0.109026 7001.12 0.999615
1798600000 41717 0.0644546 7001.09 0.99965
1798700000 41717 -0.110526 7001.12 0.999621
1798800000 41717 0.0310437 7001.1 0.999638
1798900000 41717 0.204448 7001.07 0.999678
1799000000 41717 -0.0348948 7001.11 0.999615
1799100000 41717 -0.0452051 7001.11 0.999615
1799200000 41717 -0.147481 7001.13 0.999615
1799300000 41717 -0.0976166 7001.12 0.999614
1799400000 41717 -0.00180575 7001.1 0.999636
1799500000 41717 -0.10144 7001.12 0.999618
1799600000 41717 -0.104898 7001.12 0.999614
1799700000 41717 -0.0364893 7001.11 0.999632
1799800000 41717 2.00906 7000.76 0.999823
1799900000 41717 -0.102789 7001.12 0.999614
1800000000 41717 -0.0388107 7001.11 0.999626
1800100000 41717 2.34289 7000.71 0.999845
1800200000 41717 -0.0905291 7001.12 0.999619
1800300000 41717 -0.050886 7001.11 0.999616
1800400000 41717 -0.0334902 7001.11 0.999615
1800500000 41717 -0.017564 7001.1 0.999617
1800600000 41717 0.202507 7001.07 0.99966
1800700000 41717 3.82523 7000.46 1
1800800000 41717 -0.0567105 7001.11 0.99964
1800900000 41717 0.0691989 7001.09 0.999651
1801000000 41717 -0.0623983 7001.11 0.999614
1801100000 41717 -0.155308 7001.13 0.999624
1801200000 41717 0.559999 7001.01 0.999708
1801300000 41717 -0.0713878 7001.11 0.99965
1801400000 41717 1.12225 7000.91 0.999755
1801500000 41717 -0.104449 7001.12 0.999613
1801600000 41717 0.0872833 7001.09 0.999683
1801700000 41717 -0.0705905 7001.11 0.999613
1801800000 41717 -0.0288167 7001.11 0.999615
1801900000 41717 -0.0947611 7001.12 0.999615
1802000000 41717 1.14603 7000.91 0.999778
1802100000 41717 -0.0713848 7001.11 0.999613
1802200000 41717 2.82791 7000.63 0.99988
1802300000 41717 -0.152758 7001.13 0.999613
1802400000 41717 -0.125775 7001.12 0.999618
1802500000 41717 -0.139665 7001.13 0.999614
1802600000 41717 -0.0560876 7001.11 0.999615
1802700000 41717 -0.0723725 7001.11 0.999613
1802800000 41717 -0.0409554 7001.11 0.999615
1802900000 41717 0.0794499 7001.09 0.999647
1803000000 41717 -0.00928959 7001.1 0.999617
1803100000 41717 0.765365 7000.97 0.999771
1803200000 41717 0.210158 7001.07 0.999663
1803300000 41717 -0.189362 7001.13 0.999625
1803400000 41717 0.306855 7001.05 0.999691
1803500000 41717 1.48027 7000.85 0.999812
1803600000 41717 2.76734 7000.64 0.999876
1803700000 41717 -0.149878 7001.13 0.999619
1803800000 41717 0.316744 7001.05 0.999673
1803900000 41717 -0.14571 7001.13 0.999622
1804000000 41717 -0.0477794 7001.11 0.999615
1804100000 41717 -0.0386845 7001.11 0.999615
1804200000 41717 -0.106469 7001.12 0.999614
1804300000 41717 -0.085823 7001.12 0.999614
1804400000 41717 -0.0755119 7001.11 0.999614
1804500000 41717 -0.0978502 7001.12 0.999613
1804600000 41717 -0.106471 7001.12 0.999625
1804700000 41717 -0.0460062 7001.11 0.999615
1804800000 41717 -0.0652358 7001.11 0.999618
1804900000 41717 0.194958 7001.07 0.999681
1805000000 41717 -0.0644174 7001.11 0.999616
1805100000 41717 -0.00828091 7001.1 0.999617
1805200000 41717 -0.125877 7001.12 0.999611
1805300000 41717 -0.0582727 7001.11 0.99962
1805400000 41717 -0.0563589 7001.11 0.999615
1805500000 41717 -0.0436159 7001.11 0.999642
1805600000 41717 1.75286 7000.81 0.999832
1805700000 41717 -0.0356829 7001.11 0.999615
1805800000 41717 1.44974 7000.86 0.999775
1805900000 41717 0.287544 7001.05 0.999678
1806000000 41717 -0.086484 7001.12 0.999616
1806100000 41717 -0.175011 7001.13 0.999615
1806200000 41717 -0.0461199 7001.11 0.999615
1806300000 41717 -0.134615 7001.12 0.999616
1806400000 41717 2.08961 7000.75 0.999826
1806500000 41717 -0.0919987 7001.12 0.99962
1806600000 41717 0.150176 7001.08 0.999671
1806700000 41717 -0.068499 7001.11 0.999613
1806800000 41717 -0.031602 7001.11 0.999616
1806900000 41717 0.952847 7000.94 0.999734
1807000000 41717 0.291067 7001.05 0.999687
1807100000 41717 -0.0271941 7001.11 0.999616
1807200000 41717 -0.0936714 7001.12 0.999622
1807300000 41717 -0.17125 7001.13 0.999636
1807400000 41717 -0.0496648 7001.11 0.999614
1807500000 41717 5.39588 7000.2 1.00006
1807600000 41717 -0.109754 7001.12 0.999613
1807700000 41717 -0.141179 7001.13 0.999652
1807800000 41717 -0.0329927 7001.11 0.999615
1807900000 41717 -0.045992 7001.11 0.999616
1808000000 41717 -0.0693616 7001.11 0.999624
1808100000 41717 -0.0660827 7001.11 0.999615
1808200000 41717 -0.0475409 7001.11 0.999652
1808300000 41717 -0.0908399 7001.12 0.999626
1808400000 41717 -0.0600538 7001.11 0.999614
1808500000 41717 -0.0688623 7001.11 0.99963
1808600000 41717 -0.178421 7001.13 0.999622
1808700000 41717 -0.0985012 7001.12 0.999612
1808800000 41717 -0.0646073 7001.11 0.999616
1808900000 41717 -0.193556 7001.13 0.999613
1809000000 41717 -0.0766542 7001.11 0.999612
1809100000 41717 -0.0553172 7001.11 0.999636
1809200000 41717 -0.0365767 7001.11 0.999626
1809300000 41717 0.343 7001.04 0.999677
1809400000 41717 -0.153731 7001.13 0.999617
1809500000 41717 -0.0321317 7001.11 0.999616
1809600000 41717 -0.0249901 7001.11 0.999632
1809700000 41717 0.339558 7001.04 0.999679
1809800000 41717 -0.00958358 7001.1 0.999617
1809900000 41717 -0.0564965 7001.11 0.999629
1810000000 41717 0.218057 7001.07 0.999662
1810100000 41717 -0.0351136 7001.11 0.999616
1810200000 41717 1.59093 7000.83 0.999809
1810300000 41717 -0.0610056 7001.11 0.999614
1810400000 41717 -0.193011 7001.13 0.999614
1810500000 41717 -0.046568 7001.11 0.999615
1810600000 41717 7.5836 6999.83 1.00018
1810700000 41717 -0.0116471 7001.1 0.999617
1810800000 41717 0.377548 7001.04 0.999716
1810900000 41717 -0.0257546 7001.11 0.999633
1811000000 41717 -0.0633424 7001.11 0.999623
1811100000 41717 2.82963 7000.63 0.999927
1811200000 41717 -0.099906 7001.12 0.999629
1811300000 41717 0.53347 7001.01 0.999724
1811400000 41717 -0.0658003 7001.11 0.999614
1811500000 41717 -0.0671854 7001.11 0.999616
1811600000 41717 -0.119447 7001.12 0.999616
1811700000 41717 -0.102458 7001.12 0.999616
1811800000 41717 -0.0798169 7001.12 0.99962
1811900000 41717 -0.0657854 7001.11 0.999618
1812000000 41717 -0.232792 7001.14 0.99963
1812100000 41717 -0.21306 7001.14 0.999624
1812200000 41717 -0.0825231 7001.12 0.999613
1812300000 41717 -0.171188 7001.13 0.99961
1812400000 41717 -0.0875171 7001.12 0.999615
1812500000 41717 1.50279 7000.85 0.999794
1812600000 41717 -0.00675392 7001.1 0.999617
1812700000 41717 2.13497 7000.74 0.999866
1812800000 41717 -0.137783 7001.12 0.999613
1812900000 41717 -0.142165 7001.13 0.99962
1813000000 41717 -0.0110575 7001.1 0.999617
1813100000 41717 -0.0351374 7001.11 0.999615
1813200000 41717 0.548968 7001.01 0.999715
1813300000 41717 -0.118988 7001.12 0.999612
1813400000 41717 -0.0623481 7001.11 0.999614
1813500000 41717 -0.0429792 7001.11 0.999615
1813600000 41717 -0.0510523 7001.11 0.999623
1813700000 41717 1.46146 7000.86 0.999796
1813800000 41717 -0.0403375 7001.11 0.999615
1813900000 41717 -0.1727 7001.13 0.999615
1814000000 41717 -0.0118634 7001.1 0.999617
1814100000 41717 -0.124723 7001.12 0.999618
1814200000 41717 -0.0427477 7001.11 0.999614
1814300000 41717 -0.0806675 7001.12 0.999613
1814400000 41717 -0.0791999 7001.11 0.999614
1814500000 41717 0.168912 7001.07 0.999678
1814600000 41717 -0.0294973 7001.11 0.999615
1814700000 41717 -0.0423988 7001.11 0.999615
1814800000 41717 -0.00166583 7001.1 0.999637
1814900000 41717 -0.153958 7001.13 0.99962
1815000000 41717 -0.0368181 7001.11 0.999627
1815100000 41717 -0.0542527 7001.11 0.999614
1815200000 41717 0.539878 7001.01 0.999703
1815300000 41717 -0.0334459 7001.11 0.999645
1815400000 41717 -0.00869337 7001.1 0.999617
1815500000 41717 -0.0426492 7001.11 0.999615
1815600000 41717 -0.0719827 7001.11 0.999614
1815700000 41717 -0.0127507 7001.1 0.999617
1815800000 41717 0.233857 7001.06 0.999681
1815900000 41717 -0.0760254 7001.11 0.999615
1816000000 41717 -0.0580637 7001.11 0.999615
1816100000 41717 2.79879 7000.63 0.999892
1816200000 41717 0.352596 7001.04 0.99969
1816300000 41717 -0.103044 7001.12 0.999614
1816400000 41717 -0.15423 7001.13 0.999609
1816500000 41717 -0.0824536 7001.12 0.999616
1816600000 41717 -0.104005 7001.12 0.999616
1816700000 41717 0.0540729 7001.09 0.999643
1816800000 41717 -0.187199 7001.13 0.99962
1816900000 41717 0.139126 7001.08 0.99967
1817000000 41717 -0.133595 7001.12 0.999613
1817100000 41717 0.094766 7001.09 0.999648
1817200000 41717 -0.0800211 7001.12 0.999613
1817300000 41717 4.02907 7000.43 0.999962
1817400000 41717 -0.0321368 7001.11 0.999615
1817500000 41717 0.268584 7001.06 0.999676
1817600000 41717 -0.0881831 7001.12 0.999618
1817700000 41717 -0.114673 7001.12 0.999612
1817800000 41717 -0.117964 7001.12 0.999617
1817900000 41717 -0.0345874 7001.11 0.999615
1818000000 41717 0.342813 7001.04 0.99969
1818100000 41717 -0.118515 7001.12 0.99963
1818200000 41717 3.58393 7000.5 0.999933
1818300000 41717 -0.188884 7001.13 0.999618
1818400000 41717 -0.152285 7001.13 0.999614
1818500000 41717 2.73203 7000.64 0.999873
1818600000 41717 -0.121478 7001.12 0.999617
1818700000 41717 -0.0860238 7001.12 0.999614
1818800000 41717 2.07874 7000.75 0.999851
1818900000 41717 0.319204 7001.05 0.999684
1819000000 41717 -0.127299 7001.12 0.999612
1819100000 41717 -0.0643279 7001.11 0.999631
1819200000 41717 -0.127108 7001.12 0.999612
1819300000 41717 -0.125417 7001.12 0.999621
1819400000 41717 -0.100073 7001.12 0.999628
1819500000 41717 -0.0975552 7001.12 0.999613
1819600000 41717 0.24252 7001.06 0.999673
1819700000 41717 -0.0969027 7001.12 0.999613
1819800000 41717 0.697579 7000.98 0.999722
1819900000 41717 -0.00915166 7001.1 0.999617
1820000000 41717 0.103252 7001.08 0.999659
1820100000 41717 0.0302905 7001.1 0.99964
1820200000 41717 -0.0679778 7001.11 0.999625
1820300000 41717 -0.0904532 7001.12 0.999616
1820400000 41717 -0.0188508 7001.1 0.999616
1820500000 41717 -0.041167 7001.11 0.999615
1820600000 41717 -0.0644767 7001.11 0.999613
1820700000 41717 -0.0722963 7001.11 0.999618
1820800000 41717 -0.061535 7001.11 0.999614
1820900000 41717 -0.0476945 7001.11 0.999614
1821000000 41717 0.421816 7001.03 0.999699
1821100000 41717 0.50141 7001.02 0.999728
1821200000 41717 -0.186349 7001.13 0.999616
1821300000 41717 -0.0900723 7001.12 0.999623
1821400000 41717 -0.0639514 7001.11 0.999617
1821500000 41717 1.31488 7000.88 0.999767
1821600000 41717 0.40694 7001.03 0.999726
1821700000 41717 -0.118121 7001.12 0.999613
1821800000 41717 -0.033633 7001.11 0.999615
1821900000 41717 -0.0580312 7001.11 0.999617
1822000000 41717 -0.00616089 7001.1 0.999642
1822100000 41717 -0.0803763 7001.12 0.999615
1822200000 41717 -0.11118 7001.12 0.999621
1822300000 41717 -0.103203 7001.12 0.999622
1822400000 41717 0.872987 7000.96 0.999726
1822500000 41717 -0.0945999 7001.12 0.999614
1822600000 41717 -0.0374825 7001.11 0.999615
1822700000 41717 -0.020613 7001.11 0.999616
1822800000 41717 -0.0339013 7001.11 0.999615
1822900000 41717 -0.141537 7001.13 0.999613
1823000000 41717 -0.086361 7001.12 0.999614
1823100000 41717 -0.114204 7001.12 0.999621
1823200000 41717 -0.120067 7001.12 0.999613
1823300000 41717 -0.106437 7001.12 0.999625
1823400000 41717 0.175697 7001.07 0.999668
1823500000 41717 -0.0509696 7001.11 0.999614
1823600000 41717 -0.0958156 7001.12 0.999613
1823700000 41717 -0.0566414 7001.11 0.999614
1823800000 41717 -0.0801111 7001.12 0.999615
1823900000 41717 -0.142148 7001.13 0.999621
1824000000 41717 -0.153805 7001.13 0.999615
1824100000 41717 -0.110142 7001.12 0.999614
1824200000 41717 -0.0739861 7001.11 0.999617
1824300000 41717 0.702856 7000.98 0.999711
1824400000 41717 -0.181667 7001.13 0.999633
1824500000 41717 -0.00190448 7001.1 0.999617
1824600000 41717 -0.112472 7001.12 0.999617
1824700000 41717 -0.0403946 7001.11 0.999614
1824800000 41717 0.26484 7001.06 0.999687
1824900000 41717 -0.0639535 7001.11 0.999615
1825000000 41717 0.669073 7000.99 0.999722
1825100000 41717 -0.281294 7001.15 0.999626
1825200000 41717 -0.00352373 7001.1 0.999617
1825300000 41717 -0.0462972 7001.11 0.999615
1825400000 41717 -0.0685151 7001.11 0.999617
1825500000 41717 0.214613 7001.07 0.999668
1825600000 41717 -0.081257 7001.12 0.999614
1825700000 41717 -0.0589538 7001.11 0.999621
1825800000 41717 -0.100062 7001.12 0.999639
1825900000 41717 0.765542 7000.97 0.999735
1826000000 41717 -0.0580221 7001.11 0.99963
1826100000 41717 0.575662 7001 0.999725
1826200000 41717 0.247778 7001.06 0.999676
1826300000 41717 4.54879 7000.34 1.00006
1826400000 41717 -0.0589162 7001.11 0.999615
1826500000 41717 -0.113172 7001.12 0.999651
1826600000 41717 -0.110355 7001.12 0.999614
1826700000 41717 0.29427 7001.05 0.99967
1826800000 41717 -0.0693104 7001.11 0.999613
1826900000 41717 0.915627 7000.95 0.999739
1827000000 41717 0.278166 7001.05 0.999682
1827100000 41717 -0.137616 7001.12 0.999613
1827200000 41717 -0.042255 7001.11 0.999627
1827300000 41717 -0.13937 7001.13 0.999617
1827400000 41717 -0.220511 7001.14 0.999612
1827500000 41717 2.45862 7000.69 0.999892
1827600000 41717 -0.0357432 7001.11 0.999615
1827700000 41717 0.922767 7000.95 0.999755
1827800000 41717 -0.0593478 7001.11 0.999633
1827900000 41717 -0.120693 7001.12 0.999639
1828000000 41717 -0.163602 7001.13 0.99964
1828100000 41717 0.220061 7001.06 0.999676
1828200000 41717 -0.126116 7001.12 0.999624
1828300000 41717 2.03283 7000.76 0.999881
1828400000 41717 0.803463 7000.97 0.999724
1828500000 41717 0.0633136 7001.09 0.99965
1828600000 41717 -0.20429 7001.14 0.999611
1828700000 41717 -0.0466597 7001.11 0.999614
1828800000 41717 0.632262 7001 0.99972
1828900000 41717 -0.0271251 7001.11 0.999615
1829000000 41717 -0.0391406 7001.11 0.999653
1829100000 41717 -0.0970684 7001.12 0.999614
1829200000 41717 0.0299128 7001.1 0.999652
1829300000 41717 -0.00299481 7001.1 0.99964
1829400000 41717 -0.147241 7001.13 0.99961
1829500000 41717 -0.103012 7001.12 0.999611
1829600000 41717 -0.0426333 7001.11 0.999615
1829700000 41717 -0.126049 7001.12 0.999611
1829800000 41717 -0.0405874 7001.11 0.999615
1829900000 41717 -0.0630891 7001.11 0.999619
1830000000 41717 -0.0651941 7001.11 0.999617
1830100000 41717 -0.119219 7001.12 0.999613
1830200000 41717 -0.0867545 7001.12 0.99962
1830300000 41717 -0.118164 7001.12 0.999613
1830400000 41717 -0.157515 7001.13 0.999621
1830500000 41717 1.54429 7000.84 0.999812
1830600000 41717 0.690243 7000.99 0.999709
1830700000 41717 -0.010958 7001.1 0.999617
1830800000 41717 -0.118884 7001.12 0.999615
1830900000 41717 1.27862 7000.89 0.999761
1831000000 41717 -0.137816 7001.12 0.999612
1831100000 41717 0.615658 7001 0.999705
1831200000 41717 -0.0290736 7001.11 0.999615
1831300000 41717 -0.0782611 7001.11 0.999614
1831400000 41717 -0.0296557 7001.11 0.999615
1831500000 41717 -0.0290164 7001.11 0.999616
1831600000 41717 -0.204005 7001.14 0.999607
1831700000 41717 -0.125648 7001.12 0.99962
1831800000 41717 -0.0669074 7001.11 0.99962
1831900000 41717 -0.0743031 7001.11 0.999613
1832000000 41717 -0.0477351 7001.11 0.999639
1832100000 41717 -0.0896152 7001.12 0.999628
1832200000 41717 0.362773 7001.04 0.999685
1832300000 41717 -0.0867834 7001.12 0.999613
1832400000 41717 -0.104071 7001.12 0.999616
1832500000 41717 -0.0687925 7001.11 0.999613
1832600000 41717 0.166569 7001.07 0.999662
1832700000 41717 0.819586 7000.96 0.999759
1832800000 41717 0.411387 7001.03 0.999712
1832900000 41717 -0.0854269 7001.12 0.999613
1833000000 41717 0.108916 7001.08 0.99965
1833100000 41717 -0.137569 7001.12 0.999616
1833200000 41717 1.69232 7000.82 0.999798
1833300000 41717 -0.12073 7001.12 0.999618
1833400000 41717 -0.0406361 7001.11 0.999642
1833500000 41717 0.491027 7001.02 0.999728
1833600000 41717 0.00345891 7001.1 0.999655
1833700000 41717 -0.0888008 7001.12 0.999617
1833800000 41717 -0.0553261 7001.11 0.999615
1833900000 41717 -0.11018 7001.12 0.999618
1834000000 41717 -0.140237 7001.13 0.999611
1834100000 41717 -0.202959 7001.14 0.99961
1834200000 41717 -0.0403312 7001.11 0.999632
1834300000 41717 -0.0156661 7001.1 0.999638
1834400000 41717 -0.127136 7001.12 0.999612
1834500000 41717 -0.0553914 7001.11 0.999614
1834600000 41717 -0.0140819 7001.1 0.999616
1834700000 41717 3.66654 7000.49 1
1834800000 41717 0.0132209 7001.1 0.999665
1834900000 41717 -0.175667 7001.13 0.999611
1835000000 41717 -0.0363167 7001.11 0.999639
1835100000 41717 -0.10609 7001.12 0.999611
1835200000 41717 0.0854392 7001.09 0.999662
1835300000 41717 -0.0386029 7001.11 0.999615
1835400000 41717 -0.164231 7001.13 0.999632
1835500000 41717 -0.172468 7001.13 0.99963
1835600000 41717 -0.188881 7001.13 0.999619
1835700000 41717 -0.0593797 7001.11 0.999615
1835800000 41717 0.150934 7001.08 0.999679
1835900000 41717 -0.0565093 7001.11 0.999629
1836000000 41717 -0.191402 7001.13 0.999617
1836100000 41717 -0.0677617 7001.11 0.999618
1836200000 41717 -0.0299926 7001.11 0.999616
1836300000 41717 -0.0162338 7001.1 0.999616
1836400000 41717 -0.0160861 7001.1 0.999616
1836500000 41717 -0.0591875 7001.11 0.999628
1836600000 41717 -0.120898 7001.12 0.999612
1836700000 41717 -0.125007 7001.12 0.999631
1836800000 41717 -0.0489914 7001.11 0.999615
1836900000 41717 -0.100372 7001.12 0.999617
1837000000 41717 -0.00385966 7001.1 0.999617
1837100000 41717 -0.0411322 7001.11 0.999615
1837200000 41717 0.144484 7001.08 0.999664
1837300000 41717 -0.065286 7001.11 0.999613
1837400000 41717 -0.0256862 7001.11 0.999616
1837500000 41717 0.556017 7001.01 0.999713
1837600000 41717 0.204252 7001.07 0.999662
1837700000 41717 -0.0406742 7001.11 0.999626
1837800000 41717 -0.160704 7001.13 0.999616
1837900000 41717 -0.0705449 7001.11 0.999614
1838000000 41717 -0.174468 7001.13 0.999628
1838100000 41717 0.140048 7001.08 0.99966
1838200000 41717 0.717274 7000.98 0.999744
1838300000 41717 0.0655669 7001.09 0.999646
1838400000 41717 -0.0524815 7001.11 0.999614
1838500000 41717 0.169034 7001.07 0.999658
1838600000 41717 -0.027319 7001.11 0.999616
1838700000 41717 0.58929 7001 0.999704
1838800000 41717 0.11036 7001.08 0.99965
1838900000 41717 1.75147 7000.81 0.999809
1839000000 41717 0.126402 7001.08 0.999652
1839100000 41717 -0.0223655 7001.11 0.999616
1839200000 41717 4.71006 7000.31 1.00004
1839300000 41717 -0.0663893 7001.11 0.999614
1839400000 41717 -0.0348834 7001.11 0.999654
1839500000 41717 -0.119185 7001.12 0.999629
1839600000 41717 -0.149991 7001.13 0.999618
1839700000 41717 -0.00435859 7001.1 0.999617
1839800000 41717 -0.175392 7001.13 0.999615
1839900000 41717 -0.0724839 7001.11 0.999616
1840000000 41717 -0.243686 7001.14 0.999613
1840100000 41717 -0.110052 7001.12 0.999635
1840200000 41717 -0.131743 7001.12 0.999613
1840300000 41717 -0.0504083 7001.11 0.999614
1840400000 41717 0.109876 7001.08 0.999666
1840500000 41717 0.167771 7001.07 0.999662
1840600000 41717 -0.0400471 7001.11 0.999615
1840700000 41717 0.325991 7001.05 0.999674
1840800000 41717 1.76462 7000.81 0.9998
1840900000 41717 -0.0569536 7001.11 0.999628
1841000000 41717 -0.0194232 7001.1 0.999616
1841100000 41717 -0.0727466 7001.11 0.999632
1841200000 41717 -0.0580512 7001.11 0.999624
1841300000 41717 -0.102352 7001.12 0.999613
1841400000 41717 -0.0754296 7001.11 0.999615
1841500000 41717 1.59537 7000.83 0.999805
1841600000 41717 -0.0501795 7001.11 0.999615
1841700000 41717 -0.0330235 7001.11 0.999615
1841800000 41717 -0.109141 7001.12 0.999618
1841900000 41717 -0.121062 7001.12 0.999617
1842000000 41717 -0.0717568 7001.11 0.999618
1842100000 41717 -0.0793218 7001.11 0.999625
1842200000 41717 0.393771 7001.04 0.99969
1842300000 41717 -0.0182349 7001.1 0.999616
1842400000 41717 -0.0575251 7001.11 0.99969
1842500000 41717 1.95524 7000.77 0.999857
1842600000 41717 -0.047143 7001.11 0.999614
1842700000 41717 -0.0365199 7001.11 0.999615
1842800000 41717 -0.106133 7001.12 0.999613
1842900000 41717 -0.0617313 7001.11 0.999614
1843000000 41717 0.0397516 7001.09 0.999658
1843100000 41717 -0.101596 7001.12 0.999631
1843200000 41717 -0.0682877 7001.11 0.99963
1843300000 41717 -0.0972951 7001.12 0.999616
1843400000 41717 1.69867 7000.82 0.999798
1843500000 41717 -0.0629032 7001.11 0.999619
1843600000 41717 -0.0730509 7001.11 0.999614
1843700000 41717 -0.0162961 7001.1 0.999616
1843800000 41717 -0.0691361 7001.11 0.999614
1843900000 41717 -0.121823 7001.12 0.999617
1844000000 41717 -0.129494 7001.12 0.999612
1844100000 41717 -0.0110764 7001.1 0.999651
1844200000 41717 -0.092378 7001.12 0.999613
1844300000 41717 -0.0665579 7001.11 0.999617
1844400000 41717 -0.171162 7001.13 0.999612
1844500000 41717 -0.04782 7001.11 0.999616
1844600000 41717 -0.116062 7001.12 0.999615
1844700000 41717 0.0763828 7001.09 0.999647
1844800000 41717 1.15183 7000.91 0.999751
1844900000 41717 1.79898 7000.8 0.999857
1845000000 41717 -0.0253389 7001.11 0.999616
1845100000 41717 -0.207156 7001.14 0.999617
1845200000 41717 -0.080155 7001.12 0.999615
1845300000 41717 -0.0734308 7001.11 0.999614
1845400000 41717 0.0277705 7001.1 0.999644
1845500000 41717 0.632918 7001 0.99974
1845600000 41717 -0.0238029 7001.11 0.999616
1845700000 41717 -0.0139817 7001.1 0.999616
1845800000 41717 -0.0981298 7001.12 0.999613
1845900000 41717 0.245436 7001.06 0.999667
1846000000 41717 -0.189058 7001.13 0.999617
1846100000 41717 -0.0141488 7001.1 0.999617
1846200000 41717 -0.162715 7001.13 0.999615
1846300000 41717 -0.107241 7001.12 0.999628
1846400000 41717 -0.101637 7001.12 0.999623
1846500000 41717 -0.0734004 7001.11 0.999613
1846600000 41717 0.294612 7001.05 0.999706
1846700000 41717 -0.187102 7001.13 0.999621
1846800000 41717 -0.0786451 7001.11 0.999612
1846900000 41717 -0.135803 7001.12 0.999619
1847000000 41717 -0.00923912 7001.1 0.999617
1847100000 41717 0.136391 7001.08 0.999657
1847200000 41717 1.27421 7000.89 0.999777
1847300000 41717 -0.0682917 7001.11 0.999632
1847400000 41717 -0.00888391 7001.1 0.999617
1847500000 41717 -0.0995722 7001.12 0.999612
1847600000 41717 -0.0850221 7001.12 0.999612
1847700000 41717 -0.0451661 7001.11 0.999625
1847800000 41717 1.52743 7000.85 0.999782
1847900000 41717 -0.0738047 7001.11 0.999613
1848000000 41717 -0.0321311 7001.11 0.999615
1848100000 41717 -0.0337921 7001.11 0.999616
1848200000 41717 -0.053666 7001.11 0.999652
1848300000 41717 -0.101481 7001.12 0.999613
1848400000 41717 -0.0871027 7001.12 0.99962
1848500000 41717 -0.014016 7001.1 0.999617
1848600000 41717 -0.061478 7001.11 0.99964
1848700000 41717 -0.0193649 7001.1 0.999616
1848800000 41717 -0.130803 7001.12 0.999617
1848900000 41717 -0.0311261 7001.11 0.99963
1849000000 41717 -0.209282 7001.14 0.999613
1849100000 41717 -0.122899 7001.12 0.999613
1849200000 41717 -0.069129 7001.11 0.999614
1849300000 41717 -0.0503076 7001.11 0.999614
1849400000 41717 -0.00346025 7001.1 0.999617
1849500000 41717 -0.00540096 7001.1 0.999617
1849600000 41717 -0.121935 7001.12 0.999612
1849700000 41717 -0.110399 7001.12 0.999623
1849800000 41717 4.81179 7000.29 1.00005
1849900000 41717 -0.096687 7001.12 0.999614
1850000000 41717 -0.0391826 7001.11 0.999616
1850100000 41717 -0.0660986 7001.11 0.999635
1850200000 41717 -0.0588793 7001.11 0.999616
1850300000 41717 1.64233 7000.83 0.99988
1850400000 41717 0.730453 7000.98 0.999733
1850500000 41717 -0.0118558 7001.1 0.999617
1850600000 41717 -0.0543599 7001.11 0.999615
1850700000 41717 -0.104471 7001.12 0.999617
1850800000 41717 -0.0201148 7001.11 0.999641
1850900000 41717 0.246016 7001.06 0.999666
1851000000 41717 0.784216 7000.97 0.999718
1851100000 41717 0.00248378 7001.1 0.99964
1851200000 41717 -0.0340783 7001.11 0.999633
1851300000 41717 -0.0669112 7001.11 0.999623
1851400000 41717 0.643978 7000.99 0.999734
1851500000 41717 0.0563936 7001.09 0.999654
1851600000 41717 -0.0650456 7001.11 0.999618
1851700000 41717 -0.0847604 7001.12 0.999624
1851800000 41717 -0.0950419 7001.12 0.999615
1851900000 41717 -0.0873435 7001.12 0.99962
1852000000 41717 -0.208394 7001.14 0.999616
1852100000 41717 -0.106527 7001.12 0.999617
1852200000 41717 -0.103431 7001.12 0.999622
1852300000 41717 -0.0328212 7001.11 0.999615
1852400000 41717 1.86713 7000.79 0.999809
1852500000 41717 -0.0557812 7001.11 0.999639
1852600000 41717 -0.0399362 7001.11 0.999615
1852700000 41717 0.0595452 7001.09 0.999643
1852800000 41717 1.93795 7000.78 0.999814
1852900000 41717 -0.0171783 7001.1 0.999616
1853000000 41717 -0.147683 7001.13 0.999614
1853100000 41717 -0.054707 7001.11 0.999626
1853200000 41717 -0.0829408 7001.12 0.999615
1853300000 41717 -0.0633946 7001.11 0.999615
1853400000 41717 -0.0525439 7001.11 0.999616
1853500000 41717 -0.110944 7001.12 0.999613
1853600000 41717 -0.189237 7001.13 0.999613
1853700000 41717 0.0636919 7001.09 0.999667
1853800000 41717 0.15697 7001.08 0.999654
1853900000 41717 -0.0649237 7001.11 0.999621
1854000000 41717 -0.0763581 7001.11 0.999614
1854100000 41717 0.519036 7001.01 0.999695
1854200000 41717 0.457872 7001.02 0.999687
1854300000 41717 -0.103553 7001.12 0.999618
1854400000 41717 -0.0195415 7001.1 0.999616
1854500000 41717 1.12155 7000.91 0.999769
1854600000 41717 -0.069695 7001.11 0.999619
1854700000 41717 0.376278 7001.04 0.999721
1854800000 41717 -0.0702729 7001.11 0.999613
1854900000 41717 -0.00963554 7001.1 0.999617
1855000000 41717 -0.0396444 7001.11 0.999615
1855100000 41717 -0.000851759 7001.1 0.999633
1855200000 41717 -0.0761061 7001.11 0.999613
1855300000 41717 -0.186944 7001.13 0.999609
1855400000 41717 -0.00561849 7001.1 0.999617
1855500000 41717 -0.0874653 7001.12 0.999616
1855600000 41717 -0.0324204 7001.11 0.999616
1855700000 41717 -0.055243 7001.11 0.999615
1855800000 41717 -0.121922 7001.12 0.999617
1855900000 41717 0.0443779 7001.09 0.999664
1856000000 41717 -0.175561 7001.13 0.999622
1856100000 41717 -0.00705759 7001.1 0.999617
1856200000 41717 -0.0864472 7001.12 0.999617
1856300000 41717 -0.113973 7001.12 0.999635
1856400000 41717 -0.01954 7001.1 0.999616
1856500000 41717 -0.0463108 7001.11 0.999615
1856600000 41717 -0.0577047 7001.11 0.999615
1856700000 41717 0.275694 7001.06 0.999668
1856800000 41717 -0.102626 7001.12 0.999638
1856900000 41717 -0.0441969 7001.11 0.999615
1857000000 41717 0.246228 7001.06 0.999665
1857100000 41717 -0.18091 7001.13 0.999616
1857200000 41717 -0.00701505 7001.1 0.999617
1857300000 41717 -0.0299204 7001.11 0.999615
1857400000 41717 -0.0491528 7001.11 0.999615
1857500000 41717 4.32764 7000.38 0.999988
1857600000 41717 0.0039904 7001.1 0.999634
1857700000 41717 0.105168 7001.08 0.999653
1857800000 41717 -0.00922069 7001.1 0.999617
1857900000 41717 -0.0156657 7001.1 0.999616
1858000000 41717 0.168247 7001.07 0.999673
1858100000 41717 -0.0412787 7001.11 0.999615
1858200000 41717 -0.0850915 7001.12 0.999612
1858300000 41717 -0.134848 7001.12 0.999618
1858400000 41717 -0.109695 7001.12 0.999613
1858500000 41717 -0.0883539 7001.12 0.999611
1858600000 41717 -0.0842983 7001.12 0.999613
1858700000 41717 -0.100469 7001.12 0.999612
1858800000 41717 -0.0740107 7001.11 0.999613
1858900000 41717 0.0966726 7001.09 0.999649
1859000000 41717 -0.110831 7001.12 0.99962
1859100000 41717 -0.0464774 7001.11 0.999614
1859200000 41717 1.6431 7000.83 0.999792
1859300000 41717 -0.0390627 7001.11 0.999615
1859400000 41717 0.332903 7001.05 0.999702
1859500000 41717 -0.0849477 7001.12 0.999613
1859600000 41717 -0.0904564 7001.12 0.999612
1859700000 41717 0.263825 7001.06 0.999682
1859800000 41717 -0.096144 7001.12 0.999612
1859900000 41717 -0.024153 7001.11 0.999639
1860000000 41717 -0.0805244 7001.12 0.999619
1860100000 41717 -0.100228 7001.12 0.999612
1860200000 41717 -0.0816301 7001.12 0.999615
1860300000 41717 -0.116358 7001.12 0.999623
1860400000 41717 -0.0761796 7001.11 0.999619
1860500000 41717 -0.15121 7001.13 0.999611
1860600000 41717 -0.111429 7001.12 0.999622
1860700000 41717 -0.0606462 7001.11 0.999617
1860800000 41717 -0.0595093 7001.11 0.999615
1860900000 41717 -0.0177368 7001.1 0.999616
1861000000 41717 -0.109309 7001.12 0.999612
1861100000 41717 -0.141472 7001.13 0.999618
1861200000 41717 -0.133734 7001.12 0.999617
1861300000 41717 0.180038 7001.07 0.999661
1861400000 41717 -0.013129 7001.1 0.999617
1861500000 41717 -0.0630412 7001.11 0.999614
1861600000 41717 -0.177666 7001.13 0.999613
1861700000 41717 0.0508116 7001.09 0.999647
1861800000 41717 -0.207867 7001.14 0.999609
1861900000 41717 -0.0164379 7001.1 0.999616
1862000000 41717 -0.111789 7001.12 0.99962
1862100000 41717 -0.0574456 7001.11 0.99962
1862200000 41717 -0.140972 7001.13 0.999619
1862300000 41717 0.095171 7001.09 0.999666
1862400000 41717 -0.12739 7001.12 0.999621
1862500000 41717 -0.0964193 7001.12 0.999614
1862600000 41717 -0.050887 7001.11 0.999626
1862700000 41717 -0.0371341 7001.11 0.999615
1862800000 41717 0.0176687 7001.1 0.999648
1862900000 41717 -0.00725908 7001.1 0.999638
1863000000 41717 -0.0402403 7001.11 0.999615
1863100000 41717 0.402039 7001.03 0.999683
1863200000 41717 -0.00251015 7001.1 0.999617
1863300000 41717 0.683495 7000.99 0.999718
1863400000 41717 0.0245362 7001.1 0.999637
1863500000 41717 -0.0461815 7001.11 0.999615
1863600000 41717 0.00302064 7001.1 0.999663
1863700000 41717 0.182373 7001.07 0.999673
1863800000 41717 -0.190211 7001.13 0.999615
1863900000 41717 -0.0716376 7001.11 0.999616
1864000000 41717 -0.0477831 7001.11 0.999626
1864100000 41717 -0.0832665 7001.12 0.999621
1864200000 41717 -0.0179967 7001.1 0.999616
1864300000 41717 -0.113792 7001.12 0.999613
1864400000 41717 -0.0932901 7001.12 0.999614
1864500000 41717 -0.0666267 7001.11 0.999613
1864600000 41717 -0.0924573 7001.12 0.999614
1864700000 41717 -0.0783178 7001.11 0.999615
1864800000 41717 -0.103854 7001.12 0.999611
1864900000 41717 -0.0603808 7001.11 0.999615
1865000000 41717 3.20018 7000.56 0.999908
1865100000 41717 -0.0507675 7001.11 0.99964
1865200000 41717 -0.0309412 7001.11 0.999615
1865300000 41717 -0.102242 7001.12 0.999613
1865400000 41717 -0.121837 7001.12 0.999612
1865500000 41717 1.26687 7000.89 0.999779
1865600000 41717 1.52242 7000.85 0.999801
1865700000 41717 -0.163236 7001.13 0.999617
1865800000 41717 -0.0112227 7001.1 0.999617
1865900000 41717 -0.0235362 7001.11 0.999616
1866000000 41717 1.66361 7000.82 0.999804
1866100000 41717 -0.0321261 7001.11 0.999615
1866200000 41717 -0.0149204 7001.1 0.999616
1866300000 41717 -0.0355654 7001.11 0.999615
1866400000 41717 -0.176324 7001.13 0.999613
1866500000 41717 -0.154395 7001.13 0.999647
1866600000 41717 -0.0126039 7001.1 0.999617
1866700000 41717 -0.0463122 7001.11 0.999615
1866800000 41717 0.733958 7000.98 0.999715
1866900000 41717 -0.114209 7001.12 0.999611
1867000000 41717 -0.179056 7001.13 0.999615
1867100000 41717 -0.0658175 7001.11 0.999614
1867200000 41717 -0.13324 7001.12 0.999626
1867300000 41717 -0.107715 7001.12 0.999616
1867400000 41717 0.239949 7001.06 0.999665
1867500000 41717 -0.0173599 7001.1 0.999616
1867600000 41717 1.87386 7000.79 0.99981
1867700000 41717 0.175786 7001.07 0.999658
1867800000 41717 0.781155 7000.97 0.99972
1867900000 41717 -0.0519792 7001.11 0.999616
1868000000 41717 -0.161899 7001.13 0.999622
1868100000 41717 0.0150763 7001.1 0.999652
1868200000 41717 -0.0864782 7001.12 0.999621
1868300000 41717 -0.00347666 7001.1 0.999617
1868400000 41717 -0.0761712 7001.11 0.999613
1868500000 41717 -0.0143414 7001.1 0.999617
1868600000 41717 -0.0333947 7001.11 0.999615
1868700000 41717 -0.0826696 7001.12 0.999613
1868800000 41717 0.938324 7000.94 0.999741
1868900000 41717 0.191708 7001.07 0.999668
1869000000 41717 -0.0155795 7001.1 0.999616
1869100000 41717 0.54403 7001.01 0.999696
1869200000 41717 -0.165075 7001.13 0.999611
1869300000 41717 -0.2276 7001.14 0.99961
1869400000 41717 0.244119 7001.06 0.999666
1869500000 41717 -0.0392216 7001.11 0.999615
1869600000 41717 -0.0867725 7001.12 0.999621
1869700000 41717 2.2555 7000.72 0.999862
1869800000 41717 0.0150193 7001.1 0.999653
1869900000 41717 1.29865 7000.88 0.999763
1870000000 41717 -0.0845729 7001.12 0.999615
1870100000 41717 0.0550147 7001.09 0.999648
1870200000 41717 -0.109066 7001.12 0.999626
1870300000 41717 -0.0969507 7001.12 0.999617
1870400000 41717 -0.103804 7001.12 0.999613
1870500000 41717 0.0699153 7001.09 0.999652
1870600000 41717 0.129171 7001.08 0.999652
1870700000 41717 -0.0301457 7001.11 0.999616
1870800000 41717 0.188581 7001.07 0.999659
1870900000 41717 -0.103637 7001.12 0.99962
1871000000 41717 0.102705 7001.08 0.999654
1871100000 41717 -0.0680716 7001.11 0.999614
1871200000 41717 -0.145818 7001.13 0.999617
1871300000 41717 -0.0263522 7001.11 0.999616
1871400000 41717 0.491162 7001.02 0.999691
1871500000 41717 -0.03667 7001.11 0.999616
1871600000 41717 -0.051509 7001.11 0.999615
1871700000 41717 -0.115677 7001.12 0.999614
1871800000 41717 -0.0763375 7001.11 0.999615
1871900000 41717 -0.178076 7001.13 0.999618
1872000000 41717 -0.0271475 7001.11 0.999615
1872100000 41717 -0.0865615 7001.12 0.999624
1872200000 41717 -0.0121135 7001.1 0.999617
1872300000 41717 0.215573 7001.07 0.999672
1872400000 41717 1.22177 7000.9 0.999757
1872500000 41717 -0.096505 7001.12 0.999625
1872600000 41717 -0.1404 7001.13 0.999615
1872700000 41717 -0.0742038 7001.11 0.999619
1872800000 41717 -0.114476 7001.12 0.999615
1872900000 41717 -0.165759 7001.13 0.999616
1873000000 41717 0.758827 7000.97 0.999734
1873100000 41717 -0.0223601 7001.11 0.999616
1873200000 41717 1.03713 7000.93 0.999746
1873300000 41717 0.0189555 7001.1 0.999643
1873400000 41717 2.72497 7000.64 0.99991
1873500000 41717 0.115286 7001.08 0.999651
1873600000 41717 -0.0304285 7001.11 0.999615
1873700000 41717 -0.0259151 7001.11 0.999616
1873800000 41717 1.27143 7000.89 0.999764
1873900000 41717 -0.0185585 7001.1 0.999616
1874000000 41717 0.0933495 7001.09 0.999648
1874100000 41717 0.511031 7001.02 0.999692
1874200000 41717 -0.0722492 7001.11 0.999613
1874300000 41717 0.125479 7001.08 0.999657
1874400000 41717 -0.0113277 7001.1 0.999617
1874500000 41717 0.804445 7000.97 0.999722
1874600000 41717 0.924317 7000.95 0.999735
1874700000 41717 0.839744 7000.96 0.999723
1874800000 41717 0.332948 7001.05 0.999675
1874900000 41717 0.101088 7001.08 0.999653
1875000000 41717 -0.0121161 7001.1 0.999617
1875100000 41717 0.841764 7000.96 0.999743
1875200000 41717 -0.132746 7001.12 0.999614
1875300000 41717 -0.115245 7001.12 0.999617
1875400000 41717 -0.0106812 7001.1 0.99966
1875500000 41717 -0.10412 7001.12 0.999617
1875600000 41717 -0.0611695 7001.11 0.999617
1875700000 41717 -0.0252371 7001.11 0.999616
1875800000 41717 -0.159747 7001.13 0.999617
1875900000 41717 -0.0394325 7001.11 0.999615
1876000000 41717 0.502271 7001.02 0.999698
1876100000 41717 -0.11809 7001.12 0.999619
1876200000 41717 -0.0204955 7001.11 0.999616
1876300000 41717 -0.0966873 7001.12 0.999614
1876400000 41717 0.325419 7001.05 0.999675
1876500000 41717 1.21663 7000.9 0.999757
1876600000 41717 -0.107128 7001.12 0.999623
1876700000 41717 2.89905 7000.62 0.999906
1876800000 41717 0.621854 7001 0.999706
1876900000 41717 0.18974 7001.07 0.999668
1877000000 41717 -0.128269 7001.12 0.999612
1877100000 41717 -0.0651701 7001.11 0.999613
1877200000 41717 -0.0914015 7001.12 0.999628
1877300000 41717 -0.165022 7001.13 0.999616
1877400000 41717 0.135428 7001.08 0.999665
1877500000 41717 -0.0287597 7001.11 0.999668
1877600000 41717 0.00518026 7001.1 0.999653
1877700000 41717 -0.128276 7001.12 0.999613
1877800000 41717 -0.0568034 7001.11 0.999615
1877900000 41717 -0.178855 7001.13 0.99963
1878000000 41717 -0.159348 7001.13 0.999618
1878100000 41717 -0.19974 7001.14 0.999616
1878200000 41717 -0.0510258 7001.11 0.999615
1878300000 41717 -0.13398 7001.12 0.999614
1878400000 41717 -0.0552768 7001.11 0.999615
1878500000 41717 0.0708747 7001.09 0.999676
1878600000 41717 -0.0174052 7001.1 0.999616
1878700000 41717 0.0137184 7001.1 0.999651
1878800000 41717 -0.0242153 7001.11 0.999616
1878900000 41717 1.15654 7000.91 0.999761
1879000000 41717 0.756261 7000.97 0.999739
1879100000 41717 0.552213 7001.01 0.999718
1879200000 41717 -0.10237 7001.12 0.999614
1879300000 41717 0.0993665 7001.08 0.999658
1879400000 41717 -0.103032 7001.12 0.999615
1879500000 41717 -0.0565515 7001.11 0.999624
1879600000 41717 0.0534492 7001.09 0.999665
1879700000 41717 -0.023578 7001.11 0.999616
1879800000 41717 -0.0931072 7001.12 0.999624
1879900000 41717 -0.0947294 7001.12 0.999613
1880000000 41717 -0.182406 7001.13 0.999615
1880100000 41717 -0.123769 7001.12 0.999612
1880200000 41717 -0.0473232 7001.11 0.999628
1880300000 41717 0.128044 7001.08 0.999651
1880400000 41717 -0.0565766 7001.11 0.999614
1880500000 41717 1.00588 7000.93 0.999759
1880600000 41717 2.73444 7000.64 0.999876
1880700000 41717 0.337616 7001.04 0.999678
1880800000 41717 -0.14308 7001.13 0.999628
1880900000 41717 -0.0996009 7001.12 0.999623
1881000000 41717 -0.0195346 7001.1 0.999616
1881100000 41717 -0.0591726 7001.11 0.999633
1881200000 41717 -0.199113 7001.14 0.999616
1881300000 41717 -0.0289861 7001.11 0.999615
1881400000 41717 0.0019075 7001.1 0.999633
1881500000 41717 -0.00712793 7001.1 0.999617
1881600000 41717 -0.0157565 7001.1 0.999616
1881700000 41717 -0.0716248 7001.11 0.999615
1881800000 41717 -0.0973568 7001.12 0.999613
1881900000 41717 -0.115624 7001.12 0.999627
1882000000 41717 -0.126096 7001.12 0.999616
1882100000 41717 0.134337 7001.08 0.999675
1882200000 41717 -0.138461 7001.12 0.999629
1882300000 41717 -0.0768395 7001.11 0.999621
1882400000 41717 -0.0904704 7001.12 0.99962
1882500000 41717 0.202391 7001.07 0.999673
1882600000 41717 -0.114485 7001.12 0.999616
1882700000 41717 -0.0695521 7001.11 0.999616
1882800000 41717 0.0368669 7001.1 0.999654
1882900000 41717 -0.159627 7001.13 0.999624
1883000000 41717 -0.198674 7001.13 0.999628
1883100000 41717 -0.054508 7001.11 0.999628
1883200000 41717 -0.0239101 7001.11 0.999616
1883300000 41717 -0.121164 7001.12 0.999622
1883400000 41717 0.793915 7000.97 0.999728
1883500000 41717 -0.148745 7001.13 0.999612
1883600000 41717 0.317239 7001.05 0.999701
1883700000 41717 -0.0189292 7001.1 0.999616
1883800000 41717 -0.0682256 7001.11 0.999617
1883900000 41717 -0.068448 7001.11 0.999626
1884000000 41717 -0.0277191 7001.11 0.999629
1884100000 41717 -0.0506917 7001.11 0.999614
1884200000 41717 -0.0539847 7001.11 0.999615
1884300000 41717 -0.191064 7001.13 0.999609
1884400000 41717 -0.0173309 7001.1 0.999616
1884500000 41717 -0.0170603 7001.1 0.999616
1884600000 41717 0.121324 7001.08 0.999696
1884700000 41717 -0.0756634 7001.11 0.999615
1884800000 41717 -0.123868 7001.12 0.999619
1884900000 41717 -0.0166288 7001.1 0.999616
1885000000 41717 1.35415 7000.87 0.999786
1885100000 41717 -0.0736728 7001.11 0.999614
1885200000 41717 -0.0349807 7001.11 0.999615
1885300000 41717 0.222063 7001.06 0.99967
1885400000 41717 0.360541 7001.04 0.999689
1885500000 41717 -0.0205377 7001.11 0.999632
1885600000 41717 -0.177203 7001.13 0.999623
1885700000 41717 -0.0296131 7001.11 0.999615
1885800000 41717 0.587386 7001 0.999724
1885900000 41717 1.27371 7000.89 0.999761
1886000000 41717 1.28408 7000.89 0.999765
1886100000 41717 -0.0979217 7001.12 0.999612
1886200000 41717 -0.141133 7001.13 0.999612
1886300000 41717 -0.0158029 7001.1 0.999616
1886400000 41717 0.726988 7000.98 0.999718
1886500000 41717 0.860873 7000.96 0.999735
1886600000 41717 0.23891 7001.06 0.999709
1886700000 41717 -0.0769705 7001.11 0.999633
1886800000 41717 -0.0398703 7001.11 0.999627
1886900000 41717 -0.0179505 7001.1 0.999616
1887000000 41717 -0.0158852 7001.1 0.999616
1887100000 41717 -0.0584188 7001.11 0.999626
1887200000 41717 0.167325 7001.07 0.999667
1887300000 41717 -0.0453266 7001.11 0.999615
1887400000 41717 0.0643172 7001.09 0.999655
1887500000 41717 -0.0141357 7001.1 0.999617
1887600000 41717 0.0598789 7001.09 0.999659
1887700000 41717 -0.0679006 7001.11 0.999614
1887800000 41717 -0.126914 7001.12 0.999616
1887900000 41717 -0.00782626 7001.1 0.999617
1888000000 41717 -0.048376 7001.11 0.999616
1888100000 41717 -0.0759408 7001.11 0.999625
1888200000 41717 1.78145 7000.8 0.999845
1888300000 41717 -0.0170877 7001.1 0.999616
1888400000 41717 -0.112145 7001.12 0.999617
1888500000 41717 -0.0277305 7001.11 0.999615
1888600000 41717 1.86954 7000.79 0.999868
1888700000 41717 -0.0369073 7001.11 0.999615
1888800000 41717 -0.0379869 7001.11 0.999615
1888900000 41717 -0.0133464 7001.1 0.999644
1889000000 41717 -0.0291419 7001.11 0.999616
1889100000 41717 0.290629 7001.05 0.999689
1889200000 41717 -0.0282078 7001.11 0.999615
1889300000 41717 -0.0257136 7001.11 0.999642
1889400000 41717 -0.166466 7001.13 0.999617
1889500000 41717 0.223982 7001.06 0.999664
1889600000 41717 -0.0129829 7001.1 0.999617
1889700000 41717 -0.278767 7001.15 0.999629
1889800000 41717 -0.0235249 7001.11 0.999616
1889900000 41717 -0.110577 7001.12 0.999613
1890000000 41717 -0.0809607 7001.12 0.999617
1890100000 41717 0.580493 7001 0.999708
1890200000 41717 -0.00700537 7001.1 0.999617
1890300000 41717 0.823318 7000.96 0.999724
1890400000 41717 -0.132879 7001.12 0.999621
1890500000 41717 0.84692 7000.96 0.999749
1890600000 41717 -0.220809 7001.14 0.999616
1890700000 41717 -0.0751076 7001.11 0.999627
1890800000 41717 -0.0200654 7001.11 0.999616
1890900000 41717 -0.0217822 7001.11 0.999616
1891000000 41717 0.0250564 7001.1 0.999639
1891100000 41717 -0.109883 7001.12 0.999613
1891200000 41717 0.00804531 7001.1 0.999646
1891300000 41717 -0.119203 7001.12 0.999616
1891400000 41717 -0.144272 7001.13 0.999612
1891500000 41717 0.698332 7000.98 0.999748
1891600000 41717 -0.129762 7001.12 0.999618
1891700000 41717 0.312196 7001.05 0.999674
1891800000 41717 -0.12918 7001.12 0.999611
1891900000 41717 -0.155892 7001.13 0.999615
1892000000 41717 -0.103978 7001.12 0.999611
1892100000 41717 -0.124347 7001.12 0.999623
1892200000 41717 -0.00406994 7001.1 0.999632
1892300000 41717 0.0338694 7001.1 0.999659
1892400000 41717 -0.0433153 7001.11 0.999615
1892500000 41717 -0.0827278 7001.12 0.999629
1892600000 41717 -0.0595162 7001.11 0.999614
1892700000 41717 -0.117352 7001.12 0.999613
1892800000 41717 -0.0228698 7001.11 0.999631
1892900000 41717 -0.089431 7001.12 0.999626
1893000000 41717 -0.0590283 7001.11 0.999614
1893100000 41717 0.383918 7001.04 0.999684
1893200000 41717 0.551638 7001.01 0.999705
1893300000 41717 -0.0550698 7001.11 0.999614
1893400000 41717 -0.0392758 7001.11 0.999635
1893500000 41717 -0.146153 7001.13 0.999618
1893600000 41717 -0.103906 7001.12 0.999612
1893700000 41717 1.62595 7000.83 0.999791
1893800000 41717 -0.0369736 7001.11 0.999628
1893900000 41717 -0.0569203 7001.11 0.999617
1894000000 41717 -0.028489 7001.11 0.999632
1894100000 41717 -0.210954 7001.14 0.999629
1894200000 41717 -0.0814253 7001.12 0.999614
1894300000 41717 -0.0826622 7001.12 0.999623
1894400000 41717 -0.0485453 7001.11 0.999643
1894500000 41717 -0.0376995 7001.11 0.999616
1894600000 41717 2.02228 7000.76 0.999863
1894700000 41717 -0.0063309 7001.1 0.999646
1894800000 41717 -0.0822935 7001.12 0.999616
1894900000 41717 -0.060804 7001.11 0.999614
1895000000 41717 0.378664 7001.04 0.999694
1895100000 41717 0.0933281 7001.09 0.999695
1895200000 41717 -0.0567905 7001.11 0.999643
1895300000 41717 -0.0360266 7001.11 0.999615
1895400000 41717 -0.0767378 7001.11 0.999614
1895500000 41717 -0.111278 7001.12 0.999629
1895600000 41717 -0.180151 7001.13 0.999621
1895700000 41717 0.518044 7001.01 0.999704
1895800000 41717 -0.0585484 7001.11 0.999614
1895900000 41717 -0.0320593 7001.11 0.999631
1896000000 41717 -0.13642 7001.12 0.999621
1896100000 41717 -0.0121164 7001.1 0.999617
1896200000 41717 6.62562 6999.99 1.0002
1896300000 41717 2.17935 7000.74 0.999836
1896400000 41717 -0.0951148 7001.12 0.999615
1896500000 41717 0.432012 7001.03 0.999684
1896600000 41717 -0.0568578 7001.11 0.99962
1896700000 41717 -0.105772 7001.12 0.999613
1896800000 41717 0.521333 7001.01 0.999704
1896900000 41717 -0.118309 7001.12 0.999616
1897000000 41717 -0.109185 7001.12 0.999614
1897100000 41717 -0.026303 7001.11 0.999616
1897200000 41717 7.66691 6999.82 1.00025
1897300000 41717 -0.0417843 7001.11 0.999616
1897400000 41717 -0.121054 7001.12 0.999619
1897500000 41717 -0.163115 7001.13 0.999616
1897600000 41717 -0.0302289 7001.11 0.999615
1897700000 41717 -0.0999794 7001.12 0.99962
1897800000 41717 -0.0548571 7001.11 0.999624
1897900000 41717 -0.130334 7001.12 0.99961
1898000000 41717 0.321661 7001.05 0.999673
1898100000 41717 0.533203 7001.01 0.999728
1898200000 41717 -0.12049 7001.12 0.999615
1898300000 41717 0.0294448 7001.1 0.999658
1898400000 41717 -0.0203413 7001.11 0.999616
1898500000 41717 -0.0601637 7001.11 0.999615
1898600000 41717 -0.07933 7001.11 0.99964
1898700000 41717 -0.0930103 7001.12 0.999613
1898800000 41717 -0.0588415 7001.11 0.999614
1898900000 41717 -0.068422 7001.11 0.999622
1899000000 41717 1.55142 7000.84 0.999798
1899100000 41717 0.409743 7001.03 0.999725
1899200000 41717 1.13839 7000.91 0.999755
1899300000 41717 -0.225035 7001.14 0.999614
1899400000 41717 -0.14861 7001.13 0.999624
1899500000 41717 0.633544 7001 0.999741
1899600000 41717 -0.215349 7001.14 0.999619
1899700000 41717 -0.0223672 7001.11 0.999616
1899800000 41717 -0.0340317 7001.11 0.999616
1899900000 41717 -0.107583 7001.12 0.999613
1900000000 41717 -0.0333312 7001.11 0.999615
1900100000 41717 -0.167359 7001.13 0.999625
1900200000 41717 -0.0756229 7001.11 0.999613
1900300000 41717 -0.0195365 7001.1 0.999647
1900400000 41717 0.00535111 7001.1 0.999634
1900500000 41717 -0.128053 7001.12 0.99961
1900600000 41717 -0.177675 7001.13 0.999631
1900700000 41717 -0.0147889 7001.1 0.999616
1900800000 41717 -0.0621565 7001.11 0.999615
1900900000 41717 -0.0105817 7001.1 0.999617
1901000000 41717 -0.175868 7001.13 0.999612
1901100000 41717 -0.0536445 7001.11 0.999616
1901200000 41717 0.0427073 7001.09 0.999645
1901300000 41717 -0.204386 7001.14 0.999621
1901400000 41717 -0.0814322 7001.12 0.999617
1901500000 41717 0.706483 7000.98 0.999713
1901600000 41717 0.140133 7001.08 0.999669
1901700000 41717 -0.0499096 7001.11 0.999614
1901800000 41717 -0.088275 7001.12 0.99962
1901900000 41717 -0.0781932 7001.11 0.999613
1902000000 41717 -0.0104462 7001.1 0.999617
1902100000 41717 -0.00900988 7001.1 0.999617
1902200000 41717 -0.135958 7001.12 0.999625
1902300000 41717 -0.037823 7001.11 0.99963
1902400000 41717 -0.0936734 7001.12 0.999624
1902500000 41717 -0.126248 7001.12 0.999614
1902600000 41717 -0.11399 7001.12 0.999616
1902700000 41717 -0.071588 7001.11 0.999614
1902800000 41717 -0.0335923 7001.11 0.999615
1902900000 41717 -0.0414785 7001.11 0.999615
1903000000 41717 -0.0486842 7001.11 0.999615
1903100000 41717 -0.0295941 7001.11 0.999615
1903200000 41717 -0.0352286 7001.11 0.999615
1903300000 41717 -0.0130782 7001.1 0.999617
1903400000 41717 -0.148582 7001.13 0.999611
1903500000 41717 -0.0642748 7001.11 0.999621
1903600000 41717 1.45783 7000.86 0.999778
1903700000 41717 -0.0799826 7001.12 0.999614
1903800000 41717 -0.104492 7001.12 0.999617
1903900000 41717 -0.0605553 7001.11 0.999616
1904000000 41717 -0.0557357 7001.11 0.999615
1904100000 41717 0.228903 7001.06 0.999687
1904200000 41717 0.475816 7001.02 0.999694
1904300000 41717 0.124644 7001.08 0.99965
1904400000 41717 -0.0965683 7001.12 0.999618
1904500000 41717 0.0425858 7001.09 0.999649
1904600000 41717 0.095771 7001.09 0.999651
1904700000 41717 -0.0858166 7001.12 0.999615
1904800000 41717 3.30619 7000.55 0.999914
1904900000 41717 -0.156742 7001.13 0.999612
1905000000 41717 0.259545 7001.06 0.99967
1905100000 41717 0.267899 7001.06 0.999669
1905200000 41717 -0.167921 7001.13 0.999617
1905300000 41717 -0.00865764 7001.1 0.999635
1905400000 41717 -0.074804 7001.11 0.999623
1905500000 41717 -0.13805 7001.12 0.999637
1905600000 41717 4.39393 7000.36 0.999999
1905700000 41717 0.467326 7001.02 0.999688
1905800000 41717 -0.0791199 7001.11 0.999615
1905900000 41717 -0.0934616 7001.12 0.999617
1906000000 41717 -0.0911034 7001.12 0.999612
1906100000 41717 -0.00654825 7001.1 0.999617
1906200000 41717 -0.072387 7001.11 0.999614
1906300000 41717 -0.0249165 7001.11 0.999616
1906400000 41717 -0.0213145 7001.11 0.999616
1906500000 41717 -0.0196752 7001.1 0.999616
1906600000 41717 3.64033 7000.49 0.99997
1906700000 41717 -0.0488958 7001.11 0.999614
1906800000 41717 -0.0707578 7001.11 0.999613
1906900000 41717 -0.144175 7001.13 0.999613
1907000000 41717 -0.223586 7001.14 0.999622
1907100000 41717 -0.0260482 7001.11 0.999615
1907200000 41717 -0.0786415 7001.11 0.999613
1907300000 41717 -0.0821866 7001.12 0.999613
1907400000 41717 -0.0622446 7001.11 0.999636
1907500000 41717 0.194597 7001.07 0.999661
1907600000 41717 -0.0516822 7001.11 0.999615
1907700000 41717 -0.110557 7001.12 0.999613
1907800000 41717 -0.0286694 7001.11 0.999615
1907900000 41717 0.180288 7001.07 0.999685
1908000000 41717 -0.0634005 7001.11 0.999619
1908100000 41717 -0.080784 7001.12 0.999616
1908200000 41717 -0.0587441 7001.11 0.999615
1908300000 41717 -0.0416631 7001.11 0.999615
1908400000 41717 -0.0167591 7001.1 0.999616
1908500000 41717 1.07645 7000.92 0.99976
1908600000 41717 -0.0304727 7001.11 0.999616
1908700000 41717 -0.125378 7001.12 0.999617
1908800000 41717 0.0315386 7001.1 0.999638
1908900000 41717 -0.0202995 7001.11 0.999616
1909000000 41717 0.302436 7001.05 0.999687
1909100000 41717 -0.0346215 7001.11 0.999615
1909200000 41717 1.60132 7000.83 0.999791
1909300000 41717 -0.0697146 7001.11 0.999615
1909400000 41717 0.233968 7001.06 0.999681
1909500000 41717 0.0487142 7001.09 0.999652
1909600000 41717 0.968217 7000.94 0.999739
1909700000 41717 -0.0839445 7001.12 0.999644
1909800000 41717 -0.0504847 7001.11 0.999614
1909900000 41717 0.383767 7001.04 0.999685
1910000000 41717 -0.207904 7001.14 0.999616
1910100000 41717 -0.0764418 7001.11 0.999628
1910200000 41717 2.04823 7000.76 0.999826
1910300000 41717 -0.0500507 7001.11 0.999632
1910400000 41717 0.61515 7001 0.999708
1910500000 41717 -0.0729303 7001.11 0.999614
1910600000 41717 0.7692 7000.97 0.999718
1910700000 41717 -0.0520091 7001.11 0.999614
1910800000 41717 -0.0850905 7001.12 0.999612
1910900000 41717 -0.0718561 7001.11 0.999613
1911000000 41717 -0.174614 7001.13 0.999615
1911100000 41717 -0.12436 7001.12 0.999616
1911200000 41717 -0.0711901 7001.11 0.999618
1911300000 41717 -0.050321 7001.11 0.999614
1911400000 41717 -0.0245299 7001.11 0.999616
1911500000 41717 0.367593 7001.04 0.999679
1911600000 41717 1.0795 7000.92 0.999754
1911700000 41717 0.484629 7001.02 0.99969
1911800000 41717 0.513842 7001.02 0.999701
1911900000 41717 -0.0295773 7001.11 0.999616
1912000000 41717 -0.113771 7001.12 0.99962
1912100000 41717 -0.113294 7001.12 0.999612
1912200000 41717 1.25422 7000.89 0.999762
1912300000 41717 -0.104185 7001.12 0.999614
1912400000 41717 -0.0150653 7001.1 0.999633
1912500000 41717 -0.0522247 7001.11 0.999659
1912600000 41717 -0.0998494 7001.12 0.999613
1912700000 41717 0.125193 7001.08 0.999658
1912800000 41717 -0.131407 7001.12 0.999614
1912900000 41717 -0.0692658 7001.11 0.999613
1913000000 41717 -0.0351099 7001.11 0.999616
1913100000 41717 -0.0301059 7001.11 0.999616
1913200000 41717 -0.0627596 7001.11 0.999622
1913300000 41717 -0.0596129 7001.11 0.999617
1913400000 41717 -0.172554 7001.13 0.999611
1913500000 41717 1.15045 7000.91 0.999757
1913600000 41717 0.0672424 7001.09 0.999643
1913700000 41717 -0.0062934 7001.1 0.999617
1913800000 41717 -0.097325 7001.12 0.999619
1913900000 41717 -0.0923432 7001.12 0.999613
1914000000 41717 0.0390233 7001.1 0.999646
1914100000 41717 -0.058798 7001.11 0.999641
1914200000 41717 -0.0920865 7001.12 0.999618
1914300000 41717 0.00977295 7001.1 0.999636
1914400000 41717 0.741342 7000.98 0.999738
1914500000 41717 -0.157139 7001.13 0.999625
1914600000 41717 -0.11377 7001.12 0.999618
1914700000 41717 -0.122076 7001.12 0.99961
1914800000 41717 -0.00565528 7001.1 0.999617
1914900000 41717 -0.0549182 7001.11 0.999615
1915000000 41717 -0.0187103 7001.1 0.999616
1915100000 41717 -0.0768902 7001.11 0.999622
1915200000 41717 -0.0483236 7001.11 0.999624
1915300000 41717 -0.107482 7001.12 0.999613
1915400000 41717 -0.0373295 7001.11 0.999615
1915500000 41717 -0.0252023 7001.11 0.999615
1915600000 41717 0.0322794 7001.1 0.999646
1915700000 41717 -0.0461978 7001.11 0.999615
1915800000 41717 0.454514 7001.03 0.999698
1915900000 41717 0.0642283 7001.09 0.999648
1916000000 41717 -0.0553341 7001.11 0.999613
1916100000 41717 0.413249 7001.03 0.999686
1916200000 41717 -0.0746069 7001.11 0.999613
1916300000 41717 -0.0818331 7001.12 0.999616
1916400000 41717 -0.210225 7001.14 0.999635
1916500000 41717 3.96946 7000.44 1.00001
1916600000 41717 -0.0982013 7001.12 0.999614
1916700000 41717 2.11025 7000.75 0.999857
1916800000 41717 -0.0558433 7001.11 0.999616
1916900000 41717 -0.0605013 7001.11 0.999614
1917000000 41717 -0.0402251 7001.11 0.999615
1917100000 41717 -0.12461 7001.12 0.99961
1917200000 41717 -0.0387768 7001.11 0.999616
1917300000 41717 0.0620738 7001.09 0.999646
1917400000 41717 0.372645 7001.04 0.999678
1917500000 41717 -0.0725227 7001.11 0.999634
1917600000 41717 -0.101673 7001.12 0.999616
1917700000 41717 -0.038971 7001.11 0.999615
1917800000 41717 -0.0114556 7001.1 0.999646
1917900000 41717 -0.0801813 7001.12 0.999621
1918000000 41717 -0.0950087 7001.12 0.999613
1918100000 41717 0.053304 7001.09 0.99968
1918200000 41717 -0.0619485 7001.11 0.999613
1918300000 41717 -0.0638549 7001.11 0.999662
1918400000 41717 -0.107584 7001.12 0.999626
1918500000 41717 -0.192429 7001.13 0.99961
1918600000 41717 0.99511 7000.93 0.999739
1918700000 41717 -0.0799158 7001.12 0.999613
1918800000 41717 -0.10459 7001.12 0.999613
1918900000 41717 -0.0944635 7001.12 0.999615
1919000000 41717 0.309225 7001.05 0.999702
1919100000 41717 -0.279916 7001.15 0.99962
1919200000 41717 -0.0606375 7001.11 0.999614
1919300000 41717 -0.0693133 7001.11 0.999614
1919400000 41717 -0.0714744 7001.11 0.999623
1919500000 41717 0.422423 7001.03 0.99969
1919600000 41717 -0.0231586 7001.11 0.999616
1919700000 41717 0.664328 7000.99 0.99971
1919800000 41717 0.299739 7001.05 0.999671
1919900000 41717 -0.0942665 7001.12 0.999615
1920000000 41717 0.909929 7000.95 0.999743
1920100000 41717 -0.0328779 7001.11 0.999615
1920200000 41717 1.09876 7000.92 0.999749
1920300000 41717 -0.0710087 7001.11 0.999614
1920400000 41717 0.10522 7001.08 0.999666
1920500000 41717 1.70787 7000.81 0.999798
1920600000 41717 -0.00546059 7001.1 0.999617
1920700000 41717 -0.0257727 7001.11 0.999633
1920800000 41717 0.52712 7001.01 0.999727
1920900000 41717 -0.0756334 7001.11 0.999614
1921000000 41717 -0.093017 7001.12 0.999615
1921100000 41717 -0.207387 7001.14 0.999614
1921200000 41717 1.80406 7000.8 0.999835
1921300000 41717 -0.0201161 7001.11 0.999616
1921400000 41717 -0.102245 7001.12 0.999653
1921500000 41717 -0.231946 7001.14 0.999625
1921600000 41717 0.0585443 7001.09 0.999651
1921700000 41717 -0.0433311 7001.11 0.999629
1921800000 41717 -0.0564221 7001.11 0.999614
1921900000 41717 -0.128784 7001.12 0.999617
1922000000 41717 -0.0797148 7001.12 0.999616
1922100000 41717 -0.156273 7001.13 0.999616
1922200000 41717 -0.0254894 7001.11 0.999616
1922300000 41717 -0.137093 7001.12 0.999619
1922400000 41717 -0.0371877 7001.11 0.999615
1922500000 41717 -0.114034 7001.12 0.999619
1922600000 41717 -0.0694013 7001.11 0.999613
1922700000 41717 -0.024581 7001.11 0.999616
1922800000 41717 -0.0777026 7001.11 0.999613
1922900000 41717 -0.0275137 7001.11 0.999616
1923000000 41717 -0.162626 7001.13 0.999638
1923100000 41717 -0.0606003 7001.11 0.999627
1923200000 41717 -0.054383 7001.11 0.999615
1923300000 41717 -0.0490193 7001.11 0.999627
1923400000 41717 0.137566 7001.08 0.999658
1923500000 41717 -0.16711 7001.13 0.99961
1923600000 41717 -0.0184196 7001.1 0.999637
1923700000 41717 -0.138082 7001.12 0.999617
1923800000 41717 -0.216068 7001.14 0.99962
1923900000 41717 -6.14704e-05 7001.1 0.999643
1924000000 41717 -0.0401921 7001.11 0.999615
1924100000 41717 -0.0648134 7001.11 0.999613
1924200000 41717 0.0509329 7001.09 0.999641
1924300000 41717 -0.130747 7001.12 0.999622
1924400000 41717 -0.0326217 7001.11 0.999616
1924500000 41717 -0.0815397 7001.12 0.999614
1924600000 41717 -0.105472 7001.12 0.999612
1924700000 41717 -0.12238 7001.12 0.999614
1924800000 41717 0.522189 7001.01 0.999723
1924900000 41717 -0.00318625 7001.1 0.999617
1925000000 41717 -0.0957353 7001.12 0.999612
1925100000 41717 1.52353 7000.85 0.999812
1925200000 41717 1.04828 7000.93 0.999742
1925300000 41717 0.478153 7001.02 0.999714
1925400000 41717 -0.0200022 7001.1 0.999616
1925500000 41717 -0.0159255 7001.1 0.999616
1925600000 41717 -0.064003 7001.11 0.999615
1925700000 41717 -0.0959174 7001.12 0.999613
1925800000 41717 -0.0404153 7001.11 0.999614
1925900000 41717 -0.137524 7001.12 0.999618
1926000000 41717 -0.0636221 7001.11 0.999614
1926100000 41717 -0.0188779 7001.1 0.999616
1926200000 41717 -0.0830728 7001.12 0.999615
1926300000 41717 -0.103669 7001.12 0.999612
1926400000 41717 -0.0828955 7001.12 0.999615
1926500000 41717 -0.0187515 7001.1 0.999648
1926600000 41717 -0.0455703 7001.11 0.999615
1926700000 41717 0.3756 7001.04 0.999689
1926800000 41717 1.28812 7000.89 0.999775
1926900000 41717 -0.0780164 7001.11 0.999619
1927000000 41717 -0.133491 7001.12 0.999614
1927100000 41717 -0.101537 7001.12 0.999622
1927200000 41717 0.500544 7001.02 0.999697
1927300000 41717 -0.10673 7001.12 0.999614
1927400000 41717 -0.129699 7001.12 0.999618
1927500000 41717 -0.0817753 7001.12 0.999621
1927600000 41717 -0.0921966 7001.12 0.999612
1927700000 41717 -0.130782 7001.12 0.99962
1927800000 41717 -0.132244 7001.12 0.999614
1927900000 41717 0.373724 7001.04 0.999688
1928000000 41717 0.502824 7001.02 0.999692
1928100000 41717 1.43597 7000.86 0.999778
1928200000 41717 0.276553 7001.06 0.99967
1928300000 41717 -0.167699 7001.13 0.999618
1928400000 41717 -0.0263323 7001.11 0.999616
1928500000 41717 -0.0753352 7001.11 0.999623
1928600000 41717 -0.087166 7001.12 0.999622
1928700000 41717 -0.102047 7001.12 0.999616
1928800000 41717 0.35231 7001.04 0.999684
1928900000 41717 -0.0762103 7001.11 0.999628
1929000000 41717 -0.072572 7001.11 0.999632
1929100000 41717 4.33328 7000.37 0.999983
1929200000 41717 0.779049 7000.97 0.999718
1929300000 41717 -0.0746992 7001.11 0.999613
1929400000 41717 -0.197483 7001.13 0.999622
1929500000 41717 -0.0492154 7001.11 0.999614
1929600000 41717 -0.115609 7001.12 0.999629
1929700000 41717 -0.0651989 7001.11 0.999614
1929800000 41717 -0.0159909 7001.1 0.999658
1929900000 41717 -0.101975 7001.12 0.999621
1930000000 41717 -0.0580551 7001.11 0.999615
1930100000 41717 -0.138515 7001.12 0.999614
1930200000 41717 -0.135084 7001.12 0.999616
1930300000 41717 2.62983 7000.66 0.999912
1930400000 41717 0.47562 7001.02 0.999694
1930500000 41717 0.768766 7000.97 0.999717
1930600000 41717 -0.0306243 7001.11 0.999616
1930700000 41717 -0.0400036 7001.11 0.999614
1930800000 41717 -0.0555901 7001.11 0.999613
1930900000 41717 -0.12289 7001.12 0.999619
1931000000 41717 -0.150668 7001.13 0.999615
1931100000 41717 -0.0326899 7001.11 0.999616
1931200000 41717 -0.0545558 7001.11 0.99963
1931300000 41717 -0.0618656 7001.11 0.999617
1931400000 41717 -0.123472 7001.12 0.999612
1931500000 41717 0.0664644 7001.09 0.999645
1931600000 41717 -0.15692 7001.13 0.999611
1931700000 41717 -0.0757265 7001.11 0.999619
1931800000 41717 -0.120885 7001.12 0.999621
1931900000 41717 -0.0206591 7001.11 0.999656
1932000000 41717 -0.0818432 7001.12 0.999634
1932100000 41717 1.8228 7000.8 0.999807
1932200000 41717 0.0649861 7001.09 0.999657
1932300000 41717 -0.0827047 7001.12 0.999612
1932400000 41717 -0.105251 7001.12 0.999614
1932500000 41717 -0.11768 7001.12 0.999627
1932600000 41717 -0.127589 7001.12 0.999613
1932700000 41717 -0.13178 7001.12 0.999624
1932800000 41717 -0.0601467 7001.11 0.999629
1932900000 41717 -0.0950583 7001.12 0.999619
1933000000 41717 -0.146589 7001.13 0.999617
1933100000 41717 0.28762 7001.05 0.9997
1933200000 41717 0.775188 7000.97 0.999721
1933300000 41717 -0.00206165 7001.1 0.999617
1933400000 41717 0.448706 7001.03 0.999688
1933500000 41717 -0.107617 7001.12 0.999623
1933600000 41717 0.0363904 7001.1 0.999664
1933700000 41717 0.0450587 7001.09 0.999651
1933800000 41717 -0.119564 7001.12 0.999617
1933900000 41717 -0.10136 7001.12 0.999618
1934000000 41717 -0.148693 7001.13 0.999612
1934100000 41717 0.264367 7001.06 0.999667
1934200000 41717 -0.103754 7001.12 0.999615
1934300000 41717 0.0636298 7001.09 0.999643
1934400000 41717 -0.0210407 7001.11 0.999616
1934500000 41717 -0.0563746 7001.11 0.999614
1934600000 41717 -0.067142 7001.11 0.999625
1934700000 41717 -0.0388103 7001.11 0.999616
1934800000 41717 -0.0556781 7001.11 0.999616
1934900000 41717 1.84781 7000.79 0.99981
1935000000 41717 0.393959 7001.04 0.999704
1935100000 41717 -0.135613 7001.12 0.999611
1935200000 41717 8.20592 6999.73 1.00022
1935300000 41717 -0.0858229 7001.12 0.999614
1935400000 41717 -0.0394097 7001.11 0.999631
1935500000 41717 -0.105575 7001.12 0.999615
1935600000 41717 0.601126 7001 0.999707
1935700000 41717 0.0112576 7001.1 0.999642
1935800000 41717 -0.0804647 7001.12 0.99962
1935900000 41717 1.13706 7000.91 0.99975
1936000000 41717 -0.0163225 7001.1 0.999616
1936100000 41717 0.188676 7001.07 0.999682
1936200000 41717 -0.0502671 7001.11 0.999614
1936300000 41717 -0.0136698 7001.1 0.999617
1936400000 41717 6.23533 7000.06 1.00024
1936500000 41717 -0.0208811 7001.11 0.99965
1936600000 41717 -0.0991682 7001.12 0.999612
1936700000 41717 -0.190914 7001.13 0.999628
1936800000 41717 -0.0665488 7001.11 0.999616
1936900000 41717 -0.0793426 7001.11 0.999613
1937000000 41717 -0.0456376 7001.11 0.999615
1937100000 41717 -0.0609598 7001.11 0.999613
1937200000 41717 -0.0181805 7001.1 0.999636
1937300000 41717 -0.0842052 7001.12 0.999613
1937400000 41717 -0.0160468 7001.1 0.999616
1937500000 41717 -0.0111697 7001.1 0.999617
1937600000 41717 2.19273 7000.73 0.999839
1937700000 41717 1.63166 7000.83 0.99979
1937800000 41717 0.135527 7001.08 0.999662
1937900000 41717 0.0582288 7001.09 0.999651
1938000000 41717 -0.0243832 7001.11 0.999616
1938100000 41717 -0.0995503 7001.12 0.999616
1938200000 41717 0.461089 7001.02 0.999708
1938300000 41717 1.15881 7000.91 0.999755
1938400000 41717 0.407024 7001.03 0.999685
1938500000 41717 1.03279 7000.93 0.999758
1938600000 41717 -0.0432342 7001.11 0.999615
1938700000 41717 -0.0276418 7001.11 0.999615
1938800000 41717 -0.073176 7001.11 0.999629
1938900000 41717 0.0638901 7001.09 0.999659
1939000000 41717 -0.234691 7001.14 0.999625
1939100000 41717 0.589583 7001 0.999712
1939200000 41717 0.147503 7001.08 0.999658
1939300000 41717 -0.0805571 7001.12 0.999622
1939400000 41717 -0.0570371 7001.11 0.999623
1939500000 41717 0.014324 7001.1 0.999646
1939600000 41717 0.174423 7001.07 0.999672
1939700000 41717 0.754319 7000.97 0.999756
1939800000 41717 -0.0298132 7001.11 0.99964
1939900000 41717 -0.0931331 7001.12 0.999617
1940000000 41717 -0.0351493 7001.11 0.999616
1940100000 41717 -0.170971 7001.13 0.99961
1940200000 41717 -0.065339 7001.11 0.999617
1940300000 41717 0.67199 7000.99 0.999716
1940400000 41717 5.60687 7000.16 1.00009
1940500000 41717 -0.202888 7001.14 0.999621
1940600000 41717 -0.0378962 7001.11 0.999615
1940700000 41717 -0.0986605 7001.12 0.999631
1940800000 41717 2.85383 7000.62 0.999892
1940900000 41717 -0.112292 7001.12 0.999616
1941000000 41717 -0.0481451 7001.11 0.999615
1941100000 41717 5.9406 7000.1 1.0001
1941200000 41717 0.349356 7001.04 0.999679
1941300000 41717 -0.039211 7001.11 0.999615
1941400000 41717 2.06228 7000.76 0.999825
1941500000 41717 -0.0316027 7001.11 0.999616
1941600000 41717 -0.0373007 7001.11 0.999615
1941700000 41717 1.20154 7000.9 0.999757
1941800000 41717 -0.0626352 7001.11 0.99962
1941900000 41717 -0.0596648 7001.11 0.999626
1942000000 41717 7.93943 6999.77 1.00023
1942100000 41717 0.186636 7001.07 0.999658
1942200000 41717 -0.132851 7001.12 0.999617
1942300000 41717 0.988828 7000.94 0.999764
1942400000 41717 -0.0397322 7001.11 0.999615
1942500000 41717 0.305157 7001.05 0.999677
1942600000 41717 0.0936001 7001.09 0.999657
1942700000 41717 -0.0310155 7001.11 0.999615
1942800000 41717 -0.127728 7001.12 0.999613
1942900000 41717 3.63581 7000.49 0.999947
1943000000 41717 0.0213089 7001.1 0.999638
1943100000 41717 -0.00743653 7001.1 0.999617
1943200000 41717 -0.0194586 7001.1 0.999616
1943300000 41717 -0.112098 7001.12 0.999613
1943400000 41717 -0.124793 7001.12 0.999617
1943500000 41717 -0.130513 7001.12 0.999614
1943600000 41717 -0.0504041 7001.11 0.999614
1943700000 41717 -0.210886 7001.14 0.999612
1943800000 41717 -0.159397 7001.13 0.999618
1943900000 41717 -0.0389736 7001.11 0.999615
1944000000 41717 -0.151177 7001.13 0.999615
1944100000 41717 -0.00742496 7001.1 0.999635
1944200000 41717 -0.0695323 7001.11 0.999617
1944300000 41717 -0.0126605 7001.1 0.999617
1944400000 41717 2.60129 7000.67 0.99987
1944500000 41717 0.632148 7001 0.999711
1944600000 41717 -0.0911562 7001.12 0.999614
1944700000 41717 0.607168 7001 0.999702
1944800000 41717 -0.00473091 7001.1 0.999617
1944900000 41717 -0.0354694 7001.11 0.999616
1945000000 41717 -0.094144 7001.12 0.999629
1945100000 41717 -0.0749636 7001.11 0.999615
1945200000 41717 1.6528 7000.82 0.999792
1945300000 41717 1.77329 7000.8 0.999828
1945400000 41717 -0.0211062 7001.11 0.999616
1945500000 41717 -0.0676202 7001.11 0.999618
1945600000 41717 -0.0211512 7001.11 0.999616
1945700000 41717 -0.0409779 7001.11 0.999615
1945800000 41717 -0.14884 7001.13 0.999611
1945900000 41717 -0.0478377 7001.11 0.999615
1946000000 41717 -0.132404 7001.12 0.999611
1946100000 41717 -0.00892435 7001.1 0.999642
1946200000 41717 0.26315 7001.06 0.999672
1946300000 41717 -0.0483354 7001.11 0.999615
1946400000 41717 -0.132419 7001.12 0.999655
1946500000 41717 0.580297 7001 0.999714
1946600000 41717 -0.0685183 7001.11 0.999615
1946700000 41717 -0.0821485 7001.12 0.999614
1946800000 41717 -0.0774963 7001.11 0.999615
1946900000 41717 -0.107365 7001.12 0.99962
1947000000 41717 -0.0650233 7001.11 0.999615
1947100000 41717 1.38279 7000.87 0.999783
1947200000 41717 -0.134593 7001.12 0.999609
1947300000 41717 0.191469 7001.07 0.999661
1947400000 41717 -0.0703073 7001.11 0.999615
1947500000 41717 -0.113044 7001.12 0.999622
1947600000 41717 -0.0700468 7001.11 0.999618
1947700000 41717 0.653547 7000.99 0.999708
1947800000 41717 -0.0642221 7001.11 0.999617
1947900000 41717 -0.0122981 7001.1 0.999616
1948000000 41717 -0.0941043 7001.12 0.999614
1948100000 41717 -0.0491089 7001.11 0.999629
1948200000 41717 -0.204553 7001.14 0.999614
1948300000 41717 0.0240276 7001.1 0.999652
1948400000 41717 -0.11859 7001.12 0.999613
1948500000 41717 -0.0578146 7001.11 0.99963
1948600000 41717 -0.0101026 7001.1 0.999617
1948700000 41717 -0.0866825 7001.12 0.999612
1948800000 41717 -0.198743 7001.13 0.999607
1948900000 41717 -0.0765823 7001.11 0.999614
1949000000 41717 -0.0404772 7001.11 0.999637
1949100000 41717 0.0443318 7001.09 0.99964
1949200000 41717 -0.0734963 7001.11 0.999613
1949300000 41717 -0.0504607 7001.11 0.999614
1949400000 41717 -0.17444 7001.13 0.999629
1949500000 41717 -0.0845503 7001.12 0.999629
1949600000 41717 -0.010145 7001.1 0.999617
1949700000 41717 -0.0893354 7001.12 0.999613
1949800000 41717 -0.106818 7001.12 0.999612
1949900000 41717 0.0978675 7001.09 0.99965
1950000000 41717 0.866884 7000.96 0.999728
1950100000 41717 2.87753 7000.62 0.999917
1950200000 41717 -0.0144367 7001.1 0.999617
1950300000 41717 0.321608 7001.05 0.999687
1950400000 41717 -0.0484137 7001.11 0.999615
1950500000 41717 -0.142098 7001.13 0.999614
1950600000 41717 -0.0385705 7001.11 0.999615
1950700000 41717 1.9906 7000.77 0.999829
1950800000 41717 -0.0602619 7001.11 0.999623
1950900000 41717 0.927551 7000.95 0.999764
1951000000 41717 -0.0305319 7001.11 0.999615
1951100000 41717 -0.152476 7001.13 0.999627
1951200000 41717 -0.135634 7001.12 0.999614
1951300000 41717 0.403519 7001.03 0.999687
1951400000 41717 -0.0817817 7001.12 0.999614
1951500000 41717 -0.0677721 7001.11 0.999618
1951600000 41717 -0.0728145 7001.11 0.999623
1951700000 41717 -0.0513429 7001.11 0.999628
1951800000 41717 -0.076739 7001.11 0.999634
1951900000 41717 -0.0464089 7001.11 0.999615
1952000000 41717 0.0793974 7001.09 0.999645
1952100000 41717 0.13464 7001.08 0.999662
1952200000 41717 -0.0667592 7001.11 0.999614
1952300000 41717 -0.0767422 7001.11 0.999639
1952400000 41717 -0.0724465 7001.11 0.999616
1952500000 41717 0.0509065 7001.09 0.999644
1952600000 41717 -0.0470229 7001.11 0.999615
1952700000 41717 0.488936 7001.02 0.99972
1952800000 41717 4.28337 7000.38 0.999986
1952900000 41717 -0.00511634 7001.1 0.999617
1953000000 41717 -0.0420554 7001.11 0.999614
1953100000 41717 -0.155119 7001.13 0.999612
1953200000 41717 -0.152223 7001.13 0.999611
1953300000 41717 0.117967 7001.08 0.999658
1953400000 41717 -0.000865511 7001.1 0.999618
1953500000 41717 -0.0219152 7001.11 0.999616
1953600000 41717 -0.0238254 7001.11 0.999616
1953700000 41717 -0.127902 7001.12 0.999618
1953800000 41717 -0.0145325 7001.1 0.999642
1953900000 41717 -0.0332894 7001.11 0.999615
1954000000 41717 0.0440457 7001.09 0.999654
1954100000 41717 -0.0621462 7001.11 0.999614
1954200000 41717 -0.111208 7001.12 0.999618
1954300000 41717 -0.0112132 7001.1 0.999617
1954400000 41717 0.0455358 7001.09 0.999648
1954500000 41717 -0.0945968 7001.12 0.999619
1954600000 41717 0.460128 7001.02 0.999688
1954700000 41717 -0.0150164 7001.1 0.999616
1954800000 41717 -0.10701 7001.12 0.999619
1954900000 41717 -0.0233781 7001.11 0.999616
1955000000 41717 -0.06064 7001.11 0.999614
1955100000 41717 -0.0393386 7001.11 0.999616
1955200000 41717 -0.182653 7001.13 0.999616
1955300000 41717 -0.143853 7001.13 0.999617
1955400000 41717 -0.0358884 7001.11 0.999615
1955500000 41717 0.662169 7000.99 0.999726
1955600000 41717 -0.128634 7001.12 0.999628
1955700000 41717 -0.0445454 7001.11 0.999614
1955800000 41717 -0.0336154 7001.11 0.999628
1955900000 41717 -0.0663759 7001.11 0.999646
1956000000 41717 -0.000878084 7001.1 0.999618
1956100000 41717 -0.0334205 7001.11 0.999615
1956200000 41717 -0.100733 7001.12 0.999613
1956300000 41717 1.27855 7000.89 0.999775
1956400000 41717 0.0812549 7001.09 0.999684
1956500000 41717 -0.046115 7001.11 0.999615
1956600000 41717 0.45646 7001.03 0.999688
1956700000 41717 1.06292 7000.92 0.999743
1956800000 41717 -0.0309354 7001.11 0.999616
1956900000 41717 -0.00702454 7001.1 0.999617
1957000000 41717 0.0979815 7001.09 0.999651
1957100000 41717 0.312756 7001.05 0.999678
1957200000 41717 -0.0986891 7001.12 0.999616
1957300000 41717 -0.0152902 7001.1 0.999616
1957400000 41717 -0.113071 7001.12 0.999614
1957500000 41717 -0.043568 7001.11 0.999616
1957600000 41717 -0.11889 7001.12 0.999611
1957700000 41717 0.482376 7001.02 0.99969
1957800000 41717 -0.0686089 7001.11 0.999614
1957900000 41717 -0.111272 7001.12 0.999616
1958000000 41717 0.648062 7000.99 0.999727
1958100000 41717 -0.104983 7001.12 0.999614
1958200000 41717 1.60565 7000.83 0.999817
1958300000 41717 0.339584 7001.04 0.99968
1958400000 41717 -0.020133 7001.11 0.999616
1958500000 41717 -0.0432507 7001.11 0.999626
1958600000 41717 -0.11455 7001.12 0.999612
1958700000 41717 0.226837 7001.06 0.999689
1958800000 41717 -0.147911 7001.13 0.999611
1958900000 41717 -0.028801 7001.11 0.999616
1959000000 41717 -0.054095 7001.11 0.999614
1959100000 41717 -0.131984 7001.12 0.999626
1959200000 41717 -0.139648 7001.13 0.999621
1959300000 41717 -0.136136 7001.12 0.999612
1959400000 41717 -0.0746487 7001.11 0.999621
1959500000 41717 -0.0315345 7001.11 0.999616
1959600000 41717 2.42022 7000.7 0.999903
1959700000 41717 0.422274 7001.03 0.999683
1959800000 41717 0.0220277 7001.1 0.999637
1959900000 41717 -0.0293425 7001.11 0.999615
1960000000 41717 0.684466 7000.99 0.999727
1960100000 41717 -0.0369297 7001.11 0.999615
1960200000 41717 -0.0864373 7001.12 0.999621
1960300000 41717 -0.103814 7001.12 0.999615
1960400000 41717 0.219079 7001.06 0.999669
1960500000 41717 -0.110951 7001.12 0.999617
1960600000 41717 -0.0132534 7001.1 0.999617
1960700000 41717 -0.0815211 7001.12 0.999614
1960800000 41717 -0.080934 7001.12 0.999614
1960900000 41717 -0.0791798 7001.11 0.999635
1961000000 41717 3.83559 7000.46 0.999951
1961100000 41717 0.57984 7001 0.999714
1961200000 41717 -0.0906476 7001.12 0.999613
1961300000 41717 -0.128754 7001.12 0.999621
1961400000 41717 -0.0752808 7001.11 0.999627
1961500000 41717 -0.0548898 7001.11 0.999632
1961600000 41717 -0.137383 7001.12 0.999611
1961700000 41717 -0.0290595 7001.11 0.999615
1961800000 41717 -0.00902295 7001.1 0.999617
1961900000 41717 -0.0274392 7001.11 0.999641
1962000000 41717 -0.122255 7001.12 0.999611
1962100000 41717 0.668277 7000.99 0.999734
1962200000 41717 -0.0562976 7001.11 0.999616
1962300000 41717 -0.0460123 7001.11 0.999614
1962400000 41717 -0.0441886 7001.11 0.999641
1962500000 41717 -0.05198 7001.11 0.999614
1962600000 41717 0.0777302 7001.09 0.999677
1962700000 41717 -0.00738039 7001.1 0.999617
1962800000 41717 0.852015 7000.96 0.999736
1962900000 41717 -0.036383 7001.11 0.999616
1963000000 41717 4.51847 7000.34 1.00003
1963100000 41717 0.0879339 7001.09 0.999667
1963200000 41717 -0.122002 7001.12 0.999619
1963300000 41717 -0.21478 7001.14 0.999619
1963400000 41717 0.581342 7001 0.999752
1963500000 41717 -0.0795904 7001.11 0.999621
1963600000 41717 0.804761 7000.97 0.999722
1963700000 41717 -0.115017 7001.12 0.999616
1963800000 41717 -0.0627393 7001.11 0.999615
1963900000 41717 -0.023741 7001.11 0.999616
1964000000 41717 -0.0404593 7001.11 0.999615
1964100000 41717 -0.0575541 7001.11 0.999614
1964200000 41717 0.337734 7001.04 0.999692
1964300000 41717 0.400782 7001.03 0.999694
1964400000 41717 -0.105568 7001.12 0.999622
1964500000 41717 1.12822 7000.91 0.999777
1964600000 41717 -0.0250294 7001.11 0.999616
1964700000 41717 -0.11832 7001.12 0.999612
1964800000 41717 0.0180904 7001.1 0.999636
1964900000 41717 0.260825 7001.06 0.999695
1965000000 41717 -0.0303718 7001.11 0.999615
1965100000 41717 -0.0125379 7001.1 0.999616
1965200000 41717 -0.0430049 7001.11 0.999615
1965300000 41717 1.19566 7000.9 0.999754
1965400000 41717 -0.0912869 7001.12 0.99962
1965500000 41717 -0.0537689 7001.11 0.999643
1965600000 41717 -0.155997 7001.13 0.99961
1965700000 41717 -0.0673622 7001.11 0.999615
1965800000 41717 0.741279 7000.98 0.999734
1965900000 41717 0.118943 7001.08 0.999659
1966000000 41717 1.59165 7000.83 0.999792
1966100000 41717 -0.0999198 7001.12 0.999617
1966200000 41717 -0.0734247 7001.11 0.999613
1966300000 41717 -0.197584 7001.13 0.999613
1966400000 41717 -0.0252419 7001.11 0.999616
1966500000 41717 -0.0758411 7001.11 0.999617
1966600000 41717 0.462958 7001.02 0.99969
1966700000 41717 -0.0644881 7001.11 0.999613
1966800000 41717 -0.0655591 7001.11 0.999615
1966900000 41717 -0.0905677 7001.12 0.999613
1967000000 41717 -0.0422024 7001.11 0.999614
1967100000 41717 -0.144458 7001.13 0.999615
1967200000 41717 0.4572 7001.02 0.999692
1967300000 41717 -0.0212421 7001.11 0.999616
1967400000 41717 0.177378 7001.07 0.999676
1967500000 41717 -0.0921614 7001.12 0.999612
1967600000 41717 -0.0790971 7001.11 0.999619
1967700000 41717 0.0620644 7001.09 0.999647
1967800000 41717 -0.0234724 7001.11 0.999616
1967900000 41717 -0.0752071 7001.11 0.999613
1968000000 41717 -0.213949 7001.14 0.999616
1968100000 41717 -0.211465 7001.14 0.999628
1968200000 41717 -0.0359898 7001.11 0.999615
1968300000 41717 -0.112572 7001.12 0.999613
1968400000 41717 0.0938355 7001.09 0.999649
1968500000 41717 -0.119491 7001.12 0.999623
1968600000 41717 -0.147696 7001.13 0.999614
1968700000 41717 -0.203156 7001.14 0.999611
1968800000 41717 0.616168 7001 0.99972
1968900000 41717 -0.143307 7001.13 0.99962
1969000000 41717 -0.110473 7001.12 0.999617
1969100000 41717 -0.0622792 7001.11 0.999616
1969200000 41717 -0.00775637 7001.1 0.999617
1969300000 41717 -0.055907 7001.11 0.999615
1969400000 41717 -0.21218 7001.14 0.999614
1969500000 41717 -0.150461 7001.13 0.99961
1969600000 41717 0.155884 7001.08 0.999659
1969700000 41717 0.0438201 7001.09 0.99964
1969800000 41717 0.227525 7001.06 0.999695
1969900000 41717 -0.0414149 7001.11 0.999614
1970000000 41717 -0.055067 7001.11 0.999616
1970100000 41717 -0.0627397 7001.11 0.999619
1970200000 41717 0.633845 7001 0.99971
1970300000 41717 -0.164427 7001.13 0.999622
1970400000 41717 -0.102777 7001.12 0.999618
1970500000 41717 -0.149808 7001.13 0.999623
1970600000 41717 -0.0499596 7001.11 0.999615
1970700000 41717 -0.16069 7001.13 0.999619
1970800000 41717 -0.00921898 7001.1 0.999634
1970900000 41717 2.3681 7000.7 0.999848
1971000000 41717 0.233687 7001.06 0.999665
1971100000 41717 -0.0832039 7001.12 0.999613
1971200000 41717 -0.114566 7001.12 0.999624
1971300000 41717 -0.203645 7001.14 0.999615
1971400000 41717 -0.109931 7001.12 0.999615
1971500000 41717 -0.0444339 7001.11 0.999616
1971600000 41717 -0.179128 7001.13 0.999616
1971700000 41717 -0.0985209 7001.12 0.999614
1971800000 41717 -0.140982 7001.13 0.999616
1971900000 41717 0.542428 7001.01 0.999701
1972000000 41717 0.28328 7001.05 0.999675
1972100000 41717 -0.0723567 7001.11 0.999618
1972200000 41717 -0.00376359 7001.1 0.999617
1972300000 41717 -0.0866252 7001.12 0.999612
1972400000 41717 2.61595 7000.66 0.999907
1972500000 41717 -0.0768367 7001.11 0.999613
1972600000 41717 -0.0427089 7001.11 0.999614
1972700000 41717 -0.0380878 7001.11 0.999616
1972800000 41717 -0.0468156 7001.11 0.999615
1972900000 41717 -0.0472794 7001.11 0.999614
1973000000 41717 -0.173806 7001.13 0.999616
1973100000 41717 -0.0642862 7001.11 0.999614
1973200000 41717 -0.0941642 7001.12 0.999613
1973300000 41717 0.483461 7001.02 0.999712
1973400000 41717 -0.223196 7001.14 0.999631
1973500000 41717 0.374967 7001.04 0.999707
1973600000 41717 -0.135257 7001.12 0.999613
1973700000 41717 0.395396 7001.04 0.999686
1973800000 41717 -0.0990113 7001.12 0.999618
1973900000 41717 -0.265372 7001.15 0.999621
1974000000 41717 -0.0464708 7001.11 0.999615
1974100000 41717 -0.13745 7001.12 0.99961
1974200000 41717 0.470191 7001.02 0.999691
1974300000 41717 -0.0422387 7001.11 0.999625
1974400000 41717 -0.0156131 7001.1 0.999616
1974500000 41717 -0.060604 7001.11 0.999627
1974600000 41717 -0.0331988 7001.11 0.999615
1974700000 41717 0.79726 7000.97 0.999721
1974800000 41717 5.27413 7000.22 1.00004
1974900000 41717 -0.209022 7001.14 0.999633
1975000000 41717 -0.123061 7001.12 0.999612
1975100000 41717 -0.00494041 7001.1 0.999633
1975200000 41717 -0.182768 7001.13 0.999616
1975300000 41717 -0.127873 7001.12 0.999611
1975400000 41717 -0.0895637 7001.12 0.999615
1975500000 41717 -0.120918 7001.12 0.999618
1975600000 41717 0.692818 7000.98 0.99973
1975700000 41717 -0.11078 7001.12 0.999611
1975800000 41717 -0.0559391 7001.11 0.99962
1975900000 41717 -0.0143157 7001.1 0.999616
1976000000 41717 -0.0334091 7001.11 0.999615
1976100000 41717 -0.029779 7001.11 0.999615
1976200000 41717 1.27567 7000.89 0.999763
1976300000 41717 -0.216084 7001.14 0.999614
1976400000 41717 2.39586 7000.7 0.999892
1976500000 41717 -0.0893655 7001.12 0.999615
1976600000 41717 -0.00258629 7001.1 0.999617
1976700000 41717 -0.0464063 7001.11 0.999615
1976800000 41717 -0.117163 7001.12 0.999614
1976900000 41717 -0.000587878 7001.1 0.999633
1977000000 41717 -0.138471 7001.12 0.999634
1977100000 41717 -0.0181492 7001.1 0.999616
1977200000 41717 -0.0349281 7001.11 0.999615
1977300000 41717 -0.0321977 7001.11 0.999615
1977400000 41717 -0.120164 7001.12 0.999616
1977500000 41717 -0.105929 7001.12 0.999612
1977600000 41717 -0.085424 7001.12 0.999631
1977700000 41717 -0.111931 7001.12 0.999611
1977800000 41717 -0.0589125 7001.11 0.999617
1977900000 41717 -0.0258643 7001.11 0.999616
1978000000 41717 -0.103446 7001.12 0.999628
1978100000 41717 -0.026373 7001.11 0.999616
1978200000 41717 0.0964501 7001.09 0.999647
1978300000 41717 -0.056411 7001.11 0.999614
1978400000 41717 0.0222928 7001.1 0.999638
1978500000 41717 -0.142026 7001.13 0.999614
1978600000 41717 -0.0616046 7001.11 0.999615
1978700000 41717 0.0525413 7001.09 0.999644
1978800000 41717 0.0427375 7001.09 0.99966
1978900000 41717 0.161442 7001.07 0.999679
1979000000 41717 -0.07839 7001.11 0.999625
1979100000 41717 -0.0821857 7001.12 0.999612
1979200000 41717 -0.0748255 7001.11 0.999615
1979300000 41717 -0.104105 7001.12 0.999614
1979400000 41717 -0.103775 7001.12 0.999619
1979500000 41717 -0.140156 7001.13 0.999619
1979600000 41717 -0.163182 7001.13 0.999619
1979700000 41717 -0.0521843 7001.11 0.999614
1979800000 41717 -0.0850945 7001.12 0.999634
1979900000 41717 -0.0718123 7001.11 0.99962
1980000000 41717 0.134227 7001.08 0.999653
1980100000 41717 -0.0245518 7001.11 0.999616
1980200000 41717 -0.00212084 7001.1 0.999617
1980300000 41717 -0.248352 7001.14 0.999611
1980400000 41717 -0.124326 7001.12 0.999627
1980500000 41717 -0.064922 7001.11 0.999624
1980600000 41717 -0.0488181 7001.11 0.999615
1980700000 41717 -0.0411327 7001.11 0.999615
1980800000 41717 -0.166302 7001.13 0.999614
1980900000 41717 -0.0566039 7001.11 0.99965
1981000000 41717 0.665519 7000.99 0.999727
1981100000 41717 -0.0198781 7001.1 0.999641
1981200000 41717 -0.0802757 7001.12 0.999614
1981300000 41717 -0.0835242 7001.12 0.999622
1981400000 41717 -0.010025 7001.1 0.999617
1981500000 41717 3.33664 7000.54 0.999916
1981600000 41717 0.395472 7001.04 0.9997
1981700000 41717 1.62977 7000.83 0.999833
1981800000 41717 -0.0531217 7001.11 0.999617
1981900000 41717 2.77497 7000.64 0.999877
1982000000 41717 0.61782 7001 0.999703
1982100000 41717 -0.163267 7001.13 0.999625
1982200000 41717 0.19277 7001.07 0.99966
1982300000 41717 -0.00363163 7001.1 0.999617
1982400000 41717 -0.0188905 7001.1 0.999616
1982500000 41717 -0.0291002 7001.11 0.999615
1982600000 41717 -0.092034 7001.12 0.999617
1982700000 41717 -0.0836726 7001.12 0.999614
1982800000 41717 0.12799 7001.08 0.999666
1982900000 41717 -0.0711674 7001.11 0.999641
1983000000 41717 -0.0679723 7001.11 0.99962
1983100000 41717 -0.00552256 7001.1 0.999632
1983200000 41717 -0.0578212 7001.11 0.999615
1983300000 41717 -0.144664 7001.13 0.999612
1983400000 41717 0.143024 7001.08 0.999662
1983500000 41717 -0.0408665 7001.11 0.999614
1983600000 41717 -0.173314 7001.13 0.99961
1983700000 41717 -0.138268 7001.12 0.999612
1983800000 41717 -0.127034 7001.12 0.999633
1983900000 41717 -0.0342368 7001.11 0.999615
1984000000 41717 3.91692 7000.44 0.999956
1984100000 41717 5.87212 7000.12 1.00008
1984200000 41717 -0.0978748 7001.12 0.999615
1984300000 41717 -0.0607771 7001.11 0.999619
1984400000 41717 -0.0990089 7001.12 0.999613
1984500000 41717 3.84639 7000.46 0.999952
1984600000 41717 -0.113336 7001.12 0.99962
1984700000 41717 -0.0516498 7001.11 0.999615
1984800000 41717 2.5783 7000.67 0.999862
1984900000 41717 0.314837 7001.05 0.999693
1985000000 41717 -0.117318 7001.12 0.999615
1985100000 41717 -0.113171 7001.12 0.999618
1985200000 41717 -0.104928 7001.12 0.999614
1985300000 41717 -0.0719038 7001.11 0.999628
1985400000 41717 -0.131168 7001.12 0.999617
1985500000 41717 -0.0475172 7001.11 0.999639
1985600000 41717 0.0829071 7001.09 0.999645
1985700000 41717 -0.135339 7001.12 0.999625
1985800000 41717 0.172758 7001.07 0.999658
1985900000 41717 -0.0818838 7001.12 0.999613
1986000000 41717 -0.0275107 7001.11 0.999616
1986100000 41717 0.103692 7001.08 0.999648
1986200000 41717 -0.0377397 7001.11 0.999615
1986300000 41717 -0.0446579 7001.11 0.999616
1986400000 41717 -0.00963277 7001.1 0.999617
1986500000 41717 -0.0932304 7001.12 0.999622
1986600000 41717 -0.00760973 7001.1 0.999617
1986700000 41717 0.346867 7001.04 0.999677
1986800000 41717 -0.143694 7001.13 0.999641
1986900000 41717 3.80758 7000.46 0.999983
1987000000 41717 -0.0977701 7001.12 0.999615
1987100000 41717 -0.171901 7001.13 0.999617
1987200000 41717 0.341594 7001.04 0.999688
1987300000 41717 -0.0227105 7001.11 0.999616
1987400000 41717 -0.022153 7001.11 0.999616
1987500000 41717 0.172132 7001.07 0.999666
1987600000 41717 0.497874 7001.02 0.999697
1987700000 41717 -0.00996245 7001.1 0.999617
1987800000 41717 -0.103352 7001.12 0.99964
1987900000 41717 -0.0577558 7001.11 0.999615
1988000000 41717 -0.0583688 7001.11 0.999614
1988100000 41717 0.766265 7000.97 0.999718
1988200000 41717 -0.122219 7001.12 0.999619
1988300000 41717 0.0661924 7001.09 0.99966
1988400000 41717 3.00426 7000.6 0.999918
1988500000 41717 -0.0296871 7001.11 0.999615
1988600000 41717 0.996695 7000.93 0.99974
1988700000 41717 -0.0113955 7001.1 0.999617
1988800000 41717 -0.0425592 7001.11 0.999615
1988900000 41717 -0.0858954 7001.12 0.999612
1989000000 41717 -0.0716654 7001.11 0.999614
1989100000 41717 -0.217729 7001.14 0.999617
1989200000 41717 0.218641 7001.06 0.999661
1989300000 41717 -0.0063476 7001.1 0.999617
1989400000 41717 1.55123 7000.84 0.999803
1989500000 41717 -0.0891696 7001.12 0.999615
1989600000 41717 -0.017452 7001.1 0.999616
1989700000 41717 0.166316 7001.07 0.999704
1989800000 41717 -0.20364 7001.14 0.999613
1989900000 41717 0.427763 7001.03 0.999684
1990000000 41717 -0.0948436 7001.12 0.999615
1990100000 41717 -0.00928174 7001.1 0.999617
1990200000 41717 -0.037143 7001.11 0.999616
1990300000 41717 -0.105073 7001.12 0.999615
1990400000 41717 0.223039 7001.06 0.999664
1990500000 41717 -0.183847 7001.13 0.999612
1990600000 41717 0.761936 7000.97 0.999742
1990700000 41717 -0.0179562 7001.1 0.999633
1990800000 41717 -0.0538583 7001.11 0.999615
1990900000 41717 -0.0294287 7001.11 0.999616
1991000000 41717 -0.0174522 7001.1 0.999616
1991100000 41717 0.0225476 7001.1 0.999646
1991200000 41717 1.00483 7000.93 0.999738
1991300000 41717 -0.144481 7001.13 0.999618
1991400000 41717 -0.191741 7001.13 0.999617
1991500000 41717 0.14761 7001.08 0.999653
1991600000 41717 0.907364 7000.95 0.999733
1991700000 41717 -0.124226 7001.12 0.999612
1991800000 41717 0.289562 7001.05 0.999708
1991900000 41717 -0.0258837 7001.11 0.999615
1992000000 41717 0.342067 7001.04 0.999676
1992100000 41717 0.688016 7000.99 0.999717
1992200000 41717 -0.0914459 7001.12 0.999618
1992300000 41717 0.615371 7001 0.999732
1992400000 41717 -0.138047 7001.12 0.999617
1992500000 41717 0.0223752 7001.1 0.999641
1992600000 41717 -0.0894166 7001.12 0.999612
1992700000 41717 -0.0462541 7001.11 0.999625
1992800000 41717 0.30052 7001.05 0.999686
1992900000 41717 -0.0749502 7001.11 0.999614
1993000000 41717 0.180274 7001.07 0.999662
1993100000 41717 -0.224361 7001.14 0.999629
1993200000 41717 -0.0109903 7001.1 0.999617
1993300000 41717 2.23116 7000.73 0.999836
1993400000 41717 -0.0871488 7001.12 0.999618
1993500000 41717 -0.0310655 7001.11 0.999631
1993600000 41717 -0.124992 7001.12 0.999618
1993700000 41717 -0.0718719 7001.11 0.999627
1993800000 41717 -0.0613699 7001.11 0.999613
1993900000 41717 -0.0709658 7001.11 0.999652
1994000000 41717 1.18386 7000.9 0.999764
1994100000 41717 -0.0587286 7001.11 0.999616
1994200000 41717 -0.146638 7001.13 0.999617
1994300000 41717 -0.121838 7001.12 0.999612
1994400000 41717 1.98931 7000.77 0.999818
1994500000 41717 -0.075569 7001.11 0.99962
1994600000 41717 -0.0474002 7001.11 0.999615
1994700000 41717 -0.102046 7001.12 0.999615
1994800000 41717 -0.0572555 7001.11 0.999614
1994900000 41717 -0.0864593 7001.12 0.999621
1995000000 41717 1.61456 7000.83 0.999864
1995100000 41717 -0.149926 7001.13 0.999621
1995200000 41717 -0.183012 7001.13 0.99962
1995300000 41717 0.0311313 7001.1 0.999639
1995400000 41717 -0.175169 7001.13 0.999621
1995500000 41717 -0.0153792 7001.1 0.999616
1995600000 41717 0.153093 7001.08 0.99967
1995700000 41717 -0.128012 7001.12 0.999611
1995800000 41717 -0.12644 7001.12 0.999613
1995900000 41717 -0.111975 7001.12 0.999612
1996000000 41717 -0.0992105 7001.12 0.999617
1996100000 41717 -0.0312981 7001.11 0.999616
1996200000 41717 -0.0759411 7001.11 0.999629
1996300000 41717 -0.0278308 7001.11 0.999616
1996400000 41717 -0.0640873 7001.11 0.99964
1996500000 41717 1.24611 7000.89 0.999763
1996600000 41717 -0.120193 7001.12 0.999625
1996700000 41717 -0.0611825 7001.11 0.999616
1996800000 41717 -0.0510558 7001.11 0.999615
1996900000 41717 0.204716 7001.07 0.999666
1997000000 41717 0.905921 7000.95 0.999731
1997100000 41717 -0.127969 7001.12 0.999615
1997200000 41717 0.00405639 7001.1 0.999635
1997300000 41717 0.275575 7001.06 0.999675
1997400000 41717 -0.0348331 7001.11 0.999647
1997500000 41717 2.20255 7000.73 0.999834
1997600000 41717 -0.0542523 7001.11 0.999614
1997700000 41717 1.28532 7000.89 0.999774
1997800000 41717 -0.0401703 7001.11 0.999615
1997900000 41717 0.329114 7001.05 0.999674
1998000000 41717 1.15962 7000.91 0.999754
1998100000 41717 -0.2033 7001.14 0.999621
1998200000 41717 -0.0222277 7001.11 0.999616
1998300000 41717 -0.0654815 7001.11 0.999613
1998400000 41717 -0.0312661 7001.11 0.999635
1998500000 41717 -0.0274403 7001.11 0.99963
1998600000 41717 -0.076074 7001.11 0.999613
1998700000 41717 -0.0669475 7001.11 0.999621
1998800000 41717 -0.0994919 7001.12 0.999616
1998900000 41717 -0.0433028 7001.11 0.999616
1999000000 41717 0.182379 7001.07 0.999663
1999100000 41717 -0.127274 7001.12 0.999618
1999200000 41717 -0.0621422 7001.11 0.999618
1999300000 41717 -0.0402067 7001.11 0.999615
1999400000 41717 0.14373 7001.08 0.999653
1999500000 41717 -0.0394553 7001.11 0.999615
1999600000 41717 -0.0605636 7001.11 0.999613
1999700000 41717 -0.0693128 7001.11 0.99963
1999800000 41717 0.255971 7001.06 0.999666
1999900000 41717 -0.0361791 7001.11 0.999615
2000000000 41717 0.0583733 7001.09 0.999645
