# Time-averaged data for fix AveAll
# TimeStep v_TotEn v_PotEn c_T c_P
100000 7120.34 731.413 14384.9 0.989967
200000 7120.37 713.614 14425.1 0.990985
300000 7120.34 730.195 14387.7 0.99027
400000 7120.36 718.688 14413.6 0.990689
500000 7120.33 727.364 14394 0.990289
600000 7120.36 710.893 14431.2 0.991139
700000 7120.35 714.953 14422 0.990916
800000 7120.36 713.937 14424.3 0.990707
900000 7120.37 720.784 14408.9 0.990871
1000000 7120.35 724.252 14401.1 0.990698
1100000 7120.35 708.861 14435.7 0.9911
1200000 7120.36 715.447 14420.9 0.990643
1300000 7120.36 719.339 14412.2 0.990723
1400000 7120.35 714.575 14422.8 0.990684
1500000 7120.36 711.199 14430.5 0.990966
1600000 7120.35 741.702 14361.8 0.989325
1700000 7120.33 729.221 14389.8 0.990402
1800000 7120.34 705.247 14443.8 0.991213
1900000 7120.33 720.248 14410 0.990867
2000000 7120.35 724.262 14401 0.990146
2100000 7120.37 720.593 14409.3 0.990556
2200000 7120.38 706.329 14441.5 0.991235
2300000 7120.36 694.516 14468 0.991786
2400000 7120.36 722.564 14404.9 0.99055
2500000 7120.36 724.223 14401.1 0.990554
2600000 7120.39 712.876 14426.8 0.990747
2700000 7120.35 725.052 14399.3 0.990292
2800000 7120.34 729.619 14389 0.990374
2900000 7120.34 719.474 14411.8 0.990775
3000000 7120.4 732.121 14383.5 0.990061
3100000 7120.36 719.073 14412.7 0.990672
3200000 7120.34 705.502 14443.3 0.991042
3300000 7120.35 705.642 14443 0.991462
3400000 7120.34 721.073 14408.2 0.990379
3500000 7120.34 712.653 14427.2 0.990638
3600000 7120.35 703.411 14448 0.991441
3700000 7120.36 727.134 14394.6 0.989922
3800000 7120.34 712.802 14426.8 0.99106
3900000 7120.33 736.567 14373.3 0.989751
4000000 7120.35 718.444 14414.1 0.990858
4100000 7120.33 729.166 14390 0.99024
4200000 7120.38 702.687 14449.7 0.991393
4300000 7120.37 728.324 14391.9 0.990092
4400000 7120.37 714.21 14423.7 0.991161
4500000 7120.33 722.385 14405.2 0.990368
4600000 7120.38 710.779 14431.5 0.991116
4700000 7120.35 720.942 14408.5 0.99079
4800000 7120.38 705.603 14443.1 0.991364
4900000 7120.35 716.117 14419.4 0.990673
5000000 7120.34 735.135 14376.5 0.989989
5100000 7120.37 713.121 14426.2 0.990944
5200000 7120.35 709.371 14434.6 0.991309
5300000 7120.33 722.347 14405.3 0.990371
5400000 7120.33 735.131 14376.5 0.989878
5500000 7120.33 714.692 14422.5 0.990903
5600000 7120.36 705.7 14442.9 0.991242
5700000 7120.36 715.286 14421.3 0.990758
5800000 7120.35 712.497 14427.5 0.991092
5900000 7120.37 717.977 14415.2 0.991176
6000000 7120.37 722.399 14405.3 0.990353
6100000 7120.37 710.778 14431.5 0.991159
6200000 7120.36 719.527 14411.7 0.990816
6300000 7120.36 711.075 14430.7 0.990983
6400000 7120.37 711.178 14430.5 0.99135
6500000 7120.37 708.537 14436.5 0.990899
6600000 7120.37 726.035 14397.1 0.990488
6700000 7120.38 707.183 14439.6 0.990936
6800000 7120.38 726.9 14395.2 0.990201
6900000 7120.36 704.802 14444.9 0.991287
7000000 7120.33 706.84 14440.2 0.991268
7100000 7120.37 721.732 14406.8 0.991111
7200000 7120.36 717.972 14415.2 0.990716
7300000 7120.35 715.761 14420.2 0.990771
7400000 7120.37 717.427 14416.5 0.990784
7500000 7120.33 709.644 14433.9 0.99112
7600000 7120.36 713.216 14425.9 0.990933
7700000 7120.36 711.673 14429.4 0.990978
7800000 7120.38 722.771 14404.5 0.990329
7900000 7120.38 725.356 14398.6 0.990375
8000000 7120.36 717.864 14415.5 0.992873
8100000 7120.37 719.397 14412 0.990752
8200000 7120.33 715.204 14421.4 0.990811
8300000 7120.36 713.899 14424.4 0.990826
8400000 7120.37 715.291 14421.3 0.990545
8500000 7120.35 720.495 14409.5 0.990684
8600000 7120.36 717.292 14416.8 0.990693
8700000 7120.36 714.752 14422.5 0.9909
8800000 7120.37 738.154 14369.8 0.98972
8900000 7120.34 712.784 14426.9 0.990912
9000000 7120.36 713.757 14424.7 0.99083
9100000 7120.38 721.433 14407.5 0.990657
9200000 7120.35 718.009 14415.1 0.990884
9300000 7120.36 721.08 14408.2 0.990644
9400000 7120.37 710.154 14432.8 0.991239
9500000 7120.32 736.348 14373.8 0.989811
9600000 7120.37 707.451 14438.9 0.990993
9700000 7120.36 725.852 14397.5 0.990337
9800000 7120.33 722.936 14404 0.99032
9900000 7120.34 709.86 14433.5 0.991037
10000000 7120.37 704.663 14445.2 0.991312
10100000 7120.37 727.505 14393.8 0.990332
10200000 7120.37 709.972 14433.3 0.991252
10300000 7120.34 717.629 14415.9 0.990701
10400000 7120.35 718.624 14413.7 0.990322
10500000 7120.37 711.727 14429.3 0.990959
10600000 7120.37 712.378 14427.8 0.99065
10700000 7120.35 731.185 14385.4 0.990264
10800000 7120.35 707.466 14438.9 0.991204
10900000 7120.35 716.881 14417.7 0.990654
11000000 7120.37 717.353 14416.6 0.990561
11100000 7120.36 715.762 14420.2 0.990857
11200000 7120.39 718.405 14414.3 0.990637
11300000 7120.35 727.466 14393.8 0.990014
11400000 7120.36 714.035 14424.1 0.99065
11500000 7120.35 710.919 14431.1 0.990932
11600000 7120.35 717.975 14415.2 0.990635
11700000 7120.37 704.11 14446.5 0.991481
11800000 7120.37 720.655 14409.2 0.990743
11900000 7120.34 713.759 14424.7 0.990738
12000000 7120.35 706.887 14440.2 0.991163
12100000 7120.37 718.259 14414.6 0.990602
12200000 7120.37 712.957 14426.5 0.990884
12300000 7120.36 729.236 14389.9 0.990105
12400000 7120.37 702.935 14449.1 0.991311
12500000 7120.34 715.183 14421.5 0.990745
12600000 7120.34 717.652 14415.9 0.990785
12700000 7120.33 721.605 14407 0.990598
12800000 7120.36 722.346 14405.4 0.990756
12900000 7120.35 726.022 14397.1 0.990518
13000000 7120.38 723.014 14403.9 0.990339
13100000 7120.34 716.682 14418.1 0.990634
13200000 7120.37 730.902 14386.1 0.989973
13300000 7120.37 695.06 14466.8 0.991671
13400000 7120.33 724.19 14401.2 0.990156
13500000 7120.35 729.193 14389.9 0.989797
13600000 7120.34 727.757 14393.1 0.990101
13700000 7120.34 715.608 14420.5 0.992751
13800000 7120.36 721.656 14406.9 0.9904
13900000 7120.36 722.06 14406 0.990441
14000000 7120.39 711.436 14430 0.990944
14100000 7120.34 718.333 14414.4 0.990596
14200000 7120.35 732.32 14382.9 0.99003
14300000 7120.35 726.051 14397 0.990524
14400000 7120.35 711.814 14429.1 0.991116
14500000 7120.33 731.881 14383.8 0.990081
14600000 7120.36 727.501 14393.8 0.990611
14700000 7120.38 710.888 14431.2 0.991202
14800000 7120.37 714.067 14424 0.991281
14900000 7120.35 717.183 14417 0.990907
15000000 7120.35 720.915 14408.6 0.990465
15100000 7120.35 713.008 14426.4 0.990667
15200000 7120.34 716.988 14417.4 0.990758
15300000 7120.35 721.052 14408.3 0.990529
15400000 7120.35 713.042 14426.3 0.990918
15500000 7120.35 705.363 14443.6 0.991187
15600000 7120.33 718.783 14413.3 0.990617
15700000 7120.33 741.164 14362.9 0.989648
15800000 7120.35 703.264 14448.3 0.991268
15900000 7120.34 718.975 14412.9 0.99073
16000000 7120.4 710.275 14432.7 0.991035
16100000 7120.34 712.11 14428.4 0.99106
16200000 7120.4 708.423 14436.8 0.991292
16300000 7120.34 710.85 14431.2 0.990989
16400000 7120.35 716.992 14417.4 0.990728
16500000 7120.38 709.349 14434.7 0.991066
16600000 7120.36 721.304 14407.7 0.990575
16700000 7120.36 705.586 14443.1 0.991338
16800000 7120.36 725.314 14398.7 0.990184
16900000 7120.36 722.38 14405.3 0.990425
17000000 7120.38 714.023 14424.2 0.990889
17100000 7120.34 726.667 14395.6 0.991406
17200000 7120.34 708.447 14436.6 0.991142
17300000 7120.35 704.165 14446.3 0.991637
17400000 7120.35 706.475 14441.1 0.991363
17500000 7120.36 718.366 14414.3 0.990816
17600000 7120.35 706.221 14441.7 0.991339
17700000 7120.33 704.363 14445.8 0.991448
17800000 7120.36 710.808 14431.3 0.991223
17900000 7120.34 723.684 14402.3 0.990397
18000000 7120.34 722.41 14405.2 0.990366
18100000 7120.37 726.599 14395.8 0.990419
18200000 7120.35 724.235 14401.1 0.990239
18300000 7120.35 723.82 14402 0.990489
18400000 7120.35 716.845 14417.7 0.990889
18500000 7120.36 718.27 14414.6 0.990728
18600000 7120.36 706.001 14442.2 0.991202
18700000 7120.35 719.212 14412.4 0.990358
18800000 7120.34 726.981 14394.9 0.990542
18900000 7120.35 704.275 14446.1 0.991414
19000000 7120.34 737.596 14371 0.990204
19100000 7120.36 731.952 14383.7 0.990008
19200000 7120.36 720.245 14410.1 0.990293
19300000 7120.38 716.663 14418.2 0.990612
19400000 7120.34 737.331 14371.6 0.989761
19500000 7120.33 713.575 14425.1 0.990881
19600000 7120.36 712.835 14426.8 0.99092
19700000 7120.35 719.705 14411.3 0.990816
19800000 7120.33 721.443 14407.3 0.990611
19900000 7120.33 719.49 14411.7 0.990641
20000000 7120.35 699.072 14457.7 0.99149
20100000 7120.38 710.599 14431.9 0.99102
20200000 7120.35 716.349 14418.9 0.990734
20300000 7120.36 716.017 14419.6 0.990757
20400000 7120.35 723.664 14402.4 0.990794
20500000 7120.34 742.793 14359.3 0.989612
20600000 7120.34 710.715 14431.5 0.991072
20700000 7120.38 724.781 14399.9 0.99033
20800000 7120.37 719.282 14412.3 0.990528
20900000 7120.35 721.024 14408.3 0.990365
21000000 7120.33 717.869 14415.4 0.990638
21100000 7120.38 709.419 14434.5 0.991053
21200000 7120.32 719.862 14410.9 0.990249
21300000 7120.38 713.19 14426 0.990937
21400000 7120.33 712.766 14426.9 0.991233
21500000 7120.34 719.771 14411.1 0.990678
21600000 7120.35 702.045 14451.1 0.991603
21700000 7120.34 717.082 14417.2 0.990795
21800000 7120.37 709.284 14434.8 0.990808
21900000 7120.36 712.924 14426.6 0.991127
22000000 7120.38 704.582 14445.4 0.99122
22100000 7120.34 717.65 14415.9 0.990663
22200000 7120.34 734.431 14378.1 0.989989
22300000 7120.37 714.708 14422.6 0.990879
22400000 7120.37 711.075 14430.8 0.990841
22500000 7120.36 727.994 14392.7 0.990163
22600000 7120.33 711.703 14429.3 0.990881
22700000 7120.39 727.29 14394.3 0.990233
22800000 7120.33 723.121 14403.6 0.990372
22900000 7120.36 728.915 14390.6 0.989978
23000000 7120.34 725.299 14398.7 0.990338
23100000 7120.34 720.45 14409.6 0.990389
23200000 7120.35 720.42 14409.7 0.990558
23300000 7120.35 721.247 14407.8 0.990843
23400000 7120.33 710.711 14431.5 0.990781
23500000 7120.37 723.99 14401.7 0.990236
23600000 7120.34 715.574 14420.6 0.991023
23700000 7120.36 717.24 14416.9 0.990904
23800000 7120.36 704.562 14445.4 0.991377
23900000 7120.35 717.986 14415.2 0.990714
24000000 7120.36 718.339 14414.4 0.990357
24100000 7120.34 716.525 14418.4 0.99086
24200000 7120.35 727.116 14394.6 0.990223
24300000 7120.32 725.877 14397.3 0.990305
24400000 7120.34 707.994 14437.6 0.99106
24500000 7120.37 741.971 14361.2 0.989488
24600000 7120.35 720.911 14408.6 0.990548
24700000 7120.38 711.842 14429.1 0.991076
24800000 7120.34 715.375 14421 0.990844
24900000 7120.35 739.082 14367.7 0.989915
25000000 7120.34 719.119 14412.6 0.990793
25100000 7120.39 703.521 14447.8 0.991301
25200000 7120.34 716.531 14418.4 0.99072
25300000 7120.38 693.113 14471.2 0.991734
25400000 7120.34 720.325 14409.9 0.991067
25500000 7120.38 720.847 14408.8 0.990348
25600000 7120.37 724.613 14400.3 0.990583
25700000 7120.35 713.797 14424.6 0.990698
25800000 7120.34 739.443 14366.8 0.990103
25900000 7120.38 706.051 14442.1 0.991346
26000000 7120.35 721.942 14406.3 0.990428
26100000 7120.36 711.439 14429.9 0.991099
26200000 7120.34 735.731 14375.2 0.9898
26300000 7120.37 724.17 14401.3 0.990309
26400000 7120.34 707.496 14438.8 0.991042
26500000 7120.37 735.466 14375.9 0.989663
26600000 7120.37 699.668 14456.5 0.991514
26700000 7120.35 722.347 14405.4 0.990673
26800000 7120.36 710.949 14431 0.991077
26900000 7120.34 709.195 14434.9 0.991166
27000000 7120.39 713.967 14424.3 0.990878
27100000 7120.36 722.214 14405.7 0.990286
27200000 7120.34 738.189 14369.7 0.989595
27300000 7120.34 709.02 14435.3 0.99135
27400000 7120.35 714.433 14423.2 0.990397
27500000 7120.35 707.718 14438.3 0.991121
27600000 7120.36 715.052 14421.8 0.990576
27700000 7120.36 719.413 14412 0.990594
27800000 7120.35 718.185 14414.7 0.99104
27900000 7120.37 712.762 14427 0.99096
28000000 7120.35 704.155 14446.3 0.991412
28100000 7120.36 695.966 14464.8 0.991577
28200000 7120.32 719.597 14411.5 0.990747
28300000 7120.36 718.652 14413.7 0.990594
28400000 7120.36 711.81 14429.1 0.990987
28500000 7120.34 722.597 14404.8 0.990517
28600000 7120.35 705.795 14442.6 0.991374
28700000 7120.32 713.26 14425.7 0.991138
28800000 7120.36 727.142 14394.6 0.990583
28900000 7120.37 726.571 14395.9 0.990494
29000000 7120.35 708.812 14435.8 0.991097
29100000 7120.33 705.718 14442.7 0.991331
29200000 7120.31 708.136 14437.3 0.991102
29300000 7120.38 713.031 14426.4 0.990912
29400000 7120.35 722.17 14405.7 0.990708
29500000 7120.35 739.826 14366 0.989775
29600000 7120.35 715.135 14421.6 0.990591
29700000 7120.35 722.039 14406 0.990791
29800000 7120.35 726.611 14395.7 0.990541
29900000 7120.37 714.631 14422.8 0.990797
30000000 7120.36 730.602 14386.8 0.990466
30100000 7120.36 725.63 14398 0.990552
30200000 7120.37 710.596 14431.9 0.991006
30300000 7120.38 712.866 14426.8 0.990661
30400000 7120.37 711.502 14429.8 0.990826
30500000 7120.36 719.9 14410.9 0.990969
30600000 7120.37 691.815 14474.1 0.991836
30700000 7120.33 706.992 14439.9 0.991025
30800000 7120.33 717.368 14416.5 0.990934
30900000 7120.37 711.086 14430.8 0.990966
31000000 7120.39 721.645 14407 0.991116
31100000 7120.36 703.853 14447 0.991393
31200000 7120.37 698.743 14458.6 0.991583
31300000 7120.36 723.878 14401.9 0.990588
31400000 7120.37 707.493 14438.8 0.991246
31500000 7120.39 711.951 14428.8 0.990989
31600000 7120.38 726.052 14397.1 0.990362
31700000 7120.35 726.784 14395.4 0.990413
31800000 7120.36 706.05 14442.1 0.991382
31900000 7120.35 717.68 14415.9 0.990781
32000000 7120.36 723.206 14403.4 0.990483
32100000 7120.34 714.832 14422.3 0.991076
32200000 7120.36 717.184 14417 0.990876
32300000 7120.38 713.058 14426.3 0.991139
32400000 7120.36 708.844 14435.8 0.991203
32500000 7120.36 730.981 14385.9 0.989801
32600000 7120.36 734.169 14378.7 0.989615
32700000 7120.34 711.355 14430.1 0.990898
32800000 7120.35 719.658 14411.4 0.990717
32900000 7120.35 717.973 14415.2 0.990668
33000000 7120.35 723.38 14403 0.990381
33100000 7120.32 732.146 14383.2 0.990065
33200000 7120.35 699.841 14456 0.991562
33300000 7120.32 729.881 14388.3 0.990167
33400000 7120.35 717.848 14415.5 0.990664
33500000 7120.37 712.152 14428.4 0.991148
33600000 7120.32 711.974 14428.6 0.991057
33700000 7120.38 695.871 14465 0.991747
33800000 7120.33 720.535 14409.4 0.990364
33900000 7120.35 711.409 14430 0.990881
34000000 7120.36 708.429 14436.7 0.991141
34100000 7120.35 724.376 14400.8 0.990656
34200000 7120.34 701.966 14451.2 0.991178
34300000 7120.35 716.353 14418.9 0.990605
34400000 7120.35 728.957 14390.5 0.991188
34500000 7120.36 735.679 14375.3 0.989699
34600000 7120.34 702.36 14450.3 0.991252
34700000 7120.36 724.851 14399.7 0.990586
34800000 7120.35 715.709 14420.3 0.99063
34900000 7120.34 694.359 14468.3 0.991786
35000000 7120.34 700.944 14453.5 0.991412
35100000 7120.35 717.065 14417.2 0.990797
35200000 7120.35 704.556 14445.4 0.991402
35300000 7120.36 708.49 14436.6 0.99121
35400000 7120.35 714.8 14422.3 0.990569
35500000 7120.35 726.347 14396.4 0.990403
35600000 7120.35 710.3 14432.5 0.990876
35700000 7120.35 745.878 14352.4 0.989138
35800000 7120.34 712.73 14427 0.990969
35900000 7120.36 714.821 14422.3 0.990725
36000000 7120.37 719.7 14411.3 0.990572
36100000 7120.35 712.431 14427.7 0.991281
36200000 7120.34 724.842 14399.7 0.99027
36300000 7120.37 708.767 14436 0.991115
36400000 7120.34 724.254 14401 0.990233
36500000 7120.36 711.307 14430.2 0.991086
36600000 7120.36 722.901 14404.1 0.99047
36700000 7120.35 720.416 14409.7 0.990772
36800000 7120.36 703.01 14448.9 0.991335
36900000 7120.34 714.442 14423.1 0.990714
37000000 7120.33 701.22 14452.9 0.991288
37100000 7120.38 723.788 14402.2 0.990468
37200000 7120.35 698.983 14458 0.991389
37300000 7120.38 711.726 14429.3 0.991118
37400000 7120.37 716.086 14419.5 0.990643
37500000 7120.36 721.232 14407.9 0.990568
37600000 7120.35 721.995 14406.1 0.990424
37700000 7120.37 719.46 14411.9 0.990601
37800000 7120.37 721.936 14406.3 0.990424
37900000 7120.38 725.757 14397.7 0.990638
38000000 7120.37 700.373 14454.9 0.991442
38100000 7120.36 712.01 14428.6 0.990878
38200000 7120.35 711.237 14430.4 0.990924
38300000 7120.37 703.701 14447.4 0.991227
38400000 7120.35 708.947 14435.5 0.991073
38500000 7120.35 706.219 14441.7 0.990928
38600000 7120.37 708.098 14437.5 0.991213
38700000 7120.36 711.178 14430.5 0.990999
38800000 7120.34 711.343 14430.1 0.990936
38900000 7120.37 717.277 14416.8 0.990757
39000000 7120.4 722.08 14406.1 0.990326
39100000 7120.37 715.683 14420.4 0.990933
39200000 7120.34 723.501 14402.7 0.990379
39300000 7120.34 722.097 14405.9 0.990565
39400000 7120.36 707.68 14438.4 0.991248
39500000 7120.38 724.52 14400.5 0.990858
39600000 7120.38 705.019 14444.4 0.991186
39700000 7120.34 730.09 14387.9 0.989892
39800000 7120.36 724.54 14400.4 0.990375
39900000 7120.36 718.266 14414.6 0.990663
40000000 7120.32 711.52 14429.7 0.991046
40100000 7120.34 723.128 14403.6 0.99049
40200000 7120.34 719.677 14411.3 0.99077
40300000 7120.36 729.752 14388.7 0.99013
40400000 7120.34 709.35 14434.6 0.99108
40500000 7120.35 688.246 14482.1 0.991947
40600000 7120.33 732.609 14382.2 0.989776
40700000 7120.33 724.367 14400.8 0.990317
40800000 7120.38 702.9 14449.2 0.991595
40900000 7120.35 707.299 14439.2 0.991161
41000000 7120.35 723.006 14403.9 0.99048
41100000 7120.35 700.307 14455 0.991643
41200000 7120.36 709.574 14434.1 0.991116
41300000 7120.35 728.711 14391 0.989923
41400000 7120.36 723.794 14402.1 0.990387
41500000 7120.35 708.427 14436.7 0.990715
41600000 7120.33 713.82 14424.5 0.991038
41700000 7120.36 722.387 14405.3 0.99019
41800000 7120.36 703.817 14447.1 0.99142
41900000 7120.36 703.904 14446.9 0.991385
42000000 7120.35 718.533 14413.9 0.990274
42100000 7120.37 720.237 14410.2 0.990369
42200000 7120.37 713.632 14425 0.990703
42300000 7120.35 722.618 14404.7 0.990623
42400000 7120.33 706.367 14441.3 0.991041
42500000 7120.36 703.656 14447.5 0.991399
42600000 7120.32 707.557 14438.6 0.991157
42700000 7120.35 732.695 14382 0.99014
42800000 7120.39 710.087 14433 0.991162
42900000 7120.34 715.251 14421.3 0.99063
43000000 7120.34 724.735 14399.9 0.990345
43100000 7120.35 724.65 14400.2 0.990426
43200000 7120.38 707.777 14438.2 0.991139
43300000 7120.37 730.403 14387.3 0.989997
43400000 7120.36 707.063 14439.8 0.991587
43500000 7120.36 721.36 14407.6 0.990731
43600000 7120.36 718.431 14414.2 0.990721
43700000 7120.36 727.407 14394 0.990588
43800000 7120.34 722.929 14404 0.990474
43900000 7120.35 711.502 14429.8 0.990804
44000000 7120.36 724.892 14399.6 0.990369
44100000 7120.34 722.533 14404.9 0.990372
44200000 7120.35 711.29 14430.3 0.990899
44300000 7120.35 719.505 14411.7 0.990765
44400000 7120.36 725.098 14399.2 0.990519
44500000 7120.36 719.442 14411.9 0.990748
44600000 7120.37 711.925 14428.9 0.990848
44700000 7120.36 725.375 14398.6 0.990412
44800000 7120.37 721.462 14407.4 0.990331
44900000 7120.35 727.946 14392.7 0.989852
45000000 7120.37 710.562 14431.9 0.990936
45100000 7120.37 708.169 14437.3 0.991073
45200000 7120.36 733.981 14379.2 0.990064
45300000 7120.38 723.168 14403.6 0.990202
45400000 7120.36 726.644 14395.7 0.990259
45500000 7120.37 713.686 14424.9 0.991047
45600000 7120.36 715.018 14421.9 0.990796
45700000 7120.38 718.692 14413.6 0.990622
45800000 7120.34 717.882 14415.4 0.991203
45900000 7120.35 716.362 14418.8 0.990482
46000000 7120.37 728.409 14391.7 0.990066
46100000 7120.33 703.78 14447.1 0.991191
46200000 7120.36 711.359 14430.1 0.990913
46300000 7120.36 705.173 14444 0.991231
46400000 7120.38 710.68 14431.7 0.991061
46500000 7120.37 710.026 14433.1 0.991115
46600000 7120.35 714.237 14423.6 0.9908
46700000 7120.34 735.144 14376.5 0.990173
46800000 7120.35 719.545 14411.7 0.990852
46900000 7120.37 716.713 14418.1 0.990754
47000000 7120.32 724.561 14400.3 0.990661
47100000 7120.35 726.541 14395.9 0.990138
47200000 7120.35 711.633 14429.5 0.991122
47300000 7120.33 716.771 14417.9 0.990767
47400000 7120.36 741.649 14361.9 0.989583
47500000 7120.36 734.144 14378.8 0.989577
47600000 7120.37 739.992 14365.7 0.989924
47700000 7120.37 702.647 14449.7 0.991233
47800000 7120.36 717.493 14416.3 0.990581
47900000 7120.37 715.543 14420.7 0.99093
48000000 7120.32 722.416 14405.1 0.99038
48100000 7120.35 717.539 14416.2 0.99083
48200000 7120.36 707.635 14438.5 0.991185
48300000 7120.37 713.258 14425.9 0.991016
48400000 7120.37 720.263 14410.1 0.990729
48500000 7120.34 724.953 14399.5 0.990357
48600000 7120.35 717.962 14415.2 0.990735
48700000 7120.34 701.651 14451.9 0.991401
48800000 7120.38 705.867 14442.5 0.99147
48900000 7120.38 702.683 14449.7 0.991296
49000000 7120.36 723.95 14401.8 0.990239
49100000 7120.37 720.185 14410.3 0.990727
49200000 7120.37 718.101 14415 0.990935
49300000 7120.36 713.594 14425.1 0.990753
49400000 7120.38 712.693 14427.2 0.990833
49500000 7120.35 719.053 14412.8 0.990709
49600000 7120.37 717.348 14416.6 0.990747
49700000 7120.35 724.862 14399.7 0.99038
49800000 7120.33 711.805 14429 0.990928
49900000 7120.36 712.248 14428.1 0.991098
50000000 7120.37 718.054 14415.1 0.99051
50100000 7120.37 730.308 14387.5 0.989563
50200000 7120.36 705.649 14443 0.991303
50300000 7120.34 710.469 14432.1 0.991111
50400000 7120.37 716.989 14417.5 0.991038
50500000 7120.34 716.895 14417.6 0.990509
50600000 7120.36 735.284 14376.2 0.989853
50700000 7120.38 718.115 14414.9 0.990539
50800000 7120.34 709.673 14433.9 0.991089
50900000 7120.35 730.364 14387.3 0.99025
51000000 7120.37 705.045 14444.3 0.991329
51100000 7120.36 709.231 14434.9 0.991053
51200000 7120.34 698.094 14459.9 0.991487
51300000 7120.35 717.436 14416.4 0.99064
51400000 7120.38 710.5 14432.1 0.990911
51500000 7120.34 708.616 14436.2 0.991232
51600000 7120.38 715.124 14421.7 0.990685
51700000 7120.35 716.821 14417.8 0.990591
51800000 7120.36 722.409 14405.2 0.990258
51900000 7120.35 718.563 14413.9 0.990744
52000000 7120.35 725.869 14397.4 0.990579
52100000 7120.35 709.716 14433.8 0.99112
52200000 7120.38 732.88 14381.7 0.990395
52300000 7120.36 727.926 14392.8 0.990255
52400000 7120.36 715.477 14420.8 0.990862
52500000 7120.36 740.33 14364.9 0.989501
52600000 7120.34 727.58 14393.5 0.990427
52700000 7120.34 725.807 14397.5 0.990292
52800000 7120.36 714.565 14422.9 0.99078
52900000 7120.37 729.348 14389.6 0.99024
53000000 7120.35 712.39 14427.8 0.991171
53100000 7120.34 699.867 14455.9 0.991768
53200000 7120.37 719.78 14411.2 0.990182
53300000 7120.32 716.515 14418.4 0.990608
53400000 7120.34 712.291 14428 0.990871
53500000 7120.32 721.407 14407.4 0.990549
53600000 7120.39 714.026 14424.2 0.991012
53700000 7120.4 714.363 14423.4 0.990986
53800000 7120.38 701.306 14452.8 0.99135
53900000 7120.37 717.749 14415.7 0.990609
54000000 7120.36 709.86 14433.5 0.991213
54100000 7120.36 720.814 14408.8 0.99058
54200000 7120.33 714.616 14422.7 0.990863
54300000 7120.35 724.308 14400.9 0.990065
54400000 7120.33 724.666 14400.1 0.990277
54500000 7120.35 707.578 14438.6 0.990961
54600000 7120.38 722.792 14404.4 0.990202
54700000 7120.34 714.486 14423 0.990864
54800000 7120.36 711.206 14430.5 0.990847
54900000 7120.36 721.483 14407.3 0.990861
55000000 7120.35 715.58 14420.6 0.990689
55100000 7120.37 710.812 14431.4 0.991086
55200000 7120.37 709.098 14435.2 0.991076
55300000 7120.37 729.422 14389.5 0.990359
55400000 7120.36 720.458 14409.6 0.990829
55500000 7120.37 708.459 14436.7 0.99113
55600000 7120.34 719.739 14411.2 0.990728
55700000 7120.36 720.311 14410 0.990688
55800000 7120.37 716.437 14418.7 0.990867
55900000 7120.34 727.051 14394.7 0.99028
56000000 7120.37 716.727 14418.1 0.990955
56100000 7120.37 714.366 14423.4 0.990979
56200000 7120.34 731.735 14384.2 0.990256
56300000 7120.38 712.806 14426.9 0.99112
56400000 7120.36 719.598 14411.6 0.990553
56500000 7120.39 716.224 14419.2 0.990895
56600000 7120.37 717.537 14416.2 0.990895
56700000 7120.32 730.954 14385.9 0.990298
56800000 7120.38 712.741 14427 0.990996
56900000 7120.37 721.21 14408 0.990885
57000000 7120.35 722.804 14404.3 0.990443
57100000 7120.35 724.708 14400 0.990183
57200000 7120.35 712.393 14427.8 0.991046
57300000 7120.36 705.333 14443.7 0.99104
57400000 7120.39 725.368 14398.6 0.990633
57500000 7120.37 713.604 14425.1 0.990942
57600000 7120.36 709.565 14434.2 0.991019
57700000 7120.34 707.929 14437.8 0.991247
57800000 7120.37 722.298 14405.5 0.990888
57900000 7120.33 701.184 14452.9 0.991374
58000000 7120.35 720.299 14410 0.990544
58100000 7120.36 725.118 14399.1 0.990191
58200000 7120.33 723.044 14403.7 0.990666
58300000 7120.36 726.211 14396.7 0.990251
58400000 7120.35 728.718 14391 0.989966
58500000 7120.36 730.379 14387.3 0.990023
58600000 7120.34 719.673 14411.4 0.990595
58700000 7120.34 696.706 14463.1 0.991508
58800000 7120.36 724.652 14400.2 0.990382
58900000 7120.36 723.013 14403.9 0.990412
59000000 7120.36 721.084 14408.2 0.990738
59100000 7120.32 716.116 14419.3 0.990745
59200000 7120.34 731.988 14383.6 0.990161
59300000 7120.35 709.393 14434.5 0.991183
59400000 7120.34 715.06 14421.7 0.990909
59500000 7120.33 722.823 14404.2 0.990278
59600000 7120.36 710.425 14432.2 0.991128
59700000 7120.39 713.385 14425.6 0.990768
59800000 7120.38 717.179 14417.1 0.990962
59900000 7120.35 716.612 14418.3 0.990884
60000000 7120.36 717.918 14415.3 0.990761
60100000 7120.32 722.904 14404 0.990439
60200000 7120.35 709.156 14435.1 0.991366
60300000 7120.38 709.751 14433.8 0.991147
60400000 7120.34 722.926 14404 0.990548
60500000 7120.36 723.193 14403.5 0.990267
60600000 7120.34 721.436 14407.4 0.990494
60700000 7120.4 699.676 14456.5 0.991536
60800000 7120.34 718.834 14413.2 0.990754
60900000 7120.34 720.215 14410.1 0.99041
61000000 7120.35 726.11 14396.9 0.990542
61100000 7120.38 710.453 14432.2 0.990913
61200000 7120.36 708.462 14436.6 0.991145
61300000 7120.37 723.584 14402.6 0.990682
61400000 7120.35 713.678 14424.9 0.990961
61500000 7120.36 720.117 14410.4 0.990846
61600000 7120.33 702.42 14450.2 0.99153
61700000 7120.33 737.391 14371.4 0.98969
61800000 7120.36 721.317 14407.7 0.990628
61900000 7120.34 724.204 14401.2 0.990283
62000000 7120.35 700.757 14454 0.991374
62100000 7120.35 730.693 14386.6 0.990219
62200000 7120.35 721.273 14407.8 0.990712
62300000 7120.37 706.885 14440.2 0.991206
62400000 7120.35 712.411 14427.7 0.99092
62500000 7120.34 703.137 14448.6 0.991319
62600000 7120.38 719.459 14411.9 0.990827
62700000 7120.36 718.632 14413.7 0.990672
62800000 7120.36 722.766 14404.4 0.990481
62900000 7120.35 712.15 14428.3 0.990904
63000000 7120.32 706.57 14440.8 0.991212
63100000 7120.35 707.334 14439.1 0.991029
63200000 7120.35 713.652 14424.9 0.990788
63300000 7120.34 717.923 14415.3 0.990357
63400000 7120.33 713.141 14426 0.99108
63500000 7120.35 711.698 14429.3 0.991067
63600000 7120.35 715.115 14421.6 0.990696
63700000 7120.36 729.25 14389.8 0.990295
63800000 7120.35 715.116 14421.6 0.990745
63900000 7120.35 699.296 14457.3 0.991517
64000000 7120.36 721.987 14406.2 0.990702
64100000 7120.35 720.054 14410.5 0.990699
64200000 7120.36 735.606 14375.5 0.989955
64300000 7120.37 730.542 14386.9 0.990224
64400000 7120.36 716.312 14419 0.990717
64500000 7120.37 706.86 14440.3 0.991263
64600000 7120.33 705.935 14442.3 0.991066
64700000 7120.35 720.017 14410.6 0.990438
64800000 7120.37 723.944 14401.8 0.99051
64900000 7120.39 714.159 14423.9 0.991002
65000000 7120.36 709.762 14433.7 0.99132
65100000 7120.34 723.888 14401.9 0.990383
65200000 7120.37 718.815 14413.4 0.990835
65300000 7120.36 711.459 14429.9 0.990997
65400000 7120.39 714.117 14424 0.991027
65500000 7120.35 725.713 14397.8 0.991168
65600000 7120.34 725.565 14398.1 0.990363
65700000 7120.35 715.506 14420.8 0.990904
65800000 7120.38 703.302 14448.3 0.991286
65900000 7120.34 717.539 14416.2 0.990651
66000000 7120.36 732.477 14382.6 0.990332
66100000 7120.33 733.375 14380.5 0.990105
66200000 7120.34 722.547 14404.9 0.990816
66300000 7120.36 703.08 14448.8 0.991378
66400000 7120.36 715.021 14421.9 0.990885
66500000 7120.36 712.708 14427.1 0.991023
66600000 7120.35 719.979 14410.7 0.990642
66700000 7120.37 712.595 14427.4 0.990896
66800000 7120.36 735.161 14376.5 0.99
66900000 7120.33 706.898 14440.1 0.991059
67000000 7120.37 727.723 14393.3 0.990117
67100000 7120.34 722.566 14404.8 0.990567
67200000 7120.37 722.623 14404.8 0.990498
67300000 7120.36 701.026 14453.4 0.991676
67400000 7120.32 712.582 14427.3 0.990812
67500000 7120.38 715.854 14420 0.990784
67600000 7120.32 713.813 14424.5 0.990794
67700000 7120.36 706.825 14440.3 0.991434
67800000 7120.37 714.503 14423.1 0.99066
67900000 7120.35 711.233 14430.4 0.991045
68000000 7120.33 732.874 14381.6 0.989956
68100000 7120.34 722.478 14405 0.990357
68200000 7120.37 712.032 14428.6 0.991092
68300000 7120.38 721.2 14408 0.990694
68400000 7120.37 717.322 14416.7 0.990789
68500000 7120.36 714.166 14423.8 0.990812
68600000 7120.36 719.811 14411.1 0.990691
68700000 7120.36 701.033 14453.4 0.991411
68800000 7120.34 717.131 14417.1 0.990475
68900000 7120.34 715.892 14419.9 0.990971
69000000 7120.33 710.966 14430.9 0.990802
69100000 7120.36 711.434 14430 0.990933
69200000 7120.34 721.198 14407.9 0.990421
69300000 7120.35 712.196 14428.2 0.990812
69400000 7120.37 704.082 14446.5 0.991433
69500000 7120.36 705.162 14444.1 0.991177
69600000 7120.33 719.102 14412.6 0.990636
69700000 7120.33 719.197 14412.4 0.99069
69800000 7120.34 716.506 14418.5 0.990883
69900000 7120.32 728.309 14391.9 0.990288
70000000 7120.41 719.508 14411.9 0.990694
70100000 7120.33 717.847 14415.4 0.990865
70200000 7120.35 719.621 14411.5 0.990356
70300000 7120.35 733.044 14381.3 0.990051
70400000 7120.36 716.364 14418.9 0.990931
70500000 7120.36 717.229 14416.9 0.990796
70600000 7120.37 709.06 14435.3 0.991254
70700000 7120.38 710.668 14431.7 0.99107
70800000 7120.38 699.258 14457.4 0.991506
70900000 7120.34 723.016 14403.8 0.990551
71000000 7120.32 724.079 14401.4 0.990617
71100000 7120.36 718.995 14412.9 0.990421
71200000 7120.35 718.113 14414.9 0.990864
71300000 7120.33 725.602 14398 0.990326
71400000 7120.36 722.668 14404.6 0.99053
71500000 7120.32 709.634 14433.9 0.991115
71600000 7120.37 722.796 14404.4 0.990599
71700000 7120.34 706.039 14442.1 0.991207
71800000 7120.36 717.593 14416.1 0.990752
71900000 7120.37 722.358 14405.4 0.99061
72000000 7120.36 721.39 14407.5 0.990592
72100000 7120.35 698.645 14458.7 0.991522
72200000 7120.42 698.471 14459.3 0.99155
72300000 7120.38 716.174 14419.3 0.990627
72400000 7120.36 704.247 14446.1 0.991321
72500000 7120.35 719.751 14411.2 0.990725
72600000 7120.38 701.3 14452.8 0.991493
72700000 7120.35 701.647 14452 0.99145
72800000 7120.35 723.944 14401.8 0.990475
72900000 7120.34 722.002 14406.1 0.99071
73000000 7120.36 707.499 14438.8 0.991143
73100000 7120.38 699.071 14457.8 0.991545
73200000 7120.36 725.911 14397.3 0.990596
73300000 7120.36 701.416 14452.5 0.991624
73400000 7120.36 706.35 14441.4 0.991061
73500000 7120.33 721.815 14406.5 0.990509
73600000 7120.33 712.965 14426.4 0.990723
73700000 7120.34 716.794 14417.8 0.990312
73800000 7120.36 718.65 14413.7 0.990685
73900000 7120.36 729.864 14388.5 0.989916
74000000 7120.33 719.588 14411.5 0.990937
74100000 7120.36 737.445 14371.4 0.989778
74200000 7120.34 708.695 14436.1 0.991311
74300000 7120.34 706.607 14440.8 0.991281
74400000 7120.34 725.522 14398.2 0.990399
74500000 7120.35 707.063 14439.8 0.991205
74600000 7120.35 712.135 14428.4 0.990908
74700000 7120.37 708.717 14436.1 0.991076
74800000 7120.35 706.344 14441.4 0.991145
74900000 7120.36 725.679 14397.9 0.990334
75000000 7120.34 708.709 14436 0.990942
75100000 7120.36 700.354 14454.9 0.991336
75200000 7120.36 712.804 14426.9 0.990653
75300000 7120.37 714.078 14424 0.990892
75400000 7120.37 713.98 14424.2 0.990927
75500000 7120.34 732.304 14382.9 0.990158
75600000 7120.37 706.349 14441.4 0.991352
75700000 7120.35 718.091 14414.9 0.990938
75800000 7120.35 704.661 14445.2 0.9913
75900000 7120.36 714.002 14424.2 0.99095
76000000 7120.35 724.225 14401.1 0.990345
76100000 7120.33 700.437 14454.6 0.991335
76200000 7120.34 720.075 14410.5 0.99057
76300000 7120.36 719.063 14412.8 0.990667
76400000 7120.36 705.698 14442.9 0.991214
76500000 7120.37 729.668 14388.9 0.990468
76600000 7120.36 705.54 14443.2 0.991304
76700000 7120.34 726.805 14395.3 0.990206
76800000 7120.35 709.344 14434.6 0.991032
76900000 7120.37 698.219 14459.7 0.99174
77000000 7120.35 709.176 14435 0.991302
77100000 7120.35 711.999 14428.7 0.99084
77200000 7120.36 701.565 14452.2 0.99148
77300000 7120.35 701.887 14451.4 0.991503
77400000 7120.34 706.881 14440.2 0.991322
77500000 7120.34 726.929 14395 0.990407
77600000 7120.36 717.715 14415.8 0.990751
77700000 7120.34 717.976 14415.2 0.990276
77800000 7120.36 729.116 14390.1 0.990049
77900000 7120.34 722.503 14405 0.990578
78000000 7120.34 702.826 14449.3 0.991089
78100000 7120.39 721.358 14407.7 0.990612
78200000 7120.35 706.149 14441.8 0.991339
78300000 7120.35 712.455 14427.6 0.990848
78400000 7120.35 716.176 14419.2 0.990641
78500000 7120.35 700.922 14453.6 0.99151
78600000 7120.37 717.15 14417.1 0.990688
78700000 7120.36 717.533 14416.2 0.990832
78800000 7120.34 730.279 14387.5 0.989876
78900000 7120.35 728.165 14392.3 0.99019
79000000 7120.36 702.864 14449.2 0.991427
79100000 7120.35 707.322 14439.2 0.991298
79200000 7120.35 730.432 14387.2 0.990288
79300000 7120.34 719.103 14412.6 0.990714
79400000 7120.35 727.524 14393.7 0.98992
79500000 7120.38 716.915 14417.6 0.991027
79600000 7120.37 721.549 14407.2 0.990496
79700000 7120.34 726.209 14396.6 0.990568
79800000 7120.37 696.558 14463.5 0.991693
79900000 7120.37 714.066 14424 0.990924
80000000 7120.34 712.236 14428.1 0.990907
80100000 7120.39 728.656 14391.2 0.990529
80200000 7120.38 730.419 14387.2 0.990081
80300000 7120.35 697.083 14462.2 0.991388
80400000 7120.37 721.486 14407.3 0.990598
80500000 7120.34 721.062 14408.2 0.990584
80600000 7120.34 721.298 14407.7 0.991403
80700000 7120.35 701.894 14451.4 0.99155
80800000 7120.34 729.087 14390.1 0.989916
80900000 7120.36 720.271 14410 0.990405
81000000 7120.37 700.96 14453.5 0.991422
81100000 7120.35 699.994 14455.7 0.99157
81200000 7120.37 706.324 14441.5 0.991342
81300000 7120.34 714.527 14422.9 0.990895
81400000 7120.37 722.656 14404.7 0.990679
81500000 7120.35 709.566 14434.1 0.991342
81600000 7120.35 728.267 14392 0.990429
81700000 7120.35 739.488 14366.8 0.989626
81800000 7120.35 725.641 14397.9 0.990485
81900000 7120.35 716.113 14419.4 0.991011
82000000 7120.37 715.007 14421.9 0.990927
82100000 7120.35 724.413 14400.7 0.990385
82200000 7120.34 703.356 14448.1 0.991393
82300000 7120.32 712.083 14428.4 0.991059
82400000 7120.34 719.127 14412.6 0.990591
82500000 7120.36 720.529 14409.5 0.990578
82600000 7120.37 715.021 14421.9 0.990887
82700000 7120.35 712.171 14428.3 0.990859
82800000 7120.37 727.596 14393.6 0.990386
82900000 7120.39 706.469 14441.2 0.991227
83000000 7120.36 709.583 14434.1 0.991042
83100000 7120.34 713.103 14426.1 0.990958
83200000 7120.35 712.746 14427 0.99107
83300000 7120.31 729.932 14388.2 0.99001
83400000 7120.39 703.128 14448.7 0.991616
83500000 7120.37 735.203 14376.4 0.989908
83600000 7120.36 697.833 14460.6 0.991534
83700000 7120.37 730.604 14386.8 0.989875
83800000 7120.36 726.247 14396.6 0.990223
83900000 7120.36 706.929 14440.1 0.991139
84000000 7120.35 730.965 14386 0.989889
84100000 7120.35 693.931 14469.3 0.991742
84200000 7120.38 710.365 14432.4 0.990778
84300000 7120.36 703.072 14448.8 0.991417
84400000 7120.38 724.42 14400.7 0.992812
84500000 7120.37 703.37 14448.1 0.991381
84600000 7120.39 748.848 14345.8 0.989194
84700000 7120.35 725.28 14398.8 0.990465
84800000 7120.33 711.499 14429.7 0.990844
84900000 7120.37 715.195 14421.5 0.990479
85000000 7120.34 740.852 14363.7 0.989753
85100000 7120.34 720.714 14409 0.990427
85200000 7120.36 732.295 14383 0.990146
85300000 7120.34 706.867 14440.2 0.991079
85400000 7120.4 719.438 14412 0.990454
85500000 7120.33 717.317 14416.6 0.990906
85600000 7120.35 721.015 14408.4 0.990418
85700000 7120.37 703.766 14447.2 0.99116
85800000 7120.34 719.091 14412.7 0.990862
85900000 7120.35 720.183 14410.2 0.990912
86000000 7120.35 715.236 14421.4 0.990985
86100000 7120.34 722.534 14404.9 0.990598
86200000 7120.37 707.816 14438.1 0.991127
86300000 7120.33 723.293 14403.2 0.990302
86400000 7120.34 721.525 14407.2 0.990535
86500000 7120.36 704.309 14446 0.991688
86600000 7120.33 713.853 14424.4 0.990837
86700000 7120.35 723.433 14402.9 0.990584
86800000 7120.34 707.942 14437.8 0.990953
86900000 7120.31 719.904 14410.8 0.990629
87000000 7120.37 716.781 14417.9 0.990616
87100000 7120.35 707.665 14438.4 0.991016
87200000 7120.33 714.902 14422.1 0.991023
87300000 7120.38 705.553 14443.2 0.991213
87400000 7120.34 720.543 14409.4 0.990674
87500000 7120.36 723.504 14402.8 0.990637
87600000 7120.36 724.028 14401.6 0.990417
87700000 7120.38 732.61 14382.3 0.989917
87800000 7120.36 720.881 14408.7 0.990605
87900000 7120.36 706.647 14440.7 0.991015
88000000 7120.36 706.329 14441.4 0.991194
88100000 7120.36 701.457 14452.4 0.991441
88200000 7120.34 716.919 14417.5 0.990636
88300000 7120.34 721.88 14406.4 0.990789
88400000 7120.36 708.25 14437.1 0.991307
88500000 7120.39 716.762 14418 0.990846
88600000 7120.34 720.987 14408.4 0.990561
88700000 7120.37 713.139 14426.1 0.990963
88800000 7120.35 707.735 14438.2 0.991098
88900000 7120.37 709.228 14434.9 0.991267
89000000 7120.35 706.975 14440 0.991417
89100000 7120.38 707.764 14438.3 0.99131
89200000 7120.37 713.29 14425.8 0.991214
89300000 7120.34 704.019 14446.6 0.991343
89400000 7120.37 712.793 14426.9 0.991022
89500000 7120.35 714.466 14423.1 0.99071
89600000 7120.35 711.956 14428.7 0.990821
89700000 7120.34 721.946 14406.2 0.990372
89800000 7120.32 726.525 14395.9 0.990163
89900000 7120.35 722.734 14404.5 0.990572
90000000 7120.36 711.157 14430.6 0.99076
90100000 7120.34 724.374 14400.8 0.990481
90200000 7120.39 703.448 14448 0.991222
90300000 7120.34 724.677 14400.1 0.990875
90400000 7120.36 690.493 14477.1 0.991768
90500000 7120.36 714.791 14422.4 0.991016
90600000 7120.38 703.955 14446.8 0.991208
90700000 7120.35 725.108 14399.1 0.990377
90800000 7120.4 705.512 14443.4 0.990991
90900000 7120.35 715.514 14420.7 0.990899
91000000 7120.34 724.459 14400.6 0.990414
91100000 7120.36 703.341 14448.2 0.991183
91200000 7120.38 705.536 14443.3 0.991186
91300000 7120.36 716.883 14417.7 0.990939
91400000 7120.36 708.061 14437.5 0.991104
91500000 7120.38 727.325 14394.2 0.990332
91600000 7120.38 715.356 14421.2 0.990889
91700000 7120.36 726.978 14395 0.990502
91800000 7120.37 716.941 14417.6 0.990608
91900000 7120.37 703.114 14448.7 0.99139
92000000 7120.35 718.503 14414 0.990724
92100000 7120.36 705.825 14442.6 0.99137
92200000 7120.36 722.031 14406.1 0.990577
92300000 7120.35 712.613 14427.3 0.990705
92400000 7120.34 715.029 14421.8 0.990951
92500000 7120.34 714.666 14422.6 0.990663
92600000 7120.35 706.878 14440.2 0.991255
92700000 7120.35 709.675 14433.9 0.991107
92800000 7120.35 705.198 14444 0.991536
92900000 7120.35 718.168 14414.8 0.990509
93000000 7120.38 726.11 14396.9 0.990461
93100000 7120.34 715.089 14421.7 0.991056
93200000 7120.38 707.648 14438.5 0.990861
93300000 7120.35 714.23 14423.6 0.990767
93400000 7120.35 729.183 14390 0.990366
93500000 7120.34 718.252 14414.6 0.99093
93600000 7120.35 731.252 14385.3 0.990012
93700000 7120.36 728.88 14390.7 0.990663
93800000 7120.39 710.655 14431.8 0.991121
93900000 7120.37 711.327 14430.2 0.991063
94000000 7120.33 719.902 14410.8 0.990635
94100000 7120.36 720.861 14408.7 0.990412
94200000 7120.37 715.777 14420.2 0.990797
94300000 7120.35 716.883 14417.6 0.990617
94400000 7120.36 702.288 14450.5 0.991364
94500000 7120.37 715.128 14421.7 0.991046
94600000 7120.36 711.058 14430.8 0.990946
94700000 7120.36 714.489 14423.1 0.990742
94800000 7120.34 711.137 14430.6 0.990899
94900000 7120.33 720.48 14409.5 0.990577
95000000 7120.38 716.568 14418.4 0.990754
95100000 7120.36 705.12 14444.2 0.991262
95200000 7120.36 708.189 14437.2 0.991054
95300000 7120.37 714.238 14423.7 0.990655
95400000 7120.33 721.238 14407.8 0.990511
95500000 7120.36 711.678 14429.4 0.99098
95600000 7120.37 716.798 14417.9 0.990993
95700000 7120.34 713.508 14425.2 0.990842
95800000 7120.34 704.66 14445.2 0.991286
95900000 7120.32 718.675 14413.6 0.990603
96000000 7120.34 716.199 14419.2 0.990538
96100000 7120.34 736.22 14374.1 0.989668
96200000 7120.38 726.417 14396.2 0.990175
96300000 7120.39 714.038 14424.1 0.990962
96400000 7120.34 712.98 14426.4 0.990824
96500000 7120.34 729.938 14388.2 0.990261
96600000 7120.39 722.302 14405.5 0.990618
96700000 7120.36 719.71 14411.3 0.990342
96800000 7120.35 729.349 14389.6 0.990138
96900000 7120.33 715.539 14420.6 0.991229
97000000 7120.34 721.033 14408.3 0.990583
97100000 7120.34 722.139 14405.8 0.990461
97200000 7120.32 723.01 14403.8 0.990559
97300000 7120.38 708.686 14436.2 0.991126
97400000 7120.34 729.21 14389.9 0.990283
97500000 7120.33 715.389 14421 0.990847
97600000 7120.39 719.664 14411.5 0.990716
97700000 7120.36 708.144 14437.3 0.991278
97800000 7120.36 717.545 14416.2 0.990667
97900000 7120.38 722.144 14405.9 0.990661
98000000 7120.36 720.967 14408.5 0.990787
98100000 7120.35 717.48 14416.3 0.990645
98200000 7120.35 701.718 14451.8 0.991579
98300000 7120.34 719.16 14412.5 0.990489
98400000 7120.37 720.967 14408.5 0.990571
98500000 7120.35 714.285 14423.5 0.990967
98600000 7120.34 717.292 14416.7 0.990927
98700000 7120.35 716.519 14418.5 0.990744
98800000 7120.39 720.144 14410.4 0.990615
98900000 7120.35 716.659 14418.2 0.990777
99000000 7120.34 719.566 14411.6 0.990628
99100000 7120.35 713.669 14424.9 0.990973
99200000 7120.38 721.689 14406.9 0.990754
99300000 7120.32 712.108 14428.3 0.99101
99400000 7120.36 720.157 14410.3 0.990393
99500000 7120.35 725.61 14398 0.990582
99600000 7120.36 717.07 14417.3 0.990686
99700000 7120.35 711.031 14430.8 0.991016
99800000 7120.32 719.187 14412.4 0.990976
99900000 7120.35 713.094 14426.2 0.990873
100000000 7120.34 704.627 14445.2 0.991292
100100000 7120.38 709.722 14433.8 0.991192
100200000 7120.36 697.915 14460.4 0.991715
100300000 7120.34 729.75 14388.7 0.990325
100400000 7120.34 707.849 14438 0.991125
100500000 7120.36 713.464 14425.4 0.990733
100600000 7120.37 726.022 14397.1 0.990469
100700000 7120.33 729.62 14388.9 0.990074
100800000 7120.35 719.116 14412.6 0.990776
100900000 7120.37 720.492 14409.6 0.990659
101000000 7120.36 711.98 14428.7 0.990873
101100000 7120.38 717.086 14417.3 0.990852
101200000 7120.34 719.894 14410.9 0.990346
101300000 7120.36 726.814 14395.3 0.990024
101400000 7120.35 729.945 14388.2 0.990178
101500000 7120.37 708.101 14437.5 0.990993
101600000 7120.34 712.495 14427.5 0.990919
101700000 7120.35 715.473 14420.8 0.990779
101800000 7120.34 729.053 14390.2 0.990085
101900000 7120.36 704.339 14445.9 0.991587
102000000 7120.36 722.581 14404.9 0.990656
102100000 7120.34 721.886 14406.4 0.990403
102200000 7120.36 704.341 14445.9 0.991218
102300000 7120.35 718.683 14413.6 0.990732
102400000 7120.34 722.103 14405.9 0.99032
102500000 7120.35 715.32 14421.2 0.990886
102600000 7120.36 696.238 14464.2 0.991566
102700000 7120.37 716.111 14419.4 0.990694
102800000 7120.35 714.846 14422.2 0.99089
102900000 7120.38 730.368 14387.4 0.990388
103000000 7120.35 705.134 14444.1 0.991474
103100000 7120.34 718.978 14412.9 0.990706
103200000 7120.37 715.591 14420.6 0.990611
103300000 7120.36 704.667 14445.2 0.991275
103400000 7120.32 711.128 14430.5 0.990899
103500000 7120.37 738.217 14369.7 0.990052
103600000 7120.36 700.265 14455.1 0.991486
103700000 7120.36 710.399 14432.3 0.990797
103800000 7120.36 717.351 14416.6 0.991048
103900000 7120.37 710.717 14431.6 0.991012
104000000 7120.39 705.135 14444.2 0.991337
104100000 7120.36 714.707 14422.6 0.991115
104200000 7120.36 724.956 14399.5 0.99033
104300000 7120.35 709.204 14434.9 0.991209
104400000 7120.37 713.069 14426.3 0.990919
104500000 7120.34 717.944 14415.2 0.990767
104600000 7120.4 712.837 14426.9 0.991099
104700000 7120.37 716.088 14419.5 0.990577
104800000 7120.35 721.22 14407.9 0.990355
104900000 7120.33 707.808 14438 0.990978
105000000 7120.35 705.188 14444 0.991438
105100000 7120.4 701.43 14452.5 0.991397
105200000 7120.35 728.065 14392.5 0.99055
105300000 7120.37 722.587 14404.9 0.990499
105400000 7120.37 705.312 14443.7 0.991337
105500000 7120.33 725.189 14398.9 0.990486
105600000 7120.37 727.182 14394.5 0.990607
105700000 7120.36 719.443 14411.9 0.990473
105800000 7120.36 724.3 14401 0.990272
105900000 7120.36 718.525 14414 0.990664
106000000 7120.4 703.409 14448.1 0.991384
106100000 7120.34 708.409 14436.7 0.991165
106200000 7120.36 719.746 14411.2 0.990575
106300000 7120.36 710.503 14432 0.990918
106400000 7120.34 709.791 14433.6 0.991126
106500000 7120.36 712.149 14428.3 0.991101
106600000 7120.37 719.455 14411.9 0.990816
106700000 7120.36 707.298 14439.3 0.991269
106800000 7120.35 712.037 14428.6 0.99101
106900000 7120.36 725.133 14399.1 0.990228
107000000 7120.34 742.004 14361.1 0.989834
107100000 7120.37 714.29 14423.5 0.991168
107200000 7120.34 719.251 14412.3 0.990628
107300000 7120.36 722.688 14404.6 0.990587
107400000 7120.34 717.444 14416.4 0.990886
107500000 7120.37 714.871 14422.2 0.990611
107600000 7120.38 722.268 14405.6 0.990946
107700000 7120.4 691.786 14474.3 0.992667
107800000 7120.36 714.889 14422.2 0.990555
107900000 7120.37 712.474 14427.6 0.991106
108000000 7120.37 706.506 14441.1 0.991086
108100000 7120.37 733.336 14380.7 0.98979
108200000 7120.37 721.72 14406.8 0.990491
108300000 7120.37 719.875 14411 0.990657
108400000 7120.37 714.331 14423.4 0.991072
108500000 7120.36 718.023 14415.1 0.99077
108600000 7120.38 719.195 14412.5 0.990363
108700000 7120.34 717.984 14415.1 0.990935
108800000 7120.33 714.998 14421.8 0.990677
108900000 7120.34 711.146 14430.6 0.991168
109000000 7120.35 705.661 14442.9 0.991149
109100000 7120.34 701.226 14452.9 0.991506
109200000 7120.36 713.067 14426.3 0.991242
109300000 7120.33 719.889 14410.8 0.990739
109400000 7120.34 721.377 14407.5 0.990408
109500000 7120.34 727.791 14393.1 0.990437
109600000 7120.32 719.622 14411.4 0.990456
109700000 7120.34 723.901 14401.8 0.990541
109800000 7120.36 710.436 14432.2 0.99098
109900000 7120.35 723.173 14403.5 0.990292
110000000 7120.34 711.097 14430.7 0.990892
110100000 7120.37 717.646 14416 0.990568
110200000 7120.34 718.057 14415 0.990911
110300000 7120.36 726.167 14396.8 0.990215
110400000 7120.32 713.378 14425.5 0.990704
110500000 7120.36 711.635 14429.5 0.991061
110600000 7120.35 701.561 14452.2 0.99128
110700000 7120.36 723.78 14402.1 0.990667
110800000 7120.34 719.152 14412.5 0.990866
110900000 7120.34 710.013 14433.1 0.991044
111000000 7120.34 730.343 14387.3 0.990274
111100000 7120.35 721.735 14406.7 0.990542
111200000 7120.37 717.059 14417.3 0.990783
111300000 7120.34 709.188 14435 0.991088
111400000 7120.32 719.578 14411.5 0.99075
111500000 7120.35 711.023 14430.9 0.991071
111600000 7120.36 704.104 14446.4 0.991336
111700000 7120.36 717.283 14416.8 0.991029
111800000 7120.35 714.905 14422.1 0.99078
111900000 7120.36 727.647 14393.4 0.99049
112000000 7120.37 708.826 14435.8 0.991358
112100000 7120.34 720.955 14408.5 0.990355
112200000 7120.36 716.194 14419.2 0.990944
112300000 7120.36 719.457 14411.9 0.991145
112400000 7120.35 695.07 14466.8 0.991645
112500000 7120.36 731.162 14385.5 0.990242
112600000 7120.36 722.2 14405.7 0.990821
112700000 7120.38 707.726 14438.3 0.991316
112800000 7120.37 708.93 14435.6 0.99115
112900000 7120.35 718.421 14414.2 0.990574
113000000 7120.35 712.684 14427.1 0.990887
113100000 7120.34 714.637 14422.7 0.991186
113200000 7120.36 713.707 14424.8 0.990856
113300000 7120.34 708.362 14436.8 0.991053
113400000 7120.35 724.4 14400.7 0.990411
113500000 7120.37 712.642 14427.3 0.990613
113600000 7120.37 699.871 14456 0.99178
113700000 7120.35 729.001 14390.4 0.990607
113800000 7120.35 722.411 14405.2 0.990411
113900000 7120.36 721.375 14407.6 0.990651
114000000 7120.38 694.776 14467.5 0.991517
114100000 7120.34 722.725 14404.5 0.990398
114200000 7120.32 706.359 14441.3 0.991065
114300000 7120.34 725.8 14397.6 0.990109
114400000 7120.34 693.496 14470.3 0.991674
114500000 7120.33 726.636 14395.6 0.990393
114600000 7120.36 718.507 14414 0.990686
114700000 7120.35 728.133 14392.3 0.990324
114800000 7120.36 712.484 14427.6 0.99082
114900000 7120.36 726.865 14395.2 0.990457
115000000 7120.38 722.548 14405 0.990281
115100000 7120.36 723.349 14403.1 0.990245
115200000 7120.34 710.157 14432.8 0.991199
115300000 7120.35 711.808 14429.1 0.991207
115400000 7120.34 713.776 14424.6 0.990926
115500000 7120.36 716.472 14418.6 0.990591
115600000 7120.33 709.383 14434.5 0.991145
115700000 7120.36 709.588 14434.1 0.991182
115800000 7120.33 716.787 14417.8 0.990706
115900000 7120.35 717.826 14415.5 0.990765
116000000 7120.35 689.383 14479.6 0.992172
116100000 7120.37 706.523 14441 0.991325
116200000 7120.35 710.069 14433 0.990894
116300000 7120.35 698.596 14458.8 0.991574
116400000 7120.35 734.437 14378.1 0.990252
116500000 7120.34 711.683 14429.3 0.990872
116600000 7120.38 731.358 14385.1 0.990163
116700000 7120.35 718.659 14413.7 0.990599
116800000 7120.37 712.808 14426.9 0.990693
116900000 7120.37 713.511 14425.3 0.990727
117000000 7120.33 721.645 14406.9 0.990242
117100000 7120.33 714.1 14423.9 0.990753
117200000 7120.35 729.219 14389.9 0.99019
117300000 7120.34 706.689 14440.6 0.991271
117400000 7120.34 711.767 14429.2 0.990833
117500000 7120.39 714.532 14423 0.990679
117600000 7120.37 726.051 14397 0.990431
117700000 7120.37 719.472 14411.9 0.990592
117800000 7120.34 720.756 14408.9 0.990483
117900000 7120.36 710.889 14431.2 0.990953
118000000 7120.35 722.581 14404.8 0.990528
118100000 7120.32 708.438 14436.6 0.991328
118200000 7120.38 718.379 14414.3 0.99067
118300000 7120.39 732.736 14382.1 0.990011
118400000 7120.34 707.782 14438.1 0.991141
118500000 7120.37 719.277 14412.3 0.990485
118600000 7120.33 718.931 14413 0.990534
118700000 7120.35 707.693 14438.4 0.991015
118800000 7120.34 703.098 14448.7 0.991406
118900000 7120.37 713.208 14426 0.990863
119000000 7120.36 715.393 14421 0.990853
119100000 7120.35 704.43 14445.7 0.991316
119200000 7120.34 717.671 14415.9 0.990623
119300000 7120.31 721.005 14408.3 0.990638
119400000 7120.34 718.847 14413.2 0.991009
119500000 7120.38 721.237 14407.9 0.990561
119600000 7120.37 732.765 14381.9 0.990333
119700000 7120.34 719.164 14412.5 0.990816
119800000 7120.37 731.983 14383.7 0.990333
119900000 7120.36 709.926 14433.3 0.991016
120000000 7120.36 713.864 14424.5 0.991205
120100000 7120.34 723.823 14402 0.990662
120200000 7120.35 715.358 14421.1 0.990919
120300000 7120.34 729.38 14389.5 0.990007
120400000 7120.37 721.162 14408.1 0.990968
120500000 7120.33 718.342 14414.3 0.990695
120600000 7120.39 706.527 14441.1 0.991185
120700000 7120.37 732.56 14382.4 0.990034
120800000 7120.36 728.269 14392 0.990437
120900000 7120.35 724.431 14400.7 0.990492
121000000 7120.34 723.222 14403.4 0.990505
121100000 7120.33 720.89 14408.6 0.990562
121200000 7120.37 725.519 14398.2 0.990749
121300000 7120.34 728.999 14390.3 0.990117
121400000 7120.35 708.422 14436.7 0.991116
121500000 7120.37 708.121 14437.4 0.991206
121600000 7120.31 724.324 14400.8 0.990333
121700000 7120.33 728.286 14391.9 0.989935
121800000 7120.37 708.941 14435.6 0.991162
121900000 7120.36 705.188 14444 0.991034
122000000 7120.35 723.091 14403.7 0.990445
122100000 7120.32 715.674 14420.3 0.990728
122200000 7120.38 704.256 14446.1 0.991421
122300000 7120.34 705.051 14444.3 0.991377
122400000 7120.34 725.877 14397.4 0.990563
122500000 7120.37 716.493 14418.6 0.990922
122600000 7120.34 711.408 14430 0.990904
122700000 7120.35 723.29 14403.2 0.990392
122800000 7120.34 714.932 14422 0.991051
122900000 7120.36 721.695 14406.8 0.99077
123000000 7120.35 722.928 14404.1 0.990266
123100000 7120.35 698.435 14459.2 0.991442
123200000 7120.35 717.697 14415.8 0.99073
123300000 7120.38 709.02 14435.4 0.991262
123400000 7120.35 713.132 14426.1 0.991144
123500000 7120.35 714.892 14422.1 0.990558
123600000 7120.36 733.937 14379.3 0.990309
123700000 7120.37 713.573 14425.1 0.991038
123800000 7120.32 720.517 14409.4 0.990626
123900000 7120.34 723.622 14402.5 0.990336
124000000 7120.37 722.045 14406.1 0.991
124100000 7120.36 711.345 14430.1 0.991886
124200000 7120.36 722.866 14404.2 0.990645
124300000 7120.37 712.662 14427.2 0.99091
124400000 7120.37 708.627 14436.3 0.991324
124500000 7120.36 730.759 14386.4 0.990169
124600000 7120.36 730.42 14387.2 0.99005
124700000 7120.36 711.272 14430.3 0.991063
124800000 7120.33 714.436 14423.1 0.990898
124900000 7120.35 721.668 14406.9 0.990712
125000000 7120.35 722.795 14404.3 0.990613
125100000 7120.36 716.516 14418.5 0.990577
125200000 7120.34 714.317 14423.4 0.990657
125300000 7120.36 734.323 14378.4 0.990075
125400000 7120.39 710.86 14431.3 0.991022
125500000 7120.37 711.801 14429.1 0.991161
125600000 7120.31 703.653 14447.4 0.991457
125700000 7120.36 711.972 14428.7 0.991379
125800000 7120.32 722.917 14404 0.990399
125900000 7120.34 722.297 14405.4 0.990762
126000000 7120.35 712.672 14427.1 0.99073
126100000 7120.37 717.131 14417.1 0.990878
126200000 7120.34 708.44 14436.7 0.991
126300000 7120.39 705.368 14443.7 0.991391
126400000 7120.34 718.829 14413.3 0.990643
126500000 7120.33 736.723 14372.9 0.989712
126600000 7120.34 719.146 14412.5 0.990894
126700000 7120.37 706.959 14440 0.991344
126800000 7120.35 705.584 14443.1 0.991225
126900000 7120.37 714.225 14423.7 0.990764
127000000 7120.34 724.063 14401.5 0.99056
127100000 7120.36 693.626 14470 0.991829
127200000 7120.36 712.776 14426.9 0.990891
127300000 7120.36 707.904 14437.9 0.991164
127400000 7120.35 725.793 14397.6 0.990199
127500000 7120.35 707.719 14438.3 0.990993
127600000 7120.36 712.057 14428.5 0.991178
127700000 7120.36 701.254 14452.9 0.991569
127800000 7120.35 705.9 14442.4 0.991027
127900000 7120.33 728.24 14392 0.990138
128000000 7120.35 726.942 14395 0.990417
128100000 7120.37 709.784 14433.7 0.991081
128200000 7120.33 716.373 14418.8 0.990743
128300000 7120.34 727.988 14392.6 0.990182
128400000 7120.34 712.42 14427.7 0.991002
128500000 7120.32 720.672 14409.1 0.99064
128600000 7120.37 703.264 14448.4 0.991463
128700000 7120.36 709.84 14433.5 0.991395
128800000 7120.36 719.786 14411.1 0.990823
128900000 7120.34 721.051 14408.2 0.990406
129000000 7120.36 707.339 14439.2 0.990851
129100000 7120.37 727.313 14394.2 0.99039
129200000 7120.36 716.791 14417.9 0.9908
129300000 7120.37 709.59 14434.1 0.991006
129400000 7120.32 705.51 14443.2 0.991062
129500000 7120.34 705.423 14443.4 0.991252
129600000 7120.34 736.273 14374 0.989319
129700000 7120.34 696.956 14462.5 0.991616
129800000 7120.36 714.108 14423.9 0.990484
129900000 7120.37 704.485 14445.6 0.991207
130000000 7120.37 716.369 14418.8 0.990608
130100000 7120.37 716.656 14418.2 0.991018
130200000 7120.36 706.75 14440.5 0.990931
130300000 7120.37 727.151 14394.6 0.990176
130400000 7120.34 718.425 14414.2 0.990707
130500000 7120.34 707.623 14438.5 0.991294
130600000 7120.36 721.952 14406.3 0.990699
130700000 7120.35 705.833 14442.5 0.991092
130800000 7120.34 706.397 14441.2 0.991492
130900000 7120.35 738.896 14368.1 0.989923
131000000 7120.34 727.945 14392.7 0.990072
131100000 7120.35 721.069 14408.2 0.990623
131200000 7120.35 720.07 14410.5 0.990696
131300000 7120.33 708.41 14436.7 0.991249
131400000 7120.39 715.577 14420.7 0.990885
131500000 7120.36 717.6 14416.1 0.990794
131600000 7120.34 732.11 14383.3 0.990221
131700000 7120.37 731.799 14384.1 0.990219
131800000 7120.37 713.633 14425 0.990776
131900000 7120.35 713.589 14425.1 0.991383
132000000 7120.35 710.792 14431.4 0.99076
132100000 7120.39 697.183 14462.1 0.991788
132200000 7120.34 708.37 14436.8 0.991018
132300000 7120.35 711.489 14429.8 0.990936
132400000 7120.36 711.966 14428.8 0.991071
132500000 7120.35 714.914 14422.1 0.991044
132600000 7120.35 710.465 14432.1 0.990865
132700000 7120.37 716.76 14418 0.990926
132800000 7120.34 718.845 14413.2 0.990889
132900000 7120.33 719.007 14412.8 0.990826
133000000 7120.36 716.963 14417.5 0.990477
133100000 7120.37 714.047 14424.1 0.990813
133200000 7120.37 690.517 14477.1 0.992088
133300000 7120.34 714.225 14423.6 0.990895
133400000 7120.33 727.888 14392.8 0.990142
133500000 7120.37 723.057 14403.8 0.990571
133600000 7120.35 714.779 14422.4 0.990592
133700000 7120.35 732.926 14381.5 0.990229
133800000 7120.34 715.732 14420.2 0.990725
133900000 7120.35 720.997 14408.4 0.99064
134000000 7120.37 727.119 14394.7 0.990565
134100000 7120.37 714.078 14424 0.990721
134200000 7120.33 712.834 14426.7 0.990804
134300000 7120.34 705.749 14442.7 0.991357
134400000 7120.38 714.864 14422.3 0.992247
134500000 7120.36 723.632 14402.5 0.990445
134600000 7120.33 723.297 14403.2 0.990465
134700000 7120.35 716.782 14417.9 0.990348
134800000 7120.36 704.043 14446.6 0.99138
134900000 7120.36 724.987 14399.4 0.990207
135000000 7120.38 720.979 14408.5 0.990488
135100000 7120.35 720.424 14409.7 0.990816
135200000 7120.38 721.813 14406.6 0.990786
135300000 7120.34 712.358 14427.8 0.991011
135400000 7120.35 731.787 14384.1 0.990117
135500000 7120.39 713.852 14424.6 0.991043
135600000 7120.34 721.408 14407.4 0.990511
135700000 7120.36 718.003 14415.1 0.990408
135800000 7120.36 733.59 14380.1 0.989862
135900000 7120.37 714.066 14424 0.991279
136000000 7120.35 708.847 14435.7 0.991226
136100000 7120.37 723.913 14401.9 0.990498
136200000 7120.34 726.28 14396.5 0.990445
136300000 7120.33 723.045 14403.7 0.990591
136400000 7120.35 721.509 14407.2 0.990261
136500000 7120.35 714.5 14423 0.991037
136600000 7120.36 730.849 14386.2 0.989769
136700000 7120.35 728.338 14391.9 0.990015
136800000 7120.34 729.045 14390.3 0.990338
136900000 7120.36 714.216 14423.7 0.990994
137000000 7120.36 718.166 14414.8 0.990675
137100000 7120.34 720.579 14409.3 0.990892
137200000 7120.35 721.19 14408 0.990275
137300000 7120.34 722.764 14404.4 0.990051
137400000 7120.39 715.463 14420.9 0.990925
137500000 7120.32 727.967 14392.6 0.990324
137600000 7120.35 707.239 14439.4 0.991262
137700000 7120.36 715.792 14420.1 0.990577
137800000 7120.37 713.19 14426 0.990856
137900000 7120.34 722.527 14404.9 0.990548
138000000 7120.39 710.273 14432.6 0.990925
138100000 7120.33 725.591 14398 0.990379
138200000 7120.35 718.536 14413.9 0.990957
138300000 7120.35 710.446 14432.1 0.990964
138400000 7120.34 728.988 14390.4 0.990433
138500000 7120.35 724.646 14400.2 0.990516
138600000 7120.34 714.334 14423.4 0.990936
138700000 7120.35 705.691 14442.8 0.991309
138800000 7120.35 728.055 14392.5 0.990422
138900000 7120.35 725.458 14398.4 0.99021
139000000 7120.34 738.823 14368.2 0.989447
139100000 7120.35 725.762 14397.7 0.990149
139200000 7120.34 728.835 14390.7 0.990215
139300000 7120.38 730.739 14386.5 0.990315
139400000 7120.35 717.444 14416.4 0.990899
139500000 7120.35 723.859 14401.9 0.990158
139600000 7120.34 718.215 14414.6 0.99074
139700000 7120.35 705.227 14443.9 0.991142
139800000 7120.37 713.909 14424.4 0.99081
139900000 7120.36 705.15 14444.1 0.991248
140000000 7120.33 711.499 14429.7 0.990852
140100000 7120.37 720.847 14408.8 0.990819
140200000 7120.31 726.185 14396.6 0.990395
140300000 7120.36 720.078 14410.5 0.990507
140400000 7120.34 730.954 14386 0.990126
140500000 7120.34 713.267 14425.8 0.991161
140600000 7120.34 716.51 14418.5 0.990441
140700000 7120.35 706.005 14442.2 0.991328
140800000 7120.35 718.692 14413.6 0.990453
140900000 7120.36 728.927 14390.5 0.990207
141000000 7120.32 741.972 14361.1 0.989438
141100000 7120.38 724.698 14400.1 0.990496
141200000 7120.39 731.313 14385.3 0.990455
141300000 7120.35 713.779 14424.6 0.990584
141400000 7120.35 706.983 14439.9 0.991182
141500000 7120.34 745.15 14354 0.989535
141600000 7120.35 714.573 14422.9 0.990938
141700000 7120.37 700.497 14454.6 0.991613
141800000 7120.36 721.085 14408.2 0.990512
141900000 7120.34 729.705 14388.8 0.990136
142000000 7120.36 722.733 14404.5 0.990684
142100000 7120.36 706.851 14440.3 0.991127
142200000 7120.36 708.255 14437.1 0.991608
142300000 7120.34 704.151 14446.3 0.991344
142400000 7120.34 722.15 14405.8 0.990601
142500000 7120.36 725.269 14398.8 0.990352
142600000 7120.36 722.668 14404.7 0.990322
142700000 7120.34 717.845 14415.5 0.990468
142800000 7120.33 723.674 14402.3 0.990559
142900000 7120.32 713.01 14426.3 0.99098
143000000 7120.36 719.681 14411.4 0.990828
143100000 7120.36 714.532 14423 0.990687
143200000 7120.35 724.882 14399.6 0.990399
143300000 7120.35 729.966 14388.2 0.990367
143400000 7120.35 724.423 14400.7 0.99058
143500000 7120.37 710.111 14432.9 0.991238
143600000 7120.36 726.917 14395.1 0.990384
143700000 7120.37 715.191 14421.5 0.990971
143800000 7120.36 709.239 14434.9 0.991173
143900000 7120.34 715.544 14420.7 0.990994
144000000 7120.34 714.862 14422.2 0.990565
144100000 7120.36 708.893 14435.7 0.990946
144200000 7120.37 726.167 14396.8 0.990374
144300000 7120.36 724.264 14401.1 0.990557
144400000 7120.37 717.298 14416.8 0.990748
144500000 7120.35 706.792 14440.4 0.991195
144600000 7120.35 720.487 14409.5 0.990515
144700000 7120.35 713.922 14424.3 0.990678
144800000 7120.36 707.647 14438.5 0.991167
144900000 7120.36 731.055 14385.8 0.989973
145000000 7120.35 725.621 14398 0.990165
145100000 7120.38 715.384 14421.1 0.990847
145200000 7120.33 707.518 14438.7 0.991094
145300000 7120.35 712.061 14428.5 0.991079
145400000 7120.36 716.411 14418.7 0.990567
145500000 7120.33 729.26 14389.8 0.990478
145600000 7120.33 724.578 14400.3 0.99062
145700000 7120.34 709.842 14433.5 0.990943
145800000 7120.38 727.271 14394.3 0.990155
145900000 7120.37 723.421 14403 0.990549
146000000 7120.35 724.817 14399.8 0.990432
146100000 7120.34 728.006 14392.6 0.99033
146200000 7120.34 725.976 14397.2 0.990342
146300000 7120.34 708.575 14436.3 0.991014
146400000 7120.35 724.864 14399.7 0.99058
146500000 7120.37 729.2 14390 0.990463
146600000 7120.37 732.587 14382.3 0.990295
146700000 7120.34 707.963 14437.7 0.991065
146800000 7120.34 730.144 14387.8 0.990066
146900000 7120.37 722.214 14405.7 0.99072
147000000 7120.37 714.75 14422.5 0.990922
147100000 7120.37 701.094 14453.3 0.99145
147200000 7120.35 713.255 14425.8 0.990662
147300000 7120.36 719.604 14411.6 0.990481
147400000 7120.36 703.568 14447.6 0.991542
147500000 7120.36 706.04 14442.1 0.991225
147600000 7120.36 703.088 14448.7 0.991384
147700000 7120.35 734.311 14378.4 0.990115
147800000 7120.35 715.847 14420 0.990658
147900000 7120.35 706.597 14440.8 0.991373
148000000 7120.36 703.909 14446.9 0.991467
148100000 7120.37 721.426 14407.5 0.991012
148200000 7120.33 710.592 14431.8 0.990764
148300000 7120.35 710.094 14432.9 0.990938
148400000 7120.34 707.929 14437.8 0.991042
148500000 7120.36 715.191 14421.5 0.990673
148600000 7120.34 706.632 14440.7 0.991094
148700000 7120.36 699.119 14457.7 0.991663
148800000 7120.35 726.717 14395.5 0.990119
148900000 7120.35 712.989 14426.4 0.990958
149000000 7120.36 704.147 14446.3 0.991107
149100000 7120.32 714.535 14422.9 0.990689
149200000 7120.38 714.172 14423.8 0.99109
149300000 7120.35 708.989 14435.4 0.991121
149400000 7120.36 721.084 14408.2 0.991012
149500000 7120.36 724.773 14399.9 0.990193
149600000 7120.37 708.96 14435.5 0.991031
149700000 7120.34 721.028 14408.3 0.990432
149800000 7120.35 727.388 14394 0.990362
149900000 7120.38 724.01 14401.7 0.990438
150000000 7120.35 711.805 14429.1 0.991096
150100000 7120.36 714.751 14422.5 0.990822
150200000 7120.36 715.532 14420.7 0.990958
150300000 7120.37 718.531 14414 0.990849
150400000 7120.35 712.112 14428.4 0.99076
150500000 7120.34 722.06 14406 0.990421
150600000 7120.34 718.919 14413 0.990708
150700000 7120.34 709.414 14434.5 0.991102
150800000 7120.33 720.727 14409 0.990386
150900000 7120.37 723.204 14403.5 0.9906
151000000 7120.38 721.156 14408.1 0.990508
151100000 7120.35 707.85 14438 0.991174
151200000 7120.35 727.847 14393 0.990251
151300000 7120.35 718.242 14414.6 0.990702
151400000 7120.36 711.256 14430.3 0.991196
151500000 7120.38 736.406 14373.8 0.990057
151600000 7120.36 713.746 14424.8 0.990591
151700000 7120.35 724.747 14399.9 0.990554
151800000 7120.31 718.542 14413.8 0.990422
151900000 7120.37 710.807 14431.4 0.991062
152000000 7120.35 707.997 14437.7 0.991347
152100000 7120.35 719.697 14411.3 0.990943
152200000 7120.36 713.742 14424.7 0.99088
152300000 7120.36 705.185 14444 0.991439
152400000 7120.35 705.134 14444.1 0.991366
152500000 7120.37 717.549 14416.2 0.990893
152600000 7120.34 723.404 14403 0.990717
152700000 7120.35 711.83 14429 0.991018
152800000 7120.36 710.108 14432.9 0.990986
152900000 7120.35 718.145 14414.8 0.990752
153000000 7120.33 723.396 14402.9 0.99035
153100000 7120.35 705.929 14442.3 0.991471
153200000 7120.37 706.316 14441.5 0.991083
153300000 7120.34 741.757 14361.6 0.989635
153400000 7120.36 714.291 14423.5 0.990982
153500000 7120.34 717.269 14416.8 0.990667
153600000 7120.38 714.571 14422.9 0.991207
153700000 7120.37 700.429 14454.8 0.991514
153800000 7120.37 700.522 14454.5 0.991592
153900000 7120.37 717.676 14415.9 0.991111
154000000 7120.39 719.703 14411.4 0.990687
154100000 7120.38 726.188 14396.8 0.990255
154200000 7120.33 716.567 14418.3 0.990821
154300000 7120.38 715.82 14420.1 0.99095
154400000 7120.35 712.667 14427.2 0.99115
154500000 7120.33 741.026 14363.3 0.989288
154600000 7120.35 710.137 14432.8 0.991119
154700000 7120.34 713.604 14425 0.990627
154800000 7120.35 720.086 14410.4 0.990525
154900000 7120.36 722.38 14405.3 0.990394
155000000 7120.33 710.116 14432.9 0.99106
155100000 7120.36 713.898 14424.4 0.990989
155200000 7120.39 719.482 14411.9 0.990839
155300000 7120.35 725.412 14398.5 0.990558
155400000 7120.36 716.58 14418.4 0.990854
155500000 7120.36 714.492 14423.1 0.990907
155600000 7120.33 719.821 14411 0.990535
155700000 7120.31 726.27 14396.4 0.990367
155800000 7120.36 719.154 14412.6 0.990754
155900000 7120.33 703.49 14447.8 0.991467
156000000 7120.37 707.093 14439.7 0.991391
156100000 7120.37 688.605 14481.4 0.991913
156200000 7120.35 728.415 14391.7 0.990442
156300000 7120.34 706.553 14440.9 0.991166
156400000 7120.36 726.044 14397 0.990402
156500000 7120.36 731.867 14383.9 0.990229
156600000 7120.34 716.338 14418.8 0.990737
156700000 7120.35 710.032 14433.1 0.991073
156800000 7120.3 714.38 14423.2 0.990575
156900000 7120.35 735.771 14375.1 0.989758
157000000 7120.36 742.033 14361.1 0.989497
157100000 7120.35 711.745 14429.2 0.991107
157200000 7120.34 716.92 14417.5 0.99059
157300000 7120.36 709.794 14433.6 0.990955
157400000 7120.4 726.751 14395.5 0.990265
157500000 7120.34 715.275 14421.3 0.99104
157600000 7120.37 715.481 14420.9 0.991042
157700000 7120.38 705.725 14442.8 0.991288
157800000 7120.33 742.143 14360.7 0.989526
157900000 7120.34 707.556 14438.6 0.991194
158000000 7120.34 720.028 14410.6 0.990757
158100000 7120.35 704.883 14444.7 0.991349
158200000 7120.37 716.312 14419 0.990659
158300000 7120.38 730.62 14386.8 0.990481
158400000 7120.36 720.349 14409.9 0.990664
158500000 7120.35 718.48 14414.1 0.990914
158600000 7120.35 729.124 14390.1 0.990544
158700000 7120.36 731.948 14383.8 0.990434
158800000 7120.34 726.636 14395.7 0.990306
158900000 7120.35 729.125 14390.1 0.990383
159000000 7120.35 712.302 14428 0.990811
159100000 7120.37 729.169 14390 0.990519
159200000 7120.37 710.285 14432.6 0.991126
159300000 7120.38 689.607 14479.1 0.991769
159400000 7120.35 741.159 14363 0.989764
159500000 7120.31 726.522 14395.9 0.990295
159600000 7120.34 715.262 14421.3 0.990946
159700000 7120.35 708.749 14436 0.990858
159800000 7120.35 703.723 14447.3 0.991298
159900000 7120.36 716.437 14418.7 0.990851
160000000 7120.35 712.441 14427.7 0.990663
160100000 7120.36 713.706 14424.8 0.990681
160200000 7120.36 722.505 14405 0.990495
160300000 7120.34 719.061 14412.7 0.990561
160400000 7120.34 721.935 14406.3 0.990371
160500000 7120.38 717.238 14416.9 0.990592
160600000 7120.37 725.691 14397.9 0.990486
160700000 7120.37 711.324 14430.2 0.991064
160800000 7120.36 716.477 14418.6 0.990991
160900000 7120.36 704.066 14446.5 0.991483
161000000 7120.34 718.164 14414.7 0.990702
161100000 7120.35 712.112 14428.4 0.991086
161200000 7120.35 718.371 14414.3 0.990798
161300000 7120.34 725.773 14397.6 0.990195
161400000 7120.35 712.42 14427.7 0.990715
161500000 7120.37 728.787 14390.9 0.990266
161600000 7120.34 712.232 14428.1 0.991033
161700000 7120.37 708.68 14436.2 0.991062
161800000 7120.38 694.043 14469.2 0.991842
161900000 7120.37 725.58 14398.1 0.990438
162000000 7120.33 717.1 14417.1 0.990735
162100000 7120.37 722.805 14404.4 0.990809
162200000 7120.37 709.337 14434.7 0.991255
162300000 7120.35 714.031 14424.1 0.991106
162400000 7120.37 707.22 14439.4 0.991353
162500000 7120.36 729.737 14388.7 0.990444
162600000 7120.33 718.819 14413.2 0.990545
162700000 7120.39 703.357 14448.2 0.991524
162800000 7120.37 722.695 14404.6 0.9904
162900000 7120.35 714.35 14423.4 0.99077
163000000 7120.35 721.782 14406.6 0.990451
163100000 7120.39 709.009 14435.5 0.991253
163200000 7120.36 703.226 14448.4 0.991305
163300000 7120.36 715.642 14420.5 0.990648
163400000 7120.35 729.041 14390.3 0.990027
163500000 7120.36 710.074 14433 0.991093
163600000 7120.35 709.224 14434.9 0.991045
163700000 7120.37 718.027 14415.1 0.990788
163800000 7120.35 712.417 14427.7 0.991179
163900000 7120.37 701.584 14452.2 0.991298
164000000 7120.34 709.076 14435.2 0.991059
164100000 7120.36 716.205 14419.2 0.990924
164200000 7120.35 698.151 14459.8 0.991443
164300000 7120.32 720.948 14408.4 0.990406
164400000 7120.37 711.576 14429.6 0.991107
164500000 7120.37 725.701 14397.8 0.989934
164600000 7120.37 708.973 14435.5 0.99126
164700000 7120.36 706.969 14440 0.991166
164800000 7120.34 718.598 14413.8 0.990251
164900000 7120.35 707.56 14438.6 0.990899
165000000 7120.35 717.819 14415.5 0.990611
165100000 7120.36 716.359 14418.9 0.990795
165200000 7120.34 712.149 14428.3 0.9909
165300000 7120.36 716.869 14417.7 0.990583
165400000 7120.36 717.445 14416.4 0.990842
165500000 7120.36 703.807 14447.1 0.991278
165600000 7120.36 709.833 14433.5 0.990982
165700000 7120.33 717.96 14415.2 0.990986
165800000 7120.38 719.433 14412 0.990593
165900000 7120.34 727.618 14393.5 0.990407
166000000 7120.39 691.733 14474.4 0.991919
166100000 7120.33 712.493 14427.5 0.990806
166200000 7120.35 714.7 14422.6 0.990944
166300000 7120.34 713.122 14426.1 0.990937
166400000 7120.35 721.957 14406.2 0.990414
166500000 7120.37 706.852 14440.3 0.991053
166600000 7120.37 737.784 14370.6 0.990143
166700000 7120.36 714.189 14423.7 0.990535
166800000 7120.35 712.781 14426.9 0.991183
166900000 7120.35 718.089 14414.9 0.990806
167000000 7120.37 722.825 14404.3 0.990672
167100000 7120.34 721.538 14407.1 0.99056
167200000 7120.36 710.647 14431.7 0.990865
167300000 7120.38 732.151 14383.3 0.990213
167400000 7120.34 706.234 14441.6 0.991215
167500000 7120.38 709.305 14434.8 0.990863
167600000 7120.38 702.492 14450.1 0.991477
167700000 7120.34 718.005 14415.1 0.990615
167800000 7120.35 723.631 14402.4 0.990554
167900000 7120.34 719.561 14411.6 0.990407
168000000 7120.34 725.745 14397.7 0.990292
168100000 7120.35 713.086 14426.2 0.991311
168200000 7120.36 736.379 14373.8 0.989899
168300000 7120.36 716.401 14418.8 0.990751
168400000 7120.32 716.987 14417.4 0.990524
168500000 7120.37 702.693 14449.7 0.991602
168600000 7120.33 709.225 14434.8 0.991393
168700000 7120.35 710.787 14431.4 0.991163
168800000 7120.37 709.793 14433.7 0.991068
168900000 7120.36 702.592 14449.8 0.991412
169000000 7120.32 726.13 14396.8 0.990341
169100000 7120.34 718.649 14413.6 0.990555
169200000 7120.36 718.129 14414.9 0.990791
169300000 7120.34 710.152 14432.8 0.990844
169400000 7120.37 709.651 14434 0.991074
169500000 7120.34 720.644 14409.2 0.99046
169600000 7120.34 698.648 14458.7 0.991525
169700000 7120.37 703.173 14448.6 0.99139
169800000 7120.36 699.845 14456 0.991374
169900000 7120.34 727.21 14394.4 0.990214
170000000 7120.35 704.65 14445.2 0.991296
170100000 7120.33 707.978 14437.7 0.991019
170200000 7120.36 729.494 14389.3 0.990205
170300000 7120.35 713.515 14425.2 0.990825
170400000 7120.35 722.939 14404 0.990364
170500000 7120.38 712.904 14426.7 0.991038
170600000 7120.34 707.882 14437.9 0.990921
170700000 7120.35 702.982 14448.9 0.991478
170800000 7120.36 726.522 14396 0.990377
170900000 7120.36 721.91 14406.4 0.990576
171000000 7120.33 718.372 14414.3 0.990664
171100000 7120.38 718.593 14413.9 0.990836
171200000 7120.36 723.764 14402.2 0.990504
171300000 7120.37 722.159 14405.8 0.990948
171400000 7120.39 713.086 14426.3 0.991173
171500000 7120.34 721.888 14406.4 0.99034
171600000 7120.36 723.988 14401.7 0.990318
171700000 7120.34 716.834 14417.7 0.990779
171800000 7120.37 727.787 14393.1 0.990403
171900000 7120.38 720.645 14409.3 0.990911
172000000 7120.37 717.222 14416.9 0.990991
172100000 7120.32 746.104 14351.8 0.989494
172200000 7120.35 719.627 14411.5 0.990481
172300000 7120.34 731.29 14385.2 0.989924
172400000 7120.36 707.344 14439.2 0.991278
172500000 7120.35 706.403 14441.3 0.991091
172600000 7120.34 707.838 14438 0.991131
172700000 7120.35 720.315 14409.9 0.990567
172800000 7120.35 716.891 14417.6 0.990666
172900000 7120.37 713.851 14424.5 0.990958
173000000 7120.35 721.401 14407.5 0.990487
173100000 7120.35 732.125 14383.3 0.989894
173200000 7120.36 705.779 14442.7 0.991401
173300000 7120.37 730.016 14388.1 0.98992
173400000 7120.34 717.21 14416.9 0.990708
173500000 7120.38 713.8 14424.7 0.990862
173600000 7120.34 725.485 14398.3 0.9906
173700000 7120.34 714.201 14423.7 0.990968
173800000 7120.37 714.119 14423.9 0.990873
173900000 7120.35 723.057 14403.8 0.990584
174000000 7120.36 692.679 14472.2 0.991973
174100000 7120.33 723.605 14402.5 0.9904
174200000 7120.35 706.828 14440.3 0.991171
174300000 7120.35 709.201 14435 0.991079
174400000 7120.4 701.964 14451.4 0.991568
174500000 7120.35 717.772 14415.7 0.990691
174600000 7120.37 710.963 14431 0.990978
174700000 7120.35 714.846 14422.2 0.990798
174800000 7120.36 712.476 14427.6 0.990804
174900000 7120.35 716.664 14418.1 0.990686
175000000 7120.38 734.174 14378.8 0.989661
175100000 7120.34 729.982 14388.1 0.990048
175200000 7120.35 728.831 14390.7 0.990196
175300000 7120.33 717.541 14416.1 0.990844
175400000 7120.36 718.778 14413.4 0.990451
175500000 7120.37 700.311 14455 0.991364
175600000 7120.32 708.579 14436.3 0.990931
175700000 7120.34 719.836 14411 0.990659
175800000 7120.37 719.441 14411.9 0.990734
175900000 7120.36 709.947 14433.3 0.991195
176000000 7120.36 702.916 14449.1 0.991439
176100000 7120.38 728.033 14392.6 0.990787
176200000 7120.36 714.595 14422.8 0.990826
176300000 7120.37 711.625 14429.5 0.991141
176400000 7120.34 724.055 14401.5 0.990568
176500000 7120.36 714.267 14423.6 0.990726
176600000 7120.39 719.819 14411.1 0.990924
176700000 7120.33 722.278 14405.5 0.990606
176800000 7120.35 724.417 14400.7 0.990646
176900000 7120.38 718.44 14414.2 0.990549
177000000 7120.36 714.676 14422.6 0.990887
177100000 7120.34 721.073 14408.2 0.990236
177200000 7120.35 738.714 14368.5 0.989669
177300000 7120.36 720.663 14409.2 0.990576
177400000 7120.34 721.047 14408.3 0.99058
177500000 7120.33 720.258 14410 0.990263
177600000 7120.37 710.245 14432.7 0.991117
177700000 7120.35 722.792 14404.3 0.990903
177800000 7120.35 712.844 14426.7 0.990772
177900000 7120.36 733.236 14380.9 0.989632
178000000 7120.34 717.502 14416.2 0.990952
178100000 7120.34 705.865 14442.4 0.991125
178200000 7120.36 709.186 14435 0.99108
178300000 7120.35 734.259 14378.5 0.990225
178400000 7120.37 708.144 14437.4 0.991164
178500000 7120.35 704.551 14445.4 0.991155
178600000 7120.37 703.86 14447 0.991366
178700000 7120.34 727.833 14393 0.990074
178800000 7120.34 715.377 14421 0.990878
178900000 7120.36 694.743 14467.5 0.991603
179000000 7120.36 719.011 14412.9 0.990692
179100000 7120.39 715.381 14421.1 0.991444
179200000 7120.34 700.811 14453.8 0.991279
179300000 7120.36 707.985 14437.7 0.991416
179400000 7120.39 714.935 14422.1 0.990761
179500000 7120.35 710.63 14431.7 0.990722
179600000 7120.36 720.393 14409.8 0.990653
179700000 7120.34 715.103 14421.6 0.990699
179800000 7120.36 731.138 14385.6 0.990493
179900000 7120.38 705.081 14444.3 0.991599
180000000 7120.35 713.648 14424.9 0.990908
180100000 7120.34 711.348 14430.1 0.990988
180200000 7120.39 729.638 14389 0.990023
180300000 7120.39 713.631 14425.1 0.990692
180400000 7120.34 712.532 14427.4 0.990749
180500000 7120.37 711.893 14428.9 0.991209
180600000 7120.36 721.094 14408.2 0.990427
180700000 7120.34 721.702 14406.8 0.9903
180800000 7120.37 707.755 14438.2 0.991103
180900000 7120.36 714.251 14423.6 0.991215
181000000 7120.37 712.216 14428.2 0.991169
181100000 7120.36 725.607 14398 0.990414
181200000 7120.38 727.146 14394.6 0.990299
181300000 7120.34 717.961 14415.2 0.990811
181400000 7120.39 728.089 14392.5 0.990302
181500000 7120.34 719.195 14412.4 0.990767
181600000 7120.34 728.527 14391.4 0.990029
181700000 7120.33 721.272 14407.7 0.990887
181800000 7120.35 716.563 14418.4 0.990864
181900000 7120.36 735.895 14374.9 0.990113
182000000 7120.38 703.389 14448.1 0.99162
182100000 7120.4 737.332 14371.7 0.989483
182200000 7120.37 720.545 14409.5 0.99101
182300000 7120.36 711.052 14430.8 0.991115
182400000 7120.34 707.971 14437.7 0.991243
182500000 7120.36 721.514 14407.3 0.990665
182600000 7120.36 725.341 14398.6 0.990518
182700000 7120.34 717.843 14415.5 0.990626
182800000 7120.36 703.884 14446.9 0.991438
182900000 7120.35 726.101 14396.9 0.990357
183000000 7120.37 704.433 14445.7 0.99165
183100000 7120.36 728.445 14391.6 0.990417
183200000 7120.36 740.728 14364 0.98972
183300000 7120.33 727.133 14394.5 0.99012
183400000 7120.35 719.346 14412.1 0.990652
183500000 7120.36 714.115 14423.9 0.990789
183600000 7120.37 734.806 14377.3 0.989778
183700000 7120.34 725.242 14398.8 0.990389
183800000 7120.38 701.679 14452 0.991543
183900000 7120.32 710.903 14431.1 0.991095
184000000 7120.35 702.084 14451 0.991343
184100000 7120.33 718.096 14414.9 0.99035
184200000 7120.35 736.463 14373.6 0.989812
184300000 7120.37 711.751 14429.2 0.991106
184400000 7120.36 702.077 14451 0.991552
184500000 7120.37 716.491 14418.6 0.990672
184600000 7120.37 707.28 14439.3 0.991291
184700000 7120.37 707.85 14438 0.99096
184800000 7120.35 723.872 14401.9 0.990244
184900000 7120.34 725.929 14397.3 0.990196
185000000 7120.36 723.115 14403.6 0.990638
185100000 7120.36 709.854 14433.5 0.991176
185200000 7120.36 735.986 14374.7 0.98974
185300000 7120.37 713.779 14424.7 0.990676
185400000 7120.36 728.46 14391.6 0.990202
185500000 7120.39 708.714 14436.1 0.990978
185600000 7120.37 716.055 14419.6 0.991222
185700000 7120.35 712.646 14427.2 0.990975
185800000 7120.36 700.889 14453.7 0.991652
185900000 7120.37 716.189 14419.3 0.990888
186000000 7120.36 707.542 14438.7 0.991172
186100000 7120.37 716.963 14417.5 0.990905
186200000 7120.35 730.391 14387.2 0.990174
186300000 7120.37 698.377 14459.4 0.991461
186400000 7120.35 711.846 14429 0.990961
186500000 7120.39 709.642 14434.1 0.990996
186600000 7120.35 718.996 14412.9 0.99065
186700000 7120.36 723.046 14403.8 0.990474
186800000 7120.36 729.135 14390.1 0.990213
186900000 7120.35 721.4 14407.5 0.990522
187000000 7120.34 714.215 14423.6 0.990898
187100000 7120.33 712.691 14427 0.991018
187200000 7120.34 703.269 14448.3 0.991408
187300000 7120.33 732.746 14381.9 0.990037
187400000 7120.36 713.059 14426.3 0.990764
187500000 7120.37 718.089 14415 0.9907
187600000 7120.36 724.99 14399.4 0.990102
187700000 7120.33 728.473 14391.5 0.990088
187800000 7120.36 713.525 14425.2 0.990989
187900000 7120.36 715.368 14421.1 0.990925
188000000 7120.35 709.649 14433.9 0.99075
188100000 7120.37 721.914 14406.4 0.990191
188200000 7120.37 737.591 14371.1 0.989465
188300000 7120.34 721.839 14406.5 0.990763
188400000 7120.34 724.306 14400.9 0.990301
188500000 7120.36 716.898 14417.6 0.990786
188600000 7120.34 720.816 14408.8 0.990458
188700000 7120.34 711.513 14429.7 0.991037
188800000 7120.36 712.348 14427.9 0.990855
188900000 7120.36 718.507 14414 0.990491
189000000 7120.32 720.632 14409.2 0.990447
189100000 7120.38 704.645 14445.3 0.991314
189200000 7120.39 719.295 14412.3 0.990406
189300000 7120.36 707.446 14438.9 0.990889
189400000 7120.32 721.512 14407.2 0.990791
189500000 7120.34 724.869 14399.7 0.990296
189600000 7120.38 711.045 14430.9 0.990726
189700000 7120.38 713.532 14425.3 0.991016
189800000 7120.36 731.747 14384.2 0.989823
189900000 7120.35 712.797 14426.8 0.991089
190000000 7120.37 719.537 14411.7 0.990772
190100000 7120.39 716.334 14419 0.990865
190200000 7120.33 715.983 14419.6 0.990563
190300000 7120.36 717.955 14415.3 0.991878
190400000 7120.33 699.848 14456 0.991217
190500000 7120.35 708.492 14436.5 0.991068
190600000 7120.38 706.879 14440.2 0.991213
190700000 7120.36 725.57 14398.1 0.990003
190800000 7120.35 719.371 14412.1 0.990426
190900000 7120.35 709.78 14433.6 0.99093
191000000 7120.37 705.31 14443.7 0.991138
191100000 7120.36 724.183 14401.2 0.990101
191200000 7120.35 714.152 14423.8 0.990851
191300000 7120.36 728.417 14391.7 0.990222
191400000 7120.34 714.189 14423.7 0.990887
191500000 7120.35 721.703 14406.8 0.990323
191600000 7120.35 716.757 14417.9 0.990455
191700000 7120.35 714.733 14422.5 0.990773
191800000 7120.34 727.566 14393.6 0.990388
191900000 7120.36 701.964 14451.3 0.991409
192000000 7120.37 721.409 14407.5 0.990625
192100000 7120.35 721.682 14406.8 0.990415
192200000 7120.33 708.437 14436.6 0.990889
192300000 7120.37 716.131 14419.4 0.990608
192400000 7120.37 719.158 14412.6 0.990633
192500000 7120.36 747.222 14349.4 0.989272
192600000 7120.35 729.889 14388.4 0.989979
192700000 7120.37 712.164 14428.3 0.99106
192800000 7120.33 714.226 14423.6 0.990814
192900000 7120.35 710.842 14431.3 0.991013
193000000 7120.36 726.552 14395.9 0.990647
193100000 7120.35 719.863 14411 0.990316
193200000 7120.36 717.82 14415.6 0.990765
193300000 7120.37 722.868 14404.2 0.990477
193400000 7120.34 713.728 14424.7 0.990973
193500000 7120.36 724.167 14401.3 0.990594
193600000 7120.36 712.991 14426.4 0.991176
193700000 7120.38 718.477 14414.1 0.990912
193800000 7120.33 718.292 14414.4 0.990751
193900000 7120.38 711.53 14429.8 0.991042
194000000 7120.35 721.086 14408.2 0.990239
194100000 7120.34 718.364 14414.3 0.990542
194200000 7120.35 714.419 14423.2 0.991016
194300000 7120.33 705.402 14443.5 0.991202
194400000 7120.34 744.569 14355.3 0.989526
194500000 7120.37 724.582 14400.4 0.990486
194600000 7120.35 716.166 14419.3 0.991113
194700000 7120.37 707.857 14438 0.991052
194800000 7120.36 729.745 14388.7 0.990244
194900000 7120.36 710.715 14431.6 0.990923
195000000 7120.38 709.839 14433.6 0.990999
195100000 7120.35 707.314 14439.2 0.991058
195200000 7120.36 722.447 14405.2 0.990966
195300000 7120.35 713.009 14426.4 0.99114
195400000 7120.38 708.893 14435.7 0.991015
195500000 7120.33 705.35 14443.6 0.991215
195600000 7120.34 712.81 14426.8 0.990807
195700000 7120.37 698.096 14460 0.991688
195800000 7120.37 726.308 14396.5 0.990192
195900000 7120.37 706.012 14442.2 0.991482
196000000 7120.35 710.338 14432.4 0.991087
196100000 7120.38 698.345 14459.5 0.991475
196200000 7120.36 733.255 14380.8 0.990069
196300000 7120.38 717.081 14417.3 0.990924
196400000 7120.34 710.711 14431.5 0.991019
196500000 7120.34 708.671 14436.1 0.991122
196600000 7120.32 705.82 14442.5 0.991244
196700000 7120.36 707.707 14438.3 0.991132
196800000 7120.35 714.089 14423.9 0.99075
196900000 7120.35 715.368 14421.1 0.990452
197000000 7120.38 717.054 14417.3 0.990686
197100000 7120.35 708.807 14435.8 0.991164
197200000 7120.32 735.474 14375.7 0.989548
197300000 7120.38 717.294 14416.8 0.99074
197400000 7120.35 721.351 14407.6 0.990641
197500000 7120.37 719.639 14411.5 0.990326
197600000 7120.35 716.377 14418.8 0.991034
197700000 7120.37 727.85 14393 0.990163
197800000 7120.39 698.299 14459.6 0.991549
197900000 7120.37 725.24 14398.9 0.990915
198000000 7120.37 724.854 14399.7 0.990535
198100000 7120.35 710.418 14432.2 0.990927
198200000 7120.32 711.058 14430.7 0.99111
198300000 7120.36 718.8 14413.4 0.990861
198400000 7120.36 720.141 14410.3 0.990528
198500000 7120.35 706.475 14441.1 0.991297
198600000 7120.36 700.928 14453.6 0.991456
198700000 7120.36 704.868 14444.7 0.99142
198800000 7120.33 708.072 14437.4 0.991145
198900000 7120.35 694.831 14467.3 0.991736
199000000 7120.36 697.644 14461 0.991566
199100000 7120.35 718.532 14413.9 0.990718
199200000 7120.37 705.884 14442.5 0.991187
199300000 7120.36 718.6 14413.8 0.990749
199400000 7120.34 713.059 14426.2 0.990829
199500000 7120.35 698.05 14460 0.991461
199600000 7120.35 720.338 14409.9 0.990581
199700000 7120.36 715.961 14419.7 0.990893
199800000 7120.36 719.285 14412.3 0.99088
199900000 7120.38 716.85 14417.8 0.990585
200000000 7120.35 715.191 14421.5 0.990597
200100000 7120.35 721.642 14406.9 0.990359
200200000 7120.35 707.284 14439.3 0.990996
200300000 7120.36 705.51 14443.3 0.991377
200400000 7120.34 718.084 14414.9 0.990458
200500000 7120.33 712.958 14426.5 0.991055
200600000 7120.37 720.16 14410.3 0.99051
200700000 7120.36 706.535 14441 0.991131
200800000 7120.34 704.955 14444.5 0.991191
200900000 7120.33 730.702 14386.5 0.989888
201000000 7120.36 710.609 14431.8 0.991145
201100000 7120.36 715.53 14420.7 0.990993
201200000 7120.35 712.079 14428.5 0.990982
201300000 7120.33 734.342 14378.3 0.990183
201400000 7120.35 719.762 14411.2 0.990762
201500000 7120.35 718.505 14414 0.990668
201600000 7120.37 719.093 14412.7 0.990731
201700000 7120.34 703.549 14447.7 0.991392
201800000 7120.37 725.703 14397.8 0.990444
201900000 7120.35 709.279 14434.8 0.990986
202000000 7120.36 712.79 14426.9 0.990804
202100000 7120.34 716.413 14418.7 0.990853
202200000 7120.36 712.715 14427.1 0.991243
202300000 7120.35 719.003 14412.9 0.990775
202400000 7120.37 742.519 14360 0.989411
202500000 7120.36 729.822 14388.5 0.990188
202600000 7120.38 707.036 14439.9 0.991139
202700000 7120.34 713.286 14425.7 0.990788
202800000 7120.35 718.433 14414.2 0.990802
202900000 7120.37 729.259 14389.8 0.990367
203000000 7120.34 707.905 14437.8 0.991025
203100000 7120.35 718.024 14415.1 0.990978
203200000 7120.36 719.834 14411 0.992699
203300000 7120.35 712.442 14427.6 0.990935
203400000 7120.37 708.044 14437.6 0.99106
203500000 7120.35 701.133 14453.1 0.991357
203600000 7120.37 721.526 14407.2 0.990558
203700000 7120.36 710.216 14432.7 0.991227
203800000 7120.32 723.305 14403.1 0.990498
203900000 7120.35 714.95 14422 0.990988
204000000 7120.36 730.289 14387.5 0.989922
204100000 7120.38 715.937 14419.9 0.990699
204200000 7120.35 716.438 14418.7 0.99093
204300000 7120.33 745.328 14353.6 0.989984
204400000 7120.35 720.522 14409.5 0.990469
204500000 7120.35 707.06 14439.8 0.991268
204600000 7120.38 704.624 14445.3 0.9912
204700000 7120.37 699.435 14457 0.991507
204800000 7120.33 700.931 14453.5 0.991355
204900000 7120.36 718.012 14415.1 0.990998
205000000 7120.37 717.012 14417.4 0.990637
205100000 7120.35 723.636 14402.4 0.990371
205200000 7120.36 725.121 14399.1 0.990571
205300000 7120.36 707.586 14438.6 0.991007
205400000 7120.36 709.045 14435.3 0.991273
205500000 7120.39 714.179 14423.8 0.990857
205600000 7120.36 715.506 14420.8 0.990723
205700000 7120.35 718.802 14413.3 0.990888
205800000 7120.33 727.197 14394.4 0.990217
205900000 7120.36 728.226 14392.1 0.990175
206000000 7120.37 731.189 14385.5 0.990171
206100000 7120.35 709.901 14433.4 0.991055
206200000 7120.35 721.711 14406.8 0.99042
206300000 7120.33 728.814 14390.7 0.990004
206400000 7120.32 726.452 14396 0.99012
206500000 7120.33 703.894 14446.9 0.99146
206600000 7120.34 730.555 14386.9 0.99037
206700000 7120.34 718.11 14414.9 0.990681
206800000 7120.35 724.554 14400.4 0.990339
206900000 7120.35 709.878 14433.4 0.990971
207000000 7120.38 704.871 14444.8 0.991495
207100000 7120.35 721.189 14408 0.990421
207200000 7120.33 715.302 14421.2 0.990772
207300000 7120.34 711.377 14430 0.991312
207400000 7120.36 717.093 14417.2 0.990655
207500000 7120.34 721.991 14406.1 0.990568
207600000 7120.36 728.488 14391.6 0.990263
207700000 7120.39 716.496 14418.6 0.990868
207800000 7120.32 734.115 14378.8 0.99036
207900000 7120.37 709.616 14434.1 0.990937
208000000 7120.34 700.557 14454.4 0.991346
208100000 7120.35 717.847 14415.5 0.99048
208200000 7120.34 711.218 14430.4 0.99111
208300000 7120.35 706.48 14441.1 0.991329
208400000 7120.33 723.508 14402.7 0.990604
208500000 7120.35 700.761 14454 0.991651
208600000 7120.36 697.396 14461.5 0.991604
208700000 7120.36 711.021 14430.9 0.990981
208800000 7120.34 703.512 14447.7 0.99132
208900000 7120.34 727.105 14394.6 0.989983
209000000 7120.32 709.512 14434.2 0.990869
209100000 7120.35 715.211 14421.4 0.991549
209200000 7120.36 717.888 14415.4 0.990711
209300000 7120.37 716.598 14418.3 0.990638
209400000 7120.38 709.12 14435.2 0.9912
209500000 7120.35 710.544 14431.9 0.991035
209600000 7120.37 726.285 14396.5 0.990244
209700000 7120.36 712.702 14427.1 0.990934
209800000 7120.34 707.31 14439.2 0.991148
209900000 7120.35 721.348 14407.6 0.990715
210000000 7120.32 722.029 14406 0.990324
210100000 7120.36 724.398 14400.8 0.990988
210200000 7120.37 723.133 14403.6 0.990486
210300000 7120.37 728.338 14391.9 0.990339
210400000 7120.37 721.552 14407.2 0.990886
210500000 7120.33 714.809 14422.3 0.990576
210600000 7120.35 723.491 14402.8 0.990407
210700000 7120.33 719.348 14412.1 0.990512
210800000 7120.31 723.233 14403.3 0.990166
210900000 7120.38 706.384 14441.4 0.991461
211000000 7120.35 720.717 14409 0.990518
211100000 7120.34 717.279 14416.7 0.990784
211200000 7120.31 724.054 14401.4 0.990472
211300000 7120.36 719.805 14411.1 0.990463
211400000 7120.36 706.493 14441.1 0.991152
211500000 7120.35 705.166 14444 0.991008
211600000 7120.36 713.348 14425.6 0.990812
211700000 7120.34 699.641 14456.5 0.991325
211800000 7120.39 707.798 14438.2 0.991305
211900000 7120.35 718.311 14414.4 0.990729
212000000 7120.35 712.769 14426.9 0.991198
212100000 7120.36 730.535 14386.9 0.990001
212200000 7120.38 719.552 14411.7 0.990812
212300000 7120.35 704.693 14445.1 0.990979
212400000 7120.4 716.16 14419.4 0.990931
212500000 7120.37 712.421 14427.7 0.990805
212600000 7120.34 708.059 14437.5 0.991114
212700000 7120.36 702.062 14451 0.9914
212800000 7120.36 692.187 14473.3 0.991741
212900000 7120.36 716.962 14417.5 0.991026
213000000 7120.36 705.446 14443.4 0.991171
213100000 7120.34 695.121 14466.6 0.991646
213200000 7120.33 723.881 14401.9 0.990288
213300000 7120.35 712.693 14427.1 0.991037
213400000 7120.36 711.848 14429 0.99083
213500000 7120.38 716.231 14419.2 0.990603
213600000 7120.36 708.439 14436.7 0.991191
213700000 7120.37 704.396 14445.8 0.99146
213800000 7120.39 720.838 14408.8 0.990732
213900000 7120.35 713.622 14425 0.990695
214000000 7120.37 720.778 14408.9 0.990587
214100000 7120.37 716.974 14417.5 0.99091
214200000 7120.34 724.961 14399.4 0.990406
214300000 7120.32 725.82 14397.5 0.990304
214400000 7120.34 723.832 14402 0.9905
214500000 7120.37 721.245 14407.9 0.990901
214600000 7120.35 744.039 14356.5 0.989622
214700000 7120.35 723.549 14402.6 0.990436
214800000 7120.36 710.917 14431.1 0.990905
214900000 7120.36 715.696 14420.3 0.990877
215000000 7120.34 727.981 14392.7 0.990306
215100000 7120.33 716.529 14418.4 0.990761
215200000 7120.36 702.423 14450.2 0.991278
215300000 7120.33 711.029 14430.8 0.99071
215400000 7120.36 718.305 14414.5 0.99059
215500000 7120.35 727.027 14394.8 0.990491
215600000 7120.34 713.015 14426.3 0.990759
215700000 7120.34 709.492 14434.3 0.991153
215800000 7120.36 706.598 14440.8 0.991277
215900000 7120.34 708.765 14435.9 0.991185
216000000 7120.34 700.322 14454.9 0.991389
216100000 7120.38 704.243 14446.2 0.99131
216200000 7120.33 705.596 14443 0.991299
216300000 7120.33 717.819 14415.5 0.99057
216400000 7120.37 711.852 14429 0.990885
216500000 7120.33 723.361 14403 0.990393
216600000 7120.37 706.007 14442.2 0.991291
216700000 7120.37 717.232 14416.9 0.990647
216800000 7120.34 724.661 14400.1 0.990349
216900000 7120.34 714.473 14423.1 0.990778
217000000 7120.38 716.826 14417.8 0.990612
217100000 7120.37 718.909 14413.1 0.990716
217200000 7120.35 726.833 14395.2 0.990436
217300000 7120.34 711.223 14430.4 0.990929
217400000 7120.35 717.081 14417.2 0.990956
217500000 7120.36 726.79 14395.4 0.990225
217600000 7120.34 717.426 14416.4 0.990681
217700000 7120.33 709.529 14434.2 0.991335
217800000 7120.36 733.292 14380.7 0.990251
217900000 7120.36 704.278 14446.1 0.991395
218000000 7120.37 721.015 14408.4 0.990534
218100000 7120.38 722.911 14404.1 0.990437
218200000 7120.35 717.334 14416.6 0.990594
218300000 7120.36 720.92 14408.6 0.990744
218400000 7120.36 714.576 14422.9 0.99095
218500000 7120.35 754.431 14333.1 0.988826
218600000 7120.36 710.602 14431.8 0.991327
218700000 7120.34 701.653 14451.9 0.99129
218800000 7120.3 726.528 14395.8 0.990222
218900000 7120.36 706.685 14440.6 0.990906
219000000 7120.32 715.435 14420.8 0.990749
219100000 7120.37 739.82 14366.1 0.989709
219200000 7120.36 719.402 14412 0.990753
219300000 7120.34 725.016 14399.3 0.990293
219400000 7120.35 710.78 14431.4 0.991091
219500000 7120.33 719.315 14412.1 0.990682
219600000 7120.35 716.015 14419.6 0.990765
219700000 7120.35 727.477 14393.8 0.990074
219800000 7120.34 715.258 14421.3 0.99076
219900000 7120.35 712.463 14427.6 0.990866
220000000 7120.36 724.657 14400.2 0.990253
220100000 7120.37 712.182 14428.3 0.990938
220200000 7120.37 704.326 14446 0.99158
220300000 7120.38 711.182 14430.6 0.991137
220400000 7120.39 707.653 14438.5 0.991251
220500000 7120.36 698.832 14458.3 0.991363
220600000 7120.37 719.078 14412.8 0.990424
220700000 7120.37 720.921 14408.6 0.990679
220800000 7120.36 705.556 14443.2 0.991407
220900000 7120.34 726.757 14395.4 0.990327
221000000 7120.35 724.392 14400.7 0.99043
221100000 7120.35 708.09 14437.5 0.990982
221200000 7120.38 704.742 14445.1 0.991303
221300000 7120.34 710.74 14431.5 0.991003
221400000 7120.38 719.382 14412.1 0.990942
221500000 7120.34 719.138 14412.6 0.990628
221600000 7120.32 707.644 14438.4 0.991045
221700000 7120.37 712.703 14427.1 0.990971
221800000 7120.34 707.543 14438.7 0.991125
221900000 7120.36 727.805 14393.1 0.990553
222000000 7120.34 703.679 14447.4 0.991397
222100000 7120.37 712.271 14428.1 0.990778
222200000 7120.33 737.822 14370.5 0.989783
222300000 7120.35 711.511 14429.7 0.991178
222400000 7120.38 717.916 14415.4 0.990757
222500000 7120.36 707.485 14438.8 0.991262
222600000 7120.37 707.438 14439 0.991136
222700000 7120.34 724.171 14401.2 0.990364
222800000 7120.38 718.403 14414.3 0.990641
222900000 7120.36 714.912 14422.1 0.990854
223000000 7120.35 714.247 14423.6 0.990907
223100000 7120.35 714.71 14422.6 0.990765
223200000 7120.37 703.563 14447.7 0.991171
223300000 7120.36 722.904 14404.1 0.990613
223400000 7120.34 700.475 14454.6 0.991572
223500000 7120.37 722.917 14404.1 0.990634
223600000 7120.36 710.401 14432.3 0.990798
223700000 7120.34 720.209 14410.1 0.990307
223800000 7120.38 709.484 14434.4 0.990827
223900000 7120.32 714.604 14422.7 0.990659
224000000 7120.36 706.864 14440.2 0.991279
224100000 7120.38 716.015 14419.7 0.991094
224200000 7120.35 709.972 14433.2 0.99101
224300000 7120.35 729.436 14389.4 0.990102
224400000 7120.39 711.853 14429.1 0.991116
224500000 7120.35 739.568 14366.6 0.989416
224600000 7120.37 723.754 14402.2 0.990352
224700000 7120.33 713.694 14424.8 0.991059
224800000 7120.34 726.568 14395.8 0.990521
224900000 7120.35 718.637 14413.7 0.9908
225000000 7120.36 726.766 14395.4 0.99071
225100000 7120.36 721.468 14407.4 0.990837
225200000 7120.35 734.398 14378.2 0.989982
225300000 7120.36 712.369 14427.8 0.990863
225400000 7120.38 706.705 14440.6 0.991078
225500000 7120.36 716.711 14418.1 0.991209
225600000 7120.33 721.105 14408.1 0.990443
225700000 7120.36 701.325 14452.7 0.991255
225800000 7120.37 718.871 14413.2 0.990609
225900000 7120.36 705.655 14443 0.991184
226000000 7120.36 721.84 14406.5 0.990322
226100000 7120.33 722.111 14405.8 0.990468
226200000 7120.36 713.375 14425.6 0.991062
226300000 7120.35 723.604 14402.5 0.990278
226400000 7120.35 706.296 14441.5 0.991037
226500000 7120.37 705.556 14443.2 0.99139
226600000 7120.33 727.2 14394.4 0.990133
226700000 7120.34 700.314 14454.9 0.991172
226800000 7120.35 722.754 14404.4 0.990542
226900000 7120.37 731.099 14385.7 0.990399
227000000 7120.36 713.577 14425.1 0.991238
227100000 7120.36 701.597 14452.1 0.991441
227200000 7120.35 703.054 14448.8 0.991437
227300000 7120.35 694.397 14468.3 0.991519
227400000 7120.33 712.614 14427.2 0.990931
227500000 7120.36 712.561 14427.4 0.990986
227600000 7120.32 715.657 14420.3 0.99111
227700000 7120.35 709.09 14435.2 0.991199
227800000 7120.34 712.288 14428 0.990774
227900000 7120.37 702.892 14449.2 0.991324
228000000 7120.36 712.287 14428 0.991093
228100000 7120.37 706.401 14441.3 0.991087
228200000 7120.34 714.706 14422.5 0.990661
228300000 7120.33 706.616 14440.7 0.99125
228400000 7120.37 726.443 14396.2 0.99031
228500000 7120.32 725.782 14397.5 0.990224
228600000 7120.31 706.195 14441.6 0.991061
228700000 7120.36 700.372 14454.8 0.991574
228800000 7120.33 715.345 14421.1 0.991039
228900000 7120.36 711.977 14428.7 0.990934
229000000 7120.36 714.553 14422.9 0.990782
229100000 7120.35 709.557 14434.2 0.991154
229200000 7120.37 696.356 14463.9 0.991629
229300000 7120.35 729.269 14389.8 0.990265
229400000 7120.36 710.407 14432.3 0.990845
229500000 7120.36 729.011 14390.4 0.990368
229600000 7120.34 709.413 14434.4 0.990897
229700000 7120.33 733.459 14380.3 0.990244
229800000 7120.34 720.463 14409.6 0.990576
229900000 7120.36 713.29 14425.8 0.990818
230000000 7120.38 722.298 14405.5 0.990483
230100000 7120.37 740.773 14363.9 0.989833
230200000 7120.37 709.244 14434.9 0.990925
230300000 7120.35 732.752 14381.9 0.989945
230400000 7120.36 722.795 14404.4 0.990514
230500000 7120.35 726.673 14395.6 0.990344
230600000 7120.33 742.44 14360.1 0.989815
230700000 7120.35 719.663 14411.4 0.991016
230800000 7120.33 718.032 14415 0.990618
230900000 7120.35 729.109 14390.1 0.990631
231000000 7120.35 723.207 14403.4 0.990568
231100000 7120.37 732.435 14382.7 0.989894
231200000 7120.32 719.939 14410.7 0.990309
231300000 7120.37 717.18 14417 0.990788
231400000 7120.36 706.875 14440.2 0.991255
231500000 7120.34 731.448 14384.8 0.990149
231600000 7120.33 719.77 14411.1 0.990794
231700000 7120.38 711.89 14429 0.991016
231800000 7120.36 709.838 14433.5 0.990928
231900000 7120.35 717.417 14416.4 0.990621
232000000 7120.35 704.204 14446.2 0.991404
232100000 7120.33 733.719 14379.7 0.989889
232200000 7120.39 716.315 14419 0.990896
232300000 7120.37 731.059 14385.8 0.990246
232400000 7120.36 720.162 14410.3 0.990695
232500000 7120.38 712.223 14428.2 0.990577
232600000 7120.37 723.758 14402.2 0.990697
232700000 7120.34 723.824 14402 0.990099
232800000 7120.37 709.834 14433.6 0.991263
232900000 7120.34 708.962 14435.5 0.991142
233000000 7120.36 716.49 14418.6 0.990726
233100000 7120.35 702.232 14450.6 0.991369
233200000 7120.36 724.555 14400.4 0.990424
233300000 7120.36 718.457 14414.1 0.990783
233400000 7120.35 727.773 14393.1 0.990164
233500000 7120.34 704.211 14446.2 0.991404
233600000 7120.34 727.492 14393.7 0.990216
233700000 7120.36 709.795 14433.6 0.9911
233800000 7120.34 730.849 14386.2 0.990154
233900000 7120.35 710.399 14432.3 0.990955
234000000 7120.36 724.767 14399.9 0.990255
234100000 7120.38 724.095 14401.5 0.990436
234200000 7120.34 722.826 14404.2 0.990515
234300000 7120.34 713.96 14424.2 0.990925
234400000 7120.36 710.197 14432.7 0.992003
234500000 7120.33 706.649 14440.7 0.991019
234600000 7120.37 720.59 14409.4 0.990693
234700000 7120.39 711.113 14430.7 0.991008
234800000 7120.37 717.068 14417.3 0.990932
234900000 7120.36 719.475 14411.8 0.990709
235000000 7120.34 718.948 14413 0.990892
235100000 7120.33 705.572 14443.1 0.991189
235200000 7120.39 712.052 14428.6 0.990922
235300000 7120.36 727.74 14393.2 0.990243
235400000 7120.39 708.093 14437.5 0.991334
235500000 7120.35 711.454 14429.9 0.99087
235600000 7120.37 721.292 14407.8 0.99035
235700000 7120.39 724.337 14401 0.990338
235800000 7120.38 705.644 14443 0.991222
235900000 7120.35 726.292 14396.5 0.990447
236000000 7120.34 705.685 14442.8 0.991294
236100000 7120.35 711.505 14429.8 0.990997
236200000 7120.35 718.242 14414.6 0.991004
236300000 7120.38 718.019 14415.2 0.990546
236400000 7120.34 721.67 14406.9 0.990565
236500000 7120.33 726.924 14395 0.990349
236600000 7120.33 713.405 14425.4 0.990759
236700000 7120.37 720.339 14409.9 0.990519
236800000 7120.37 702.348 14450.4 0.991606
236900000 7120.36 721.248 14407.9 0.990528
237000000 7120.35 708.921 14435.6 0.991189
237100000 7120.34 713.835 14424.5 0.990543
237200000 7120.37 720.406 14409.8 0.990689
237300000 7120.36 719.441 14411.9 0.990559
237400000 7120.37 719.05 14412.8 0.990939
237500000 7120.36 704.312 14446 0.991305
237600000 7120.34 710.651 14431.7 0.990861
237700000 7120.37 737.269 14371.8 0.989723
237800000 7120.35 732.424 14382.7 0.989994
237900000 7120.34 712.583 14427.3 0.990957
238000000 7120.35 729.545 14389.1 0.989906
238100000 7120.34 716.73 14418 0.990546
238200000 7120.37 727.268 14394.3 0.990277
238300000 7120.35 717.663 14415.9 0.990782
238400000 7120.35 724.605 14400.3 0.990245
238500000 7120.36 710.312 14432.5 0.991182
238600000 7120.36 717.383 14416.6 0.990754
238700000 7120.35 730.434 14387.1 0.989843
238800000 7120.37 701.997 14451.2 0.991568
238900000 7120.36 712.759 14427 0.990777
239000000 7120.35 726.697 14395.6 0.990429
239100000 7120.36 713.443 14425.4 0.99071
239200000 7120.35 712.083 14428.5 0.990977
239300000 7120.33 715.062 14421.7 0.990778
239400000 7120.36 703.465 14447.9 0.991441
239500000 7120.36 724.663 14400.1 0.990309
239600000 7120.36 723.665 14402.4 0.990638
239700000 7120.34 721.846 14406.5 0.990516
239800000 7120.33 719.552 14411.6 0.990698
239900000 7120.34 709.795 14433.6 0.991282
240000000 7120.36 723.519 14402.7 0.990423
240100000 7120.34 712.306 14427.9 0.990807
240200000 7120.33 713.888 14424.4 0.990901
240300000 7120.38 726.285 14396.5 0.990213
240400000 7120.35 718.989 14412.9 0.990777
240500000 7120.38 704.671 14445.2 0.991249
240600000 7120.32 713.106 14426.1 0.990893
240700000 7120.34 717.126 14417.1 0.990397
240800000 7120.36 708.461 14436.6 0.990984
240900000 7120.35 713.666 14424.9 0.990989
241000000 7120.34 717.69 14415.8 0.990596
241100000 7120.36 722.789 14404.4 0.99063
241200000 7120.35 725.289 14398.7 0.990522
241300000 7120.33 698.448 14459.1 0.991449
241400000 7120.38 704.648 14445.3 0.991295
241500000 7120.35 711.919 14428.8 0.991117
241600000 7120.37 723.342 14403.2 0.990575
241700000 7120.37 714.123 14423.9 0.990898
241800000 7120.38 721.479 14407.4 0.990493
241900000 7120.34 729.934 14388.2 0.990239
242000000 7120.4 703.473 14448 0.991602
242100000 7120.36 715.342 14421.1 0.990816
242200000 7120.37 732.617 14382.3 0.990308
242300000 7120.35 721.088 14408.2 0.990776
242400000 7120.32 710.376 14432.2 0.991025
242500000 7120.36 724.533 14400.5 0.990541
242600000 7120.39 694.125 14469 0.991777
242700000 7120.36 715.05 14421.8 0.990643
242800000 7120.37 719.211 14412.5 0.990787
242900000 7120.36 727.512 14393.8 0.990273
243000000 7120.38 714.195 14423.8 0.990683
243100000 7120.35 709.299 14434.7 0.991239
243200000 7120.37 705.926 14442.4 0.991209
243300000 7120.36 719.127 14412.6 0.990377
243400000 7120.38 711.685 14429.4 0.991074
243500000 7120.33 729.797 14388.5 0.990091
243600000 7120.34 718.96 14413 0.990421
243700000 7120.36 708.642 14436.2 0.993172
243800000 7120.36 703.157 14448.6 0.991218
243900000 7120.35 708.007 14437.6 0.991045
244000000 7120.35 712.745 14427 0.991018
244100000 7120.35 716.351 14418.8 0.990871
244200000 7120.39 715.746 14420.3 0.990573
244300000 7120.35 724.658 14400.1 0.990352
244400000 7120.36 714.658 14422.7 0.990857
244500000 7120.34 729.966 14388.2 0.989818
244600000 7120.37 714.309 14423.5 0.991074
244700000 7120.36 707.75 14438.2 0.990993
244800000 7120.38 721.639 14407 0.990324
244900000 7120.4 727.369 14394.2 0.990608
245000000 7120.37 715.974 14419.7 0.99085
245100000 7120.32 713.364 14425.5 0.990874
245200000 7120.32 723.05 14403.7 0.990435
245300000 7120.35 724.204 14401.2 0.990743
245400000 7120.36 723.652 14402.4 0.990445
245500000 7120.34 728.352 14391.8 0.990623
245600000 7120.34 712.007 14428.6 0.990954
245700000 7120.35 724.624 14400.2 0.990297
245800000 7120.36 703.929 14446.8 0.991599
245900000 7120.35 719.317 14412.2 0.990671
246000000 7120.33 729.141 14390 0.989974
246100000 7120.36 717.88 14415.4 0.990731
246200000 7120.38 722.31 14405.5 0.990646
246300000 7120.36 718.098 14415 0.990827
246400000 7120.38 731.641 14384.5 0.989757
246500000 7120.35 713.724 14424.8 0.991063
246600000 7120.35 719.994 14410.6 0.990662
246700000 7120.39 708.154 14437.4 0.991334
246800000 7120.36 714.543 14422.9 0.990675
246900000 7120.36 710.7 14431.6 0.990941
247000000 7120.35 729.135 14390.1 0.990202
247100000 7120.37 711.062 14430.8 0.991167
247200000 7120.36 713.572 14425.1 0.991118
247300000 7120.34 729.598 14389 0.989883
247400000 7120.36 721.234 14407.9 0.990636
247500000 7120.38 701.401 14452.6 0.991518
247600000 7120.36 715.811 14420.1 0.99087
247700000 7120.33 725.499 14398.2 0.990258
247800000 7120.35 707.598 14438.6 0.991288
247900000 7120.36 707.849 14438 0.991298
248000000 7120.35 721.572 14407.1 0.990866
248100000 7120.33 714.128 14423.8 0.990737
248200000 7120.35 727.562 14393.6 0.990444
248300000 7120.38 718.649 14413.8 0.99059
248400000 7120.36 715.864 14420 0.990685
248500000 7120.35 736.354 14373.8 0.98976
248600000 7120.37 733.58 14380.1 0.98974
248700000 7120.37 714.636 14422.8 0.990966
248800000 7120.33 736.322 14373.8 0.989669
248900000 7120.36 711.852 14429 0.991183
249000000 7120.37 707.508 14438.8 0.991113
249100000 7120.37 728.736 14391 0.990037
249200000 7120.36 702.06 14451 0.991332
249300000 7120.33 721.306 14407.7 0.990496
249400000 7120.36 713.83 14424.6 0.990712
249500000 7120.38 713.604 14425.1 0.990837
249600000 7120.33 711.741 14429.2 0.990898
249700000 7120.36 721.561 14407.1 0.990486
249800000 7120.36 714.121 14423.9 0.991111
249900000 7120.35 724.434 14400.6 0.990371
250000000 7120.36 723.474 14402.8 0.990564
250100000 7120.35 710.197 14432.7 0.991017
250200000 7120.38 709.503 14434.3 0.991045
250300000 7120.34 722.479 14405 0.990423
250400000 7120.38 716.14 14419.4 0.990626
250500000 7120.32 705.354 14443.5 0.991263
250600000 7120.34 724.325 14400.9 0.990453
250700000 7120.39 708.035 14437.7 0.9912
250800000 7120.37 717.532 14416.2 0.990793
250900000 7120.35 718.351 14414.4 0.990463
251000000 7120.34 716.737 14418 0.990736
251100000 7120.36 707.687 14438.4 0.990958
251200000 7120.34 727.157 14394.5 0.990254
251300000 7120.34 728.719 14391 0.990069
251400000 7120.35 722.235 14405.6 0.990604
251500000 7120.34 715.956 14419.7 0.990896
251600000 7120.32 712.521 14427.4 0.990932
251700000 7120.31 714.535 14422.8 0.990813
251800000 7120.38 698.697 14458.7 0.991535
251900000 7120.37 727.65 14393.5 0.990289
252000000 7120.36 713.394 14425.5 0.990654
252100000 7120.35 719.017 14412.9 0.990496
252200000 7120.32 715.543 14420.6 0.990617
252300000 7120.37 726.592 14395.8 0.990406
252400000 7120.36 722.658 14404.7 0.990484
252500000 7120.36 732.656 14382.2 0.99052
252600000 7120.35 713.481 14425.3 0.99075
252700000 7120.36 718.874 14413.2 0.990912
252800000 7120.34 719.159 14412.5 0.99049
252900000 7120.34 711.727 14429.2 0.991259
253000000 7120.33 724.563 14400.3 0.990285
253100000 7120.34 716.451 14418.6 0.990581
253200000 7120.32 706.824 14440.2 0.991126
253300000 7120.34 718.174 14414.7 0.990743
253400000 7120.36 721.425 14407.4 0.99039
253500000 7120.33 731.349 14385 0.989741
253600000 7120.35 709.153 14435.1 0.991128
253700000 7120.35 705.103 14444.2 0.991122
253800000 7120.36 715.189 14421.5 0.99083
253900000 7120.37 712.847 14426.8 0.990916
254000000 7120.36 704.401 14445.8 0.991542
254100000 7120.38 717.804 14415.7 0.990824
254200000 7120.38 718.775 14413.5 0.990482
254300000 7120.35 717.944 14415.3 0.990375
254400000 7120.38 716.523 14418.5 0.990598
254500000 7120.38 717.099 14417.2 0.990923
254600000 7120.35 732.612 14382.2 0.990184
254700000 7120.34 725.282 14398.7 0.990168
254800000 7120.36 718.114 14414.9 0.990732
254900000 7120.33 719.021 14412.8 0.990538
255000000 7120.34 714.981 14421.9 0.990904
255100000 7120.35 735.577 14375.6 0.990525
255200000 7120.36 725.97 14397.2 0.990459
255300000 7120.34 720.044 14410.5 0.990753
255400000 7120.37 702.451 14450.2 0.991343
255500000 7120.37 716.505 14418.5 0.990551
255600000 7120.33 714.644 14422.7 0.990447
255700000 7120.35 727.607 14393.5 0.990477
255800000 7120.35 723.039 14403.8 0.990614
255900000 7120.37 718.753 14413.5 0.990809
256000000 7120.36 719.038 14412.8 0.990884
256100000 7120.37 723.285 14403.3 0.990446
256200000 7120.36 715.023 14421.9 0.990923
256300000 7120.37 711.845 14429 0.990786
256400000 7120.36 718.027 14415.1 0.990783
256500000 7120.37 712.595 14427.3 0.990873
256600000 7120.34 703.01 14448.9 0.99146
256700000 7120.39 734.984 14377 0.99018
256800000 7120.37 708.492 14436.6 0.99134
256900000 7120.36 733.527 14380.2 0.989807
257000000 7120.33 708.753 14435.9 0.991122
257100000 7120.37 720.835 14408.8 0.990867
257200000 7120.33 733.724 14379.7 0.989589
257300000 7120.34 733.702 14379.8 0.990095
257400000 7120.34 728.173 14392.2 0.989927
257500000 7120.36 719.786 14411.1 0.990569
257600000 7120.33 711.562 14429.6 0.991063
257700000 7120.37 716.708 14418.1 0.991004
257800000 7120.36 710.319 14432.5 0.991319
257900000 7120.37 733.343 14380.6 0.990113
258000000 7120.37 730.152 14387.8 0.990435
258100000 7120.35 702.795 14449.4 0.991291
258200000 7120.37 726.377 14396.3 0.990543
258300000 7120.35 715.78 14420.1 0.99065
258400000 7120.37 712.737 14427 0.99107
258500000 7120.36 715.862 14420 0.990626
258600000 7120.37 712.713 14427.1 0.990616
258700000 7120.34 719.3 14412.2 0.990436
258800000 7120.37 723.844 14402 0.990175
258900000 7120.34 707.35 14439.1 0.991285
259000000 7120.37 706.783 14440.4 0.991132
259100000 7120.37 715.713 14420.3 0.990794
259200000 7120.37 717.842 14415.5 0.990922
259300000 7120.36 711.246 14430.4 0.990885
259400000 7120.35 732.835 14381.7 0.990028
259500000 7120.38 730.238 14387.7 0.990419
259600000 7120.35 712.085 14428.4 0.991237
259700000 7120.36 716.964 14417.5 0.990683
259800000 7120.33 723.414 14402.9 0.990461
259900000 7120.36 722.523 14405 0.990476
260000000 7120.34 715.659 14420.4 0.991019
260100000 7120.37 715.844 14420 0.99091
260200000 7120.37 728.931 14390.6 0.990245
260300000 7120.36 705.155 14444.1 0.991051
260400000 7120.37 708.501 14436.6 0.9911
260500000 7120.37 727.022 14394.9 0.990194
260600000 7120.35 719.903 14410.8 0.990663
260700000 7120.34 717.971 14415.2 0.990704
260800000 7120.36 723.019 14403.9 0.99063
260900000 7120.39 714.287 14423.6 0.990826
261000000 7120.36 710.534 14432 0.991073
261100000 7120.34 725.207 14398.9 0.990403
261200000 7120.35 738.72 14368.5 0.989614
261300000 7120.36 708.074 14437.5 0.991161
261400000 7120.34 715.821 14420 0.990799
261500000 7120.36 719.311 14412.2 0.990517
261600000 7120.38 718.204 14414.8 0.990495
261700000 7120.37 727.692 14393.4 0.990136
261800000 7120.37 728.071 14392.5 0.990183
261900000 7120.38 715.538 14420.7 0.990761
262000000 7120.34 715.53 14420.7 0.990683
262100000 7120.34 715.918 14419.8 0.990447
262200000 7120.35 735.48 14375.8 0.990862
262300000 7120.37 717.624 14416 0.990836
262400000 7120.38 721.419 14407.5 0.990645
262500000 7120.37 720.957 14408.5 0.990424
262600000 7120.37 724.295 14401 0.990541
262700000 7120.35 716.829 14417.8 0.990571
262800000 7120.34 699.634 14456.5 0.991544
262900000 7120.36 711.88 14428.9 0.990901
263000000 7120.34 709.274 14434.8 0.991034
263100000 7120.37 725.693 14397.9 0.990435
263200000 7120.35 704.929 14444.6 0.991185
263300000 7120.34 718.49 14414 0.990862
263400000 7120.36 716.483 14418.6 0.990939
263500000 7120.36 736.282 14374 0.98974
263600000 7120.35 736.655 14373.1 0.989755
263700000 7120.35 728.033 14392.6 0.990447
263800000 7120.35 713.591 14425.1 0.990982
263900000 7120.38 716.569 14418.4 0.990809
264000000 7120.36 717.341 14416.6 0.990488
264100000 7120.35 741.342 14362.6 0.989625
264200000 7120.34 721.99 14406.1 0.990833
264300000 7120.37 712.339 14427.9 0.99102
264400000 7120.36 735.13 14376.6 0.989969
264500000 7120.33 731.439 14384.8 0.990167
264600000 7120.35 739.241 14367.3 0.990052
264700000 7120.34 724.901 14399.6 0.990341
264800000 7120.35 719.714 14411.3 0.990579
264900000 7120.34 725.594 14398 0.990342
265000000 7120.34 710.59 14431.8 0.990922
265100000 7120.36 710.255 14432.6 0.990914
265200000 7120.38 724.006 14401.7 0.990664
265300000 7120.31 732.008 14383.5 0.989995
265400000 7120.35 722.606 14404.8 0.990426
265500000 7120.36 729.62 14389 0.990199
265600000 7120.38 732.397 14382.8 0.990125
265700000 7120.34 734.49 14378 0.990104
265800000 7120.37 716.353 14418.9 0.990943
265900000 7120.34 705.398 14443.5 0.99125
266000000 7120.34 720.291 14410 0.990212
266100000 7120.37 720.981 14408.5 0.990487
266200000 7120.33 714.409 14423.2 0.990569
266300000 7120.38 726.527 14396 0.990496
266400000 7120.33 723.632 14402.4 0.990256
266500000 7120.34 730.749 14386.4 0.989965
266600000 7120.34 705.378 14443.5 0.991217
266700000 7120.35 729.075 14390.2 0.990031
266800000 7120.37 721.872 14406.5 0.990723
266900000 7120.35 703.332 14448.2 0.991467
267000000 7120.37 707.154 14439.6 0.991038
267100000 7120.34 728.658 14391.1 0.990332
267200000 7120.35 718.323 14414.4 0.990629
267300000 7120.38 718.639 14413.8 0.990784
267400000 7120.33 712.61 14427.2 0.991027
267500000 7120.34 714.303 14423.4 0.99086
267600000 7120.34 718.989 14412.9 0.990536
267700000 7120.34 733.73 14379.7 0.989712
267800000 7120.34 719.274 14412.2 0.990641
267900000 7120.34 718.636 14413.7 0.990716
268000000 7120.32 728.543 14391.3 0.990018
268100000 7120.35 712.713 14427.1 0.991058
268200000 7120.37 727.706 14393.3 0.990156
268300000 7120.35 720.993 14408.4 0.990667
268400000 7120.38 717.43 14416.5 0.991099
268500000 7120.37 714.446 14423.2 0.991025
268600000 7120.35 718.426 14414.2 0.990561
268700000 7120.36 699.54 14456.7 0.991336
268800000 7120.32 732.561 14382.3 0.989828
268900000 7120.35 723.311 14403.2 0.99035
269000000 7120.36 721.168 14408 0.990666
269100000 7120.38 701.799 14451.7 0.991626
269200000 7120.36 714.292 14423.5 0.990908
269300000 7120.36 730.803 14386.3 0.989956
269400000 7120.34 723.069 14403.7 0.990566
269500000 7120.32 722.41 14405.1 0.990224
269600000 7120.37 705.957 14442.3 0.991127
269700000 7120.35 722.947 14404 0.990831
269800000 7120.36 722.644 14404.7 0.990753
269900000 7120.34 718.125 14414.8 0.990603
270000000 7120.37 729.922 14388.3 0.989894
270100000 7120.35 718.838 14413.3 0.99071
270200000 7120.36 718.145 14414.8 0.990657
270300000 7120.37 726.233 14396.6 0.990235
270400000 7120.37 721.928 14406.3 0.990467
270500000 7120.32 715.786 14420.1 0.990626
270600000 7120.33 717.838 14415.4 0.990535
270700000 7120.38 710.482 14432.1 0.990916
270800000 7120.35 704.725 14445 0.991196
270900000 7120.32 723.052 14403.7 0.990362
271000000 7120.37 709.388 14434.6 0.991126
271100000 7120.35 710.682 14431.6 0.990993
271200000 7120.4 732.138 14383.4 0.989802
271300000 7120.36 714.506 14423 0.990892
271400000 7120.38 729.558 14389.2 0.990097
271500000 7120.36 709.556 14434.2 0.990943
271600000 7120.35 724.884 14399.6 0.990196
271700000 7120.36 705.726 14442.8 0.991287
271800000 7120.38 699.625 14456.6 0.991514
271900000 7120.33 712.372 14427.8 0.990979
272000000 7120.35 707.035 14439.8 0.99098
272100000 7120.37 720.594 14409.3 0.990598
272200000 7120.37 712.309 14428 0.991094
272300000 7120.38 727.543 14393.7 0.990266
272400000 7120.33 724.075 14401.4 0.990111
272500000 7120.36 709.942 14433.3 0.990881
272600000 7120.35 723.839 14402 0.990392
272700000 7120.33 705.326 14443.6 0.991162
272800000 7120.36 723.582 14402.6 0.990632
272900000 7120.34 711.319 14430.2 0.990654
273000000 7120.33 713.883 14424.4 0.990958
273100000 7120.37 727.468 14393.9 0.990387
273200000 7120.35 722.319 14405.4 0.990355
273300000 7120.32 729.135 14390 0.990158
273400000 7120.39 721.109 14408.2 0.990506
273500000 7120.35 716.212 14419.2 0.990763
273600000 7120.32 715.208 14421.4 0.990882
273700000 7120.39 731.812 14384.1 0.990236
273800000 7120.36 709.674 14433.9 0.991188
273900000 7120.35 705.606 14443 0.991191
274000000 7120.35 703.197 14448.5 0.991556
274100000 7120.37 727.526 14393.7 0.990663
274200000 7120.38 700.851 14453.8 0.991486
274300000 7120.34 724.638 14400.2 0.990427
274400000 7120.37 720.254 14410.1 0.990742
274500000 7120.35 715.512 14420.8 0.991184
274600000 7120.33 721.41 14407.4 0.990474
274700000 7120.37 721.596 14407.1 0.990732
274800000 7120.35 719.506 14411.7 0.990307
274900000 7120.37 728.2 14392.2 0.990238
275000000 7120.35 717.053 14417.3 0.990791
275100000 7120.38 710.531 14432 0.990968
275200000 7120.37 710.546 14432 0.99101
275300000 7120.36 706.59 14440.9 0.991171
275400000 7120.34 725.189 14398.9 0.990506
275500000 7120.36 721.747 14406.7 0.990463
275600000 7120.35 731.523 14384.7 0.990106
275700000 7120.37 697.989 14460.2 0.991531
275800000 7120.34 730.041 14388 0.990135
275900000 7120.36 700.506 14454.5 0.99157
276000000 7120.34 709.771 14433.6 0.99123
276100000 7120.34 732.323 14382.9 0.990063
276200000 7120.36 712.374 14427.8 0.990987
276300000 7120.37 715.065 14421.8 0.990785
276400000 7120.32 712.455 14427.5 0.990647
276500000 7120.38 701.394 14452.6 0.991699
276600000 7120.34 726.919 14395 0.99033
276700000 7120.37 728.099 14392.4 0.990721
276800000 7120.32 712.997 14426.3 0.990915
276900000 7120.38 714.013 14424.2 0.990847
277000000 7120.36 715.909 14419.9 0.990981
277100000 7120.35 704.186 14446.2 0.991242
277200000 7120.35 726.786 14395.4 0.990535
277300000 7120.34 696.98 14462.4 0.991534
277400000 7120.37 710.822 14431.3 0.991124
277500000 7120.38 719.371 14412.1 0.990476
277600000 7120.34 716.143 14419.3 0.990598
277700000 7120.38 743.024 14358.9 0.989683
277800000 7120.36 717.172 14417 0.990961
277900000 7120.33 729.962 14388.2 0.990036
278000000 7120.37 722.112 14405.9 0.99048
278100000 7120.32 720.29 14409.9 0.990575
278200000 7120.34 720.385 14409.7 0.990643
278300000 7120.36 725.576 14398.1 0.990419
278400000 7120.35 725.892 14397.4 0.990262
278500000 7120.35 703.543 14447.7 0.991365
278600000 7120.36 703.412 14448 0.991458
278700000 7120.37 718.018 14415.1 0.990809
278800000 7120.34 717.178 14417 0.990684
278900000 7120.38 710.953 14431.1 0.991013
279000000 7120.37 705.757 14442.7 0.991156
279100000 7120.37 709.666 14433.9 0.990824
279200000 7120.35 725.06 14399.2 0.990375
279300000 7120.34 734.081 14378.9 0.989428
279400000 7120.37 714.079 14424 0.991096
279500000 7120.36 723.306 14403.2 0.990357
279600000 7120.36 711.842 14429 0.991056
279700000 7120.36 729.181 14390 0.990483
279800000 7120.35 717.722 14415.8 0.990654
279900000 7120.36 707.118 14439.7 0.991192
280000000 7120.35 728.104 14392.4 0.990412
280100000 7120.34 733.098 14381.1 0.990159
280200000 7120.36 705.242 14443.9 0.991189
280300000 7120.36 742.422 14360.2 0.989476
280400000 7120.38 727.778 14393.2 0.990675
280500000 7120.34 728.367 14391.8 0.990069
280600000 7120.35 729.386 14389.5 0.990129
280700000 7120.35 712.4 14427.8 0.991051
280800000 7120.35 714.635 14422.7 0.990929
280900000 7120.35 733.209 14380.9 0.989578
281000000 7120.4 720.546 14409.5 0.990592
281100000 7120.36 708.647 14436.2 0.991245
281200000 7120.38 709.002 14435.5 0.990901
281300000 7120.35 732.196 14383.2 0.989972
281400000 7120.34 708.613 14436.3 0.991215
281500000 7120.36 716.417 14418.7 0.990718
281600000 7120.33 712.734 14427 0.991126
281700000 7120.36 707.827 14438.1 0.991205
281800000 7120.37 718.195 14414.8 0.990655
281900000 7120.34 710.359 14432.3 0.990994
282000000 7120.37 719.514 14411.8 0.990842
282100000 7120.36 717.497 14416.3 0.990701
282200000 7120.36 715.544 14420.7 0.991074
282300000 7120.36 716.888 14417.7 0.990637
282400000 7120.38 707.36 14439.2 0.991098
282500000 7120.36 715.443 14420.9 0.991053
282600000 7120.35 722.924 14404.1 0.990571
282700000 7120.37 711.247 14430.4 0.990992
282800000 7120.38 725.067 14399.3 0.990475
282900000 7120.34 719.675 14411.3 0.9907
283000000 7120.36 722.396 14405.3 0.990464
283100000 7120.33 728.535 14391.4 0.990024
283200000 7120.34 710.227 14432.6 0.990921
283300000 7120.36 727.008 14394.9 0.990623
283400000 7120.39 735.665 14375.5 0.990098
283500000 7120.35 709.466 14434.3 0.990969
283600000 7120.37 720.966 14408.5 0.990446
283700000 7120.34 724.754 14399.9 0.990186
283800000 7120.35 725.74 14397.7 0.990206
283900000 7120.37 726.266 14396.6 0.990435
284000000 7120.36 729.154 14390 0.990392
284100000 7120.33 721.499 14407.2 0.990438
284200000 7120.38 724.325 14401 0.990307
284300000 7120.37 715.076 14421.8 0.990643
284400000 7120.35 711.746 14429.2 0.991078
284500000 7120.35 713.644 14424.9 0.99111
284600000 7120.35 710.739 14431.5 0.991178
284700000 7120.34 726.076 14396.9 0.990228
284800000 7120.35 714.463 14423.1 0.99074
284900000 7120.36 716.023 14419.6 0.990575
285000000 7120.36 710.213 14432.7 0.991188
285100000 7120.34 716.776 14417.9 0.990593
285200000 7120.36 715.174 14421.5 0.991106
285300000 7120.37 728.948 14390.5 0.990446
285400000 7120.35 721.988 14406.2 0.990336
285500000 7120.37 720.628 14409.3 0.990456
285600000 7120.36 715.302 14421.2 0.99065
285700000 7120.37 716.205 14419.2 0.990991
285800000 7120.34 705.101 14444.2 0.991268
285900000 7120.34 717.902 14415.3 0.990655
286000000 7120.36 720.148 14410.3 0.990766
286100000 7120.36 708.257 14437.1 0.991052
286200000 7120.37 724.978 14399.5 0.990564
286300000 7120.35 718.583 14413.8 0.990645
286400000 7120.35 743.912 14356.8 0.989909
286500000 7120.34 724.774 14399.9 0.990366
286600000 7120.37 700.321 14455 0.991553
286700000 7120.34 710.724 14431.5 0.990952
286800000 7120.36 719.455 14411.9 0.990985
286900000 7120.38 721.633 14407 0.990518
287000000 7120.31 718.3 14414.4 0.990643
287100000 7120.34 730.033 14388 0.98994
287200000 7120.37 705.922 14442.4 0.991092
287300000 7120.36 700.74 14454 0.991567
287400000 7120.35 721.996 14406.1 0.990692
287500000 7120.37 708.828 14435.8 0.991279
287600000 7120.36 724.733 14400 0.990454
287700000 7120.37 718.158 14414.8 0.990742
287800000 7120.35 702.152 14450.8 0.991387
287900000 7120.34 727.04 14394.8 0.990335
288000000 7120.4 698.307 14459.6 0.991622
288100000 7120.36 723.423 14403 0.990303
288200000 7120.36 705.386 14443.6 0.991183
288300000 7120.35 708.303 14437 0.990924
288400000 7120.36 714.189 14423.7 0.990643
288500000 7120.37 722.823 14404.3 0.990304
288600000 7120.35 718.667 14413.6 0.990479
288700000 7120.35 710.748 14431.5 0.990966
288800000 7120.36 719.872 14410.9 0.990642
288900000 7120.36 703.704 14447.3 0.991233
289000000 7120.35 729.886 14388.4 0.989967
289100000 7120.35 729.852 14388.4 0.99023
289200000 7120.36 716.6 14418.3 0.990682
289300000 7120.34 722.946 14404 0.990182
289400000 7120.35 718.33 14414.4 0.990781
289500000 7120.37 702.383 14450.4 0.991273
289600000 7120.34 732.406 14382.7 0.989724
289700000 7120.36 706.471 14441.1 0.991055
289800000 7120.37 701.839 14451.6 0.991074
289900000 7120.35 730.849 14386.2 0.989906
290000000 7120.36 719.734 14411.3 0.990396
290100000 7120.35 719.776 14411.1 0.990852
290200000 7120.35 738.34 14369.4 0.990092
290300000 7120.33 709.403 14434.4 0.990887
290400000 7120.38 720.28 14410.1 0.99066
290500000 7120.34 700.708 14454.1 0.9916
290600000 7120.34 711.737 14429.2 0.99133
290700000 7120.37 718.876 14413.2 0.990724
290800000 7120.35 709.097 14435.2 0.99111
290900000 7120.36 710.551 14431.9 0.991196
291000000 7120.36 726.787 14395.4 0.990224
291100000 7120.38 707.765 14438.3 0.991231
291200000 7120.35 724.653 14400.1 0.990208
291300000 7120.35 713.768 14424.7 0.990973
291400000 7120.33 716.956 14417.5 0.991008
291500000 7120.35 731.614 14384.5 0.989963
291600000 7120.36 696.35 14463.9 0.99142
291700000 7120.37 731.199 14385.5 0.989948
291800000 7120.37 712.901 14426.7 0.991018
291900000 7120.38 700.271 14455.1 0.991438
292000000 7120.36 709.079 14435.3 0.991224
292100000 7120.34 710.389 14432.3 0.991161
292200000 7120.35 717.524 14416.2 0.990943
292300000 7120.35 719.841 14411 0.990627
292400000 7120.37 737.385 14371.5 0.989802
292500000 7120.34 719.246 14412.3 0.990621
292600000 7120.37 725.583 14398.1 0.990412
292700000 7120.34 715.256 14421.3 0.990919
292800000 7120.36 730.791 14386.4 0.990002
292900000 7120.33 726.946 14395 0.990424
293000000 7120.37 720.522 14409.5 0.990758
293100000 7120.35 711.861 14429 0.991056
293200000 7120.36 699.472 14456.9 0.991542
293300000 7120.36 702.732 14449.5 0.991423
293400000 7120.34 723.073 14403.7 0.990399
293500000 7120.35 713.174 14426 0.991155
293600000 7120.37 702.682 14449.7 0.991755
293700000 7120.34 735.348 14376.1 0.989895
293800000 7120.37 729.8 14388.6 0.990539
293900000 7120.34 709.213 14434.9 0.991172
294000000 7120.37 716.201 14419.2 0.990653
294100000 7120.36 714.604 14422.8 0.990875
294200000 7120.37 714.239 14423.6 0.99106
294300000 7120.38 719.713 14411.4 0.990608
294400000 7120.37 718.678 14413.7 0.990492
294500000 7120.37 718.05 14415.1 0.990674
294600000 7120.34 717.637 14415.9 0.990772
294700000 7120.35 714.186 14423.7 0.99093
294800000 7120.38 714.123 14423.9 0.990885
294900000 7120.35 725.688 14397.8 0.990301
295000000 7120.36 721.469 14407.3 0.990532
295100000 7120.36 719.809 14411.1 0.990761
295200000 7120.33 710.194 14432.7 0.991016
295300000 7120.34 695.047 14466.8 0.991707
295400000 7120.35 706.47 14441.1 0.991182
295500000 7120.35 724.529 14400.4 0.99051
295600000 7120.36 708.992 14435.4 0.990986
295700000 7120.37 718.225 14414.7 0.99069
295800000 7120.36 725.67 14397.9 0.990371
295900000 7120.37 711.191 14430.5 0.991042
296000000 7120.36 714.783 14422.4 0.991016
296100000 7120.35 715.594 14420.5 0.990621
296200000 7120.36 715.528 14420.7 0.990795
296300000 7120.36 698.541 14459 0.991612
296400000 7120.34 722.696 14404.6 0.99042
296500000 7120.36 715.433 14420.9 0.990842
296600000 7120.37 708.922 14435.6 0.991533
296700000 7120.36 721.332 14407.7 0.990471
296800000 7120.34 734.033 14379 0.990239
296900000 7120.37 709.522 14434.3 0.990805
297000000 7120.36 715.281 14421.3 0.990884
297100000 7120.35 722.91 14404.1 0.990581
297200000 7120.38 701.457 14452.4 0.995208
297300000 7120.36 732.56 14382.4 0.990107
297400000 7120.36 699.307 14457.3 0.991461
297500000 7120.32 723.74 14402.1 0.9905
297600000 7120.36 740.172 14365.2 0.989539
297700000 7120.38 690.296 14477.6 0.991901
297800000 7120.33 710.91 14431.1 0.990797
297900000 7120.35 712.431 14427.7 0.991017
298000000 7120.35 697.908 14460.4 0.991532
298100000 7120.37 699.19 14457.5 0.991405
298200000 7120.35 718.819 14413.3 0.9906
298300000 7120.36 713.153 14426.1 0.990777
298400000 7120.34 716.219 14419.1 0.990683
298500000 7120.34 718.299 14414.4 0.990983
298600000 7120.36 723.602 14402.5 0.990471
298700000 7120.36 713.55 14425.2 0.990748
298800000 7120.36 717.434 14416.4 0.990778
298900000 7120.36 722.109 14405.9 0.990549
299000000 7120.33 714.803 14422.3 0.990748
299100000 7120.36 719.275 14412.3 0.990776
299200000 7120.36 721.01 14408.4 0.990724
299300000 7120.35 701.649 14451.9 0.991269
299400000 7120.33 725.246 14398.8 0.990138
299500000 7120.35 716.952 14417.5 0.990614
299600000 7120.37 706.547 14441 0.991262
299700000 7120.33 731.782 14384.1 0.989998
299800000 7120.36 711.101 14430.7 0.990945
299900000 7120.34 712.013 14428.6 0.990848
300000000 7120.35 698.704 14458.6 0.991633
300100000 7120.35 726.666 14395.6 0.990013
300200000 7120.37 728.407 14391.7 0.990168
300300000 7120.32 727.343 14394 0.990251
300400000 7120.33 708.839 14435.7 0.990949
300500000 7120.35 720.267 14410 0.990728
300600000 7120.35 718.888 14413.1 0.990595
300700000 7120.35 713.785 14424.6 0.99063
300800000 7120.36 710.972 14431 0.99104
300900000 7120.35 702.192 14450.7 0.991261
301000000 7120.35 731.427 14384.9 0.990013
301100000 7120.36 714.642 14422.7 0.990872
301200000 7120.37 711.531 14429.8 0.991077
301300000 7120.37 715.953 14419.8 0.990749
301400000 7120.32 719.206 14412.4 0.990799
301500000 7120.33 706.433 14441.1 0.991189
301600000 7120.35 726.728 14395.5 0.98998
301700000 7120.37 716.996 14417.4 0.990824
301800000 7120.32 715.567 14420.6 0.990846
301900000 7120.32 714.14 14423.8 0.990863
302000000 7120.35 706.634 14440.7 0.990951
302100000 7120.36 711.959 14428.8 0.990721
302200000 7120.34 715.428 14420.9 0.990879
302300000 7120.34 722.471 14405.1 0.990787
302400000 7120.35 722.747 14404.5 0.990744
302500000 7120.34 718.873 14413.2 0.990605
302600000 7120.36 714.272 14423.6 0.99097
302700000 7120.34 731.073 14385.7 0.99031
302800000 7120.38 710.301 14432.5 0.990875
302900000 7120.37 735.491 14375.8 0.989625
303000000 7120.37 714.003 14424.2 0.990769
303100000 7120.35 726.198 14396.7 0.990378
303200000 7120.36 726.337 14396.4 0.990415
303300000 7120.34 703.06 14448.8 0.991236
303400000 7120.35 700.618 14454.3 0.991473
303500000 7120.33 739.217 14367.3 0.989583
303600000 7120.36 715.905 14419.9 0.990931
303700000 7120.37 726.117 14396.9 0.990965
303800000 7120.4 715.773 14420.3 0.990823
303900000 7120.34 714.464 14423.1 0.990831
304000000 7120.34 739.549 14366.6 0.989626
304100000 7120.36 708.114 14437.4 0.990976
304200000 7120.34 716.329 14418.9 0.990922
304300000 7120.31 728.401 14391.6 0.990127
304400000 7120.33 709.077 14435.2 0.991254
304500000 7120.35 713.142 14426.1 0.990795
304600000 7120.36 713.668 14424.9 0.990973
304700000 7120.35 735.819 14375 0.989943
304800000 7120.35 716.414 14418.7 0.991104
304900000 7120.35 712.666 14427.1 0.990928
305000000 7120.36 719.874 14410.9 0.990429
305100000 7120.35 715.752 14420.2 0.990537
305200000 7120.4 715.836 14420.1 0.991107
305300000 7120.34 704.716 14445 0.991443
305400000 7120.35 718.482 14414.1 0.990757
305500000 7120.38 717.415 14416.5 0.990969
305600000 7120.32 707.066 14439.7 0.990992
305700000 7120.35 719.182 14412.5 0.990519
305800000 7120.36 714.389 14423.3 0.990783
305900000 7120.35 716.004 14419.6 0.990855
306000000 7120.33 723.809 14402 0.990356
306100000 7120.33 717.809 14415.5 0.990663
306200000 7120.36 736.313 14373.9 0.990106
306300000 7120.39 706.354 14441.5 0.991227
306400000 7120.31 734.087 14378.8 0.989903
306500000 7120.38 708.378 14436.9 0.990927
306600000 7120.34 713.115 14426.1 0.991166
306700000 7120.33 716.746 14417.9 0.99076
306800000 7120.34 720.607 14409.2 0.990662
306900000 7120.37 727.939 14392.8 0.990421
307000000 7120.34 718.02 14415.1 0.990735
307100000 7120.35 730.289 14387.5 0.990534
307200000 7120.39 723.807 14402.2 0.990475
307300000 7120.36 700.791 14453.9 0.991318
307400000 7120.31 727.561 14393.5 0.990083
307500000 7120.37 726.925 14395.1 0.990541
307600000 7120.34 715.576 14420.6 0.990994
307700000 7120.33 725.633 14397.9 0.990337
307800000 7120.35 717.891 14415.4 0.990754
307900000 7120.38 712.449 14427.7 0.990702
308000000 7120.32 729.231 14389.8 0.990224
308100000 7120.36 723.816 14402.1 0.990528
308200000 7120.37 712.05 14428.6 0.990708
308300000 7120.34 735.547 14375.6 0.989947
308400000 7120.38 724.875 14399.7 0.990543
308500000 7120.38 708.567 14436.4 0.99127
308600000 7120.32 727.295 14394.2 0.990673
308700000 7120.39 715.229 14421.5 0.990662
308800000 7120.36 718.933 14413.1 0.990724
308900000 7120.38 722.674 14404.7 0.99085
309000000 7120.36 720.998 14408.4 0.990446
309100000 7120.34 704.404 14445.7 0.991117
309200000 7120.35 708.133 14437.3 0.990845
309300000 7120.38 722.888 14404.2 0.990413
309400000 7120.37 702.622 14449.8 0.99143
309500000 7120.34 709.466 14434.3 0.990928
309600000 7120.35 710.416 14432.2 0.99114
309700000 7120.36 712.438 14427.7 0.990849
309800000 7120.34 718.142 14414.8 0.990771
309900000 7120.36 714.532 14423 0.990856
310000000 7120.35 709.246 14434.9 0.990941
310100000 7120.36 716.82 14417.8 0.99058
310200000 7120.32 722.21 14405.6 0.990347
310300000 7120.35 718.108 14414.9 0.990457
310400000 7120.35 722.159 14405.8 0.990455
310500000 7120.39 703.385 14448.1 0.991263
310600000 7120.35 725.01 14399.4 0.990512
310700000 7120.35 714.014 14424.1 0.990897
310800000 7120.37 717.022 14417.4 0.990641
310900000 7120.33 713.192 14425.9 0.990882
311000000 7120.36 706.83 14440.3 0.991429
311100000 7120.36 719.714 14411.3 0.990616
311200000 7120.35 707.359 14439.1 0.991178
311300000 7120.35 732.628 14382.2 0.98991
311400000 7120.39 718.821 14413.4 0.990384
311500000 7120.35 714.569 14422.9 0.990589
311600000 7120.31 720.81 14408.7 0.990667
311700000 7120.37 710.995 14431 0.990745
311800000 7120.36 710.802 14431.4 0.991255
311900000 7120.34 711.771 14429.2 0.991099
312000000 7120.35 719.2 14412.4 0.990246
312100000 7120.33 719.651 14411.4 0.990627
312200000 7120.37 708.854 14435.8 0.991008
312300000 7120.36 716.342 14418.9 0.990568
312400000 7120.36 733.164 14381 0.989964
312500000 7120.37 732.857 14381.7 0.990547
312600000 7120.33 712.224 14428.1 0.990878
312700000 7120.38 721.389 14407.6 0.990554
312800000 7120.36 710.999 14430.9 0.99106
312900000 7120.36 730.873 14386.2 0.990279
313000000 7120.39 708.605 14436.4 0.991125
313100000 7120.36 727.76 14393.2 0.990302
313200000 7120.36 703.911 14446.9 0.991193
313300000 7120.36 707.211 14439.4 0.990988
313400000 7120.35 727.703 14393.3 0.990271
313500000 7120.32 718.904 14413 0.990736
313600000 7120.35 711.06 14430.8 0.991007
313700000 7120.37 724.798 14399.9 0.990528
313800000 7120.38 716.129 14419.4 0.99083
313900000 7120.35 717.574 14416.1 0.990622
314000000 7120.33 710.343 14432.3 0.991164
314100000 7120.34 707.898 14437.9 0.991078
314200000 7120.34 712.194 14428.2 0.991125
314300000 7120.35 714.417 14423.2 0.990815
314400000 7120.37 697.707 14460.9 0.991947
314500000 7120.34 713.293 14425.7 0.990881
314600000 7120.33 719.819 14411 0.990469
314700000 7120.35 727.663 14393.4 0.990334
314800000 7120.36 714.296 14423.5 0.991003
314900000 7120.36 714.826 14422.3 0.991016
315000000 7120.35 718.135 14414.8 0.991056
315100000 7120.35 717.53 14416.2 0.990794
315200000 7120.34 714.829 14422.3 0.990613
315300000 7120.36 720.517 14409.5 0.990872
315400000 7120.37 717.789 14415.7 0.990664
315500000 7120.36 737.78 14370.6 0.990306
315600000 7120.36 702.975 14449 0.991205
315700000 7120.34 733.371 14380.5 0.989863
315800000 7120.33 724.231 14401.1 0.99037
315900000 7120.36 711.408 14430 0.990919
316000000 7120.38 721.965 14406.3 0.990618
316100000 7120.38 720.003 14410.7 0.990599
316200000 7120.34 720.265 14410 0.990559
316300000 7120.34 701.473 14452.3 0.991511
316400000 7120.35 729.872 14388.4 0.989876
316500000 7120.36 704.047 14446.6 0.99146
316600000 7120.36 709.844 14433.5 0.99101
316700000 7120.33 727.285 14394.2 0.990397
316800000 7120.36 704.173 14446.3 0.991325
316900000 7120.35 716.559 14418.4 0.991009
317000000 7120.36 729.54 14389.2 0.990272
317100000 7120.35 713.91 14424.3 0.990672
317200000 7120.36 712.587 14427.4 0.991241
317300000 7120.34 723.327 14403.1 0.990323
317400000 7120.33 708.044 14437.5 0.991036
317500000 7120.35 710.444 14432.1 0.991091
317600000 7120.36 701.292 14452.8 0.991343
317700000 7120.37 710.36 14432.4 0.991166
317800000 7120.36 714.007 14424.1 0.990802
317900000 7120.35 695.515 14465.8 0.991769
318000000 7120.34 718.536 14413.9 0.990575
318100000 7120.37 711.917 14428.9 0.991106
318200000 7120.35 724.95 14399.5 0.990389
318300000 7120.36 710.447 14432.2 0.991035
318400000 7120.36 709.029 14435.4 0.991219
318500000 7120.33 717.556 14416.1 0.990575
318600000 7120.35 716.508 14418.5 0.990866
318700000 7120.38 710.768 14431.5 0.990916
318800000 7120.36 712.244 14428.1 0.990987
318900000 7120.34 701.645 14451.9 0.991507
319000000 7120.37 721.47 14407.4 0.990678
319100000 7120.35 705.726 14442.8 0.991032
319200000 7120.37 708.027 14437.6 0.99112
319300000 7120.36 715.217 14421.4 0.990896
319400000 7120.37 712.575 14427.4 0.991075
319500000 7120.35 724.941 14399.5 0.990157
319600000 7120.33 699.766 14456.1 0.991264
319700000 7120.36 734.339 14378.4 0.989912
319800000 7120.35 726.177 14396.7 0.99043
319900000 7120.34 716.168 14419.2 0.99093
320000000 7120.35 707.622 14438.5 0.991093
320100000 7120.36 730.464 14387.1 0.990034
320200000 7120.36 721.496 14407.3 0.99067
320300000 7120.35 709.012 14435.4 0.991249
320400000 7120.37 701.805 14451.7 0.991331
320500000 7120.34 717.985 14415.2 0.990579
320600000 7120.35 710.398 14432.3 0.991137
320700000 7120.33 713.679 14424.8 0.990736
320800000 7120.35 727.448 14393.9 0.990183
320900000 7120.37 718.59 14413.9 0.990906
321000000 7120.36 720.165 14410.3 0.990613
321100000 7120.37 724.256 14401.1 0.990264
321200000 7120.34 716.335 14418.9 0.990784
321300000 7120.34 703.959 14446.7 0.991283
321400000 7120.37 728.956 14390.5 0.99019
321500000 7120.36 719.358 14412.1 0.990419
321600000 7120.36 728.077 14392.5 0.990193
321700000 7120.34 709.672 14433.9 0.991241
321800000 7120.34 722.008 14406.1 0.990305
321900000 7120.38 715.632 14420.5 0.99085
322000000 7120.35 713.013 14426.4 0.991084
322100000 7120.35 723.159 14403.5 0.990471
322200000 7120.35 712.216 14428.2 0.990771
322300000 7120.35 727.893 14392.9 0.990118
322400000 7120.36 710.31 14432.5 0.991118
322500000 7120.33 711.949 14428.7 0.991046
322600000 7120.35 715.154 14421.6 0.990842
322700000 7120.36 711.267 14430.3 0.99114
322800000 7120.37 713.464 14425.4 0.991047
322900000 7120.35 717.977 14415.2 0.990485
323000000 7120.36 718.613 14413.8 0.990344
323100000 7120.36 721.964 14406.2 0.990546
323200000 7120.35 726.484 14396 0.990114
323300000 7120.39 718.244 14414.7 0.990931
323400000 7120.36 708.163 14437.3 0.991123
323500000 7120.34 724.666 14400.1 0.990342
323600000 7120.36 715.429 14421 0.990791
323700000 7120.36 711.524 14429.7 0.990958
323800000 7120.36 715.268 14421.3 0.990669
323900000 7120.37 706.714 14440.6 0.991212
324000000 7120.36 716.659 14418.2 0.991063
324100000 7120.36 703.477 14447.9 0.991186
324200000 7120.34 712.943 14426.5 0.991071
324300000 7120.36 704.069 14446.5 0.991185
324400000 7120.34 715.476 14420.8 0.990727
324500000 7120.34 717.351 14416.6 0.990683
324600000 7120.37 708.692 14436.1 0.991271
324700000 7120.35 712.696 14427.1 0.990717
324800000 7120.37 721.194 14408 0.99057
324900000 7120.33 715.365 14421 0.99096
325000000 7120.34 728.867 14390.6 0.990115
325100000 7120.35 722.234 14405.6 0.990755
325200000 7120.35 707.921 14437.8 0.990767
325300000 7120.37 726.844 14395.3 0.99029
325400000 7120.4 727.151 14394.6 0.990158
325500000 7120.37 719.017 14412.9 0.990746
325600000 7120.35 728.775 14390.9 0.99005
325700000 7120.34 708.66 14436.1 0.991164
325800000 7120.35 714.702 14422.6 0.990754
325900000 7120.34 713.479 14425.3 0.991115
326000000 7120.37 727.124 14394.6 0.99026
326100000 7120.32 738.938 14367.9 0.989872
326200000 7120.34 713.238 14425.8 0.990987
326300000 7120.34 708.874 14435.7 0.991067
326400000 7120.36 712.28 14428 0.99119
326500000 7120.36 721.877 14406.4 0.990683
326600000 7120.36 716.584 14418.3 0.990795
326700000 7120.36 709.677 14433.9 0.990851
326800000 7120.36 725.936 14397.3 0.990471
326900000 7120.36 728.769 14390.9 0.99044
327000000 7120.33 715.582 14420.5 0.99067
327100000 7120.36 725.98 14397.2 0.99034
327200000 7120.35 728.565 14391.4 0.990067
327300000 7120.36 715.752 14420.2 0.990727
327400000 7120.38 715.646 14420.5 0.990752
327500000 7120.33 735.89 14374.8 0.990313
327600000 7120.33 710.752 14431.4 0.991126
327700000 7120.34 718.338 14414.4 0.990977
327800000 7120.34 720.002 14410.6 0.990634
327900000 7120.38 724.139 14401.4 0.990231
328000000 7120.35 709.225 14434.9 0.991241
328100000 7120.36 739.745 14366.2 0.989523
328200000 7120.32 702.445 14450.1 0.991368
328300000 7120.36 698.647 14458.7 0.991475
328400000 7120.31 698.393 14459.2 0.99146
328500000 7120.35 704.487 14445.6 0.991195
328600000 7120.35 700.273 14455.1 0.991589
328700000 7120.34 713.711 14424.8 0.9907
328800000 7120.36 716.737 14418 0.990836
328900000 7120.36 718.827 14413.3 0.990498
329000000 7120.35 711.683 14429.4 0.991073
329100000 7120.36 709.505 14434.3 0.991229
329200000 7120.34 720.466 14409.6 0.99046
329300000 7120.34 712.62 14427.2 0.990863
329400000 7120.34 713.542 14425.2 0.990832
329500000 7120.35 728.965 14390.4 0.9902
329600000 7120.36 715.568 14420.6 0.990773
329700000 7120.36 724.598 14400.3 0.990258
329800000 7120.33 732.324 14382.9 0.990046
329900000 7120.36 711.375 14430.1 0.991013
330000000 7120.36 716.54 14418.5 0.990614
330100000 7120.37 717.704 14415.8 0.990659
330200000 7120.35 733.35 14380.6 0.989971
330300000 7120.34 735.667 14375.3 0.989892
330400000 7120.38 708.894 14435.7 0.991341
330500000 7120.36 714.817 14422.3 0.990694
330600000 7120.35 713.859 14424.5 0.990689
330700000 7120.35 715.706 14420.3 0.990968
330800000 7120.35 721.046 14408.3 0.99043
330900000 7120.37 715.985 14419.7 0.990686
331000000 7120.37 699.425 14457 0.991632
331100000 7120.34 713.426 14425.4 0.991057
331200000 7120.35 719.418 14411.9 0.990564
331300000 7120.35 714.878 14422.2 0.990553
331400000 7120.37 714.877 14422.2 0.991043
331500000 7120.36 719.606 14411.5 0.990679
331600000 7120.35 702.014 14451.1 0.991533
331700000 7120.35 718.432 14414.2 0.991076
331800000 7120.35 715.472 14420.8 0.990842
331900000 7120.36 715.421 14421 0.990829
332000000 7120.36 709.428 14434.5 0.990927
332100000 7120.36 725.349 14398.6 0.99031
332200000 7120.34 714.698 14422.6 0.99102
332300000 7120.34 731.518 14384.7 0.989925
332400000 7120.36 716.492 14418.5 0.9907
332500000 7120.38 724.368 14400.9 0.990337
332600000 7120.35 702.108 14450.9 0.991221
332700000 7120.36 723.747 14402.2 0.990494
332800000 7120.35 713.874 14424.4 0.990951
332900000 7120.36 720.495 14409.6 0.990727
333000000 7120.34 714.062 14424 0.990731
333100000 7120.36 724.047 14401.5 0.99079
333200000 7120.35 732.941 14381.5 0.990263
333300000 7120.36 732.091 14383.4 0.98985
333400000 7120.35 719.543 14411.7 0.990713
333500000 7120.37 723.677 14402.4 0.990705
333600000 7120.33 745.255 14353.7 0.989307
333700000 7120.37 738.008 14370.1 0.989496
333800000 7120.33 726.051 14397 0.990242
333900000 7120.35 710.1 14432.9 0.990881
334000000 7120.34 728.777 14390.9 0.9905
334100000 7120.36 711.227 14430.4 0.990993
334200000 7120.34 722.374 14405.3 0.990376
334300000 7120.36 713.531 14425.2 0.990675
334400000 7120.33 731.417 14384.9 0.989917
334500000 7120.39 722.427 14405.3 0.990487
334600000 7120.36 712.815 14426.8 0.99082
334700000 7120.32 747.611 14348.4 0.989317
334800000 7120.36 714.371 14423.3 0.990953
334900000 7120.37 720.504 14409.6 0.990759
335000000 7120.34 722.598 14404.8 0.990158
335100000 7120.34 721.012 14408.3 0.990261
335200000 7120.35 733.911 14379.3 0.990361
335300000 7120.36 720.837 14408.8 0.990587
335400000 7120.37 726.733 14395.5 0.990158
335500000 7120.34 705.755 14442.7 0.991266
335600000 7120.36 713.554 14425.2 0.990958
335700000 7120.36 703.73 14447.3 0.991496
335800000 7120.36 714.942 14422 0.990695
335900000 7120.36 698.812 14458.4 0.991579
336000000 7120.37 707.008 14439.9 0.991317
336100000 7120.37 729.622 14389 0.990185
336200000 7120.31 733.1 14381 0.990033
336300000 7120.34 701.921 14451.3 0.991206
336400000 7120.34 727.213 14394.4 0.990215
336500000 7120.37 721.616 14407 0.990794
336600000 7120.34 721.129 14408.1 0.990627
336700000 7120.36 712.947 14426.5 0.990976
336800000 7120.37 708.174 14437.3 0.991214
336900000 7120.33 721.871 14406.4 0.990619
337000000 7120.34 716.689 14418.1 0.990785
337100000 7120.35 727.043 14394.8 0.990313
337200000 7120.35 725.558 14398.1 0.990074
337300000 7120.34 723.3 14403.2 0.990492
337400000 7120.38 709.465 14434.4 0.991139
337500000 7120.33 717.363 14416.5 0.990604
337600000 7120.35 725.426 14398.4 0.990059
337700000 7120.35 718.189 14414.7 0.990931
337800000 7120.36 722.518 14405 0.990717
337900000 7120.36 711.32 14430.2 0.990847
338000000 7120.37 717.557 14416.2 0.990987
338100000 7120.37 704.685 14445.2 0.991269
338200000 7120.35 719.344 14412.1 0.990641
338300000 7120.35 706.994 14439.9 0.990957
338400000 7120.35 705.257 14443.8 0.991051
338500000 7120.34 711.03 14430.8 0.990902
338600000 7120.38 719.501 14411.8 0.990836
338700000 7120.36 720.944 14408.5 0.99039
338800000 7120.34 713.302 14425.7 0.991013
338900000 7120.35 723.646 14402.4 0.990645
339000000 7120.36 732.425 14382.7 0.990003
339100000 7120.36 709.457 14434.4 0.99098
339200000 7120.36 700.763 14454 0.991889
339300000 7120.38 722.607 14404.8 0.990167
339400000 7120.37 718.014 14415.1 0.990463
339500000 7120.37 712.907 14426.6 0.990923
339600000 7120.36 717.867 14415.5 0.990597
339700000 7120.35 720.691 14409.1 0.99058
339800000 7120.36 712.091 14428.5 0.990805
339900000 7120.35 725.939 14397.3 0.990496
340000000 7120.37 719.136 14412.6 0.990614
340100000 7120.33 720.152 14410.2 0.990633
340200000 7120.31 725.104 14399.1 0.990179
340300000 7120.36 718.278 14414.5 0.990463
340400000 7120.38 725.967 14397.3 0.990693
340500000 7120.35 712.395 14427.8 0.990918
340600000 7120.36 706.58 14440.9 0.991287
340700000 7120.38 714.977 14422 0.990874
340800000 7120.35 722.887 14404.1 0.990342
340900000 7120.39 722.745 14404.5 0.990543
341000000 7120.35 722.771 14404.4 0.990226
341100000 7120.34 712.49 14427.5 0.99093
341200000 7120.34 743.04 14358.7 0.98986
341300000 7120.34 702.86 14449.2 0.991391
341400000 7120.36 708.822 14435.8 0.990855
341500000 7120.37 714.774 14422.5 0.990832
341600000 7120.34 704.915 14444.6 0.991162
341700000 7120.37 711.266 14430.4 0.991357
341800000 7120.34 720.1 14410.4 0.990661
341900000 7120.36 717.744 14415.7 0.99079
342000000 7120.33 706.976 14439.9 0.991341
342100000 7120.36 719.215 14412.4 0.990714
342200000 7120.36 719.293 14412.2 0.990245
342300000 7120.35 706.327 14441.4 0.991109
342400000 7120.41 713.452 14425.5 0.990884
342500000 7120.36 706.984 14440 0.991463
342600000 7120.35 715.679 14420.4 0.990593
342700000 7120.35 708.358 14436.9 0.990986
342800000 7120.36 716.39 14418.8 0.990971
342900000 7120.36 716.261 14419.1 0.990904
343000000 7120.36 717.298 14416.7 0.990716
343100000 7120.37 712.983 14426.5 0.990724
343200000 7120.36 734.404 14378.2 0.989765
343300000 7120.34 722.757 14404.4 0.990512
343400000 7120.31 709.191 14434.9 0.990994
343500000 7120.35 709.334 14434.6 0.991212
343600000 7120.34 720.641 14409.2 0.990768
343700000 7120.37 715.235 14421.4 0.990947
343800000 7120.34 727.532 14393.6 0.990158
343900000 7120.37 715.745 14420.3 0.990682
344000000 7120.35 725.658 14397.9 0.990256
344100000 7120.36 710.785 14431.4 0.99101
344200000 7120.37 706.089 14442 0.991492
344300000 7120.32 724.038 14401.5 0.990377
344400000 7120.35 716.716 14418 0.990668
344500000 7120.39 715.546 14420.7 0.990965
344600000 7120.33 725.948 14397.2 0.989985
344700000 7120.36 711.926 14428.8 0.990922
344800000 7120.37 701.947 14451.3 0.991578
344900000 7120.36 715.777 14420.2 0.990788
345000000 7120.31 728.131 14392.2 0.990069
345100000 7120.33 733.333 14380.6 0.990006
345200000 7120.35 713.738 14424.7 0.990969
345300000 7120.35 712.025 14428.6 0.99099
345400000 7120.32 727.68 14393.3 0.99025
345500000 7120.36 712.427 14427.7 0.99092
345600000 7120.33 734.21 14378.6 0.989983
345700000 7120.35 731.013 14385.8 0.990131
345800000 7120.34 728.268 14392 0.990412
345900000 7120.35 705.51 14443.3 0.991207
346000000 7120.34 711.885 14428.9 0.990818
346100000 7120.36 708.748 14436 0.990997
346200000 7120.34 714.421 14423.2 0.990859
346300000 7120.33 714.105 14423.9 0.990689
346400000 7120.37 732.496 14382.5 0.989819
346500000 7120.33 715.265 14421.3 0.990785
346600000 7120.34 721.365 14407.5 0.990646
346700000 7120.35 715.107 14421.6 0.990538
346800000 7120.36 718.215 14414.7 0.99089
346900000 7120.36 720.166 14410.3 0.990544
347000000 7120.38 703.718 14447.4 0.991421
347100000 7120.34 729.943 14388.2 0.99006
347200000 7120.38 719.314 14412.2 0.990779
347300000 7120.35 718.596 14413.8 0.990734
347400000 7120.36 717.828 14415.6 0.990546
347500000 7120.35 699.14 14457.6 0.991553
347600000 7120.37 699.576 14456.7 0.991563
347700000 7120.34 715.871 14419.9 0.99076
347800000 7120.35 724.683 14400.1 0.990648
347900000 7120.38 716.028 14419.6 0.990902
348000000 7120.32 715.548 14420.6 0.990821
348100000 7120.35 706.116 14441.9 0.991302
348200000 7120.36 718.435 14414.2 0.990871
348300000 7120.35 703.39 14448 0.991181
348400000 7120.36 722.339 14405.4 0.990686
348500000 7120.4 723.928 14401.9 0.990721
348600000 7120.38 697.022 14462.4 0.991651
348700000 7120.34 713.119 14426.1 0.991173
348800000 7120.35 712.314 14427.9 0.990969
348900000 7120.34 720.637 14409.2 0.990651
349000000 7120.37 728.109 14392.4 0.990112
349100000 7120.33 719.999 14410.6 0.990728
349200000 7120.36 710.978 14431 0.991058
349300000 7120.34 718.266 14414.5 0.990774
349400000 7120.36 730.237 14387.6 0.990119
349500000 7120.34 716.665 14418.1 0.990942
349600000 7120.33 718.771 14413.4 0.990479
349700000 7120.37 709.562 14434.2 0.991354
349800000 7120.36 716.964 14417.5 0.99088
349900000 7120.35 721.819 14406.5 0.990671
350000000 7120.36 710.739 14431.5 0.990829
350100000 7120.36 709.402 14434.5 0.991145
350200000 7120.33 704.76 14444.9 0.991336
350300000 7120.4 715.242 14421.5 0.990909
350400000 7120.39 716.74 14418.1 0.990634
350500000 7120.35 705.553 14443.2 0.991087
350600000 7120.35 718.227 14414.6 0.990551
350700000 7120.36 713.578 14425.1 0.991217
350800000 7120.36 717.665 14415.9 0.990789
350900000 7120.37 726.846 14395.3 0.990337
351000000 7120.36 707.87 14438 0.991117
351100000 7120.36 720.263 14410.1 0.990993
351200000 7120.37 719.662 14411.4 0.990676
351300000 7120.35 727.875 14392.9 0.99004
351400000 7120.33 721.821 14406.5 0.990835
351500000 7120.36 712.651 14427.2 0.990788
351600000 7120.4 706.484 14441.2 0.991286
351700000 7120.37 716.461 14418.7 0.990981
351800000 7120.31 717.923 14415.2 0.990751
351900000 7120.36 712.981 14426.5 0.991065
352000000 7120.34 705.713 14442.8 0.991295
352100000 7120.35 723.085 14403.7 0.990314
352200000 7120.35 727.325 14394.1 0.990361
352300000 7120.35 719.138 14412.6 0.990783
352400000 7120.38 719.503 14411.8 0.990871
352500000 7120.35 714.002 14424.1 0.990746
352600000 7120.35 723.974 14401.7 0.990368
352700000 7120.35 715.377 14421 0.990772
352800000 7120.33 717.984 14415.1 0.990774
352900000 7120.36 714.165 14423.8 0.99081
353000000 7120.35 715.718 14420.3 0.990908
353100000 7120.36 714.587 14422.8 0.990959
353200000 7120.37 722.533 14405 0.9905
353300000 7120.36 710.079 14433 0.991007
353400000 7120.38 716.273 14419.1 0.991144
353500000 7120.34 712.065 14428.5 0.991108
353600000 7120.32 728.391 14391.7 0.989899
353700000 7120.34 715.216 14421.4 0.990894
353800000 7120.33 704.816 14444.8 0.991313
353900000 7120.36 720.069 14410.5 0.9908
354000000 7120.37 717.848 14415.5 0.990819
354100000 7120.34 721.6 14407 0.990651
354200000 7120.33 712.817 14426.8 0.991073
354300000 7120.34 706.588 14440.8 0.991133
354400000 7120.35 726.343 14396.4 0.99018
354500000 7120.35 739.211 14367.4 0.989657
354600000 7120.36 710.406 14432.3 0.991145
354700000 7120.35 724.612 14400.3 0.990478
354800000 7120.35 723.377 14403 0.990301
354900000 7120.36 721.263 14407.8 0.990897
355000000 7120.36 741.043 14363.3 0.989903
355100000 7120.34 706.808 14440.3 0.991303
355200000 7120.38 719.746 14411.3 0.990633
355300000 7120.35 725.935 14397.3 0.990099
355400000 7120.35 739.668 14366.3 0.989731
355500000 7120.34 728.754 14390.9 0.990054
355600000 7120.36 716.948 14417.5 0.990763
355700000 7120.33 722.016 14406.1 0.990728
355800000 7120.36 712.677 14427.1 0.990991
355900000 7120.35 722.052 14406 0.990577
356000000 7120.35 721.875 14406.4 0.990888
356100000 7120.36 712.705 14427.1 0.990731
356200000 7120.35 702.486 14450.1 0.991264
356300000 7120.36 722.975 14404 0.991047
356400000 7120.39 723.795 14402.2 0.990536
356500000 7120.34 703.015 14448.9 0.991348
356600000 7120.37 702.127 14450.9 0.991339
356700000 7120.35 709.273 14434.8 0.991135
356800000 7120.34 703.111 14448.6 0.991323
356900000 7120.37 719.696 14411.4 0.99053
357000000 7120.36 722.638 14404.7 0.990643
357100000 7120.36 716.492 14418.6 0.990749
357200000 7120.33 713.678 14424.8 0.99083
357300000 7120.38 725.429 14398.5 0.990184
357400000 7120.33 717.65 14415.9 0.990544
357500000 7120.35 715.279 14421.3 0.990664
357600000 7120.36 716.887 14417.7 0.990863
357700000 7120.35 741.153 14363 0.989583
357800000 7120.32 717.748 14415.6 0.990443
357900000 7120.36 728.212 14392.2 0.990472
358000000 7120.37 716.114 14419.4 0.990889
358100000 7120.35 713.662 14424.9 0.990877
358200000 7120.34 726.371 14396.3 0.990629
358300000 7120.38 708.941 14435.6 0.991065
358400000 7120.36 719.595 14411.6 0.990391
358500000 7120.36 703.577 14447.6 0.991256
358600000 7120.37 716.161 14419.3 0.990678
358700000 7120.34 721.5 14407.2 0.990468
358800000 7120.37 719.154 14412.6 0.990698
358900000 7120.37 726.693 14395.6 0.990442
359000000 7120.35 718.025 14415.1 0.990641
359100000 7120.33 707.705 14438.3 0.991063
359200000 7120.36 720.429 14409.7 0.990508
359300000 7120.37 717.146 14417.1 0.990814
359400000 7120.39 709.876 14433.5 0.991145
359500000 7120.34 730.296 14387.4 0.990252
359600000 7120.36 710.422 14432.2 0.991066
359700000 7120.37 714.632 14422.8 0.990865
359800000 7120.35 724.42 14400.7 0.990535
359900000 7120.36 721.411 14407.5 0.990393
360000000 7120.36 704.482 14445.6 0.991491
360100000 7120.35 713.694 14424.8 0.990901
360200000 7120.34 707.33 14439.1 0.99124
360300000 7120.35 711.078 14430.7 0.991161
360400000 7120.35 723.804 14402.1 0.990544
360500000 7120.37 723.587 14402.6 0.990583
360600000 7120.37 737.358 14371.6 0.989998
360700000 7120.36 719.234 14412.4 0.990414
360800000 7120.36 718.505 14414 0.990724
360900000 7120.37 735.607 14375.5 0.990015
361000000 7120.33 724.644 14400.1 0.990295
361100000 7120.34 731.427 14384.9 0.990122
361200000 7120.39 712.183 14428.3 0.990886
361300000 7120.37 711.697 14429.4 0.991185
361400000 7120.37 718.064 14415 0.990695
361500000 7120.32 731.066 14385.6 0.990009
361600000 7120.36 715.156 14421.6 0.990859
361700000 7120.35 706.239 14441.6 0.99104
361800000 7120.35 720.445 14409.6 0.990802
361900000 7120.35 728.621 14391.2 0.990242
362000000 7120.36 712.109 14428.4 0.990954
362100000 7120.36 718.154 14414.8 0.990961
362200000 7120.36 713.217 14425.9 0.990798
362300000 7120.36 711.548 14429.7 0.991141
362400000 7120.33 720.564 14409.3 0.990459
362500000 7120.34 718.746 14413.4 0.990703
362600000 7120.32 720.95 14408.4 0.990739
362700000 7120.35 699.598 14456.6 0.991577
362800000 7120.37 706.91 14440.1 0.990967
362900000 7120.37 716.627 14418.3 0.990808
363000000 7120.33 723.298 14403.2 0.990574
363100000 7120.33 714.515 14422.9 0.990904
363200000 7120.35 721.485 14407.3 0.99056
363300000 7120.34 703.029 14448.8 0.991447
363400000 7120.35 719.982 14410.7 0.990432
363500000 7120.38 710.408 14432.3 0.990943
363600000 7120.36 741.562 14362.1 0.989607
363700000 7120.35 731.979 14383.7 0.98996
363800000 7120.37 726.599 14395.8 0.990665
363900000 7120.35 724.081 14401.4 0.990353
364000000 7120.35 721.569 14407.1 0.990749
364100000 7120.34 715.226 14421.4 0.990678
364200000 7120.38 727.767 14393.2 0.990393
364300000 7120.35 709.274 14434.8 0.991316
364400000 7120.36 723.47 14402.8 0.990385
364500000 7120.36 725.646 14397.9 0.990312
364600000 7120.35 717.617 14416 0.990669
364700000 7120.36 717.256 14416.8 0.990693
364800000 7120.36 713.082 14426.2 0.991067
364900000 7120.38 717.932 14415.4 0.990827
365000000 7120.35 717.359 14416.6 0.990967
365100000 7120.36 707.747 14438.2 0.99098
365200000 7120.35 714.051 14424 0.990977
365300000 7120.36 729.947 14388.3 0.989634
365400000 7120.37 720.428 14409.7 0.990577
365500000 7120.38 715.792 14420.2 0.990695
365600000 7120.34 717.98 14415.2 0.990756
365700000 7120.34 730.186 14387.7 0.989908
365800000 7120.37 707.795 14438.2 0.991069
365900000 7120.39 704.819 14444.9 0.991334
366000000 7120.36 721.32 14407.7 0.990479
366100000 7120.35 711.482 14429.8 0.990972
366200000 7120.35 722.192 14405.7 0.99063
366300000 7120.35 730.329 14387.4 0.990029
366400000 7120.36 718.941 14413.1 0.990802
366500000 7120.36 729.872 14388.4 0.990293
366600000 7120.35 720.866 14408.7 0.990517
366700000 7120.35 730.337 14387.4 0.990428
366800000 7120.37 722.551 14404.9 0.99052
366900000 7120.39 716.209 14419.3 0.99106
367000000 7120.33 719.206 14412.4 0.990454
367100000 7120.37 713.008 14426.4 0.991138
367200000 7120.35 705.002 14444.4 0.991177
367300000 7120.35 706.697 14440.6 0.991146
367400000 7120.35 721.093 14408.2 0.990387
367500000 7120.34 718.914 14413.1 0.990603
367600000 7120.37 717.947 14415.3 0.990818
367700000 7120.37 731.179 14385.5 0.990034
367800000 7120.36 700.327 14454.9 0.991107
367900000 7120.32 729.634 14388.9 0.990116
368000000 7120.36 705.249 14443.9 0.991229
368100000 7120.36 722.439 14405.2 0.990722
368200000 7120.39 705.007 14444.5 0.991492
368300000 7120.34 725.154 14399 0.990355
368400000 7120.33 720.13 14410.3 0.990541
368500000 7120.33 718.569 14413.8 0.990921
368600000 7120.35 712.031 14428.6 0.990972
368700000 7120.31 722.934 14403.9 0.990502
368800000 7120.38 729.214 14390 0.990764
368900000 7120.34 703.935 14446.8 0.991302
369000000 7120.35 723.489 14402.8 0.990504
369100000 7120.33 735.726 14375.2 0.989358
369200000 7120.34 713.227 14425.9 0.990866
369300000 7120.38 696.809 14462.9 0.991622
369400000 7120.31 717.052 14417.2 0.990499
369500000 7120.36 722.185 14405.7 0.990388
369600000 7120.34 714.412 14423.2 0.990712
369700000 7120.33 730.323 14387.4 0.990309
369800000 7120.33 735.201 14376.4 0.989966
369900000 7120.36 704.945 14444.6 0.991033
370000000 7120.33 723.072 14403.7 0.990673
370100000 7120.34 736.567 14373.3 0.989724
370200000 7120.36 727.363 14394.1 0.989986
370300000 7120.34 714.078 14424 0.990717
370400000 7120.35 716.045 14419.5 0.990835
370500000 7120.36 720.705 14409.1 0.990626
370600000 7120.32 719.464 14411.8 0.99075
370700000 7120.36 741.899 14361.4 0.989716
370800000 7120.32 721.348 14407.5 0.990333
370900000 7120.36 718.011 14415.1 0.990947
371000000 7120.39 717.871 14415.5 0.990611
371100000 7120.35 716.737 14418 0.990712
371200000 7120.39 723.392 14403.1 0.990442
371300000 7120.35 717.226 14416.9 0.99071
371400000 7120.34 732.72 14382 0.989723
371500000 7120.39 722.019 14406.2 0.990496
371600000 7120.35 704.63 14445.2 0.99124
371700000 7120.34 748.972 14345.4 0.989331
371800000 7120.33 722.658 14404.6 0.990311
371900000 7120.34 727.135 14394.5 0.990023
372000000 7120.37 723.038 14403.8 0.990671
372100000 7120.33 714.585 14422.8 0.990766
372200000 7120.36 727.696 14393.3 0.990598
372300000 7120.33 730.09 14387.9 0.990212
372400000 7120.36 708.536 14436.5 0.990837
372500000 7120.36 727.2 14394.4 0.989873
372600000 7120.34 716.615 14418.2 0.99084
372700000 7120.37 710.031 14433.1 0.991015
372800000 7120.32 726.702 14395.5 0.990213
372900000 7120.36 721.436 14407.4 0.99043
373000000 7120.34 712.479 14427.6 0.990829
373100000 7120.38 717.972 14415.3 0.990657
373200000 7120.34 719.486 14411.8 0.990617
373300000 7120.35 715.28 14421.3 0.990823
373400000 7120.35 721.207 14407.9 0.990368
373500000 7120.32 714.217 14423.6 0.990721
373600000 7120.35 716.109 14419.4 0.990908
373700000 7120.37 703.888 14447 0.991338
373800000 7120.38 709.201 14435 0.990914
373900000 7120.35 717.985 14415.2 0.990918
374000000 7120.35 713.199 14425.9 0.990883
374100000 7120.36 729.839 14388.5 0.990226
374200000 7120.35 720.322 14409.9 0.990666
374300000 7120.36 730.588 14386.8 0.99038
374400000 7120.34 713.842 14424.5 0.990859
374500000 7120.34 725.437 14398.4 0.990123
374600000 7120.35 729.856 14388.4 0.990128
374700000 7120.35 709.895 14433.4 0.991089
374800000 7120.33 709.217 14434.9 0.991051
374900000 7120.38 710.32 14432.5 0.99088
375000000 7120.38 704.205 14446.3 0.991012
375100000 7120.32 733.475 14380.2 0.989672
375200000 7120.35 714.314 14423.4 0.990696
375300000 7120.38 720.689 14409.2 0.990665
375400000 7120.34 703.961 14446.7 0.99121
375500000 7120.35 709.402 14434.5 0.990797
375600000 7120.36 718.905 14413.1 0.990597
375700000 7120.36 727.03 14394.8 0.990265
375800000 7120.39 730.44 14387.2 0.990454
375900000 7120.31 730.371 14387.2 0.989973
376000000 7120.35 717.308 14416.7 0.990985
376100000 7120.34 720.498 14409.5 0.990793
376200000 7120.37 711.898 14428.9 0.990785
376300000 7120.35 717.884 14415.4 0.990836
376400000 7120.38 714.912 14422.2 0.990804
376500000 7120.34 726.664 14395.6 0.990278
376600000 7120.35 728.57 14391.3 0.990307
376700000 7120.37 713.718 14424.8 0.991127
376800000 7120.34 720.126 14410.3 0.990679
376900000 7120.34 721.145 14408 0.99064
377000000 7120.37 710.006 14433.2 0.990995
377100000 7120.34 726.298 14396.4 0.990376
377200000 7120.33 727.529 14393.6 0.990046
377300000 7120.32 719.636 14411.4 0.990377
377400000 7120.34 721.231 14407.8 0.990395
377500000 7120.35 715.848 14420 0.990906
377600000 7120.31 709.508 14434.2 0.991057
377700000 7120.32 728.906 14390.5 0.990081
377800000 7120.37 735.006 14376.9 0.989697
377900000 7120.36 722.874 14404.2 0.990503
378000000 7120.34 729.246 14389.8 0.990215
378100000 7120.35 711.673 14429.4 0.99109
378200000 7120.36 716.816 14417.8 0.990872
378300000 7120.37 708.347 14436.9 0.991585
378400000 7120.34 722.035 14406 0.990374
378500000 7120.35 707.404 14439 0.991598
378600000 7120.36 718.583 14413.8 0.990787
378700000 7120.34 729.14 14390 0.990334
378800000 7120.36 726.987 14394.9 0.98998
378900000 7120.35 705.595 14443.1 0.99151
379000000 7120.36 706.124 14441.9 0.991292
379100000 7120.35 724.597 14400.3 0.990462
379200000 7120.33 715.736 14420.2 0.990581
379300000 7120.36 705.403 14443.5 0.991159
379400000 7120.38 710.011 14433.2 0.990997
379500000 7120.35 707.276 14439.3 0.991225
379600000 7120.37 726.531 14396 0.99003
379700000 7120.35 708.632 14436.2 0.991239
379800000 7120.32 708.793 14435.8 0.990906
379900000 7120.32 717.283 14416.7 0.990837
380000000 7120.35 707.821 14438.1 0.991264
380100000 7120.36 727.039 14394.8 0.990197
380200000 7120.32 739.108 14367.6 0.989828
380300000 7120.34 712.189 14428.2 0.990782
380400000 7120.32 721.907 14406.3 0.990493
380500000 7120.36 731.207 14385.4 0.99009
380600000 7120.32 712.888 14426.6 0.990815
380700000 7120.37 701.461 14452.4 0.991497
380800000 7120.36 718.556 14413.9 0.99093
380900000 7120.37 721.731 14406.8 0.990672
381000000 7120.36 712.646 14427.2 0.990825
381100000 7120.37 720.16 14410.3 0.990631
381200000 7120.35 708.748 14436 0.991425
381300000 7120.35 713.272 14425.8 0.991085
381400000 7120.37 704.958 14444.6 0.991265
381500000 7120.36 725.66 14397.9 0.990252
381600000 7120.33 724.59 14400.3 0.990243
381700000 7120.35 709.332 14434.7 0.991182
381800000 7120.4 714.066 14424.1 0.990845
381900000 7120.36 716.312 14419 0.991001
382000000 7120.36 704.731 14445 0.9912
382100000 7120.35 722.356 14405.3 0.990449
382200000 7120.34 720.136 14410.3 0.990712
382300000 7120.33 703.287 14448.2 0.991268
382400000 7120.38 706.688 14440.7 0.990989
382500000 7120.35 697.806 14460.6 0.991718
382600000 7120.34 711.257 14430.3 0.990915
382700000 7120.34 714.569 14422.8 0.99084
382800000 7120.36 716.874 14417.7 0.990672
382900000 7120.37 720.343 14409.9 0.990495
383000000 7120.37 712.428 14427.7 0.991313
383100000 7120.34 724.032 14401.5 0.990467
383200000 7120.36 710.1 14433 0.990971
383300000 7120.35 713.188 14426 0.991107
383400000 7120.36 711.041 14430.8 0.991352
383500000 7120.36 713.696 14424.9 0.991121
383600000 7120.38 733.344 14380.7 0.990084
383700000 7120.35 718.7 14413.6 0.990953
383800000 7120.36 727.509 14393.8 0.990448
383900000 7120.37 722.499 14405.1 0.990464
384000000 7120.37 716.507 14418.5 0.990575
384100000 7120.35 710.123 14432.9 0.990999
384200000 7120.36 711.606 14429.5 0.991058
384300000 7120.34 723.437 14402.9 0.990728
384400000 7120.37 728.829 14390.8 0.99034
384500000 7120.35 718.116 14414.9 0.990725
384600000 7120.35 716.107 14419.4 0.990797
384700000 7120.36 716.291 14419 0.990938
384800000 7120.37 714.808 14422.4 0.990802
384900000 7120.33 718.709 14413.5 0.990735
385000000 7120.33 715.604 14420.5 0.990676
385100000 7120.34 730.695 14386.5 0.9899
385200000 7120.35 719.47 14411.8 0.990657
385300000 7120.35 718.002 14415.1 0.990804
385400000 7120.37 719.055 14412.8 0.990741
385500000 7120.39 726.946 14395.1 0.99049
385600000 7120.38 722.052 14406.1 0.990521
385700000 7120.37 724.662 14400.2 0.99041
385800000 7120.36 716.029 14419.6 0.990804
385900000 7120.35 705.916 14442.3 0.991186
386000000 7120.35 712.333 14427.9 0.990778
386100000 7120.32 718.593 14413.7 0.990763
386200000 7120.34 720.105 14410.4 0.990563
386300000 7120.33 720.025 14410.5 0.990486
386400000 7120.34 735.544 14375.6 0.989871
386500000 7120.32 707.884 14437.9 0.99119
386600000 7120.35 707.485 14438.8 0.991235
386700000 7120.36 721.67 14406.9 0.990785
386800000 7120.37 709.014 14435.4 0.991197
386900000 7120.34 728.822 14390.7 0.990099
387000000 7120.38 704.796 14444.9 0.991136
387100000 7120.32 726.736 14395.4 0.989972
387200000 7120.37 714.729 14422.5 0.99096
387300000 7120.39 712.257 14428.1 0.991021
387400000 7120.35 717.157 14417 0.99082
387500000 7120.37 724.948 14399.5 0.990587
387600000 7120.33 709.963 14433.2 0.990935
387700000 7120.36 723.159 14403.5 0.990413
387800000 7120.34 717.42 14416.4 0.991074
387900000 7120.37 717.604 14416.1 0.990788
388000000 7120.36 704.716 14445.1 0.991262
388100000 7120.37 709.366 14434.6 0.991025
388200000 7120.36 715.037 14421.8 0.990702
388300000 7120.39 720.865 14408.8 0.990472
388400000 7120.34 718.244 14414.6 0.990766
388500000 7120.35 711.059 14430.8 0.991068
388600000 7120.33 723.436 14402.9 0.990474
388700000 7120.34 708.39 14436.8 0.991363
388800000 7120.33 711.853 14428.9 0.99108
388900000 7120.34 714.42 14423.2 0.99073
389000000 7120.36 706.189 14441.8 0.991285
389100000 7120.38 726.793 14395.4 0.990251
389200000 7120.33 720.028 14410.5 0.990457
389300000 7120.34 700.926 14453.6 0.991449
389400000 7120.37 720.31 14410 0.990604
389500000 7120.35 732.085 14383.4 0.990061
389600000 7120.34 713.232 14425.8 0.990897
389700000 7120.36 717.802 14415.6 0.990749
389800000 7120.35 710.416 14432.2 0.990967
389900000 7120.31 741.291 14362.6 0.989458
390000000 7120.37 714.8 14422.4 0.991126
390100000 7120.35 728.457 14391.6 0.990396
390200000 7120.35 697.977 14460.2 0.991601
390300000 7120.33 724.069 14401.4 0.990409
390400000 7120.34 714.564 14422.8 0.990845
390500000 7120.35 731.667 14384.4 0.989803
390600000 7120.35 723.663 14402.4 0.990393
390700000 7120.4 720.832 14408.9 0.990639
390800000 7120.34 711.936 14428.8 0.990618
390900000 7120.37 716.211 14419.2 0.990645
391000000 7120.36 697.633 14461 0.991607
391100000 7120.38 723.649 14402.5 0.990636
391200000 7120.34 718.723 14413.5 0.990552
391300000 7120.37 717.512 14416.3 0.990881
391400000 7120.34 709.454 14434.4 0.991075
391500000 7120.38 731.883 14384 0.990179
391600000 7120.35 702.607 14449.8 0.991455
391700000 7120.35 722.196 14405.7 0.99058
391800000 7120.38 724.051 14401.6 0.990787
391900000 7120.35 727.209 14394.4 0.990286
392000000 7120.32 719.44 14411.8 0.990721
392100000 7120.33 718.653 14413.6 0.990719
392200000 7120.36 719.658 14411.4 0.990482
392300000 7120.33 726.213 14396.6 0.990432
392400000 7120.37 714.437 14423.2 0.990672
392500000 7120.35 704.555 14445.4 0.991041
392600000 7120.34 719.851 14410.9 0.990448
392700000 7120.37 704.483 14445.6 0.991439
392800000 7120.36 727.354 14394.1 0.990629
392900000 7120.34 710.158 14432.8 0.991128
393000000 7120.4 704.973 14444.6 0.991212
393100000 7120.37 717.85 14415.5 0.99066
393200000 7120.32 724.089 14401.4 0.990309
393300000 7120.33 713.251 14425.8 0.990763
393400000 7120.38 711.447 14430 0.991143
393500000 7120.35 712.415 14427.7 0.990994
393600000 7120.33 717.455 14416.3 0.990618
393700000 7120.35 703.664 14447.4 0.991485
393800000 7120.34 714.384 14423.3 0.991014
393900000 7120.36 711.135 14430.6 0.991
394000000 7120.33 727.086 14394.6 0.990291
394100000 7120.38 722.003 14406.2 0.99086
394200000 7120.36 720.214 14410.2 0.990459
394300000 7120.33 722.438 14405.1 0.990692
394400000 7120.35 719.487 14411.8 0.991015
394500000 7120.32 717.649 14415.9 0.9907
394600000 7120.35 703.384 14448.1 0.99128
394700000 7120.32 714.702 14422.5 0.990918
394800000 7120.35 708.985 14435.4 0.990903
394900000 7120.33 733.855 14379.4 0.990394
395000000 7120.36 703.41 14448 0.991076
395100000 7120.33 718.485 14414 0.990889
395200000 7120.34 723.715 14402.2 0.990188
395300000 7120.35 745.12 14354.1 0.98909
395400000 7120.32 720.513 14409.4 0.990734
395500000 7120.37 717.806 14415.6 0.990907
395600000 7120.35 701.168 14453 0.991523
395700000 7120.37 719.819 14411.1 0.990747
395800000 7120.33 727.067 14394.7 0.990401
395900000 7120.34 713.813 14424.5 0.990566
396000000 7120.35 722.066 14406 0.990386
396100000 7120.37 724.683 14400.1 0.990224
396200000 7120.33 719.013 14412.8 0.990485
396300000 7120.34 725.855 14397.4 0.990518
396400000 7120.36 718.24 14414.6 0.990611
396500000 7120.35 711.651 14429.4 0.991265
396600000 7120.34 726.172 14396.7 0.990279
396700000 7120.37 716.781 14417.9 0.990864
396800000 7120.36 714.716 14422.5 0.991
396900000 7120.37 706.238 14441.7 0.991155
397000000 7120.34 721.549 14407.1 0.990415
397100000 7120.36 717.028 14417.3 0.990769
397200000 7120.37 708.473 14436.6 0.990959
397300000 7120.35 728.828 14390.7 0.99013
397400000 7120.37 729.448 14389.4 0.990301
397500000 7120.37 717.163 14417.1 0.990616
397600000 7120.35 739.295 14367.2 0.989869
397700000 7120.35 702.278 14450.5 0.991524
397800000 7120.37 709.218 14435 0.990968
397900000 7120.33 719.049 14412.7 0.99081
398000000 7120.36 710.875 14431.2 0.990976
398100000 7120.36 707.604 14438.6 0.990833
398200000 7120.36 714.067 14424 0.991082
398300000 7120.36 723.587 14402.6 0.990466
398400000 7120.34 727.478 14393.8 0.990325
398500000 7120.37 712.186 14428.3 0.990635
398600000 7120.38 721.375 14407.6 0.990258
398700000 7120.34 741.695 14361.8 0.989631
398800000 7120.38 718.477 14414.1 0.990644
398900000 7120.37 731.671 14384.4 0.989968
399000000 7120.35 716.628 14418.2 0.990933
399100000 7120.35 707.142 14439.6 0.991066
399200000 7120.35 717.49 14416.3 0.990787
399300000 7120.4 719.187 14412.6 0.990509
399400000 7120.38 715.509 14420.8 0.990979
399500000 7120.33 725.511 14398.2 0.990299
399600000 7120.34 729.12 14390.1 0.99009
399700000 7120.35 732.153 14383.3 0.989922
399800000 7120.35 734.582 14377.8 0.989764
399900000 7120.34 712.073 14428.5 0.990702
400000000 7120.33 722.132 14405.8 0.990573
400100000 7120.35 714.317 14423.4 0.990832
400200000 7120.34 711.529 14429.7 0.990857
400300000 7120.37 716.052 14419.6 0.990799
400400000 7120.36 712.219 14428.2 0.991174
400500000 7120.34 722.863 14404.2 0.99106
400600000 7120.34 722.293 14405.4 0.990305
400700000 7120.34 735.844 14374.9 0.989957
400800000 7120.35 721.078 14408.2 0.990254
400900000 7120.35 716.273 14419 0.991042
401000000 7120.36 711.041 14430.8 0.991066
401100000 7120.36 713.329 14425.7 0.990867
401200000 7120.36 736.893 14372.6 0.990362
401300000 7120.36 723.008 14403.9 0.99034
401400000 7120.36 729.535 14389.2 0.990161
401500000 7120.33 727.685 14393.3 0.990367
401600000 7120.34 739.804 14366 0.990284
401700000 7120.34 721.473 14407.3 0.990596
401800000 7120.32 703.2 14448.4 0.991424
401900000 7120.35 722.468 14405.1 0.990225
402000000 7120.36 722.74 14404.5 0.99049
402100000 7120.35 726.087 14396.9 0.992206
402200000 7120.36 714.986 14421.9 0.990649
402300000 7120.32 708.023 14437.5 0.99141
402400000 7120.34 713.857 14424.5 0.990613
402500000 7120.35 702.126 14450.9 0.991321
402600000 7120.34 709.47 14434.3 0.990967
402700000 7120.34 712.477 14427.5 0.990634
402800000 7120.35 703.986 14446.7 0.991476
402900000 7120.34 728.839 14390.7 0.990096
403000000 7120.36 729.669 14388.9 0.990406
403100000 7120.35 720.724 14409 0.991285
403200000 7120.32 711.941 14428.7 0.990918
403300000 7120.36 716.044 14419.6 0.990815
403400000 7120.33 719.815 14411 0.990429
403500000 7120.37 714.276 14423.6 0.991123
403600000 7120.33 715.715 14420.2 0.990567
403700000 7120.35 719.588 14411.6 0.990696
403800000 7120.34 716.803 14417.8 0.990831
403900000 7120.37 710.461 14432.2 0.990978
404000000 7120.34 724.687 14400.1 0.990285
404100000 7120.36 713.817 14424.6 0.991159
404200000 7120.38 717.736 14415.8 0.990757
404300000 7120.38 714.016 14424.2 0.990969
404400000 7120.35 720.837 14408.7 0.990539
404500000 7120.34 712.317 14427.9 0.990941
404600000 7120.35 720.902 14408.6 0.990545
404700000 7120.36 735.7 14375.3 0.990003
404800000 7120.34 713.564 14425.1 0.990846
404900000 7120.35 733.057 14381.2 0.990059
405000000 7120.36 711.383 14430.1 0.99115
405100000 7120.34 723.767 14402.1 0.990442
405200000 7120.36 701.426 14452.5 0.99149
405300000 7120.36 705.064 14444.3 0.991094
405400000 7120.37 719.389 14412.1 0.990729
405500000 7120.35 728.25 14392.1 0.990328
405600000 7120.36 716.23 14419.1 0.990912
405700000 7120.34 728.012 14392.6 0.989897
405800000 7120.33 713.663 14424.9 0.990898
405900000 7120.36 695.761 14465.2 0.991944
406000000 7120.36 711.151 14430.6 0.990939
406100000 7120.38 710.213 14432.7 0.991382
406200000 7120.37 716.906 14417.6 0.990594
406300000 7120.35 712.421 14427.7 0.991238
406400000 7120.36 725.555 14398.1 0.990401
406500000 7120.34 727.959 14392.7 0.990343
406600000 7120.36 730.311 14387.4 0.989927
406700000 7120.33 723.307 14403.1 0.990329
406800000 7120.38 728.053 14392.6 0.990195
406900000 7120.38 727.776 14393.2 0.990533
407000000 7120.35 715.292 14421.2 0.990402
407100000 7120.38 719.297 14412.3 0.990767
407200000 7120.37 721.346 14407.7 0.990646
407300000 7120.34 718.373 14414.3 0.990569
407400000 7120.38 722.939 14404.1 0.990794
407500000 7120.36 713.932 14424.3 0.990796
407600000 7120.34 717.999 14415.1 0.99058
407700000 7120.35 710.418 14432.2 0.990893
407800000 7120.35 712.597 14427.3 0.990985
407900000 7120.35 722.832 14404.3 0.990487
408000000 7120.39 724.904 14399.7 0.990231
408100000 7120.34 725.55 14398.1 0.990744
408200000 7120.34 718.441 14414.1 0.990755
408300000 7120.34 722.268 14405.5 0.990722
408400000 7120.32 717.714 14415.7 0.990466
408500000 7120.33 729.079 14390.2 0.990061
408600000 7120.39 710.961 14431.1 0.990652
408700000 7120.38 712.192 14428.3 0.99104
408800000 7120.35 716.277 14419 0.990668
408900000 7120.35 713.414 14425.5 0.99115
409000000 7120.35 732.237 14383.1 0.98998
409100000 7120.31 721.482 14407.2 0.9906
409200000 7120.39 723.781 14402.2 0.990852
409300000 7120.39 703.42 14448.1 0.991163
409400000 7120.35 704.294 14446 0.991127
409500000 7120.35 709.34 14434.6 0.990935
409600000 7120.32 727.013 14394.8 0.990152
409700000 7120.37 716.482 14418.6 0.990516
409800000 7120.36 714.855 14422.2 0.991024
409900000 7120.36 725.411 14398.5 0.990176
410000000 7120.33 722.01 14406.1 0.990524
410100000 7120.33 724.415 14400.7 0.990155
410200000 7120.36 718.147 14414.8 0.990674
410300000 7120.37 723.894 14401.9 0.990368
410400000 7120.35 719.259 14412.3 0.990748
410500000 7120.4 698.906 14458.2 0.991507
410600000 7120.36 716.65 14418.2 0.99097
410700000 7120.3 719.412 14411.8 0.990605
410800000 7120.36 717.698 14415.8 0.990788
410900000 7120.34 723.805 14402 0.990671
411000000 7120.36 732.546 14382.4 0.990198
411100000 7120.35 704.515 14445.5 0.991397
411200000 7120.32 709.047 14435.2 0.991073
411300000 7120.37 715.648 14420.5 0.990786
411400000 7120.35 722.168 14405.7 0.990456
411500000 7120.36 717.214 14416.9 0.990691
411600000 7120.35 718.781 14413.4 0.990555
411700000 7120.36 716.558 14418.4 0.990712
411800000 7120.38 716.132 14419.4 0.990759
411900000 7120.33 747.894 14347.8 0.989563
412000000 7120.38 724.922 14399.6 0.990561
412100000 7120.33 715.777 14420.1 0.990929
412200000 7120.37 724.859 14399.7 0.990539
412300000 7120.35 723.072 14403.7 0.990304
412400000 7120.37 703.564 14447.7 0.991379
412500000 7120.33 724.758 14399.9 0.99058
412600000 7120.36 728.603 14391.3 0.990427
412700000 7120.37 721.162 14408.1 0.990735
412800000 7120.33 719.074 14412.7 0.990435
412900000 7120.36 721.534 14407.2 0.990348
413000000 7120.36 708.085 14437.5 0.991244
413100000 7120.33 728.348 14391.8 0.990373
413200000 7120.36 718.073 14415 0.990667
413300000 7120.38 719.335 14412.2 0.990628
413400000 7120.33 723.125 14403.6 0.990649
413500000 7120.34 720.99 14408.4 0.990771
413600000 7120.36 714.59 14422.8 0.990808
413700000 7120.35 731.57 14384.6 0.98979
413800000 7120.36 704.949 14444.5 0.991369
413900000 7120.35 726.163 14396.8 0.990217
414000000 7120.36 736.417 14373.7 0.989931
414100000 7120.38 713.577 14425.2 0.99078
414200000 7120.32 706.02 14442.1 0.991116
414300000 7120.37 703.015 14448.9 0.991381
414400000 7120.37 717.435 14416.4 0.990766
414500000 7120.38 720.606 14409.3 0.990383
414600000 7120.37 721.42 14407.5 0.990685
414700000 7120.36 713.936 14424.3 0.990994
414800000 7120.36 724.519 14400.5 0.990434
414900000 7120.32 708.469 14436.5 0.991281
415000000 7120.36 729.229 14389.9 0.990352
415100000 7120.35 714.747 14422.5 0.990808
415200000 7120.34 710.409 14432.2 0.99131
415300000 7120.36 713.204 14426 0.990982
415400000 7120.39 715.303 14421.3 0.990752
415500000 7120.35 707.788 14438.1 0.991099
415600000 7120.32 725.302 14398.6 0.990376
415700000 7120.34 713.68 14424.8 0.990896
415800000 7120.34 715.999 14419.6 0.990923
415900000 7120.35 725.853 14397.5 0.990186
416000000 7120.36 714.277 14423.5 0.991229
416100000 7120.39 720.009 14410.7 0.990837
416200000 7120.37 710.102 14433 0.990824
416300000 7120.34 713.68 14424.9 0.991106
416400000 7120.37 727.866 14393 0.990337
416500000 7120.36 726.541 14395.9 0.990239
416600000 7120.34 720.777 14408.9 0.990239
416700000 7120.35 714.194 14423.7 0.990982
416800000 7120.34 716.486 14418.5 0.990638
416900000 7120.36 704.337 14445.9 0.991468
417000000 7120.35 703.768 14447.2 0.99128
417100000 7120.35 729.1 14390.1 0.990538
417200000 7120.35 704.547 14445.4 0.991371
417300000 7120.36 735.599 14375.5 0.990055
417400000 7120.34 703.325 14448.1 0.99141
417500000 7120.34 720.031 14410.5 0.99057
417600000 7120.35 712.427 14427.7 0.990939
417700000 7120.38 709.234 14434.9 0.991078
417800000 7120.37 724.604 14400.3 0.990492
417900000 7120.36 712.904 14426.6 0.990852
418000000 7120.34 699.28 14457.3 0.991673
418100000 7120.3 713.815 14424.5 0.990533
418200000 7120.36 714.891 14422.2 0.991115
418300000 7120.36 713.398 14425.5 0.99094
418400000 7120.37 719.27 14412.3 0.990727
418500000 7120.34 715.347 14421.1 0.99088
418600000 7120.36 710.233 14432.7 0.991042
418700000 7120.38 710.478 14432.2 0.990976
418800000 7120.33 720.631 14409.2 0.990412
418900000 7120.38 702.823 14449.4 0.991621
419000000 7120.32 709.529 14434.2 0.990936
419100000 7120.36 708.96 14435.5 0.991071
419200000 7120.34 730.82 14386.2 0.990339
419300000 7120.34 703.343 14448.1 0.991362
419400000 7120.38 714.59 14422.9 0.990874
419500000 7120.37 709.798 14433.7 0.991299
419600000 7120.36 716.652 14418.2 0.990708
419700000 7120.36 720.961 14408.5 0.990398
419800000 7120.35 725.699 14397.8 0.990197
419900000 7120.36 715.647 14420.5 0.990668
420000000 7120.34 716.917 14417.6 0.990706
420100000 7120.35 740.467 14364.6 0.989667
420200000 7120.34 721.407 14407.5 0.990721
420300000 7120.37 725.716 14397.8 0.99013
420400000 7120.34 713.766 14424.7 0.990697
420500000 7120.36 705.884 14442.4 0.991168
420600000 7120.34 714.627 14422.7 0.990766
420700000 7120.33 715.638 14420.4 0.991094
420800000 7120.34 722.262 14405.5 0.990319
420900000 7120.35 717.86 14415.5 0.990723
421000000 7120.35 725.296 14398.7 0.990526
421100000 7120.37 724.055 14401.5 0.990512
421200000 7120.39 713.732 14424.8 0.990654
421300000 7120.35 722.153 14405.8 0.990685
421400000 7120.35 702.022 14451.1 0.991405
421500000 7120.38 702.16 14450.9 0.991548
421600000 7120.36 715.843 14420 0.990703
421700000 7120.33 716.361 14418.8 0.990719
421800000 7120.33 722.123 14405.8 0.990453
421900000 7120.36 719.374 14412.1 0.990881
422000000 7120.36 730.345 14387.4 0.990181
422100000 7120.36 710.073 14433 0.991064
422200000 7120.36 711.496 14429.8 0.991047
422300000 7120.37 710.261 14432.6 0.991001
422400000 7120.34 696.183 14464.2 0.99161
422500000 7120.34 723.132 14403.6 0.990409
422600000 7120.33 712.996 14426.4 0.990824
422700000 7120.36 732.487 14382.5 0.99027
422800000 7120.35 709.264 14434.8 0.99108
422900000 7120.36 712.504 14427.5 0.990709
423000000 7120.33 723.121 14403.6 0.990438
423100000 7120.34 725.736 14397.7 0.990384
423200000 7120.37 714.828 14422.3 0.990994
423300000 7120.34 716.899 14417.6 0.990975
423400000 7120.36 721.323 14407.7 0.990442
423500000 7120.34 715.833 14420 0.990738
423600000 7120.38 707.156 14439.6 0.991283
423700000 7120.36 707.332 14439.2 0.991069
423800000 7120.36 714.296 14423.5 0.990543
423900000 7120.35 721.888 14406.4 0.990557
424000000 7120.34 710.433 14432.2 0.99094
424100000 7120.37 700.272 14455.1 0.991342
424200000 7120.36 704.042 14446.6 0.991726
424300000 7120.35 731.461 14384.8 0.990137
424400000 7120.35 717.595 14416.1 0.990762
424500000 7120.36 711.414 14430 0.990705
424600000 7120.35 706.548 14440.9 0.991208
424700000 7120.36 714.073 14424 0.990827
424800000 7120.36 719.188 14412.5 0.99063
424900000 7120.36 709.998 14433.2 0.991206
425000000 7120.37 705.987 14442.2 0.991419
425100000 7120.35 720.097 14410.4 0.990716
425200000 7120.36 717.327 14416.7 0.990835
425300000 7120.35 701.163 14453.1 0.991566
425400000 7120.36 718.46 14414.1 0.99077
425500000 7120.39 717.121 14417.2 0.990956
425600000 7120.36 723.194 14403.5 0.990247
425700000 7120.34 722.816 14404.3 0.990164
425800000 7120.36 716.279 14419 0.991031
425900000 7120.36 704.401 14445.8 0.991194
426000000 7120.36 700.654 14454.2 0.991423
426100000 7120.32 724.09 14401.4 0.990296
426200000 7120.34 715.285 14421.2 0.990567
426300000 7120.35 709.892 14433.4 0.991253
426400000 7120.34 714.352 14423.3 0.990658
426500000 7120.36 713.964 14424.2 0.990787
426600000 7120.36 724.415 14400.7 0.990631
426700000 7120.35 720.132 14410.3 0.990633
426800000 7120.35 707.321 14439.2 0.991424
426900000 7120.33 725.698 14397.8 0.990219
427000000 7120.35 702.687 14449.6 0.991267
427100000 7120.34 711.316 14430.2 0.991125
427200000 7120.38 721.774 14406.7 0.990628
427300000 7120.35 702.103 14450.9 0.991435
427400000 7120.35 713.84 14424.5 0.990705
427500000 7120.36 721.258 14407.8 0.990569
427600000 7120.39 698.216 14459.8 0.991695
427700000 7120.33 719.489 14411.8 0.990559
427800000 7120.35 708.633 14436.2 0.991089
427900000 7120.35 707.739 14438.3 0.990935
428000000 7120.38 699.645 14456.5 0.991545
428100000 7120.35 706.265 14441.6 0.991118
428200000 7120.38 713.542 14425.2 0.990922
428300000 7120.37 715.588 14420.6 0.990831
428400000 7120.36 714.711 14422.6 0.990776
428500000 7120.35 716.063 14419.5 0.990784
428600000 7120.34 721.26 14407.8 0.990614
428700000 7120.33 724.551 14400.3 0.990495
428800000 7120.36 714.932 14422.1 0.990839
428900000 7120.36 704.969 14444.5 0.991047
429000000 7120.34 723.036 14403.8 0.990504
429100000 7120.35 733.625 14380 0.990172
429200000 7120.35 705.203 14443.9 0.991192
429300000 7120.33 719.788 14411.1 0.990339
429400000 7120.4 694.811 14467.5 0.99163
429500000 7120.35 701.669 14451.9 0.991468
429600000 7120.37 708.531 14436.5 0.991404
429700000 7120.35 718.282 14414.5 0.990739
429800000 7120.37 707.068 14439.8 0.991096
429900000 7120.33 714.732 14422.5 0.990921
430000000 7120.36 717.703 14415.8 0.990846
430100000 7120.36 698.85 14458.3 0.991606
430200000 7120.36 726.409 14396.2 0.990438
430300000 7120.4 715.014 14422 0.991062
430400000 7120.36 703.991 14446.7 0.991185
430500000 7120.37 722.801 14404.4 0.99075
430600000 7120.37 712.213 14428.2 0.990855
430700000 7120.34 723.08 14403.7 0.990749
430800000 7120.38 705.655 14443 0.991245
430900000 7120.4 723.993 14401.8 0.99045
431000000 7120.37 723.906 14401.9 0.990534
431100000 7120.36 718.809 14413.3 0.99038
431200000 7120.33 728.679 14391 0.990094
431300000 7120.37 723.74 14402.3 0.990412
431400000 7120.34 705.968 14442.2 0.991153
431500000 7120.37 706.646 14440.8 0.9912
431600000 7120.36 704.713 14445.1 0.991261
431700000 7120.34 712.109 14428.4 0.991073
431800000 7120.35 713.957 14424.2 0.99087
431900000 7120.36 709.125 14435.1 0.990968
432000000 7120.39 722.564 14405 0.991606
432100000 7120.35 708.907 14435.6 0.991102
432200000 7120.34 719.813 14411 0.990624
432300000 7120.37 705.716 14442.8 0.991142
432400000 7120.35 717.434 14416.4 0.990623
432500000 7120.34 720.8 14408.8 0.99057
432600000 7120.35 719.647 14411.4 0.99074
432700000 7120.36 712.877 14426.7 0.990931
432800000 7120.33 725.315 14398.6 0.99026
432900000 7120.36 714.122 14423.9 0.991012
433000000 7120.35 720.659 14409.2 0.990677
433100000 7120.36 724.782 14399.9 0.990246
433200000 7120.33 724.877 14399.6 0.990328
433300000 7120.37 727.251 14394.4 0.990355
433400000 7120.38 697.931 14460.4 0.991699
433500000 7120.34 713.519 14425.2 0.990738
433600000 7120.39 722.397 14405.3 0.99065
433700000 7120.36 718.677 14413.6 0.99057
433800000 7120.35 726.381 14396.3 0.990186
433900000 7120.35 712.812 14426.8 0.99091
434000000 7120.36 718.086 14415 0.990686
434100000 7120.35 715.507 14420.8 0.990796
434200000 7120.38 707.237 14439.4 0.991477
434300000 7120.35 711.823 14429.1 0.990796
434400000 7120.36 713.037 14426.3 0.990857
434500000 7120.34 714.563 14422.9 0.990586
434600000 7120.37 714.817 14422.4 0.990944
434700000 7120.36 737.598 14371 0.989992
434800000 7120.37 712.885 14426.7 0.990591
434900000 7120.37 713.217 14426 0.990903
435000000 7120.35 715.003 14421.9 0.990457
435100000 7120.37 715.537 14420.7 0.990705
435200000 7120.35 714.233 14423.6 0.991114
435300000 7120.36 706.457 14441.2 0.991064
435400000 7120.32 722.235 14405.5 0.990348
435500000 7120.38 703.326 14448.3 0.991363
435600000 7120.33 712.787 14426.8 0.991064
435700000 7120.35 726.915 14395.1 0.990295
435800000 7120.35 720.35 14409.9 0.99055
435900000 7120.36 721.981 14406.2 0.990646
436000000 7120.36 708.585 14436.4 0.990975
436100000 7120.38 725.53 14398.3 0.990514
436200000 7120.36 726.768 14395.4 0.990434
436300000 7120.35 708.952 14435.5 0.990903
436400000 7120.36 717.7 14415.8 0.991372
436500000 7120.35 700.69 14454.1 0.991521
436600000 7120.35 706.512 14441 0.991016
436700000 7120.34 726.3 14396.4 0.990345
436800000 7120.35 702.402 14450.2 0.991301
436900000 7120.34 706.301 14441.5 0.990948
437000000 7120.36 752.114 14338.3 0.989367
437100000 7120.35 710.651 14431.7 0.990809
437200000 7120.34 722.892 14404.1 0.990549
437300000 7120.37 696.894 14462.7 0.991567
437400000 7120.37 714.102 14424 0.99104
437500000 7120.36 733.375 14380.5 0.989806
437600000 7120.37 708.028 14437.6 0.991397
437700000 7120.33 723.954 14401.7 0.990241
437800000 7120.34 703.488 14447.8 0.991208
437900000 7120.34 715.888 14419.9 0.990858
438000000 7120.34 729.461 14389.3 0.990161
438100000 7120.33 729.618 14388.9 0.989727
438200000 7120.35 713.49 14425.3 0.990687
438300000 7120.35 701.507 14452.3 0.991307
438400000 7120.35 718.459 14414.1 0.990727
438500000 7120.36 713.705 14424.8 0.990895
438600000 7120.37 711.835 14429.1 0.99087
438700000 7120.35 713.474 14425.3 0.991012
438800000 7120.35 699.647 14456.5 0.99147
438900000 7120.33 715.29 14421.2 0.990884
439000000 7120.34 708.278 14437 0.991213
439100000 7120.34 718.304 14414.4 0.990809
439200000 7120.37 700.662 14454.2 0.991611
439300000 7120.33 712.303 14427.9 0.991002
439400000 7120.35 715.031 14421.8 0.990761
439500000 7120.35 721.171 14408 0.990622
439600000 7120.38 716.919 14417.7 0.990749
439700000 7120.36 729.942 14388.3 0.989888
439800000 7120.34 704.545 14445.4 0.991301
439900000 7120.38 722.513 14405 0.990762
440000000 7120.34 718.542 14413.9 0.990816
440100000 7120.34 713.172 14426 0.991141
440200000 7120.34 717.641 14415.9 0.99047
440300000 7120.35 703.884 14446.9 0.991532
440400000 7120.37 721.235 14407.9 0.990655
440500000 7120.34 727.291 14394.2 0.990389
440600000 7120.32 710.633 14431.7 0.9911
440700000 7120.32 726.099 14396.8 0.990263
440800000 7120.35 728.64 14391.2 0.990211
440900000 7120.35 717.641 14416 0.990763
441000000 7120.34 736.57 14373.3 0.989722
441100000 7120.36 706.516 14441 0.99119
441200000 7120.33 715.615 14420.5 0.990952
441300000 7120.34 729.718 14388.7 0.990257
441400000 7120.34 708.092 14437.4 0.991138
441500000 7120.36 708.611 14436.3 0.990898
441600000 7120.33 714.398 14423.2 0.990913
441700000 7120.36 705.897 14442.4 0.991063
441800000 7120.37 712.679 14427.2 0.991149
441900000 7120.34 710.881 14431.1 0.990732
442000000 7120.36 718.632 14413.7 0.990549
442100000 7120.37 719.73 14411.3 0.990774
442200000 7120.34 697.892 14460.4 0.991388
442300000 7120.35 708.317 14437 0.991167
442400000 7120.37 712.141 14428.4 0.991005
442500000 7120.36 728.516 14391.5 0.990164
442600000 7120.34 725.53 14398.2 0.990091
442700000 7120.36 722.417 14405.2 0.990352
442800000 7120.34 715.786 14420.1 0.990496
442900000 7120.34 701.834 14451.5 0.991401
443000000 7120.36 712.034 14428.6 0.990948
443100000 7120.38 706.962 14440.1 0.991426
443200000 7120.34 725.847 14397.4 0.990468
443300000 7120.33 705.458 14443.3 0.991217
443400000 7120.35 726.03 14397.1 0.990458
443500000 7120.36 731.699 14384.3 0.990208
443600000 7120.4 722.294 14405.6 0.99063
443700000 7120.32 709.524 14434.2 0.990975
443800000 7120.39 719.803 14411.2 0.990698
443900000 7120.34 728.005 14392.6 0.990684
444000000 7120.37 723.884 14401.9 0.990072
444100000 7120.38 713.126 14426.2 0.990978
444200000 7120.32 711.405 14429.9 0.990891
444300000 7120.34 705.734 14442.7 0.991318
444400000 7120.37 708.26 14437.1 0.991107
444500000 7120.36 719.646 14411.4 0.990773
444600000 7120.37 720.695 14409.1 0.990368
444700000 7120.38 715.796 14420.2 0.990991
444800000 7120.33 706.351 14441.3 0.991054
444900000 7120.37 721.491 14407.3 0.990369
445000000 7120.37 710.699 14431.6 0.991123
445100000 7120.36 705.269 14443.8 0.991267
445200000 7120.34 706.612 14440.8 0.991225
445300000 7120.38 715.271 14421.3 0.990746
445400000 7120.38 709.874 14433.5 0.990975
445500000 7120.34 716.331 14418.9 0.99074
445600000 7120.36 722.483 14405.1 0.990644
445700000 7120.37 713 14426.4 0.991261
445800000 7120.35 717.43 14416.4 0.990627
445900000 7120.35 730.269 14387.5 0.990282
446000000 7120.34 722.535 14404.9 0.990578
446100000 7120.32 706.092 14441.9 0.991044
446200000 7120.32 729.97 14388.1 0.990098
446300000 7120.36 712.07 14428.5 0.991246
446400000 7120.36 721.958 14406.3 0.990683
446500000 7120.35 718.743 14413.5 0.990528
446600000 7120.36 728.555 14391.4 0.989914
446700000 7120.39 718.877 14413.3 0.990795
446800000 7120.37 728.441 14391.7 0.990338
446900000 7120.36 715.044 14421.8 0.990576
447000000 7120.34 724.878 14399.6 0.990332
447100000 7120.35 705.026 14444.4 0.991256
447200000 7120.36 710.413 14432.2 0.990798
447300000 7120.35 703.512 14447.8 0.991343
447400000 7120.36 713.245 14425.9 0.990991
447500000 7120.35 712.801 14426.8 0.990718
447600000 7120.36 706.279 14441.5 0.991305
447700000 7120.37 715.799 14420.1 0.990838
447800000 7120.39 717.859 14415.5 0.991081
447900000 7120.35 730.429 14387.1 0.990227
448000000 7120.35 733.054 14381.2 0.990101
448100000 7120.36 718.573 14413.9 0.99065
448200000 7120.35 694.874 14467.2 0.99161
448300000 7120.37 715.322 14421.2 0.990637
448400000 7120.36 715.982 14419.7 0.99073
448500000 7120.33 735.587 14375.5 0.989787
448600000 7120.37 716.975 14417.5 0.99087
448700000 7120.34 711.463 14429.8 0.990942
448800000 7120.35 724.391 14400.8 0.990337
448900000 7120.33 724.785 14399.8 0.990316
449000000 7120.36 722.324 14405.4 0.990499
449100000 7120.33 696.66 14463.1 0.991582
449200000 7120.34 722.922 14404 0.990846
449300000 7120.36 717.906 14415.4 0.990734
449400000 7120.36 722.118 14405.9 0.99074
449500000 7120.37 700.002 14455.7 0.991289
449600000 7120.35 714.008 14424.1 0.990688
449700000 7120.34 699.907 14455.9 0.991463
449800000 7120.36 716.64 14418.2 0.990762
449900000 7120.37 715.903 14419.9 0.990711
450000000 7120.35 714.752 14422.4 0.990707
450100000 7120.36 717.739 14415.8 0.990446
450200000 7120.35 705.592 14443.1 0.99118
450300000 7120.37 715.927 14419.8 0.990852
450400000 7120.39 692.743 14472.1 0.991878
450500000 7120.36 705.357 14443.6 0.991221
450600000 7120.38 726.532 14396 0.990418
450700000 7120.34 709.512 14434.2 0.990973
450800000 7120.36 711.429 14430 0.991015
450900000 7120.34 702.395 14450.3 0.991233
451000000 7120.36 709.971 14433.2 0.991017
451100000 7120.36 730.188 14387.7 0.989824
451200000 7120.37 711.018 14430.9 0.990837
451300000 7120.37 720.406 14409.8 0.990633
451400000 7120.38 716.482 14418.6 0.991027
451500000 7120.36 711.644 14429.5 0.990669
451600000 7120.37 721.426 14407.5 0.990615
451700000 7120.38 718.976 14413 0.990725
451800000 7120.36 708.786 14435.9 0.991113
451900000 7120.39 719.956 14410.8 0.990571
452000000 7120.35 704.858 14444.7 0.991222
452100000 7120.37 705.381 14443.6 0.991155
452200000 7120.35 707.626 14438.5 0.991035
452300000 7120.36 730.029 14388.1 0.990394
452400000 7120.38 710.544 14432 0.990895
452500000 7120.34 714.596 14422.8 0.99103
452600000 7120.35 717.825 14415.5 0.990922
452700000 7120.35 715.029 14421.8 0.99079
452800000 7120.37 711.55 14429.7 0.990935
452900000 7120.35 708.152 14437.3 0.991137
453000000 7120.35 709.676 14433.9 0.991161
453100000 7120.36 709.388 14434.5 0.991146
453200000 7120.34 713.393 14425.5 0.990876
453300000 7120.37 712.003 14428.7 0.990695
453400000 7120.36 722.214 14405.7 0.990676
453500000 7120.37 702.871 14449.2 0.991245
453600000 7120.37 712.606 14427.3 0.99112
453700000 7120.35 719.882 14410.9 0.990851
453800000 7120.34 746.938 14350 0.989248
453900000 7120.34 731.117 14385.6 0.989908
454000000 7120.34 707.672 14438.4 0.99103
454100000 7120.36 701.452 14452.4 0.991294
454200000 7120.35 709.011 14435.4 0.991121
454300000 7120.35 725.472 14398.3 0.990455
454400000 7120.37 697.743 14460.8 0.991424
454500000 7120.33 709.625 14434 0.991127
454600000 7120.37 702.501 14450.1 0.991395
454700000 7120.35 696.9 14462.6 0.99151
454800000 7120.34 733.389 14380.5 0.989798
454900000 7120.34 717.072 14417.2 0.990604
455000000 7120.34 718.635 14413.7 0.990414
455100000 7120.34 719.828 14411 0.990724
455200000 7120.33 703.169 14448.5 0.991558
455300000 7120.36 710.735 14431.5 0.991172
455400000 7120.35 727.718 14393.3 0.990258
455500000 7120.35 713.539 14425.2 0.990841
455600000 7120.36 714.742 14422.5 0.990851
455700000 7120.37 709.285 14434.8 0.991233
455800000 7120.36 709.131 14435.1 0.99106
455900000 7120.34 725.215 14398.9 0.990585
456000000 7120.39 713.5 14425.4 0.990626
456100000 7120.37 717.968 14415.3 0.990667
456200000 7120.35 701.995 14451.2 0.991397
456300000 7120.38 709.933 14433.4 0.991127
456400000 7120.34 719.236 14412.3 0.990987
456500000 7120.37 725.212 14399 0.990346
456600000 7120.34 714.379 14423.3 0.990828
456700000 7120.36 728.155 14392.3 0.990315
456800000 7120.36 729.272 14389.8 0.990431
456900000 7120.38 712.465 14427.7 0.990746
457000000 7120.35 708.968 14435.5 0.990936
457100000 7120.36 712.482 14427.6 0.990947
457200000 7120.35 710.119 14432.9 0.99096
457300000 7120.32 707.621 14438.4 0.991083
457400000 7120.34 713.803 14424.6 0.990706
457500000 7120.33 722.458 14405.1 0.990458
457600000 7120.36 719.632 14411.5 0.990661
457700000 7120.35 715.491 14420.8 0.990867
457800000 7120.36 705.416 14443.5 0.991205
457900000 7120.35 709.995 14433.2 0.990827
458000000 7120.35 737.446 14371.3 0.989813
458100000 7120.4 718.723 14413.6 0.990617
458200000 7120.34 726.383 14396.2 0.990499
458300000 7120.35 716.434 14418.7 0.990679
458400000 7120.36 725.24 14398.9 0.990381
458500000 7120.32 733.15 14381 0.990145
458600000 7120.35 722.927 14404 0.990283
458700000 7120.34 728.948 14390.5 0.989888
458800000 7120.38 728.104 14392.5 0.990034
458900000 7120.34 708.208 14437.2 0.991021
459000000 7120.36 716.082 14419.5 0.991061
459100000 7120.35 720.281 14410 0.990562
459200000 7120.33 730.47 14387 0.990229
459300000 7120.35 717.654 14415.9 0.990401
459400000 7120.35 717.665 14415.9 0.99069
459500000 7120.36 718.232 14414.6 0.990881
459600000 7120.36 709.335 14434.7 0.991145
459700000 7120.33 715.173 14421.5 0.990888
459800000 7120.36 702.195 14450.7 0.991307
459900000 7120.35 732.007 14383.6 0.990524
460000000 7120.34 713.045 14426.3 0.990683
460100000 7120.33 720.851 14408.7 0.990647
460200000 7120.36 710.151 14432.8 0.99105
460300000 7120.36 715.855 14420 0.990916
460400000 7120.37 719.27 14412.3 0.990374
460500000 7120.37 724.889 14399.7 0.990267
460600000 7120.35 721.597 14407 0.990754
460700000 7120.38 716.362 14418.9 0.99095
460800000 7120.35 721.777 14406.6 0.990702
460900000 7120.39 718.269 14414.6 0.991113
461000000 7120.35 717.644 14415.9 0.990707
461100000 7120.35 730.584 14386.8 0.990217
461200000 7120.37 707.059 14439.8 0.991261
461300000 7120.35 726.814 14395.3 0.990415
461400000 7120.34 717.409 14416.5 0.990707
461500000 7120.37 736.217 14374.2 0.989885
461600000 7120.36 720.661 14409.2 0.990741
461700000 7120.35 711.334 14430.1 0.991257
461800000 7120.35 712.747 14427 0.991162
461900000 7120.36 730.433 14387.2 0.990215
462000000 7120.37 729.853 14388.5 0.990025
462100000 7120.35 695.664 14465.4 0.991406
462200000 7120.36 732.588 14382.3 0.989979
462300000 7120.37 701.77 14451.7 0.991209
462400000 7120.34 726.754 14395.4 0.990239
462500000 7120.34 704.868 14444.7 0.991229
462600000 7120.38 718.907 14413.2 0.990397
462700000 7120.36 739.858 14366 0.989576
462800000 7120.38 715.603 14420.6 0.990801
462900000 7120.35 704.174 14446.3 0.991199
463000000 7120.34 726.918 14395 0.990248
463100000 7120.37 712.371 14427.9 0.990984
463200000 7120.33 712.577 14427.3 0.99089
463300000 7120.33 713.397 14425.5 0.990723
463400000 7120.38 717.106 14417.2 0.990701
463500000 7120.35 726.976 14394.9 0.990026
463600000 7120.36 714.046 14424.1 0.990676
463700000 7120.36 725.939 14397.3 0.990316
463800000 7120.35 728.243 14392.1 0.99032
463900000 7120.35 721.887 14406.4 0.990794
464000000 7120.37 712.549 14427.5 0.990885
464100000 7120.32 719.544 14411.6 0.990591
464200000 7120.35 709.431 14434.4 0.990986
464300000 7120.33 704.306 14445.9 0.991221
464400000 7120.38 730.598 14386.8 0.990115
464500000 7120.35 732.044 14383.5 0.990145
464600000 7120.36 723.1 14403.7 0.990681
464700000 7120.34 698.188 14459.7 0.991601
464800000 7120.36 713.989 14424.2 0.990878
464900000 7120.33 710.434 14432.1 0.991123
465000000 7120.37 725.347 14398.7 0.990439
465100000 7120.37 736.887 14372.7 0.98995
465200000 7120.35 721.87 14406.4 0.990376
465300000 7120.34 718.222 14414.6 0.990732
465400000 7120.35 712.299 14428 0.990922
465500000 7120.37 728.521 14391.5 0.990231
465600000 7120.34 718.221 14414.6 0.990865
465700000 7120.38 703.083 14448.8 0.991693
465800000 7120.36 727.525 14393.7 0.990084
465900000 7120.32 717.152 14417 0.990921
466000000 7120.33 724.877 14399.6 0.99036
466100000 7120.35 711.4 14430 0.990968
466200000 7120.33 722.626 14404.7 0.990378
466300000 7120.35 727.453 14393.9 0.989965
466400000 7120.36 703.918 14446.9 0.991384
466500000 7120.35 733.111 14381.1 0.989884
466600000 7120.32 733.182 14380.9 0.990052
466700000 7120.38 715.104 14421.7 0.991082
466800000 7120.35 713.301 14425.7 0.990641
466900000 7120.38 724.05 14401.6 0.990355
467000000 7120.35 717.064 14417.2 0.99087
467100000 7120.35 704.447 14445.7 0.991142
467200000 7120.34 714.049 14424 0.990738
467300000 7120.35 705.32 14443.7 0.991308
467400000 7120.33 725.814 14397.5 0.990462
467500000 7120.36 724.371 14400.8 0.990645
467600000 7120.36 734.925 14377.1 0.989868
467700000 7120.33 709.249 14434.8 0.991014
467800000 7120.35 698.873 14458.2 0.99143
467900000 7120.35 715.999 14419.6 0.990942
468000000 7120.35 720.839 14408.8 0.990316
468100000 7120.34 711.595 14429.5 0.991048
468200000 7120.36 718.333 14414.4 0.990711
468300000 7120.36 696.901 14462.7 0.991516
468400000 7120.36 702.893 14449.2 0.991301
468500000 7120.34 726.897 14395.1 0.990205
468600000 7120.34 709.39 14434.5 0.991134
468700000 7120.38 711.906 14428.9 0.991095
468800000 7120.36 717.066 14417.3 0.990791
468900000 7120.36 727.034 14394.8 0.990479
469000000 7120.36 731.993 14383.7 0.990202
469100000 7120.34 713.882 14424.4 0.990794
469200000 7120.34 720.045 14410.5 0.990597
469300000 7120.36 713.82 14424.6 0.990618
469400000 7120.36 706.043 14442.1 0.991424
469500000 7120.35 719.398 14412 0.99073
469600000 7120.36 726.62 14395.8 0.990458
469700000 7120.36 709.591 14434.1 0.990959
469800000 7120.36 715.001 14421.9 0.990547
469900000 7120.34 724.536 14400.4 0.990356
470000000 7120.37 727.114 14394.7 0.9905
470100000 7120.35 707.389 14439 0.991201
470200000 7120.34 725.623 14397.9 0.990228
470300000 7120.33 727.437 14393.8 0.990138
470400000 7120.36 710.013 14433.2 0.99084
470500000 7120.36 729.851 14388.5 0.990114
470600000 7120.35 731.924 14383.8 0.990272
470700000 7120.4 718.464 14414.2 0.990609
470800000 7120.32 723.314 14403.1 0.990429
470900000 7120.37 720.231 14410.2 0.990667
471000000 7120.37 723.126 14403.6 0.99034
471100000 7120.35 718.537 14413.9 0.990946
471200000 7120.36 712.899 14426.6 0.990804
471300000 7120.33 709.357 14434.6 0.991013
471400000 7120.35 712.952 14426.5 0.990966
471500000 7120.36 719.788 14411.1 0.990412
471600000 7120.35 710.063 14433 0.99124
471700000 7120.33 724.737 14399.9 0.990321
471800000 7120.36 714.529 14423 0.990836
471900000 7120.34 711.884 14428.9 0.991116
472000000 7120.37 704.971 14444.5 0.991172
472100000 7120.35 715.276 14421.3 0.990691
472200000 7120.34 702.45 14450.1 0.991327
472300000 7120.35 714.539 14422.9 0.990964
472400000 7120.34 708.288 14437 0.991373
472500000 7120.36 722.785 14404.4 0.990616
472600000 7120.35 704.481 14445.6 0.991327
472700000 7120.36 721.39 14407.5 0.990918
472800000 7120.35 715.73 14420.3 0.991008
472900000 7120.37 722.584 14404.9 0.990407
473000000 7120.36 713.005 14426.4 0.990788
473100000 7120.37 725.48 14398.3 0.990438
473200000 7120.34 717.304 14416.7 0.990857
473300000 7120.37 718.914 14413.1 0.990486
473400000 7120.37 718.064 14415 0.991444
473500000 7120.36 698.634 14458.8 0.99149
473600000 7120.33 696.833 14462.8 0.991475
473700000 7120.35 725.442 14398.4 0.990262
473800000 7120.37 700.6 14454.4 0.991335
473900000 7120.35 710.126 14432.9 0.991125
474000000 7120.36 712.796 14426.9 0.991081
474100000 7120.35 711.479 14429.8 0.990869
474200000 7120.37 705.918 14442.4 0.991493
474300000 7120.38 727.156 14394.6 0.990426
474400000 7120.33 729.26 14389.8 0.989845
474500000 7120.36 702.622 14449.8 0.991222
474600000 7120.35 715.501 14420.8 0.990879
474700000 7120.36 707.244 14439.4 0.991194
474800000 7120.37 717.175 14417 0.990749
474900000 7120.34 712.704 14427 0.990817
475000000 7120.36 708.091 14437.5 0.991103
475100000 7120.39 726.72 14395.6 0.990781
475200000 7120.34 720.902 14408.6 0.990793
475300000 7120.35 713.167 14426 0.991072
475400000 7120.37 701.842 14451.6 0.991473
475500000 7120.36 713.424 14425.5 0.990882
475600000 7120.34 710.084 14432.9 0.990772
475700000 7120.33 715.742 14420.2 0.990677
475800000 7120.35 715.914 14419.8 0.990956
475900000 7120.34 720.201 14410.2 0.990443
476000000 7120.37 716.388 14418.8 0.990709
476100000 7120.37 712.074 14428.5 0.990948
476200000 7120.36 735.837 14375 0.990032
476300000 7120.35 719.43 14411.9 0.990687
476400000 7120.36 711.272 14430.3 0.991233
476500000 7120.37 732.634 14382.2 0.990083
476600000 7120.37 721.548 14407.2 0.990637
476700000 7120.36 705.815 14442.6 0.99108
476800000 7120.37 720.157 14410.3 0.990533
476900000 7120.37 714.395 14423.3 0.9909
477000000 7120.34 714.06 14424 0.990829
477100000 7120.34 715.502 14420.7 0.99074
477200000 7120.35 714.374 14423.3 0.990812
477300000 7120.36 714.684 14422.6 0.990895
477400000 7120.37 706.669 14440.7 0.991195
477500000 7120.37 704.252 14446.1 0.991395
477600000 7120.34 714.114 14423.9 0.990766
477700000 7120.36 714.9 14422.1 0.990953
477800000 7120.34 725.353 14398.6 0.990573
477900000 7120.36 732.138 14383.3 0.990453
478000000 7120.35 730.043 14388 0.990692
478100000 7120.36 707.171 14439.5 0.991285
478200000 7120.35 708.459 14436.6 0.991242
478300000 7120.36 724.547 14400.4 0.990389
478400000 7120.35 719.396 14412 0.990867
478500000 7120.32 728.568 14391.3 0.990105
478600000 7120.35 717.75 14415.7 0.990722
478700000 7120.33 712.897 14426.6 0.990936
478800000 7120.35 706.815 14440.3 0.991468
478900000 7120.37 705.266 14443.9 0.991238
479000000 7120.36 716.289 14419 0.991022
479100000 7120.34 728.183 14392.2 0.990124
479200000 7120.35 723.954 14401.7 0.990445
479300000 7120.35 709.889 14433.4 0.990988
479400000 7120.36 715.423 14421 0.99059
479500000 7120.35 720.363 14409.8 0.990357
479600000 7120.33 720.936 14408.5 0.990617
479700000 7120.33 723.074 14403.7 0.990306
479800000 7120.34 724.001 14401.6 0.990367
479900000 7120.32 719.966 14410.6 0.990431
480000000 7120.35 714.707 14422.6 0.991001
480100000 7120.35 731.084 14385.7 0.989981
480200000 7120.35 712.171 14428.3 0.990992
480300000 7120.37 729.706 14388.8 0.990076
480400000 7120.34 732.249 14383 0.99009
480500000 7120.36 735.34 14376.1 0.989487
480600000 7120.37 717.255 14416.9 0.990756
480700000 7120.39 714.424 14423.3 0.990643
480800000 7120.34 704.576 14445.3 0.991189
480900000 7120.35 708.804 14435.8 0.991312
481000000 7120.37 718.54 14414 0.990677
481100000 7120.36 725.181 14399 0.990469
481200000 7120.33 725.453 14398.3 0.990212
481300000 7120.36 714.241 14423.6 0.990864
481400000 7120.34 714.666 14422.6 0.990822
481500000 7120.32 715.378 14421 0.990806
481600000 7120.35 724.894 14399.6 0.990631
481700000 7120.33 730.827 14386.2 0.990056
481800000 7120.34 727.762 14393.1 0.990499
481900000 7120.37 712.03 14428.6 0.990745
482000000 7120.32 718.377 14414.2 0.991052
482100000 7120.33 727.296 14394.2 0.990534
482200000 7120.35 715.775 14420.1 0.990636
482300000 7120.35 724.125 14401.3 0.99046
482400000 7120.35 708.377 14436.8 0.991029
482500000 7120.38 720.085 14410.5 0.990708
482600000 7120.33 720.474 14409.5 0.990293
482700000 7120.33 720.992 14408.4 0.990509
482800000 7120.35 718.706 14413.5 0.99051
482900000 7120.33 717.143 14417 0.990445
483000000 7120.37 710.142 14432.9 0.991086
483100000 7120.34 711.868 14428.9 0.990845
483200000 7120.36 719.273 14412.3 0.990626
483300000 7120.34 712.065 14428.5 0.990859
483400000 7120.36 718.714 14413.6 0.99044
483500000 7120.37 731.146 14385.6 0.990363
483600000 7120.35 702.527 14450 0.991321
483700000 7120.35 708.615 14436.3 0.991104
483800000 7120.32 730.656 14386.6 0.99033
483900000 7120.38 727.094 14394.7 0.989935
484000000 7120.34 721.991 14406.1 0.992325
484100000 7120.33 724.597 14400.2 0.990866
484200000 7120.37 711.346 14430.2 0.991068
484300000 7120.38 721.136 14408.1 0.990727
484400000 7120.36 727.01 14394.9 0.990455
484500000 7120.32 724.15 14401.2 0.990637
484600000 7120.35 717.619 14416 0.990594
484700000 7120.37 720.738 14409 0.990675
484800000 7120.38 716.925 14417.6 0.990693
484900000 7120.36 714.512 14423 0.990773
485000000 7120.33 720.644 14409.2 0.990562
485100000 7120.36 706.201 14441.7 0.991238
485200000 7120.36 720.778 14408.9 0.990817
485300000 7120.33 714.845 14422.2 0.991116
485400000 7120.37 717.353 14416.6 0.990898
485500000 7120.37 723.971 14401.7 0.990248
485600000 7120.37 706.031 14442.1 0.99099
485700000 7120.35 712.586 14427.3 0.990715
485800000 7120.35 728.456 14391.6 0.990167
485900000 7120.33 706.134 14441.8 0.991005
486000000 7120.33 729.129 14390 0.990412
486100000 7120.32 719.513 14411.7 0.990556
486200000 7120.33 718.788 14413.3 0.990574
486300000 7120.35 724.579 14400.3 0.990318
486400000 7120.36 720.655 14409.2 0.990912
486500000 7120.36 717.073 14417.3 0.990978
486600000 7120.37 716.833 14417.8 0.99058
486700000 7120.35 720.55 14409.4 0.990476
486800000 7120.34 718.466 14414.1 0.991021
486900000 7120.36 697.1 14462.2 0.991491
487000000 7120.33 737.974 14370.1 0.989605
487100000 7120.36 705.178 14444 0.991195
487200000 7120.37 717.016 14417.4 0.991003
487300000 7120.36 713.036 14426.3 0.99082
487400000 7120.36 721.46 14407.4 0.990457
487500000 7120.36 715.181 14421.5 0.990944
487600000 7120.4 715.165 14421.6 0.990852
487700000 7120.35 711.647 14429.4 0.991181
487800000 7120.39 700.59 14454.4 0.991281
487900000 7120.35 726.413 14396.2 0.990518
488000000 7120.37 713.429 14425.5 0.990604
488100000 7120.36 708.792 14435.9 0.99103
488200000 7120.36 724.356 14400.9 0.990432
488300000 7120.34 724.504 14400.5 0.990405
488400000 7120.33 703.977 14446.7 0.991128
488500000 7120.35 714.862 14422.2 0.991058
488600000 7120.33 719.583 14411.5 0.990654
488700000 7120.36 715.999 14419.7 0.990769
488800000 7120.36 728.076 14392.5 0.990155
488900000 7120.35 718.909 14413.1 0.99059
489000000 7120.36 715.72 14420.3 0.990699
489100000 7120.36 723.474 14402.8 0.990408
489200000 7120.36 727.665 14393.4 0.990368
489300000 7120.37 713.826 14424.6 0.990787
489400000 7120.35 706.243 14441.6 0.991322
489500000 7120.33 715.368 14421 0.990772
489600000 7120.34 712.841 14426.7 0.990701
489700000 7120.34 717.14 14417.1 0.990812
489800000 7120.35 717.326 14416.7 0.99078
489900000 7120.37 723.204 14403.5 0.990827
490000000 7120.37 727.964 14392.8 0.990198
490100000 7120.37 715.244 14421.4 0.990854
490200000 7120.36 715.37 14421.1 0.990852
490300000 7120.37 718.134 14414.9 0.990711
490400000 7120.34 726.032 14397 0.990102
490500000 7120.35 720.132 14410.3 0.990735
490600000 7120.35 749.027 14345.3 0.989381
490700000 7120.34 718.34 14414.4 0.990882
490800000 7120.36 731.912 14383.8 0.989929
490900000 7120.35 718.366 14414.3 0.990574
491000000 7120.36 740.815 14363.8 0.989895
491100000 7120.34 706.991 14439.9 0.991122
491200000 7120.34 710.63 14431.7 0.991101
491300000 7120.36 724.471 14400.6 0.990576
491400000 7120.35 736.107 14374.4 0.989957
491500000 7120.36 728.358 14391.8 0.9904
491600000 7120.36 700.936 14453.6 0.99143
491700000 7120.37 713.564 14425.2 0.990918
491800000 7120.38 723.755 14402.2 0.99074
491900000 7120.35 739.733 14366.2 0.989728
492000000 7120.35 723.736 14402.2 0.990642
492100000 7120.33 707.997 14437.6 0.991247
492200000 7120.35 714.615 14422.8 0.991175
492300000 7120.34 721.465 14407.3 0.990639
492400000 7120.34 712.899 14426.6 0.990785
492500000 7120.35 708.907 14435.6 0.991043
492600000 7120.35 718.456 14414.1 0.990559
492700000 7120.35 705.049 14444.3 0.990967
492800000 7120.33 725.9 14397.3 0.990471
492900000 7120.34 731.634 14384.4 0.990221
493000000 7120.36 741.032 14363.3 0.989727
493100000 7120.39 715.534 14420.8 0.991276
493200000 7120.34 720.256 14410 0.990589
493300000 7120.36 719.77 14411.2 0.990791
493400000 7120.34 716.667 14418.1 0.990748
493500000 7120.36 724.564 14400.4 0.99037
493600000 7120.36 729.29 14389.7 0.990441
493700000 7120.34 719.892 14410.9 0.990455
493800000 7120.33 722.018 14406.1 0.990375
493900000 7120.37 713.885 14424.5 0.99088
494000000 7120.38 710.332 14432.5 0.991176
494100000 7120.34 724.384 14400.7 0.99061
494200000 7120.39 729.514 14389.3 0.99043
494300000 7120.37 710.125 14432.9 0.990975
494400000 7120.36 704.054 14446.6 0.991521
494500000 7120.37 723.655 14402.4 0.990438
494600000 7120.33 717.61 14416 0.990588
494700000 7120.38 699.662 14456.5 0.991485
494800000 7120.35 712.187 14428.2 0.990702
494900000 7120.35 707.419 14439 0.991212
495000000 7120.36 724.767 14399.9 0.990237
495100000 7120.36 694.473 14468.1 0.991799
495200000 7120.35 715.585 14420.6 0.990932
495300000 7120.35 715.556 14420.7 0.99092
495400000 7120.37 715.768 14420.2 0.991065
495500000 7120.37 724.193 14401.2 0.990265
495600000 7120.36 711.996 14428.7 0.990942
495700000 7120.37 739.177 14367.5 0.989705
495800000 7120.37 717.355 14416.6 0.990747
495900000 7120.31 731.085 14385.6 0.989864
496000000 7120.35 693.054 14471.3 0.99153
496100000 7120.37 713.564 14425.2 0.990724
496200000 7120.36 698.68 14458.7 0.991596
496300000 7120.33 722.775 14404.3 0.990257
496400000 7120.35 722.074 14406 0.990716
496500000 7120.34 716.416 14418.7 0.990763
496600000 7120.34 711.413 14429.9 0.991152
496700000 7120.36 713.827 14424.6 0.99099
496800000 7120.37 713.541 14425.2 0.990597
496900000 7120.36 715.219 14421.4 0.990758
497000000 7120.36 716.482 14418.6 0.990822
497100000 7120.38 740.194 14365.2 0.989984
497200000 7120.37 723.37 14403.1 0.990738
497300000 7120.34 710.709 14431.5 0.991055
497400000 7120.35 708.07 14437.5 0.991261
497500000 7120.36 712.304 14428 0.990841
497600000 7120.34 715.201 14421.4 0.990688
497700000 7120.36 711.479 14429.8 0.991018
497800000 7120.36 716.799 14417.9 0.990456
497900000 7120.36 727.168 14394.5 0.990507
498000000 7120.35 712.439 14427.6 0.990702
498100000 7120.36 724.648 14400.2 0.99043
498200000 7120.33 720.077 14410.4 0.990464
498300000 7120.35 725.132 14399.1 0.990399
498400000 7120.36 716.747 14418 0.990551
498500000 7120.36 713.099 14426.2 0.990773
498600000 7120.35 712.575 14427.4 0.990596
498700000 7120.36 704.18 14446.3 0.991368
498800000 7120.35 709.844 14433.5 0.991095
498900000 7120.31 716.337 14418.8 0.990858
499000000 7120.34 709.975 14433.2 0.990758
499100000 7120.34 707.595 14438.5 0.991023
499200000 7120.36 709.953 14433.3 0.991176
499300000 7120.36 713.494 14425.3 0.9907
499400000 7120.35 719.492 14411.8 0.990482
499500000 7120.36 707.124 14439.6 0.991124
499600000 7120.33 708.449 14436.6 0.991034
499700000 7120.36 711.069 14430.8 0.991025
499800000 7120.36 719.592 14411.6 0.990816
499900000 7120.33 713.492 14425.2 0.991056
500000000 7120.38 713.495 14425.3 0.990916
500100000 7120.32 736.084 14374.4 0.989691
500200000 7120.36 719.418 14412 0.990776
500300000 7120.35 715.623 14420.5 0.990854
500400000 7120.36 741.873 14361.4 0.989597
500500000 7120.38 723.201 14403.5 0.990601
500600000 7120.35 725.147 14399 0.990257
500700000 7120.38 719.628 14411.5 0.990606
500800000 7120.36 721.149 14408.1 0.990461
500900000 7120.35 723.659 14402.4 0.990508
501000000 7120.35 710.735 14431.5 0.991011
501100000 7120.35 721.276 14407.8 0.990518
501200000 7120.33 725.924 14397.3 0.990332
501300000 7120.34 719.862 14410.9 0.990697
501400000 7120.35 712.129 14428.4 0.991072
501500000 7120.33 718.063 14415 0.990422
501600000 7120.37 727.612 14393.5 0.990391
501700000 7120.35 715.004 14421.9 0.990861
501800000 7120.36 724.238 14401.1 0.990431
501900000 7120.36 715.968 14419.7 0.990946
502000000 7120.34 721.058 14408.2 0.990696
502100000 7120.34 718.187 14414.7 0.990887
502200000 7120.35 705.489 14443.3 0.99125
502300000 7120.39 723.084 14403.8 0.990559
502400000 7120.33 726.331 14396.3 0.990235
502500000 7120.36 716.735 14418 0.990743
502600000 7120.36 728.78 14390.9 0.99008
502700000 7120.36 722.561 14404.9 0.990266
502800000 7120.35 720.867 14408.7 0.990597
502900000 7120.36 710.621 14431.8 0.991196
503000000 7120.32 715.632 14420.4 0.990799
503100000 7120.35 698.107 14459.9 0.991411
503200000 7120.36 724.49 14400.6 0.990506
503300000 7120.35 707.654 14438.4 0.99112
503400000 7120.37 721.002 14408.4 0.990527
503500000 7120.35 703.715 14447.3 0.991214
503600000 7120.34 715.42 14420.9 0.990747
503700000 7120.34 719.106 14412.6 0.990855
503800000 7120.39 717.722 14415.8 0.990938
503900000 7120.36 722.147 14405.8 0.990545
504000000 7120.36 719.906 14410.9 0.990399
504100000 7120.36 711.129 14430.6 0.990819
504200000 7120.34 712.687 14427.1 0.991293
504300000 7120.33 731.685 14384.3 0.990427
504400000 7120.34 709.109 14435.1 0.990946
504500000 7120.36 698.24 14459.7 0.991604
504600000 7120.35 721.147 14408.1 0.990483
504700000 7120.32 722.02 14406 0.990466
504800000 7120.33 719.552 14411.6 0.990677
504900000 7120.34 715.637 14420.4 0.990641
505000000 7120.36 730.463 14387.1 0.990194
505100000 7120.39 721.313 14407.8 0.990264
505200000 7120.36 711.113 14430.7 0.991079
505300000 7120.33 710.62 14431.7 0.991035
505400000 7120.36 714.317 14423.4 0.9908
505500000 7120.35 718.578 14413.8 0.990698
505600000 7120.35 706.857 14440.2 0.991283
505700000 7120.37 712.236 14428.2 0.990893
505800000 7120.36 724.702 14400.1 0.990404
505900000 7120.36 705.076 14444.3 0.991214
506000000 7120.37 724.075 14401.5 0.990395
506100000 7120.31 721.074 14408.1 0.990479
506200000 7120.35 719.852 14411 0.990425
506300000 7120.35 703.956 14446.8 0.99116
506400000 7120.35 716.163 14419.3 0.990861
506500000 7120.36 717.203 14417 0.990335
506600000 7120.37 711.139 14430.6 0.991074
506700000 7120.35 705.658 14442.9 0.991347
506800000 7120.32 739.213 14367.3 0.989584
506900000 7120.36 724.739 14400 0.990343
507000000 7120.35 711.957 14428.7 0.990957
507100000 7120.33 725.25 14398.8 0.990412
507200000 7120.36 708.034 14437.6 0.990984
507300000 7120.34 727.023 14394.8 0.990171
507400000 7120.38 728.482 14391.6 0.990227
507500000 7120.39 718.637 14413.8 0.990363
507600000 7120.39 716.16 14419.4 0.990878
507700000 7120.38 722.199 14405.7 0.990531
507800000 7120.34 718.092 14414.9 0.991012
507900000 7120.34 714.504 14423 0.991019
508000000 7120.32 720.3 14409.9 0.990454
508100000 7120.37 709.937 14433.3 0.991357
508200000 7120.34 727.062 14394.7 0.990232
508300000 7120.35 705.692 14442.8 0.991171
508400000 7120.34 718.641 14413.7 0.990911
508500000 7120.32 712.677 14427.1 0.990869
508600000 7120.36 716.954 14417.5 0.991012
508700000 7120.37 704.969 14444.5 0.991116
508800000 7120.35 737.838 14370.5 0.989994
508900000 7120.34 725.421 14398.4 0.990091
509000000 7120.35 715.749 14420.2 0.991016
509100000 7120.37 709.888 14433.4 0.991466
509200000 7120.34 720.324 14409.9 0.990879
509300000 7120.34 707.194 14439.4 0.991215
509400000 7120.35 716.128 14419.4 0.990782
509500000 7120.35 725.697 14397.8 0.99039
509600000 7120.33 739.484 14366.7 0.989826
509700000 7120.35 715.464 14420.9 0.990789
509800000 7120.34 717.196 14416.9 0.990807
509900000 7120.36 701.786 14451.7 0.991476
510000000 7120.35 712.733 14427 0.991123
510100000 7120.34 694.37 14468.3 0.991882
510200000 7120.38 699.153 14457.6 0.991559
510300000 7120.35 704.283 14446 0.991417
510400000 7120.35 717.69 14415.8 0.990613
510500000 7120.34 725.141 14399.1 0.990336
510600000 7120.38 724.148 14401.4 0.990367
510700000 7120.35 705.736 14442.8 0.991559
510800000 7120.36 705.963 14442.3 0.99126
510900000 7120.36 709.678 14433.9 0.991059
511000000 7120.35 719.895 14410.9 0.990471
511100000 7120.35 705.961 14442.2 0.991248
511200000 7120.36 720.913 14408.6 0.990378
511300000 7120.37 709.253 14434.9 0.991121
511400000 7120.36 708.001 14437.7 0.990953
511500000 7120.33 720.542 14409.4 0.990645
511600000 7120.33 712.5 14427.5 0.991029
511700000 7120.38 725.143 14399.1 0.990738
511800000 7120.36 715.995 14419.7 0.990835
511900000 7120.35 713.333 14425.7 0.991002
512000000 7120.36 724.794 14399.9 0.99054
512100000 7120.36 714.084 14424 0.990918
512200000 7120.32 709.896 14433.3 0.991212
512300000 7120.35 727.081 14394.7 0.990261
512400000 7120.34 720.84 14408.7 0.990614
512500000 7120.32 722.921 14404 0.990578
512600000 7120.39 714.378 14423.4 0.991
512700000 7120.35 717.566 14416.1 0.99086
512800000 7120.34 714.753 14422.4 0.990912
512900000 7120.33 732.736 14381.9 0.990034
513000000 7120.35 722.639 14404.7 0.990565
513100000 7120.32 706.114 14441.8 0.990983
513200000 7120.36 713.285 14425.8 0.990892
513300000 7120.35 720.185 14410.2 0.990533
513400000 7120.34 717.75 14415.7 0.990815
513500000 7120.37 702.016 14451.2 0.991336
513600000 7120.35 714.443 14423.2 0.990836
513700000 7120.37 718.515 14414 0.990803
513800000 7120.33 729.828 14388.5 0.990358
513900000 7120.34 719.707 14411.3 0.990825
514000000 7120.37 723.004 14403.9 0.990502
514100000 7120.35 716.273 14419 0.990544
514200000 7120.36 699.686 14456.4 0.9914
514300000 7120.38 711.846 14429.1 0.991237
514400000 7120.33 712.065 14428.5 0.990658
514500000 7120.38 725.736 14397.8 0.990444
514600000 7120.32 723.262 14403.2 0.990359
514700000 7120.39 730.102 14388 0.990332
514800000 7120.36 713.782 14424.7 0.990897
514900000 7120.36 713.806 14424.6 0.990978
515000000 7120.34 710.071 14433 0.991249
515100000 7120.37 736.538 14373.4 0.990127
515200000 7120.38 720.22 14410.2 0.990616
515300000 7120.34 721.208 14407.9 0.990525
515400000 7120.34 715.567 14420.6 0.990811
515500000 7120.36 720.579 14409.4 0.990814
515600000 7120.34 731.018 14385.8 0.989925
515700000 7120.33 725.21 14398.9 0.99046
515800000 7120.35 723.607 14402.5 0.991491
515900000 7120.34 719.664 14411.4 0.990612
516000000 7120.37 721.15 14408.1 0.990632
516100000 7120.37 723.36 14403.1 0.990571
516200000 7120.37 722.719 14404.6 0.99051
516300000 7120.35 727.647 14393.4 0.990142
516400000 7120.37 711.338 14430.2 0.991146
516500000 7120.35 722.664 14404.6 0.990541
516600000 7120.36 721.733 14406.7 0.990431
516700000 7120.39 707.668 14438.5 0.99133
516800000 7120.36 711.36 14430.1 0.990985
516900000 7120.33 704.28 14446 0.991304
517000000 7120.33 720.175 14410.2 0.990615
517100000 7120.37 708.985 14435.5 0.990951
517200000 7120.36 735.366 14376.1 0.990155
517300000 7120.37 712.57 14427.4 0.991014
517400000 7120.35 697.261 14461.8 0.991635
517500000 7120.35 707.839 14438 0.991334
517600000 7120.34 716.78 14417.9 0.99081
517700000 7120.34 732.507 14382.5 0.98994
517800000 7120.37 717.911 14415.4 0.990738
517900000 7120.37 736.959 14372.5 0.990036
518000000 7120.34 709.347 14434.6 0.991058
518100000 7120.38 731.518 14384.8 0.990393
518200000 7120.36 704.813 14444.9 0.991242
518300000 7120.33 716.534 14418.4 0.990995
518400000 7120.34 721.564 14407.1 0.990549
518500000 7120.37 731.334 14385.2 0.9902
518600000 7120.37 716.627 14418.3 0.990989
518700000 7120.37 724.395 14400.8 0.990572
518800000 7120.37 712.566 14427.4 0.990939
518900000 7120.35 708.938 14435.5 0.991184
519000000 7120.4 713.062 14426.4 0.990652
519100000 7120.36 711.689 14429.4 0.991188
519200000 7120.35 714.4 14423.3 0.991011
519300000 7120.37 739.712 14366.3 0.989834
519400000 7120.35 707.713 14438.3 0.991169
519500000 7120.34 739.816 14366 0.989462
519600000 7120.36 705.706 14442.8 0.99118
519700000 7120.34 719.058 14412.7 0.990535
519800000 7120.34 719.227 14412.3 0.990303
519900000 7120.37 696.55 14463.5 0.991575
520000000 7120.36 712.12 14428.4 0.990808
520100000 7120.37 702.379 14450.4 0.991471
520200000 7120.38 733.214 14381 0.989913
520300000 7120.36 709.11 14435.2 0.991106
520400000 7120.35 733.214 14380.9 0.989921
520500000 7120.35 713.849 14424.5 0.990723
520600000 7120.33 732.361 14382.8 0.989901
520700000 7120.35 710.112 14432.9 0.991082
520800000 7120.34 742.392 14360.2 0.98986
520900000 7120.33 720.39 14409.7 0.990517
521000000 7120.35 712.193 14428.2 0.991051
521100000 7120.32 708.513 14436.4 0.991061
521200000 7120.33 736.894 14372.5 0.989529
521300000 7120.39 709.879 14433.5 0.990988
521400000 7120.35 713.619 14425 0.990789
521500000 7120.38 736.027 14374.6 0.99028
521600000 7120.38 708.701 14436.2 0.991324
521700000 7120.33 711.404 14429.9 0.991237
521800000 7120.34 697.992 14460.2 0.991511
521900000 7120.33 737.621 14370.9 0.98969
522000000 7120.37 708.551 14436.5 0.991155
522100000 7120.34 716.679 14418.1 0.990623
522200000 7120.36 717.363 14416.6 0.990804
522300000 7120.32 709.905 14433.3 0.990916
522400000 7120.36 713.994 14424.2 0.99064
522500000 7120.36 717.421 14416.5 0.990856
522600000 7120.37 717.257 14416.9 0.990719
522700000 7120.32 707.719 14438.2 0.991127
522800000 7120.34 703.605 14447.5 0.991255
522900000 7120.35 713.046 14426.3 0.990735
523000000 7120.36 716.963 14417.5 0.9908
523100000 7120.36 716.731 14418 0.990686
523200000 7120.35 706.988 14439.9 0.991314
523300000 7120.35 728.431 14391.7 0.99031
523400000 7120.34 715.966 14419.7 0.991056
523500000 7120.33 709.397 14434.5 0.991243
523600000 7120.34 726.7 14395.5 0.990084
523700000 7120.38 712.319 14428 0.990758
523800000 7120.36 705.483 14443.3 0.991246
523900000 7120.33 710.285 14432.5 0.99128
524000000 7120.36 711.038 14430.8 0.991227
524100000 7120.37 693.798 14469.7 0.991755
524200000 7120.36 709.381 14434.6 0.991026
524300000 7120.35 699.184 14457.5 0.991314
524400000 7120.38 712.015 14428.7 0.990972
524500000 7120.36 722.15 14405.8 0.990468
524600000 7120.35 709.183 14435 0.990795
524700000 7120.34 721.828 14406.5 0.990521
524800000 7120.34 741.337 14362.6 0.989861
524900000 7120.36 720.741 14409 0.990628
525000000 7120.37 701.401 14452.6 0.991569
525100000 7120.32 726.752 14395.4 0.99023
525200000 7120.36 718.929 14413.1 0.991062
525300000 7120.35 716.601 14418.3 0.990754
525400000 7120.32 719.166 14412.4 0.990545
525500000 7120.35 706.18 14441.8 0.991306
525600000 7120.37 713.326 14425.7 0.991071
525700000 7120.36 720.119 14410.4 0.990633
525800000 7120.36 707.237 14439.4 0.991079
525900000 7120.34 708.542 14436.4 0.991091
526000000 7120.33 727.315 14394.1 0.990482
526100000 7120.35 699.135 14457.6 0.991364
526200000 7120.35 699.496 14456.8 0.991499
526300000 7120.33 716.45 14418.6 0.990917
526400000 7120.36 715.103 14421.7 0.990851
526500000 7120.35 709.197 14435 0.990944
526600000 7120.34 721.659 14406.9 0.99071
526700000 7120.37 727.841 14393 0.990068
526800000 7120.31 713.414 14425.4 0.990987
526900000 7120.36 695.136 14466.6 0.991495
527000000 7120.34 729.701 14388.8 0.990349
527100000 7120.29 731.124 14385.5 0.990127
527200000 7120.34 708.788 14435.9 0.991266
527300000 7120.33 737.325 14371.6 0.990109
527400000 7120.37 700.45 14454.7 0.991243
527500000 7120.37 713.611 14425.1 0.990933
527600000 7120.37 705.445 14443.5 0.991122
527700000 7120.36 721.232 14407.9 0.990554
527800000 7120.33 717.544 14416.1 0.990605
527900000 7120.38 723.575 14402.7 0.990894
528000000 7120.37 712.617 14427.3 0.991135
528100000 7120.37 712.27 14428.1 0.990853
528200000 7120.37 696.136 14464.4 0.991768
528300000 7120.37 708.39 14436.8 0.991246
528400000 7120.32 711.742 14429.2 0.991053
528500000 7120.36 719.291 14412.3 0.990618
528600000 7120.34 723.653 14402.4 0.990221
528700000 7120.36 730.872 14386.2 0.9902
528800000 7120.35 715.314 14421.2 0.990668
528900000 7120.37 718.33 14414.4 0.99038
529000000 7120.35 728.895 14390.6 0.990004
529100000 7120.36 707.222 14439.4 0.991253
529200000 7120.37 715.812 14420.1 0.990966
529300000 7120.34 736.912 14372.5 0.989737
529400000 7120.37 702.51 14450.1 0.991609
529500000 7120.32 735.38 14375.9 0.990171
529600000 7120.34 717.794 14415.6 0.990275
529700000 7120.35 723.168 14403.5 0.990745
529800000 7120.37 700.156 14455.4 0.991806
529900000 7120.34 719.511 14411.7 0.990744
530000000 7120.35 714.067 14424 0.990672
530100000 7120.35 707.466 14438.9 0.991235
530200000 7120.36 710.819 14431.3 0.991184
530300000 7120.38 700.389 14454.9 0.991511
530400000 7120.35 714.164 14423.8 0.99072
530500000 7120.37 712.005 14428.7 0.990973
530600000 7120.35 723.929 14401.8 0.99056
530700000 7120.34 702.373 14450.3 0.991484
530800000 7120.36 726.963 14395 0.990238
530900000 7120.36 709.023 14435.4 0.990811
531000000 7120.35 707.858 14438 0.991426
531100000 7120.36 715.527 14420.7 0.990451
531200000 7120.37 719.326 14412.2 0.990709
531300000 7120.37 727.083 14394.7 0.990087
531400000 7120.32 723.655 14402.3 0.990287
531500000 7120.39 711.176 14430.6 0.990924
531600000 7120.34 706.838 14440.2 0.99121
531700000 7120.34 714.836 14422.2 0.990822
531800000 7120.33 718.151 14414.7 0.990723
531900000 7120.33 718.523 14413.9 0.99082
532000000 7120.36 716.781 14417.9 0.990818
532100000 7120.34 717.996 14415.1 0.990652
532200000 7120.38 713.332 14425.7 0.991019
532300000 7120.35 722.046 14406 0.99051
532400000 7120.34 724.178 14401.2 0.990286
532500000 7120.35 708.535 14436.4 0.991002
532600000 7120.33 724.615 14400.2 0.990716
532700000 7120.35 697.266 14461.8 0.991538
532800000 7120.33 703.651 14447.4 0.991264
532900000 7120.35 704.702 14445.1 0.991194
533000000 7120.35 713.05 14426.3 0.990876
533100000 7120.39 731.901 14383.9 0.990025
533200000 7120.33 724.912 14399.5 0.990454
533300000 7120.32 706.873 14440.1 0.99095
533400000 7120.33 717.887 14415.4 0.990674
533500000 7120.32 722.435 14405.1 0.990618
533600000 7120.39 704.334 14446 0.991289
533700000 7120.34 709.609 14434 0.991142
533800000 7120.33 719.349 14412.1 0.990553
533900000 7120.35 710.501 14432 0.990816
534000000 7120.36 704.3 14446 0.991391
534100000 7120.37 722.758 14404.5 0.990624
534200000 7120.35 742.89 14359.1 0.989674
534300000 7120.37 725.361 14398.6 0.990353
534400000 7120.34 724.701 14400 0.990358
534500000 7120.35 711.675 14429.4 0.990997
534600000 7120.34 725.82 14397.5 0.990674
534700000 7120.36 720.52 14409.5 0.990562
534800000 7120.36 726.965 14395 0.990375
534900000 7120.34 715.938 14419.8 0.990888
535000000 7120.37 710.668 14431.7 0.99112
535100000 7120.34 707.913 14437.8 0.990942
535200000 7120.35 707.101 14439.7 0.990987
535300000 7120.34 715.173 14421.5 0.990912
535400000 7120.36 709.295 14434.8 0.991199
535500000 7120.35 704.412 14445.7 0.991401
535600000 7120.36 712.759 14427 0.990792
535700000 7120.37 712.587 14427.4 0.9912
535800000 7120.32 702.625 14449.7 0.991224
535900000 7120.34 724.555 14400.4 0.990352
536000000 7120.33 733.787 14379.6 0.98998
536100000 7120.34 706.471 14441.1 0.991223
536200000 7120.34 714.629 14422.7 0.990837
536300000 7120.36 707.595 14438.6 0.991323
536400000 7120.34 717.76 14415.7 0.990556
536500000 7120.35 714.949 14422 0.990763
536600000 7120.37 731.141 14385.6 0.990134
536700000 7120.35 723.906 14401.8 0.990389
536800000 7120.35 710.059 14433 0.991058
536900000 7120.35 725.435 14398.4 0.990539
537000000 7120.36 720.547 14409.4 0.99089
537100000 7120.36 711.515 14429.8 0.991286
537200000 7120.34 703.264 14448.3 0.991281
537300000 7120.39 716.007 14419.7 0.990799
537400000 7120.39 693.3 14470.8 0.99167
537500000 7120.35 727.958 14392.7 0.990288
537600000 7120.35 718.27 14414.5 0.990359
537700000 7120.38 704.696 14445.2 0.991481
537800000 7120.35 712.543 14427.4 0.990923
537900000 7120.36 709.448 14434.4 0.991166
538000000 7120.36 722.415 14405.2 0.99067
538100000 7120.35 719.897 14410.9 0.990653
538200000 7120.36 707.072 14439.8 0.991406
538300000 7120.36 705.732 14442.8 0.99119
538400000 7120.34 714.056 14424 0.990734
538500000 7120.38 718.558 14414 0.990826
538600000 7120.36 715.714 14420.3 0.99063
538700000 7120.35 732.748 14381.9 0.990082
538800000 7120.36 712.908 14426.6 0.991068
538900000 7120.35 724.613 14400.2 0.990617
539000000 7120.34 711.909 14428.8 0.990602
539100000 7120.35 735.77 14375.1 0.990198
539200000 7120.33 718.978 14412.9 0.990397
539300000 7120.32 714.623 14422.7 0.990737
539400000 7120.34 711.506 14429.7 0.990745
539500000 7120.37 715.588 14420.6 0.990636
539600000 7120.36 717.622 14416 0.990965
539700000 7120.33 727.002 14394.8 0.990338
539800000 7120.34 707.475 14438.8 0.991139
539900000 7120.37 718.176 14414.8 0.990771
540000000 7120.35 708.666 14436.2 0.991059
540100000 7120.37 704.235 14446.2 0.991304
540200000 7120.36 725.104 14399.2 0.990377
540300000 7120.34 714.138 14423.8 0.990885
540400000 7120.35 714.704 14422.6 0.990722
540500000 7120.35 734.549 14377.9 0.989987
540600000 7120.35 705.983 14442.2 0.991383
540700000 7120.3 730.156 14387.7 0.990082
540800000 7120.36 717.23 14416.9 0.990699
540900000 7120.35 699.913 14455.9 0.991284
541000000 7120.34 706.463 14441.1 0.991177
541100000 7120.36 717.41 14416.5 0.990733
541200000 7120.35 727.95 14392.7 0.990386
541300000 7120.37 736.411 14373.7 0.989607
541400000 7120.38 713.175 14426.1 0.990795
541500000 7120.34 720.493 14409.5 0.990449
541600000 7120.36 726.296 14396.5 0.990355
541700000 7120.37 707.158 14439.6 0.990889
541800000 7120.33 712.79 14426.8 0.990964
541900000 7120.34 712.906 14426.6 0.991082
542000000 7120.35 726.329 14396.4 0.990489
542100000 7120.32 718.064 14414.9 0.990701
542200000 7120.34 717.21 14416.9 0.99105
542300000 7120.37 721.88 14406.5 0.990732
542400000 7120.38 715.775 14420.2 0.991011
